<?xml version="1.0" encoding="utf-8"?>
<COLLADA xmlns="http://www.collada.org/2005/11/COLLADASchema" version="1.4.1">
<asset>
	<created>12/16/2025 15:01:23</created>
	<modified>12/16/2025 15:01:23</modified>
	<unit name="LDU" meter="0.04" />
	<up_axis>Y_UP</up_axis>
</asset>
<library_cameras>
	<camera id="camera_id_main">
		<optics><technique_common>
			<perspective>
				<aspect_ratio> 1.333333 </aspect_ratio>
				<xfov>19.91216</xfov>
				<znear>20</znear>
				<zfar>50000</zfar>
			</perspective>
		</technique_common></optics>
		<extra><technique profile = "eyesight">
			<resolution_x type="int">1024</resolution_x>
			<resolution_y type="int">768</resolution_y>
		</technique></extra>
	</camera>
</library_cameras>
<library_lights>
	<light id="light_id_0">
		<technique_common>
			<directional><color> 1 1 1 </color></directional>
		</technique_common>
		<extra><technique profile="eyesight">
			<size> 0.8 </size>
			<intensity> 2 </intensity>
		</technique></extra>
	</light>
	<light id="light_id_1">
		<technique_common>
			<ambient><color> 1 1 1 </color></ambient>
		</technique_common>
		<extra><technique profile="eyesight">
			<size> 1 </size>
			<intensity> 0.2 </intensity>
		</technique></extra>
	</light>
</library_lights>
<library_images>
</library_images>
<library_effects>
	<effect id ="effect_id_9-fx">
	<profile_COMMON>
		<technique sid="common">
			<phong>
				<emission><color sid="emission"> 0 0 0 1</color></emission>
				<ambient><color sid="ambient"> 0 0 0 1</color></ambient>
				<diffuse><color sid="diffuse"> 0.6039216 0.627451 0.6117647 1 </color></diffuse>
				<specular><color sid="specular"> 0.5 0.5 0.5 1 </color></specular>
				<shininess><float sid="shininess"> 16 </float></shininess>
				<reflective><color sid="reflective"> 0 0 0 1</color></reflective>
				<transparent><color sid="transparent"> 0 0 0 1</color></transparent>
				<transparency><float sid="transparency"> 1 </float></transparency>
				<index_of_refraction><float sid="index_of_refraction"> 0 </float></index_of_refraction>
			</phong>
		</technique>
	</profile_COMMON>
	</effect>
	<effect id ="effect_id_68-fx">
	<profile_COMMON>
		<technique sid="common">
			<phong>
				<emission><color sid="emission"> 0 0 0 1</color></emission>
				<ambient><color sid="ambient"> 0 0 0 1</color></ambient>
				<diffuse><color sid="diffuse"> 0.6588235 0.3294118 0 1 </color></diffuse>
				<specular><color sid="specular"> 0.5 0.5 0.5 1 </color></specular>
				<shininess><float sid="shininess"> 16 </float></shininess>
				<reflective><color sid="reflective"> 0 0 0 1</color></reflective>
				<transparent><color sid="transparent"> 0 0 0 1</color></transparent>
				<transparency><float sid="transparency"> 1 </float></transparency>
				<index_of_refraction><float sid="index_of_refraction"> 0 </float></index_of_refraction>
			</phong>
		</technique>
	</profile_COMMON>
	</effect>
</library_effects>
<library_materials>
	<material id="material_id_9" name="SOLID-LIGHT_GRAY">
		<instance_effect url="#effect_id_9-fx" />
		<extra>
			<technique profile="eyesight">
			</technique>
		</extra>
	</material>
	<material id="material_id_9-logo" name="SOLID-LIGHT_GRAY">
		<instance_effect url="#effect_id_9-fx" />
		<extra>
			<technique profile="eyesight">
				<RoundingEdgeNormal:enable> false </RoundingEdgeNormal:enable>
			</technique>
		</extra>
	</material>
	<material id="material_id_9-Slope" name="SOLID-LIGHT_GRAY">
		<instance_effect url="#effect_id_9-fx" />
		<extra>
			<technique profile="eyesight">
				<RoughSurface:Scale> 200 </RoughSurface:Scale>
			</technique>
		</extra>
	</material>
	<material id="material_id_68" name="SOLID-DARK_ORANGE">
		<instance_effect url="#effect_id_68-fx" />
		<extra>
			<technique profile="eyesight">
			</technique>
		</extra>
	</material>
	<material id="material_id_68-logo" name="SOLID-DARK_ORANGE">
		<instance_effect url="#effect_id_68-fx" />
		<extra>
			<technique profile="eyesight">
				<RoundingEdgeNormal:enable> false </RoundingEdgeNormal:enable>
			</technique>
		</extra>
	</material>
</library_materials>
<library_geometries>
<geometry id="logo-lego"><mesh><source id="logo-lego-pos" name="logo-lego-pos"><float_array id="logo-lego-pos-array" count="9507">-2.2 0.1 -3.8 -2.2 0.1 -3.8 -2.2 0.1 -3.8 -2.2 0.609 -3.8 -2.2 0.826 -3.8 -2.2 1.2 -3.8 -2.2 1.2 -3.8 -2.2 1.2 -3.8 -2.2 3.3 -3.8 -2.2 3.3 -3.8 -2.19785 0.1 -3.8261 -2.19785 0.1 -3.8261 -2.19785 1.2 -3.8261 -2.19785 1.2 -3.8261 -2.19785 3.3 -3.8261 -2.198 0.067 -3.8 -2.19785 0.067375 -3.8 -2.19785 1.232625 -3.8 -2.198 1.233 -3.8 -2.198 3.267 -3.8 -2.19785 3.267375 -3.8 -2.19785 3.332625 -3.8 -2.198 3.333 -3.8 -2.19525 0.065725 -3.82742 -2.19525 1.234275 -3.82742 -2.19525 3.265725 -3.82742 -2.19525 3.334275 -3.82742 -2.196 3.343 -3.8 -2.191475 0.1 -3.85176 -2.191475 0.1 -3.85176 -2.191475 1.2 -3.85176 -2.191475 1.2 -3.85176 -2.191475 3.3 -3.85176 -2.192 0.036 -3.8 -2.191475 0.0353 -3.8 -2.191475 1.2647 -3.8 -2.192 1.265 -3.8 -2.192 3.235 -3.8 -2.191475 3.2353 -3.8 -2.192 3.365 -3.8 -2.191475 3.3647 -3.8 -2.189 3.371 -3.8 -2.1878 0.064175 -3.85464 -2.1878 1.235825 -3.85464 -2.1878 3.264175 -3.85464 -2.1878 3.335825 -3.85464 -2.1878 0.0317 -3.82866 -2.1878 1.2683 -3.82866 -2.1878 3.2317 -3.82866 -2.1878 3.3683 -3.82866 -2.185 -3.491 -3.8 -2.184894 -3.491531 -3.8 -2.184894 -1.091531 -3.8 -2.185 -1.091 -3.8 -2.180975 0.1 -3.87654 -2.180975 0.1 -3.87654 -2.180975 1.2 -3.87654 -2.180975 1.2 -3.87654 -2.180975 3.3 -3.87654 -2.181 0.004 -3.8 -2.180975 0.004325002 -3.8 -2.180975 1.295675 -3.8 -2.181 1.295 -3.8 -2.180975 3.204325 -3.8 -2.181 3.204 -3.8 -2.180975 3.395675 -3.8 -2.181 3.396 -3.8 -2.178625 0.028475 -3.85722 -2.178625 1.271525 -3.85722 -2.178625 3.228475 -3.85722 -2.178625 3.371525 -3.85722 -2.1755 0.06290001 -3.88108 -2.1755 1.2371 -3.88108 -2.1755 3.2629 -3.88108 -2.1755 3.3371 -3.88108 -2.1755 -0.001350001 -3.82968 -2.1755 1.30135 -3.82968 -2.1755 3.19865 -3.82968 -2.1755 3.40135 -3.82968 -2.1665 0.1 -3.9 -2.1665 0.1 -3.9 -2.1665 1.2 -3.9 -2.1665 1.2 -3.9 -2.1665 3.3 -3.9 -2.167 -3.768 -3.8 -2.167 -0.025 -3.8 -2.1665 -0.025 -3.8 -2.167 3.175 -3.8 -2.165998 -3.493995 -3.87656 -2.165998 -1.093995 -3.87656 -2.1665 1.325 -3.8 -2.166 1.325 -3.8 -2.1665 3.175 -3.8 -2.1665 3.425 -3.8 -2.167 3.425 -3.8 -2.163825 0.0259 -3.885 -2.163825 1.2741 -3.885 -2.163825 3.2259 -3.885 -2.163825 3.3741 -3.885 -2.163825 -0.006250001 -3.85928 -2.163825 1.30625 -3.85928 -2.163825 3.19375 -3.85928 -2.163825 3.40625 -3.85928 -2.161 -1.464 -3.8 -2.15845 0.061975 -3.90616 -2.15845 1.238025 -3.90616 -2.15845 3.261975 -3.90616 -2.15845 3.338025 -3.90616 -2.15845 -0.03269999 -3.83042 -2.15845 1.3327 -3.83042 -2.15845 3.1673 -3.83042 -2.15845 3.4327 -3.83042 -2.159 -3.881 -3.8 -2.159309 -3.88066 -3.8 -2.159309 -1.48066 -3.8 -2.159 -1.481 -3.8 -2.14835 0.1 -3.92176 -2.14835 0.1 -3.92176 -2.14835 1.2 -3.92176 -2.14835 1.2 -3.92176 -2.14835 3.3 -3.92176 -2.149 -0.052 -3.8 -2.14835 -0.0522 -3.8 -2.14835 1.3522 -3.8 -2.148 1.352 -3.8 -2.148 3.148 -3.8 -2.14835 3.1478 -3.8 -2.14835 3.4522 -3.8 -2.148 3.452 -3.8 -2.1459 -0.009824999 -3.88786 -2.1459 1.309825 -3.88786 -2.1459 3.190175 -3.88786 -2.1459 3.409825 -3.88786 -2.143575 0.02425 -3.91112 -2.143575 1.27575 -3.91112 -2.143575 3.22425 -3.91112 -2.143575 3.37575 -3.91112 -2.143575 -0.0389 -3.8606 -2.143575 1.3389 -3.8606 -2.143575 3.1611 -3.8606 -2.143575 3.4389 -3.8606 -2.140992 -3.875752 -3.87656 -2.140992 -1.475752 -3.87656 -2.13695 0.0615 -3.92918 -2.13695 1.2385 -3.92918 -2.13695 3.2615 -3.92918 -2.13695 3.3385 -3.92918 -2.13695 -0.061475 -3.8308 -2.13695 1.361475 -3.8308 -2.13695 3.138525 -3.8308 -2.13695 3.461475 -3.8308 -2.126775 0.1 -3.94142 -2.126775 0.1 -3.94142 -2.126775 1.2 -3.94142 -2.126775 1.2 -3.94142 -2.126775 3.3 -3.94142 -2.126775 -0.07677499 -3.8 -2.127 1.377 -3.8 -2.126775 1.376775 -3.8 -2.127 3.123 -3.8 -2.126 -0.077 -3.8 -2.126775 3.123225 -3.8 -2.127 3.477 -3.8 -2.126775 3.476775 -3.8 -2.122 -0.011725 -3.91434 -2.122 1.311725 -3.91434 -2.122 3.188275 -3.91434 -2.122 3.411725 -3.91434 -2.122 -0.04292499 -3.88938 -2.122 1.342925 -3.88938 -2.122 3.157075 -3.88938 -2.122 3.442925 -3.88938 -2.11835 0.0237 -3.93468 -2.11835 1.2763 -3.93468 -2.11835 3.2237 -3.93468 -2.11835 3.3763 -3.93468 -2.11835 -0.06834999 -3.86104 -2.11835 1.36835 -3.86104 -2.11835 3.13165 -3.86104 -2.11835 3.46835 -3.86104 -2.116 -1.569 -3.8 -2.111475 0.0615 -3.94956 -2.111475 1.2385 -3.94956 -2.111475 3.2615 -3.94956 -2.111475 3.3385 -3.94956 -2.112333 -3.50111 -3.94142 -2.112333 -1.10111 -3.94142 -2.111475 -0.08695 -3.8308 -2.111475 1.38695 -3.8308 -2.111475 3.11305 -3.8308 -2.111475 3.48695 -3.8308 -2.105 -3.257 -3.8 -2.105 -0.857 -3.8 -2.1022 0.1 -3.95868 -2.1022 0.1 -3.95868 -2.1022 1.2 -3.95868 -2.1022 1.2 -3.95868 -2.1022 3.3 -3.95868 -2.103 -0.098 -3.8 -2.1022 -0.09835 -3.8 -2.102 1.398 -3.8 -2.1022 1.39835 -3.8 -2.1022 3.10165 -3.8 -2.102 3.102 -3.8 -2.1022 3.49835 -3.8 -2.101 3.101 -3.8 -2.102 3.498 -3.8 -2.09435 -0.04435001 -3.91548 -2.09435 1.34435 -3.91548 -2.09435 3.15565 -3.91548 -2.09435 3.44435 -3.91548 -2.092925 -0.011725 -3.9376 -2.092925 1.311725 -3.9376 -2.092925 3.188275 -3.9376 -2.092925 3.411725 -3.9376 -2.092925 -0.072 -3.88938 -2.092925 1.372 -3.88938 -2.092925 3.128 -3.88938 -2.092925 3.472 -3.88938 -2.0889 0.02425 -3.95486 -2.0889 1.27575 -3.95486 -2.0889 3.22425 -3.95486 -2.0889 3.37575 -3.95486 -2.088647 -3.861726 -3.94142 -2.088647 -1.461726 -3.94142 -2.0889 -0.09357499 -3.8606 -2.0889 1.393575 -3.8606 -2.0889 3.106425 -3.8606 -2.0889 3.493575 -3.8606 -2.0827 0.061975 -3.96676 -2.0827 1.238025 -3.96676 -2.0827 3.261975 -3.96676 -2.0827 3.338025 -3.96676 -2.0827 -0.10845 -3.83042 -2.0827 1.40845 -3.83042 -2.0827 3.09155 -3.83042 -2.0827 3.50845 -3.83042 -2.075 0.1 -3.9732 -2.075 0.1 -3.9732 -2.075 1.2 -3.9732 -2.075 1.2 -3.9732 -2.075 3.3 -3.9732 -2.075 -0.1165 -3.8 -2.075 -0.117 -3.8 -2.075 1.417 -3.8 -2.075 1.4165 -3.8 -2.076 3.084 -3.8 -2.075 3.0835 -3.8 -2.075 3.517 -3.8 -2.075 3.5165 -3.8 -2.064 -4.075 -3.8 -2.061725 -0.04292499 -3.9376 -2.061725 1.342925 -3.9376 -2.061725 3.157075 -3.9376 -2.061725 3.442925 -3.9376 -2.061725 -0.072 -3.91434 -2.061725 1.372 -3.91434 -2.061725 3.128 -3.91434 -2.061725 3.472 -3.91434 -2.059825 -0.009824999 -3.95672 -2.059825 1.309825 -3.95672 -2.059825 3.190175 -3.95672 -2.059825 3.409825 -3.95672 -2.059825 -0.09589999 -3.88786 -2.059825 1.3959 -3.88786 -2.059825 3.1041 -3.88786 -2.059825 3.4959 -3.88786 -2.05949 -3.122316 -3.8 -2.06 -3.122 -3.8 -2.05949 -0.722316 -3.8 -2.06 -0.722 -3.8 -2.05625 0.0259 -3.97106 -2.05625 1.2741 -3.97106 -2.05625 3.2259 -3.97106 -2.05625 3.3741 -3.97106 -2.05625 -0.113825 -3.85928 -2.05625 1.413825 -3.85928 -2.05625 3.086175 -3.85928 -2.05625 3.513825 -3.85928 -2.05135 0.06290001 -3.9804 -2.05135 1.2371 -3.9804 -2.05135 3.2629 -3.9804 -2.05135 3.3371 -3.9804 -2.05135 -0.1255 -3.82968 -2.05135 1.4255 -3.82968 -2.05135 3.0745 -3.82968 -2.05135 3.5255 -3.82968 -2.045675 0.1 -3.98478 -2.045675 0.1 -3.98478 -2.045675 1.2 -3.98478 -2.045675 1.2 -3.98478 -2.045675 3.3 -3.98478 -2.046 -0.131 -3.8 -2.045675 -0.130975 -3.8 -2.046 1.431 -3.8 -2.045675 1.430975 -3.8 -2.045675 3.069025 -3.8 -2.045 3.069 -3.8 -2.046 3.531 -3.8 -2.045675 3.530975 -3.8 -2.043058 -3.131803 -3.87656 -2.043058 -0.7318031 -3.87656 -2.031974 -3.511703 -3.9848 -2.031974 -1.111703 -3.9848 -2.02575 -0.0389 -3.95486 -2.02575 1.3389 -3.95486 -2.02575 3.1611 -3.95486 -2.02575 3.4389 -3.95486 -2.0263 -0.06834999 -3.93468 -2.0263 1.36835 -3.93468 -2.0263 3.13165 -3.93468 -2.0263 3.46835 -3.93468 -2.02575 -0.09357499 -3.91112 -2.02575 1.393575 -3.91112 -2.02575 3.106425 -3.91112 -2.02575 3.493575 -3.91112 -2.0241 -0.006250001 -3.97106 -2.0241 1.30625 -3.97106 -2.0241 3.19375 -3.97106 -2.0241 3.40625 -3.97106 -2.0241 -0.113825 -3.885 -2.0241 1.413825 -3.885 -2.0241 3.086175 -3.885 -2.0241 3.513825 -3.885 -2.021525 0.028475 -3.9829 -2.021525 1.271525 -3.9829 -2.021525 3.228475 -3.9829 -2.021525 3.371525 -3.9829 -2.021525 -0.128625 -3.85722 -2.021525 1.428625 -3.85722 -2.021525 3.071375 -3.85722 -2.021525 3.528625 -3.85722 -2.0183 0.064175 -3.99024 -2.0183 1.235825 -3.99024 -2.0183 3.264175 -3.99024 -2.0183 3.335825 -3.99024 -2.0183 -0.1378 -3.82866 -2.0183 1.4378 -3.82866 -2.0183 3.0622 -3.82866 -2.0183 3.5378 -3.82866 -2.0147 0.1 -3.99318 -2.0147 0.1 -3.99318 -2.0147 1.2 -3.99318 -2.0147 1.2 -3.99318 -2.0147 3.3 -3.99318 -2.015 -0.141 -3.8 -2.0147 -0.141475 -3.8 -2.015 1.442 -3.8 -2.0147 1.441475 -3.8 -2.015 3.059 -3.8 -2.0147 3.058525 -3.8 -2.015 3.542 -3.8 -2.0147 3.541475 -3.8 -2.010382 -3.840754 -3.9848 -2.010382 -1.440754 -3.9848 -2.011 -1.781 -3.8 -2.004 -0.768 -3.8 -1.996148 -3.158886 -3.94142 -1.996148 -0.758886 -3.94142 -1.9871 -0.001350001 -3.9804 -1.9871 1.30135 -3.9804 -1.9871 3.19865 -3.9804 -1.9871 3.40135 -3.9804 -1.988025 -0.03269999 -3.96676 -1.988025 1.3327 -3.96676 -1.988025 3.1673 -3.96676 -1.988025 3.4327 -3.96676 -1.9885 -0.061475 -3.94956 -1.9885 1.361475 -3.94956 -1.9885 3.138525 -3.94956 -1.9885 3.461475 -3.94956 -1.9885 -0.08695 -3.92918 -1.9885 1.38695 -3.92918 -1.9885 3.11305 -3.92918 -1.9885 3.48695 -3.92918 -1.988025 -0.10845 -3.90616 -1.988025 1.40845 -3.90616 -1.988025 3.09155 -3.90616 -1.988025 3.50845 -3.90616 -1.9871 -0.1255 -3.88108 -1.9871 1.4255 -3.88108 -1.9871 3.0745 -3.88108 -1.9871 3.5255 -3.88108 -1.986897 -4.230446 -3.8 -1.987 -4.23 -3.8 -1.987 -1.83 -3.8 -1.986897 -1.830446 -3.8 -1.985825 0.0317 -3.99024 -1.985825 1.2683 -3.99024 -1.985825 3.2317 -3.99024 -1.985825 3.3683 -3.99024 -1.985825 -0.1378 -3.85464 -1.985825 1.4378 -3.85464 -1.985825 3.0622 -3.85464 -1.985825 3.5378 -3.85464 -1.984275 0.065725 -3.9962 -1.984275 1.234275 -3.9962 -1.984275 3.265725 -3.9962 -1.984275 3.334275 -3.9962 -1.984275 -0.14525 -3.82742 -1.984275 1.44525 -3.82742 -1.984275 3.05475 -3.82742 -1.984275 3.54525 -3.82742 -1.982625 0.1 -3.99828 -1.982625 0.1 -3.99828 -1.982625 1.2 -3.99828 -1.982625 1.2 -3.99828 -1.982625 3.3 -3.99828 -1.983 -0.148 -3.8 -1.982625 -0.14785 -3.8 -1.983 1.448 -3.8 -1.982625 1.44785 -3.8 -1.983 3.052 -3.8 -1.982625 3.05215 -3.8 -1.983 3.548 -3.8 -1.982625 3.54785 -3.8 -1.971765 -4.218864 -3.87656 -1.971765 -1.818864 -3.87656 -1.971 -0.739 -3.8 -1.959 -0.149 -3.8 -1.954 1.449 -3.8 -1.952 0.949 -3.8 -1.95 0.1 -4 -1.95 0.1 -4 -1.95 1.0155 -4 -1.95 1.2 -4 -1.95 1.2 -4 -1.95 3.3 -4 -1.95 3.3 -4 -1.95 0.067375 -3.99828 -1.95 1.232625 -3.99828 -1.95 1.232625 -3.99828 -1.95 3.267375 -3.99828 -1.95 3.332625 -3.99828 -1.95 3.332625 -3.99828 -1.95 0.0353 -3.99318 -1.95 1.2647 -3.99318 -1.95 1.2647 -3.99318 -1.95 3.2353 -3.99318 -1.95 3.3647 -3.99318 -1.95 3.3647 -3.99318 -1.95 0.004325002 -3.98478 -1.95 1.295675 -3.98478 -1.95 1.295675 -3.98478 -1.95 3.204325 -3.98478 -1.95 3.395675 -3.98478 -1.95 3.395675 -3.98478 -1.95 -0.025 -3.9732 -1.95 1.325 -3.9732 -1.95 1.325 -3.9732 -1.95 3.175 -3.9732 -1.95 3.425 -3.9732 -1.95 3.425 -3.9732 -1.95 -0.0522 -3.95868 -1.95 1.3522 -3.95868 -1.95 1.3522 -3.95868 -1.95 3.1478 -3.95868 -1.95 3.4522 -3.95868 -1.95 3.4522 -3.95868 -1.95 -0.07677499 -3.94142 -1.95 1.376775 -3.94142 -1.95 1.376775 -3.94142 -1.95 3.123225 -3.94142 -1.95 3.476775 -3.94142 -1.95 3.476775 -3.94142 -1.95 -0.09835 -3.92176 -1.95 1.39835 -3.92176 -1.95 1.39835 -3.92176 -1.95 3.10165 -3.92176 -1.95 3.49835 -3.92176 -1.95 3.49835 -3.92176 -1.95 -0.1165 -3.9 -1.95 1.4165 -3.9 -1.95 1.4165 -3.9 -1.95 3.0835 -3.9 -1.95 3.5165 -3.9 -1.95 3.5165 -3.9 -1.95 -0.130975 -3.87654 -1.95 1.430975 -3.87654 -1.95 1.430975 -3.87654 -1.95 3.069025 -3.87654 -1.95 3.530975 -3.87654 -1.95 3.530975 -3.87654 -1.95 -0.141475 -3.85176 -1.95 1.441475 -3.85176 -1.95 1.441475 -3.85176 -1.95 3.058525 -3.85176 -1.95 3.541475 -3.85176 -1.95 3.541475 -3.85176 -1.95 -0.14785 -3.8261 -1.95 1.44785 -3.8261 -1.95 1.44785 -3.8261 -1.95 3.05215 -3.8261 -1.95 3.54785 -3.8261 -1.95 3.54785 -3.8261 -1.951 -1.862 -3.8 -1.95 -0.15 -3.8 -1.95 -0.15 -3.8 -1.95 1.45 -3.8 -1.95 1.45 -3.8 -1.95 3.05 -3.8 -1.95 3.05 -3.8 -1.95 3.55 -3.8 -1.95 3.55 -3.8 -1.949 1.45 -3.8 -1.949 3.55 -3.8 -1.949 3.55 -3.8 -1.949 3.55 -3.8 -1.937147 -3.524162 -3.99998 -1.937147 -1.124162 -3.99998 -1.934 -0.579 -3.8 -1.928848 -4.185869 -3.94142 -1.928848 -1.785869 -3.94142 -1.925921 -3.199431 -3.9848 -1.925921 -0.799431 -3.9848 -1.918 -3.816 -3.99998 -1.918 -1.416 -3.99998 -1.917375 0.1 -3.99828 -1.917375 1.0155 -3.99828 -1.917375 1.175923 -3.99828 -1.917375 1.175923 -3.99828 -1.917375 -0.14785 -3.8 -1.917 -0.148 -3.8 -1.915725 0.065725 -3.9962 -1.915725 -0.14525 -3.82742 -1.914175 0.0317 -3.99024 -1.914175 -0.1378 -3.85464 -1.9129 -0.001350001 -3.9804 -1.911975 -0.03269999 -3.96676 -1.9129 -0.1255 -3.88108 -1.9115 -0.061475 -3.94956 -1.9115 -0.08695 -3.92918 -1.911975 -0.10845 -3.90616 -1.906 -0.547 -3.8 -1.8853 0.1 -3.99318 -1.8853 1.0155 -3.99318 -1.8853 1.152251 -3.99318 -1.8853 1.152251 -3.99318 -1.885 -0.141 -3.8 -1.8853 -0.141475 -3.8 -1.8817 0.064175 -3.99024 -1.8817 -0.1378 -3.82866 -1.882 1.468 -3.8 -1.882 3.568 -3.8 -1.88 -3.339 -3.8 -1.878475 0.028475 -3.9829 -1.878475 -0.128625 -3.85722 -1.8759 -0.006250001 -3.97106 -1.8759 -0.113825 -3.885 -1.87425 -0.0389 -3.95486 -1.8737 -0.06834999 -3.93468 -1.87425 -0.09357499 -3.91112 -1.864552 -4.136515 -3.9848 -1.864552 -1.736515 -3.9848 -1.86 -1.757 -3.8 -1.854325 0.1 -3.98478 -1.854325 1.0155 -3.98478 -1.854325 1.129392 -3.98478 -1.854325 1.129392 -3.98478 -1.854325 -0.130975 -3.8 -1.853 -0.636 -3.8 -1.854 -0.131 -3.8 -1.84865 0.06290001 -3.9804 -1.84865 -0.1255 -3.82968 -1.845 -3.918 -3.8 -1.843118 -3.247237 -3.99998 -1.843118 -0.8472371 -3.99998 -1.84375 0.0259 -3.97106 -1.84375 -0.113825 -3.85928 -1.842321 -3.53662 -3.9848 -1.842321 -1.13662 -3.9848 -1.840175 -0.009824999 -3.95672 -1.840175 -0.09589999 -3.88786 -1.84 -0.624 -3.8 -1.838275 -0.04292499 -3.9376 -1.838275 -0.072 -3.91434 -1.834 1.48 -3.8 -1.834 3.58 -3.8 -1.825618 -3.791246 -3.9848 -1.825618 -1.391246 -3.9848 -1.825 0.1 -3.9732 -1.825 1.0155 -3.9732 -1.825 1.10775 -3.9732 -1.825 1.10775 -3.9732 -1.825 -0.116 -3.8 -1.825 -0.1165 -3.8 -1.8173 0.061975 -3.96676 -1.8173 -0.10845 -3.83042 -1.813 -3.238 -3.8 -1.8111 0.02425 -3.95486 -1.8111 -0.09357499 -3.8606 -1.811 -0.438 -3.8 -1.811 -0.438 -3.8 -1.807075 -0.011725 -3.9376 -1.807075 -0.072 -3.88938 -1.80565 -0.04435001 -3.91548 -1.803 -2.829 -3.8 -1.802446 -2.829103 -3.8 -1.802446 -0.4291027 -3.8 -1.803 -0.429 -3.8 -1.801 -0.428 -3.8 -1.801 -0.428 -3.8 -1.801 -0.428 -3.8 -1.801 -0.428 -3.8 -1.7978 0.1 -3.95868 -1.7978 1.0155 -3.95868 -1.7978 1.087676 -3.95868 -1.7978 1.087676 -3.95868 -1.798 -0.098 -3.8 -1.7978 -0.09835 -3.8 -1.790864 -2.844235 -3.87656 -1.790864 -0.4442348 -3.87656 -1.78866 -4.078311 -3.99998 -1.78866 -1.678311 -3.99998 -1.788525 0.0615 -3.94956 -1.788525 -0.08695 -3.8308 -1.78165 0.0237 -3.93468 -1.78165 -0.06834999 -3.86104 -1.778 -0.011725 -3.91434 -1.778 -0.04292499 -3.88938 -1.773225 0.1 -3.94142 -1.773225 1.0155 -3.94142 -1.773225 1.06954 -3.94142 -1.773225 1.06954 -3.94142 -1.773225 -0.07677499 -3.8 -1.773 -0.077 -3.8 -1.76305 0.0615 -3.92918 -1.76305 -0.061475 -3.8308 -1.761961 -3.547213 -3.94142 -1.761961 -1.147213 -3.94142 -1.760314 -3.295043 -3.9848 -1.760314 -0.895043 -3.9848 -1.757869 -2.887152 -3.94142 -1.757869 -0.4871518 -3.94142 -1.756425 0.02425 -3.91112 -1.756425 -0.0389 -3.8606 -1.7541 -0.009824999 -3.88786 -1.75165 0.1 -3.92176 -1.75165 1.0155 -3.92176 -1.75165 1.053618 -3.92176 -1.75165 1.053618 -3.92176 -1.752 -0.052 -3.8 -1.75165 -0.0522 -3.8 -1.75 -1.203 -3.8 -1.747353 -3.770274 -3.94142 -1.747353 -1.370274 -3.94142 -1.74155 0.061975 -3.90616 -1.74155 -0.03269999 -3.83042 -1.736175 0.0259 -3.885 -1.736175 -0.006250001 -3.85928 -1.7335 0.1 -3.9 -1.7335 1.0155 -3.9 -1.7335 1.040223 -3.9 -1.7335 1.040223 -3.9 -1.7335 -0.025 -3.8 -1.734 -0.025 -3.8 -1.7245 0.06290001 -3.88108 -1.7245 -0.001350001 -3.82968 -1.721375 0.028475 -3.85722 -1.719025 0.1 -3.87654 -1.719025 1.0155 -3.87654 -1.719025 1.02954 -3.87654 -1.719025 1.02954 -3.87654 -1.719 0.004 -3.8 -1.719025 0.004325002 -3.8 -1.712767 -4.020108 -3.9848 -1.712767 -1.620108 -3.9848 -1.7122 0.064175 -3.85464 -1.7122 0.0317 -3.82866 -1.71 -3.821 -3.8 -1.711 -3.231 -3.8 -1.708515 -2.951448 -3.9848 -1.708515 -0.5514478 -3.9848 -1.708297 -3.554328 -3.87656 -1.708297 -1.154328 -3.87656 -1.708525 0.1 -3.85176 -1.708525 1.0155 -3.85176 -1.708525 1.021791 -3.85176 -1.708525 1.021791 -3.85176 -1.709 0.035 -3.8 -1.708525 0.0353 -3.8 -1.708 0.038 -3.8 -1.70475 0.065725 -3.82742 -1.70215 0.1 -3.8261 -1.70215 1.0155 -3.8261 -1.70215 1.017087 -3.8261 -1.70215 1.017087 -3.8261 -1.70215 0.067375 -3.8 -1.702 0.068 -3.8 -1.7 1.2655 -4 -1.7 1.2655 -4 -1.7 1.232875 -3.99828 -1.7 1.232875 -3.99828 -1.7 1.2008 -3.99318 -1.7 1.2008 -3.99318 -1.7 1.169825 -3.98478 -1.7 1.169825 -3.98478 -1.7 1.1405 -3.9732 -1.7 1.1405 -3.9732 -1.7 1.1133 -3.95868 -1.7 1.1133 -3.95868 -1.7 1.088725 -3.94142 -1.7 1.088725 -3.94142 -1.7 1.06715 -3.92176 -1.7 1.06715 -3.92176 -1.7 1.049 -3.9 -1.7 1.049 -3.9 -1.7 1.034525 -3.87654 -1.7 1.034525 -3.87654 -1.7 1.024025 -3.85176 -1.7 1.024025 -3.85176 -1.7 1.01765 -3.8261 -1.7 1.01765 -3.8261 -1.7 0.1 -3.8 -1.7 0.1 -3.8 -1.7 0.364 -3.8 -1.7 0.88 -3.8 -1.7 1.016 -3.8 -1.7 1.0155 -3.8 -1.7 1.0155 -3.8 -1.7 1.0155 -3.8 -1.695008 -3.756248 -3.87656 -1.695008 -1.356248 -3.87656 -1.695 -1.569 -3.8 -1.694 -4.487 -3.8 -1.693684 -4.48749 -3.8 -1.693684 -2.08749 -3.8 -1.694 -2.087 -3.8 -1.690087 -3.335588 -3.94142 -1.690087 -0.935588 -3.94142 -1.69 -3.557 -3.8 -1.689401 -3.556792 -3.8 -1.69 -3.555 -3.8 -1.689401 -1.156792 -3.8 -1.69 -1.157 -3.8 -1.69 -1.144 -3.8 -1.684197 -4.471058 -3.87656 -1.684197 -2.071058 -3.87656 -1.682 -1.136 -3.8 -1.68 -4.492 -3.8 -1.677 -3.751 -3.8 -1.676691 -3.75134 -3.8 -1.677 -1.351 -3.8 -1.676691 -1.35134 -3.8 -1.661 -1.383 -3.8 -1.66 -3.785 -3.8 -1.66 -3.785 -3.8 -1.657114 -4.424149 -3.94142 -1.657114 -2.024148 -3.94142 -1.658 -0.962 -3.8 -1.654 -3.227 -3.8 -1.653 -1.048 -3.8 -1.650311 -3.02734 -3.99998 -1.650311 -0.6273402 -3.99998 -1.648471 -3.970753 -3.94142 -1.648471 -1.570753 -3.94142 -1.643177 -3.362671 -3.87656 -1.643177 -0.962671 -3.87656 -1.628 -1.493 -3.8 -1.626745 -3.372158 -3.8 -1.627 -3.372 -3.8 -1.627 -0.972 -3.8 -1.626745 -0.972158 -3.8 -1.618 1.114 -3.8 -1.616569 -4.353921 -3.9848 -1.616569 -1.953921 -3.9848 -1.614 -1.478 -3.8 -1.614 -1.478 -3.8 -1.605554 -3.937759 -3.87656 -1.605554 -1.537759 -3.87656 -1.605 -0.909 -3.8 -1.597 1.543 -3.8 -1.592108 -3.103233 -3.9848 -1.592108 -0.7032326 -3.9848 -1.590422 -3.926177 -3.8 -1.591 -3.926 -3.8 -1.591 -3.926 -3.8 -1.591 -3.926 -3.8 -1.591 -1.526 -3.8 -1.590422 -1.526177 -3.8 -1.591 -1.526 -3.8 -1.591 -1.526 -3.8 -1.587 1.534 -3.8 -1.583 1.527 -3.8 -1.581 1.469 -3.8 -1.58 1.528 -3.8 -1.57 -3.205 -3.8 -1.568763 -4.271118 -3.99998 -1.568763 -1.871118 -3.99998 -1.542753 -3.167529 -3.94142 -1.542753 -0.7675287 -3.94142 -1.535 -0.838 -3.8 -1.527 1.481 -3.8 -1.520957 -4.188314 -3.9848 -1.520957 -1.788314 -3.9848 -1.509759 -3.210446 -3.87656 -1.509759 -0.8104456 -3.87656 -1.502 -2.152 -3.8 -1.5 -0.826 -3.8 -1.498177 -3.225578 -3.8 -1.498177 -0.8255779 -3.8 -1.486 -4.132 -3.8 -1.480412 -4.118087 -3.94142 -1.480412 -1.718087 -3.94142 -1.46 -3.175 -3.8 -1.453329 -4.071177 -3.87656 -1.453329 -1.671177 -3.87656 -1.453441 -2.659073 -3.8261 -1.453441 -0.2590726 -3.8261 -1.454 -2.657 -3.8 -1.454 -0.257 -3.8 -1.453 -2.657 -3.8 -1.453 -0.257 -3.8 -1.453 -0.257 -3.8 -1.451783 -2.665218 -3.85176 -1.451783 -0.2652181 -3.85176 -1.45266 -2.656691 -3.8 -1.45266 -0.2566908 -3.8 -1.449053 -2.67534 -3.87654 -1.449053 -0.2753401 -3.87654 -1.447752 -2.675008 -3.87656 -1.447752 -0.2750081 -3.87656 -1.44529 -2.689294 -3.9 -1.44529 -0.289294 -3.9 -1.444 -4.055 -3.8 -1.443842 -4.054745 -3.8 -1.444 -1.655 -3.8 -1.443842 -1.654745 -3.8 -1.440571 -2.706791 -3.92176 -1.440571 -0.3067906 -3.92176 -1.434961 -2.727589 -3.94142 -1.434961 -0.3275889 -3.94142 -1.433726 -2.727353 -3.94142 -1.433726 -0.3273532 -3.94142 -1.428572 -2.751279 -3.95868 -1.428572 -0.3512792 -3.95868 -1.4215 -2.7775 -3.9732 -1.4215 -0.3775 -3.9732 -1.419 -2.648 -3.8 -1.413875 -2.805769 -3.98478 -1.413875 -0.4057693 -3.98478 -1.412754 -2.805618 -3.9848 -1.412754 -0.4056177 -3.9848 -1.408 -0.245 -3.8 -1.405822 -2.835629 -3.99318 -1.405822 -0.4356292 -3.99318 -1.397482 -2.86655 -3.99828 -1.397482 -0.4665495 -3.99828 -1.388 -2.898 -3.99998 -1.389 -2.898 -4 -1.389 -0.498 -4 -1.388 -0.498 -3.99998 -1.380517 -2.929451 -3.99828 -1.380517 -0.5294505 -3.99828 -1.372178 -2.960371 -3.99318 -1.372178 -0.5603708 -3.99318 -1.368 -4.598 -3.8 -1.363246 -2.990382 -3.9848 -1.364124 -2.990231 -3.98478 -1.363246 -0.5903825 -3.9848 -1.364124 -0.5902307 -3.98478 -1.3565 -3.0185 -3.9732 -1.3565 -0.6185 -3.9732 -1.349428 -3.044721 -3.95868 -1.349428 -0.6447208 -3.95868 -1.342274 -3.068647 -3.94142 -1.343038 -3.068411 -3.94142 -1.342274 -0.6686468 -3.94142 -1.343038 -0.6684111 -3.94142 -1.337429 -3.08921 -3.92176 -1.337429 -0.6892094 -3.92176 -1.33271 -3.106706 -3.9 -1.33271 -0.706706 -3.9 -1.328946 -3.12066 -3.87654 -1.328248 -3.120992 -3.87656 -1.328946 -0.7206599 -3.87654 -1.328248 -0.720992 -3.87656 -1.329 -0.632 -3.8 -1.326216 -3.130782 -3.85176 -1.326216 -0.7307819 -3.85176 -1.324559 -3.136928 -3.8261 -1.324559 -0.7369274 -3.8261 -1.324469 -4.612894 -3.8 -1.325 -4.613 -3.8 -1.324469 -2.212894 -3.8 -1.325 -2.213 -3.8 -1.326 -0.223 -3.8 -1.324 -3.139 -3.8 -1.32334 -3.139309 -3.8 -1.324 -0.739 -3.8 -1.32334 -0.7393092 -3.8 -1.322005 -4.593998 -3.87656 -1.322005 -2.193998 -3.87656 -1.321 -3.138 -3.8 -1.321 -0.738 -3.8 -1.31489 -4.540333 -3.94142 -1.31489 -2.140333 -3.94142 -1.304297 -4.459974 -3.9848 -1.304297 -2.059974 -3.9848 -1.303 1.119 -3.8 -1.291838 -4.365148 -3.99998 -1.291838 -1.965147 -3.99998 -1.291 1.275 -3.8 -1.27938 -4.27032 -3.9848 -1.27938 -1.870321 -3.9848 -1.271 -0.725 -3.8 -1.268787 -4.189961 -3.94142 -1.268787 -1.789961 -3.94142 -1.261672 -4.136297 -3.87656 -1.261672 -1.736297 -3.87656 -1.259208 -4.117401 -3.8 -1.259 -4.117 -3.8 -1.259 -1.717 -3.8 -1.259208 -1.717401 -3.8 -1.249 -0.703 -3.8 -1.231 3.738 -3.8 -1.174 -1.712 -3.8 -1.168 1.167 -3.8 -1.164 3.725 -3.8 -1.158 1.159 -3.8 -1.138 1.141 -3.8 -1.128 3.718 -3.8 -1.127 -4.109 -3.8 -1.12 -2.199 -3.8 -1.114 3.769 -3.8 -1.103 3.271 -3.8 -1.065441 -4.107073 -3.8261 -1.065341 -1.707173 -3.8261 -1.065 -4.105 -3.8 -1.066 -4.105 -3.8 -1.0659 -1.7051 -3.8 -1.063783 -4.113218 -3.85176 -1.063684 -1.713318 -3.85176 -1.06466 -4.104691 -3.8 -1.06466 -1.704691 -3.8 -1.063 -1.704 -3.8 -1.061053 -4.12334 -3.87654 -1.060953 -1.72344 -3.87654 -1.059752 -4.123008 -3.87656 -1.059752 -1.723008 -3.87656 -1.05729 -4.137294 -3.9 -1.05719 -1.737394 -3.9 -1.052571 -4.154791 -3.92176 -1.052471 -1.754891 -3.92176 -1.046961 -4.175589 -3.94142 -1.046862 -1.775689 -3.94142 -1.045726 -4.175353 -3.94142 -1.045726 -1.775353 -3.94142 -1.040572 -4.199279 -3.95868 -1.040472 -1.799379 -3.95868 -1.038 3.288 -3.8 -1.0335 -4.2255 -3.9732 -1.0334 -1.8256 -3.9732 -1.034 -1.699 -3.8 -1.03389 -1.69869 -3.8 -1.031624 -1.700768 -3.82742 -1.028193 -1.707546 -3.85464 -1.025875 -4.253769 -3.98478 -1.025776 -1.853869 -3.98478 -1.024754 -4.253618 -3.9848 -1.024754 -1.853618 -3.9848 -1.025 -0.659 -3.8 -1.023766 -1.719072 -3.88108 -1.017822 -4.283629 -3.99318 -1.017722 -1.883729 -3.99318 -1.018441 -1.735268 -3.90616 -1.012393 -1.75587 -3.92918 -1.009482 -4.314549 -3.99828 -1.009382 -1.914649 -3.99828 -1.005769 -1.780428 -3.94956 -1.001 -4.346 -4 -1 -4.346 -3.99998 -1.0009 -1.9461 -4 -1.001 -1.696 -3.8 -1.001313 -1.696496 -3.8 -0.9987459 -1.808291 -3.96676 -0.9968868 -1.699103 -3.82866 -0.9925174 -4.37745 -3.99828 -0.9924175 -1.977551 -3.99828 -0.9914866 -1.838753 -3.9804 -0.9913924 -1.707109 -3.85722 -0.9841779 -4.408371 -3.99318 -0.984078 -2.008471 -3.99318 -0.9841228 -1.870944 -3.99024 -0.9850621 -1.720707 -3.885 -0.9782065 -1.739799 -3.91112 -0.9767705 -1.904147 -3.9962 -0.9761244 -4.438231 -3.98478 -0.9752456 -4.438382 -3.9848 -0.9760245 -2.038331 -3.98478 -0.9711179 -1.763973 -3.93468 -0.971 -1.698 -3.8 -0.9694495 -1.937618 -3.99828 -0.9684999 -4.4665 -3.9732 -0.9684 -2.0666 -3.9732 -0.969 -1.699 -3.8 -0.9687228 -1.698565 -3.8 -0.963991 -1.792505 -3.95486 -0.9614279 -4.492721 -3.95868 -0.961328 -2.092821 -3.95868 -0.9618286 -1.702367 -3.82968 -0.9589474 -1.97023 -3.9962 -0.9570926 -1.824409 -3.97106 -0.9550384 -4.516411 -3.94142 -0.956 -0.259 -3.8 -0.9542742 -4.516647 -3.94142 -0.9542742 -2.116647 -3.94142 -0.9540696 -1.712348 -3.85928 -0.9505464 -1.858553 -3.9829 -0.9486067 -2.002627 -3.99024 -0.9494289 -4.53721 -3.92176 -0.949329 -2.137309 -3.92176 -0.9459627 -1.728698 -3.88786 -0.9443733 -1.893807 -3.99024 -0.94471 -4.554706 -3.9 -0.9446101 -2.154806 -3.9 -0.9409464 -4.56866 -3.87654 -0.940248 -4.568992 -3.87656 -0.9408465 -2.16876 -3.87654 -0.9385293 -1.929278 -3.99318 -0.9387847 -2.034155 -3.9804 -0.9379171 -1.751243 -3.91434 -0.9382164 -4.578782 -3.85176 -0.9381166 -2.178882 -3.85176 -0.938 -4.587 -3.8 -0.9365589 -4.584928 -3.8261 -0.936459 -2.185027 -3.8261 -0.937 -2.187 -3.8 -0.93669 -1.704894 -3.8 -0.937 -1.705 -3.8 -0.9359999 -4.587 -3.8 -0.9353398 -4.587309 -3.8 -0.9353398 -2.187309 -3.8 -0.9297419 -2.064136 -3.96676 -0.9303576 -1.779272 -3.9376 -0.9271742 -1.710652 -3.83042 -0.9257444 -1.962877 -3.99024 -0.9235832 -1.811674 -3.95672 -0.9218025 -2.091752 -3.94956 -0.917741 -1.847043 -3.97106 -0.9173299 -1.72338 -3.8606 -0.915179 -2.11631 -3.92918 -0.9133534 -1.996454 -3.9829 -0.9128447 -1.883985 -3.9804 -0.9100469 -2.137159 -3.90616 -0.9086694 -1.921224 -3.98478 -0.9078403 -1.743132 -3.88938 -0.9065056 -2.153836 -3.88108 -0.906 -1.715 -3.8 -0.9057502 -1.715319 -3.8 -0.9045367 -2.166025 -3.85464 -0.9040939 -2.173609 -3.82742 -0.905 -2.176 -3.8 -0.9050086 -2.176545 -3.8 -0.9018427 -2.029259 -3.97106 -0.8992776 -1.769416 -3.91548 -0.8935526 -1.955513 -3.9804 -0.8938451 -1.723897 -3.8308 -0.891763 -2.060305 -3.95486 -0.8921688 -1.801237 -3.9376 -0.8866954 -1.836963 -3.95486 -0.885 -3.021 -3.8 -0.8828638 -1.874942 -3.96676 -0.8835759 -2.088551 -3.93468 -0.8823816 -1.74004 -3.86104 -0.8804001 -1.9136 -3.9732 -0.879209 -1.989907 -3.97106 -0.8775476 -2.113011 -3.91112 -0.876 -2.162 -3.8 -0.8764504 -1.729727 -3.8 -0.877 -1.73 -3.8 -0.8757457 -2.16206 -3.8 -0.8738731 -2.132961 -3.885 -0.8722525 -1.7636 -3.88938 -0.8725075 -2.147898 -3.85722 -0.8732308 -2.157581 -3.82866 -0.8664742 -2.023417 -3.95672 -0.8641405 -1.793677 -3.91434 -0.8630908 -1.948254 -3.96676 -0.8626637 -1.741831 -3.8308 -0.8584486 -1.828776 -3.93468 -0.8552482 -1.867002 -3.94956 -0.8560366 -2.054831 -3.9376 -0.8541793 -1.906528 -3.95868 -0.855 -0.613 -3.8 -0.854 -0.158 -3.8 -0.8504077 -1.761871 -3.8606 -0.8484771 -2.08286 -3.91434 -0.849 -2.144 -3.8 -0.8486158 -2.143884 -3.8 -0.8492627 -1.747808 -3.8 -0.849 -1.748 -3.8 -0.8473054 -1.983009 -3.95486 -0.8440948 -2.106393 -3.88786 -0.8445686 -2.137131 -3.82968 -0.8428805 -2.124602 -3.85928 -0.8406069 -1.789295 -3.88786 -0.8352281 -1.941231 -3.94956 -0.8340718 -2.016642 -3.9376 -0.8339887 -1.822747 -3.91112 -0.8344562 -1.76398 -3.83042 -0.8304889 -1.900138 -3.94142 -0.8306902 -1.860379 -3.92918 -0.83 -1.765 -3.8 -0.8242157 -2.047722 -3.91548 -0.82411 -2.122306 -3.8 -0.824 -2.122 -3.8 -0.824694 -1.76931 -3.8 -0.825 -1.769 -3.8 -0.8223977 -1.78808 -3.85928 -0.8187726 -1.975882 -3.93468 -0.8184003 -2.074748 -3.88938 -0.8187802 -2.112544 -3.83042 -0.816671 -2.096592 -3.8606 -0.8140388 -1.819073 -3.885 -0.812 -2.887 -3.8 -0.8106703 -1.934607 -3.92918 -0.8096907 -1.894529 -3.92176 -0.8098407 -1.855247 -3.90616 -0.8098691 -1.789769 -3.82968 -0.8060435 -2.009083 -3.91434 -0.8026083 -2.097737 -3.8 -0.803 -2.098 -3.8 -0.803 -1.794 -3.8 -0.8031156 -1.793816 -3.8 -0.799102 -1.817707 -3.85722 -0.7979316 -2.03916 -3.88938 -0.7966312 -2.084336 -3.8308 -0.7945988 -1.968794 -3.91112 -0.7948396 -2.064618 -3.86104 -0.792194 -1.88981 -3.9 -0.793164 -1.851706 -3.88108 -0.7900677 -1.928559 -3.90616 -0.7894188 -1.818431 -3.82866 -0.785 -2.07 -3.8 -0.7845274 -2.070549 -3.8 -0.7849401 -1.820946 -3.8 -0.785 -1.821 -3.8 -0.7834979 -2.001037 -3.88786 -0.784 -0.077 -3.8 -0.7809753 -1.849737 -3.85464 -0.7782401 -1.886047 -3.87654 -0.7781798 -2.02967 -3.8606 -0.7786967 -2.053155 -3.8308 -0.7755067 -1.961938 -3.885 -0.773872 -1.923234 -3.88108 -0.7733905 -1.849294 -3.82742 -0.77 -2.041 -3.8 -0.7701187 -2.04125 -3.8 -0.771 -1.85 -3.8 -0.7704551 -1.850209 -3.8 -0.77 -0.074 -3.8 -0.7671477 -1.992931 -3.85928 -0.7681181 -1.883317 -3.85176 -0.7654522 -2.019826 -3.83042 -0.761909 -1.955608 -3.85722 -0.7623463 -1.918807 -3.85464 -0.7619726 -1.881659 -3.8261 -0.76 -2.01 -3.8 -0.759694 -2.01031 -3.8 -0.7599 -1.8811 -3.8 -0.76 -1.881 -3.8 -0.757167 -1.985171 -3.82968 -0.7555676 -1.915376 -3.82742 -0.7539029 -1.950113 -3.82866 -0.754 -1.979 -3.8 -0.7533646 -1.978277 -3.8 -0.7534901 -1.91311 -3.8 -0.754 -1.913 -3.8 -0.751 -1.945 -3.8 -0.7512962 -1.945687 -3.8 -0.733 -0.064 -3.8 -0.73 3.639 -3.8 -0.699 3.632 -3.8 -0.699 3.632 -3.8 -0.566 -0.019 -3.8 -0.558 -2.417 -3.8 -0.546 -2.93 -3.8 -0.529 -2.897 -3.8 -0.435 3.947 -3.8 -0.43 -0.129 -3.8 -0.431 0.017 -3.8 -0.332 -4.425 -3.8 -0.313 3.979 -3.8 -0.293 0.054 -3.8 -0.262 0.063 -3.8 -0.252 -2.335 -3.8 -0.238 1.794 -3.8 -0.231 -0.446 -3.8 -0.192 -4.047 -3.8 -0.1500001 1.6715 -4 -0.1500001 1.638875 -3.99828 -0.1500001 1.6068 -3.99318 -0.1500001 1.575825 -3.98478 -0.15 1.5464 -3.9732 -0.15 1.5192 -3.95868 -0.1500001 1.494725 -3.94142 -0.1500001 1.47315 -3.92176 -0.15 1.4549 -3.9 -0.15 1.440425 -3.87654 -0.1500001 1.430025 -3.85176 -0.15 1.42355 -3.8261 -0.15 -1.651 -3.8 -0.15 -1.651 -3.8 -0.15 -0.85 -3.8 -0.15 -0.85 -3.8 -0.15 1 -3.8 -0.15 1 -3.8 -0.15 1 -3.8 -0.15 1.199 -3.8 -0.15 1.372 -3.8 -0.15 1.384 -3.8 -0.15 1.399 -3.8 -0.15 1.421 -3.8 -0.15 1.4214 -3.8 -0.1500001 1.4215 -3.8 -0.149 -1.662 -3.8 -0.14785 -1.651 -3.8261 -0.14785 -0.85 -3.8261 -0.14785 1 -3.8261 -0.14785 1 -3.8261 -0.14785 1.4214 -3.8261 -0.14785 1.424113 -3.8261 -0.14785 1.424113 -3.8261 -0.148 -1.685 -3.8 -0.14785 -1.6849 -3.8 -0.148 -0.817 -3.8 -0.14785 -0.817375 -3.8 -0.148 0.967 -3.8 -0.14785 0.967375 -3.8 -0.14525 -1.686609 -3.82742 -0.14525 -0.815725 -3.82742 -0.14525 0.965725 -3.82742 -0.141475 -1.6511 -3.85176 -0.141475 -0.85 -3.85176 -0.141475 1 -3.85176 -0.141475 1 -3.85176 -0.141475 1.4214 -3.85176 -0.141475 1.432158 -3.85176 -0.141475 1.432158 -3.85176 -0.141475 -1.718129 -3.8 -0.142 -1.718 -3.8 -0.142 -0.786 -3.8 -0.141475 -0.7853 -3.8 -0.141475 0.9353 -3.8 -0.142 0.935 -3.8 -0.142 3.522 -3.8 -0.1378 -1.688215 -3.85464 -0.1378 -0.814175 -3.85464 -0.1378 0.964175 -3.85464 -0.1378 -1.721859 -3.82866 -0.1378 -0.7817 -3.82866 -0.1378 0.9317 -3.82866 -0.132 1.847 -3.8 -0.130975 -1.651 -3.87654 -0.130975 -0.85 -3.87654 -0.130975 1 -3.87654 -0.130975 1 -3.87654 -0.130975 1.4214 -3.87654 -0.130975 1.44541 -3.87654 -0.130975 1.44541 -3.87654 -0.131 -1.75 -3.8 -0.130975 -1.750219 -3.8 -0.131 -0.754 -3.8 -0.130975 -0.754325 -3.8 -0.130975 0.904325 -3.8 -0.131 0.904 -3.8 -0.128625 -1.7252 -3.85722 -0.128625 -0.778475 -3.85722 -0.128625 0.928475 -3.85722 -0.1255 -1.689536 -3.88108 -0.1255 -0.8129 -3.88108 -0.1255 0.9629 -3.88108 -0.1255 -1.756099 -3.82968 -0.1255 -0.74865 -3.82968 -0.1255 0.89865 -3.82968 -0.122 0.885 -3.8 -0.12 -3.852 -3.8 -0.1165 -1.651 -3.9 -0.1165 -0.85 -3.9 -0.1165 1 -3.9 -0.1165 1 -3.9 -0.1165 1.4214 -3.9 -0.1165 1.463677 -3.9 -0.1165 1.463677 -3.9 -0.1165 -1.7806 -3.8 -0.117 -1.781 -3.8 -0.117 -0.727 -3.8 -0.1165 -0.725 -3.8 -0.117 -0.725 -3.8 -0.1165 0.875 -3.8 -0.117 0.875 -3.8 -0.113825 -1.727868 -3.885 -0.113825 -0.7759 -3.885 -0.113825 0.9259 -3.885 -0.113825 -1.761175 -3.85928 -0.113825 -0.74375 -3.85928 -0.113825 0.89375 -3.85928 -0.10845 -1.690494 -3.90616 -0.10845 -0.811975 -3.90616 -0.10845 0.961975 -3.90616 -0.10845 -1.788577 -3.83042 -0.10845 -0.7173001 -3.83042 -0.10845 0.8673 -3.83042 -0.09835 -1.6511 -3.92176 -0.09835 -0.85 -3.92176 -0.09835 1 -3.92176 -0.09835 1 -3.92176 -0.09835 1.4214 -3.92176 -0.09835 1.486582 -3.92176 -0.09835 1.486582 -3.92176 -0.09835 -1.808779 -3.8 -0.098 -1.809 -3.8 -0.098 -0.698 -3.8 -0.09835 -0.6978 -3.8 -0.098 0.848 -3.8 -0.09835 0.8478 -3.8 -0.09589999 -1.764879 -3.88786 -0.09589999 -0.740175 -3.88786 -0.09589999 0.890175 -3.88786 -0.09357499 -1.729577 -3.91112 -0.09357499 -0.77425 -3.91112 -0.09357499 0.92425 -3.91112 -0.09357499 -1.795 -3.8606 -0.09357499 -0.7111 -3.8606 -0.09357499 0.8611 -3.8606 -0.091 1.438 -3.8 -0.08695 -1.690986 -3.92918 -0.08695 -0.8115 -3.92918 -0.08695 0.9615 -3.92918 -0.08695 -1.818388 -3.8308 -0.08695 -0.688525 -3.8308 -0.08695 0.838525 -3.8308 -0.083 -4.358 -3.8 -0.083 1.438 -3.8 -0.083 1.443 -3.8 -0.07677499 -1.651 -3.94142 -0.07677499 -0.85 -3.94142 -0.07677499 1 -3.94142 -0.07677499 1 -3.94142 -0.07677499 1.4214 -3.94142 -0.07677501 1.51381 -3.94142 -0.07677499 1.51381 -3.94142 -0.07677499 -1.834239 -3.8 -0.077 -1.834 -3.8 -0.07677499 -0.673225 -3.8 -0.077 -0.673 -3.8 -0.07677499 0.823225 -3.8 -0.077 0.823 -3.8 -0.072 -1.766847 -3.91434 -0.072 -0.7382751 -3.91434 -0.072 0.888275 -3.91434 -0.072 -1.79917 -3.88938 -0.072 -0.707075 -3.88938 -0.072 0.857075 -3.88938 -0.06834999 -1.730147 -3.93468 -0.06834999 -0.7737 -3.93468 -0.06834999 0.9237 -3.93468 -0.06834999 -1.825511 -3.86104 -0.06834999 -0.68165 -3.86104 -0.06834999 0.83165 -3.86104 -0.061475 -1.690986 -3.94956 -0.061475 -0.8115 -3.94956 -0.061475 0.9615 -3.94956 -0.061475 -1.84478 -3.8308 -0.061475 -0.6630501 -3.8308 -0.061475 0.81305 -3.8308 -0.062 3.542 -3.8 -0.0522 -1.6511 -3.95868 -0.0522 -0.85 -3.95868 -0.0522 1 -3.95868 -0.0522 1 -3.95868 -0.0522 1.4214 -3.95868 -0.0522 1.544824 -3.95868 -0.0522 1.544824 -3.95868 -0.052 -1.857 -3.8 -0.0522 -1.856591 -3.8 -0.052 -0.652 -3.8 -0.0522 -0.65165 -3.8 -0.052 0.802 -3.8 -0.0522 0.80165 -3.8 -0.04435001 -1.800647 -3.91548 -0.04435001 -0.70565 -3.91548 -0.04435001 0.85565 -3.91548 -0.04292499 -1.766847 -3.9376 -0.04292499 -0.7382751 -3.9376 -0.04292499 0.888275 -3.9376 -0.04292499 -1.829292 -3.88938 -0.04292499 -0.678 -3.88938 -0.04292499 0.828 -3.88938 -0.0389 -1.729577 -3.95486 -0.0389 -0.77425 -3.95486 -0.0389 0.92425 -3.95486 -0.0389 -1.851644 -3.8606 -0.0389 -0.656425 -3.8606 -0.0389 0.806425 -3.8606 -0.03269999 -1.690494 -3.96676 -0.03269999 -0.811975 -3.96676 -0.03269999 0.961975 -3.96676 -0.03269999 -1.867054 -3.83042 -0.03269999 -0.64155 -3.83042 -0.03269999 0.79155 -3.83042 -0.025 -1.651 -3.9732 -0.025 -0.85 -3.9732 -0.025 1 -3.9732 -0.025 1 -3.9732 -0.025 1.4214 -3.9732 -0.025 1.57915 -3.9732 -0.02500001 1.57915 -3.9732 -0.025 -1.875 -3.8 -0.025 -1.875394 -3.8 -0.025 -0.6335 -3.8 -0.025 -0.633 -3.8 -0.025 0.7835 -3.8 -0.025 0.784 -3.8 -0.011725 -1.79917 -3.9376 -0.011725 -0.707075 -3.9376 -0.011725 0.857075 -3.9376 -0.011725 -1.829292 -3.91434 -0.011725 -0.678 -3.91434 -0.011725 0.828 -3.91434 -0.009824999 -1.764879 -3.95672 -0.009824999 -0.740175 -3.95672 -0.009824999 0.890175 -3.95672 -0.009824999 -1.854052 -3.88786 -0.009824999 -0.6541001 -3.88786 -0.009824999 0.8041 -3.88786 -0.006250001 -1.727868 -3.97106 -0.006250001 -0.7759 -3.97106 -0.006250001 0.9259 -3.97106 -0.006250001 -1.872623 -3.85928 -0.006250001 -0.636175 -3.85928 -0.006250001 0.786175 -3.85928 -0.001350001 -1.689536 -3.9804 -0.001350001 -0.8129 -3.9804 -0.001350001 0.9629 -3.9804 -0.001350001 -1.884718 -3.82968 -0.001350001 -0.6245 -3.82968 -0.001350001 0.7745 -3.82968 0.004325002 -1.651 -3.98478 0.004325002 -0.85 -3.98478 0.004325002 1 -3.98478 0.004325002 1 -3.98478 0.004325002 1.4214 -3.98478 0.004325002 1.616158 -3.98478 0.004324988 1.616158 -3.98478 0.004325002 -1.89039 -3.8 0.005 -1.891 -3.8 0.004 -0.619 -3.8 0.004325002 -0.619025 -3.8 0.004 0.769 -3.8 0.004325002 0.769025 -3.8 0.011 0.136 -3.8 0.02425 -1.795 -3.95486 0.02425 -0.7111 -3.95486 0.02425 0.8611 -3.95486 0.0237 -1.825511 -3.93468 0.0237 -0.68165 -3.93468 0.0237 0.83165 -3.93468 0.02425 -1.851644 -3.91112 0.02425 -0.656425 -3.91112 0.02425 0.806425 -3.91112 0.0259 -1.761175 -3.97106 0.0259 -0.74375 -3.97106 0.0259 0.89375 -3.97106 0.0259 -1.872623 -3.885 0.0259 -0.636175 -3.885 0.0259 0.786175 -3.885 0.028475 -1.7252 -3.9829 0.028475 -0.778475 -3.9829 0.028475 0.928475 -3.9829 0.028475 -1.887956 -3.85722 0.028475 -0.621375 -3.85722 0.028475 0.771375 -3.85722 0.0317 -1.688215 -3.99024 0.0317 -0.814175 -3.99024 0.0317 0.964175 -3.99024 0.0317 -1.897461 -3.82866 0.0317 -0.6122 -3.82866 0.0317 0.7622 -3.82866 0.0353 -1.651 -3.99318 0.0353 -0.85 -3.99318 0.0353 1 -3.99318 0.0353 1 -3.99318 0.0353 1.4214 -3.99318 0.0353 1.655249 -3.99318 0.03529999 1.655249 -3.99318 0.035 -1.901 -3.8 0.0353 -1.901268 -3.8 0.035 -0.608 -3.8 0.0353 -0.608525 -3.8 0.035 0.759 -3.8 0.0353 0.758525 -3.8 0.058 0.754 -3.8 0.06290001 -1.756099 -3.9804 0.06290001 -0.74865 -3.9804 0.06290001 0.89865 -3.9804 0.061975 -1.788577 -3.96676 0.061975 -0.7173001 -3.96676 0.061975 0.8673 -3.96676 0.0615 -1.818388 -3.94956 0.0615 -0.688525 -3.94956 0.0615 0.838525 -3.94956 0.0615 -1.84478 -3.92918 0.0615 -0.6630501 -3.92918 0.0615 0.81305 -3.92918 0.061975 -1.867054 -3.90616 0.061975 -0.64155 -3.90616 0.061975 0.79155 -3.90616 0.06290001 -1.884718 -3.88108 0.06290001 -0.6245 -3.88108 0.06290001 0.7745 -3.88108 0.064175 -1.721859 -3.99024 0.064175 -0.7817 -3.99024 0.064175 0.9317 -3.99024 0.064175 -1.897461 -3.85464 0.064175 -0.6122 -3.85464 0.064175 0.7622 -3.85464 0.065725 -1.686609 -3.9962 0.065725 -0.815725 -3.9962 0.065725 0.965725 -3.9962 0.065725 -1.905179 -3.82742 0.065725 -0.60475 -3.82742 0.065725 0.75475 -3.82742 0.067375 -1.6511 -3.99828 0.067375 -0.85 -3.99828 0.067375 1 -3.99828 0.067375 1 -3.99828 0.067375 1.4214 -3.99828 0.067375 1.695727 -3.99828 0.06737499 1.695727 -3.99828 0.067375 -1.907873 -3.8 0.067 -1.908 -3.8 0.067 -0.602 -3.8 0.067375 -0.60215 -3.8 0.067375 0.75215 -3.8 0.067 0.752 -3.8 0.095 4.086 -3.8 0.1 -1.651 -4 0.1003 -1.6513 -4 0.1 -1.3253 -4 0.1 -0.85 -4 0.1 -0.85 -4 0.1 1 -4 0.1 1 -4 0.1 1.4214 -4 0.1 1.5524 -4 0.09999999 1.7369 -4 0.1 1.7369 -4 0.1003 -1.685099 -3.99828 0.1 -1.6849 -3.99828 0.1 -0.817375 -3.99828 0.1 0.967375 -3.99828 0.1003 -1.718329 -3.99318 0.1 -1.718129 -3.99318 0.1 -0.7853 -3.99318 0.1 0.9353 -3.99318 0.1003 -1.750419 -3.98478 0.1 -1.750219 -3.98478 0.1 -0.754325 -3.98478 0.1 0.904325 -3.98478 0.1003 -1.7808 -3.9732 0.1 -1.7806 -3.9732 0.1 -0.725 -3.9732 0.1 0.875 -3.9732 0.1 -1.808779 -3.95868 0.1003 -1.808979 -3.95868 0.1 -0.6978 -3.95868 0.1 0.8478 -3.95868 0.1 -1.834239 -3.94142 0.1003 -1.834439 -3.94142 0.1 -0.673225 -3.94142 0.1 0.823225 -3.94142 0.1003 -1.856791 -3.92176 0.1 -1.856591 -3.92176 0.1 -0.65165 -3.92176 0.1 0.80165 -3.92176 0.1 -1.875394 -3.9 0.1003 -1.875594 -3.9 0.1 -0.6335 -3.9 0.1 0.7835 -3.9 0.1 -1.89039 -3.87654 0.1003 -1.89059 -3.87654 0.1 -0.619025 -3.87654 0.1 0.769025 -3.87654 0.1003 -1.901468 -3.85176 0.1 -1.901268 -3.85176 0.1 -0.608525 -3.85176 0.1 0.758525 -3.85176 0.1 -1.907873 -3.8261 0.1003 -1.908073 -3.8261 0.1 -0.60215 -3.8261 0.1 0.75215 -3.8261 0.1003 -1.9103 -3.8 0.1 -1.9101 -3.8 0.1 -0.6 -3.8 0.1 -0.6 -3.8 0.1 0.75 -3.8 0.1 0.75 -3.8 0.103 -1.91 -3.8 0.11 -3.79 -3.8 0.111 -0.354 -3.8 0.127 0.034 -3.8 0.132625 -1.608557 -3.99828 0.132625 -1.608757 -3.99828 0.132625 -1.3253 -3.99828 0.132625 -0.85 -3.99828 0.132625 -0.85 -3.99828 0.132625 1 -3.99828 0.132625 1.5524 -3.99828 0.132625 1.712823 -3.99828 0.132625 1.712823 -3.99828 0.132625 -0.60215 -3.8 0.132 -0.602 -3.8 0.132625 0.75215 -3.8 0.133 0.752 -3.8 0.134275 -0.815725 -3.9962 0.134275 0.965725 -3.9962 0.134275 -0.60475 -3.82742 0.134275 0.75475 -3.82742 0.135825 -0.7817 -3.99024 0.135825 0.9317 -3.99024 0.135825 -0.6122 -3.85464 0.135825 0.7622 -3.85464 0.1371 -0.74865 -3.9804 0.1371 0.89865 -3.9804 0.138025 -0.7173001 -3.96676 0.138025 0.8673 -3.96676 0.138025 -0.64155 -3.90616 0.138025 0.79155 -3.90616 0.1371 -0.6245 -3.88108 0.1371 0.7745 -3.88108 0.1385 -0.688525 -3.94956 0.1385 0.838525 -3.94956 0.1385 -0.6630501 -3.92918 0.1385 0.81305 -3.92918 0.1647 -1.566931 -3.99318 0.1647 -1.566731 -3.99318 0.1647 -1.3253 -3.99318 0.1647 -0.85 -3.99318 0.1647 -0.85 -3.99318 0.1647 1 -3.99318 0.1647 1.5524 -3.99318 0.1647 1.689151 -3.99318 0.1647 1.689151 -3.99318 0.1647 -0.608525 -3.8 0.165 -0.609 -3.8 0.1647 0.758525 -3.8 0.165 0.759 -3.8 0.1683 -0.814175 -3.99024 0.1683 0.964175 -3.99024 0.1683 -0.6122 -3.82866 0.1683 0.7622 -3.82866 0.171525 -0.778475 -3.9829 0.171525 0.928475 -3.9829 0.171525 -0.621375 -3.85722 0.171525 0.771375 -3.85722 0.1741 -0.74375 -3.97106 0.1741 0.89375 -3.97106 0.1741 -0.636175 -3.885 0.1741 0.786175 -3.885 0.17575 -0.7111 -3.95486 0.17575 0.8611 -3.95486 0.1763 -0.68165 -3.93468 0.1763 0.83165 -3.93468 0.17575 -0.656425 -3.91112 0.17575 0.806425 -3.91112 0.195675 -1.52634 -3.98478 0.195675 -1.52654 -3.98478 0.195675 -1.325 -3.98478 0.195675 -0.85 -3.98478 0.195675 -0.85 -3.98478 0.195675 1 -3.98478 0.195675 1.5524 -3.98478 0.195675 1.666292 -3.98478 0.195675 1.666292 -3.98478 0.195 -0.619 -3.8 0.195675 -0.619025 -3.8 0.195 -0.619 -3.8 0.195 -0.619 -3.8 0.196 0.769 -3.8 0.195675 0.769025 -3.8 0.20135 -0.8129 -3.9804 0.20135 0.9629 -3.9804 0.20135 -0.6245 -3.82968 0.20135 0.7745 -3.82968 0.20625 -0.7759 -3.97106 0.20625 0.9259 -3.97106 0.20625 -0.636175 -3.85928 0.20625 0.786175 -3.85928 0.207 1.465 -3.8 0.209825 -0.740175 -3.95672 0.209825 0.890175 -3.95672 0.209825 -0.6541001 -3.88786 0.209825 0.8041 -3.88786 0.211725 -0.707075 -3.9376 0.211725 0.857075 -3.9376 0.211725 -0.678 -3.91434 0.211725 0.828 -3.91434 0.211 2.016 -3.8 0.214 4.117 -3.8 0.225 -1.4881 -3.9732 0.225 -1.4883 -3.9732 0.225 -1.325 -3.9732 0.225 -0.85 -3.9732 0.225 -0.85 -3.9732 0.225 1 -3.9732 0.225 1.5524 -3.9732 0.225 1.64465 -3.9732 0.225 1.64465 -3.9732 0.225 -0.6335 -3.8 0.225 -0.633 -3.8 0.225 0.784 -3.8 0.225 0.7835 -3.8 0.2327 -0.811975 -3.96676 0.2327 0.961975 -3.96676 0.2327 -0.64155 -3.83042 0.2327 0.79155 -3.83042 0.233 -1.352 -3.8 0.2389 -0.77425 -3.95486 0.2389 0.92425 -3.95486 0.2389 -0.656425 -3.8606 0.2389 0.806425 -3.8606 0.242925 -0.7382751 -3.9376 0.242925 0.888275 -3.9376 0.242925 -0.678 -3.88938 0.242925 0.828 -3.88938 0.24435 -0.70565 -3.91548 0.24435 0.85565 -3.91548 0.247 1.496 -3.8 0.251 0.2 -3.8 0.2522 -1.452831 -3.95868 0.2522 -1.452631 -3.95868 0.2522 -1.3253 -3.95868 0.2522 -0.85 -3.95868 0.2522 -0.85 -3.95868 0.2522 1 -3.95868 0.2522 1.5524 -3.95868 0.2522 1.624576 -3.95868 0.2522 1.624576 -3.95868 0.252 -0.652 -3.8 0.2522 -0.65165 -3.8 0.252 0.802 -3.8 0.2522 0.80165 -3.8 0.261475 -0.8115 -3.94956 0.261475 0.9615 -3.94956 0.261475 -0.6630501 -3.8308 0.261475 0.81305 -3.8308 0.26835 -0.7737 -3.93468 0.26835 0.9237 -3.93468 0.26835 -0.68165 -3.86104 0.26835 0.83165 -3.86104 0.272 -0.7382751 -3.91434 0.272 0.888275 -3.91434 0.272 -0.707075 -3.88938 0.272 0.857075 -3.88938 0.276775 -1.420785 -3.94142 0.276775 -1.420585 -3.94142 0.276775 -1.3253 -3.94142 0.276775 -0.85 -3.94142 0.276775 -0.85 -3.94142 0.276775 1 -3.94142 0.276775 1.5524 -3.94142 0.276775 1.60644 -3.94142 0.276775 1.60644 -3.94142 0.276775 -0.673225 -3.8 0.277 -0.673 -3.8 0.276775 0.823225 -3.8 0.277 0.823 -3.8 0.281 -0.1 -3.8 0.28695 -0.8115 -3.92918 0.28695 0.9615 -3.92918 0.28695 -0.688525 -3.8308 0.28695 0.838525 -3.8308 0.293575 -0.77425 -3.91112 0.293575 0.92425 -3.91112 0.293575 -0.7111 -3.8606 0.293575 0.8611 -3.8606 0.2959 -0.740175 -3.88786 0.2959 0.890175 -3.88786 0.29835 -1.392452 -3.92176 0.29835 -1.392652 -3.92176 0.29835 -1.325 -3.92176 0.29835 -0.85 -3.92176 0.29835 -0.85 -3.92176 0.29835 1 -3.92176 0.29835 1.5524 -3.92176 0.29835 1.590518 -3.92176 0.29835 1.590518 -3.92176 0.29835 -0.6978 -3.8 0.298 -0.698 -3.8 0.29835 0.8478 -3.8 0.298 0.848 -3.8 0.303 -2.703 -3.8 0.30845 -0.811975 -3.90616 0.30845 0.961975 -3.90616 0.30845 -0.7173001 -3.83042 0.30845 0.8673 -3.83042 0.31 1.542 -3.8 0.313825 -0.7759 -3.885 0.313825 0.9259 -3.885 0.313825 -0.74375 -3.85928 0.313825 0.89375 -3.85928 0.315 -2.671 -3.8 0.3165 -1.368784 -3.9 0.3165 -1.368984 -3.9 0.3165 -1.3253 -3.9 0.3165 -0.85 -3.9 0.3165 -0.85 -3.9 0.3165 1 -3.9 0.3165 1.5524 -3.9 0.3165 1.577123 -3.9 0.3165 1.577123 -3.9 0.316 -0.725 -3.8 0.3165 -0.725 -3.8 0.3165 0.875 -3.8 0.316 0.875 -3.8 0.3255 -0.8129 -3.88108 0.3255 0.9629 -3.88108 0.3255 -0.74865 -3.82968 0.3255 0.89865 -3.82968 0.328625 -0.778475 -3.85722 0.328625 0.928475 -3.85722 0.330975 -1.349909 -3.87654 0.330975 -1.350109 -3.87654 0.330975 -1.3253 -3.87654 0.330975 -0.85 -3.87654 0.330975 -0.85 -3.87654 0.330975 1 -3.87654 0.330975 1.5524 -3.87654 0.330975 1.56644 -3.87654 0.330975 1.56644 -3.87654 0.331 -0.754 -3.8 0.330975 -0.754325 -3.8 0.330975 0.904325 -3.8 0.331 0.904 -3.8 0.335 -0.766 -3.8 0.335 -0.766 -3.8 0.3378 -0.814175 -3.85464 0.3378 0.964175 -3.85464 0.3378 -0.7817 -3.82866 0.3378 0.9317 -3.82866 0.341475 -1.336217 -3.85176 0.341475 -1.336417 -3.85176 0.341475 -1.3253 -3.85176 0.341475 -0.85 -3.85176 0.341475 -0.85 -3.85176 0.341475 1 -3.85176 0.341475 1.5524 -3.85176 0.341475 1.558692 -3.85176 0.341475 1.558692 -3.85176 0.341 -0.785 -3.8 0.341475 -0.7853 -3.8 0.341 0.935 -3.8 0.341475 0.9353 -3.8 0.34525 -0.815725 -3.82742 0.34525 0.965725 -3.82742 0.34785 -1.328104 -3.8261 0.34785 -1.327904 -3.8261 0.34785 -1.325 -3.8261 0.34785 -0.85 -3.8261 0.34785 -0.85 -3.8261 0.34785 1 -3.8261 0.34785 1.5524 -3.8261 0.34785 1.553987 -3.8261 0.34785 1.553987 -3.8261 0.34785 -0.817375 -3.8 0.348 -0.817 -3.8 0.348 0.967 -3.8 0.34785 0.967375 -3.8 0.35 -1.5841 -4 0.35 1.8024 -4 0.35 1.8024 -4 0.35 -1.5503 -3.99828 0.35 1.769775 -3.99828 0.35 1.769775 -3.99828 0.35 -1.517071 -3.99318 0.35 1.7377 -3.99318 0.35 1.7377 -3.99318 0.3503 -1.485181 -3.98478 0.35 1.706725 -3.98478 0.35 1.706725 -3.98478 0.3503 -1.4548 -3.9732 0.35 1.6774 -3.9732 0.35 1.6774 -3.9732 0.3503 -1.426621 -3.95868 0.35 1.6502 -3.95868 0.35 1.6502 -3.95868 0.3503 -1.401161 -3.94142 0.35 1.625625 -3.94142 0.35 1.625625 -3.94142 0.35 -1.378609 -3.92176 0.35 1.60405 -3.92176 0.35 1.60405 -3.92176 0.3503 -1.360006 -3.9 0.35 1.5859 -3.9 0.35 1.5859 -3.9 0.3503 -1.34501 -3.87654 0.35 1.571425 -3.87654 0.35 1.571425 -3.87654 0.3503 -1.334132 -3.85176 0.35 1.560925 -3.85176 0.35 1.560925 -3.85176 0.3503 -1.327527 -3.8261 0.35 1.55455 -3.8261 0.35 1.55455 -3.8261 0.35 -1.844 -3.8 0.35 -1.325 -3.8 0.35 -1.3251 -3.8 0.35 -1.324 -3.8 0.35 -1.321 -3.8 0.35 -1.115 -3.8 0.35 -0.85 -3.8 0.35 -0.85 -3.8 0.35 -0.85 -3.8 0.35 1 -3.8 0.35 1 -3.8 0.35 1.047 -3.8 0.35 1.299 -3.8 0.35 1.5524 -3.8 0.35 1.5524 -3.8 0.35 1.5524 -3.8 0.35 1.552 -3.8 0.378 1.593 -3.8 0.378 1.751 -3.8 0.401 3.663 -3.8 0.463 -0.26 -3.8 0.474 4.185 -3.8 0.484 3.685 -3.8 0.496 -2.651 -3.8 0.506 -2.619 -3.8 0.514 -2.13 -3.8 0.531 0.275 -3.8 0.574 -1.261 -3.8 0.58 2.113 -3.8 0.6 4.218 -3.8 0.633 -0.215 -3.8 0.649 -1.764 -3.8 0.688 -2.083 -3.8 0.76 1.659 -3.8 0.761 3.757 -3.8 0.774 4.264 -3.8 0.811 -1.72 -3.8 0.819 -0.165 -3.8 0.841 3.778 -3.8 0.863 -1.185 -3.8 0.9 4.297 -3.8 0.914 -4.091 -3.8 0.96 0.39 -3.8 1.006 -1.147 -3.8 1.016 3.823 -3.8 1.016 4.327 -3.8 1.032 -3.543 -3.8 1.034 1.731 -3.8 1.041 -4.057 -3.8 1.052 -4 -3.8 1.1 3.845 -3.8 1.112 0.431 -3.8 1.14 2.259 -3.8 1.147 4.361 -3.8 1.15 -3.511 -3.8 1.174 -1.939 -3.8 1.174 -1.939 -3.8 1.216 3.876 -3.8 1.228 4.382 -3.8 1.241559 -1.937073 -3.8261 1.241559 0.4629274 -3.8261 1.24134 -1.934691 -3.8 1.241 -1.935 -3.8 1.241 0.465 -3.8 1.242 -1.935 -3.8 1.24134 0.4653092 -3.8 1.242 0.465 -3.8 1.243217 -1.943218 -3.85176 1.243217 0.4567819 -3.85176 1.246248 -1.953008 -3.87656 1.245947 -1.95334 -3.87654 1.245947 0.4466599 -3.87654 1.246248 0.446992 -3.87656 1.24971 -1.967294 -3.9 1.24971 0.432706 -3.9 1.254429 -1.984791 -3.92176 1.254429 0.4152094 -3.92176 1.254 1.788 -3.8 1.260038 -2.005589 -3.94142 1.260274 -2.005353 -3.94142 1.260274 0.3946468 -3.94142 1.260038 0.3944111 -3.94142 1.266428 -2.029279 -3.95868 1.266428 0.3707208 -3.95868 1.269 -2.444 -3.8 1.2735 -2.0555 -3.9732 1.2735 0.3445 -3.9732 1.281246 -2.083618 -3.9848 1.281124 -2.083769 -3.98478 1.281246 0.3163823 -3.9848 1.281124 0.3162307 -3.98478 1.285 -0.04 -3.8 1.289178 -2.113629 -3.99318 1.289178 0.2863708 -3.99318 1.291 -0.023 -3.8 1.297518 -2.14455 -3.99828 1.297518 0.2554505 -3.99828 1.299 3.897 -3.8 1.306 -2.176 -3.99998 1.306 -2.176 -4 1.306 0.224 -3.99998 1.306 0.224 -4 1.314482 -2.207451 -3.99828 1.314482 0.1925495 -3.99828 1.322822 -2.238371 -3.99318 1.322822 0.1616292 -3.99318 1.330876 -2.268231 -3.98478 1.330754 -2.268383 -3.9848 1.330876 0.1317693 -3.98478 1.330754 0.1316176 -3.9848 1.3385 -2.2965 -3.9732 1.3385 0.1035 -3.9732 1.345572 -2.322721 -3.95868 1.345572 0.07727921 -3.95868 1.351961 -2.346411 -3.94142 1.351726 -2.346647 -3.94142 1.351961 0.05358892 -3.94142 1.351726 0.05335318 -3.94142 1.357571 -2.367209 -3.92176 1.357571 0.03279061 -3.92176 1.36229 -2.384706 -3.9 1.36229 0.01529401 -3.9 1.362 4.417 -3.8 1.365752 -2.398992 -3.87656 1.366053 -2.39866 -3.87654 1.365752 0.001007964 -3.87656 1.366053 0.001340108 -3.87654 1.367 -2.418 -3.8 1.367 -2.417 -3.8 1.367 -2.418 -3.8 1.367 -2.417 -3.8 1.367 -1.051 -3.8 1.368783 -2.408782 -3.85176 1.368783 -0.00878189 -3.85176 1.369 -2.417 -3.8 1.369 -2.417 -3.8 1.369 -2.409 -3.8 1.369 -0.017 -3.8 1.370441 -2.414927 -3.8261 1.370441 -0.01492739 -3.8261 1.37066 -2.417309 -3.8 1.37066 -0.01730921 -3.8 1.372 -2.417 -3.8 1.371 -2.417 -3.8 1.372 -2.417 -3.8 1.371 -0.01699999 -3.8 1.376 3.917 -3.8 1.381 -1.925 -3.8 1.381 -1.925 -3.8 1.389 -0.016 -3.8 1.391 -0.012 -3.8 1.413 4.431 -3.8 1.461 3.94 -3.8 1.462 -1.546 -3.8 1.466 -1.92 -3.8 1.477 0.481 -3.8 1.478 1.847 -3.8 1.483 -2.072 -3.8 1.514 3.953 -3.8 1.525 -2.376 -3.8 1.537 -1.915 -3.8 1.537 -1.2 -3.8 1.545 -1.524 -3.8 1.553 4.468 -3.8 1.559 0.486 -3.8 1.566 -3.414 -3.8 1.565208 -2.404599 -3.8 1.565 -2.386 -3.8 1.565208 -0.004599025 -3.8 1.565 -0.005 -3.8 1.567672 -2.385703 -3.87656 1.567672 0.01429679 -3.87656 1.572 2.372 -3.8 1.574787 -2.332039 -3.94142 1.574787 0.06796137 -3.94142 1.578 -1.008 -3.8 1.58 -0.998 -3.8 1.581 -0.994 -3.8 1.582 -3.395 -3.8 1.58538 -2.251679 -3.9848 1.58538 0.1483206 -3.9848 1.588 4.477 -3.8 1.597838 -2.156853 -3.99998 1.597838 0.2431474 -3.99998 1.599 -1.254 -3.8 1.601 1.879 -3.8 1.6 3.976 -3.8 1.610297 -2.062026 -3.9848 1.610297 0.3379742 -3.9848 1.62089 -1.981667 -3.94142 1.62089 0.4183334 -3.94142 1.626 -1.909 -3.8 1.628005 -1.928002 -3.87656 1.628005 0.471998 -3.87656 1.628 -3.383 -3.8 1.6293 -1.2413 -4 1.6293 -1.2413 -4 1.6293 -1.2751 -3.99828 1.6293 -1.2075 -3.99828 1.6293 -1.308329 -3.99318 1.6293 -1.174271 -3.99318 1.6293 -1.340419 -3.98478 1.6293 -1.142181 -3.98478 1.6293 -1.142181 -3.98478 1.6293 -1.3708 -3.9732 1.6293 -1.1118 -3.9732 1.6293 -1.398979 -3.95868 1.6293 -1.083621 -3.95868 1.6293 -1.424439 -3.94142 1.6293 -1.058161 -3.94142 1.6293 -1.058161 -3.94142 1.6293 -1.446791 -3.92176 1.6293 -1.035809 -3.92176 1.6293 -1.465594 -3.9 1.6293 -1.017006 -3.9 1.6293 -1.48059 -3.87654 1.6293 -1.00201 -3.87654 1.6293 -1.00201 -3.87654 1.6293 -1.491468 -3.85176 1.6293 -0.9911319 -3.85176 1.629559 -3.385073 -3.8261 1.6293 -1.498073 -3.8261 1.6293 -0.9845274 -3.8261 1.629 -3.383 -3.8 1.62934 -3.382691 -3.8 1.629 -1.501 -3.8 1.63 -1.909 -3.8 1.6293 -1.5003 -3.8 1.6293 -0.9823 -3.8 1.62934 -0.9826908 -3.8 1.629 -0.981 -3.8 1.631217 -3.391218 -3.85176 1.630469 -1.909106 -3.8 1.63 -1.095 -3.8 1.630469 0.4908938 -3.8 1.63 0.491 -3.8 1.633947 -3.40134 -3.87654 1.634248 -3.401008 -3.87656 1.634246 -1.000716 -3.87654 1.634248 -1.001008 -3.87656 1.634 -1.074 -3.8 1.634 3.985 -3.8 1.63771 -3.415294 -3.9 1.638 -0.978 -3.8 1.642429 -3.432791 -3.92176 1.645 -1.078 -3.8 1.648039 -3.453589 -3.94142 1.648274 -3.453353 -3.94142 1.648339 -1.053182 -3.94142 1.648274 -1.053353 -3.94142 1.654428 -3.477279 -3.95868 1.655 -0.97 -3.8 1.6615 -3.5035 -3.9732 1.669124 -3.531769 -3.98478 1.669246 -3.531618 -3.9848 1.669425 -1.131687 -3.98478 1.669246 -1.131618 -3.9848 1.677178 -3.561629 -3.99318 1.683 -3.885 -3.8 1.682 -1.487 -3.8 1.683 -1.483 -3.8 1.685518 -3.59255 -3.99828 1.694 -3.624 -3.99998 1.694 -3.624 -4 1.6943 -1.2243 -4 1.694 -1.224 -3.99998 1.702482 -3.655451 -3.99828 1.710822 -3.686371 -3.99318 1.713 2.409 -3.8 1.718754 -3.716383 -3.9848 1.718876 -3.716231 -3.98478 1.718754 -1.316382 -3.9848 1.719175 -1.316913 -3.98478 1.724 -1.363 -3.8 1.723 4.008 -3.8 1.7265 -3.7445 -3.9732 1.733572 -3.770721 -3.95868 1.733 4.515 -3.8 1.739726 -3.794647 -3.94142 1.739962 -3.794411 -3.94142 1.740262 -1.395418 -3.94142 1.739726 -1.394647 -3.94142 1.745571 -3.815209 -3.92176 1.745 4.013 -3.8 1.75029 -3.832706 -3.9 1.749842 -2.467255 -3.8 1.749842 -0.06725481 -3.8 1.75 -0.067 -3.8 1.753752 -3.846992 -3.87656 1.754053 -3.84666 -3.87654 1.753752 -1.446992 -3.87656 1.753 4.52 -3.8 1.754354 -1.447884 -3.87654 1.755 -2.45 -3.8 1.756783 -3.856782 -3.85176 1.759329 -2.450823 -3.87656 1.759329 -0.0508226 -3.87656 1.758441 -3.862927 -3.8261 1.759 -3.865 -3.8 1.75866 -3.865309 -3.8 1.75866 -1.465309 -3.8 1.76 -3.865 -3.8 1.7593 -1.4663 -3.8 1.774 -1.958 -3.8 1.776 -0.09 -3.8 1.778 -0.077 -3.8 1.786412 -2.403913 -3.94142 1.786412 -0.003912783 -3.94142 1.792 1.928 -3.8 1.797 0.011 -3.8 1.803 -1.443 -3.8 1.803 -1.131 -3.8 1.804177 -3.296422 -3.8 1.805 -3.296 -3.8 1.804 -0.897 -3.8 1.804177 -0.8964221 -3.8 1.811 -1.439 -3.8 1.815759 -3.311554 -3.87656 1.815759 -0.9115544 -3.87656 1.822 -0.131 -3.8 1.826957 -2.333686 -3.9848 1.826957 0.06631421 -3.9848 1.826 2.439 -3.8 1.836 4.037 -3.8 1.848753 -3.354471 -3.94142 1.848753 -0.9544713 -3.94142 1.849 4.041 -3.8 1.86 1.946 -3.8 1.874763 -2.250882 -3.99998 1.874763 0.1491178 -3.99998 1.882 0.405 -3.8 1.896422 -2.595823 -3.8 1.896422 -0.195823 -3.8 1.897 -0.196 -3.8 1.898108 -3.418767 -3.9848 1.898108 -1.018767 -3.9848 1.908 4.561 -3.8 1.91 -2.591 -3.8 1.909 1.959 -3.8 1.911554 -2.584241 -3.87656 1.911554 -0.1842412 -3.87656 1.917 4.563 -3.8 1.922569 -2.168079 -3.9848 1.922569 0.2319214 -3.9848 1.926 0.391 -3.8 1.93 -2.631 -3.8 1.932745 -3.149842 -3.8 1.933 -3.15 -3.8 1.932745 -0.749842 -3.8 1.933 -0.75 -3.8 1.943 2.47 -3.8 1.944 4.066 -3.8 1.949177 -3.159329 -3.87656 1.949177 -0.759329 -3.87656 1.949 4.067 -3.8 1.949 4.07 -3.8 1.954471 -2.551247 -3.94142 1.954471 -0.1512466 -3.94142 1.956311 -3.49466 -3.99998 1.956311 -1.09466 -3.99998 1.963114 -2.097852 -3.94142 1.963114 0.3021484 -3.94142 1.982691 -2.77066 -3.8 1.983 -2.771 -3.8 1.982 -0.37 -3.8 1.982691 -0.3706602 -3.8 1.990197 -2.050942 -3.87656 1.990197 0.3490582 -3.87656 1.99 -3.751 -3.8 1.993 -2.927 -3.8 1.993 -1.196 -3.8 1.995 -2.965 -3.8 1.995 -0.565 -3.8 1.996087 -3.186412 -3.94142 1.996087 -0.786412 -3.94142 1.995401 -2.965208 -3.8 1.995401 -0.5652078 -3.8 1.997 -3.657 -3.8 2 2.2345 -4 2 4.3345 -4 2 2.201875 -3.99828 2 4.301875 -3.99828 2 2.1698 -3.99318 2 4.2698 -3.99318 2 2.138825 -3.98478 2 4.238825 -3.98478 2 2.1095 -3.9732 2 4.2095 -3.9732 2 2.0823 -3.95868 2 4.1823 -3.95868 2 2.057725 -3.94142 2 4.157725 -3.94142 2 2.03615 -3.92176 2 4.13615 -3.92176 2 2.018 -3.9 2 4.118 -3.9 2 2.003525 -3.87654 2 4.103525 -3.87654 2 1.993025 -3.85176 2 4.093025 -3.85176 2 1.98665 -3.8261 2 4.08665 -3.8261 2 -2.034 -3.8 1.999684 -2.03451 -3.8 2 0.366 -3.8 1.999684 0.3654904 -3.8 2 1.2 -3.8 2 1.2 -3.8 2 1.2 -3.8 2 1.786 -3.8 2 1.9 -3.8 2 1.982 -3.8 2 1.985 -3.8 2 1.9845 -3.8 2 1.9845 -3.8 2 3.3 -3.8 2 3.3 -3.8 2 3.3 -3.8 2 4.085 -3.8 2 4.0845 -3.8 2 4.0845 -3.8 2 4.585 -3.8 2.001008 -2.765752 -3.87656 2.001008 -0.365752 -3.87656 2.00215 1.2 -3.8261 2.00215 1.2 -3.8261 2.00215 1.9845 -3.8261 2.00215 1.987213 -3.8261 2.00215 1.987213 -3.8261 2.00215 3.3 -3.8261 2.00215 3.3 -3.8261 2.00215 4.0845 -3.8261 2.00215 4.087213 -3.8261 2.00215 4.087213 -3.8261 2.002 -3.745 -3.8 2.002 -1.345 -3.8 2.002 1.167 -3.8 2.00215 1.167375 -3.8 2.00215 3.267375 -3.8 2.002 3.267 -3.8 2.00475 1.165725 -3.82742 2.00475 3.265725 -3.82742 2.007 2.486 -3.8 2.008525 1.2 -3.85176 2.008525 1.2 -3.85176 2.008525 1.9845 -3.85176 2.008525 1.995258 -3.85176 2.008525 1.995259 -3.85176 2.008525 3.3 -3.85176 2.008525 3.3 -3.85176 2.008525 4.0845 -3.85176 2.008525 4.095258 -3.85176 2.008525 4.095258 -3.85176 2.008525 1.1353 -3.8 2.008 1.135 -3.8 2.008 3.235 -3.8 2.008525 3.2353 -3.8 2.0122 1.164175 -3.85464 2.0122 3.264175 -3.85464 2.0122 1.1317 -3.82866 2.0122 3.2317 -3.82866 2.014515 -3.570552 -3.9848 2.014515 -1.170552 -3.9848 2.014297 -2.967672 -3.87656 2.014297 -0.5676716 -3.87656 2.014 1.939 -3.8 2.018767 -2.501893 -3.9848 2.018767 -0.1018924 -3.9848 2.019025 1.2 -3.87654 2.019025 1.2 -3.87654 2.019025 1.9845 -3.87654 2.019025 2.00851 -3.87654 2.019025 2.008508 -3.87654 2.019025 3.3 -3.87654 2.019025 3.3 -3.87654 2.019025 4.0845 -3.87654 2.019025 4.10851 -3.87654 2.019025 4.10851 -3.87654 2.02 -3.337 -3.8 2.019 1.104 -3.8 2.019025 1.104325 -3.8 2.019 3.204 -3.8 2.019025 3.204325 -3.8 2.021375 1.128475 -3.85722 2.021375 3.228475 -3.85722 2.0245 1.1629 -3.88108 2.0245 3.2629 -3.88108 2.0245 1.09865 -3.82968 2.0245 3.19865 -3.82968 2.026 1.864 -3.8 2.029 1.085 -3.8 2.0335 1.2 -3.9 2.0335 1.2 -3.9 2.0335 1.9845 -3.9 2.0335 2.026777 -3.9 2.0335 2.026774 -3.9 2.0335 3.3 -3.9 2.0335 3.3 -3.9 2.0335 4.0845 -3.9 2.0335 4.126777 -3.9 2.0335 4.126777 -3.9 2.033 1.075 -3.8 2.0335 1.075 -3.8 2.034 1.991 -3.8 2.033 3.175 -3.8 2.0335 3.175 -3.8 2.035 1.994 -3.8 2.036175 1.1259 -3.885 2.036175 3.2259 -3.885 2.036175 1.09375 -3.85928 2.036175 3.19375 -3.85928 2.037 -3.728 -3.8 2.036 -2.878 -3.8 2.038 -1.211 -3.8 2.04155 1.161975 -3.90616 2.04155 3.261975 -3.90616 2.04155 1.0673 -3.83042 2.04155 3.1673 -3.83042 2.05 -2.079 -3.8 2.05165 1.2 -3.92176 2.05165 1.2 -3.92176 2.05165 1.9845 -3.92176 2.05165 2.049678 -3.92176 2.05165 2.049682 -3.92176 2.05165 3.3 -3.92176 2.05165 3.3 -3.92176 2.05165 4.0845 -3.92176 2.05165 4.149682 -3.92176 2.05165 4.149682 -3.92176 2.051 -2.909 -3.8 2.052 1.048 -3.8 2.05165 1.0478 -3.8 2.05165 3.1478 -3.8 2.052 3.147 -3.8 2.053353 -2.751726 -3.94142 2.053353 -0.3517258 -3.94142 2.0541 1.090175 -3.88786 2.0541 3.190175 -3.88786 2.054 -2.857 -3.8 2.055 1.043 -3.8 2.056425 1.12425 -3.91112 2.056425 3.22425 -3.91112 2.056425 1.0611 -3.8606 2.056425 3.1611 -3.8606 2.056 1.95 -3.8 2.06 -2.232 -3.8 2.061 -2.77 -3.8 2.063869 -3.634848 -3.94142 2.063869 -1.234848 -3.94142 2.06305 1.1615 -3.92918 2.06305 3.2615 -3.92918 2.06305 1.038525 -3.8308 2.06305 3.138525 -3.8308 2.063 -2.742 -3.8 2.066314 -3.226957 -3.9848 2.066314 -0.826957 -3.9848 2.067961 -2.974787 -3.94142 2.067961 -0.5747866 -3.94142 2.073225 1.2 -3.94142 2.073225 1.2 -3.94142 2.073225 1.9845 -3.94142 2.073225 2.076904 -3.94142 2.073225 2.07691 -3.94142 2.073225 3.3 -3.94142 2.073225 3.3 -3.94142 2.073225 4.0845 -3.94142 2.073225 4.17691 -3.94142 2.073225 4.17691 -3.94142 2.073225 1.023225 -3.8 2.073 1.023 -3.8 2.073 3.124 -3.8 2.073225 3.123225 -3.8 2.075 -2.578 -3.8 2.078 1.088275 -3.91434 2.078 3.188275 -3.91434 2.078 1.057075 -3.88938 2.078 3.157075 -3.88938 2.079 -2.517 -3.8 2.08165 1.1237 -3.93468 2.08165 3.2237 -3.93468 2.08165 1.03165 -3.86104 2.08165 3.13165 -3.86104 2.086 -2.821 -3.8 2.088525 1.1615 -3.94956 2.088525 3.2615 -3.94956 2.088525 1.01305 -3.8308 2.088525 3.11305 -3.8308 2.09466 -2.443689 -3.99998 2.09466 -0.04368861 -3.99998 2.095 -2.84 -3.8 2.0978 1.2 -3.95868 2.0978 1.2 -3.95868 2.0978 1.9845 -3.95868 2.0978 2.107916 -3.95868 2.0978 2.107924 -3.95868 2.0978 3.3 -3.95868 2.0978 3.3 -3.95868 2.0978 4.0845 -3.95868 2.0978 4.207923 -3.95868 2.0978 4.207923 -3.95868 2.096864 -3.677765 -3.87656 2.096864 -1.277765 -3.87656 2.098 1.002 -3.8 2.0978 1.00165 -3.8 2.098 3.101 -3.8 2.0978 3.10165 -3.8 2.10565 1.05565 -3.91548 2.10565 3.15565 -3.91548 2.107075 1.088275 -3.9376 2.107075 3.188275 -3.9376 2.107075 1.028 -3.88938 2.107075 3.128 -3.88938 2.108 -3.693 -3.8 2.107 -2.129 -3.8 2.108446 -3.692898 -3.8 2.108 -1.293 -3.8 2.108446 -1.292897 -3.8 2.108 2.513 -3.8 2.1111 1.12425 -3.95486 2.1111 3.22425 -3.95486 2.1111 1.006425 -3.8606 2.1111 3.106425 -3.8606 2.1173 1.161975 -3.96676 2.1173 3.261975 -3.96676 2.1173 0.99155 -3.83042 2.1173 3.09155 -3.83042 2.125 1.2 -3.9732 2.125 1.2 -3.9732 2.125 1.9845 -3.9732 2.125 2.14225 -3.9732 2.125 2.14224 -3.9732 2.125 3.3 -3.9732 2.125 3.3 -3.9732 2.125 4.0845 -3.9732 2.125 4.24225 -3.9732 2.125 4.24225 -3.9732 2.125 0.9835001 -3.8 2.125 0.984 -3.8 2.125 3.084 -3.8 2.125 3.0835 -3.8 2.131618 -2.730754 -3.9848 2.131618 -0.3307544 -3.9848 2.133 -2.268 -3.8 2.138275 1.057075 -3.9376 2.138275 3.157075 -3.9376 2.138275 1.028 -3.91434 2.138275 3.128 -3.91434 2.140175 1.090175 -3.95672 2.140175 3.190175 -3.95672 2.140175 1.0041 -3.88786 2.140175 3.1041 -3.88786 2.14 -2.158 -3.8 2.14375 1.1259 -3.97106 2.14375 3.2259 -3.97106 2.14375 0.9861751 -3.85928 2.14375 3.086175 -3.85928 2.144 2.522 -3.8 2.149118 -3.274763 -3.99998 2.149118 -0.874763 -3.99998 2.148321 -2.98538 -3.9848 2.148321 -0.5853796 -3.9848 2.14865 1.1629 -3.9804 2.14865 3.2629 -3.9804 2.14865 0.9745001 -3.82968 2.14865 3.0745 -3.82968 2.149 -3.646 -3.8 2.148 -1.248 -3.8 2.154325 1.2 -3.98478 2.154325 1.2 -3.98478 2.154325 1.9845 -3.98478 2.154325 2.179258 -3.98478 2.154325 2.179246 -3.98478 2.154325 3.3 -3.98478 2.154325 3.3 -3.98478 2.154325 4.0845 -3.98478 2.154325 4.279258 -3.98478 2.154325 4.279258 -3.98478 2.154 0.969 -3.8 2.154325 0.969025 -3.8 2.154 3.069 -3.8 2.154325 3.069025 -3.8 2.163 -2.178 -3.8 2.170552 -2.385485 -3.9848 2.170552 0.01451519 -3.9848 2.173 -1.219 -3.8 2.17425 1.0611 -3.95486 2.17425 3.1611 -3.95486 2.1737 1.03165 -3.93468 2.1737 3.13165 -3.93468 2.17425 1.006425 -3.91112 2.17425 3.106425 -3.91112 2.1759 1.09375 -3.97106 2.1759 3.19375 -3.97106 2.1759 0.9861751 -3.885 2.1759 3.086175 -3.885 2.178475 1.128475 -3.9829 2.178475 3.228475 -3.9829 2.178475 0.971375 -3.85722 2.178475 3.071375 -3.85722 2.1817 1.164175 -3.99024 2.1817 3.264175 -3.99024 2.1817 0.9622 -3.82866 2.1817 3.0622 -3.82866 2.183 -3.608 -3.8 2.1853 1.2 -3.99318 2.1853 1.2 -3.99318 2.1853 1.9845 -3.99318 2.1853 2.218349 -3.99318 2.1853 2.218334 -3.99318 2.1853 3.3 -3.99318 2.1853 3.3 -3.99318 2.1853 4.0845 -3.99318 2.1853 4.318348 -3.99318 2.1853 4.318348 -3.99318 2.185 0.959 -3.8 2.1853 0.9585251 -3.8 2.1853 3.058525 -3.8 2.185 3.059 -3.8 2.202 -0.816 -3.8 2.204 -1.183 -3.8 2.207 1.914 -3.8 2.211975 1.0673 -3.96676 2.211975 3.1673 -3.96676 2.2115 1.038525 -3.94956 2.2115 3.138525 -3.94956 2.2115 1.01305 -3.92918 2.2115 3.11305 -3.92918 2.2129 1.09865 -3.9804 2.2129 3.19865 -3.9804 2.211975 0.99155 -3.90616 2.211975 3.09155 -3.90616 2.2129 0.9745001 -3.88108 2.2129 3.0745 -3.88108 2.214175 1.1317 -3.99024 2.214175 3.2317 -3.99024 2.214175 0.9622 -3.85464 2.214175 3.0622 -3.85464 2.215725 1.165725 -3.9962 2.215725 3.265725 -3.9962 2.215725 0.9547501 -3.82742 2.215725 3.05475 -3.82742 2.217375 1.2 -3.99828 2.217375 1.2 -3.99828 2.217375 1.9845 -3.99828 2.217375 2.258827 -3.99828 2.217375 2.25881 -3.99828 2.217375 3.3 -3.99828 2.217375 3.3 -3.99828 2.217375 4.0845 -3.99828 2.217375 4.358827 -3.99828 2.217375 4.358827 -3.99828 2.217 0.952 -3.8 2.217375 0.95215 -3.8 2.217 3.052 -3.8 2.217375 3.05215 -3.8 2.224 -2.706 -3.99998 2.224 -0.306 -3.99998 2.226 -0.485 -3.8 2.231921 -3.322569 -3.9848 2.231921 -0.922569 -3.9848 2.234848 -2.336131 -3.94142 2.234848 0.0638694 -3.94142 2.239 2.547 -3.8 2.243147 -2.997838 -3.99998 2.243147 -0.5978382 -3.99998 2.25 1.2 -4 2.25 1.2 -4 2.25 1.9845 -4 2.25 2.3 -4 2.25 2.3 -4 2.25 3.3 -4 2.25 3.3 -4 2.25 4.0845 -4 2.25 4.4 -4 2.25 4.4 -4 2.25 1.167375 -3.99828 2.25 2.332625 -3.99828 2.25 2.332625 -3.99828 2.25 3.267375 -3.99828 2.25 4.432625 -3.99828 2.25 4.432625 -3.99828 2.25 1.1353 -3.99318 2.25 2.3647 -3.99318 2.25 2.3647 -3.99318 2.25 3.2353 -3.99318 2.25 4.4647 -3.99318 2.25 4.4647 -3.99318 2.25 1.104325 -3.98478 2.25 2.395675 -3.98478 2.25 2.395675 -3.98478 2.25 3.204325 -3.98478 2.25 4.495675 -3.98478 2.25 4.495675 -3.98478 2.25 1.075 -3.9732 2.25 2.425 -3.9732 2.25 2.425 -3.9732 2.25 3.175 -3.9732 2.25 4.525 -3.9732 2.25 4.525 -3.9732 2.25 1.0478 -3.95868 2.25 2.4522 -3.95868 2.25 2.4522 -3.95868 2.25 3.1478 -3.95868 2.25 4.5522 -3.95868 2.25 4.5522 -3.95868 2.25 1.023225 -3.94142 2.25 2.476775 -3.94142 2.25 2.476775 -3.94142 2.25 3.123225 -3.94142 2.25 4.576775 -3.94142 2.25 4.576775 -3.94142 2.25 1.00165 -3.92176 2.25 2.49835 -3.92176 2.25 2.49835 -3.92176 2.25 3.10165 -3.92176 2.25 4.59835 -3.92176 2.25 4.59835 -3.92176 2.25 0.9835001 -3.9 2.25 2.5165 -3.9 2.25 2.5165 -3.9 2.25 3.0835 -3.9 2.25 4.6165 -3.9 2.25 4.6165 -3.9 2.25 0.969025 -3.87654 2.25 2.530975 -3.87654 2.25 2.530975 -3.87654 2.25 3.069025 -3.87654 2.25 4.630975 -3.87654 2.25 4.630975 -3.87654 2.25 0.9585251 -3.85176 2.25 2.541475 -3.85176 2.25 2.541475 -3.85176 2.25 3.058525 -3.85176 2.25 4.641475 -3.85176 2.25 4.641475 -3.85176 2.25 0.95215 -3.8261 2.25 2.54785 -3.8261 2.25 2.54785 -3.8261 2.25 3.05215 -3.8261 2.25 4.64785 -3.8261 2.25 4.64785 -3.8261 2.25 -2.254 -3.8 2.25 0.95 -3.8 2.25 0.95 -3.8 2.25 2.55 -3.8 2.25 2.55 -3.8 2.25 2.55 -3.8 2.25 3.05 -3.8 2.25 3.05 -3.8 2.25 4.65 -3.8 2.25 4.65 -3.8 2.25 4.65 -3.8 2.259 2.549 -3.8 2.271 -2.272 -3.8 2.271 0.128 -3.8 2.277765 -2.303136 -3.87656 2.277765 0.09686399 -3.87656 2.282625 1.2 -3.99828 2.282625 2.3 -3.99828 2.282625 3.3 -3.99828 2.282625 4.4 -3.99828 2.283 0.952 -3.8 2.282625 0.95215 -3.8 2.283 2.548 -3.8 2.282625 2.54785 -3.8 2.283 3.052 -3.8 2.282625 3.05215 -3.8 2.282625 4.64785 -3.8 2.283 4.648 -3.8 2.284275 1.165725 -3.9962 2.284275 2.334275 -3.9962 2.284275 3.265725 -3.9962 2.284275 4.434275 -3.9962 2.284275 0.9547501 -3.82742 2.284275 2.54525 -3.82742 2.284275 3.05475 -3.82742 2.284275 4.64525 -3.82742 2.285825 1.1317 -3.99024 2.285825 2.3683 -3.99024 2.285825 3.2317 -3.99024 2.285825 4.4683 -3.99024 2.285825 0.9622 -3.85464 2.285825 2.5378 -3.85464 2.285825 3.0622 -3.85464 2.285825 4.6378 -3.85464 2.2871 1.09865 -3.9804 2.2871 2.40135 -3.9804 2.2871 3.19865 -3.9804 2.2871 4.50135 -3.9804 2.288025 1.0673 -3.96676 2.288025 2.4327 -3.96676 2.288025 3.1673 -3.96676 2.288025 4.5327 -3.96676 2.2885 1.038525 -3.94956 2.2885 2.461475 -3.94956 2.2885 3.138525 -3.94956 2.2885 4.561475 -3.94956 2.2885 1.01305 -3.92918 2.2885 2.48695 -3.92918 2.2885 3.11305 -3.92918 2.2885 4.58695 -3.92918 2.288025 0.99155 -3.90616 2.288025 2.50845 -3.90616 2.288025 3.09155 -3.90616 2.288025 4.60845 -3.90616 2.2871 0.9745001 -3.88108 2.2871 2.5255 -3.88108 2.2871 3.0745 -3.88108 2.2871 4.6255 -3.88108 2.29 0.111 -3.8 2.293 -2.292 -3.8 2.292897 -2.291554 -3.8 2.292897 0.1084458 -3.8 2.293 0.108 -3.8 2.302148 -3.363114 -3.94142 2.302148 -0.963114 -3.94142 2.3147 1.2 -3.99318 2.3147 2.3 -3.99318 2.3147 3.3 -3.99318 2.3147 4.4 -3.99318 2.3147 0.9585251 -3.8 2.315 0.959 -3.8 2.315 2.542 -3.8 2.3147 2.541475 -3.8 2.3147 3.058525 -3.8 2.315 3.059 -3.8 2.315 4.642 -3.8 2.3147 4.641475 -3.8 2.316382 -2.681246 -3.9848 2.316382 -0.2812456 -3.9848 2.3183 1.164175 -3.99024 2.3183 2.335825 -3.99024 2.3183 3.264175 -3.99024 2.3183 4.435825 -3.99024 2.3183 0.9622 -3.82866 2.3183 2.5378 -3.82866 2.3183 3.0622 -3.82866 2.3183 4.6378 -3.82866 2.321525 1.128475 -3.9829 2.321525 2.371525 -3.9829 2.321525 3.228475 -3.9829 2.321525 4.471525 -3.9829 2.321525 0.971375 -3.85722 2.321525 2.528625 -3.85722 2.321525 3.071375 -3.85722 2.321525 4.628625 -3.85722 2.3241 1.09375 -3.97106 2.3241 2.40625 -3.97106 2.3241 3.19375 -3.97106 2.3241 4.50625 -3.97106 2.3241 0.9861751 -3.885 2.3241 2.513825 -3.885 2.3241 3.086175 -3.885 2.3241 4.613825 -3.885 2.32575 1.0611 -3.95486 2.32575 2.4389 -3.95486 2.32575 3.1611 -3.95486 2.32575 4.5389 -3.95486 2.3263 1.03165 -3.93468 2.3263 2.46835 -3.93468 2.3263 3.13165 -3.93468 2.3263 4.56835 -3.93468 2.32575 1.006425 -3.91112 2.32575 2.493575 -3.91112 2.32575 3.106425 -3.91112 2.32575 4.593575 -3.91112 2.331 0.964 -3.8 2.337974 -3.010297 -3.9848 2.337974 -0.6102968 -3.9848 2.339 -1.03 -3.8 2.34 2.533 -3.8 2.34 2.533 -3.8 2.343 0.968 -3.8 2.345675 1.2 -3.98478 2.345675 2.3 -3.98478 2.345675 3.3 -3.98478 2.345675 4.4 -3.98478 2.346 0.969 -3.8 2.345675 0.969025 -3.8 2.346 2.531 -3.8 2.345675 2.530975 -3.8 2.346 3.069 -3.8 2.345675 3.069025 -3.8 2.345 4.631 -3.8 2.345675 4.630975 -3.8 2.349058 -3.390197 -3.87656 2.349058 -0.9901969 -3.87656 2.35135 1.1629 -3.9804 2.35135 2.3371 -3.9804 2.35135 3.2629 -3.9804 2.35135 4.4371 -3.9804 2.35135 0.9745001 -3.82968 2.35135 2.5255 -3.82968 2.35135 3.0745 -3.82968 2.35135 4.6255 -3.82968 2.351 2.528 -3.8 2.351 2.528 -3.8 2.354 -1.013 -3.8 2.35625 1.1259 -3.97106 2.35625 2.3741 -3.97106 2.35625 3.2259 -3.97106 2.35625 4.4741 -3.97106 2.35625 0.9861751 -3.85928 2.35625 2.513825 -3.85928 2.35625 3.086175 -3.85928 2.35625 4.613825 -3.85928 2.359825 1.090175 -3.95672 2.359825 2.409825 -3.95672 2.359825 3.190175 -3.95672 2.359825 4.509825 -3.95672 2.359825 1.0041 -3.88786 2.359825 2.4959 -3.88786 2.359825 3.1041 -3.88786 2.359825 4.5959 -3.88786 2.361725 1.057075 -3.9376 2.361725 2.442925 -3.9376 2.361725 3.157075 -3.9376 2.361725 4.542925 -3.9376 2.361725 1.028 -3.91434 2.361725 2.472 -3.91434 2.361725 3.128 -3.91434 2.361725 4.572 -3.91434 2.365 -3.4 -3.8 2.36549 -3.399684 -3.8 2.36549 -0.999684 -3.8 2.365 -1 -3.8 2.375 1.2 -3.9732 2.375 2.3 -3.9732 2.375 3.3 -3.9732 2.375 4.4 -3.9732 2.375 0.984 -3.8 2.375 0.9835001 -3.8 2.375 2.517 -3.8 2.375 2.5165 -3.8 2.375 3.084 -3.8 2.375 3.0835 -3.8 2.375 4.616 -3.8 2.375 4.6165 -3.8 2.3827 1.161975 -3.96676 2.3827 2.338025 -3.96676 2.3827 3.261975 -3.96676 2.3827 4.438025 -3.96676 2.3827 0.99155 -3.83042 2.3827 2.50845 -3.83042 2.3827 3.09155 -3.83042 2.3827 4.60845 -3.83042 2.3889 1.12425 -3.95486 2.3889 2.37575 -3.95486 2.3889 3.22425 -3.95486 2.3889 4.47575 -3.95486 2.3889 1.006425 -3.8606 2.3889 2.493575 -3.8606 2.3889 3.106425 -3.8606 2.3889 4.593575 -3.8606 2.392925 1.088275 -3.9376 2.392925 2.411725 -3.9376 2.392925 3.188275 -3.9376 2.392925 4.511725 -3.9376 2.392925 1.028 -3.88938 2.392925 2.472 -3.88938 2.392925 3.128 -3.88938 2.392925 4.572 -3.88938 2.394647 -2.660274 -3.94142 2.394647 -0.2602742 -3.94142 2.39435 1.05565 -3.91548 2.39435 2.44435 -3.91548 2.39435 3.15565 -3.91548 2.39435 4.54435 -3.91548 2.4022 1.2 -3.95868 2.4022 2.3 -3.95868 2.4022 3.3 -3.95868 2.4022 4.4 -3.95868 2.402 1.002 -3.8 2.4022 1.00165 -3.8 2.402 2.498 -3.8 2.4022 2.49835 -3.8 2.402 3.102 -3.8 2.4022 3.10165 -3.8 2.402 4.599 -3.8 2.4022 4.59835 -3.8 2.405 -0.118 -3.8 2.411475 1.1615 -3.94956 2.411475 2.3385 -3.94956 2.411475 3.2615 -3.94956 2.411475 4.4385 -3.94956 2.411475 1.01305 -3.8308 2.411475 2.48695 -3.8308 2.411475 3.11305 -3.8308 2.411475 4.58695 -3.8308 2.412 -0.133 -3.8 2.418333 -3.02089 -3.94142 2.418333 -0.6208898 -3.94142 2.41835 1.1237 -3.93468 2.41835 2.3763 -3.93468 2.41835 3.2237 -3.93468 2.41835 4.4763 -3.93468 2.41835 1.03165 -3.86104 2.41835 2.46835 -3.86104 2.41835 3.13165 -3.86104 2.41835 4.56835 -3.86104 2.422 1.088275 -3.91434 2.422 2.411725 -3.91434 2.422 3.188275 -3.91434 2.422 4.511725 -3.91434 2.422 1.057075 -3.88938 2.422 2.442925 -3.88938 2.422 3.157075 -3.88938 2.422 4.542925 -3.88938 2.426775 1.2 -3.94142 2.426775 2.3 -3.94142 2.426775 3.3 -3.94142 2.426775 4.4 -3.94142 2.426775 1.023225 -3.8 2.427 1.023 -3.8 2.427 2.477 -3.8 2.426775 2.476775 -3.8 2.427 3.123 -3.8 2.426775 3.123225 -3.8 2.427 4.577 -3.8 2.426775 4.576775 -3.8 2.43695 1.1615 -3.92918 2.43695 2.3385 -3.92918 2.43695 3.2615 -3.92918 2.43695 4.4385 -3.92918 2.43695 1.038525 -3.8308 2.43695 2.461475 -3.8308 2.43695 3.138525 -3.8308 2.43695 4.561475 -3.8308 2.439 2.462 -3.8 2.443575 1.12425 -3.91112 2.443575 2.37575 -3.91112 2.443575 3.22425 -3.91112 2.443575 4.47575 -3.91112 2.443575 1.0611 -3.8606 2.443575 2.4389 -3.8606 2.443575 3.1611 -3.8606 2.443575 4.5389 -3.8606 2.444 2.457 -3.8 2.4459 1.090175 -3.88786 2.4459 2.409825 -3.88786 2.4459 3.190175 -3.88786 2.4459 4.509825 -3.88786 2.446992 -2.646248 -3.87656 2.446992 -0.246248 -3.87656 2.44835 1.2 -3.92176 2.44835 2.3 -3.92176 2.44835 3.3 -3.92176 2.44835 4.4 -3.92176 2.44835 1.0478 -3.8 2.448 1.048 -3.8 2.448 2.452 -3.8 2.44835 2.4522 -3.8 2.44835 3.1478 -3.8 2.448 3.148 -3.8 2.44835 4.5522 -3.8 2.448 4.552 -3.8 2.45845 1.161975 -3.90616 2.45845 2.338025 -3.90616 2.45845 3.261975 -3.90616 2.45845 4.438025 -3.90616 2.45845 1.0673 -3.83042 2.45845 2.4327 -3.83042 2.45845 3.1673 -3.83042 2.45845 4.5327 -3.83042 2.463825 1.1259 -3.885 2.463825 2.3741 -3.885 2.463825 3.2259 -3.885 2.463825 4.4741 -3.885 2.463825 1.09375 -3.85928 2.463825 2.40625 -3.85928 2.463825 3.19375 -3.85928 2.463825 4.50625 -3.85928 2.465 -2.641 -3.8 2.465309 -2.64134 -3.8 2.465 -0.241 -3.8 2.465309 -0.2413398 -3.8 2.4665 1.2 -3.9 2.4665 2.3 -3.9 2.4665 3.3 -3.9 2.4665 4.4 -3.9 2.4665 1.075 -3.8 2.466 1.075 -3.8 2.466 2.425 -3.8 2.4665 2.425 -3.8 2.4665 3.175 -3.8 2.466 3.175 -3.8 2.466 4.525 -3.8 2.4665 4.525 -3.8 2.471998 -3.028005 -3.87656 2.471998 -0.6280048 -3.87656 2.4755 1.1629 -3.88108 2.4755 2.3371 -3.88108 2.4755 3.2629 -3.88108 2.4755 4.4371 -3.88108 2.4755 1.09865 -3.82968 2.4755 2.40135 -3.82968 2.4755 3.19865 -3.82968 2.4755 4.50135 -3.82968 2.478625 1.128475 -3.85722 2.478625 2.371525 -3.85722 2.478625 3.228475 -3.85722 2.478625 4.471525 -3.85722 2.480975 1.2 -3.87654 2.480975 2.3 -3.87654 2.480975 3.3 -3.87654 2.480975 4.4 -3.87654 2.481 1.105 -3.8 2.480975 1.104325 -3.8 2.480975 2.395675 -3.8 2.481 2.396 -3.8 2.480975 3.204325 -3.8 2.481 3.204 -3.8 2.481 4.496 -3.8 2.480975 4.495675 -3.8 2.482 3.206 -3.8 2.4878 1.164175 -3.85464 2.4878 2.335825 -3.85464 2.4878 3.264175 -3.85464 2.4878 4.435825 -3.85464 2.4878 1.1317 -3.82866 2.4878 2.3683 -3.82866 2.4878 3.2317 -3.82866 2.4878 4.4683 -3.82866 2.491475 1.2 -3.85176 2.491475 2.3 -3.85176 2.491475 3.3 -3.85176 2.491475 4.4 -3.85176 2.491 -3.03 -3.8 2.490894 -3.030469 -3.8 2.491 -0.63 -3.8 2.490894 -0.6304685 -3.8 2.491475 1.1353 -3.8 2.491 1.135 -3.8 2.491475 2.3647 -3.8 2.491 2.365 -3.8 2.491 3.235 -3.8 2.491475 3.2353 -3.8 2.491475 4.4647 -3.8 2.491 4.465 -3.8 2.49525 1.165725 -3.82742 2.49525 2.334275 -3.82742 2.49525 3.265725 -3.82742 2.49525 4.434275 -3.82742 2.49785 1.2 -3.8261 2.49785 2.3 -3.8261 2.49785 3.3 -3.8261 2.49785 4.4 -3.8261 2.49785 1.167375 -3.8 2.498 1.167 -3.8 2.49785 2.332625 -3.8 2.498 2.333 -3.8 2.498 3.267 -3.8 2.49785 3.267375 -3.8 2.498 4.433 -3.8 2.49785 4.432625 -3.8 2.5 1.2 -3.8 2.5 1.2 -3.8 2.5 2.3 -3.8 2.5 2.3 -3.8 2.5 3.3 -3.8 2.5 3.3 -3.8 2.5 4.4 -3.8 2.5 4.4 -3.8</float_array><technique_common><accessor count="3169" source="#logo-lego-pos-array" stride="3"><param name="X" type="float" /><param name="Y" type="float" /><param name="Z" type="float" /></accessor></technique_common></source><source id="logo-lego-norm" name="logo-lego-norm"><float_array id="logo-lego-norm-array" count="9507">0 0 1 -0.9944813 -0.0655385 -0.08192337 -0.9966241 0 -0.08209988 0 0 1 0 0 1 -0.9966241 0 -0.08209988 0 0 1 -0.9944814 0.06553857 -0.08192337 -0.9966241 0 -0.08209988 0 0 1 -0.9880912 -0.06748864 -0.1382793 -0.9819798 0 -0.1889852 -0.9907317 0 -0.1358339 -0.9880912 0.0674886 -0.1382792 -0.9903492 0 -0.1385952 0 0 0.9999999 -0.9902331 -0.1108631 -0.08454414 -0.9902332 0.1108631 -0.08454388 0 0 1 0 0 1 -0.9902331 -0.1108632 -0.08454385 -0.9902331 0.1108632 -0.08454385 0 0 1 -0.975595 -0.1371688 -0.1714613 -0.9755952 0.1371688 -0.1714612 -0.9755952 -0.1371689 -0.1714611 -0.9755952 0.1371689 -0.1714611 0 0 1 -0.9397033 0 -0.3419908 -0.9521946 -0.06876014 -0.2976532 -0.9521947 0.06876009 -0.2976532 -0.9563619 0 -0.2921847 -0.9544535 -1.268211E-09 -0.2983593 0 0 1 -0.9664264 -0.2416818 -0.08723569 -0.9664264 0.2416818 -0.08723547 0 0 1 0 0 1 -0.9664264 -0.2416819 -0.08723477 0 0 1 -0.9664264 0.2416819 -0.08723477 0 0 1 -0.9314163 -0.1421001 -0.335069 -0.9314162 0.1421001 -0.3350691 -0.9314163 -0.1421 -0.3350689 -0.9314163 0.1421 -0.3350689 -0.9452518 -0.2720367 -0.1802637 -0.9452516 0.272037 -0.1802639 -0.945252 -0.2720365 -0.1802631 -0.945252 0.2720366 -0.1802631 0 0 1 -0.9519647 0.1892471 -0.2407254 -0.9519647 0.1892471 -0.2407255 0 0 1 -0.8761384 0 -0.4820595 -0.8928045 -0.06940152 -0.4450658 -0.8994675 0 -0.4369878 -0.8928044 0.06940154 -0.4450658 -0.8949625 0 -0.4461416 0 0 1 -0.9250997 -0.3689314 -0.08989006 -0.9250996 0.3689315 -0.08989041 0 0 1 -0.9251 -0.3689308 -0.08988909 0 0 1 -0.9251 0.3689308 -0.08988909 0 0 1 -0.8931383 -0.2809766 -0.3512208 -0.8931384 0.2809766 -0.3512207 -0.8931383 -0.2809766 -0.3512207 -0.8931384 0.2809766 -0.3512207 -0.862456 -0.1445953 -0.485038 -0.862456 0.1445953 -0.485038 -0.8624559 -0.1445952 -0.4850383 -0.8624559 0.1445952 -0.4850383 -0.8957393 -0.4030043 -0.1877197 -0.8957393 0.4030043 -0.1877196 -0.8957392 -0.4030046 -0.1877193 -0.8957393 0.4030045 -0.1877193 -0.8149716 -0.06867516 -0.5754173 -0.7969047 0 -0.6041049 -0.8149716 0.06867517 -0.5754172 -0.8247002 0 -0.5655701 -0.8169002 0 -0.5767791 0 0 1 0 0 1 -0.8670624 -0.4897563 -0.09133103 0 0 1 -0.8827697 0.1090944 -0.4569639 -0.8827697 0.1090944 -0.4569638 -0.8670626 0.4897562 -0.09133161 0 0 1 -0.8670623 -0.4897568 -0.09133083 -0.8670623 0.4897567 -0.09133083 0 0 1 -0.8138361 -0.2842989 -0.5067987 -0.8138362 0.2842987 -0.5067987 -0.8138359 -0.284299 -0.5067991 -0.8138359 0.2842991 -0.5067992 -0.8336627 -0.4153162 -0.3640316 -0.8336629 0.415316 -0.3640311 -0.8336622 -0.4153166 -0.3640321 -0.8336623 0.4153166 -0.3640321 0 0 1 -0.7743163 -0.1445639 -0.6160645 -0.7743163 0.144564 -0.6160646 -0.7743164 -0.1445638 -0.6160645 -0.7743164 0.1445639 -0.6160645 -0.8277209 -0.5268431 -0.1931694 -0.8277209 0.5268432 -0.1931689 -0.8277206 -0.5268436 -0.193169 -0.8277206 0.5268437 -0.193169 0 0 1 -0.9520265 -0.1894439 -0.2403263 -0.9520265 -0.1894439 -0.240326 0 0 1 -0.7058342 0 -0.7083772 -0.7234312 -0.06752997 -0.6870858 -0.7373856 0 -0.6754721 -0.7234313 0.06753001 -0.6870858 -0.7250865 2.138439E-09 -0.6886578 0 0 1 -0.7928215 -0.602392 -0.09251005 -0.7928212 0.6023921 -0.09251072 0 0 1 0 0 1 -0.7928212 -0.6023921 -0.09251072 -0.7928212 0.6023921 -0.09251072 0 0 1 -0.7428079 -0.4182364 -0.5227953 -0.7428076 0.4182362 -0.5227956 -0.742808 -0.4182365 -0.522795 -0.742808 0.4182365 -0.522795 -0.713829 -0.2821872 -0.6409513 -0.7138289 0.2821872 -0.6409515 -0.7138291 -0.2821871 -0.6409511 -0.7138291 0.2821871 -0.6409511 -0.7537418 -0.5414314 -0.3724585 -0.7537419 0.5414318 -0.372458 -0.7537418 -0.5414314 -0.3724584 -0.7537419 0.5414314 -0.3724584 -0.8573493 -0.2369926 -0.4569317 -0.8573494 -0.2369926 -0.4569316 -0.6725207 -0.1421069 -0.7263068 -0.6725206 0.1421069 -0.7263068 -0.6725207 -0.1421069 -0.7263067 -0.6725207 0.1421069 -0.7263067 -0.7420177 -0.6410903 -0.1959918 -0.7420177 0.6410906 -0.1959915 -0.7420177 -0.6410906 -0.1959915 -0.7420177 0.6410906 -0.1959915 -0.623346 -0.065701 -0.7791812 -0.6081324 0 -0.7938357 -0.6411376 0 -0.7674259 -0.623346 0.06570108 -0.7791811 -0.6246957 -1.030177E-09 -0.7808682 -0.704058 -0.704058 -0.09276156 0 0 1 -0.7040579 0.7040579 -0.09276209 0 0 1 0 0 1 -0.7040579 -0.7040579 -0.09276209 0 0 1 -0.7040579 0.7040579 -0.09276209 -0.631664 -0.4118809 -0.656776 -0.6316641 0.4118807 -0.6567761 -0.6316643 -0.4118807 -0.6567758 -0.6316643 0.4118807 -0.6567758 -0.6514641 -0.5418904 -0.5309889 -0.6514642 0.5418903 -0.5309889 -0.6514642 -0.5418907 -0.5309885 -0.6514642 0.5418907 -0.5309885 -0.6005823 -0.2751554 -0.7507266 -0.6005824 0.2751554 -0.7507266 -0.6005824 -0.2751554 -0.7507266 -0.6005824 0.2751554 -0.7507266 -0.655408 -0.6554066 -0.3753431 -0.6554083 0.6554068 -0.3753424 -0.6554073 -0.6554073 -0.3753429 -0.6554073 0.6554073 -0.3753429 0 0 1 -0.5631669 -0.1377338 -0.8147836 -0.563167 0.1377338 -0.8147836 -0.5631669 -0.1377338 -0.8147837 -0.5631669 0.1377338 -0.8147837 -0.6246626 0.07094447 -0.7776654 -0.6246627 0.07094449 -0.7776654 -0.6410902 -0.7420182 -0.1959911 -0.6410903 0.7420181 -0.1959907 -0.6410906 -0.7420177 -0.1959915 -0.6410906 0.7420177 -0.1959915 0 0 0.9999999 0 0 1 -0.5057542 0 -0.8626776 -0.518362 -0.06368513 -0.8527867 -0.5183619 0.06368515 -0.8527866 -0.5404297 0 -0.8413892 -0.5194163 0 -0.8545213 0 0 1 -0.602391 -0.7928219 -0.09251176 0 0 1 -0.6023912 0.7928217 -0.09251217 -0.6023921 -0.7928212 -0.09251072 0 0 1 -0.6023921 0.7928212 -0.09251072 0 0 1 0 0 1 -0.5298136 -0.5298121 -0.6622663 -0.5298138 0.5298116 -0.6622666 -0.5298131 -0.5298131 -0.6622658 -0.5298131 0.5298131 -0.6622658 -0.5081445 -0.398339 -0.7636199 -0.5081446 0.3983388 -0.7636198 -0.5081443 -0.3983388 -0.7636202 -0.5081442 0.3983388 -0.7636202 -0.5418912 -0.6514635 -0.5309889 -0.5418912 0.6514639 -0.5309885 -0.5418907 -0.6514642 -0.5309885 -0.5418907 0.6514642 -0.5309885 -0.4805125 -0.264441 -0.8361691 -0.4805126 0.264441 -0.836169 -0.4805124 -0.2644409 -0.8361692 -0.4805124 0.2644409 -0.8361692 -0.6043084 -0.1735323 -0.7776232 -0.6043085 -0.1735323 -0.7776232 -0.5414312 -0.7537424 -0.3724575 -0.5414311 0.7537427 -0.372457 -0.5414314 -0.7537419 -0.3724584 -0.5414314 0.7537418 -0.3724584 -0.4497917 -0.1319322 -0.8833354 -0.4497917 0.1319322 -0.8833354 -0.4497916 -0.1319321 -0.8833354 -0.4497917 0.1319321 -0.8833354 -0.5268424 -0.8277217 -0.193168 -0.5268426 0.8277215 -0.1931679 -0.5268437 -0.8277206 -0.193169 -0.5268436 0.8277206 -0.193169 -0.4018976 0 -0.9156845 -0.4110104 -0.0613179 -0.9095662 -0.436499 0 -0.8997048 -0.4110104 0.0613179 -0.9095662 -0.4117853 -2.004855E-09 -0.9112809 -0.4897566 -0.867062 -0.09133343 0 0 1 0 0 1 -0.4897574 0.8670615 -0.0913351 0 0 1 -0.4897567 -0.8670623 -0.09133083 0 0 1 -0.4897568 0.8670623 -0.09133083 0 0 1 -0.3983392 -0.508144 -0.7636201 -0.3983391 0.5081439 -0.7636201 -0.3983388 -0.5081442 -0.7636202 -0.3983388 0.5081443 -0.7636202 -0.411881 -0.6316636 -0.6567764 -0.4118807 0.6316639 -0.6567762 -0.4118807 -0.6316643 -0.6567758 -0.4118807 0.6316643 -0.6567758 -0.3799063 -0.3799059 -0.8434113 -0.3799066 0.3799058 -0.8434113 -0.379906 -0.379906 -0.8434114 -0.379906 0.379906 -0.8434114 -0.4182361 -0.7428085 -0.5227945 -0.4182359 0.7428089 -0.5227941 -0.4182365 -0.742808 -0.522795 -0.4182365 0.742808 -0.522795 -0.8071404 0.5392073 -0.2403747 0 0 1 -0.8071403 0.5392073 -0.2403751 0 0 1 -0.3583471 -0.2512763 -0.8991372 -0.3583471 0.2512762 -0.8991373 -0.3583474 -0.2512765 -0.899137 -0.3583474 0.2512765 -0.899137 -0.4153159 -0.8336634 -0.3640304 -0.4153162 0.8336631 -0.3640304 -0.4153166 -0.8336623 -0.3640321 -0.4153166 0.8336622 -0.3640321 -0.3359969 -0.1252043 -0.9335042 -0.3359968 0.1252043 -0.9335042 -0.335997 -0.1252042 -0.9335042 -0.335997 0.1252042 -0.9335042 -0.4030062 -0.8957382 -0.1877205 -0.4030067 0.8957378 -0.1877209 -0.4030045 -0.8957393 -0.1877193 -0.4030046 0.8957392 -0.1877193 -0.2969107 0 -0.9549052 -0.3034177 -0.05914297 -0.9510204 -0.3321442 0 -0.9432286 -0.3034177 0.059143 -0.9510204 -0.3039497 -3.043282E-09 -0.9526881 0 0 0.9999999 -0.3689323 -0.9250994 -0.08989045 0 0 0.9999999 -0.3689317 0.9250994 -0.08989115 -0.3689308 -0.9251 -0.08988909 0 0 1 0 0 1 -0.3689308 0.9251 -0.08988909 -0.7738222 0.4386748 -0.4569065 -0.7738221 0.4386747 -0.4569067 -0.3190303 0.02971108 -0.9472787 -0.3190303 0.02971107 -0.9472786 -0.264441 -0.4805126 -0.8361691 -0.2644406 0.4805129 -0.836169 -0.264441 -0.4805126 -0.8361691 -0.264441 0.4805126 -0.836169 -0.2751551 -0.6005816 -0.7507272 -0.2751544 0.6005818 -0.7507274 -0.275155 -0.6005824 -0.7507266 -0.2751549 0.6005824 -0.7507266 -0.2821864 -0.7138294 -0.6409512 -0.2821861 0.7138296 -0.640951 -0.2821871 -0.7138289 -0.6409513 -0.2821872 0.7138289 -0.6409514 -0.251276 -0.3583468 -0.8991374 -0.2512757 0.3583466 -0.8991376 -0.2512764 -0.3583471 -0.8991371 -0.2512764 0.3583471 -0.8991371 -0.2842976 -0.8138371 -0.5067979 -0.2842977 0.8138368 -0.5067982 -0.284299 -0.813836 -0.5067988 -0.284299 0.813836 -0.5067989 -0.2371036 -0.2371039 -0.942106 -0.2371036 0.2371039 -0.942106 -0.2371035 -0.2371038 -0.9421061 -0.2371036 0.2371038 -0.9421061 -0.2809775 -0.8931375 -0.3512222 -0.2809775 0.8931375 -0.3512223 -0.2809764 -0.8931383 -0.3512209 -0.2809764 0.8931383 -0.3512209 -0.2227954 -0.1181071 -0.9676843 -0.2227955 0.1181071 -0.9676842 -0.2227953 -0.118107 -0.9676843 -0.2227953 0.118107 -0.9676843 -0.2720374 -0.9452518 -0.1802627 -0.2720371 0.945252 -0.1802623 -0.2720366 -0.945252 -0.1802631 -0.2720365 0.945252 -0.1802631 -0.1919005 0 -0.9814144 -0.1958617 -0.05655886 -0.9789992 -0.2268486 0 -0.97393 -0.1958617 0.0565588 -0.9789991 -0.1961758 0 -0.9805687 0 0 1 -0.2416805 -0.9664271 -0.08723033 0 0 1 -0.2416797 0.9664273 -0.08722976 0 0 1 -0.2416819 -0.9664264 -0.08723477 0 0 1 -0.2416819 0.9664264 -0.08723477 -0.3061249 -0.09463205 -0.9472762 -0.3061249 -0.09463204 -0.9472762 0 0 0.9999999 0 0 1 -0.5499206 0.3045577 -0.7777093 -0.5499206 0.3045577 -0.7777094 -0.1252045 -0.3359967 -0.9335042 -0.1252044 0.3359967 -0.9335042 -0.1252042 -0.3359969 -0.9335042 -0.1252042 0.3359969 -0.9335042 -0.1319323 -0.4497911 -0.8833356 -0.131932 0.4497912 -0.8833356 -0.1319321 -0.4497916 -0.8833354 -0.1319321 0.4497916 -0.8833354 -0.1377341 -0.563167 -0.8147835 -0.1377338 0.5631672 -0.8147834 -0.1377338 -0.5631672 -0.8147835 -0.1377338 0.5631672 -0.8147834 -0.1421067 -0.672521 -0.7263066 -0.1421063 0.6725209 -0.7263067 -0.1421069 -0.6725205 -0.726307 -0.1421069 0.6725205 -0.726307 -0.1445631 -0.7743176 -0.6160632 -0.144563 0.7743174 -0.6160634 -0.1445638 -0.7743164 -0.6160645 -0.1445638 0.7743164 -0.6160645 -0.1445961 -0.8624547 -0.48504 -0.1445964 0.8624544 -0.4850405 -0.1445952 -0.8624559 -0.485038 -0.1445952 0.8624559 -0.485038 -0.8069803 -0.5393099 -0.2406815 0 0 0.9999999 0 0 1 -0.8069806 -0.5393099 -0.2406807 -0.1181075 -0.2227957 -0.9676842 -0.1181076 0.2227959 -0.9676841 -0.118107 -0.2227954 -0.9676843 -0.118107 0.2227954 -0.9676843 -0.1420997 -0.931416 -0.3350702 -0.1420994 0.9314162 -0.3350697 -0.1421 -0.9314163 -0.3350691 -0.1421 0.9314163 -0.335069 -0.1110857 -0.1110856 -0.9875829 -0.1110857 0.1110855 -0.9875829 -0.1110856 -0.1110856 -0.9875829 -0.1110856 0.1110856 -0.9875829 -0.1371681 -0.9755954 -0.1714601 -0.1371673 0.9755956 -0.1714591 -0.1371689 -0.9755952 -0.1714611 -0.1371689 0.9755952 -0.1714611 -0.08741063 0 -0.9961723 -0.08907929 -0.05434705 -0.9945408 -0.1222484 0 -0.9924996 -0.08907917 0.05434695 -0.9945408 -0.08921111 5.431167E-10 -0.9960127 0 0 1 -0.110865 -0.9902329 -0.08454444 0 0 0.9999999 -0.1108644 0.9902331 -0.08454376 0 0 0.9999999 -0.1108632 -0.9902331 -0.08454385 0 0 1 -0.1108632 0.9902331 -0.08454385 -0.7013431 -0.5470338 -0.4570252 -0.7013431 -0.5470338 -0.457025 0 0 0.9999999 0 0 1 0 0 1 0 0 1 -0.05264578 0 -0.9986132 0.04915168 -0.00350316 -0.9987851 0.05264578 0 -0.9986132 0.04356584 0.004551215 -0.9990402 -0.02437582 0.02863397 -0.9992927 -0.01378687 0.05264078 -0.9985183 0.01270782 -0.05178839 -0.9985772 -5.431163E-10 -0.08921105 -0.9960127 -0.05434696 0.08907906 -0.9945408 -0.02288715 0.08738727 -0.9959115 0.02222204 -0.08740473 -0.995925 -0.02288732 0.08738796 -0.9959114 -0.05434701 0.08907927 -0.9945408 5.211648E-10 -0.1961757 -0.9805687 -0.05655926 0.1958617 -0.978999 -0.05019631 0.1916586 -0.9801773 0.04923265 -0.1917053 -0.9802169 -0.0501963 0.1916586 -0.9801773 -0.0565588 0.1958617 -0.9789991 1.014431E-09 -0.3039503 -0.9526879 -0.05914388 0.3034184 -0.9510202 -0.07752837 0.2960174 -0.952031 0.07624901 -0.2961132 -0.9521046 -0.0775281 0.2960163 -0.9520313 -0.059143 0.3034177 -0.9510204 -4.009704E-09 -0.4117848 -0.9112811 -0.06131843 0.4110099 -0.9095663 -0.1046806 0.3996896 -0.9106537 0.1030867 -0.3998522 -0.9107642 -0.06131791 0.4110104 -0.9095662 -0.1046806 0.3996896 -0.9106537 1.008069E-09 -0.5194162 -0.8545214 -0.06368515 0.5183619 -0.8527866 -0.1313125 0.5013749 -0.8552077 0.1294191 -0.5016341 -0.8553444 -0.1313128 0.501376 -0.8552071 -0.06368515 0.5183619 -0.8527866 2.06036E-09 -0.6246957 -0.7808682 -0.1572902 0.6005625 -0.7839544 -0.06570108 0.623346 -0.7791811 0.1551321 -0.6009352 -0.7840987 -0.06570108 0.623346 -0.7791811 -0.1572899 0.6005613 -0.7839555 1.069221E-09 -0.7250874 -0.6886569 -0.1817814 0.6940742 -0.6965749 -0.06753108 0.7234319 -0.6870851 0.1794095 -0.6945704 -0.6966953 -0.1817814 0.6940742 -0.6965749 -0.06753 0.7234313 -0.6870859 2.246517E-09 -0.8169001 -0.5767791 -0.2043108 0.7800956 -0.5913612 -0.06867836 0.8149707 -0.5754179 0.2017901 -0.7807062 -0.5914208 -0.06867516 0.8149716 -0.5754172 -0.2043109 0.7800962 -0.5913602 0 -0.8949615 -0.4461432 -0.2236521 0.8539444 -0.4698496 -0.06940313 0.8928038 -0.4450669 0.2210546 -0.8546402 -0.4698138 -0.06940154 0.8928044 -0.4450658 -0.2236522 0.853945 -0.4698485 0 -0.9544541 -0.2983577 -0.2389818 0.9124759 -0.3320775 -0.06875615 0.9521957 -0.2976506 0.2363827 -0.9132107 -0.3319175 -0.2389812 0.9124737 -0.3320839 -0.06876009 0.9521947 -0.2976532 0 -0.9903488 -0.1385974 -0.2490794 0.9510301 -0.1830333 -0.06748853 0.988091 -0.1382807 0.246543 -0.9517487 -0.1827324 -0.0674886 0.9880912 -0.1382792 -0.2490796 0.9510309 -0.183029 0 0 0.9999999 0 -0.9966243 -0.08209762 0 0 1 -0.2525588 0.9643152 -0.07943834 -0.06553857 0.9944814 -0.08192337 0 0 1 0.2513356 -0.9646327 -0.07946204 -0.2525588 0.9643152 -0.07943834 -0.06553857 0.9944814 -0.08192337 0 0 1 0 0 0 0 0 1 0 0 0 -0.008067014 -0.009554058 -0.9999218 -0.008067025 -0.009554058 -0.9999218 0 0 1 -0.4919459 -0.3915667 -0.777602 -0.4919458 -0.3915668 -0.7776019 -0.2833479 0.149523 -0.9472892 -0.2833479 0.149523 -0.9472892 -0.003793165 -0.01190702 -0.999922 -0.003793168 -0.01190702 -0.999922 0.08747536 -0.001964454 -0.9961648 0.1165767 0 -0.9931816 0.03154122 -0.1203864 -0.9922259 0.1204463 0 -0.9927199 0.1108649 -0.9902329 -0.08454445 0 0 1 0.1110857 -0.1110856 -0.9875829 0.137168 -0.9755954 -0.1714602 0.1181076 -0.2227957 -0.9676841 0.1420999 -0.9314159 -0.3350703 0.1252046 -0.3359966 -0.9335042 0.1319324 -0.4497912 -0.8833355 0.1445962 -0.8624547 -0.4850399 0.137734 -0.5631669 -0.8147837 0.1421067 -0.6725211 -0.7263064 0.1445632 -0.7743176 -0.6160632 0 0 1 0.1920617 -0.002143868 -0.9813806 0.2218209 0 -0.9750874 0.2247869 0 -0.9744079 0.05879227 -0.224398 -0.9727225 0 0 1 0.2416805 -0.966427 -0.08723105 0.2227958 -0.1181076 -0.9676841 0.272038 -0.9452515 -0.1802636 0 0 1 0 0 1 0 0 1 0.2371037 -0.2371037 -0.942106 0.2809776 -0.8931375 -0.3512221 0.2512757 -0.3583466 -0.8991374 0.2842973 -0.8138372 -0.5067978 0.264441 -0.4805126 -0.8361691 0.2751555 -0.6005816 -0.7507271 0.2821865 -0.7138293 -0.6409512 -0.2465497 -0.2045597 -0.9472954 -0.2465495 -0.2045596 -0.9472955 0 0 1 0.297188 -0.002332462 -0.9548162 0.3277592 0 -0.9447613 0.3297632 0 -0.9440637 0.08607729 -0.3285391 -0.9405597 0.368933 -0.9250988 -0.08989175 0 0 1 0 0 1 0.3359966 -0.1252045 -0.9335042 0.403006 -0.8957382 -0.1877209 0 0 1 -0.01111101 -0.00573284 -0.9999219 -0.01111101 -0.005732841 -0.9999219 0.3583465 -0.2512755 -0.8991376 0.4153153 -0.8336641 -0.3640294 0.3038005 -0.04735854 -0.9515578 0.3038005 -0.04735854 -0.9515578 0.3799061 -0.3799065 -0.8434112 0.4182359 -0.7428081 -0.5227952 0 0 0.9999999 0.3983392 -0.5081443 -0.7636198 0.411881 -0.6316634 -0.6567767 0 0 0.9999999 0 0 0.9999999 0.298853 0.07251243 -0.9515403 0.298853 0.07251244 -0.9515403 0.4022984 -0.002492175 -0.9155052 0.4328676 0 -0.9014575 0.4337972 0 -0.9010105 0.1129279 -0.4310226 -0.8952469 0 0 1 0.4897562 -0.8670623 -0.09133422 0.4497913 -0.1319321 -0.8833356 0.5268419 -0.8277221 -0.1931679 0 0 1 0.4805127 -0.2644406 -0.836169 0.5414315 -0.7537423 -0.3724571 0 0 1 0 0 1 0.5081441 -0.3983393 -0.7636199 0.5418907 -0.6514635 -0.5309893 0.5298121 -0.5298128 -0.662267 0 0 1 -0.5393098 0.8069806 -0.2406808 -0.5393099 0.8069806 -0.2406805 0 0 1 0 0 1 0 0 0 0 0 0 0 0 1 0.506319 -0.002634407 -0.8623422 0.5374572 0 -0.843291 0.1393908 -0.5320266 -0.8351754 0.5372716 0 -0.8434094 0 0 1 0.602391 -0.7928219 -0.09251176 -0.5470338 0.701343 -0.4570252 -0.5470337 0.701343 -0.4570254 0.00105644 -0.01246177 -0.9999217 0.001056448 -0.01246177 -0.9999218 0.563167 -0.1377338 -0.8147836 0.6410902 -0.7420182 -0.1959911 0.6005816 -0.2751549 -0.7507273 0.6554074 -0.6554075 -0.3753426 0.6316636 -0.4118809 -0.6567765 0.6514637 -0.541891 -0.5309889 0.6088228 -0.002732456 -0.7933016 0.6389168 0 -0.7692759 0.6375681 0 -0.7703939 0.16476 -0.6288542 -0.7598662 0.704058 -0.704058 -0.09276155 0 0 1 0.6725211 -0.1421064 -0.7263066 0.742018 -0.6410902 -0.195991 0.6133221 -0.0843326 -0.7853179 0.613322 -0.08433261 -0.7853178 0.2625729 -0.160016 -0.9515515 0.262573 -0.160016 -0.9515516 -0.3915668 0.4919457 -0.7776019 -0.3915668 0.4919457 -0.7776019 0.7138298 -0.2821861 -0.6409509 0.7537428 -0.5414311 -0.3724571 0.7428087 -0.4182357 -0.5227944 0.7066348 -0.002787256 -0.707573 0.7358041 0 -0.6771944 0.1886624 -0.7200839 -0.6677467 0.7332516 0 -0.6799574 0 0 1 0.7928219 -0.6023911 -0.0925115 0 0 1 0.5988473 0.1568801 -0.7853473 0.5988475 0.1568802 -0.7853473 0.7743173 -0.1445632 -0.6160635 0.8277219 -0.5268421 -0.1931682 0.813837 -0.2842976 -0.5067981 0.8336636 -0.4153158 -0.3640299 0.7977263 -0.002780566 -0.6030132 0.8237322 0 -0.5669791 0.8201163 0 -0.5721967 0.2100741 -0.8018173 -0.5594264 0.8670617 -0.4897569 -0.0913353 0 0 1 0.8624545 -0.1445965 -0.4850405 0.8957381 -0.4030065 -0.1877213 0.8931374 -0.2809777 -0.3512222 0.8768997 -0.002724937 -0.4806659 0.8989618 0 -0.4380271 0.8943787 0 -0.4473104 0.2281448 -0.8707916 -0.4355135 0 0 1 0.9250991 -0.3689323 -0.08989214 0.2483541 0.181363 -0.9515397 0.2483542 0.181363 -0.9515396 0.9314162 -0.1420995 -0.3350697 0.9452518 -0.2720374 -0.180263 0 0 1 0 0 1 -0.2045596 0.2465495 -0.9472955 -0.2045596 0.2465496 -0.9472955 0.8779694 -0.1164817 -0.4643295 0.8779694 -0.1164817 -0.4643293 0.9402933 -0.002596255 -0.3403552 0.9561705 0 -0.2928106 0.2417876 -0.9228806 -0.2997166 0.9511007 0 -0.3088811 0 0 1 0.9664273 -0.2416797 -0.0872307 0 0 1 0.9755957 -0.1371673 -0.1714593 0.9823222 -0.002434536 -0.1871825 0.9906936 0 -0.1361106 0.2502675 -0.9553066 -0.1573389 0.9867063 0 -0.1625134 0.990233 -0.1108644 -0.08454406 0 0 1 0.01379189 -0.05264078 -0.9985183 0.01378848 -0.05264076 -0.9985183 0.02246123 -0.08572992 -0.9960653 0.02288988 -0.08738749 -0.9959114 0.05020214 -0.1916584 -0.9801769 0.04971706 -0.1897598 -0.980571 0.07753746 -0.2960174 -0.9520302 0.07698289 -0.2938278 -0.9527533 0.104574 -0.3993037 -0.9108352 0.1040709 -0.397217 -0.9118047 0.1312958 -0.501376 -0.8552096 0.1306058 -0.4984958 -0.8569971 0.157433 -0.6010843 -0.7835257 0.1565014 -0.5973344 -0.7865742 0.1808709 -0.6903442 -0.7005073 0.1818017 -0.6940707 -0.696573 0.2033088 -0.7759899 -0.5970806 0.2041602 -0.779559 -0.5921202 0.2236248 -0.8539503 -0.4698519 0.2225277 -0.84935 -0.4786294 0.2377906 -0.9076115 -0.3459724 0.239086 -0.9128409 -0.3309976 0.249012 -0.9508182 -0.1842217 0.2478736 -0.9461249 -0.2083422 0 0 1 0.9966235 -0.001149802 -0.08209983 0 0 1 0 0 1 0 0 1 0.2526231 -0.9642986 -0.07943257 0.9966241 0 -0.08209988 0.2525941 -0.9644557 -0.07759751 0.8557578 0.2283805 -0.4642425 0.855758 0.2283804 -0.4642421 0 0 1 0 0 1 -0.5392075 -0.8071408 -0.2403722 -0.5392075 -0.8071406 -0.2403735 0 0 1 0.5343047 -0.3124795 -0.785414 0.5343047 -0.3124794 -0.785414 0 0 1 0.9686896 -0.06110639 -0.2406374 0 0 1 0.9686896 -0.06110637 -0.2406374 0 0 1 0 0 1 -0.4386752 -0.7738227 -0.4569051 -0.4386752 -0.7738225 -0.4569056 0 0 1 0 0 1 0 0 1 0.9184578 0.3141563 -0.2402939 0 0 1 0.9184578 0.3141561 -0.2402939 0 0 1 0 0 1 0 0 0 -0.3045577 -0.5499204 -0.7777095 -0.3045577 -0.5499204 -0.7777095 0 0 1 0 0 0.9999999 0 0 0.9999999 -0.01246176 -0.001056448 -0.9999217 -0.01246177 -0.001056448 -0.9999218 0.4931965 0.3740604 -0.7853891 0.4931965 0.3740604 -0.7853891 0.7666118 -0.4436524 -0.4641972 0.7666118 -0.4436525 -0.464197 0 0 0.9999999 0.8715793 -0.4273007 -0.2403407 0 0 1 0 0 0.9999999 0.8715793 -0.4273009 -0.2403402 0 0 1 -0.1495229 -0.2833478 -0.9472893 -0.1495229 -0.2833477 -0.9472893 0 0 1 0 0 0 0.7031475 0.5385528 -0.4642676 0.7031475 0.5385531 -0.4642673 0 0 1 0 0 1 0.1813629 -0.2483542 -0.9515397 0.181363 -0.2483542 -0.9515396 0.7280927 0.6418364 -0.2406808 0 0 1 0 0 0 0 0 0 0 0 0 0.7280923 0.6418366 -0.240681 0 0 0 0 0 1 0 0 0.9999999 0 0 1 0 0 1 0 0 1 0 0 1 0.005732815 -0.011111 -0.9999219 0.005732854 -0.01111101 -0.9999219 0.3740605 -0.4931967 -0.785389 0.3740605 -0.4931966 -0.785389 0 0 1 0 0 1 0.1600159 0.2625729 -0.9515515 0.160016 0.2625729 -0.9515515 0.5385531 -0.7031474 -0.4642673 0.538553 -0.7031474 -0.4642673 0 0 0.9999999 0 0 1 0.6418364 -0.7280923 -0.2406813 0.6418365 -0.7280923 -0.2406814 0 0 1 0.3124798 0.5343051 -0.7854134 0.3124793 0.5343046 -0.785414 0 0 1 0.4436525 0.7666115 -0.4641974 0.4436525 0.7666118 -0.464197 -0.2541286 0.9485827 -0.1887045 -0.2541286 0.9485825 -0.1887056 -0.257907 0.9626862 -0.08197078 -0.257907 0.9626861 -0.08197188 0 0 1 0 0 0 0 0 1 -0.2432189 0.9078599 -0.3415186 -0.2432189 0.9078598 -0.3415189 -0.4296198 0.8716046 -0.2360767 -0.4296201 0.8716044 -0.2360767 -0.226807 0.8465994 -0.4814854 -0.2268071 0.8465999 -0.4814843 -0.4086588 0.8287495 -0.3823249 -0.4086589 0.8287492 -0.3823251 -0.2063384 0.7701968 -0.6035075 -0.2063385 0.770197 -0.6035073 0 0 1 0.427301 0.8715792 -0.2403405 0 0 1 0.427301 0.8715793 -0.2403402 -0.1827966 0.6823225 -0.7078285 -0.1827968 0.6823232 -0.7078279 -0.1575254 0.587993 -0.7933787 -0.1575254 0.587993 -0.7933787 -0.3023587 0.6132115 -0.7297608 -0.3023587 0.6132115 -0.729761 -0.1310297 0.4890926 -0.8623339 -0.1310296 0.4890923 -0.8623341 -0.104138 0.3887145 -0.9154541 -0.104138 0.3887145 -0.9154541 0 0 1 -0.07694315 0.2872047 -0.954774 -0.07694314 0.2872047 -0.954774 -0.1668638 0.3384443 -0.9260734 -0.1668638 0.3384444 -0.9260734 0 0 1 -0.04973402 0.1856415 -0.9813582 -0.04973405 0.1856416 -0.9813581 -0.02265481 0.08456331 -0.9961606 -0.02265485 0.08456348 -0.9961604 -0.02575613 0.05223646 -0.9983025 0.004553874 -0.01699819 -0.9998451 0.004553866 -0.01699816 -0.9998451 -0.02575614 0.05223648 -0.9983025 0.03168367 -0.1182652 -0.9924765 0.03168365 -0.1182652 -0.9924765 0.05879005 -0.2194448 -0.973852 0.05879015 -0.2194452 -0.973852 0 0 1 0.1154843 -0.2342055 -0.9653038 0.08607081 -0.3212754 -0.9430662 0.1154843 -0.2342055 -0.9653037 0.08607071 -0.321275 -0.9430664 0.1130986 -0.4221617 -0.8994378 0.1130986 -0.4221617 -0.8994377 0.1400055 -0.5225966 -0.8410061 0.1400053 -0.522596 -0.8410065 0.2551765 -0.5174055 -0.8168086 0.1660642 -0.6198656 -0.766935 0.2551767 -0.5174054 -0.8168087 0.1660641 -0.6198654 -0.7669352 0.1909545 -0.7127734 -0.6749003 0.1909547 -0.712774 -0.6748996 0.2135201 -0.7970036 -0.5649731 0.2135201 -0.7970037 -0.5649729 0.2328316 -0.8690872 -0.4364367 0.377138 -0.7650441 -0.5219909 0.2328317 -0.8690878 -0.4364355 0.3771378 -0.7650441 -0.5219911 0 0 1 0.2475181 -0.9239072 -0.2917708 0.2475181 -0.9239073 -0.2917704 0.2563868 -0.9570116 -0.1356269 0.2563868 -0.9570115 -0.1356272 -0.1892475 -0.9519656 -0.2407218 0 0 1 -0.1892474 -0.9519653 -0.2407227 0 0 1 0 0 1 0.2579071 -0.9626862 -0.08197079 0.429709 -0.8714085 -0.2366378 0.257907 -0.9626862 -0.08197079 0.4297087 -0.8714086 -0.2366378 -0.1090946 -0.8827702 -0.4569629 -0.1089401 -0.8825379 -0.4574482 0 0 1 0 0 0.9999999 -0.07094437 -0.6246623 -0.7776657 -0.07090123 -0.6249107 -0.7774701 -0.02971099 -0.3190304 -0.9472787 -0.02969586 -0.318938 -0.9473102 0 0 1 0.009554082 -0.008067017 -0.9999217 0.009568851 -0.008083061 -0.9999216 0 0 1 0.04735873 0.3038008 -0.9515578 0.04737796 0.3038985 -0.9515257 0 0 1 0.08433244 0.613322 -0.7853179 0.08433261 0.613322 -0.7853178 0.1164813 0.8779694 -0.4643295 0.1164817 0.8779694 -0.4643294 0.06110579 0.9686898 -0.240637 0 0 1 0 0 1 0.06110638 0.9686897 -0.2406374 0 0 1 0 0 1 0 0 1 0 0 0.9999999 0 0 1 0 0 0.9999999 0 0 1 0 0 1 0 0 1 0 0 1 0 0 1 0 0 1 -0.2541286 0.9485822 -0.1887074 -0.1921498 0.9716043 -0.1380705 0 0 1 -0.2579069 0.9626858 -0.08197515 -0.1956963 0.9772475 -0.08179445 -0.243219 0.9078604 -0.3415173 -0.1815959 0.9373779 -0.2972298 -0.06335249 0.9696715 -0.2360584 -0.06335074 0.969672 -0.2360569 0 0 0.9999999 -0.226807 0.8465994 -0.4814853 -0.1655323 0.8803457 -0.4445116 -0.06045828 0.9209336 -0.3850015 -0.06045735 0.9209336 -0.3850015 -0.2063381 0.7701955 -0.6035093 -0.1459899 0.8051524 -0.5748187 -0.1827972 0.6823245 -0.7078266 -0.1232738 0.7165835 -0.6865214 -0.1575258 0.5879943 -0.7933778 -0.09898128 0.6195331 -0.7787051 -0.04442862 0.6772238 -0.7344345 -0.04442808 0.6772248 -0.7344336 -0.1310297 0.4890926 -0.8623339 -0.07357964 0.5176459 -0.8524252 0 0 1 -0.104138 0.3887145 -0.9154541 -0.04788782 0.4133286 -0.9093219 0 0 0.9999999 -0.1508234 0.98495 -0.08441515 -0.1216195 0.9777006 -0.1712023 -0.1053662 0.9364485 -0.3346075 -0.07694298 0.287204 -0.954774 -0.02193928 0.3087853 -0.9508787 -0.02416416 0.368608 -0.9292707 -0.02416509 0.3686199 -0.929266 0 0 0.9999999 -0.08501054 0.8706717 -0.4844626 -0.04973414 0.185642 -0.981358 0.003610026 0.2041366 -0.9789358 -0.0620964 0.7857111 -0.6154691 -0.03795426 0.6868865 -0.725773 -0.02265486 0.08456352 -0.9961606 0.02932073 0.1003123 -0.9945238 -0.01368306 0.580202 -0.8143576 0.004553862 -0.01699815 -0.9998451 -0.003213469 0.048988 -0.9987941 -0.00183967 0.04810132 -0.9988407 0 0 1 -0.0183192 0.9960315 -0.087096 0.01026536 0.4691971 -0.8830338 0.01650451 0.9835296 -0.1799918 0.03168367 -0.1182652 -0.9924765 0.07578526 -0.07196432 -0.9945238 0.03343513 0.3574924 -0.9333174 0.03871415 0.9356707 -0.3507442 0.05878992 -0.2194443 -0.9738521 0.1057689 -0.174636 -0.9789358 0.05609735 0.246223 -0.9675884 0.06258773 0.8601351 -0.5062119 0.08662192 0.7631711 -0.6403643 0.07844486 0.1363869 -0.987545 0.08607066 -0.3212747 -0.9430665 0.01770258 -0.2697828 -0.9627585 0.02245015 -0.2702775 -0.9625207 0.1093644 0.6520836 -0.7502177 0 0 1 0.08626623 0.02326683 -0.9960003 0.1130986 -0.4221617 -0.8994377 0.1664465 -0.3813521 -0.9093219 0 0 1 0.115305 0.9892671 -0.08975015 0.130332 0.5333753 -0.8357777 0.1400055 -0.5225966 -0.8410062 0.1969022 -0.482426 -0.853519 0.1558568 0.9698324 -0.18744 0.1363872 -0.07844494 -0.987545 0.1494792 0.4119341 -0.8988695 0.1660645 -0.6198668 -0.7669339 0 0 1 0.0383052 -0.5833323 -0.8113298 0.04548334 -0.5841367 -0.81038 0.1839356 0.9132397 -0.3635394 0.1674114 0.2910678 -0.941941 0.1723004 -0.1846218 -0.9675884 0.1909549 -0.7127749 -0.6748987 0.2552552 -0.6831225 -0.684243 0.2104657 0.8264428 -0.5222036 0.1846218 0.1723003 -0.9675884 0.2135204 -0.7970047 -0.5649713 0.2786707 -0.7693672 -0.574819 0.2328315 -0.8690871 -0.4364368 0.05605992 -0.8551357 -0.5153642 0.0645098 -0.8555641 -0.5136622 0.1896909 0.05116142 -0.98051 0.2086629 -0.2921962 -0.9333173 0.2333397 0.7176064 -0.6561962 0.2475179 -0.9239064 -0.2917734 0.3143833 -0.9015636 -0.2972308 0 0 1 0.2563869 -0.9570119 -0.1356238 0.3257446 -0.9346083 -0.1428201 0 0 1 0.2470756 0.9646955 -0.09119359 0 0 1 0.2579072 -0.9626871 -0.08196088 0.06362511 -0.9695126 -0.2366369 0.0676676 -0.9692734 -0.2364959 0.2448054 -0.4004024 -0.8830336 0.2525021 0.5948809 -0.7631247 0.2931405 0.936411 -0.1928809 0.2462229 -0.05609734 -0.9675884 0.2681665 0.4662438 -0.8430322 0.2810621 -0.5069056 -0.8148931 0.2809031 0.3363442 -0.8988693 0.3265437 0.8689166 -0.3719586 0.3145936 -0.6132057 -0.7245754 0.2910677 -0.1674116 -0.941941 0.2921964 0.2086624 -0.9333174 0.3414117 -0.7103779 -0.6154683 0.293878 0.07926178 -0.952551 0.3537067 0.7704355 -0.5303967 0.3643273 -0.7953373 -0.484463 0 0 0.9999999 0.375159 0.9223466 -0.09237114 0.3798088 -0.8624285 -0.3346078 0.3865038 -0.9062587 -0.1712017 0 0 1 0.3683811 -0.9254074 -0.08897544 0.336344 -0.2809028 -0.8988695 0.3738229 0.6499418 -0.6616888 0.3574922 -0.0334351 -0.9333174 0.4257722 0.8834138 -0.1956991 0.3808584 -0.3955027 -0.8357777 0.3872339 0.5173879 -0.7631249 0.3955024 0.3808587 -0.8357778 0 0 0.9999999 0.4004028 0.2448049 -0.8830334 0.422426 -0.5086546 -0.7502178 0.462225 0.8036424 -0.3748426 0.3980917 0.1073693 -0.9110405 0.4119341 -0.1494795 -0.8988694 0.4586282 -0.6161119 -0.6403642 0 0 1 0.4964346 0.863119 -0.09261914 0 0 1 0.4850107 -0.8701602 -0.08709677 0.4866102 -0.7120113 -0.5062117 0.4880902 0.6931427 -0.5303972 0.5039571 -0.7893077 -0.350743 0.5088255 -0.8418428 -0.1799925 0.4662433 -0.2681659 -0.8430327 0.5029516 0.5625362 -0.6561957 0.4691977 -0.01026532 -0.8830336 0.5495077 0.8122459 -0.1956982 0.5086541 0.4224262 -0.7502179 0.5083942 0.2799217 -0.8143581 0.5173882 -0.3872345 -0.7631244 0.5020652 0.1354118 -0.8541629 0 0 0.9999999 0 0 1 0.5868727 0.7191843 -0.37196 0.5625355 -0.5029517 -0.6561961 0 0 1 0.5971098 -0.7971224 -0.08975388 0.6086123 0.7880731 -0.09236706 0 0 0.9999999 0.5333751 -0.1303314 -0.8357779 0.5974911 -0.6085291 -0.5222037 0.6223893 -0.7599327 -0.1874403 0.6182041 -0.6968951 -0.3635394 0.6085285 0.5974908 -0.5222046 0.5802018 0.01368326 -0.8143578 0.5948814 -0.2525021 -0.7631243 0.6161127 0.458628 -0.6403635 0.6620118 0.7242501 -0.1928785 0.6037149 0.1628274 -0.7803945 0.6128157 0.3125873 -0.7257727 0 0 1 0.6499422 -0.3738223 -0.6616888 0.6986559 -0.7096222 -0.09119437 0 0 1 0.7096231 0.6986551 -0.09119159 0 0 1 0.6968957 0.6182034 -0.3635395 0.6520838 -0.109364 -0.7502175 0.6931428 -0.4880908 -0.5303964 0.7242509 -0.6620106 -0.1928804 0.7191845 -0.5868733 -0.3719587 0.7120109 0.4866099 -0.5062127 0 0 1 0.6868868 0.03795468 -0.7257726 0.7005875 0.1889549 -0.688094 0.7103767 0.3414126 -0.615469 0.7599324 0.6223901 -0.1874389 0.7176068 -0.2333396 -0.6561959 0.788074 -0.6086112 -0.09236806 0 0 1 0 0 1 0.797121 0.5971118 -0.08975215 0.7893073 0.5039573 -0.3507436 0.7704358 -0.3537062 -0.5303966 0.8122451 -0.549509 -0.1956986 0.7631714 -0.08662156 -0.6403639 0.8036422 -0.4622258 -0.374842 0.7891241 0.2128344 -0.576181 0.7953368 0.3643278 -0.4844633 0.7857107 0.06209625 -0.6154695 0.8418428 0.5088255 -0.1799923 0 0 1 0.8631188 -0.4964353 -0.0926168 0.8701607 0.4850099 -0.08709648 0 0 1 0.8264422 -0.2104656 -0.5222043 0 0 1 0.862429 0.3798079 -0.3346076 0.8643525 0.2331242 -0.4455872 0.8689162 -0.3265442 -0.3719591 0.8834137 -0.4257724 -0.1956987 0.8601345 -0.06258729 -0.5062129 0.8706713 0.08501057 -0.4844634 0.9062592 0.3865026 -0.1712019 0 0 1 0.9223473 -0.3751583 -0.0923672 0 0 1 0.9272099 0.3649054 -0.08441453 0 0 0.9999999 0.9132398 -0.1839355 -0.3635392 0.9216523 0.2485786 -0.2979358 0.9364114 -0.2931401 -0.1928793 0.935671 -0.03871416 -0.3507434 0.9364485 0.1053662 -0.3346075 0.9562099 0.2578988 -0.1383863 0 0 1 0.9646954 -0.2470761 -0.09119242 0.9622506 0.2595277 -0.08197091 0 0 0.9999999 0.9698326 -0.1558563 -0.1874391 0.9777008 0.1216189 -0.1712016 0.9835296 -0.01650506 -0.179992 0 0 1 0.9892669 -0.1153056 -0.08975311 0.9849502 0.1508222 -0.08441368 0 0 1 0 0 1 0.9960313 0.0183198 -0.08709676 0 0 1 0 0 1 0 0 1 0 0 0 0 0 1 0 0 1 0 0 1 0 0 1 0 0 1 0 0 1 0 0 1 0 0 1 0 0 0.9999999 0 0 1 0 0 1 0 0 1 0 0 1 0 0 1 0 0 0.9999999 0.01378714 -0.05264066 -0.9985183 0.03077476 -0.1175059 -0.9925952 0.05822659 -0.2223304 -0.9732311 0.08563421 -0.3270148 -0.9411313 0.1126934 -0.4303515 -0.8955992 0.1396537 -0.5332328 -0.8343617 0.1652818 -0.6310912 -0.7578956 0.189125 -0.722248 -0.6652741 0.2107565 -0.8048622 -0.554778 0.2293084 -0.8755754 -0.4251885 0.2429044 -0.9275694 -0.2839235 0.2511228 -0.9589537 -0.1317 0 0 1 -0.9966211 -0.002566458 -0.08209736 -0.9966234 0.001310845 -0.08209755 0 0 1 0 0 1 -0.9966244 0 -0.08209763 -0.9944817 -0.06553666 -0.08192113 0 0 1 0 0 0.9999999 0 0 0.9999999 0 0 0.9999999 0 0 1 -0.9966244 0 -0.08209763 0.2526592 -0.9645849 -0.07575895 0 0 1 -0.990712 -0.002772297 -0.1359483 -0.9823679 0.002768227 -0.1869377 -0.9880908 -0.06748909 -0.1382815 -0.9819792 0 -0.1889889 -0.9905921 0 -0.1368474 0.2503961 -0.9555688 -0.1555311 -0.9867063 0 -0.1625134 0 0 0.9999999 -0.99067 -0.1068529 -0.08458871 0 0 0.9999999 -0.9902328 0.110865 -0.08454482 0 0 1 -0.9902328 -0.110865 -0.08454482 -0.9762459 -0.1323709 -0.1715286 -0.9755954 0.1371681 -0.1714603 -0.9755954 -0.1371681 -0.1714603 -0.9562729 -0.002963261 -0.2924611 -0.9403733 0.002951284 -0.3401313 -0.9521954 -0.06875664 -0.2976516 -0.9397044 0 -0.3419882 -0.9556665 0 -0.2944516 0.2324708 -0.9239721 -0.3036988 -0.9511002 0 -0.3088826 -0.9683604 -0.233749 -0.08740605 0 0 1 0 0 1 -0.966427 0.2416805 -0.08723133 -0.966427 -0.2416805 -0.08723133 0 0 1 0 0 0.9999999 -0.9320408 -0.137186 -0.3353803 -0.9314159 0.1420998 -0.3350701 -0.9314159 -0.1420998 -0.3350701 -0.9476492 -0.2632507 -0.1807207 -0.9452515 0.2720377 -0.1802634 -0.9452515 -0.2720377 -0.1802634 0 0 1 -0.8992555 -0.003115434 -0.4374126 -0.8770025 0.0030971 -0.4804758 -0.8761381 0 -0.4820602 -0.8928036 -0.06940251 -0.4450674 -0.8976708 0 -0.4406667 0.2264001 -0.871419 -0.4351689 -0.8943782 0 -0.4473115 0 0 1 -0.9294286 -0.3577795 -0.09031234 0 0 0.9999999 -0.925099 0.3689328 -0.08989127 -0.925099 -0.3689328 -0.08989127 0 0 1 -0.8955548 -0.2719482 -0.352173 -0.8931375 0.2809778 -0.3512222 -0.8931375 -0.2809777 -0.3512221 -0.8630823 -0.1394954 -0.4854172 -0.8624547 0.1445962 -0.4850399 -0.8624548 -0.1445962 -0.4850399 -0.9007474 -0.3911775 -0.1887709 -0.8957382 0.4030061 -0.1877211 -0.8957382 -0.4030062 -0.1877211 0 0 1 0 0 1 -0.8243266 -0.003181938 -0.5661055 -0.7978376 0.003159616 -0.6028641 -0.8149714 -0.06867708 -0.5754173 -0.796905 0 -0.6041047 -0.8213781 0 -0.5703842 -0.8201168 0 -0.5721961 0.2100769 -0.8018161 -0.5594271 -0.874252 -0.4766578 -0.09209178 0 0 1 0 0 0.9999999 -0.8670622 0.4897564 -0.09133383 0 0 1 -0.8670622 -0.4897564 -0.09133383 0 0 1 -0.8160926 -0.2751788 -0.5082022 -0.8138372 0.2842976 -0.5067977 -0.8138372 -0.2842976 -0.5067977 -0.8386176 -0.4032657 -0.3661929 -0.8336638 0.4153155 -0.3640297 -0.8336638 -0.4153155 -0.3640297 -0.7749159 -0.1395466 -0.6164673 -0.7743176 0.1445632 -0.6160632 -0.7743176 -0.1445632 -0.6160633 -0.83568 -0.5134239 -0.1950257 -0.827722 0.5268418 -0.1931684 -0.827722 -0.5268418 -0.1931684 -0.7367859 -0.003191287 -0.6761185 -0.7067448 0.00316678 -0.7074614 -0.7234322 -0.06753074 -0.6870848 -0.7058343 0 -0.7083769 -0.7321448 0 -0.6811491 -0.7332524 0 -0.6799566 0.1874294 -0.7193415 -0.6688932 -0.8028317 -0.5888 -0.09367983 0 0 1 0 0 1 -0.7928222 0.6023908 -0.09251111 0 0 1 -0.7928222 -0.6023908 -0.09251111 -0.7472852 -0.4061356 -0.5259455 -0.7428083 0.418236 -0.5227949 -0.7428083 -0.418236 -0.5227949 -0.7157785 -0.2731244 -0.6427008 -0.7138294 0.2821866 -0.6409511 -0.7138294 -0.2821866 -0.640951 -0.7614024 -0.5279282 -0.3762422 -0.7537425 0.5414312 -0.3724573 -0.7537426 -0.5414312 -0.3724573 0 0 1 -0.6729482 -0.1371813 -0.7268575 -0.6725212 0.1421067 -0.7263064 -0.6725212 -0.1421067 -0.7263064 -0.7526557 -0.6276842 -0.198801 -0.7420182 0.64109 -0.1959914 -0.7420182 -0.64109 -0.1959914 0 0 1 0 0 1 0 0 1 -0.640332 -0.00312714 -0.768092 -0.6089149 0.00310449 -0.7932295 -0.6081321 0 -0.7938358 -0.6233459 -0.06570061 -0.7791811 -0.6340595 0 -0.7732843 0.1637316 -0.6285803 -0.7603149 -0.6375678 0 -0.7703942 -0.7162861 -0.6913958 -0.09437215 0 0 1 -0.704058 0.704058 -0.09276115 0 0 1 -0.704058 -0.704058 -0.09276114 0 0 1 -0.6353544 -0.3998918 -0.6606144 -0.6316631 0.4118811 -0.6567767 -0.6316631 -0.4118811 -0.6567767 -0.6580954 -0.5283856 -0.5363947 -0.6514632 0.541891 -0.5309893 -0.6514634 -0.541891 -0.5309893 -0.6021402 -0.2662835 -0.7526754 -0.6005815 0.2751557 -0.7507271 -0.6005816 -0.2751557 -0.7507271 -0.6652372 -0.6421213 -0.3809723 -0.6554074 0.6554074 -0.3753432 -0.6554074 -0.6554072 -0.3753432 -0.5635849 -0.132958 -0.8152878 -0.5631668 0.137734 -0.8147838 -0.5631668 -0.137734 -0.8147837 -0.6534935 -0.7300909 -0.1997834 -0.6410903 0.7420179 -0.1959914 -0.6410903 -0.7420179 -0.1959914 0 0 1 -0.5394044 -0.003013075 -0.8420414 -0.5063968 0.002993063 -0.8622954 -0.5183618 -0.06368463 -0.8527868 -0.5057541 0 -0.8626778 -0.5313355 0 -0.8471614 0.1392883 -0.5324382 -0.8349302 -0.5372714 0 -0.8434094 0 0 1 -0.6157515 -0.7822455 -0.09456299 0 0 1 -0.6023911 0.7928219 -0.09251142 0 0 1 -0.6023911 -0.7928219 -0.09251142 -0.5349648 -0.5163752 -0.6687073 -0.5298126 0.5298125 -0.6622669 -0.5298125 -0.5298125 -0.6622669 -0.51092 -0.3865977 -0.7677909 -0.5081444 0.3983393 -0.7636197 -0.5081444 -0.3983393 -0.7636197 -0.5499185 -0.6381417 -0.5388551 -0.5418907 0.6514634 -0.5309893 -0.5418907 -0.6514634 -0.5309894 -0.4816638 -0.2558635 -0.8381729 -0.4805125 0.264441 -0.8361691 -0.4805125 -0.264441 -0.836169 -0.5522503 -0.7420888 -0.3798998 -0.5414312 0.7537422 -0.3724577 -0.5414312 -0.7537423 -0.3724577 -0.4500221 -0.127336 -0.8838924 -0.4497912 0.1319324 -0.8833356 -0.4497912 -0.1319324 -0.8833355 -0.5396169 -0.8183324 -0.1978524 -0.5268417 0.8277221 -0.1931681 -0.5268416 -0.8277222 -0.1931681 -0.4353136 -0.002847052 -0.9002743 -0.4023528 0.00283198 -0.9154803 -0.4018977 0 -0.9156846 -0.41101 -0.061318 -0.9095663 -0.4258385 0 -0.9047992 -0.4337972 0 -0.9010106 0.1129277 -0.431022 -0.8952471 0 0 0.9999999 -0.5028347 -0.8592812 -0.09377162 -0.4897561 0.8670623 -0.09133342 0 0 1 -0.4897561 -0.8670623 -0.09133342 0 0 1 -0.4018984 -0.4948692 -0.7704428 -0.3983394 0.5081443 -0.7636198 -0.3983394 -0.5081443 -0.7636197 -0.4176095 -0.6181944 -0.6659113 -0.4118813 0.6316634 -0.6567762 -0.4118813 -0.6316634 -0.6567762 -0.3817923 -0.3685253 -0.8475988 -0.3799062 0.3799062 -0.8434112 -0.3799062 -0.3799061 -0.8434113 -0.4263454 -0.730899 -0.5329316 -0.418236 0.7428083 -0.5227948 -0.418236 -0.7428083 -0.5227949 -0.3591217 -0.2430688 -0.9010823 -0.3583465 0.2512759 -0.8991374 -0.3583466 -0.2512759 -0.8991373 -0.425537 -0.8244983 -0.372989 -0.4153152 0.8336638 -0.3640301 -0.4153151 -0.8336638 -0.3640301 -0.3361979 -0.1207662 -0.9340163 -0.3359966 0.1252046 -0.9335042 -0.3359966 -0.1252045 -0.9335042 -0.4145226 -0.8893195 -0.1930851 -0.403006 0.8957382 -0.1877212 -0.403006 -0.8957382 -0.1877212 -0.3308345 -0.002661441 -0.9436851 -0.2972256 0.002650949 -0.9548036 -0.3034182 -0.0591436 -0.9510202 -0.2969113 0 -0.9549051 -0.3197818 0 -0.9474912 -0.3297632 0 -0.9440637 0.08582498 -0.3281286 -0.9407262 -0.3802104 -0.920249 -0.09263914 0 0 1 0 0 1 -0.3689328 0.9250989 -0.089892 0 0 0.9999999 -0.3689328 -0.9250989 -0.089892 0 0 1 -0.2665504 -0.4675156 -0.8428405 -0.2644407 0.4805124 -0.8361692 -0.2644407 -0.4805124 -0.8361692 -0.2786078 -0.5869867 -0.7601475 -0.2751554 0.6005816 -0.7507272 -0.2751554 -0.6005815 -0.7507272 -0.2872279 -0.7013351 -0.6524026 -0.2821866 0.7138294 -0.6409511 -0.2821866 -0.7138293 -0.6409511 -0.2523849 -0.3474211 -0.903106 -0.2512757 0.3583467 -0.8991374 -0.2512757 -0.3583467 -0.8991374 -0.2909539 -0.8039488 -0.5186638 -0.2842977 0.8138373 -0.5067974 -0.2842977 -0.8138373 -0.5067974 -0.2375604 -0.2293054 -0.9439195 -0.2371038 0.2371039 -0.9421059 -0.2371038 -0.2371039 -0.9421059 -0.2889583 -0.8865885 -0.3611978 -0.2809778 0.8931374 -0.3512222 -0.2809778 -0.8931374 -0.3512222 -0.2229258 -0.1139081 -0.9681576 -0.2227956 0.1181076 -0.9676842 -0.2227956 -0.1181075 -0.9676841 -0.280737 -0.9415839 -0.1860283 -0.2720375 0.9452517 -0.1802636 -0.2720375 -0.9452516 -0.1802636 -0.225484 -0.002442484 -0.9742438 -0.1920824 0.002437051 -0.9813758 -0.1958617 -0.05655944 -0.9789991 -0.1919004 0 -0.9814144 -0.2132171 0 -0.9770049 -0.224787 0 -0.9744079 0.05864205 -0.2243185 -0.9727499 0 0 1 -0.2497777 -0.9640971 -0.09015464 0 0 0.9999999 -0.2416802 0.9664271 -0.08723132 0 0 1 -0.2416802 -0.9664271 -0.08723132 0 0 1 -0.1256901 -0.3255786 -0.9371235 -0.1252047 0.3359968 -0.9335042 -0.1252047 -0.3359967 -0.9335042 -0.1328535 -0.4371921 -0.8895016 -0.1319325 0.4497912 -0.8833355 -0.1319325 -0.4497912 -0.8833356 -0.1392502 -0.5495816 -0.8237532 -0.1377341 0.5631668 -0.8147838 -0.1377341 -0.5631669 -0.8147837 -0.1443535 -0.6594151 -0.7377898 -0.1421066 0.6725209 -0.7263066 -0.1421066 -0.6725209 -0.7263066 -0.147617 -0.7631983 -0.6290769 -0.1445631 0.7743176 -0.6160631 -0.1445631 -0.7743176 -0.6160631 -0.1484147 -0.85447 -0.4978494 -0.1445964 0.8624547 -0.4850399 -0.1445964 -0.8624547 -0.4850399 -0.1183082 -0.2154191 -0.9693285 -0.1181075 0.2227956 -0.9676841 -0.1181075 -0.2227956 -0.9676842 -0.146506 -0.9269272 -0.345459 -0.1421 0.931416 -0.3350699 -0.1421 -0.931416 -0.3350699 -0.1111877 -0.1072176 -0.9879988 -0.1110857 0.1110857 -0.9875829 -0.1110857 -0.1110857 -0.9875829 -0.1418565 -0.9738758 -0.1773208 -0.1371681 0.9755954 -0.1714603 -0.1371681 -0.9755954 -0.1714603 -0.1208416 -0.002234445 -0.9926693 -0.08748557 0.002233566 -0.9961633 -0.08907924 -0.05434723 -0.9945408 -0.08741052 0 -0.9961724 -0.1074288 -2.102156E-10 -0.9942129 -0.1204463 0 -0.9927199 0.03147218 -0.1203483 -0.9922327 -0.1147742 -0.9895282 -0.08752578 0 0 1 0 0 1 -0.110865 0.9902328 -0.08454473 -0.110865 -0.9902328 -0.08454473 0 0 1 0 0 0.9999999 -0.04375794 0.01080247 -0.9989837 0.01994089 -0.04265485 -0.9988909 0.05264572 1.236978E-05 -0.9986133 0.05264572 0 -0.9986133 -0.0486896 0.003966287 -0.9988061 -0.05264572 0 -0.9986132 0.04709643 -0.005563074 -0.9988748 -0.05264572 -3.845439E-10 -0.9986132 0.05264572 0 -0.9986133 -0.02329366 -0.02329366 -0.9994572 0.03028846 -0.03030144 -0.9990818 0.03164194 -0.1180013 -0.9925091 -0.05431134 -0.08592682 -0.99482 -5.431167E-10 0.08921107 -0.9960127 5.431167E-10 -0.08921107 -0.9960127 0.05871757 -0.2189736 -0.9739625 -0.05663385 -0.1893037 -0.9802839 5.211653E-10 0.1961758 -0.9805688 -5.211653E-10 -0.1961757 -0.9805688 0.08597553 -0.3206258 -0.943296 -0.05933057 -0.2937998 -0.954024 0 0.3039503 -0.9526879 0 -0.3039503 -0.9526879 0.1129935 -0.4213832 -0.8998159 -0.06167534 -0.3990363 -0.9148585 -1.002426E-09 0.411785 -0.911281 1.002426E-09 -0.411785 -0.911281 -0.06427763 -0.5050043 -0.86072 0.1399066 -0.5217491 -0.8415486 -1.008068E-09 0.519416 -0.8545214 1.008068E-09 -0.519416 -0.8545214 -0.06659009 -0.6098306 -0.7897292 0.1659905 -0.6190233 -0.7676309 1.030179E-09 0.6246956 -0.7808683 -1.030179E-09 -0.6246957 -0.7808683 0.190926 -0.7120144 -0.6757092 -0.06877094 -0.7111169 -0.6997024 -3.20766E-09 0.7250872 -0.6886572 3.20766E-09 -0.7250872 -0.6886572 -0.07028899 -0.8051225 -0.5889288 0.213552 -0.7963927 -0.5658219 -2.246517E-09 0.8169003 -0.5767789 2.246517E-09 -0.8169003 -0.5767789 -0.07137219 -0.886238 -0.4576989 0.2329329 -0.8686694 -0.4372135 0 0.8949615 -0.4461432 0 -0.8949615 -0.4461432 0.247683 -0.9236766 -0.2923605 -0.07099023 -0.9489552 -0.3073182 0 0.9544542 -0.2983573 0 -0.9544542 -0.2983573 -0.06985793 -0.9872346 -0.1431353 0.2565956 -0.9569139 -0.1359209 0 0.9903488 -0.1385975 0 -0.9903488 -0.1385975 0.2581238 -0.9626127 -0.08215152 -0.06786587 -0.9940814 -0.08483259 0 0 1 0 0.9966242 -0.08209762 0 0 1 0 -0.9966242 -0.08209762 0 0 1 0 0 1 0 0 1 0 0 1 -0.03119048 0.1163823 -0.9927146 0.1208344 0 -0.9926727 0.1083148 6.848537E-06 -0.9941167 0.08907924 0.05434723 -0.9945408 0.08741052 0 -0.9961724 0.08751528 -0.003180263 -0.9961581 0.1137196 0 -0.9935129 0.1204463 0 -0.9927198 0.03154122 -0.1203864 -0.9922259 0.110865 0.9902328 -0.08454473 0 0 1 0.110865 -0.9902328 -0.08454473 0 0 1 0.1110857 0.1110857 -0.9875829 0.1110857 -0.1110857 -0.9875829 0.1371681 0.9755954 -0.1714603 0.1371681 -0.9755954 -0.1714603 0.1181075 0.2227956 -0.9676841 0.1181075 -0.2227956 -0.9676841 0.1421 0.931416 -0.3350699 0.1421 -0.931416 -0.3350699 0.1252047 0.3359968 -0.9335042 0.1252047 -0.3359968 -0.9335042 0.1319325 0.4497912 -0.8833356 0.1319325 -0.4497912 -0.8833356 0.1445631 0.7743176 -0.6160631 0.1445631 -0.7743176 -0.6160631 0.1445964 0.8624547 -0.4850399 0.1445964 -0.8624547 -0.4850399 0.1377341 0.5631668 -0.8147838 0.1377341 -0.5631668 -0.8147838 0.1421066 0.6725209 -0.7263066 0.1421066 -0.6725209 -0.7263066 0.2248031 0 -0.9744042 -0.05816304 0.2175293 -0.9743194 0.2139544 0 -0.9768437 0.1958617 0.05655944 -0.9789991 0.1919004 0 -0.9814144 0.192161 -0.003466822 -0.9813573 0.2192014 0 -0.9756796 0.05879228 -0.224398 -0.9727225 0.2247869 0 -0.9744079 0.2416802 0.9664271 -0.08723132 0 0 1 0.2416802 -0.9664271 -0.08723132 0 0 1 0.2227956 0.1181075 -0.9676841 0.2227956 -0.1181075 -0.9676842 0.2720375 0.9452516 -0.1802636 0.2720375 -0.9452516 -0.1802636 0.2371038 0.2371039 -0.9421059 0.2371038 -0.2371039 -0.9421059 0.2809778 0.8931374 -0.3512222 0.2809778 -0.8931375 -0.3512222 0.2512757 0.3583467 -0.8991374 0.2512757 -0.3583468 -0.8991374 0.2842977 0.8138373 -0.5067974 0.2842977 -0.8138373 -0.5067974 0.2644407 0.4805125 -0.8361692 0.2644408 -0.4805125 -0.8361692 0.2751554 0.6005816 -0.7507272 0.2751554 -0.6005816 -0.7507272 0.2821866 0.7138293 -0.6409512 0.2821866 -0.7138293 -0.6409512 -0.08460245 0.3179935 -0.9443106 0.329767 0 -0.9440624 0.3204897 0 -0.947252 0.3034182 0.05914359 -0.9510202 0.2969039 0 -0.9549073 0.2973574 -0.003768084 -0.9547588 0.3253958 0 -0.945578 0.3297632 0 -0.9440637 0.08607729 -0.3285391 -0.9405597 0 0 1 0.3689328 0.9250989 -0.08989199 0 0 0 0 0 0 0 0 1 0.3689328 -0.9250989 -0.08989199 0.3359967 0.1252045 -0.9335042 0.3359966 -0.1252045 -0.9335042 0.403006 0.8957382 -0.1877211 0.403006 -0.8957382 -0.1877211 0.3583466 0.2512758 -0.8991374 0.3583466 -0.2512759 -0.8991375 0.4153151 0.8336638 -0.36403 0.4153152 -0.8336638 -0.36403 0 0 1 0.3799063 0.3799063 -0.8434112 0.3799062 -0.3799063 -0.8434112 0.4182361 0.7428082 -0.522795 0.418236 -0.7428082 -0.522795 0.3983394 0.5081443 -0.7636197 0.3983394 -0.5081443 -0.7636197 0.4118813 0.6316634 -0.6567762 0.4118813 -0.6316634 -0.6567763 0 0 1 0 0 0.9999999 -0.1110894 0.4182983 -0.9014908 0.4337778 0 -0.9010199 0.4264826 0 -0.9044958 0.4018977 0 -0.9156846 0.41101 0.061318 -0.9095663 0.4025433 -0.004023 -0.9153921 0.4308439 0 -0.9024264 0.1129279 -0.4310225 -0.8952469 0.433797 0 -0.9010105 0.4897561 0.8670623 -0.09133342 0 0 1 0 0 1 0.4897561 -0.8670623 -0.09133343 0.4497912 0.1319324 -0.8833356 0.4497912 -0.1319324 -0.8833356 0.5268417 0.8277222 -0.1931681 0.5268418 -0.8277221 -0.1931681 0 0 1 0.4805125 0.264441 -0.8361689 0.4805125 -0.264441 -0.8361691 0.5414312 0.7537423 -0.3724577 0.5414313 -0.7537422 -0.3724577 0.5081444 0.3983394 -0.7636197 0.5081444 -0.3983394 -0.7636197 0.5418906 0.6514634 -0.5309895 0.5418907 -0.6514634 -0.5309895 0.5298124 0.5298125 -0.6622669 0.5298124 -0.5298125 -0.6622669 0 0 0.9999999 0 0 1 0.5372714 0 -0.8434094 -0.1372221 0.5180806 -0.8442526 0.5319162 0 -0.846797 0.5057612 0 -0.8626735 0.5183617 0.0636848 -0.8527869 0.5066633 -0.004250662 -0.8621334 0.5357462 0 -0.8443791 0.1393908 -0.5320265 -0.8351753 0.5372714 0 -0.8434095 0 0 1 0.602391 0.792822 -0.09251165 0 0 1 0.6023911 -0.7928219 -0.09251165 0.5631668 0.1377341 -0.8147837 0.5631668 -0.137734 -0.8147838 0.6410903 0.7420179 -0.1959914 0.6410903 -0.7420179 -0.1959914 0.6005816 0.2751557 -0.7507271 0.6005816 -0.2751556 -0.7507271 0.6554075 0.6554073 -0.3753431 0.6554074 -0.6554072 -0.3753431 0.6316631 0.4118811 -0.6567766 0.6316632 -0.4118811 -0.6567767 0.6514634 0.541891 -0.5309892 0.6514633 -0.541891 -0.5309892 0.6376101 0 -0.7703593 -0.1627358 0.6135766 -0.7726842 0.6345389 0 -0.7728909 0.6233459 0.06570084 -0.7791811 0.6081321 0 -0.7938359 0.6092436 -0.004408272 -0.7929709 0.6375987 0 -0.7703688 0.1647601 -0.6288541 -0.7598662 0.6375679 0 -0.7703943 0.704058 0.704058 -0.09276148 0 0 0.9999999 0.704058 -0.704058 -0.09276149 0 0 1 0 0 1 0.6725212 0.1421068 -0.7263065 0.6725212 -0.1421068 -0.7263064 0.742018 0.64109 -0.1959915 0.742018 -0.64109 -0.1959915 0.7138294 0.2821866 -0.6409512 0.7138294 -0.2821866 -0.6409511 0.7537426 0.5414312 -0.3724572 0.7537425 -0.5414312 -0.3724572 0.7428083 0.418236 -0.5227949 0.7428083 -0.418236 -0.5227949 -0.1886206 0.7094253 -0.6790714 0.733214 0 -0.679998 0.7325243 0 -0.6807407 0.7058276 0 -0.7083837 0.7234321 0.06753088 -0.687085 0.7071232 -0.004497618 -0.7070761 0.73484 0 -0.6782405 0.7332523 0 -0.6799565 0.1886626 -0.720084 -0.6677466 0.7928221 0.6023909 -0.09251132 0 0 1 0.7928221 -0.6023909 -0.09251132 0 0 1 0 0 1 0.7743173 0.1445633 -0.6160634 0.7743173 -0.1445633 -0.6160634 0.8277219 0.526842 -0.1931686 0.8277219 -0.526842 -0.1931685 0 0 1 0.8138371 0.2842976 -0.5067977 0.8138371 -0.2842977 -0.5067977 0.8336637 0.4153156 -0.3640298 0.8336637 -0.4153156 -0.3640298 0 0 0.9999999 -0.2044659 0.7916378 -0.5757632 0.8201171 0 -0.5721959 0.8216206 0 -0.5700347 0.8149714 0.06867688 -0.5754172 0.7969111 0 -0.6040966 0.7982288 -0.004489025 -0.6023377 0.8231282 0 -0.5678555 0.8201169 0 -0.5721959 0.2100739 -0.8018175 -0.5594262 0 0 1 0.8670623 0.4897563 -0.09133358 0.8670623 -0.4897563 -0.09133358 0 0 1 0.862455 0.1445961 -0.4850395 0.862455 -0.1445961 -0.4850395 0.8957383 0.4030058 -0.187721 0.8957383 -0.4030058 -0.187721 0.8931376 0.2809775 -0.3512218 0.8931376 -0.2809776 -0.3512219 -0.2163808 0.8647971 -0.4531063 0.8943782 0 -0.4473116 0.8978127 0 -0.4403775 0.8761382 0 -0.4820601 0.8928038 0.06940232 -0.4450672 0.8773636 -0.004402731 -0.4798059 0.8986374 0 -0.4386922 0.8943782 0 -0.4473115 0.2281445 -0.8707916 -0.4355134 0 0 1 0.9250991 0.3689326 -0.08989104 0.9250991 -0.3689326 -0.08989104 0 0 1 0 0 1 0 0 0 0.9314159 0.1421001 -0.3350702 0.9314159 -0.1421001 -0.3350702 0.9452515 0.2720378 -0.1802638 0.9452515 -0.2720378 -0.1802638 -0.2089366 0.9244955 -0.3188318 0.9513563 0 -0.3080929 0.9557198 0 -0.2942781 0.9397041 0 -0.3419885 0.9521952 0.06875686 -0.2976519 0.9406515 -0.004198953 -0.3393481 0.956046 0 -0.2932167 0.9511002 0 -0.3088825 0.2417883 -0.9228803 -0.2997171 0 0 1 0.9664269 0.2416808 -0.08723162 0 0 1 0.9664269 -0.2416808 -0.08723161 0.9755954 0.1371681 -0.1714603 0.9755954 -0.1371681 -0.1714603 0.9867064 0 -0.1625128 -0.1491904 0.9715222 -0.1840843 0.9906021 0 -0.1367744 0.9880909 0.06748854 -0.1382808 0.9819773 0 -0.1889993 0.9825298 -0.00394163 -0.1860638 0.9906691 0 -0.1362893 0.9867064 0 -0.1625128 0.250274 -0.9553048 -0.1573398 0.990233 0.1108644 -0.08454414 0 0 1 0 0 1 0.990233 -0.1108644 -0.08454414 -0.01361509 0.05081638 -0.9986153 0.01378551 -0.0526408 -0.9985184 0.01379189 -0.05264078 -0.9985183 -0.030194 0.1126837 -0.9931721 0.02246123 -0.0857299 -0.9960653 0.02288498 -0.08738769 -0.9959115 -0.05758209 0.2148279 -0.9749531 0.05019135 -0.1916587 -0.9801773 0.04971707 -0.1897599 -0.980571 -0.08506136 0.3173512 -0.9444855 0.07752073 -0.2960176 -0.9520316 0.07698289 -0.2938278 -0.9527534 -0.112 0.417946 -0.9015415 0.1046703 -0.39969 -0.9106547 0.1040709 -0.397217 -0.9118048 -0.13906 0.5189321 -0.8434284 0.1306058 -0.4984958 -0.8569971 0.1312996 -0.5013757 -0.8552092 -0.1648862 0.6154803 -0.7707117 0.1565015 -0.5973344 -0.7865742 0.157275 -0.600564 -0.7839563 -0.1903956 0.7105169 -0.6774329 0.1817639 -0.6940767 -0.6965771 0.180871 -0.6903442 -0.7005074 -0.2136113 0.7969592 -0.5650012 0.2033088 -0.77599 -0.5970803 0.204291 -0.7800977 -0.5913651 -0.2326477 0.8682062 -0.4382843 0.2225274 -0.8493501 -0.4786293 0.2236314 -0.8539499 -0.4698495 -0.2474697 0.9235258 -0.2930173 0.2377905 -0.9076115 -0.3459726 0.2389592 -0.9124802 -0.3320816 -0.2563087 0.957153 -0.1347745 0.2490562 -0.9510362 -0.183033 0.2478757 -0.9461242 -0.208343 0 0 1 0.9966244 0 -0.08209763 -0.2572427 0.9619171 -0.09242073 0 0 1 0 0 1 0 0 1 0 0 1 0.9944817 0.06553666 -0.08192113 0.9966242 0 -0.08209762 0 0 1 0.9966224 -0.001883849 -0.08209747 0 0 1 0 0 1 0.2526297 -0.9642969 -0.07943244 0.2525353 -0.9643214 -0.07943712 0.9966242 0 -0.08209762 0 0 1 0 0 1 0 0 1 0 0 1 0 0 0.9999999 0 0 1 0 0 1 0 0 1 0 0 1 0 0 1 0 0 1 0 0 1 0 0 1 0 0 1 0 0 1 0 0 1 0 0 1 0 0 1 0 0 0.9999999 0 0 1 0 0 1 0 0 1 0 0 1 0 0 1 0 0 0.9999999 0 0 1 0 0 1 0 0 1 0 0 1 0 0 1 0 0 1 0 0 1 0 0 1 0 0 0.9999999 0 0 1 0 0 1 0 0 1 0 0 1 0 0 1 0 0 0 0 0 0 0 0 0.9999999 0 0 1 -0.2563868 0.9570116 -0.1356268 -0.2563868 0.9570114 -0.1356279 -0.06362585 0.9695125 -0.2366376 -0.257907 0.9626862 -0.08197078 -0.257907 0.9626861 -0.08197188 0 0 1 -0.06362581 0.9695125 -0.2366378 0 0 1 -0.2475181 0.9239076 -0.2917694 -0.247518 0.9239072 -0.2917708 -0.05606043 0.8551364 -0.5153631 -0.2328317 0.8690877 -0.4364356 -0.2328317 0.8690879 -0.4364353 -0.05606043 0.8551362 -0.5153634 -0.2135201 0.7970036 -0.5649731 -0.2135202 0.7970039 -0.5649726 -0.1909547 0.712774 -0.6748995 -0.1909547 0.712774 -0.6748995 0 0 1 -0.1660641 0.619865 -0.7669356 -0.03830527 0.583333 -0.8113294 -0.03830532 0.5833326 -0.8113297 -0.1660641 0.6198653 -0.7669353 -0.1400055 0.5225966 -0.8410062 -0.1400053 0.5225961 -0.8410065 0 0 0.9999999 -0.1130986 0.4221617 -0.8994377 -0.1130986 0.4221617 -0.8994377 -0.01770234 0.2697829 -0.9627585 -0.08607066 0.3212747 -0.9430665 -0.01770232 0.2697831 -0.9627584 -0.08607073 0.3212751 -0.9430664 0 0 0.9999999 -0.05879018 0.2194453 -0.9738519 -0.05879016 0.2194452 -0.9738519 0 0 1 -0.03168359 0.1182649 -0.9924765 -0.03168365 0.1182652 -0.9924765 0 0 1 0.00321356 -0.04898801 -0.9987942 -0.004553865 0.01699815 -0.9998451 0.003213537 -0.04898801 -0.9987941 -0.004553865 0.01699815 -0.9998451 0.02265492 -0.08456372 -0.9961606 0.02265487 -0.08456352 -0.9961606 0.04973391 -0.1856411 -0.9813582 0.04973403 -0.1856416 -0.9813581 0.07694314 -0.2872047 -0.954774 0.02416452 -0.3686073 -0.929271 0.07694314 -0.2872046 -0.9547739 0.02416431 -0.3686075 -0.929271 0.104138 -0.3887145 -0.9154541 0.104138 -0.3887144 -0.9154542 0.1310296 -0.4890926 -0.8623338 0.1310295 -0.4890923 -0.8623341 0.1575257 -0.5879943 -0.7933778 0.0444284 -0.6772248 -0.7344337 0.1575254 -0.5879931 -0.7933787 0.04442814 -0.6772248 -0.7344336 0.1827968 -0.6823232 -0.7078279 0.1827968 -0.6823233 -0.7078279 0.2063384 -0.7701967 -0.6035075 0.2063384 -0.7701968 -0.6035075 0 0 1 0.0604568 -0.9209337 -0.3850014 0.226807 -0.8465993 -0.4814853 0.06045722 -0.9209336 -0.3850018 0.2268071 -0.8465998 -0.4814846 0 0 1 0 0 0 0 0 1 0 0 1 0 0 1 0.2432188 -0.9078594 -0.3415199 0.2432189 -0.9078598 -0.3415188 0 0 0 0 0 1 0 0 1 0 0 1 0.2541287 -0.9485827 -0.1887046 0.2541286 -0.9485826 -0.1887051 0.06335013 -0.9696718 -0.2360583 0.0633506 -0.9696719 -0.2360577 0 0 1 0.2579071 -0.9626862 -0.08197079 0 0 0 0.257907 -0.9626861 -0.08197126 0 0 0.9999999 0 0 0 0 0 1 0 0 1 0 0 1 0 0 1 0 0 1 0 0 1 0 0 1 0 0 1 0 0 0.9999999 0 0 1 0 0 1 0 0 1 0 0 0.9999999 0 0 1 0 0 1 0 0 0.9999999 0 0 1 0 0 1 -0.06110655 -0.9686894 -0.2406389 0 0 1 -0.06110642 -0.9686894 -0.2406383 0 0 1 -0.1164814 -0.8779691 -0.4643298 -0.1164817 -0.8779693 -0.4643295 0 0 1 -0.08433224 -0.6133218 -0.7853181 -0.08433257 -0.613322 -0.7853179 0 0 1 0 0 1 0 0 1 0 0 0.9999999 -0.04735857 -0.3038007 -0.9515578 -0.04735857 -0.3038006 -0.9515579 0 0 1 -0.009554071 0.008067026 -0.9999218 -0.009554062 0.008067029 -0.9999218 0 0 1 0 0 1 0 0 1 0.02971099 0.3190302 -0.9472788 0.02971098 0.3190303 -0.9472787 0.07094447 0.6246628 -0.7776653 0.07094435 0.6246624 -0.7776657 0 0 1 0.1090946 0.8827702 -0.456963 0.1090945 0.8827701 -0.4569631 0 0 1 -0.01361671 0.05081638 -0.9986151 0.0144442 -0.05432451 -0.9984189 0.02262466 -0.08437344 -0.9961774 -0.02260864 0.08437347 -0.9961777 0.04967101 -0.1852365 -0.9814378 -0.04963591 0.1852369 -0.9814395 0.07967023 -0.2984984 -0.9510791 -0.06144141 0.2349231 -0.9700701 -0.0770518 0.2873851 -0.9547108 0.1040345 -0.3879727 -0.9157806 -0.1040457 0.3879721 -0.9157795 0.1309268 -0.4882611 -0.8628206 -0.1309406 0.4882595 -0.8628194 0.1600428 -0.5997324 -0.7840327 -0.137958 0.5274832 -0.8382893 -0.157458 0.5871395 -0.794024 0.1827511 -0.681528 -0.7086054 -0.1822685 0.6800311 -0.710166 0.2063487 -0.7695298 -0.6043543 -0.206719 0.7710316 -0.6023102 0.2282849 -0.8555825 -0.4646122 -0.2269082 0.8461095 -0.482298 -0.2051257 0.7843055 -0.5854813 0.2433641 -0.9075702 -0.3421842 -0.2433889 0.907564 -0.3421832 -0.2563867 0.9570112 -0.1356297 0.254326 -0.9484498 -0.189107 -0.2545856 0.949315 -0.184356 -0.257907 0.9626862 -0.08197078 -0.429709 0.8714085 -0.2366378 0 0 1 0 0 1 0.2570341 -0.961176 -0.1003706 -0.2455173 0.9387661 -0.2417426 -0.3134814 0.9407163 -0.1295462 0 0 1 -0.247518 0.9239072 -0.2917708 0.1892472 0.9519649 -0.2407246 0 0 1 0.1892472 0.9519649 -0.2407245 0 0 1 -0.2328318 0.8690882 -0.4364344 -0.377138 0.7650441 -0.5219909 -0.2245798 0.8587095 -0.4606321 -0.3771377 0.7650441 -0.5219911 0 0 1 0 0 1 -0.2135198 0.7970023 -0.5649749 0 0 1 -0.1909549 0.7127747 -0.6748988 0 0 1 -0.1660645 0.6198668 -0.7669339 -0.2551765 0.5174055 -0.8168086 -0.1622354 0.6203079 -0.7673967 -0.2551767 0.5174053 -0.8168089 -0.1400055 0.5225966 -0.8410062 0 0 1 -0.1130986 0.4221617 -0.8994377 -0.08607066 0.3212747 -0.9430665 -0.1154843 0.2342055 -0.9653038 -0.08715107 0.3332237 -0.9388113 -0.1154843 0.2342055 -0.9653037 -0.05879005 0.2194448 -0.973852 0 0 1 0 0 1 0 0 1 -0.03168374 0.1182655 -0.9924763 0.02575613 -0.05223646 -0.9983025 -0.004553853 0.01699811 -0.9998451 -0.009465328 0.03619098 -0.9993001 0.02575615 -0.0522365 -0.9983025 0.02265491 -0.08456369 -0.9961604 0.04973392 -0.1856411 -0.9813582 0 0 1 0.1668638 -0.3384443 -0.9260734 0.07694298 -0.287204 -0.954774 0.1668638 -0.3384444 -0.9260734 0.06873559 -0.2628123 -0.9623956 0 0 1 0 0 1 0.104138 -0.3887145 -0.9154541 0.1310297 -0.4890926 -0.8623339 0 0 1 0.3023587 -0.6132116 -0.7297606 0.1575258 -0.5879943 -0.7933778 0.1467089 -0.5609462 -0.8147489 0.3023587 -0.6132114 -0.7297609 0.1827972 -0.6823245 -0.7078266 0 0 1 0.2063385 -0.7701969 -0.6035075 -0.4273005 -0.8715791 -0.2403415 -0.4273009 -0.8715791 -0.2403408 0 0 1 0.4086587 -0.8287494 -0.3823251 0.2268072 -0.8466004 -0.4814835 0.4086589 -0.8287492 -0.3823254 0 0 1 0.2159081 -0.8255323 -0.5214212 0 0 1 0.2432186 -0.9078587 -0.3415222 -0.4436525 -0.7666115 -0.4641974 -0.4436525 -0.7666117 -0.4641973 0.2541287 -0.9485827 -0.1887047 0.2579072 -0.9626866 -0.08196583 0.4296197 -0.8716046 -0.2360767 0.4296199 -0.8716046 -0.2360767 0 0 1 0.2455227 -0.9387649 -0.2417417 0 0 1 0 0 1 0 0 1 -0.3124795 -0.5343045 -0.785414 -0.3124793 -0.5343046 -0.7854141 0 0 1 0 0 1 0 0 1 0 0 1 -0.6418364 0.7280923 -0.2406813 0 0 1 0 0 0.9999999 -0.6418365 0.7280923 -0.2406814 0 0 1 -0.5385531 0.7031474 -0.4642673 -0.5385531 0.7031476 -0.4642673 0 0 0.9999999 -0.1600162 -0.2625731 -0.9515515 -0.160016 -0.2625729 -0.9515515 0 0 1 0 0 1 -0.3740605 0.4931967 -0.785389 -0.3740604 0.4931966 -0.7853891 0 0 1 0 0 1 -0.00573286 0.011111 -0.9999219 -0.005732864 0.011111 -0.9999218 0 0 1 -0.7280927 -0.6418364 -0.2406808 -0.7280922 -0.6418366 -0.2406813 0 0 0.9999999 -0.1813629 0.2483542 -0.9515397 -0.181363 0.2483542 -0.9515396 0 0 1 0 0 1 0 0 1 -0.7031473 -0.5385529 -0.4642678 -0.7031472 -0.5385531 -0.4642677 0 0 1 0.1495231 0.2833479 -0.9472892 0.149523 0.2833478 -0.9472893 0 0 1 0 0 1 -0.8715793 0.4273007 -0.2403407 0 0 1 -0.8715793 0.4273008 -0.2403402 0 0 1 0 0 1 0 0 1 -0.7666116 0.4436524 -0.4641974 -0.7666116 0.4436524 -0.4641973 0 0 1 0 0 1 -0.4931968 -0.3740604 -0.7853888 -0.4931967 -0.3740604 -0.7853889 0.01246176 0.001056436 -0.9999218 0.01246176 0.001056436 -0.9999218 0.3045578 0.5499207 -0.7777092 0.3045578 0.5499207 -0.7777092 -0.9184574 -0.3141564 -0.2402948 0 0 0.9999999 0 0 1 -0.9184575 -0.3141563 -0.2402948 0.4386747 0.7738224 -0.4569063 0.4386749 0.7738224 -0.4569063 0 0 1 0 0 1 0 0 1 0 0 1 0 0 1 -0.5343046 0.3124796 -0.7854139 -0.5343047 0.3124795 -0.785414 -0.9686896 0.06110659 -0.2406379 -0.9686895 0.06110657 -0.2406379 0 0 1 0.01378596 -0.0526408 -0.9985183 0.01378677 -0.05264098 -0.9985183 0.03083806 -0.1177546 -0.9925638 0.03147937 -0.1201949 -0.9922511 0.05828389 -0.2225574 -0.9731758 0.0588537 -0.2247159 -0.9726454 0.08577602 -0.3275368 -0.9409368 0.08627447 -0.3294147 -0.9402354 0.1128528 -0.4309304 -0.8953007 0.1132658 -0.4324744 -0.8945037 0.1395523 -0.5328842 -0.8346015 0.1398915 -0.5341384 -0.8337425 0.1651579 -0.630661 -0.7582807 0.1654135 -0.6315887 -0.7574524 0.1893058 -0.7228719 -0.6645446 0.189491 -0.7235239 -0.6637819 0.2109257 -0.80543 -0.5538889 0.2110442 -0.8058209 -0.5532748 0.229185 -0.875155 -0.4261197 0.2292544 -0.8753535 -0.4256745 0.2429129 -0.9275764 -0.2838931 0.2429508 -0.9276506 -0.2836182 0.2511299 -0.9589545 -0.1316816 0.2511518 -0.9589652 -0.1315616 0 0 1 0.539207 0.8071402 -0.2403755 0 0 1 0.5392072 0.8071404 -0.2403746 0 0 1 -0.9944814 -0.06553857 -0.08192337 -0.9966242 0 -0.08209988 0 0 1 0 0 1 0 0 1 0 0 1 -0.9966241 0 -0.08209988 0.2525353 -0.9643213 -0.07943911 0 0 1 -0.9944814 -0.06553857 -0.08192337 -0.9966241 0 -0.08209988 0 0 1 0.2525533 -0.9643167 -0.079436 -0.9966241 0 -0.08209988 0 0 1 -0.855758 -0.2283804 -0.4642421 -0.8557581 -0.2283804 -0.4642418 -0.9880912 -0.0674886 -0.1382792 -0.98198 0 -0.1889852 -0.9906564 0 -0.1363811 0.2501676 -0.95533 -0.1573555 -0.9867067 0 -0.1625112 -0.9880912 -0.0674886 -0.1382792 -0.98198 0 -0.1889852 -0.9906565 0 -0.1363811 -0.9867066 0 -0.1625112 0.2502173 -0.9553173 -0.1573535 0 0 1 0 0 1 0 0 1 -0.9902331 -0.1108631 -0.08454386 -0.9902331 -0.1108632 -0.08454385 0 0 1 -0.9755962 -0.1371657 -0.1714573 -0.9755963 -0.1371658 -0.1714572 0 0 1 -0.9397033 0 -0.3419908 -0.9521957 -0.06875608 -0.2976507 -0.955983 0 -0.2934217 0.2417257 -0.9228956 -0.2997206 -0.9511003 0 -0.3088821 -0.9397033 0 -0.3419908 -0.9521957 -0.06875608 -0.2976507 -0.9559832 0 -0.2934218 -0.9511002 0 -0.3088824 0.2417846 -0.92288 -0.299721 -0.9664273 -0.2416798 -0.0872304 0 0 1 0 0 1 -0.9664273 -0.2416798 -0.08722968 -0.9314159 -0.1420989 -0.3350705 -0.931416 -0.1420988 -0.3350703 -0.9452517 -0.2720383 -0.1802624 -0.9452519 -0.2720377 -0.1802616 0.2045596 -0.2465495 -0.9472956 0.2045596 -0.2465496 -0.9472954 -0.8779694 0.1164817 -0.4643295 -0.8779694 0.1164817 -0.4643293 0 0 1 -0.2483542 -0.1813629 -0.9515397 -0.2483542 -0.1813629 -0.9515397 -0.8761385 0 -0.4820595 -0.8928034 -0.06939919 -0.4450682 -0.8984726 0 -0.4390296 -0.8943774 0 -0.4473133 0.2280787 -0.8708047 -0.4355219 -0.8928035 -0.06939905 -0.4450682 -0.8761384 0 -0.4820596 -0.8984725 0 -0.4390296 -0.8943772 0 -0.4473135 0.2281574 -0.8707906 -0.4355089 0 0 1 0 0 1 -0.925099 -0.3689337 -0.08988739 0 0 1 -0.9250994 -0.368933 -0.08988605 -0.8931366 -0.2809788 -0.3512235 -0.8931366 -0.2809788 -0.3512236 -0.8624548 -0.1445958 -0.4850399 -0.8624547 -0.1445957 -0.4850401 -0.8957383 -0.403006 -0.1877203 -0.8957382 -0.4030063 -0.18772 0 0 1 0 0 1 -0.8149716 -0.06867517 -0.5754172 -0.7969048 0 -0.6041049 -0.8228269 0 -0.5682921 -0.8201177 0 -0.5721949 0.2100132 -0.8018275 -0.5594347 -0.8149715 -0.06867519 -0.5754173 -0.7969047 0 -0.6041049 -0.8228269 0 -0.5682921 0.2100722 -0.8018149 -0.5594305 -0.8201178 0 -0.5721948 0 0 1 -0.8670624 -0.4897562 -0.0913316 0 0 0.9999999 0 0 1 -0.8670623 -0.4897568 -0.09133083 0 0 1 -0.8138362 -0.2842987 -0.5067987 -0.8138359 -0.284299 -0.5067991 -0.8336629 -0.415316 -0.3640311 -0.8336622 -0.4153166 -0.3640321 0 0 1 0 0 1 0 0 1 -0.7743163 -0.1445639 -0.6160646 -0.7743164 -0.1445638 -0.6160645 -0.8277209 -0.5268431 -0.1931689 -0.8277206 -0.5268436 -0.193169 0 0 1 -0.7058342 0 -0.7083771 -0.7234312 -0.06752999 -0.6870858 -0.7343636 0 -0.6787562 0.1886054 -0.7200913 -0.6677549 -0.7332515 0 -0.6799574 -0.7058341 0 -0.7083771 -0.7234313 -0.06752998 -0.6870858 -0.7343637 0 -0.6787562 -0.7332516 0 -0.6799574 0.1886585 -0.7200834 -0.6677483 0 0 1 0 0 1 -0.7928212 -0.6023921 -0.09251072 -0.7928212 -0.6023921 -0.09251072 0 0 1 -0.5988476 -0.1568803 -0.7853471 -0.5988476 -0.1568803 -0.7853472 -0.7428076 -0.4182362 -0.5227956 -0.742808 -0.4182365 -0.522795 0 0 1 0 0 1 -0.7138289 -0.2821872 -0.6409514 -0.7138291 -0.2821871 -0.6409511 -0.7537417 -0.5414318 -0.372458 -0.7537418 -0.5414314 -0.3724584 0 0 0.9999999 0 0 1 0 0 1 0.3915668 -0.4919457 -0.7776019 0.3915668 -0.4919457 -0.7776019 -0.6725206 -0.1421069 -0.7263068 -0.6725207 -0.1421069 -0.7263067 -0.7420177 -0.6410906 -0.1959915 -0.7420177 -0.6410906 -0.1959915 0 0 1 -0.2625729 0.160016 -0.9515515 -0.262573 0.1600161 -0.9515515 -0.6133217 0.0843324 -0.7853181 -0.6133218 0.08433241 -0.7853181 -0.623346 -0.06570108 -0.7791811 -0.6081322 0 -0.7938356 -0.6369596 0 -0.7708972 0.1647109 -0.6288602 -0.7598717 -0.6375681 0 -0.7703939 -0.623346 -0.06570088 -0.7791811 -0.6081322 0 -0.7938356 -0.6369596 0 -0.7708972 0.1647601 -0.6288547 -0.7598656 -0.6375681 0 -0.770394 -0.7040579 -0.7040579 -0.09276209 0 0 1 0 0 0.9999999 -0.7040579 -0.7040579 -0.09276209 0 0 1 -0.631664 -0.4118807 -0.6567761 -0.6316643 -0.4118807 -0.6567758 -0.6514642 -0.5418903 -0.5309889 -0.6514642 -0.5418907 -0.5309885 0 0 1 -0.6005824 -0.2751554 -0.7507266 -0.6005824 -0.2751554 -0.7507266 -0.6554082 -0.6554068 -0.3753424 -0.6554073 -0.6554073 -0.3753429 0 0 1 -0.563167 -0.1377338 -0.8147836 -0.5631669 -0.1377338 -0.8147837 -0.6410907 -0.7420179 -0.1959907 -0.6410906 -0.7420177 -0.1959915 -0.001056416 0.01246177 -0.9999218 -0.001056445 0.01246177 -0.9999218 0 0 1 -0.5183619 -0.06368515 -0.8527866 -0.5057542 0 -0.8626776 -0.5349301 0 -0.8448964 0.1393486 -0.5320287 -0.8351812 -0.5372715 0 -0.8434095 -0.5183619 -0.06368513 -0.8527867 -0.5057542 0 -0.8626776 -0.5349299 0 -0.8448964 -0.5372714 0 -0.8434094 0.1393922 -0.5320276 -0.8351744 0.5470338 -0.701343 -0.4570252 0.5470337 -0.7013429 -0.4570255 0 0 1 -0.6023914 -0.7928218 -0.0925111 0 0 1 -0.6023921 -0.7928212 -0.09251072 -0.5298138 -0.5298116 -0.6622666 -0.5298131 -0.5298131 -0.6622658 -0.5081445 -0.3983388 -0.7636198 -0.5081443 -0.3983388 -0.7636202 -0.5418912 -0.6514637 -0.5309885 -0.5418907 -0.6514642 -0.5309885 0 0 1 0 0 1 0.5393097 -0.8069805 -0.2406814 0 0 1 0.5393097 -0.8069805 -0.2406813 0 0 1 -0.4805126 -0.264441 -0.8361689 -0.4805124 -0.2644409 -0.8361692 -0.5414312 -0.7537425 -0.3724573 -0.5414314 -0.7537419 -0.3724584 -0.4497917 -0.1319322 -0.8833354 -0.4497916 -0.1319321 -0.8833354 -0.5268425 -0.8277217 -0.1931675 -0.5268437 -0.8277206 -0.193169 -0.4018977 0 -0.9156846 -0.4110104 -0.06131791 -0.9095662 -0.4298953 0 -0.9028788 -0.4337972 0 -0.9010105 0.1128939 -0.431024 -0.8952504 -0.4110104 -0.06131794 -0.9095661 -0.4018976 0 -0.9156846 -0.4298952 0 -0.9028788 -0.4337972 0 -0.9010105 0.1129285 -0.4310225 -0.8952468 -0.4897571 -0.8670619 -0.09133304 0 0 0.9999999 0 0 1 -0.4897567 -0.8670623 -0.09133083 -0.2988528 -0.07251252 -0.9515403 -0.2988528 -0.07251252 -0.9515403 0 0 1 -0.3983391 -0.5081438 -0.7636201 -0.3983388 -0.5081442 -0.7636202 -0.4118807 -0.6316638 -0.6567763 -0.4118807 -0.6316643 -0.6567758 -0.3799066 -0.3799059 -0.8434113 -0.379906 -0.379906 -0.8434114 -0.4182359 -0.7428089 -0.5227941 -0.4182365 -0.742808 -0.522795 0 0 1 -0.3583471 -0.2512762 -0.8991373 -0.3583474 -0.2512765 -0.899137 -0.4153155 -0.8336634 -0.3640306 -0.4153166 -0.8336623 -0.3640321 0 0 1 0.01111101 0.005732849 -0.9999219 0.011111 0.00573285 -0.9999219 -0.3038006 0.0473586 -0.9515578 -0.3038006 0.0473586 -0.9515578 -0.3359968 -0.1252043 -0.9335042 -0.335997 -0.1252042 -0.9335042 -0.4030062 -0.8957381 -0.1877207 -0.4030045 -0.8957393 -0.1877193 0 0 1 0 0 0.9999999 -0.2969107 0 -0.9549053 -0.3034177 -0.059143 -0.9510204 -0.3243061 0 -0.9459522 -0.3297628 0 -0.9440639 0.0860513 -0.3285402 -0.9405618 -0.3034176 -0.05914288 -0.9510204 -0.2969107 0 -0.9549052 -0.3243061 0 -0.9459522 0.08607711 -0.3285394 -0.9405597 -0.3297628 0 -0.9440638 0 0 1 -0.3689323 -0.9250992 -0.08989102 0 0 1 -0.3689308 -0.9251 -0.08988909 0 0 1 0.2465495 0.2045596 -0.9472955 0.2465495 0.2045596 -0.9472955 0 0 1 -0.2644406 -0.4805126 -0.8361691 -0.2644409 -0.4805124 -0.8361692 -0.2751549 -0.6005816 -0.7507274 -0.2751554 -0.6005824 -0.7507266 -0.2821863 -0.7138297 -0.6409509 -0.2821871 -0.7138291 -0.6409511 -0.2512757 -0.3583468 -0.8991374 -0.2512765 -0.3583474 -0.899137 -0.2842979 -0.813837 -0.5067979 -0.2842991 -0.8138359 -0.5067992 -0.2371037 -0.2371037 -0.942106 -0.2371037 -0.2371037 -0.942106 -0.2809777 -0.8931374 -0.3512221 -0.2809765 -0.8931383 -0.3512207 -0.2227955 -0.1181071 -0.9676843 -0.2227953 -0.118107 -0.9676843 -0.2720373 -0.9452518 -0.1802629 -0.2720366 -0.945252 -0.1802631 0 0 1 -0.1958617 -0.0565588 -0.9789991 -0.1919006 0 -0.9814144 -0.2180144 0 -0.9759456 -0.2247866 0 -0.974408 0.05877427 -0.2243981 -0.9727236 -0.1958617 -0.0565588 -0.9789991 -0.1919005 0 -0.9814144 -0.2180143 0 -0.9759455 0.05879226 -0.224398 -0.9727225 -0.2247866 0 -0.974408 0 0 0.9999999 -0.2416803 -0.9664272 -0.08723038 -0.2416819 -0.9664264 -0.08723477 0 0 1 0 0 1 0 0 0.9999999 0 0 1 -0.131932 -0.4497912 -0.8833356 -0.1319321 -0.4497917 -0.8833354 -0.1377338 -0.5631669 -0.8147837 -0.1377338 -0.5631669 -0.8147837 -0.1421064 -0.6725209 -0.7263069 -0.1421069 -0.6725207 -0.7263067 -0.1252044 -0.3359968 -0.9335041 -0.1252042 -0.335997 -0.9335042 -0.1445627 -0.7743176 -0.6160633 -0.1445638 -0.7743163 -0.6160645 -0.1445963 -0.8624546 -0.4850401 -0.1445952 -0.8624558 -0.4850382 -0.1181075 -0.2227958 -0.9676842 -0.118107 -0.2227953 -0.9676843 -0.1420998 -0.931416 -0.3350698 -0.1421 -0.9314163 -0.3350689 -0.1110857 -0.1110855 -0.9875829 -0.1110856 -0.1110856 -0.9875829 -0.1371681 -0.9755954 -0.1714601 -0.1371689 -0.9755952 -0.1714611 -0.08741064 0 -0.9961724 -0.08907927 -0.05434701 -0.9945408 -0.1124464 0 -0.9936578 -0.1204466 0 -0.9927199 0.03152487 -0.1203608 -0.9922296 -0.08907927 -0.05434701 -0.9945408 -0.08741065 0 -0.9961724 -0.1124465 -3.929174E-09 -0.9936578 -0.1204468 0 -0.9927198 0.03154096 -0.1203855 -0.9922261 0 0 1 -0.110865 -0.9902329 -0.08454444 0 0 1 -0.1108632 -0.9902331 -0.08454385 0.003793165 0.011907 -0.999922 0.003793174 0.011907 -0.999922 0 0 0.9999999 0.283348 -0.1495231 -0.9472893 0.2833479 -0.1495231 -0.9472892 0.4919457 0.3915668 -0.777602 0.4919458 0.3915668 -0.7776019 0 0 1 0.008067016 0.009554072 -0.9999217 0.008067032 0.009554072 -0.9999217 0.04970508 -0.002948412 -0.9987596 -0.05264578 0 -0.9986133 -0.05264578 0 -0.9986132 0.04593129 -0.008479034 -0.9989086 -0.01633824 0.04919345 -0.9986557 -0.05264578 0 -0.9986132 0.04970508 -0.002948411 -0.9987596 -0.05264578 -6.67713E-09 -0.9986132 0.04593389 -0.00847945 -0.9989085 -0.0163384 0.04919393 -0.9986557 -5.431161E-10 -0.089211 -0.9960127 0.05434687 0.08907948 -0.9945408 -0.03200091 0.1221853 -0.9919912 -5.431167E-10 -0.08921111 -0.9960127 -0.03200113 0.1221861 -0.9919912 0.05434751 0.08907904 -0.9945407 1.04233E-09 -0.1961758 -0.9805687 0.0565588 0.1958617 -0.9789991 -0.05930823 0.2264496 -0.9722155 0 -0.1961758 -0.9805687 -0.05930801 0.2264487 -0.9722157 0.05656096 0.1958626 -0.9789988 0 -0.3039504 -0.9526878 0.05914288 0.3034177 -0.9510204 -0.0866629 0.3308946 -0.9396799 3.043282E-09 -0.3039497 -0.9526881 0.05914533 0.3034182 -0.95102 -0.08666268 0.3308938 -0.9396802 2.004853E-09 -0.4117848 -0.911281 -0.1135814 0.4336743 -0.8938825 0.06131793 0.4110104 -0.9095661 2.004855E-09 -0.4117853 -0.9112809 0.06131925 0.4110085 -0.9095669 -0.1135816 0.4336753 -0.8938819 0 -0.5194163 -0.8545213 0.06368514 0.5183619 -0.8527867 -0.1401443 0.5350962 -0.8330855 0 -0.5194163 -0.8545213 -0.1401443 0.5350962 -0.8330855 0.06368542 0.5183608 -0.8527874 1.030177E-09 -0.6246957 -0.7808682 0.06570088 0.623346 -0.7791811 -0.1655986 0.6322856 -0.7568302 1.030177E-09 -0.6246957 -0.7808682 0.06569771 0.6233473 -0.7791802 -0.1655983 0.6322843 -0.7568313 0 -0.7250872 -0.6886571 -0.1896214 0.7240088 -0.6632158 0.06752999 0.7234313 -0.6870858 -2.138439E-09 -0.7250865 -0.6886578 -0.1896214 0.7240088 -0.6632158 0.06752885 0.7234354 -0.6870816 2.246518E-09 -0.8168999 -0.5767795 0.06867519 0.8149715 -0.5754173 -0.2111241 0.8061103 -0.5528226 0 -0.8169002 -0.5767791 -0.2111246 0.8061121 -0.5528197 0.06867603 0.8149689 -0.5754209 0 -0.8949615 -0.4461433 0.06940141 0.8928045 -0.4450658 -0.2292985 0.8755034 -0.4253424 0 -0.8949625 -0.4461416 -0.2292979 0.8755012 -0.4253471 0.06940234 0.8928021 -0.4450704 0 -0.9544543 -0.2983573 0.06876009 0.9521947 -0.2976532 -0.2429699 0.927703 -0.2834303 1.268211E-09 -0.9544535 -0.2983593 -0.2429698 0.9277026 -0.2834316 0.06875396 0.9521958 -0.2976507 0 -0.9903488 -0.1385974 0.0674886 0.9880912 -0.1382792 -0.2511599 0.9589739 -0.1314828 0 -0.9903492 -0.1385952 0.06748408 0.9880919 -0.1382764 -0.25116 0.9589744 -0.1314799 0 0 1 0 0 1 0 -0.9966243 -0.08209762 0 0 1 -0.2525588 0.9643152 -0.07943834 0.06553857 0.9944814 -0.08192337 0 -0.9966241 -0.08209988 0 0 1 0.06553857 0.9944814 -0.08192337 0 0 0.9999999 -0.2525588 0.9643152 -0.07943834 0 0 1 0 0 1 0 0 1 0.701343 0.5470337 -0.4570254 0.7013431 0.5470337 -0.4570252 0.08746494 -0.00164492 -0.9961662 0.1212499 0.001648098 -0.9926207 0.08746494 -0.001644919 -0.9961663 0.1212499 0.001648097 -0.9926206 0 0 1 0.110865 -0.9902328 -0.08454443 0 0 1 0.1108632 0.9902331 -0.08454385 0 0 1 0.1108632 -0.9902331 -0.08454385 0.110861 0.9902338 -0.08453819 0 0 1 0.1110857 -0.1110855 -0.9875829 0.1110857 0.1110859 -0.9875829 0.1110856 -0.1110856 -0.9875829 0.1110864 0.111086 -0.9875828 0.1371681 -0.9755954 -0.1714601 0.1371689 0.9755952 -0.1714611 0.1371689 -0.9755952 -0.1714611 0.1371658 0.9755962 -0.1714572 0.1181075 -0.2227958 -0.9676842 0.118107 0.2227953 -0.9676843 0.118107 -0.2227953 -0.9676843 0.1181079 0.2227958 -0.967684 0.1420998 -0.931416 -0.3350698 0.1421 0.9314163 -0.3350689 0.1421 -0.9314165 -0.3350689 0.1421027 0.9314148 -0.3350722 0.1252045 -0.3359968 -0.9335042 0.1252042 0.335997 -0.9335042 0.1252042 -0.335997 -0.9335042 0.1252046 0.3359966 -0.9335042 0.131932 -0.4497912 -0.8833356 0.1319321 0.4497917 -0.8833354 0.1319321 -0.4497916 -0.8833354 0.1319337 0.4497891 -0.8833364 0.1377338 -0.5631669 -0.8147837 0.1377338 0.5631669 -0.8147837 0.1377338 -0.5631669 -0.8147837 0.1377346 0.5631652 -0.8147848 0.1421064 -0.6725208 -0.7263068 0.1421069 0.6725207 -0.7263067 0.1421069 -0.6725207 -0.7263067 0.1421058 0.6725239 -0.726304 0.1445627 -0.7743176 -0.6160634 0.1445638 0.7743163 -0.6160645 0.1445638 -0.7743163 -0.6160645 0.1445614 0.7743179 -0.6160632 0.1445963 -0.8624546 -0.4850401 0.1445952 0.8624558 -0.4850382 0.1445952 -0.8624558 -0.4850382 0.144596 0.8624535 -0.4850422 0 0 1 0 0 1 0.8069805 0.5393097 -0.2406815 0.8069806 0.5393097 -0.2406808 0 0 1 0.5499208 -0.3045577 -0.7777092 0.5499207 -0.3045578 -0.7777094 0.1920358 -0.00179567 -0.9813862 0.2258757 0.001802619 -0.9741545 0.1920357 -0.001795669 -0.9813862 0.2258757 0.001802619 -0.9741545 0.2416803 -0.9664272 -0.08723039 0 0 1 0 0 1 0.2416819 0.9664264 -0.08723477 0.2416819 -0.9664264 -0.08723477 0 0 1 0 0 1 0.2416798 0.9664276 -0.087227 0.3061249 0.09463196 -0.9472762 0.3061249 0.09463196 -0.9472762 0.2227955 -0.1181071 -0.9676842 0.2227952 0.1181071 -0.9676843 0.2227953 -0.118107 -0.9676843 0.2227954 0.1181072 -0.9676843 0.2720373 -0.9452519 -0.1802629 0.2720366 0.945252 -0.1802631 0.2720365 -0.945252 -0.1802631 0.2720393 0.9452506 -0.1802665 0.2371037 -0.2371037 -0.942106 0.2371037 0.2371037 -0.942106 0.2371037 -0.2371037 -0.942106 0.2371032 0.2371035 -0.9421062 0.2809777 -0.8931374 -0.3512221 0.2809765 0.8931383 -0.3512207 0.2809766 -0.8931383 -0.3512207 0.2809766 0.8931383 -0.3512207 0.2512757 -0.3583468 -0.8991373 0.2512765 0.3583474 -0.899137 0.2512765 -0.3583474 -0.899137 0.2512754 0.3583476 -0.8991372 0.2842979 -0.813837 -0.5067978 0.2842991 0.8138359 -0.5067992 0.284299 -0.8138359 -0.5067991 0.2842965 0.8138363 -0.5067997 0.2644406 -0.4805126 -0.8361691 0.2644409 0.4805124 -0.8361692 0.2644409 -0.4805124 -0.8361692 0.2644413 0.4805109 -0.8361698 0.2751549 -0.6005816 -0.7507274 0.2751554 0.6005824 -0.7507266 0.2751554 -0.6005824 -0.7507266 0.2751579 0.6005803 -0.7507273 0.2821863 -0.7138297 -0.6409509 0.2821871 0.7138291 -0.6409511 0.2821871 -0.7138291 -0.6409511 0.2821873 0.7138304 -0.6409498 0 0 0.9999999 0.3190303 -0.02971103 -0.9472786 0.3190303 -0.02971103 -0.9472787 0 0 1 0 0 1 0 0 0.9999999 0 0 0.9999999 0.2971426 -0.00195412 -0.9548312 0.331213 0.001965402 -0.943554 0.2971425 -0.001954119 -0.9548311 0.331213 0.001965402 -0.943554 0 0 1 0.3689323 -0.9250992 -0.08989102 0 0 0.9999999 0.3689308 0.9251 -0.08988909 0 0 1 0.3689308 -0.9251 -0.08988909 0 0 1 0.3689349 0.9250982 -0.08989035 0.7738223 -0.4386748 -0.4569063 0.7738222 -0.4386748 -0.4569066 0.3359968 -0.1252043 -0.9335042 0.3359969 0.1252046 -0.933504 0.335997 -0.1252042 -0.9335042 0.3359967 0.1252041 -0.9335042 0.4030063 -0.8957381 -0.1877207 0.4030045 0.8957393 -0.1877193 0.4030046 -0.8957392 -0.1877193 0.4030082 0.8957373 -0.1877203 0 0 1 0 0 0.9999999 0 0 1 0.3583471 -0.2512762 -0.8991373 0.3583474 0.2512765 -0.899137 0.3583474 -0.2512765 -0.899137 0.3583471 0.251276 -0.8991373 0.4153156 -0.8336633 -0.3640306 0.4153166 0.8336623 -0.3640321 0.4153166 -0.8336622 -0.3640321 0.4153173 0.8336633 -0.364029 0.3799066 -0.3799058 -0.8434113 0.379906 0.379906 -0.8434114 0.379906 -0.379906 -0.8434114 0.3799062 0.3799067 -0.8434111 0.4182359 -0.7428089 -0.5227941 0.4182365 0.742808 -0.522795 0.4182365 -0.742808 -0.522795 0.4182378 0.742806 -0.5227966 0.3983391 -0.5081439 -0.7636201 0.3983388 0.5081442 -0.7636202 0.3983388 -0.5081443 -0.7636202 0.3983395 0.5081435 -0.7636203 0.4118807 -0.6316639 -0.6567762 0.4118807 0.6316643 -0.6567758 0.4118807 -0.6316643 -0.6567758 0.4118816 0.6316636 -0.656776 0 0 1 0.8071403 -0.5392071 -0.240375 0.8071402 -0.5392071 -0.2403755 0 0 1 0.4022337 -0.00208836 -0.9155347 0.4356573 0.002103482 -0.9001102 0.4022337 -0.00208836 -0.9155347 0.4356573 0.002103482 -0.9001102 0 0 1 0.4897571 -0.8670619 -0.09133304 0 0 1 0.4897567 0.8670623 -0.09133083 0 0 1 0.4897568 -0.8670623 -0.09133083 0 0 1 0.4897602 0.8670602 -0.09133201 0.4497917 -0.1319322 -0.8833354 0.4497917 0.1319323 -0.8833354 0.4497917 -0.1319321 -0.8833354 0.4497918 0.1319323 -0.8833353 0.5268425 -0.8277217 -0.1931675 0.5268437 0.8277206 -0.193169 0.5268436 -0.8277206 -0.193169 0.5268425 0.8277221 -0.1931657 0.4805126 -0.264441 -0.836169 0.4805124 0.2644409 -0.8361692 0.4805124 -0.2644409 -0.8361692 0.4805127 0.2644406 -0.8361691 0.5414312 -0.7537425 -0.3724573 0.5414314 0.7537419 -0.3724584 0.5414314 -0.7537418 -0.3724584 0.5414301 0.7537427 -0.3724584 0.5081446 -0.3983388 -0.7636198 0.5081443 0.3983388 -0.7636202 0.5081442 -0.3983388 -0.7636202 0.5081444 0.3983394 -0.7636197 0.5418912 -0.6514639 -0.5309885 0.5418907 0.6514642 -0.5309885 0.5418907 -0.6514642 -0.5309885 0.5418907 0.6514634 -0.5309895 0.6043085 0.1735322 -0.7776232 0.6043085 0.1735321 -0.7776232 0.5298138 -0.5298116 -0.6622666 0.5298131 0.5298131 -0.6622658 0.5298131 -0.5298131 -0.6622658 0.5298138 0.5298116 -0.6622666 0.5062278 -0.002207833 -0.862397 0.5397007 0.002226715 -0.841854 0.5062278 -0.002207833 -0.862397 0.5397007 0.002226715 -0.841854 0 0 1 0.6023914 -0.7928218 -0.0925111 0 0 0.9999999 0.6023921 0.7928212 -0.09251072 0 0 1 0.6023921 -0.7928212 -0.09251072 0 0 1 0.6023877 0.7928247 -0.09250905 0 0 1 0.563167 -0.1377338 -0.8147836 0.5631669 0.1377338 -0.8147837 0.5631669 -0.1377338 -0.8147837 0.5631669 0.1377338 -0.8147837 0.6410907 -0.7420179 -0.1959907 0.6410906 0.7420177 -0.1959915 0.6410906 -0.7420177 -0.1959915 0.6410877 0.7420207 -0.1959897 0 0 1 0.6246628 -0.07094447 -0.7776653 0.6246628 -0.07094448 -0.7776653 0.6005824 -0.2751554 -0.7507266 0.6005824 0.2751554 -0.7507266 0.6005824 -0.2751554 -0.7507266 0.6005824 0.2751554 -0.7507266 0.6554083 -0.6554068 -0.3753424 0.6554073 0.6554073 -0.3753429 0.6554073 -0.6554073 -0.3753429 0.6554078 0.655405 -0.3753463 0.6316641 -0.4118807 -0.6567761 0.6316643 0.4118807 -0.6567758 0.6316643 -0.4118807 -0.6567758 0.6316639 0.4118813 -0.656776 0.6514642 -0.5418903 -0.5309889 0.6514642 0.5418907 -0.5309885 0.6514642 -0.5418907 -0.5309885 0.6514642 0.5418899 -0.5309893 0.6087113 -0.002290088 -0.7933885 0.6405637 0.002311202 -0.7679017 0.6087113 -0.002290088 -0.7933885 0.6405637 0.002311202 -0.7679016 0.7040579 -0.7040579 -0.09276209 0 0 1 0 0 1 0.7040579 0.7040579 -0.09276209 0 0 1 0.7040579 -0.7040579 -0.09276209 0 0 0.9999999 0.7040571 0.7040595 -0.09275763 0.6725206 -0.1421069 -0.7263068 0.6725207 0.1421071 -0.7263068 0.6725207 -0.1421069 -0.7263067 0.6725208 0.1421069 -0.7263066 0.7420177 -0.6410906 -0.1959915 0.7420177 0.6410906 -0.1959915 0.7420177 -0.6410906 -0.1959915 0.7420189 0.6410888 -0.1959926 0 0 1 0.7138289 -0.2821872 -0.6409515 0.7138291 0.2821871 -0.6409511 0.7138291 -0.2821871 -0.6409511 0.7138289 0.2821868 -0.6409516 0.7537419 -0.5414318 -0.372458 0.7537418 0.5414314 -0.3724584 0.7537419 -0.5414314 -0.3724584 0.7537426 0.5414299 -0.3724591 0 0 1 0.7428076 -0.4182362 -0.5227956 0.742808 0.4182365 -0.522795 0.742808 -0.4182365 -0.522795 0.7428074 0.4182371 -0.5227951 0.8573493 0.2369924 -0.4569317 0.8573495 0.2369925 -0.4569317 0.7065056 -0.002335853 -0.7077036 0.7369589 0.002358328 -0.6759333 0.7065055 -0.002335853 -0.7077036 0.736959 0.002358328 -0.6759333 0.7928212 -0.6023921 -0.09251072 0 0 1 0 0 1 0.7928212 0.6023921 -0.09251072 0.7928212 -0.6023921 -0.09251072 0 0 1 0.7928221 0.6023909 -0.09251118 0 0 1 0.7743163 -0.144564 -0.6160646 0.7743164 0.144564 -0.6160644 0.7743164 -0.1445639 -0.6160645 0.7743162 0.144564 -0.6160647 0.8277209 -0.5268432 -0.1931689 0.8277206 0.5268436 -0.193169 0.8277206 -0.5268437 -0.193169 0.8277219 0.5268409 -0.1931715 0.8138362 -0.2842987 -0.5067987 0.8138359 0.284299 -0.5067991 0.8138359 -0.2842991 -0.5067992 0.8138361 0.2842985 -0.5067989 0.8336629 -0.415316 -0.3640311 0.8336622 0.4153166 -0.3640321 0.8336623 -0.4153166 -0.3640321 0.8336627 0.415317 -0.3640306 0 0 1 0.9520265 0.1894438 -0.2403263 0 0 1 0.9520265 0.1894438 -0.240326 0.7975944 -0.002329859 -0.6031898 0.8244342 0.002350671 -0.565953 0.7975944 -0.002329859 -0.6031898 0.8244342 0.00235067 -0.5659531 0.8670626 -0.4897562 -0.09133161 0 0 1 0 0 1 0.8670623 0.4897568 -0.09133083 0.8670623 -0.4897567 -0.09133083 0 0 1 0 0 1 0.8670633 0.4897547 -0.09133284 0.8827697 -0.1090944 -0.4569639 0.8827697 -0.1090944 -0.4569637 0.8624548 -0.1445958 -0.4850399 0.8624546 0.144596 -0.4850402 0.8624547 -0.1445957 -0.4850401 0.8624548 0.1445956 -0.4850397 0.8957384 -0.403006 -0.1877203 0.8957382 0.4030063 -0.18772 0.8957383 -0.4030062 -0.1877199 0.8957384 0.4030058 -0.1877206 0.8931366 -0.2809788 -0.3512235 0.8931366 0.2809788 -0.3512236 0.8931366 -0.2809788 -0.3512235 0.8931369 0.2809786 -0.3512229 0.8767767 -0.00228275 -0.4808923 0.8993176 0.002300499 -0.4372901 0.8767767 -0.00228275 -0.4808924 0.8993176 0.002300499 -0.4372901 0 0 1 0.925099 -0.3689337 -0.08988739 0.9250994 0.368933 -0.08988605 0 0 1 0.9250994 -0.368933 -0.08988607 0 0 1 0 0 1 0.9250988 0.3689336 -0.08988978 0 0 1 0.9314159 -0.1420989 -0.3350705 0.931416 0.1420992 -0.3350701 0.931416 -0.1420987 -0.3350703 0.931416 0.1420991 -0.3350704 0.9452516 -0.2720382 -0.1802624 0.9452519 0.2720377 -0.1802616 0.945252 -0.2720377 -0.1802616 0.9452515 0.2720382 -0.180263 0.940197 -0.002174515 -0.3406244 0.9562997 0.002186992 -0.29238 0.940197 -0.002174515 -0.3406244 0.9562997 0.002186992 -0.29238 0 0 0.9999999 0.9519647 -0.1892471 -0.2407254 0 0 1 0.9519647 -0.1892471 -0.2407255 0.9664273 -0.2416798 -0.08723038 0 0 1 0.9664273 0.2416798 -0.08722968 0 0 1 0 0 1 0.9664273 -0.2416798 -0.08722968 0.9664268 0.2416808 -0.08723299 0 0 1 0.9755962 -0.1371657 -0.1714573 0.9755962 0.137166 -0.171457 0.9755963 -0.1371658 -0.1714572 0.9755961 0.1371662 -0.1714584 0.9822675 -0.002038493 -0.1874735 0.990718 0.002044766 -0.1359171 0.9822675 -0.002038493 -0.1874735 0.990718 0.002044765 -0.1359171 0.9902332 -0.1108631 -0.08454388 0 0 0.9999999 0.9902331 0.1108635 -0.08454404 0 0 1 0 0 0.9999999 0.9902331 -0.1108632 -0.08454385 0 0 1 0.9902331 0.110863 -0.08454463 0 0 1 0.9966236 -0.0009597669 -0.08209985 0.9966223 0.001891885 -0.08209976 0 0 1 0.9966237 -0.0009597667 -0.08209985 0 0 1 0 0 1 0.9966224 0.001891885 -0.08209974</float_array><technique_common><accessor count="3169" source="#logo-lego-norm-array" stride="3"><param name="X" type="float" /><param name="Y" type="float" /><param name="Z" type="float" /></accessor></technique_common></source><vertices id="logo-lego-vert"><input semantic="POSITION" source="#logo-lego-pos" /></vertices><triangles count="4551" material="Base"><input semantic="VERTEX" source="#logo-lego-vert" offset="0" /><input semantic="NORMAL" source="#logo-lego-norm" offset="0" /><p>
					3165 3158 3151 3158 3147 3151 3158 3142 3147 3142 3127 3147 3142 3116 3127 3116 3102 3127 3116 3090 3102 3090 3068 3102 3090 3058 3068 3058 3032 3068 3058 3023 3032 3023 2993 3032 3023 2983 2993 2983 2950 2993 2983 2941 2950 2941 2899 2950 2941 2888 2899 2888 2842 2899 2888 2830 2842 2830 2781 2842 2830 2772 2781 2772 2744 2781 2772 2753 2744 3151 3147 3131 3147 3123 3131 3147 3127 3123 3127 3106 3123 3127 3102 3106 3102 3076 3106 3102 3068 3076 3068 3041 3076 3068 3032 3041 3032 3004 3041 3032 2993 3004 2993 2958 3004 2993 2950 2958 2950 2910 2958 2950 2899 2910 2899 2850 2910 2899 2842 2850 2842 2789 2850 2842 2781 2789 2781 2738 2789 2781 2744 2738 3131 3123 3110 3123 3098 3110 3123 3106 3098 3106 3072 3098 3106 3076 3072 3076 3046 3072 3076 3041 3046 3041 3012 3046 3041 3004 3012 3004 2966 3012 3004 2958 2966 2958 2918 2966 2958 2910 2918 2910 2858 2918 2910 2850 2858 2850 2813 2858 2850 2789 2813 2789 2732 2813 2789 2738 2732 3110 3098 3084 3098 3064 3084 3098 3072 3064 3072 3037 3064 3072 3046 3037 3046 3008 3037 3046 3012 3008 3012 2972 3008 3012 2966 2972 2966 2926 2972 2966 2918 2926 2918 2870 2926 2918 2858 2870 2858 2809 2870 2858 2813 2809 2813 2726 2809 2813 2732 2726 3084 3064 3052 3064 3028 3052 3064 3037 3028 3037 3000 3028 3037 3008 3000 3008 2962 3000 3008 2972 2962 2972 2922 2962 2972 2926 2922 2926 2866 2922 2926 2870 2866 2870 2805 2866 2870 2809 2805 2809 2720 2805 2809 2726 2720 3052 3028 3016 3028 2989 3016 3028 3000 2989 3000 2954 2989 3000 2962 2954 2962 2914 2954 2962 2922 2914 2922 2862 2914 2922 2866 2862 2866 2801 2862 2866 2805 2801 2805 2714 2801 2805 2720 2714 3016 2989 2976 2989 2946 2976 2989 2954 2946 2954 2906 2946 2954 2914 2906 2914 2854 2906 2914 2862 2854 2862 2797 2854 2862 2801 2797 2801 2708 2797 2801 2714 2708 2976 2946 2934 2946 2895 2934 2946 2906 2895 2906 2846 2895 2906 2854 2846 2854 2793 2846 2854 2797 2793 2797 2702 2793 2797 2708 2702 2934 2895 2881 2895 2838 2881 2895 2846 2838 2846 2785 2838 2846 2793 2785 2793 2696 2785 2793 2702 2696 2881 2838 2824 2838 2777 2824 2838 2785 2777 2785 2690 2777 2785 2696 2690 2824 2777 2765 2777 2684 2765 2777 2690 2684 2765 2684 2677 2753 2660 2744 2660 2646 2744 2660 2622 2646 2622 2608 2646 2622 2586 2608 2586 2570 2608 2586 2545 2570 2545 2531 2570 2545 2511 2531 2511 2492 2531 2511 2477 2492 2477 2458 2492 2477 2438 2458 2438 2423 2458 2438 2411 2423 2411 2394 2423 2411 2388 2394 2388 2366 2394 2388 2362 2366 2362 2347 2366 2362 2344 2347 2344 2335 2347 2344 2322 2335 2744 2646 2738 2646 2642 2738 2646 2608 2642 2608 2604 2642 2608 2570 2604 2570 2561 2604 2570 2531 2561 2531 2527 2561 2531 2492 2527 2492 2487 2527 2492 2458 2487 2458 2449 2487 2458 2423 2449 2423 2416 2449 2423 2394 2416 2394 2390 2416 2394 2366 2390 2366 2364 2390 2366 2347 2364 2347 2355 2364 2347 2335 2355 2738 2642 2732 2642 2638 2732 2642 2604 2638 2604 2600 2638 2604 2561 2600 2561 2556 2600 2561 2527 2556 2527 2517 2556 2527 2487 2517 2487 2482 2517 2487 2449 2482 2449 2443 2482 2449 2416 2443 2416 2414 2443 2416 2390 2414 2390 2392 2414 2390 2364 2392 2364 2379 2392 2364 2355 2379 2732 2638 2726 2638 2636 2726 2638 2600 2636 2600 2596 2636 2600 2556 2596 2556 2552 2596 2556 2517 2552 2517 2513 2552 2517 2482 2513 2482 2480 2513 2482 2443 2480 2443 2447 2480 2443 2414 2447 2414 2421 2447 2414 2392 2421 2392 2402 2421 2392 2379 2402 2726 2636 2720 2636 2632 2720 2636 2596 2632 2596 2594 2632 2596 2552 2594 2552 2550 2594 2552 2513 2550 2513 2515 2550 2513 2480 2515 2480 2485 2515 2480 2447 2485 2447 2456 2485 2447 2421 2456 2421 2431 2456 2421 2402 2431 2720 2632 2714 2632 2630 2714 2632 2594 2630 2594 2592 2630 2594 2550 2592 2550 2554 2592 2550 2515 2554 2515 2525 2554 2515 2485 2525 2485 2490 2525 2485 2456 2490 2456 2469 2490 2456 2431 2469 2714 2630 2708 2630 2628 2708 2630 2592 2628 2592 2598 2628 2592 2554 2598 2554 2559 2598 2554 2525 2559 2525 2529 2559 2525 2490 2529 2490 2501 2529 2490 2469 2501 2708 2628 2702 2628 2634 2702 2628 2598 2634 2598 2602 2634 2598 2559 2602 2559 2568 2602 2559 2529 2568 2529 2537 2568 2529 2501 2537 2702 2634 2696 2634 2640 2696 2634 2602 2640 2602 2606 2640 2602 2568 2606 2568 2578 2606 2568 2537 2578 2696 2640 2690 2640 2644 2690 2640 2606 2644 2606 2615 2644 2606 2578 2615 2690 2644 2684 2644 2652 2684 2644 2615 2652 2684 2652 2677 2755 2773 2745 2773 2782 2745 2773 2833 2782 2833 2843 2782 2833 2890 2843 2890 2900 2843 2890 2943 2900 2943 2951 2900 2943 2985 2951 2985 2994 2951 2985 3025 2994 3025 3033 2994 3025 3060 3033 3060 3069 3033 3060 3093 3069 3093 3103 3069 3093 3119 3103 3119 3128 3103 3119 3143 3128 3143 3148 3128 3143 3160 3148 3160 3152 3148 3160 3168 3152 2745 2782 2740 2782 2790 2740 2782 2843 2790 2843 2851 2790 2843 2900 2851 2900 2911 2851 2900 2951 2911 2951 2959 2911 2951 2994 2959 2994 3005 2959 2994 3033 3005 3033 3042 3005 3033 3069 3042 3069 3077 3042 3069 3103 3077 3103 3107 3077 3103 3128 3107 3128 3124 3107 3128 3148 3124 3148 3132 3124 3148 3152 3132 2740 2790 2734 2790 2814 2734 2790 2851 2814 2851 2859 2814 2851 2911 2859 2911 2919 2859 2911 2959 2919 2959 2967 2919 2959 3005 2967 3005 3013 2967 3005 3042 3013 3042 3047 3013 3042 3077 3047 3077 3073 3047 3077 3107 3073 3107 3099 3073 3107 3124 3099 3124 3111 3099 3124 3132 3111 2734 2814 2728 2814 2810 2728 2814 2859 2810 2859 2871 2810 2859 2919 2871 2919 2927 2871 2919 2967 2927 2967 2973 2927 2967 3013 2973 3013 3009 2973 3013 3047 3009 3047 3038 3009 3047 3073 3038 3073 3065 3038 3073 3099 3065 3099 3085 3065 3099 3111 3085 2728 2810 2722 2810 2806 2722 2810 2871 2806 2871 2867 2806 2871 2927 2867 2927 2923 2867 2927 2973 2923 2973 2963 2923 2973 3009 2963 3009 3001 2963 3009 3038 3001 3038 3029 3001 3038 3065 3029 3065 3053 3029 3065 3085 3053 2722 2806 2715 2806 2802 2715 2806 2867 2802 2867 2863 2802 2867 2923 2863 2923 2915 2863 2923 2963 2915 2963 2955 2915 2963 3001 2955 3001 2990 2955 3001 3029 2990 3029 3017 2990 3029 3053 3017 2715 2802 2710 2802 2798 2710 2802 2863 2798 2863 2855 2798 2863 2915 2855 2915 2907 2855 2915 2955 2907 2955 2947 2907 2955 2990 2947 2990 2977 2947 2990 3017 2977 2710 2798 2703 2798 2794 2703 2798 2855 2794 2855 2847 2794 2855 2907 2847 2907 2896 2847 2907 2947 2896 2947 2935 2896 2947 2977 2935 2703 2794 2697 2794 2786 2697 2794 2847 2786 2847 2839 2786 2847 2896 2839 2896 2882 2839 2896 2935 2882 2697 2786 2692 2786 2778 2692 2786 2839 2778 2839 2825 2778 2839 2882 2825 2692 2778 2686 2778 2766 2686 2778 2825 2766 2686 2766 2679 3152 3168 3165 3165 3151 3152 3132 3152 3151 3151 3131 3132 3111 3132 3131 3131 3110 3111 3085 3111 3110 3110 3084 3085 3053 3085 3084 3084 3052 3053 3017 3053 3052 3052 3016 3017 2977 3017 3016 3016 2976 2977 2935 2977 2976 2976 2934 2935 2882 2935 2934 2934 2881 2882 2825 2882 2881 2881 2824 2825 2766 2825 2824 2824 2765 2766 2679 2766 2765 2765 2677 2679 2323 2326 2337 2337 2336 2323 2336 2337 2356 2356 2354 2336 2354 2356 2381 2381 2380 2354 2380 2381 2404 2404 2403 2380 2403 2404 2432 2432 2430 2403 2430 2432 2471 2471 2470 2430 2470 2471 2503 2503 2502 2470 2502 2503 2539 2539 2538 2502 2538 2539 2580 2580 2579 2538 2579 2580 2617 2617 2616 2579 2616 2617 2654 2654 2653 2616 2653 2654 2678 2678 2676 2653 2326 2338 2337 2357 2356 2337 2337 2338 2357 2382 2381 2356 2356 2357 2382 2406 2404 2381 2381 2382 2406 2433 2432 2404 2404 2406 2433 2473 2471 2432 2432 2433 2473 2504 2503 2471 2471 2473 2504 2540 2539 2503 2503 2504 2540 2582 2580 2539 2539 2540 2582 2619 2617 2580 2580 2582 2619 2655 2654 2617 2617 2619 2655 2680 2678 2654 2654 2655 2680 501 413 492 413 401 492 413 350 401 350 338 401 350 296 338 296 285 338 296 247 285 247 235 285 247 202 235 202 189 235 202 161 189 161 149 189 161 126 149 126 110 149 126 92 110 92 77 110 92 63 77 63 48 77 63 38 48 38 25 48 38 20 25 20 14 25 20 8 14 492 401 486 401 393 486 401 338 393 338 330 393 338 285 330 285 277 330 285 235 277 235 227 277 235 189 227 189 178 227 189 149 178 149 139 178 149 110 139 110 101 139 110 77 101 77 69 101 77 48 69 48 44 69 48 25 44 25 32 44 25 14 32 486 393 480 393 381 480 393 330 381 330 322 381 330 277 322 277 265 322 277 227 265 227 217 265 227 178 217 178 170 217 178 139 170 139 131 170 139 101 131 101 97 131 101 69 97 69 73 97 69 44 73 44 58 73 44 32 58 480 381 474 381 377 474 381 322 377 322 314 377 322 265 314 265 257 314 265 217 257 217 209 257 217 170 209 170 166 209 170 131 166 131 135 166 131 97 135 97 106 135 97 73 106 73 83 106 73 58 83 474 377 468 377 373 468 377 314 373 314 310 373 314 257 310 257 253 310 257 209 253 209 213 253 209 166 213 166 174 213 166 135 174 135 145 174 135 106 145 106 120 145 106 83 120 468 373 462 373 369 462 373 310 369 310 306 369 310 253 306 253 261 306 253 213 261 213 221 261 213 174 221 174 183 221 174 145 183 145 155 183 145 120 155 462 369 456 369 365 456 369 306 365 306 318 365 306 261 318 261 273 318 261 221 273 221 231 273 221 183 231 183 197 231 183 155 197 456 365 450 365 361 450 365 318 361 318 326 361 318 273 326 273 281 326 273 231 281 231 241 281 231 197 241 450 361 444 361 389 444 361 326 389 326 334 389 326 281 334 281 291 334 281 241 291 444 389 438 389 397 438 389 334 397 334 344 397 334 291 344 438 397 432 397 407 432 397 344 407 432 407 428 8 21 14 21 26 14 21 40 26 40 49 26 40 65 49 65 78 49 65 93 78 93 111 78 93 127 111 127 150 111 127 163 150 163 190 150 163 204 190 204 236 190 204 249 236 249 286 236 249 299 286 299 339 286 299 352 339 352 402 339 352 415 402 415 493 402 415 503 493 14 26 32 26 45 32 26 49 45 49 70 45 49 78 70 78 102 70 78 111 102 111 140 102 111 150 140 150 179 140 150 190 179 190 228 179 190 236 228 236 278 228 236 286 278 286 331 278 286 339 331 339 394 331 339 402 394 402 488 394 402 493 488 32 45 58 45 74 58 45 70 74 70 98 74 70 102 98 102 132 98 102 140 132 140 171 132 140 179 171 179 218 171 179 228 218 228 266 218 228 278 266 278 323 266 278 331 323 331 382 323 331 394 382 394 481 382 394 488 481 58 74 83 74 107 83 74 98 107 98 136 107 98 132 136 132 167 136 132 171 167 171 210 167 171 218 210 218 258 210 218 266 258 266 315 258 266 323 315 323 378 315 323 382 378 382 475 378 382 481 475 83 107 120 107 146 120 107 136 146 136 175 146 136 167 175 167 214 175 167 210 214 210 254 214 210 258 254 258 311 254 258 315 311 315 374 311 315 378 374 378 470 374 378 475 470 120 146 155 146 184 155 146 175 184 175 222 184 175 214 222 214 262 222 214 254 262 254 307 262 254 311 307 311 370 307 311 374 370 374 463 370 374 470 463 155 184 197 184 232 197 184 222 232 222 274 232 222 262 274 262 319 274 262 307 319 307 366 319 307 370 366 370 458 366 370 463 458 197 232 241 232 282 241 232 274 282 274 327 282 274 319 327 319 362 327 319 366 362 366 451 362 366 458 451 241 282 291 282 335 291 282 327 335 327 390 335 327 362 390 362 446 390 362 451 446 291 335 344 335 398 344 335 390 398 390 440 398 390 446 440 344 398 407 398 434 407 398 440 434 407 434 428 502 2757 2746 2746 494 502 494 2746 2739 2739 487 494 487 2739 2733 2733 482 487 482 2733 2727 2727 476 482 476 2727 2721 2721 469 476 469 2721 2716 2716 464 469 464 2716 2709 2709 457 464 457 2709 2704 2704 452 457 452 2704 2698 2698 445 452 445 2698 2691 2691 439 445 439 2691 2685 2685 433 439 433 2685 2680 2680 427 433 2307 2325 501 501 492 2307 2305 2307 492 492 486 2305 2303 2305 486 486 480 2303 2301 2303 480 480 474 2301 2299 2301 474 474 468 2299 2297 2299 468 468 462 2297 2295 2297 462 462 456 2295 2293 2295 456 456 450 2293 2291 2293 450 450 444 2291 2289 2291 444 444 438 2289 2287 2289 438 438 432 2287 2285 2287 432 432 428 2285 2307 2339 2325 2307 2305 2358 2358 2339 2307 2305 2303 2383 2383 2358 2305 2303 2301 2405 2405 2383 2303 2301 2299 2434 2434 2405 2301 2299 2297 2472 2472 2434 2299 2297 2295 2505 2505 2472 2297 2295 2293 2541 2541 2505 2295 2293 2291 2581 2581 2541 2293 2291 2289 2618 2618 2581 2291 2289 2287 2656 2656 2618 2289 2287 2285 2679 2679 2656 2287 714 687 683 687 682 683 687 680 682 680 668 682 680 664 668 664 657 668 664 654 657 654 647 657 654 642 647 642 627 647 642 624 627 624 615 627 624 609 615 609 587 615 609 585 587 585 563 587 585 559 563 559 541 563 559 539 541 539 524 541 539 521 524 521 489 524 521 496 489 683 682 675 682 667 675 682 668 667 668 658 667 668 657 658 657 649 658 657 647 649 647 635 649 647 627 635 627 617 635 627 615 617 615 590 617 615 587 590 587 568 590 587 563 568 563 546 568 563 541 546 541 526 546 541 524 526 524 483 526 524 489 483 675 667 659 667 656 659 667 658 656 658 648 656 658 649 648 649 636 648 649 635 636 635 619 636 635 617 619 617 594 619 617 590 594 590 572 594 590 568 572 568 548 572 568 546 548 546 529 548 546 526 529 526 477 529 526 483 477 659 656 650 656 646 650 656 648 646 648 634 646 648 636 634 636 618 634 636 619 618 619 595 618 619 594 595 594 575 595 594 572 575 572 551 575 572 548 551 548 532 551 548 529 532 529 471 532 529 477 471 650 646 637 646 626 637 646 634 626 634 616 626 634 618 616 618 593 616 618 595 593 595 574 593 595 575 574 575 550 574 575 551 550 551 531 550 551 532 531 532 465 531 532 471 465 637 626 620 626 614 620 626 616 614 616 589 614 616 593 589 593 571 589 593 574 571 574 549 571 574 550 549 550 530 549 550 531 530 531 459 530 531 465 459 620 614 604 614 586 604 614 589 586 589 567 586 589 571 567 571 547 567 571 549 547 549 528 547 549 530 528 530 453 528 530 459 453 604 586 580 586 562 580 586 567 562 567 545 562 567 547 545 547 527 545 547 528 527 528 447 527 528 453 447 580 562 555 562 540 555 562 545 540 545 525 540 545 527 525 527 441 525 527 447 441 555 540 534 540 523 534 540 525 523 525 435 523 525 441 435 534 523 517 523 429 517 523 435 429 517 429 423 496 409 489 409 399 489 409 346 399 346 336 399 346 293 336 293 283 336 293 242 283 242 233 283 242 199 233 199 187 233 199 156 187 156 147 187 156 122 147 122 108 147 122 86 108 86 75 108 86 60 75 60 46 75 60 34 46 34 23 46 34 16 23 16 10 23 16 1 10 489 399 483 399 391 483 399 336 391 336 328 391 336 283 328 283 275 328 283 233 275 233 225 275 233 187 225 187 176 225 187 147 176 147 137 176 147 108 137 108 99 137 108 75 99 75 67 99 75 46 67 46 42 67 46 23 42 23 29 42 23 10 29 483 391 477 391 379 477 391 328 379 328 320 379 328 275 320 275 263 320 275 225 263 225 215 263 225 176 215 176 168 215 176 137 168 137 129 168 137 99 129 99 95 129 99 67 95 67 71 95 67 42 71 42 55 71 42 29 55 477 379 471 379 375 471 379 320 375 320 312 375 320 263 312 263 255 312 263 215 255 215 207 255 215 168 207 168 164 207 168 129 164 129 133 164 129 95 133 95 104 133 95 71 104 71 79 104 71 55 79 471 375 465 375 371 465 375 312 371 312 308 371 312 255 308 255 251 308 255 207 251 207 211 251 207 164 211 164 172 211 164 133 172 133 143 172 133 104 143 104 117 143 104 79 117 465 371 459 371 367 459 371 308 367 308 304 367 308 251 304 251 259 304 251 211 259 211 219 259 211 172 219 172 181 219 172 143 181 143 151 181 143 117 151 459 367 453 367 363 453 367 304 363 304 316 363 304 259 316 259 271 316 259 219 271 219 229 271 219 181 229 181 194 229 181 151 194 453 363 447 363 359 447 363 316 359 316 324 359 316 271 324 271 279 324 271 229 279 229 238 279 229 194 238 447 359 441 359 387 441 359 324 387 324 332 387 324 279 332 279 288 332 279 238 288 441 387 435 387 395 435 387 332 395 332 341 395 332 288 341 435 395 429 395 404 429 395 341 404 429 404 423 1916 1869 1862 1869 1856 1862 1869 1854 1856 1854 1841 1856 1854 1834 1841 1834 1820 1841 1834 1815 1820 1815 1797 1820 1815 1791 1797 1791 1773 1797 1791 1767 1773 1767 1747 1773 1767 1743 1747 1743 1717 1747 1743 1713 1717 1713 1685 1717 1713 1681 1685 1681 1652 1685 1681 1647 1652 1647 1619 1652 1647 1614 1619 1614 1592 1619 1614 1598 1592 1862 1856 1847 1856 1839 1847 1856 1841 1839 1841 1822 1839 1841 1820 1822 1820 1802 1822 1820 1797 1802 1797 1777 1802 1797 1773 1777 1773 1751 1777 1773 1747 1751 1747 1722 1751 1747 1717 1722 1717 1689 1722 1717 1685 1689 1685 1656 1689 1685 1652 1656 1652 1623 1656 1652 1619 1623 1619 1588 1623 1619 1592 1588 1847 1839 1828 1839 1818 1828 1839 1822 1818 1822 1800 1818 1822 1802 1800 1802 1779 1800 1802 1777 1779 1777 1755 1779 1777 1751 1755 1751 1726 1755 1751 1722 1726 1722 1694 1726 1722 1689 1694 1689 1660 1694 1689 1656 1660 1656 1631 1660 1656 1623 1631 1623 1584 1631 1623 1588 1584 1828 1818 1809 1818 1795 1809 1818 1800 1795 1800 1775 1795 1800 1779 1775 1779 1753 1775 1779 1755 1753 1755 1728 1753 1755 1726 1728 1726 1698 1728 1726 1694 1698 1694 1666 1698 1694 1660 1666 1660 1629 1666 1660 1631 1629 1631 1580 1629 1631 1584 1580 1809 1795 1785 1795 1771 1785 1795 1775 1771 1775 1749 1771 1775 1753 1749 1753 1724 1749 1753 1728 1724 1728 1696 1724 1728 1698 1696 1698 1664 1696 1698 1666 1664 1666 1635 1664 1666 1629 1635 1629 1576 1635 1629 1580 1576 1785 1771 1761 1771 1745 1761 1771 1749 1745 1749 1720 1745 1749 1724 1720 1724 1692 1720 1724 1696 1692 1696 1662 1692 1696 1664 1662 1664 1633 1662 1664 1635 1633 1635 1572 1633 1635 1576 1572 1761 1745 1736 1745 1715 1736 1745 1720 1715 1720 1687 1715 1720 1692 1687 1692 1658 1687 1692 1662 1658 1662 1627 1658 1662 1633 1627 1633 1568 1627 1633 1572 1568 1736 1715 1706 1715 1683 1706 1715 1687 1683 1687 1654 1683 1687 1658 1654 1658 1625 1654 1658 1627 1625 1627 1564 1625 1627 1568 1564 1706 1683 1672 1683 1650 1672 1683 1654 1650 1654 1621 1650 1654 1625 1621 1625 1560 1621 1625 1564 1560 1672 1650 1641 1650 1617 1641 1650 1621 1617 1621 1556 1617 1621 1560 1556 1641 1617 1608 1617 1552 1608 1617 1556 1552 1608 1552 1544 1598 1535 1592 1535 1523 1592 1535 1492 1523 1492 1479 1523 1492 1451 1479 1451 1438 1479 1451 1413 1438 1413 1401 1438 1413 1380 1401 1380 1366 1401 1380 1347 1366 1347 1332 1366 1347 1316 1332 1316 1303 1332 1316 1290 1303 1290 1275 1303 1290 1265 1275 1265 1252 1275 1265 1244 1252 1244 1232 1252 1244 1229 1232 1229 1219 1232 1229 1208 1219 1592 1523 1588 1523 1517 1588 1523 1479 1517 1479 1473 1517 1479 1438 1473 1438 1432 1473 1438 1401 1432 1401 1395 1432 1401 1366 1395 1366 1360 1395 1366 1332 1360 1332 1325 1360 1332 1303 1325 1303 1297 1325 1303 1275 1297 1275 1269 1297 1275 1252 1269 1252 1249 1269 1252 1232 1249 1232 1235 1249 1232 1219 1235 1588 1517 1584 1517 1511 1584 1517 1473 1511 1473 1467 1511 1473 1432 1467 1432 1426 1467 1432 1395 1426 1395 1389 1426 1395 1360 1389 1360 1354 1389 1360 1325 1354 1325 1319 1354 1325 1297 1319 1297 1294 1319 1297 1269 1294 1269 1272 1294 1269 1249 1272 1249 1257 1272 1249 1235 1257 1584 1511 1580 1511 1508 1580 1511 1467 1508 1467 1461 1508 1467 1426 1461 1426 1420 1461 1426 1389 1420 1389 1383 1420 1389 1354 1383 1354 1351 1383 1354 1319 1351 1319 1322 1351 1319 1294 1322 1294 1300 1322 1294 1272 1300 1272 1280 1300 1272 1257 1280 1580 1508 1576 1508 1505 1576 1508 1461 1505 1461 1458 1505 1461 1420 1458 1420 1417 1458 1420 1383 1417 1383 1386 1417 1383 1351 1386 1351 1357 1386 1351 1322 1357 1322 1329 1357 1322 1300 1329 1300 1306 1329 1300 1280 1306 1576 1505 1572 1505 1502 1572 1505 1458 1502 1458 1455 1502 1458 1417 1455 1417 1423 1455 1417 1386 1423 1386 1392 1423 1386 1357 1392 1357 1363 1392 1357 1329 1363 1329 1339 1363 1329 1306 1339 1572 1502 1568 1502 1499 1568 1502 1455 1499 1455 1464 1499 1455 1423 1464 1423 1429 1464 1423 1392 1429 1392 1398 1429 1392 1363 1398 1363 1370 1398 1363 1339 1370 1568 1499 1564 1499 1496 1564 1499 1464 1496 1464 1470 1496 1464 1429 1470 1429 1435 1470 1429 1398 1435 1398 1405 1435 1398 1370 1405 1564 1496 1560 1496 1514 1560 1496 1470 1514 1470 1476 1514 1470 1435 1476 1435 1441 1476 1435 1405 1441 1560 1514 1556 1514 1520 1556 1514 1476 1520 1476 1482 1520 1476 1441 1482 1556 1520 1552 1520 1526 1552 1520 1482 1526 1552 1526 1544 3162 3153 3149 3153 3145 3149 3153 3137 3145 3137 3125 3145 3137 3113 3125 3113 3100 3125 3113 3086 3100 3086 3066 3100 3086 3054 3066 3054 3030 3066 3054 3018 3030 3018 2991 3030 3018 2979 2991 2979 2948 2991 2979 2937 2948 2937 2897 2948 2937 2884 2897 2884 2840 2897 2884 2826 2840 2826 2779 2840 2826 2768 2779 2768 2741 2779 2768 2749 2741 3149 3145 3129 3145 3121 3129 3145 3125 3121 3125 3104 3121 3125 3100 3104 3100 3074 3104 3100 3066 3074 3066 3039 3074 3066 3030 3039 3030 3002 3039 3030 2991 3002 2991 2956 3002 2991 2948 2956 2948 2908 2956 2948 2897 2908 2897 2848 2908 2897 2840 2848 2840 2787 2848 2840 2779 2787 2779 2735 2787 2779 2741 2735 3129 3121 3108 3121 3096 3108 3121 3104 3096 3104 3070 3096 3104 3074 3070 3074 3044 3070 3074 3039 3044 3039 3010 3044 3039 3002 3010 3002 2964 3010 3002 2956 2964 2956 2916 2964 2956 2908 2916 2908 2856 2916 2908 2848 2856 2848 2811 2856 2848 2787 2811 2787 2729 2811 2787 2735 2729 3108 3096 3082 3096 3062 3082 3096 3070 3062 3070 3035 3062 3070 3044 3035 3044 3006 3035 3044 3010 3006 3010 2970 3006 3010 2964 2970 2964 2924 2970 2964 2916 2924 2916 2868 2924 2916 2856 2868 2856 2807 2868 2856 2811 2807 2811 2723 2807 2811 2729 2723 3082 3062 3050 3062 3026 3050 3062 3035 3026 3035 2998 3026 3035 3006 2998 3006 2960 2998 3006 2970 2960 2970 2920 2960 2970 2924 2920 2924 2864 2920 2924 2868 2864 2868 2803 2864 2868 2807 2803 2807 2717 2803 2807 2723 2717 3050 3026 3014 3026 2987 3014 3026 2998 2987 2998 2952 2987 2998 2960 2952 2960 2912 2952 2960 2920 2912 2920 2860 2912 2920 2864 2860 2864 2799 2860 2864 2803 2799 2803 2711 2799 2803 2717 2711 3014 2987 2974 2987 2944 2974 2987 2952 2944 2952 2904 2944 2952 2912 2904 2912 2852 2904 2912 2860 2852 2860 2795 2852 2860 2799 2795 2799 2705 2795 2799 2711 2705 2974 2944 2932 2944 2893 2932 2944 2904 2893 2904 2844 2893 2904 2852 2844 2852 2791 2844 2852 2795 2791 2795 2699 2791 2795 2705 2699 2932 2893 2879 2893 2836 2879 2893 2844 2836 2844 2783 2836 2844 2791 2783 2791 2693 2783 2791 2699 2693 2879 2836 2822 2836 2775 2822 2836 2783 2775 2783 2687 2775 2783 2693 2687 2822 2775 2763 2775 2681 2763 2775 2687 2681 2763 2681 2671 2749 2658 2741 2658 2645 2741 2658 2621 2645 2621 2607 2645 2621 2584 2607 2584 2569 2607 2584 2542 2569 2542 2530 2569 2542 2509 2530 2509 2491 2530 2509 2474 2491 2474 2457 2491 2474 2437 2457 2437 2422 2457 2437 2408 2422 2408 2393 2422 2408 2386 2393 2386 2365 2393 2386 2359 2365 2359 2346 2365 2359 2343 2346 2343 2330 2346 2343 2313 2330 2741 2645 2735 2645 2641 2735 2645 2607 2641 2607 2603 2641 2607 2569 2603 2569 2560 2603 2569 2530 2560 2530 2526 2560 2530 2491 2526 2491 2486 2526 2491 2457 2486 2457 2448 2486 2457 2422 2448 2422 2415 2448 2422 2393 2415 2393 2389 2415 2393 2365 2389 2365 2363 2389 2365 2346 2363 2346 2350 2363 2346 2330 2350 2735 2641 2729 2641 2637 2729 2641 2603 2637 2603 2599 2637 2603 2560 2599 2560 2555 2599 2560 2526 2555 2526 2516 2555 2526 2486 2516 2486 2481 2516 2486 2448 2481 2448 2442 2481 2448 2415 2442 2415 2413 2442 2415 2389 2413 2389 2391 2413 2389 2363 2391 2363 2375 2391 2363 2350 2375 2729 2637 2723 2637 2635 2723 2637 2599 2635 2599 2595 2635 2599 2555 2595 2555 2551 2595 2555 2516 2551 2516 2512 2551 2516 2481 2512 2481 2479 2512 2481 2442 2479 2442 2446 2479 2442 2413 2446 2413 2420 2446 2413 2391 2420 2391 2397 2420 2391 2375 2397 2723 2635 2717 2635 2631 2717 2635 2595 2631 2595 2593 2631 2595 2551 2593 2551 2549 2593 2551 2512 2549 2512 2514 2549 2512 2479 2514 2479 2484 2514 2479 2446 2484 2446 2455 2484 2446 2420 2455 2420 2426 2455 2420 2397 2426 2717 2631 2711 2631 2629 2711 2631 2593 2629 2593 2591 2629 2593 2549 2591 2549 2553 2591 2549 2514 2553 2514 2524 2553 2514 2484 2524 2484 2489 2524 2484 2455 2489 2455 2464 2489 2455 2426 2464 2711 2629 2705 2629 2627 2705 2629 2591 2627 2591 2597 2627 2591 2553 2597 2553 2558 2597 2553 2524 2558 2524 2528 2558 2524 2489 2528 2489 2496 2528 2489 2464 2496 2705 2627 2699 2627 2633 2699 2627 2597 2633 2597 2601 2633 2597 2558 2601 2558 2567 2601 2558 2528 2567 2528 2533 2567 2528 2496 2533 2699 2633 2693 2633 2639 2693 2633 2601 2639 2601 2605 2639 2601 2567 2605 2567 2574 2605 2567 2533 2574 2693 2639 2687 2639 2643 2687 2639 2605 2643 2605 2610 2643 2605 2574 2610 2687 2643 2681 2643 2648 2681 2643 2610 2648 2681 2648 2671 2752 2770 2742 2770 2780 2742 2770 2829 2780 2829 2841 2780 2829 2886 2841 2886 2898 2841 2886 2939 2898 2939 2949 2898 2939 2981 2949 2981 2992 2949 2981 3021 2992 3021 3031 2992 3021 3057 3031 3057 3067 3031 3057 3089 3067 3089 3101 3067 3089 3114 3101 3114 3126 3101 3114 3139 3126 3139 3146 3126 3139 3155 3146 3155 3150 3146 3155 3163 3150 2742 2780 2736 2780 2788 2736 2780 2841 2788 2841 2849 2788 2841 2898 2849 2898 2909 2849 2898 2949 2909 2949 2957 2909 2949 2992 2957 2992 3003 2957 2992 3031 3003 3031 3040 3003 3031 3067 3040 3067 3075 3040 3067 3101 3075 3101 3105 3075 3101 3126 3105 3126 3122 3105 3126 3146 3122 3146 3130 3122 3146 3150 3130 2736 2788 2730 2788 2812 2730 2788 2849 2812 2849 2857 2812 2849 2909 2857 2909 2917 2857 2909 2957 2917 2957 2965 2917 2957 3003 2965 3003 3011 2965 3003 3040 3011 3040 3045 3011 3040 3075 3045 3075 3071 3045 3075 3105 3071 3105 3097 3071 3105 3122 3097 3122 3109 3097 3122 3130 3109 2730 2812 2724 2812 2808 2724 2812 2857 2808 2857 2869 2808 2857 2917 2869 2917 2925 2869 2917 2965 2925 2965 2971 2925 2965 3011 2971 3011 3007 2971 3011 3045 3007 3045 3036 3007 3045 3071 3036 3071 3063 3036 3071 3097 3063 3097 3083 3063 3097 3109 3083 2724 2808 2719 2808 2804 2719 2808 2869 2804 2869 2865 2804 2869 2925 2865 2925 2921 2865 2925 2971 2921 2971 2961 2921 2971 3007 2961 3007 2999 2961 3007 3036 2999 3036 3027 2999 3036 3063 3027 3063 3051 3027 3063 3083 3051 2719 2804 2712 2804 2800 2712 2804 2865 2800 2865 2861 2800 2865 2921 2861 2921 2913 2861 2921 2961 2913 2961 2953 2913 2961 2999 2953 2999 2988 2953 2999 3027 2988 3027 3015 2988 3027 3051 3015 2712 2800 2706 2800 2796 2706 2800 2861 2796 2861 2853 2796 2861 2913 2853 2913 2905 2853 2913 2953 2905 2953 2945 2905 2953 2988 2945 2988 2975 2945 2988 3015 2975 2706 2796 2701 2796 2792 2701 2796 2853 2792 2853 2845 2792 2853 2905 2845 2905 2894 2845 2905 2945 2894 2945 2933 2894 2945 2975 2933 2701 2792 2694 2792 2784 2694 2792 2845 2784 2845 2837 2784 2845 2894 2837 2894 2880 2837 2894 2933 2880 2694 2784 2688 2784 2776 2688 2784 2837 2776 2837 2823 2776 2837 2880 2823 2688 2776 2682 2776 2764 2682 2776 2823 2764 2682 2764 2674 7 17 13 17 24 13 17 35 24 35 47 24 35 61 47 61 76 47 61 90 76 90 109 76 90 123 109 123 148 109 123 158 148 158 188 148 158 201 188 201 234 188 201 245 234 245 284 234 245 295 284 295 337 284 295 348 337 348 400 337 348 411 400 411 491 400 411 499 491 13 24 30 24 43 30 24 47 43 47 68 43 47 76 68 76 100 68 76 109 100 109 138 100 109 148 138 148 177 138 148 188 177 188 226 177 188 234 226 234 276 226 234 284 276 284 329 276 284 337 329 337 392 329 337 400 392 400 485 392 400 491 485 30 43 57 43 72 57 43 68 72 68 96 72 68 100 96 100 130 96 100 138 130 138 169 130 138 177 169 177 216 169 177 226 216 226 264 216 226 276 264 276 321 264 276 329 321 329 380 321 329 392 380 392 479 380 392 485 479 57 72 81 72 105 81 72 96 105 96 134 105 96 130 134 130 165 134 130 169 165 169 208 165 169 216 208 216 256 208 216 264 256 264 313 256 264 321 313 321 376 313 321 380 376 380 473 376 380 479 473 81 105 119 105 144 119 105 134 144 134 173 144 134 165 173 165 212 173 165 208 212 208 252 212 208 256 252 256 309 252 256 313 309 313 372 309 313 376 372 376 467 372 376 473 467 119 144 154 144 182 154 144 173 182 173 220 182 173 212 220 212 260 220 212 252 260 252 305 260 252 309 305 309 368 305 309 372 368 372 461 368 372 467 461 154 182 195 182 230 195 182 220 230 220 272 230 220 260 272 260 317 272 260 305 317 305 364 317 305 368 364 368 454 364 368 461 454 195 230 240 230 280 240 230 272 280 272 325 280 272 317 325 317 360 325 317 364 360 364 448 360 364 454 448 240 280 290 280 333 290 280 325 333 325 388 333 325 360 388 360 442 388 360 448 442 290 333 343 333 396 343 333 388 396 388 436 396 388 442 436 343 396 406 396 430 406 396 436 430 406 430 425 498 2751 2743 2743 490 498 490 2743 2737 2737 484 490 484 2737 2731 2731 478 484 478 2731 2725 2725 472 478 472 2725 2718 2718 466 472 466 2718 2713 2713 460 466 460 2713 2707 2707 455 460 455 2707 2700 2700 449 455 449 2700 2695 2695 443 449 443 2695 2689 2689 437 443 437 2689 2683 2683 431 437 431 2683 2675 2675 426 431 1201 1215 720 720 711 1201 1200 1201 711 711 710 1200 1199 1200 710 710 707 1199 1198 1199 707 707 706 1198 1197 1198 706 706 704 1197 1196 1197 704 704 701 1196 1195 1196 701 701 699 1195 1194 1195 699 699 697 1194 1193 1194 697 697 695 1193 1192 1193 695 695 693 1192 1191 1192 693 693 692 1191 1190 1191 692 692 690 1190 2306 2320 1920 1920 1904 2306 2304 2306 1904 1904 1902 2304 2302 2304 1902 1902 1899 2302 2300 2302 1899 1899 1896 2300 2298 2300 1896 1896 1892 2298 2296 2298 1892 1892 1890 2296 2294 2296 1890 1890 1887 2294 2292 2294 1887 1887 1883 2292 2290 2292 1883 1883 1880 2290 2288 2290 1880 1880 1877 2288 2286 2288 1877 1877 1875 2286 2284 2286 1875 1875 1871 2284 2306 2333 2320 2306 2304 2352 2352 2333 2306 2304 2302 2378 2378 2352 2304 2302 2300 2401 2401 2378 2302 2300 2298 2428 2428 2401 2300 2298 2296 2467 2467 2428 2298 2296 2294 2499 2499 2467 2296 2294 2292 2536 2536 2499 2294 2292 2290 2577 2577 2536 2292 2290 2288 2614 2614 2577 2290 2288 2286 2651 2651 2614 2288 2286 2284 2674 2674 2651 2286 1919 1865 1905 1850 1901 1905 1905 1865 1850 1831 1898 1901 1901 1850 1831 1812 1895 1898 1898 1831 1812 1788 1893 1895 1895 1812 1788 1763 1889 1893 1893 1788 1763 1738 1886 1889 1889 1763 1738 1708 1884 1886 1886 1738 1708 1675 1881 1884 1884 1708 1675 1643 1878 1881 1881 1675 1643 1611 1874 1878 1878 1643 1611 1547 1872 1874 1874 1611 1547 1201 1222 1215 1201 1200 1238 1238 1222 1201 1200 1199 1259 1259 1238 1200 1199 1198 1284 1284 1259 1199 1198 1197 1310 1310 1284 1198 1197 1196 1341 1341 1310 1197 1196 1195 1373 1373 1341 1196 1195 1194 1408 1408 1373 1195 1194 1193 1445 1445 1408 1194 1193 1192 1486 1486 1445 1193 1192 1191 1530 1530 1486 1192 1191 1190 1548 1548 1530 1191 718 685 712 677 709 712 712 685 677 662 708 709 709 677 662 653 705 708 708 662 653 639 703 705 705 653 639 623 702 703 703 639 623 606 700 702 702 623 606 583 698 700 700 606 583 558 696 698 698 583 558 537 694 696 696 558 537 519 691 694 694 537 519 426 689 691 691 519 426 2314 2319 2332 2332 2331 2314 2331 2332 2351 2351 2349 2331 2349 2351 2376 2376 2374 2349 2374 2376 2399 2399 2398 2374 2398 2399 2427 2427 2425 2398 2425 2427 2466 2466 2465 2425 2465 2466 2498 2498 2497 2465 2497 2498 2534 2534 2532 2497 2532 2534 2575 2575 2573 2532 2573 2575 2612 2612 2611 2573 2611 2612 2649 2649 2647 2611 2647 2649 2673 2673 2672 2647 2319 2334 2332 2353 2351 2332 2332 2334 2353 2377 2376 2351 2351 2353 2377 2400 2399 2376 2376 2377 2400 2429 2427 2399 2399 2400 2429 2468 2466 2427 2427 2429 2468 2500 2498 2466 2466 2468 2500 2535 2534 2498 2498 2500 2535 2576 2575 2534 2534 2535 2576 2613 2612 2575 2575 2576 2613 2650 2649 2612 2612 2613 2650 2675 2673 2649 2649 2650 2675 3150 3163 3162 3162 3149 3150 3130 3150 3149 3149 3129 3130 3109 3130 3129 3129 3108 3109 3083 3109 3108 3108 3082 3083 3051 3083 3082 3082 3050 3051 3015 3051 3050 3050 3014 3015 2975 3015 3014 3014 2974 2975 2933 2975 2974 2974 2932 2933 2880 2933 2932 2932 2879 2880 2823 2880 2879 2879 2822 2823 2764 2823 2822 2822 2763 2764 2674 2764 2763 2763 2671 2674 1214 1223 1221 1239 1237 1221 1221 1223 1239 1260 1258 1237 1237 1239 1260 1283 1282 1258 1258 1260 1283 1309 1308 1282 1282 1283 1309 1342 1340 1308 1308 1309 1342 1374 1372 1340 1340 1342 1374 1407 1406 1372 1372 1374 1407 1444 1443 1406 1406 1407 1444 1485 1484 1443 1443 1444 1485 1529 1528 1484 1484 1485 1529 1547 1545 1528 1528 1529 1547 1863 1864 1921 1863 1848 1849 1849 1864 1863 1848 1829 1830 1830 1849 1848 1829 1810 1811 1811 1830 1829 1810 1786 1787 1787 1811 1810 1786 1762 1764 1764 1787 1786 1762 1737 1739 1739 1764 1762 1737 1707 1709 1709 1739 1737 1707 1673 1674 1674 1709 1707 1673 1642 1644 1644 1674 1673 1642 1609 1610 1610 1644 1642 1609 1546 1548 1548 1610 1609 1863 1921 1916 1916 1862 1863 1848 1863 1862 1862 1847 1848 1829 1848 1847 1847 1828 1829 1810 1829 1828 1828 1809 1810 1786 1810 1809 1809 1785 1786 1762 1786 1785 1785 1761 1762 1737 1762 1761 1761 1736 1737 1707 1737 1736 1736 1706 1707 1673 1707 1706 1706 1672 1673 1642 1673 1672 1672 1641 1642 1609 1642 1641 1641 1608 1609 1546 1609 1608 1608 1544 1546 1207 1214 1221 1221 1220 1207 1220 1221 1237 1237 1236 1220 1236 1237 1258 1258 1256 1236 1256 1258 1282 1282 1281 1256 1281 1282 1308 1308 1307 1281 1307 1308 1340 1340 1338 1307 1338 1340 1372 1372 1371 1338 1371 1372 1406 1406 1404 1371 1404 1406 1443 1443 1442 1404 1442 1443 1484 1484 1483 1442 1483 1484 1528 1528 1527 1483 1527 1528 1545 1545 1543 1527 684 686 719 684 676 678 678 686 684 676 660 661 661 678 676 660 651 652 652 661 660 651 638 640 640 652 651 638 621 622 622 640 638 621 605 607 607 622 621 605 581 582 582 607 605 581 556 557 557 582 581 556 535 536 536 557 556 535 518 520 520 536 535 518 424 425 425 520 518 684 719 714 714 683 684 676 684 683 683 675 676 660 676 675 675 659 660 651 660 659 659 650 651 638 651 650 650 637 638 621 638 637 637 620 621 605 621 620 620 604 605 581 605 604 604 580 581 556 581 580 580 555 556 535 556 555 555 534 535 518 535 534 534 517 518 424 518 517 517 423 424 2 5 12 12 11 2 11 12 31 31 28 11 28 31 56 56 54 28 54 56 82 82 80 54 80 82 118 118 116 80 116 118 153 153 152 116 152 153 196 196 193 152 193 196 239 239 237 193 237 239 289 289 287 237 287 289 342 342 340 287 340 342 405 405 403 340 403 405 426 426 422 403 2031 2077 2074 2074 2047 2031 2023 2080 2077 2077 2031 2023 2015 2086 2080 2080 2023 2015 2006 2089 2086 2086 2015 2006 2077 2202 2192 2192 2074 2077 2080 2213 2202 2202 2077 2080 2086 2227 2213 2213 2080 2086 2089 2235 2227 2227 2086 2089 2202 2246 2238 2238 2192 2202 2213 2263 2246 2246 2202 2213 2227 2373 2263 2263 2213 2227 2235 2494 2373 2373 2227 2235 2246 2329 2271 2271 2238 2246 2263 2441 2329 2329 2246 2263 2373 2547 2441 2441 2263 2373 2494 2662 2547 2547 2373 2494 2329 2370 2282 2282 2271 2329 2441 2463 2370 2370 2329 2441 2547 2566 2463 2463 2441 2547 2662 2670 2566 2566 2547 2662 2370 2259 2254 2254 2282 2370 2463 2280 2259 2259 2370 2463 2566 2461 2280 2280 2463 2566 2670 2564 2461 2461 2566 2670 2259 2224 2221 2221 2254 2259 2280 2231 2224 2224 2259 2280 2461 2241 2231 2231 2280 2461 2564 2265 2241 2241 2461 2564 2224 2145 2135 2135 2221 2224 2231 2155 2145 2145 2224 2231 2241 2162 2155 2155 2231 2241 2265 2171 2162 2162 2241 2265 1995 2094 2089 2089 2006 1995 1986 2096 2094 2094 1995 1986 1978 2099 2096 2096 1986 1978 1971 2140 2099 2099 1978 1971 2094 2249 2235 2235 2089 2094 2096 2267 2249 2249 2094 2096 2099 2273 2267 2267 2096 2099 2140 2311 2273 2273 2099 2140 2249 2589 2494 2494 2235 2249 2267 2667 2589 2589 2249 2267 2273 2762 2667 2667 2267 2273 2311 2818 2762 2762 2273 2311 2589 2835 2662 2662 2494 2589 2667 2969 2835 2835 2589 2667 2762 3049 2969 2969 2667 2762 2818 3081 3049 3049 2762 2818 2835 2874 2670 2670 2662 2835 2969 2997 2874 2874 2835 2969 3049 3095 2997 2997 2969 3049 3081 3136 3095 3095 3049 3081 2874 2665 2564 2564 2670 2874 2997 2821 2665 2665 2874 2997 3095 2892 2821 2821 2997 3095 3136 2930 2892 2892 3095 3136 2665 2368 2265 2265 2564 2665 2821 2454 2368 2368 2665 2821 2892 2507 2454 2454 2821 2892 2930 2522 2507 2507 2892 2930 2368 2177 2171 2171 2265 2368 2454 2187 2177 2177 2368 2454 2507 2196 2187 2187 2454 2507 2522 2206 2196 2196 2507 2522 939 909 913 913 934 939 947 907 909 909 939 947 960 904 907 907 947 960 972 901 904 904 960 972 909 806 827 827 913 909 907 803 806 806 909 907 904 794 803 803 907 904 901 788 794 794 904 901 806 769 779 779 827 806 803 755 769 769 806 803 794 666 755 755 803 794 788 613 666 666 794 788 769 722 743 743 779 769 755 645 722 722 769 755 666 579 645 645 755 666 613 516 579 579 666 613 722 674 733 733 743 722 645 629 674 674 722 645 579 570 629 629 645 579 516 509 570 570 579 516 674 757 762 762 733 674 629 729 757 757 674 629 570 631 729 729 629 570 509 566 631 631 570 509 757 796 800 800 762 757 729 790 796 796 757 729 631 773 790 790 729 631 566 753 773 773 631 566 796 876 890 890 800 796 790 867 876 876 796 790 773 859 867 867 790 773 753 851 859 859 773 753 989 898 901 901 972 989 1006 896 898 898 989 1006 1018 892 896 896 1006 1018 1032 884 892 892 1018 1032 898 765 788 788 901 898 896 748 765 765 898 896 892 737 748 748 896 892 884 726 737 737 892 884 765 553 613 613 788 765 748 512 553 553 765 748 737 417 512 512 748 737 726 386 417 417 737 726 553 354 516 516 613 553 512 224 354 354 553 512 417 142 224 224 512 417 386 114 142 142 417 386 354 303 509 509 516 354 224 186 303 303 354 224 142 89 186 186 224 142 114 52 89 89 142 114 303 514 566 566 509 303 186 358 514 514 303 186 89 301 358 358 186 89 52 269 301 301 89 52 514 672 753 753 566 514 358 633 672 672 514 358 301 611 633 633 358 301 269 598 611 611 301 269 672 842 851 851 753 672 633 833 842 842 672 633 611 821 833 833 633 611 598 817 821 821 611 598 2051 889 881 881 2045 2051 2045 881 879 879 2039 2045 2039 879 875 875 2032 2039 2032 875 872 872 2027 2032 2027 872 870 870 2025 2027 2025 870 868 868 2022 2025 2022 868 864 864 2019 2022 2019 864 862 862 2017 2019 2017 862 860 860 2014 2017 2014 860 855 855 2011 2014 2011 855 853 853 2009 2011 2009 853 850 850 2007 2009 2007 850 847 847 2002 2007 2002 847 845 845 1999 2002 1999 845 840 840 1996 1999 1996 840 837 837 1992 1996 1992 837 835 835 1989 1992 1989 835 831 831 1987 1989 1987 831 829 829 1982 1987 1982 829 823 823 1980 1982 1980 823 819 819 1977 1980 1977 819 815 815 1974 1977 1974 815 808 808 1966 1974 1966 808 810 810 1969 1966 1204 1227 1218 1227 1231 1218 1227 1243 1231 1243 1251 1231 1243 1264 1251 1264 1274 1251 1264 1288 1274 1288 1302 1274 1288 1314 1302 1314 1331 1302 1314 1345 1331 1345 1365 1331 1345 1378 1365 1378 1400 1365 1378 1411 1400 1411 1437 1400 1411 1449 1437 1449 1478 1437 1449 1490 1478 1490 1522 1478 1490 1534 1522 1534 1591 1522 1534 1596 1591 1218 1231 1234 1231 1248 1234 1231 1251 1248 1251 1268 1248 1251 1274 1268 1274 1296 1268 1274 1302 1296 1302 1324 1296 1302 1331 1324 1331 1359 1324 1331 1365 1359 1365 1394 1359 1365 1400 1394 1400 1431 1394 1400 1437 1431 1437 1472 1431 1437 1478 1472 1478 1516 1472 1478 1522 1516 1522 1587 1516 1522 1591 1587 1234 1248 1255 1248 1271 1255 1248 1268 1271 1268 1293 1271 1268 1296 1293 1296 1318 1293 1296 1324 1318 1324 1353 1318 1324 1359 1353 1359 1388 1353 1359 1394 1388 1394 1425 1388 1394 1431 1425 1431 1466 1425 1431 1472 1466 1472 1510 1466 1472 1516 1510 1516 1583 1510 1516 1587 1583 1255 1271 1279 1271 1299 1279 1271 1293 1299 1293 1321 1299 1293 1318 1321 1318 1350 1321 1318 1353 1350 1353 1382 1350 1353 1388 1382 1388 1419 1382 1388 1425 1419 1425 1460 1419 1425 1466 1460 1466 1507 1460 1466 1510 1507 1510 1579 1507 1510 1583 1579 1279 1299 1305 1299 1328 1305 1299 1321 1328 1321 1356 1328 1321 1350 1356 1350 1385 1356 1350 1382 1385 1382 1416 1385 1382 1419 1416 1419 1457 1416 1419 1460 1457 1460 1504 1457 1460 1507 1504 1507 1575 1504 1507 1579 1575 1305 1328 1337 1328 1362 1337 1328 1356 1362 1356 1391 1362 1356 1385 1391 1385 1422 1391 1385 1416 1422 1416 1454 1422 1416 1457 1454 1457 1501 1454 1457 1504 1501 1504 1571 1501 1504 1575 1571 1337 1362 1369 1362 1397 1369 1362 1391 1397 1391 1428 1397 1391 1422 1428 1422 1463 1428 1422 1454 1463 1454 1498 1463 1454 1501 1498 1501 1567 1498 1501 1571 1567 1369 1397 1403 1397 1434 1403 1397 1428 1434 1428 1469 1434 1428 1463 1469 1463 1495 1469 1463 1498 1495 1498 1563 1495 1498 1567 1563 1403 1434 1440 1434 1475 1440 1434 1469 1475 1469 1513 1475 1469 1495 1513 1495 1559 1513 1495 1563 1559 1440 1475 1481 1475 1519 1481 1475 1513 1519 1513 1555 1519 1513 1559 1555 1481 1519 1525 1519 1551 1525 1519 1555 1551 1525 1551 1542 1596 1612 1591 1612 1618 1591 1612 1645 1618 1645 1651 1618 1645 1677 1651 1677 1684 1651 1677 1710 1684 1710 1716 1684 1710 1741 1716 1741 1746 1716 1741 1765 1746 1765 1772 1746 1765 1789 1772 1789 1796 1772 1789 1814 1796 1814 1819 1796 1814 1833 1819 1833 1840 1819 1833 1852 1840 1852 1855 1840 1852 1866 1855 1866 1860 1855 1866 1913 1860 1591 1618 1587 1618 1622 1587 1618 1651 1622 1651 1655 1622 1651 1684 1655 1684 1688 1655 1684 1716 1688 1716 1721 1688 1716 1746 1721 1746 1750 1721 1746 1772 1750 1772 1776 1750 1772 1796 1776 1796 1801 1776 1796 1819 1801 1819 1821 1801 1819 1840 1821 1840 1838 1821 1840 1855 1838 1855 1846 1838 1855 1860 1846 1587 1622 1583 1622 1630 1583 1622 1655 1630 1655 1659 1630 1655 1688 1659 1688 1693 1659 1688 1721 1693 1721 1725 1693 1721 1750 1725 1750 1754 1725 1750 1776 1754 1776 1778 1754 1776 1801 1778 1801 1799 1778 1801 1821 1799 1821 1817 1799 1821 1838 1817 1838 1827 1817 1838 1846 1827 1583 1630 1579 1630 1628 1579 1630 1659 1628 1659 1665 1628 1659 1693 1665 1693 1697 1665 1693 1725 1697 1725 1727 1697 1725 1754 1727 1754 1752 1727 1754 1778 1752 1778 1774 1752 1778 1799 1774 1799 1794 1774 1799 1817 1794 1817 1807 1794 1817 1827 1807 1579 1628 1575 1628 1634 1575 1628 1665 1634 1665 1663 1634 1665 1697 1663 1697 1695 1663 1697 1727 1695 1727 1723 1695 1727 1752 1723 1752 1748 1723 1752 1774 1748 1774 1770 1748 1774 1794 1770 1794 1784 1770 1794 1807 1784 1575 1634 1571 1634 1632 1571 1634 1663 1632 1663 1661 1632 1663 1695 1661 1695 1691 1661 1695 1723 1691 1723 1719 1691 1723 1748 1719 1748 1744 1719 1748 1770 1744 1770 1759 1744 1770 1784 1759 1571 1632 1567 1632 1626 1567 1632 1661 1626 1661 1657 1626 1661 1691 1657 1691 1686 1657 1691 1719 1686 1719 1714 1686 1719 1744 1714 1744 1735 1714 1744 1759 1735 1567 1626 1563 1626 1624 1563 1626 1657 1624 1657 1653 1624 1657 1686 1653 1686 1682 1653 1686 1714 1682 1714 1705 1682 1714 1735 1705 1563 1624 1559 1624 1620 1559 1624 1653 1620 1653 1649 1620 1653 1682 1649 1682 1670 1649 1682 1705 1670 1559 1620 1555 1620 1616 1555 1620 1649 1616 1649 1639 1616 1649 1670 1639 1555 1616 1551 1616 1606 1551 1616 1639 1606 1551 1606 1542 930 954 927 954 955 927 954 974 955 974 976 955 974 996 976 996 1000 976 996 1028 1000 1028 1035 1000 1028 1049 1035 1049 1057 1035 1049 1069 1057 1069 1079 1057 1069 1090 1079 1090 1100 1079 1090 1107 1100 1107 1119 1100 1107 1124 1119 1124 1133 1119 1124 1136 1133 1136 1146 1133 1136 1150 1146 1150 1157 1146 1150 1160 1157 927 955 932 955 956 932 955 976 956 976 980 956 976 1000 980 1000 1007 980 1000 1035 1007 1035 1040 1007 1035 1057 1040 1057 1064 1040 1057 1079 1064 1079 1086 1064 1079 1100 1086 1100 1109 1086 1100 1119 1109 1119 1125 1109 1119 1133 1125 1133 1140 1125 1133 1146 1140 1146 1153 1140 1146 1157 1153 932 956 937 956 962 937 956 980 962 980 984 962 980 1007 984 1007 1012 984 1007 1040 1012 1040 1046 1012 1040 1064 1046 1064 1073 1046 1064 1086 1073 1086 1096 1073 1086 1109 1096 1109 1114 1096 1109 1125 1114 1125 1131 1114 1125 1140 1131 1140 1141 1131 1140 1153 1141 937 962 941 962 965 941 962 984 965 984 985 965 984 1012 985 1012 1021 985 1012 1046 1021 1046 1055 1021 1046 1073 1055 1073 1077 1055 1073 1096 1077 1096 1099 1077 1096 1114 1099 1114 1118 1099 1114 1131 1118 1131 1130 1118 1131 1141 1130 941 965 943 965 966 943 965 985 966 985 990 966 985 1021 990 1021 1034 990 1021 1055 1034 1055 1059 1034 1055 1077 1059 1077 1080 1059 1077 1099 1080 1099 1102 1080 1099 1118 1102 1118 1117 1102 1118 1130 1117 943 966 945 966 969 945 966 990 969 990 997 969 990 1034 997 1034 1037 997 1034 1059 1037 1059 1060 1037 1059 1080 1060 1080 1081 1060 1080 1102 1081 1102 1101 1081 1102 1117 1101 945 969 949 969 975 949 969 997 975 997 1002 975 997 1037 1002 1037 1039 1002 1037 1060 1039 1060 1062 1039 1060 1081 1062 1081 1083 1062 1081 1101 1083 949 975 952 975 979 952 975 1002 979 1002 1008 979 1002 1039 1008 1039 1043 1008 1039 1062 1043 1062 1065 1043 1062 1083 1065 952 979 958 979 983 958 979 1008 983 1008 1013 983 1008 1043 1013 1043 1045 1013 1043 1065 1045 958 983 964 983 986 964 983 1013 986 1013 1019 986 1013 1045 1019 964 986 968 986 992 968 986 1019 992 968 992 972 1160 1167 1157 1167 1163 1157 1167 1170 1163 1170 1164 1163 1170 1166 1164 1166 1162 1164 1166 1159 1162 1159 1154 1162 1159 1148 1154 1148 1143 1154 1148 1135 1143 1135 1127 1143 1135 1121 1127 1121 1112 1127 1121 1105 1112 1105 1094 1112 1105 1089 1094 1089 1075 1094 1089 1071 1075 1071 1051 1075 1071 1053 1051 1053 1026 1051 1053 1032 1026 1157 1163 1153 1163 1156 1153 1163 1164 1156 1164 1155 1156 1164 1162 1155 1162 1152 1155 1162 1154 1152 1154 1142 1152 1154 1143 1142 1143 1129 1142 1143 1127 1129 1127 1113 1129 1127 1112 1113 1112 1095 1113 1112 1094 1095 1094 1074 1095 1094 1075 1074 1075 1050 1074 1075 1051 1050 1051 1023 1050 1051 1026 1023 1153 1156 1141 1156 1145 1141 1156 1155 1145 1155 1144 1145 1155 1152 1144 1152 1138 1144 1152 1142 1138 1142 1126 1138 1142 1129 1126 1129 1111 1126 1129 1113 1111 1113 1093 1111 1113 1095 1093 1095 1072 1093 1095 1074 1072 1074 1047 1072 1074 1050 1047 1050 1018 1047 1050 1023 1018 1141 1145 1130 1145 1132 1130 1145 1144 1132 1144 1128 1132 1144 1138 1128 1138 1120 1128 1138 1126 1120 1126 1104 1120 1126 1111 1104 1111 1087 1104 1111 1093 1087 1093 1067 1087 1093 1072 1067 1072 1044 1067 1072 1047 1044 1047 1015 1044 1047 1018 1015 1130 1132 1117 1132 1116 1117 1132 1128 1116 1128 1110 1116 1128 1120 1110 1120 1098 1110 1120 1104 1098 1104 1082 1098 1104 1087 1082 1087 1063 1082 1087 1067 1063 1067 1041 1063 1067 1044 1041 1044 1011 1041 1044 1015 1011 1117 1116 1101 1116 1097 1101 1116 1110 1097 1110 1092 1097 1110 1098 1092 1098 1076 1092 1098 1082 1076 1082 1058 1076 1082 1063 1058 1063 1038 1058 1063 1041 1038 1041 1006 1038 1041 1011 1006 1101 1097 1083 1097 1078 1083 1097 1092 1078 1092 1066 1078 1092 1076 1066 1076 1054 1066 1076 1058 1054 1058 1033 1054 1058 1038 1033 1038 999 1033 1038 1006 999 1083 1078 1065 1078 1056 1065 1078 1066 1056 1066 1042 1056 1066 1054 1042 1054 1020 1042 1054 1033 1020 1033 994 1020 1033 999 994 1065 1056 1045 1056 1036 1045 1056 1042 1036 1042 1009 1036 1042 1020 1009 1020 989 1009 1020 994 989 1045 1036 1019 1036 1001 1019 1036 1009 1001 1009 982 1001 1009 989 982 1019 1001 992 1001 978 992 1001 982 978 992 978 972 1594 1531 1589 1531 1521 1589 1531 1488 1521 1488 1477 1521 1488 1446 1477 1446 1436 1477 1446 1410 1436 1410 1399 1436 1410 1376 1399 1376 1364 1399 1376 1343 1364 1343 1330 1364 1343 1311 1330 1311 1301 1330 1311 1285 1301 1285 1273 1301 1285 1262 1273 1262 1250 1273 1262 1240 1250 1240 1230 1250 1240 1225 1230 1225 1217 1230 1225 1203 1217 1589 1521 1586 1521 1515 1586 1521 1477 1515 1477 1471 1515 1477 1436 1471 1436 1430 1471 1436 1399 1430 1399 1393 1430 1399 1364 1393 1364 1358 1393 1364 1330 1358 1330 1323 1358 1330 1301 1323 1301 1295 1323 1301 1273 1295 1273 1267 1295 1273 1250 1267 1250 1247 1267 1250 1230 1247 1230 1233 1247 1230 1217 1233 1586 1515 1581 1515 1509 1581 1515 1471 1509 1471 1465 1509 1471 1430 1465 1430 1424 1465 1430 1393 1424 1393 1387 1424 1393 1358 1387 1358 1352 1387 1358 1323 1352 1323 1317 1352 1323 1295 1317 1295 1292 1317 1295 1267 1292 1267 1270 1292 1267 1247 1270 1247 1254 1270 1247 1233 1254 1581 1509 1577 1509 1506 1577 1509 1465 1506 1465 1459 1506 1465 1424 1459 1424 1418 1459 1424 1387 1418 1387 1381 1418 1387 1352 1381 1352 1349 1381 1352 1317 1349 1317 1320 1349 1317 1292 1320 1292 1298 1320 1292 1270 1298 1270 1278 1298 1270 1254 1278 1577 1506 1574 1506 1503 1574 1506 1459 1503 1459 1456 1503 1459 1418 1456 1418 1415 1456 1418 1381 1415 1381 1384 1415 1381 1349 1384 1349 1355 1384 1349 1320 1355 1320 1327 1355 1320 1298 1327 1298 1304 1327 1298 1278 1304 1574 1503 1569 1503 1500 1569 1503 1456 1500 1456 1453 1500 1456 1415 1453 1415 1421 1453 1415 1384 1421 1384 1390 1421 1384 1355 1390 1355 1361 1390 1355 1327 1361 1327 1336 1361 1327 1304 1336 1569 1500 1565 1500 1497 1565 1500 1453 1497 1453 1462 1497 1453 1421 1462 1421 1427 1462 1421 1390 1427 1390 1396 1427 1390 1361 1396 1361 1368 1396 1361 1336 1368 1565 1497 1562 1497 1494 1562 1497 1462 1494 1462 1468 1494 1462 1427 1468 1427 1433 1468 1427 1396 1433 1396 1402 1433 1396 1368 1402 1562 1494 1558 1494 1512 1558 1494 1468 1512 1468 1474 1512 1468 1433 1474 1433 1439 1474 1433 1402 1439 1558 1512 1554 1512 1518 1554 1512 1474 1518 1474 1480 1518 1474 1439 1480 1554 1518 1550 1518 1524 1550 1518 1480 1524 1550 1524 1538 1217 1203 1204 1204 1218 1217 1233 1217 1218 1218 1234 1233 1254 1233 1234 1234 1255 1254 1278 1254 1255 1255 1279 1278 1304 1278 1279 1279 1305 1304 1336 1304 1305 1305 1337 1336 1368 1336 1337 1337 1369 1368 1402 1368 1369 1369 1403 1402 1439 1402 1403 1403 1440 1439 1480 1439 1440 1440 1481 1480 1524 1480 1481 1481 1525 1524 1538 1524 1525 1525 1542 1538 1914 1907 1859 1859 1861 1914 1861 1859 1844 1844 1845 1861 1845 1844 1825 1825 1826 1845 1826 1825 1806 1806 1808 1826 1808 1806 1782 1782 1783 1808 1783 1782 1758 1758 1760 1783 1760 1758 1733 1733 1734 1760 1734 1733 1703 1703 1704 1734 1704 1703 1669 1669 1671 1704 1671 1669 1638 1638 1640 1671 1640 1638 1605 1605 1607 1640 1607 1605 1540 1540 1541 1607 2144 2123 2134 2154 2115 2123 2123 2144 2154 2161 2108 2115 2115 2154 2161 2170 2102 2108 2108 2161 2170 2178 2107 2102 2102 2170 2178 2186 2114 2107 2107 2178 2186 2198 2121 2114 2114 2186 2198 2208 2133 2121 2121 2198 2208 1903 1908 2135 2135 2128 1903 1900 1903 2128 2128 2125 1900 1897 1900 2125 2125 2122 1897 1894 1897 2122 2122 2120 1894 1891 1894 2120 2120 2118 1891 1888 1891 2118 2118 2116 1888 1885 1888 2116 2116 2113 1885 1882 1885 2113 2113 2111 1882 1879 1882 2111 2111 2109 1879 1876 1879 2109 2109 2106 1876 1873 1876 2106 2106 2104 1873 1870 1873 2104 2104 2101 1870 2133 1593 1590 1590 2127 2133 2127 1590 1585 1585 2124 2127 2124 1585 1582 1582 2121 2124 2121 1582 1578 1578 2119 2121 2119 1578 1573 1573 2117 2119 2117 1573 1570 1570 2114 2117 2114 1570 1566 1566 2112 2114 2112 1566 1561 1561 2110 2112 2110 1561 1557 1557 2107 2110 2107 1557 1553 1553 2105 2107 2105 1553 1549 1549 2103 2105 2103 1549 1539 1539 2102 2103 1907 1857 1859 1843 1844 1859 1859 1857 1843 1824 1825 1844 1844 1843 1824 1805 1806 1825 1825 1824 1805 1781 1782 1806 1806 1805 1781 1756 1758 1782 1782 1781 1756 1731 1733 1758 1758 1756 1731 1702 1703 1733 1733 1731 1702 1668 1669 1703 1703 1702 1668 1636 1638 1669 1669 1668 1636 1604 1605 1638 1638 1636 1604 1539 1540 1605 1605 1604 1539 1903 1858 1908 1903 1900 1842 1842 1858 1903 1900 1897 1823 1823 1842 1900 1897 1894 1804 1804 1823 1897 1894 1891 1780 1780 1804 1894 1891 1888 1757 1757 1780 1891 1888 1885 1732 1732 1757 1888 1885 1882 1701 1701 1732 1885 1882 1879 1667 1667 1701 1882 1879 1876 1637 1637 1667 1879 1876 1873 1603 1603 1637 1876 1873 1870 1538 1538 1603 1873 2029 2076 2072 2072 2046 2029 2021 2079 2076 2076 2029 2021 2013 2085 2079 2079 2021 2013 2004 2088 2085 2085 2013 2004 2076 2201 2191 2191 2072 2076 2079 2212 2201 2201 2076 2079 2085 2226 2212 2212 2079 2085 2088 2234 2226 2226 2085 2088 2201 2245 2237 2237 2191 2201 2212 2262 2245 2245 2201 2212 2226 2372 2262 2262 2212 2226 2234 2493 2372 2372 2226 2234 2245 2328 2268 2268 2237 2245 2262 2440 2328 2328 2245 2262 2372 2546 2440 2440 2262 2372 2493 2661 2546 2546 2372 2493 2328 2369 2281 2281 2268 2328 2440 2462 2369 2369 2328 2440 2546 2565 2462 2462 2440 2546 2661 2669 2565 2565 2546 2661 2369 2258 2252 2252 2281 2369 2462 2279 2258 2258 2369 2462 2565 2460 2279 2279 2462 2565 2669 2563 2460 2460 2565 2669 2258 2223 2218 2218 2252 2258 2279 2230 2223 2223 2258 2279 2460 2240 2230 2230 2279 2460 2563 2264 2240 2240 2460 2563 2223 2143 2130 2130 2218 2223 2230 2153 2143 2143 2223 2230 2240 2160 2153 2153 2230 2240 2264 2168 2160 2160 2240 2264 1993 2093 2088 2088 2004 1993 1985 2095 2093 2093 1993 1985 1975 2098 2095 2095 1985 1975 1967 2138 2098 2098 1975 1967 2093 2248 2234 2234 2088 2093 2095 2266 2248 2248 2093 2095 2098 2272 2266 2266 2095 2098 2138 2309 2272 2272 2098 2138 2248 2588 2493 2493 2234 2248 2266 2666 2588 2588 2248 2266 2272 2761 2666 2666 2266 2272 2309 2817 2761 2761 2272 2309 2588 2834 2661 2661 2493 2588 2666 2968 2834 2834 2588 2666 2761 3048 2968 2968 2666 2761 2817 3079 3048 3048 2761 2817 2834 2873 2669 2669 2661 2834 2968 2996 2873 2873 2834 2968 3048 3094 2996 2996 2968 3048 3079 3134 3094 3094 3048 3079 2873 2664 2563 2563 2669 2873 2996 2820 2664 2664 2873 2996 3094 2891 2820 2820 2996 3094 3134 2929 2891 2891 3094 3134 2664 2367 2264 2264 2563 2664 2820 2453 2367 2367 2664 2820 2891 2506 2453 2453 2820 2891 2929 2520 2506 2506 2891 2929 2367 2175 2168 2168 2264 2367 2453 2184 2175 2175 2367 2453 2506 2194 2184 2184 2453 2506 2520 2205 2194 2194 2506 2520 938 908 910 910 933 938 946 906 908 908 938 946 959 903 906 906 946 959 971 900 903 903 959 971 908 805 825 825 910 908 906 802 805 805 908 906 903 793 802 802 906 903 900 787 793 793 903 900 805 768 774 774 825 805 802 754 768 768 805 802 793 665 754 754 802 793 787 612 665 665 793 787 768 721 741 741 774 768 754 644 721 721 768 754 665 578 644 644 754 665 612 515 578 578 665 612 721 673 731 731 741 721 644 628 673 673 721 644 578 569 628 628 644 578 515 508 569 569 578 515 673 756 759 759 731 673 628 728 756 756 673 628 569 630 728 728 628 569 508 565 630 630 569 508 756 795 799 799 759 756 728 789 795 795 756 728 630 772 789 789 728 630 565 752 772 772 630 565 795 874 888 888 799 795 789 865 874 874 795 789 772 857 865 865 789 772 752 848 857 857 772 752 988 897 900 900 971 988 1005 895 897 897 988 1005 1017 891 895 895 1005 1017 1031 882 891 891 1017 1031 897 764 787 787 900 897 895 747 764 764 897 895 891 736 747 747 895 891 882 725 736 736 891 882 764 552 612 612 787 764 747 511 552 552 764 747 736 416 511 511 747 736 725 383 416 416 736 725 552 353 515 515 612 552 511 223 353 353 552 511 416 141 223 223 511 416 383 113 141 141 416 383 353 302 508 508 515 353 223 185 302 302 353 223 141 88 185 185 223 141 113 51 88 88 141 113 302 513 565 565 508 302 185 357 513 513 302 185 88 300 357 357 185 88 51 267 300 300 88 51 513 671 752 752 565 513 357 632 671 671 513 357 300 610 632 632 357 300 267 597 610 610 300 267 671 841 848 848 752 671 632 832 841 841 671 632 610 820 832 832 632 610 597 816 820 820 610 597 2204 1030 1025 1025 2203 2204 2203 1025 1022 1022 2200 2203 2200 1022 1016 1016 2195 2200 2195 1016 1014 1014 2190 2195 2190 1014 1010 1010 2188 2190 2188 1010 1003 1003 2185 2188 2185 1003 998 998 2182 2185 2182 998 993 993 2181 2182 2181 993 987 987 2176 2181 2176 987 981 981 2173 2176 2173 981 977 977 2172 2173 2172 977 970 970 2169 2172 2169 970 967 967 2167 2169 2167 967 963 963 2163 2167 2163 963 957 957 2159 2163 2159 957 951 951 2158 2159 2158 951 948 948 2156 2158 2156 948 944 944 2152 2156 2152 944 942 942 2150 2152 2150 942 940 940 2148 2150 2148 940 936 936 2142 2148 2142 936 931 931 2137 2142 2137 931 926 926 2126 2137 2126 926 929 929 2129 2126 2049 887 880 880 2044 2049 2044 880 878 878 2038 2044 2038 878 873 873 2030 2038 2030 873 871 871 2026 2030 2026 871 869 869 2024 2026 2024 869 866 866 2020 2024 2020 866 863 863 2018 2020 2018 863 861 861 2016 2018 2016 861 858 858 2012 2016 2012 858 854 854 2010 2012 2010 854 852 852 2008 2010 2008 852 849 849 2005 2008 2005 849 846 846 2001 2005 2001 846 844 844 1998 2001 1998 844 839 839 1994 1998 1994 839 836 836 1991 1994 1991 836 834 834 1988 1991 1988 834 830 830 1984 1988 1984 830 828 828 1981 1984 1981 828 822 822 1979 1981 1979 822 818 818 1976 1979 1976 818 814 814 1973 1976 1973 814 807 807 1965 1973 1965 807 809 809 1968 1965 3141 3157 3166 3120 3141 3166 3117 3120 3166 3091 3117 3166 3059 3091 3166 3022 3059 3166 2982 3022 3166 2940 2982 3166 2887 2940 3166 2831 2887 3166 2771 2831 3166 2754 2771 3166 2659 2754 3166 2623 2659 3166 2585 2623 3166 2544 2585 3166 2510 2544 3166 2476 2510 3166 2439 2476 3166 2410 2439 3166 2387 2410 3166 2361 2387 3166 2345 2361 3166 2321 2345 3166 2327 2321 3166 2756 2327 3166 2774 2756 3166 2832 2774 3166 2889 2832 3166 2942 2889 3166 2984 2942 3166 3024 2984 3166 3061 3024 3166 3092 3061 3166 3118 3092 3166 3144 3118 3166 3159 3144 3166 3167 3159 3166 2327 2247 2261 2324 2327 2261 2257 2260 2247 2242 2257 2247 2232 2257 2242 2197 2232 2242 2229 2232 2197 2183 2229 2197 2189 2229 2183 2087 2189 2183 2180 2189 2087 2069 2180 2087 2147 2180 2069 2057 2147 2069 2092 2147 2057 2028 2092 2057 2064 2092 2028 1964 2064 2028 2058 2064 1964 1959 2058 1964 2052 2058 1959 1951 2052 1959 2003 2052 1951 1946 2003 1951 1963 2003 1946 1941 1963 1946 1956 1963 1941 1935 1956 1941 1950 1956 1935 1927 1950 1935 1944 1950 1927 1700 1944 1927 1940 1944 1700 1537 1940 1700 1928 1940 1537 1183 1928 1537 1183 1179 1925 1928 1183 1925 1179 924 1367 1925 1179 1367 924 915 1246 1367 924 1246 66 41 950 94 66 950 128 94 950 162 128 950 206 162 950 248 206 950 298 248 950 351 298 950 414 351 950 1173 414 950 1246 1173 950 1173 1172 506 507 1174 505 1172 921 543 506 1172 543 921 918 577 543 921 577 577 918 915 39 27 925 41 39 925 950 41 925 349 412 500 297 349 500 246 297 500 205 246 500 203 205 500 159 203 500 125 159 500 87 125 500 64 87 500 37 64 500 19 37 500 9 19 500 22 9 500 27 22 500 925 27 500 6 4 763 18 6 763 36 18 763 62 36 763 91 62 763 124 91 763 157 124 763 200 157 763 244 200 763 294 244 763 347 294 763 410 347 763 784 410 763 420 784 792 504 420 792 783 792 1187 784 763 1187 504 792 785 542 504 785 785 1187 1253 782 785 1253 542 785 782 576 542 782 782 1253 1699 771 782 1699 576 782 771 902 917 1934 1699 902 1934 917 902 421 899 917 421 717 421 4 716 717 4 3 716 4 919 1334 1958 917 919 1958 1934 917 1958 919 917 899 920 1326 1335 1213 1212 1326 715 716 3 33 715 3 15 33 3 0 15 3 713 715 33 688 713 33 681 688 33 419 681 33 408 419 33 345 408 33 292 345 33 243 292 33 198 243 33 160 198 33 121 160 33 85 121 33 59 85 33 33 59 33 1211 1729 1923 1212 1211 1923 1924 1212 1923 1210 1690 1729 1211 1210 1729 1210 1209 1690 679 681 419 663 679 419 655 663 419 641 655 419 625 641 419 608 625 419 584 608 419 561 584 419 538 561 419 522 538 419 497 522 419 192 356 510 270 192 510 356 418 533 510 356 533 418 560 592 533 418 592 560 573 600 592 560 600 599 591 603 1798 1939 2078 1958 1798 2078 1266 1276 1918 1245 1266 1918 1228 1245 1918 1206 1228 1918 1209 1206 1918 1798 1209 1918 1922 1798 1918 600 573 843 813 600 843 601 602 812 1491 1493 1917 1450 1491 1917 1414 1450 1917 1379 1414 1917 1348 1379 1917 1315 1348 1917 1291 1315 1917 1276 1291 1917 1918 1276 1917 886 843 192 791 886 192 103 791 192 53 103 192 791 1085 1139 886 791 1139 1139 1085 1151 1939 1953 2174 2078 1939 2174 1915 1917 1493 1868 1915 1493 1853 1868 1493 1835 1853 1493 1816 1835 1493 1792 1816 1493 1768 1792 1493 1742 1768 1493 1712 1742 1493 1680 1712 1493 1648 1680 1493 1615 1648 1493 1597 1615 1493 1536 1597 1493 1171 1151 1004 751 749 103 738 751 103 180 738 103 115 180 103 751 770 749 761 877 770 1171 1004 877 1175 1171 877 914 1175 877 894 914 877 798 894 877 894 905 914 744 643 180 355 744 180 742 735 643 734 738 735 1181 1175 905 961 1181 905 766 744 355 495 766 355 385 495 355 1184 1181 961 1180 1184 961 1084 1180 961 1184 1180 1185 1953 1983 2228 2174 1953 2228 1983 2062 2256 2228 1983 2256 916 554 495 797 916 495 727 797 495 912 723 554 826 758 723 781 766 758 778 780 767 1452 1602 1730 1452 1185 1084 1602 1452 1084 1188 1602 1084 2062 2091 2348 2256 2062 2348 935 916 797 991 935 797 995 991 797 1029 995 797 1048 1029 797 1070 1048 797 1091 1070 797 1103 1091 797 923 1103 797 885 923 797 191 588 838 268 191 838 596 268 838 811 596 838 84 588 191 50 84 191 1602 1769 1932 1730 1602 1932 1769 1602 1188 1601 1769 1188 953 935 991 973 953 991 2091 2214 2523 2348 2091 2523 1926 1936 1948 1769 1926 1948 1932 1769 1948 1926 1769 1601 1202 1216 1836 1205 1202 1836 1226 1205 1836 1242 1226 1836 1263 1242 1836 1287 1263 1836 1289 1287 1836 1313 1289 1836 1346 1313 1836 1377 1346 1836 1412 1377 1836 1448 1412 1836 1489 1448 1836 1533 1489 1836 1595 1533 1836 1613 1595 1836 1646 1613 1836 1676 1646 1836 1678 1679 1837 1711 1676 1836 1740 1711 1836 1766 1740 1836 1790 1766 1836 1813 1790 1836 1832 1813 1836 1108 1103 923 1123 1108 923 1137 1123 923 1149 1137 923 1161 1149 923 1168 1161 923 1169 1168 923 1165 1169 923 1158 1165 923 1147 1158 923 1134 1147 923 1122 1134 923 1106 1122 923 1088 1106 923 1068 1088 923 1052 1068 923 1027 1052 923 1176 838 588 1115 1176 588 893 1115 588 750 893 588 893 1061 1115 745 544 84 250 745 84 112 250 84 670 588 544 732 670 544 740 732 544 730 786 670 760 804 786 824 564 250 739 824 250 724 739 250 384 724 250 824 669 564 775 745 669 777 776 746 2214 2233 2562 2523 2214 2562 1936 1943 1957 1948 1936 1957 1851 1836 1216 1867 1851 1216 1912 1867 1216 1911 1912 1216 1409 1911 1216 1375 1409 1216 1344 1375 1216 1312 1344 1216 1286 1312 1216 1261 1286 1216 1241 1261 1216 1224 1241 1216 922 801 739 856 922 739 911 824 801 1186 1176 1061 1177 1186 1061 2244 2412 2668 2233 2244 2668 2562 2233 2668 2317 2409 2412 2318 2317 2412 2317 2316 2409 1943 1997 2061 1957 1943 2061 1972 1957 2061 1910 1718 1409 1906 1910 1409 1599 1906 1409 1532 1599 1409 1487 1532 1409 1447 1487 1409 1910 1911 1718 1906 1937 1945 1909 1906 1945 1933 1909 1945 928 922 856 1189 928 856 1182 1189 856 1024 1182 856 883 1024 856 928 1189 1277 1803 1178 1177 1793 1803 1177 1931 1186 1178 1803 1931 1178 2371 2450 2758 2668 2371 2758 2750 2668 2758 2316 2315 2450 2371 2316 2450 2043 2056 2070 2000 2043 2070 2061 2000 2070 2043 2000 1997 1949 1945 1937 1942 1949 1937 1600 1277 1182 1333 1600 1182 1930 1803 1793 1929 1930 1793 1938 1931 1803 1930 1938 1803 2395 2626 2876 2758 2395 2876 2769 2758 2876 2828 2769 2876 2385 2396 2626 2360 2385 2626 2342 2360 2626 2312 2342 2626 2315 2312 2626 2395 2315 2626 2055 2215 2236 2070 2055 2236 2141 2070 2236 2075 2211 2215 2193 2210 2211 2037 2067 2083 2037 1949 1942 2067 2037 1942 2059 2067 1942 1970 1938 1929 2054 1970 1929 1990 2054 1929 1962 2053 1961 1952 1600 1333 1947 1952 1333 2436 2445 2901 2407 2436 2901 2396 2407 2901 2876 2396 2901 2885 2877 2902 2210 2225 2250 2236 2210 2250 2067 2090 2157 2081 2067 2157 2090 2067 2059 2068 2090 2059 2060 2054 1990 2033 2060 1990 1960 1952 1947 1954 1960 1947 2082 2081 2149 2083 2082 2136 2827 2872 3034 2767 2827 3034 2748 2767 3034 2657 2748 3034 2620 2657 3034 2583 2620 3034 2543 2583 3034 2508 2543 3034 2475 2508 3034 2445 2475 3034 2901 2445 3034 2938 2901 3034 2980 2938 3034 3020 2980 3034 2225 2663 2760 2250 2225 2760 2310 2250 2760 2239 2624 2663 2572 2590 2624 2419 2572 2624 2270 2419 2624 2278 2217 2419 2255 2151 2217 2157 2146 2151 2220 2157 2151 2572 2276 2341 2521 2572 2341 2424 2483 2519 2217 2179 2222 2276 2217 2222 2341 2276 2222 2222 2179 2166 2216 2222 2166 2097 2066 2063 2063 2042 2033 2097 2063 2033 2132 2097 2033 2209 2132 2033 2048 2209 2033 2040 2050 2034 2041 2036 2035 2308 2209 2048 2424 2308 2048 2451 2424 2048 2483 2451 2065 2478 2483 2073 2459 2478 2199 2444 2459 2243 2418 2444 2251 2275 2418 2269 2084 1960 1955 2435 2444 2418 2435 2418 2275 2384 2435 2275 2384 2277 2164 2274 2384 2164 2207 2274 2164 2164 2253 1954 2071 1955 1954 2100 2071 1954 2219 2100 1954 2100 2084 2071 2139 2090 2179 2151 2139 2179 2217 2151 2179 2179 2090 2068 2166 2179 2068 2131 2166 2068 2165 2166 2131 2066 2060 2042 2151 2146 2139 2878 2883 3043 2872 2878 3043 3034 2872 3043 2590 2625 2815 2760 2590 2815 2557 2519 2452 2495 2557 2452 2488 2452 2444 2488 2444 2283 2495 2488 2283 2417 2495 2283 2340 2417 2283 2340 2283 2274 3138 3154 3161 3112 3138 3161 3087 3112 3161 3055 3087 3161 3019 3055 3161 2978 3019 3161 2936 2978 3161 2883 2936 3161 3043 2883 3161 3056 3043 3161 3088 3056 3161 3115 3088 3161 3140 3115 3161 3156 3140 3161 3164 3156 3161 2625 2875 2986 2815 2625 2986 2819 2815 2986 2587 2557 2548 2587 2548 2417 2747 2587 2417 2571 2747 2417 2518 2571 2417 2875 2903 2995 2986 2875 2995 2759 2747 2571 2609 2759 2571 3080 2995 2903 3135 3080 2903 2931 3135 2903 2816 2759 2609 3078 2816 2609 3133 3078 2609 2928 3133 2609 1924 1923 1958 
				</p></triangles></mesh></geometry>
<geometry id="Part-3039_dot_dat" name="Part-3039_dot_dat"><mesh><source id="Part-3039-base-pos" name="Part-3039-base-pos"><float_array id="Part-3039-base-pos-array" count="2568">	-20 -10 0 -20 -10 0 -20 -10 0 -20 10 0 -20 10 0 -20 30 20 -20 30 20 -20 -10 24 -20 -10 24 -20 -10 24 -20 30 24 -20 30 24 -20 30 24 -16 0 -4 -16 0 -4 -16 0 0 -16 -6 4 -16 -6 4 -16 -6 4 -16 10 4 -16 10 4 -16 26 20 -16 26 20 -16 -6 24 -16 -6 24 -16 -6 24 -16 26 24 -16 26 24 -16 26 24 -15.9484 -0.783 -4 -15.9484 -0.783 -4 -15.9484 0.783 -4 -15.9484 0.783 -4 -15.9484 -0.783 0 -15.9484 0.783 0 -15.7954 -1.5528 -4 -15.7954 -1.5528 -4 -15.7954 1.5528 -4 -15.7954 1.5528 -4 -15.7954 -1.5528 0 -15.7954 1.5528 0 -15.5434 -2.2962 -4 -15.5434 -2.2962 -4 -15.5434 2.2962 -4 -15.5434 2.2962 -4 -15.5434 -2.2962 0 -15.5434 2.2962 0 -15.196 -3 -4 -15.196 -3 -4 -15.196 3 -4 -15.196 3 -4 -15.196 -3 0 -15.196 3 0 -14.7604 -3.6528 -4 -14.7604 -3.6528 -4 -14.7604 3.6528 -4 -14.7604 3.6528 -4 -14.7604 -3.6528 0 -14.7604 3.6528 0 -14.2426 -4.2426 -4 -14.2426 -4.2426 -4 -14.2426 4.2426 -4 -14.2426 4.2426 -4 -14.2426 -4.2426 0 -14.2426 4.2426 0 -13.6528 -4.7604 -4 -13.6528 -4.7604 -4 -13.6528 4.7604 -4 -13.6528 4.7604 -4 -13.6528 -4.7604 0 -13.6528 4.7604 0 -13 -5.196 -4 -13 -5.196 -4 -13 5.196 -4 -13 5.196 -4 -13 -5.196 0 -13 5.196 0 -12.2962 -5.5434 -4 -12.2962 -5.5434 -4 -12.2962 5.5434 -4 -12.2962 5.5434 -4 -12.2962 -5.5434 0 -12.2962 5.5434 0 -11.5528 -5.7954 -4 -11.5528 -5.7954 -4 -11.5528 5.7954 -4 -11.5528 5.7954 -4 -11.5528 -5.7954 0 -11.5528 5.7954 0 -10.783 -5.9484 -4 -10.783 -5.9484 -4 -10.783 5.9484 -4 -10.783 5.9484 -4 -10.783 -5.9484 0 -10.783 5.9484 0 -10 -6 -4 -10 -6 -4 -10 0 -4 -10 6 -4 -10 6 -4 -10 -6 0 -10 6 0 -9.217 -5.9484 -4 -9.217 -5.9484 -4 -9.217 5.9484 -4 -9.217 5.9484 -4 -9.217 -5.9484 0 -9.217 5.9484 0 -8.4472 -5.7954 -4 -8.4472 -5.7954 -4 -8.4472 5.7954 -4 -8.4472 5.7954 -4 -8.4472 -5.7954 0 -8.4472 5.7954 0 -8 10 4 -8 10 12 -8 10 12 -8 10 20 -8 10 20 -8 10 24 -8 10 24 -7.9312 8.956 4 -7.9312 11.044 5.044 -7.9312 11.044 12 -7.9312 11.044 12 -7.9312 8.956 20 -7.9312 8.956 20 -7.9312 11.044 20 -7.9312 8.956 24 -7.9312 8.956 24 -7.9312 11.044 24 -7.9312 11.044 24 -7.7272 7.9296 4 -7.7272 12.0704 6.0704 -7.7272 12.0704 12 -7.7272 12.0704 12 -7.7272 7.9296 20 -7.7272 7.9296 20 -7.7272 12.0704 20 -7.7272 7.9296 24 -7.7272 7.9296 24 -7.7272 12.0704 24 -7.7272 12.0704 24 -7.7038 -5.5434 -4 -7.7038 -5.5434 -4 -7.7038 5.5434 -4 -7.7038 5.5434 -4 -7.7038 -5.5434 0 -7.7038 5.5434 0 -7.3912 6.9384 4 -7.3912 13.0616 7.0616 -7.3912 13.0616 12 -7.3912 13.0616 12 -7.3912 6.9384 20 -7.3912 6.9384 20 -7.3912 13.0616 20 -7.3912 6.9384 24 -7.3912 6.9384 24 -7.3912 13.0616 24 -7.3912 13.0616 24 -7 -5.196 -4 -7 -5.196 -4 -7 5.196 -4 -7 5.196 -4 -7 -5.196 0 -7 5.196 0 -6.928 6 4 -6.928 14 8 -6.928 14 12 -6.928 14 12 -6.928 6 20 -6.928 6 20 -6.928 14 20 -6.928 6 24 -6.928 6 24 -6.928 14 24 -6.928 14 24 -6.3472 -4.7604 -4 -6.3472 -4.7604 -4 -6.3472 4.7604 -4 -6.3472 4.7604 -4 -6.3472 -4.7604 0 -6.3472 4.7604 0 -6.3472 5.1296 4 -6.3472 14.8704 8.870399 -6.3472 14.8704 12 -6.3472 14.8704 12 -6.3472 5.1296 20 -6.3472 5.1296 20 -6.3472 14.8704 20 -6.3472 5.1296 24 -6.3472 5.1296 24 -6.3472 14.8704 24 -6.3472 14.8704 24 -6 10 4 -6 10 10 -6 10 10 -6 10 20 -6 10 20 -6 10 24 -6 10 24 -5.9484 9.217 4 -5.9484 10.783 4.783 -5.9484 10.783 10 -5.9484 10.783 10 -5.9484 9.217 20 -5.9484 9.217 20 -5.9484 10.783 20 -5.9484 9.217 24 -5.9484 9.217 24 -5.9484 10.783 24 -5.9484 10.783 24 -5.7954 8.4472 4 -5.7954 11.5528 5.5528 -5.7954 11.5528 10 -5.7954 11.5528 10 -5.7954 8.4472 20 -5.7954 8.4472 20 -5.7954 11.5528 20 -5.7954 8.4472 24 -5.7954 8.4472 24 -5.7954 11.5528 24 -5.7954 11.5528 24 -5.7574 -4.2426 -4 -5.7574 -4.2426 -4 -5.7574 4.2426 -4 -5.7574 4.2426 -4 -5.7574 -4.2426 0 -5.7574 4.2426 0 -5.6568 4.3432 4 -5.6568 15.6568 9.6568 -5.6568 15.6568 12 -5.6568 15.6568 12 -5.6568 4.3432 20 -5.6568 4.3432 20 -5.6568 15.6568 20 -5.6568 4.3432 24 -5.6568 4.3432 24 -5.6568 15.6568 24 -5.6568 15.6568 24 -5.5434 7.7038 4 -5.5434 12.2962 6.2962 -5.5434 12.2962 10 -5.5434 12.2962 10 -5.5434 7.7038 20 -5.5434 7.7038 20 -5.5434 12.2962 20 -5.5434 7.7038 24 -5.5434 7.7038 24 -5.5434 12.2962 24 -5.5434 12.2962 24 -5.2396 -3.6528 -4 -5.2396 -3.6528 -4 -5.2396 3.6528 -4 -5.2396 3.6528 -4 -5.2396 -3.6528 0 -5.2396 3.6528 0 -5.196 7 4 -5.196 13 7 -5.196 13 10 -5.196 13 10 -5.196 7 20 -5.196 7 20 -5.196 13 20 -5.196 7 24 -5.196 7 24 -5.196 13 24 -5.196 13 24 -4.8704 3.6528 4 -4.8704 16.3472 10.3472 -4.8704 16.3472 12 -4.8704 16.3472 12 -4.8704 3.6528 20 -4.8704 3.6528 20 -4.8704 16.3472 20 -4.8704 3.6528 24 -4.8704 3.6528 24 -4.8704 16.3472 24 -4.8704 16.3472 24 -4.804 -3 -4 -4.804 -3 -4 -4.804 3 -4 -4.804 3 -4 -4.804 -3 0 -4.804 3 0 -4.7604 6.3472 4 -4.7604 13.6528 7.6528 -4.7604 13.6528 10 -4.7604 13.6528 10 -4.7604 6.3472 20 -4.7604 6.3472 20 -4.7604 13.6528 20 -4.7604 6.3472 24 -4.7604 6.3472 24 -4.7604 13.6528 24 -4.7604 13.6528 24 -4.4566 -2.2962 -4 -4.4566 -2.2962 -4 -4.4566 2.2962 -4 -4.4566 2.2962 -4 -4.4566 -2.2962 0 -4.4566 2.2962 0 -4.2426 5.7574 4 -4.2426 14.2426 8.2426 -4.2426 14.2426 10 -4.2426 14.2426 10 -4.2426 5.7574 20 -4.2426 5.7574 20 -4.2426 14.2426 20 -4.2426 5.7574 24 -4.2426 5.7574 24 -4.2426 14.2426 24 -4.2426 14.2426 24 -4.2046 -1.5528 -4 -4.2046 -1.5528 -4 -4.2046 1.5528 -4 -4.2046 1.5528 -4 -4.2046 -1.5528 0 -4.2046 1.5528 0 -4.0516 -0.783 -4 -4.0516 -0.783 -4 -4.0516 0.783 -4 -4.0516 0.783 -4 -4.0516 -0.783 0 -4.0516 0.783 0 -4 0 -4 -4 0 -4 -4 0 0 -4 3.072 4 -4 16.928 10.928 -4 16.928 12 -4 16.928 12 -4 3.072 20 -4 3.072 20 -4 16.928 20 -4 3.072 24 -4 3.072 24 -4 16.928 24 -4 16.928 24 -3.6528 5.2396 4 -3.6528 14.7604 8.7604 -3.6528 14.7604 10 -3.6528 14.7604 10 -3.6528 5.2396 20 -3.6528 5.2396 20 -3.6528 14.7604 20 -3.6528 5.2396 24 -3.6528 5.2396 24 -3.6528 14.7604 24 -3.6528 14.7604 24 -3.0616 2.6088 4 -3.0616 17.3912 11.3912 -3.0616 17.3912 12 -3.0616 17.3912 12 -3.0616 2.6088 20 -3.0616 2.6088 20 -3.0616 17.3912 20 -3.0616 2.6088 24 -3.0616 2.6088 24 -3.0616 17.3912 24 -3.0616 17.3912 24 -3 4.804 4 -3 15.196 9.196 -3 15.196 10 -3 15.196 10 -3 4.804 20 -3 4.804 20 -3 15.196 20 -3 4.804 24 -3 4.804 24 -3 15.196 24 -3 15.196 24 -2.2962 4.4566 4 -2.2962 15.5434 9.5434 -2.2962 15.5434 10 -2.2962 15.5434 10 -2.2962 4.4566 20 -2.2962 4.4566 20 -2.2962 15.5434 20 -2.2962 4.4566 24 -2.2962 4.4566 24 -2.2962 15.5434 24 -2.2962 15.5434 24 -2.0704 2.2728 4 -2.0704 17.7272 11.7272 -2.0704 17.7272 12 -2.0704 17.7272 12 -2.0704 2.2728 20 -2.0704 2.2728 20 -2.0704 17.7272 20 -2.0704 2.2728 24 -2.0704 2.2728 24 -2.0704 17.7272 24 -2.0704 17.7272 24 -1.5528 4.2046 4 -1.5528 15.7954 9.7954 -1.5528 15.7954 10 -1.5528 15.7954 10 -1.5528 4.2046 20 -1.5528 4.2046 20 -1.5528 15.7954 20 -1.5528 4.2046 24 -1.5528 4.2046 24 -1.5528 15.7954 24 -1.5528 15.7954 24 -1.044 2.0688 4 -1.044 17.9312 11.9312 -1.044 17.9312 12 -1.044 17.9312 12 -1.044 2.0688 20 -1.044 2.0688 20 -1.044 17.9312 20 -1.044 2.0688 24 -1.044 2.0688 24 -1.044 17.9312 24 -1.044 17.9312 24 -0.783 4.0516 4 -0.783 15.9484 9.9484 -0.783 15.9484 10 -0.783 15.9484 10 -0.783 4.0516 20 -0.783 4.0516 20 -0.783 15.9484 20 -0.783 4.0516 24 -0.783 4.0516 24 -0.783 15.9484 24 -0.783 15.9484 24 0 2 4 0 4 4 0 16 10 0 16 10 0 18 12 0 18 12 0 2 20 0 2 20 0 4 20 0 4 20 0 16 20 0 18 20 0 2 24 0 2 24 0 4 24 0 4 24 0 16 24 0 16 24 0 18 24 0 18 24 0.783 4.0516 4 0.783 15.9484 9.9484 0.783 15.9484 10 0.783 4.0516 20 0.783 4.0516 20 0.783 15.9484 20 0.783 4.0516 24 0.783 4.0516 24 0.783 15.9484 24 0.783 15.9484 24 1.044 2.0688 4 1.044 17.9312 11.9312 1.044 17.9312 12 1.044 2.0688 20 1.044 2.0688 20 1.044 17.9312 20 1.044 2.0688 24 1.044 2.0688 24 1.044 17.9312 24 1.044 17.9312 24 1.5528 4.2046 4 1.5528 15.7954 9.7954 1.5528 15.7954 10 1.5528 4.2046 20 1.5528 4.2046 20 1.5528 15.7954 20 1.5528 4.2046 24 1.5528 4.2046 24 1.5528 15.7954 24 1.5528 15.7954 24 2.0704 2.2728 4 2.0704 17.7272 11.7272 2.0704 17.7272 12 2.0704 2.2728 20 2.0704 2.2728 20 2.0704 17.7272 20 2.0704 2.2728 24 2.0704 2.2728 24 2.0704 17.7272 24 2.0704 17.7272 24 2.2962 4.4566 4 2.2962 15.5434 9.5434 2.2962 15.5434 10 2.2962 4.4566 20 2.2962 4.4566 20 2.2962 15.5434 20 2.2962 4.4566 24 2.2962 4.4566 24 2.2962 15.5434 24 2.2962 15.5434 24 3 4.804 4 3 15.196 9.196 3 15.196 10 3 4.804 20 3 4.804 20 3 15.196 20 3 4.804 24 3 4.804 24 3 15.196 24 3 15.196 24 3.0616 2.6088 4 3.0616 17.3912 11.3912 3.0616 17.3912 12 3.0616 2.6088 20 3.0616 2.6088 20 3.0616 17.3912 20 3.0616 2.6088 24 3.0616 2.6088 24 3.0616 17.3912 24 3.0616 17.3912 24 3.6528 5.2396 4 3.6528 14.7604 8.7604 3.6528 14.7604 10 3.6528 5.2396 20 3.6528 5.2396 20 3.6528 14.7604 20 3.6528 5.2396 24 3.6528 5.2396 24 3.6528 14.7604 24 3.6528 14.7604 24 4 0 -4 4 0 -4 4 0 0 4 3.072 4 4 16.928 10.928 4 16.928 12 4 3.072 20 4 3.072 20 4 16.928 20 4 3.072 24 4 3.072 24 4 16.928 24 4 16.928 24 4.0516 -0.783 -4 4.0516 -0.783 -4 4.0516 0.783 -4 4.0516 0.783 -4 4.0516 -0.783 0 4.0516 0.783 0 4.2046 -1.5528 -4 4.2046 -1.5528 -4 4.2046 1.5528 -4 4.2046 1.5528 -4 4.2046 -1.5528 0 4.2046 1.5528 0 4.2426 5.7574 4 4.2426 14.2426 8.2426 4.2426 14.2426 10 4.2426 5.7574 20 4.2426 5.7574 20 4.2426 14.2426 20 4.2426 5.7574 24 4.2426 5.7574 24 4.2426 14.2426 24 4.2426 14.2426 24 4.4566 -2.2962 -4 4.4566 -2.2962 -4 4.4566 2.2962 -4 4.4566 2.2962 -4 4.4566 -2.2962 0 4.4566 2.2962 0 4.7604 6.3472 4 4.7604 13.6528 7.6528 4.7604 13.6528 10 4.7604 6.3472 20 4.7604 6.3472 20 4.7604 13.6528 20 4.7604 6.3472 24 4.7604 6.3472 24 4.7604 13.6528 24 4.7604 13.6528 24 4.804 -3 -4 4.804 -3 -4 4.804 3 -4 4.804 3 -4 4.804 -3 0 4.804 3 0 4.8704 3.6528 4 4.8704 16.3472 10.3472 4.8704 16.3472 12 4.8704 3.6528 20 4.8704 3.6528 20 4.8704 16.3472 20 4.8704 3.6528 24 4.8704 3.6528 24 4.8704 16.3472 24 4.8704 16.3472 24 5.196 7 4 5.196 13 7 5.196 13 10 5.196 7 20 5.196 7 20 5.196 13 20 5.196 7 24 5.196 7 24 5.196 13 24 5.196 13 24 5.2396 -3.6528 -4 5.2396 -3.6528 -4 5.2396 3.6528 -4 5.2396 3.6528 -4 5.2396 -3.6528 0 5.2396 3.6528 0 5.5434 7.7038 4 5.5434 12.2962 6.2962 5.5434 12.2962 10 5.5434 7.7038 20 5.5434 7.7038 20 5.5434 12.2962 20 5.5434 7.7038 24 5.5434 7.7038 24 5.5434 12.2962 24 5.5434 12.2962 24 5.6568 4.3432 4 5.6568 15.6568 9.6568 5.6568 15.6568 12 5.6568 4.3432 20 5.6568 4.3432 20 5.6568 15.6568 20 5.6568 4.3432 24 5.6568 4.3432 24 5.6568 15.6568 24 5.6568 15.6568 24 5.7574 -4.2426 -4 5.7574 -4.2426 -4 5.7574 4.2426 -4 5.7574 4.2426 -4 5.7574 -4.2426 0 5.7574 4.2426 0 5.7954 8.4472 4 5.7954 11.5528 5.5528 5.7954 11.5528 10 5.7954 8.4472 20 5.7954 8.4472 20 5.7954 11.5528 20 5.7954 8.4472 24 5.7954 8.4472 24 5.7954 11.5528 24 5.7954 11.5528 24 5.9484 9.217 4 5.9484 10.783 4.783 5.9484 10.783 10 5.9484 9.217 20 5.9484 9.217 20 5.9484 10.783 20 5.9484 9.217 24 5.9484 9.217 24 5.9484 10.783 24 5.9484 10.783 24 6 10 4 6 10 4 6 10 10 6 10 20 6 10 20 6 10 24 6 10 24 6.3472 -4.7604 -4 6.3472 -4.7604 -4 6.3472 4.7604 -4 6.3472 4.7604 -4 6.3472 -4.7604 0 6.3472 4.7604 0 6.3472 5.1296 4 6.3472 14.8704 8.870399 6.3472 14.8704 12 6.3472 5.1296 20 6.3472 5.1296 20 6.3472 14.8704 20 6.3472 5.1296 24 6.3472 5.1296 24 6.3472 14.8704 24 6.3472 14.8704 24 6.928 6 4 6.928 14 8 6.928 14 12 6.928 6 20 6.928 6 20 6.928 14 20 6.928 6 24 6.928 6 24 6.928 14 24 6.928 14 24 7 -5.196 -4 7 -5.196 -4 7 5.196 -4 7 5.196 -4 7 -5.196 0 7 5.196 0 7.3912 6.9384 4 7.3912 13.0616 7.0616 7.3912 13.0616 12 7.3912 6.9384 20 7.3912 6.9384 20 7.3912 13.0616 20 7.3912 6.9384 24 7.3912 6.9384 24 7.3912 13.0616 24 7.3912 13.0616 24 7.7038 -5.5434 -4 7.7038 -5.5434 -4 7.7038 5.5434 -4 7.7038 5.5434 -4 7.7038 -5.5434 0 7.7038 5.5434 0 7.7272 7.9296 4 7.7272 12.0704 6.0704 7.7272 12.0704 12 7.7272 7.9296 20 7.7272 7.9296 20 7.7272 12.0704 20 7.7272 7.9296 24 7.7272 7.9296 24 7.7272 12.0704 24 7.7272 12.0704 24 7.9312 8.956 4 7.9312 11.044 5.044 7.9312 11.044 12 7.9312 8.956 20 7.9312 8.956 20 7.9312 11.044 20 7.9312 8.956 24 7.9312 8.956 24 7.9312 11.044 24 7.9312 11.044 24 8 10 4 8 10 4 8 10 12 8 10 20 8 10 20 8 10 24 8 10 24 8.4472 -5.7954 -4 8.4472 -5.7954 -4 8.4472 5.7954 -4 8.4472 5.7954 -4 8.4472 -5.7954 0 8.4472 5.7954 0 9.217 -5.9484 -4 9.217 -5.9484 -4 9.217 5.9484 -4 9.217 5.9484 -4 9.217 -5.9484 0 9.217 5.9484 0 10 -6 -4 10 -6 -4 10 0 -4 10 6 -4 10 6 -4 10 -6 0 10 6 0 10.783 -5.9484 -4 10.783 -5.9484 -4 10.783 5.9484 -4 10.783 5.9484 -4 10.783 -5.9484 0 10.783 5.9484 0 11.5528 -5.7954 -4 11.5528 -5.7954 -4 11.5528 5.7954 -4 11.5528 5.7954 -4 11.5528 -5.7954 0 11.5528 5.7954 0 12.2962 -5.5434 -4 12.2962 -5.5434 -4 12.2962 5.5434 -4 12.2962 5.5434 -4 12.2962 -5.5434 0 12.2962 5.5434 0 13 -5.196 -4 13 -5.196 -4 13 5.196 -4 13 5.196 -4 13 -5.196 0 13 5.196 0 13.6528 -4.7604 -4 13.6528 -4.7604 -4 13.6528 4.7604 -4 13.6528 4.7604 -4 13.6528 -4.7604 0 13.6528 4.7604 0 14.2426 -4.2426 -4 14.2426 -4.2426 -4 14.2426 4.2426 -4 14.2426 4.2426 -4 14.2426 -4.2426 0 14.2426 4.2426 0 14.7604 -3.6528 -4 14.7604 -3.6528 -4 14.7604 3.6528 -4 14.7604 3.6528 -4 14.7604 -3.6528 0 14.7604 3.6528 0 15.196 -3 -4 15.196 -3 -4 15.196 3 -4 15.196 3 -4 15.196 -3 0 15.196 3 0 15.5434 -2.2962 -4 15.5434 -2.2962 -4 15.5434 2.2962 -4 15.5434 2.2962 -4 15.5434 -2.2962 0 15.5434 2.2962 0 15.7954 -1.5528 -4 15.7954 -1.5528 -4 15.7954 1.5528 -4 15.7954 1.5528 -4 15.7954 -1.5528 0 15.7954 1.5528 0 15.9484 -0.783 -4 15.9484 -0.783 -4 15.9484 0.783 -4 15.9484 0.783 -4 15.9484 -0.783 0 15.9484 0.783 0 16 0 -4 16 0 -4 16 0 0 16 -6 4 16 -6 4 16 -6 4 16 10 4 16 10 4 16 26 20 16 26 20 16 -6 24 16 -6 24 16 -6 24 16 26 24 16 26 24 16 26 24 20 -10 0 20 -10 0 20 -10 0 20 10 0 20 10 0 20 30 20 20 30 20 20 -10 24 20 -10 24 20 -10 24 20 30 24 20 30 24 20 30 24 	-20 10 0 -20 30 20 20 10 0 20 30 20 </float_array><technique_common><accessor count="856" source="#Part-3039-base-pos-array" stride="3"><param name="X" type="float" /><param name="Y" type="float" /><param name="Z" type="float" /></accessor></technique_common></source><source id="Part-3039-base-norm" name="Part-3039-base-norm"><float_array id="Part-3039-base-norm-array" count="2568">	-1 0 0 0 0 -1 0 -1 0 -1 0 0 0 0 -1 0 1 0 -1 0 0 0 0 1 -1 0 0 0 -1 0 0 0 1 0 1 0 -1 0 0 0 0 -1 -0.9997588 -0.02196128 0 -0.9997588 0.02196128 0 0 1 0 0 0 1 1 0 0 1 0 0 0 -0.4472136 0.8944272 1 0 0 0 -0.7808688 0.6246951 0 1 0 1 0 0 0 0 1 0 -1 0 1 0 0 0 0 1 -0.988354 -0.152172 0 0 0 -1 0 0 -1 -0.9940385 0.1090297 0 -0.9940385 -0.1090297 0 -0.988354 0.152172 0 0 0 -1 -0.9601341 -0.2795398 0 0 0 -1 -0.9714056 0.2374266 0 -0.9714056 -0.2374266 0 -0.9601341 0.2795398 0 -0.9152585 -0.402867 0 0 0 -1 -0.9320763 0.3622619 0 0 0 -1 -0.9320763 -0.3622619 0 -0.9152585 0.402867 0 0 0 -1 -0.8550503 -0.5185451 0 0 0 -1 -0.8767222 0.4809971 0 -0.8767222 -0.4809971 0 -0.8550503 0.5185451 0 -0.7797713 -0.6260644 0 0 0 -1 0 0 -1 -0.8065996 0.5910982 0 -0.8065996 -0.5910982 0 -0.7797713 0.6260644 0 0 0 -1 -0.6916224 -0.7222592 0 -0.722259 0.6916227 0 0 0 -1 -0.722259 -0.6916227 0 -0.6916224 0.7222592 0 0 0 -1 -0.5910982 -0.8065996 0 -0.6260643 0.7797715 0 0 0 -1 -0.6260643 -0.7797715 0 -0.5910982 0.8065996 0 0 0 -1 -0.4809971 -0.8767222 0 0 0 -1 -0.5185452 0.8550503 0 -0.5185452 -0.8550503 0 -0.4809971 0.8767222 0 -0.3622617 -0.9320764 0 0 0 -1 -0.4028669 0.9152586 0 0 0 -1 -0.4028669 -0.9152586 0 -0.3622617 0.9320764 0 0 0 -1 -0.2374264 -0.9714056 0 -0.2795395 0.9601343 0 0 0 -1 -0.2795395 -0.9601343 0 -0.2374264 0.9714056 0 -0.1090301 -0.9940384 0 0 0 -1 -0.1521722 0.988354 0 0 0 -1 -0.1521722 -0.988354 0 -0.1090301 0.9940384 0 0.02196149 -0.9997588 0 0 0 -1 0 0 -1 0 0 -1 -0.02196149 0.9997588 0 -0.02196149 -0.9997588 0 0.02196149 0.9997588 0 0 0 -1 0.1521722 -0.988354 0 0 0 -1 0.1090301 0.9940384 0 0.1090301 -0.9940384 0 0.1521722 0.988354 0 0.2795395 -0.9601343 0 0 0 -1 0 0 -1 0.2374264 0.9714056 0 0.2374264 -0.9714056 0 0.2795395 0.9601343 0 -0.9999976 -0.002222504 0 -0.9978356 0.06575774 0 -0.9978356 0.06575774 0 -0.9978356 -0.06575774 0 -0.9996014 0.02823176 0 0 0 1 -0.9997588 0.0219615 0 -0.9940384 -0.1090301 0 -0.988694 0.1499476 0 -0.9940384 0.1090301 0 -0.9942623 0.1069694 0 -0.988354 -0.1521722 0 -0.988354 -0.1521722 0 -0.9904571 0.1378212 0 0 0 1 -0.9940384 -0.1090301 0 0 0 0.9999999 -0.988354 0.1521722 0 -0.9714055 -0.2374263 0 -0.96085 0.2770689 0 -0.9719673 0.235116 0 -0.9714055 0.2374263 0 -0.9601343 -0.2795393 0 -0.9601343 -0.2795393 0 -0.9640949 0.265558 0 0 0 0.9999999 -0.9714055 -0.2374263 0 0 0 1 -0.9601343 0.2795393 0 0 0 -1 0.4028669 -0.9152586 0 0.3622617 0.9320764 0 0 0 -1 0.3622617 -0.9320764 0 0.4028669 0.9152586 0 -0.9320766 -0.3622616 0 -0.9164516 0.4001454 0 -0.9320766 0.3622616 0 -0.933071 0.3596922 0 -0.9152585 -0.402867 0 -0.9152585 -0.402867 0 -0.9210624 0.3894151 0 -0.9320766 -0.3622616 0 0 0 1 0 0 1 -0.9152585 0.402867 0 0 0 -1 0.518545 -0.8550503 0 0.4809971 0.8767223 0 0 0 -1 0.4809971 -0.8767223 0 0.518545 0.8550503 0 -0.8767221 -0.4809972 0 -0.8568032 0.5156435 0 -0.8767222 0.4809973 0 -0.8782296 0.4782391 0 -0.8550503 -0.518545 0 -0.8550503 -0.518545 0 -0.8624544 0.5061346 0 -0.8767221 -0.4809972 0 0 0 1 -0.8550503 0.5185452 0 0 0 1 0 0 -1 0.6260642 -0.7797716 0 0.5910981 0.8065997 0 0 0 -1 0.5910981 -0.8065997 0 0.6260642 0.7797716 0 -0.8065997 -0.5910981 0 -0.7822871 0.6229182 0 -0.8065996 0.5910982 0 -0.8088035 0.588079 0 -0.7797715 -0.6260642 0 -0.7797715 -0.6260642 0 -0.7888843 0.6145418 0 -0.8065997 -0.5910981 0 0 0 1 0 0 1 -0.7797714 0.6260643 0 0.999933 0.01158027 0 0.9978356 -0.06575772 0 0.9978356 -0.06575772 0 0.9978357 0.06575773 0 0.9994576 -0.0329323 0 0 0 1 0.9997588 -0.02196149 0 0.9940384 0.1090301 0 0.988694 -0.1499476 0 0.9940384 -0.1090301 0 0.9942623 -0.1069694 0 0.988354 0.1521722 0 0.988354 0.1521722 0 0.9901694 -0.1398735 0 0 0 1 0.9940384 0.1090301 0 0 0 1 0.988354 -0.1521722 0 0.9714056 0.2374264 0 0.9608499 -0.2770692 0 0.9719673 -0.2351161 0 0.9714056 -0.2374264 0 0.9601343 0.2795395 0 0.9601343 0.2795395 0 0.9635413 -0.2675594 0 0 0 1 0.9714056 0.2374264 0 0 0 0.9999999 0.9601343 -0.2795395 0 0 0 -1 0.7222592 -0.6916225 0 0 0 -1 0.6916225 0.7222592 0 0.6916225 -0.7222592 0 0.7222592 0.6916225 0 -0.7222592 -0.6916226 0 -0.6950228 0.7189877 0 -0.7252664 0.6884684 0 -0.7222592 0.6916224 0 -0.6916226 -0.7222592 0 -0.6916226 -0.7222592 0 -0.7019814 0.7121952 0 -0.7222592 -0.6916226 0 0 0 1 -0.6916229 0.7222588 0 0 0 1 0.9320764 0.3622617 0 0.9164518 -0.4001453 0 0.933071 -0.3596923 0 0.9320765 -0.3622617 0 0.9152586 0.4028669 0 0.9152586 0.4028669 0 0.9202452 -0.3913422 0 0 0 1 0.9320764 0.3622617 0 0 0 1 0.9152586 -0.4028669 0 0.8065997 -0.5910981 0 0 0 -1 0 0 -1 0.7797716 0.6260642 0 0.7797716 -0.6260642 0 0.8065997 0.5910981 0 0.8767223 0.4809971 0 0.8568032 -0.5156435 0 0.8767222 -0.4809971 0 0.8782298 -0.4782389 0 0.8550503 0.518545 0 0.8550503 0.518545 0 0.8614077 -0.5079144 0 0 0 1 0.8767223 0.4809971 0 0.8550503 -0.5185452 0 0 0 1 -0.6260642 -0.7797715 0 -0.5958037 0.80313 0 -0.6260644 0.7797713 0 -0.630254 0.7763889 0 -0.5910981 -0.8065997 0 -0.5910981 -0.8065997 0 -0.6028837 0.797829 0 -0.6260642 -0.7797715 0 0 0 1 0 0 0.9999999 -0.5910978 0.8065999 0 0 0 -1 0.8767222 -0.4809971 0 0 0 -1 0.8550503 0.5185451 0 0.8550503 -0.5185451 0 0.8767222 0.4809971 0 0.8065997 0.5910981 0 0.7822871 -0.6229181 0 0.8065995 -0.5910982 0 0.8088034 -0.5880791 0 0.7797716 0.6260642 0 0.7797716 0.6260642 0 0.7875926 -0.6161963 0 0 0 1 0.8065997 0.5910981 0 0.7797715 -0.6260643 0 0 0 1 0 0 -1 0.9320765 -0.3622616 0 0.9152586 0.4028669 0 0 0 -1 0.9152586 -0.4028669 0 0.9320765 0.3622616 0 0.7222592 0.6916225 0 0.6950226 -0.7189879 0 0.7252663 -0.6884683 0 0.7222593 -0.6916224 0 0.6916225 0.7222592 0 0.6916225 0.7222592 0 0.7005102 -0.7136423 0 0.7222592 0.6916225 0 0 0 0.9999999 0 0 0.9999999 0.6916227 -0.722259 0 0.9714056 -0.2374264 0 0 0 -1 0 0 -1 0.9601342 0.2795394 0 0.9601342 -0.2795394 0 0.9714056 0.2374264 0 0.9940385 -0.1090301 0 0 0 -1 0 0 -1 0.988354 0.1521722 0 0.988354 -0.1521722 0 0.9940385 0.1090301 0 0 0 -1 0.9997588 0.02196149 0 0.9997588 -0.02196149 0 -0.518545 -0.8550502 0 -0.4873795 0.8731902 0 -0.5242019 0.851594 0 -0.518545 0.8550504 0 -0.4809973 -0.8767222 0 -0.4809973 -0.8767222 0 -0.4936163 0.8696797 0 0 0 1 -0.518545 -0.8550502 0 0 0 1 -0.4809977 0.8767218 0 0.6260642 0.7797716 0 0.595804 -0.8031299 0 0.6302539 -0.776389 0 0.6260645 -0.7797714 0 0.5910981 0.8065997 0 0.5910981 0.8065997 0 0.6012079 -0.7990927 0 0.6260642 0.7797716 0 0 0 1 0 0 1 0.5910982 -0.8065996 0 -0.402867 -0.9152585 0 -0.3714778 0.9284418 0 -0.4028673 0.9152583 0 -0.410986 0.9116417 0 -0.3622615 -0.9320765 0 -0.3622615 -0.9320765 0 -0.3758769 0.9266697 0 0 0 1 -0.402867 -0.9152585 0 0 0 1 -0.3622611 0.9320766 0 0.5185451 0.8550503 0 0.4873791 -0.8731905 0 0.5242022 -0.8515939 0 0.5185451 -0.8550503 0 0.4809971 0.8767222 0 0.4809971 0.8767222 0 0.4918192 -0.8706974 0 0.5185451 0.8550503 0 0 0 1 0.4809971 -0.8767222 0 0 0 1 0.4028669 0.9152586 0 0.3714778 -0.9284419 0 0.4109852 -0.911642 0 0.4028667 -0.9152587 0 0.3622616 0.9320765 0 0.3622616 0.9320765 0 0.3739362 -0.9274544 0 0.4028669 0.9152586 0 0 0 1 0 0 1 0.3622616 -0.9320765 7.608338E-08 -0.2795392 -0.9601343 0 -0.2514622 0.9678671 0 -0.291691 0.9565126 0 -0.2795385 0.9601344 0 -0.2374263 -0.9714056 0 -0.2374263 -0.9714056 0 -0.2515171 0.9678528 0 0 0 1 -0.2795392 -0.9601343 0 0 0 1 -0.2374261 0.9714056 0 0.2795394 0.9601342 0 0.2514629 -0.9678669 0 0.2795394 -0.9601342 0 0.2916919 -0.9565123 0 0.2374264 0.9714056 0 0.2374264 0.9714056 0 0.2495079 -0.9683728 4.393774E-08 0.2795394 0.9601342 0 0 0 1 0.2374269 -0.9714054 1.53754E-07 0 0 1 -0.1521723 -0.988354 0 -0.1306331 0.9914308 0 -0.1734933 0.984835 0 -0.1521726 0.9883539 0 -0.1090301 -0.9940384 0 -0.1090301 -0.9940384 0 -0.1234377 0.9923524 0 -0.1521723 -0.988354 0 0 0 0.9999999 0 0 0.9999999 -0.1090303 0.9940384 0 0.1521722 0.988354 0 0.1306331 -0.9914308 0 0.1734935 -0.9848351 0 0.1521728 -0.9883539 0 0.1090301 0.9940385 0 0.1090301 0.9940385 0 0.1213805 -0.992606 2.219889E-08 0 0 0.9999999 0.1521722 0.988354 0 0 0 1 0.1090297 -0.9940385 0 -0.02196149 -0.9997588 0 0.02196149 0.9997588 0 0.06575712 -0.9978356 0 0.02181052 -0.9997622 0 -0.0217105 0.9997643 0 -0.06575772 0.9978356 0 0.02196149 -0.9997588 0 0.02196149 -0.9997588 0 -0.02196149 0.9997588 0 -0.02196149 0.9997588 0 -0.009413833 -0.9999557 0 0.007322065 0.9999732 0 0 0 1 -0.02196149 -0.9997588 0 0 0 1 0.02196149 0.9997588 0 0 0 1 -0.02196128 -0.9997588 0 0.02196149 0.9997588 0 0 0 1 -0.1090301 0.9940385 0 -0.1306331 -0.9914308 0 -0.1096876 -0.9939661 0 -0.1521722 0.988354 0 -0.1521722 0.988354 0 -0.1398739 -0.9901693 0 0 0 1 -0.1090301 0.9940385 0 0 0 1 -0.1521724 -0.988354 7.767733E-08 0.1090301 -0.9940384 0 0.1306331 0.9914308 0 0.1101188 0.9939185 0 0.1521723 -0.988354 0 0.1521723 -0.988354 0 0.1378215 0.990457 0 0 0 1 0.1090301 -0.9940384 0 0 0 1 0.1521726 0.9883539 0 -0.2374264 0.9714056 0 -0.2514629 -0.9678669 0 -0.23896 -0.9710294 0 -0.2795394 0.9601342 0 -0.2795394 0.9601342 0 -0.2675594 -0.9635414 4.393699E-08 -0.2374264 0.9714056 0 0 0 1 0 0 0.9999999 -0.2795394 -0.9601342 1.537479E-07 0.2374263 -0.9714056 0 0.2514622 0.9678671 0 0.2399341 0.9707891 0 0.2795392 -0.9601343 0 0.2795392 -0.9601343 0 0.2655575 0.9640951 0 0 0 0.9999999 0.2374263 -0.9714056 0 0.2795385 0.9601344 0 0 0 1 -0.3622616 0.9320765 0 -0.3714778 -0.9284419 0 -0.3649257 -0.9310365 0 -0.4028669 0.9152586 0 -0.4028669 0.9152586 0 -0.3913421 -0.9202452 2.174293E-08 -0.3622616 0.9320765 0 0 0 0.9999999 -0.402867 -0.9152585 0 0 0 1 -0.4809971 0.8767222 0 -0.487379 -0.8731905 0 -0.484791 -0.8746301 0 -0.5185451 0.8550503 0 -0.5185451 0.8550503 0 -0.5079142 -0.8614077 0 -0.4809971 0.8767222 0 0 0 0.9999999 -0.5185451 -0.8550503 0 0 0 1 0.3622615 -0.9320765 0 0.3714778 0.9284418 0 0.366546 0.9304 0 0.402867 -0.9152585 0 0.402867 -0.9152585 0 0.3894152 0.9210623 0 0 0 1 0.3622615 -0.9320765 0 0 0 1 0.4028673 0.9152583 0 -0.5910981 0.8065997 0 -0.595804 -0.8031299 0 -0.5960232 -0.8029671 0 -0.6260642 0.7797716 0 -0.6260642 0.7797716 0 -0.6161964 -0.7875925 0 0 0 1 -0.5910981 0.8065997 0 -0.6260644 -0.7797713 0 0 0 1 -0.9997588 -0.02196149 0 0 0 -1 -0.9997588 0.02196149 0 0.4809973 -0.8767222 0 0.4873796 0.8731903 0 0.4869715 0.8734179 0 0.518545 -0.8550502 0 0.518545 -0.8550502 0 0.5061346 0.8624545 0 0.4809973 -0.8767222 0 0 0 1 0 0 1 0.518545 0.8550504 0 -0.988354 -0.1521722 0 0 0 -1 -0.9940385 0.1090301 0 0 0 -1 -0.9940385 -0.1090301 0 -0.988354 0.1521722 0 0 0 -1 -0.9601342 -0.2795394 0 0 0 -1 -0.9714056 0.2374264 0 -0.9714056 -0.2374264 0 -0.9601342 0.2795394 0 -0.6916225 0.7222592 0 -0.6950226 -0.7189879 0 -0.697231 -0.7168465 0 -0.7222592 0.6916225 0 -0.7222592 0.6916225 0 -0.7136427 -0.7005099 0 -0.6916225 0.7222592 0 0 0 0.9999999 -0.7222592 -0.6916224 0 0 0 1 0 0 -1 -0.9152586 -0.4028669 0 0 0 -1 -0.9320765 0.3622616 0 -0.9320765 -0.3622616 0 -0.9152586 0.4028669 0 -0.7797716 0.6260642 0 -0.7822871 -0.6229181 0 -0.7858439 -0.618425 0 -0.8065997 0.5910981 0 -0.8065997 0.5910981 0 -0.7990927 -0.6012079 0 -0.7797716 0.6260642 0 0 0 1 0 0 1 -0.8065996 -0.5910982 0 0 0 -1 -0.8550503 -0.5185451 0 -0.8767222 0.4809971 0 0 0 -1 -0.8767222 -0.4809971 0 -0.8550503 0.5185451 0 0.5910981 -0.8065997 0 0.5958037 0.80313 0 0.5986719 0.8009943 0 0.6260642 -0.7797715 0 0.6260642 -0.7797715 0 0.6145418 0.7888843 0 0 0 1 0.5910981 -0.8065997 0 0 0 1 0.6260644 0.7797713 0 -0.8550503 0.518545 0 -0.8568032 -0.5156435 0 -0.8608877 -0.5087949 0 -0.8767223 0.4809971 0 -0.8767223 0.4809971 0 -0.8706974 -0.4918192 0 0 0 0.9999999 -0.8550503 0.518545 0 -0.8767222 -0.4809971 0 0 0 1 -0.7797716 -0.6260642 0 0 0 -1 -0.8065997 0.5910981 0 0 0 -1 -0.8065997 -0.5910981 0 -0.7797716 0.6260642 0 -0.9152586 0.4028669 0 -0.9164518 -0.4001453 0 -0.9205079 -0.3907239 0 -0.9320764 0.3622617 0 -0.9320764 0.3622617 0 -0.9274542 -0.3739366 0 0 0 1 -0.9152586 0.4028669 0 0 0 1 -0.9320764 -0.3622617 0 0.6916226 -0.7222592 0 0.6950228 0.7189877 0 0.700036 0.7141076 0 0.7222592 -0.6916226 0 0.7222592 -0.6916226 0 0.7121957 0.701981 0 0 0 1 0.6916226 -0.7222592 0 0 0 1 0.7222592 0.6916224 0 0 0 -1 -0.6916225 -0.7222592 0 -0.7222592 0.6916225 0 0 0 -1 -0.7222592 -0.6916225 0 -0.6916225 0.7222592 0 -0.9601343 0.2795395 0 -0.9608499 -0.2770692 0 -0.9641413 -0.2653892 0 -0.9714056 0.2374264 0 -0.9714056 0.2374264 0 -0.9683729 -0.2495074 0 0 0 0.9999999 -0.9601343 0.2795395 0 -0.9714056 -0.2374264 0 0 0 1 -0.988354 0.1521722 0 -0.988694 -0.1499476 0 -0.9906805 -0.1362065 0 -0.9940384 0.1090301 0 -0.9940384 0.1090301 0 -0.992606 -0.1213804 0 0 0 1 -0.988354 0.1521722 0 0 0 1 -0.9940384 -0.1090301 0 -0.9978357 0.06575773 0 -0.9978356 -0.06575772 0 -0.9978355 -0.06575772 0 -0.9978357 0.06575773 0 -0.9991218 -0.04189976 0 -0.9997588 0.02196149 0 0 0 1 0 0 -1 -0.5910981 -0.8065997 0 -0.6260642 0.7797716 0 0 0 -1 -0.6260642 -0.7797716 0 -0.5910981 0.8065997 0 0.7797715 -0.6260642 0 0.7822871 0.6229182 0 0.7886547 0.6148362 0 0.8065997 -0.5910981 0 0.8065997 -0.5910981 0 0.797829 0.6028839 0 0 0 1 0.7797715 -0.6260642 0 0 0 1 0.8065996 0.5910982 0 0.8550503 -0.518545 0 0.8568032 0.5156435 0 0.8633823 0.5045503 0 0.8767221 -0.4809972 0 0.8767221 -0.4809972 0 0.8696799 0.493616 0 0 0 1 0.8550503 -0.518545 0 0.8767222 0.4809973 0 0 0 1 0 0 -1 -0.4809971 -0.8767223 0 -0.518545 0.8550503 0 0 0 -1 -0.518545 -0.8550503 0 -0.4809971 0.8767223 0 0.9152585 -0.402867 0 0.9164516 0.4001454 0 0.9225729 0.3858228 0 0.9320766 -0.3622616 0 0.9320766 -0.3622616 0 0.9266695 0.3758771 0 0.9152585 -0.402867 0 0 0 1 0.9320766 0.3622616 0 0 0 1 -0.3622617 -0.9320764 0 0 0 -1 -0.4028669 0.9152586 0 0 0 -1 -0.4028669 -0.9152586 0 -0.3622617 0.9320764 0 0.9601343 -0.2795393 0 0.96085 0.2770689 0 0.9655858 0.260085 0 0.9714055 -0.2374263 0 0.9714055 -0.2374263 0 0.9678528 0.2515174 0 0 0 1 0.9601343 -0.2795393 0 0.9714055 0.2374263 0 0 0 0.9999999 0.988354 -0.1521722 0 0.988694 0.1499476 0 0.9914308 0.1306328 0 0.9940384 -0.1090301 0 0.9940384 -0.1090301 0 0.9923524 0.1234375 0 0 0 0.9999999 0.988354 -0.1521722 0 0.9940384 0.1090301 0 0 0 1 0.9978356 -0.06575774 0 0.9978357 0.06575774 0 0.9978356 0.06575774 0 0.9992192 0.03950935 0 0.9978356 -0.06575774 0 0 0 1 0.9997588 -0.0219615 0 -0.2374264 -0.9714056 0 0 0 -1 0 0 -1 -0.2795395 0.9601343 0 -0.2795395 -0.9601343 0 -0.2374264 0.9714056 0 -0.1090301 -0.9940384 0 0 0 -1 -0.1521722 0.988354 0 0 0 -1 -0.1521722 -0.988354 0 -0.1090301 0.9940384 0 0.02196149 -0.9997588 0 0 0 -1 0 0 -1 -0.02196149 0.9997588 0 0 0 -1 -0.02196149 -0.9997588 0 0.02196149 0.9997588 0 0 0 -1 0.1521722 -0.988354 0 0 0 -1 0.1090301 0.9940384 0 0.1090301 -0.9940384 0 0.1521722 0.988354 0 0.2795395 -0.9601343 0 0 0 -1 0 0 -1 0.2374264 0.9714056 0 0.2374264 -0.9714056 0 0.2795395 0.9601343 0 0 0 -1 0.4028669 -0.9152586 0 0.3622617 0.9320764 0 0 0 -1 0.3622617 -0.9320764 0 0.4028669 0.9152586 0 0 0 -1 0.5185452 -0.8550503 0 0.4809971 0.8767222 0 0 0 -1 0.4809971 -0.8767222 0 0.5185452 0.8550503 0 0 0 -1 0.6260643 -0.7797715 0 0 0 -1 0.5910982 0.8065996 0 0.5910982 -0.8065996 0 0.6260643 0.7797715 0 0.722259 -0.6916227 0 0 0 -1 0.6916224 0.7222592 0 0 0 -1 0.6916224 -0.7222592 0 0.722259 0.6916227 0 0 0 -1 0.8065996 -0.5910982 0 0 0 -1 0.7797713 0.6260644 0 0.7797713 -0.6260644 0 0.8065996 0.5910982 0 0 0 -1 0.8767222 -0.4809971 0 0 0 -1 0.8550503 0.5185451 0 0.8550503 -0.5185451 0 0.8767222 0.4809971 0 0 0 -1 0.9320763 -0.3622619 0 0.9152585 0.402867 0 0 0 -1 0.9152585 -0.402867 0 0.9320763 0.3622619 0 0 0 -1 0.9714056 -0.2374266 0 0 0 -1 0.9601341 0.2795398 0 0.9601341 -0.2795398 0 0.9714056 0.2374266 0 0 0 -1 0.9940385 -0.1090297 0 0.988354 0.152172 0 0 0 -1 0.988354 -0.152172 0 0.9940385 0.1090297 0 0.9997588 0.02196128 0 0 0 -1 0.9997588 -0.02196128 0 0 1 0 0 0 1 -1 0 0 -1 0 0 0 -0.4472136 0.8944272 -1 0 0 0 -0.7808688 0.6246951 -1 0 0 0 1 0 0 0 1 0 0 1 0 -1 0 -1 0 0 1 0 0 0 -1 0 0 0 -1 1 0 0 0 0 -1 0 1 0 1 0 0 0 0 1 0 -1 0 1 0 0 1 0 0 0 1 0 0 0 1 	0 0.7071068 -0.7071068 0 0.7071068 -0.7071068 0 0.7071068 -0.7071068 0 0.7071068 -0.7071068 </float_array><technique_common><accessor count="856" source="#Part-3039-base-norm-array" stride="3"><param name="X" type="float" /><param name="Y" type="float" /><param name="Z" type="float" /></accessor></technique_common></source><vertices id="Part-3039-base-vert"><input semantic="POSITION" source="#Part-3039-base-pos" /></vertices><triangles material="Base" count="894"><input semantic="VERTEX" source="#Part-3039-base-vert" offset="0" /><input semantic="NORMAL" source="#Part-3039-base-norm" offset="0" /><p>661 660 650 650 653 661 653 650 639 639 643 653 643 639 613 613 617 643 617 613 597 597 601 617 601 597 572 572 574 601 574 572 555 555 558 574 558 555 521 521 524 558 524 521 501 501 503 524 503 501 490 490 493 503 493 490 470 470 473 493 473 470 451 451 454 473 454 451 436 436 442 454 442 436 421 421 424 442 424 421 399 399 401 424 401 399 376 376 379 401 379 376 365 365 368 379 368 365 344 344 346 368 346 344 306 306 309 346 309 306 289 289 293 309 293 289 261 261 265 293 265 261 244 244 248 265 248 244 217 217 220 248 220 217 205 205 209 220 209 205 198 198 200 209 200 198 207 207 211 200 211 207 218 218 222 211 222 218 246 246 250 222 250 246 263 263 266 250 266 263 291 291 294 266 294 291 308 308 312 294 312 308 345 345 349 312 349 345 367 367 370 349 370 367 378 378 382 370 382 378 400 400 403 382 403 400 422 422 426 403 426 422 437 437 444 426 444 437 452 452 456 444 456 452 472 472 476 456 476 472 492 492 495 476 495 492 502 502 505 495 505 502 522 522 525 505 525 522 557 557 560 525 560 557 573 573 577 560 577 573 599 599 602 577 602 599 615 615 619 602 619 615 641 641 644 619 644 641 651 651 655 644 655 651 660 660 661 655 725 734 737 737 728 725 715 725 728 728 718 715 699 715 718 718 701 699 683 699 701 701 686 683 673 683 686 686 676 673 623 673 676 676 627 623 588 623 627 627 591 588 533 588 591 591 536 533 510 533 536 536 514 510 481 510 514 514 484 481 460 481 484 484 464 460 433 460 464 464 440 433 409 433 440 440 412 409 387 409 412 412 391 387 355 387 391 391 358 355 333 355 358 358 336 333 273 333 336 336 275 273 233 273 275 275 236 233 188 233 236 236 190 188 171 188 190 190 173 171 153 171 173 173 156 153 137 153 156 156 140 137 126 137 140 140 129 126 118 126 129 129 120 118 127 118 120 120 131 127 138 127 131 131 142 138 155 138 142 142 159 155 172 155 159 159 175 172 189 172 175 175 193 189 235 189 193 193 238 235 274 235 238 238 278 274 334 274 278 278 338 334 356 334 338 338 360 356 389 356 360 360 393 389 411 389 393 393 415 411 438 411 415 415 445 438 462 438 445 445 466 462 482 462 466 466 485 482 512 482 485 485 516 512 535 512 516 516 539 535 589 535 539 539 593 589 625 589 593 593 629 625 674 625 629 629 678 674 684 674 678 678 687 684 700 684 687 687 703 700 716 700 703 703 719 716 726 716 719 719 729 726 734 726 729 729 737 734 662 652 727 727 736 662 652 642 717 717 727 652 642 616 702 702 717 642 616 600 685 685 702 616 600 575 675 675 685 600 575 559 626 626 675 575 559 523 590 590 626 559 523 504 537 537 590 523 504 494 513 513 537 504 494 474 483 483 513 494 474 453 463 463 483 474 453 441 439 439 463 453 441 423 413 413 439 441 423 402 390 390 413 423 402 380 357 357 390 402 380 369 335 335 357 380 369 347 276 276 335 369 347 310 237 237 276 347 310 292 191 191 237 310 292 264 174 174 191 292 264 247 157 157 174 264 247 219 139 139 157 247 219 208 128 128 139 219 208 199 119 119 128 208 199 210 130 130 119 199 210 221 141 141 130 210 221 249 158 158 141 221 249 267 176 176 158 249 267 295 192 192 176 267 295 311 239 239 192 295 311 348 277 277 239 311 348 371 337 337 277 348 371 381 359 359 337 371 381 404 392 392 359 381 404 425 414 414 392 404 425 443 446 446 414 425 443 455 465 465 446 443 455 475 486 486 465 455 475 496 515 515 486 475 496 506 538 538 515 496 506 526 592 592 538 506 526 561 628 628 592 526 561 576 677 677 628 561 576 603 688 688 677 576 603 618 704 704 688 603 618 645 720 720 704 618 645 654 730 730 720 645 654 662 736 736 730 654 430 448 449 468 469 449 449 448 468 488 489 469 469 468 488 498 499 489 489 488 498 518 519 499 499 498 518 553 554 519 519 518 553 569 570 554 554 553 569 595 596 570 570 569 595 611 612 596 596 595 611 637 638 612 612 611 637 647 648 638 638 637 647 657 658 648 648 647 657 418 417 429 418 397 395 395 417 418 397 374 373 373 395 397 374 363 362 362 373 374 363 341 340 340 362 363 341 304 303 303 340 341 304 288 286 286 303 304 288 260 258 258 286 288 260 242 241 241 258 260 242 214 213 213 241 242 214 204 202 202 213 214 204 196 194 194 202 204 649 659 656 656 646 649 640 649 646 646 636 640 614 640 636 636 610 614 598 614 610 610 594 598 571 598 594 594 568 571 556 571 568 568 552 556 520 556 552 552 517 520 500 520 517 517 497 500 491 500 497 497 487 491 471 491 487 487 467 471 450 471 467 467 447 450 435 450 447 447 428 435 420 435 428 428 416 420 398 420 416 416 394 398 377 398 394 394 372 377 366 377 372 372 361 366 343 366 361 361 339 343 307 343 339 339 302 307 290 307 302 302 285 290 262 290 285 285 257 262 245 262 257 257 240 245 216 245 240 240 212 216 206 216 212 212 201 206 197 206 201 201 194 197 658 660 651 651 648 658 648 651 641 641 638 648 638 641 615 615 612 638 612 615 599 599 596 612 596 599 573 573 570 596 570 573 557 557 554 570 554 557 522 522 519 554 519 522 502 502 499 519 499 502 492 492 489 499 489 492 472 472 469 489 469 472 452 452 449 469 449 452 437 437 430 449 430 437 422 422 419 430 419 422 400 400 396 419 396 400 378 378 375 396 375 378 367 367 364 375 364 367 345 345 342 364 342 345 308 308 305 342 305 308 291 291 287 305 287 291 263 263 259 287 259 263 246 246 243 259 243 246 218 218 215 243 215 218 207 207 203 215 203 207 198 198 195 203 459 458 431 459 479 478 478 458 459 479 509 508 508 478 479 509 532 531 531 508 509 532 586 585 585 531 532 586 622 621 621 585 586 622 671 670 670 621 622 671 681 680 680 670 671 681 697 696 696 680 681 697 713 712 712 696 697 713 723 722 722 712 713 723 733 732 732 722 723 432 406 407 384 385 407 407 406 384 351 353 385 385 384 351 329 330 353 353 351 329 269 271 330 330 329 269 230 231 271 271 269 230 184 186 231 231 230 184 167 169 186 186 184 167 150 152 169 169 167 150 133 134 152 152 150 133 122 124 134 134 133 122 114 115 124 124 122 114 731 735 724 724 721 731 721 724 714 714 711 721 711 714 698 698 695 711 695 698 682 682 679 695 679 682 672 672 669 679 669 672 624 624 620 669 620 624 587 587 584 620 584 587 534 534 530 584 530 534 511 511 507 530 507 511 480 480 477 507 477 480 461 461 457 477 457 461 434 434 427 457 427 434 410 410 405 427 405 410 388 388 383 405 383 388 354 354 350 383 350 354 332 332 328 350 328 332 272 272 268 328 268 272 234 234 229 268 229 234 187 187 183 229 183 187 170 170 166 183 166 170 154 154 149 166 149 154 136 136 132 149 132 136 125 125 121 132 121 125 117 117 114 121 726 734 733 733 723 726 716 726 723 723 713 716 700 716 713 713 697 700 684 700 697 697 681 684 674 684 681 681 671 674 625 674 671 671 622 625 589 625 622 622 586 589 535 589 586 586 532 535 512 535 532 532 509 512 482 512 509 509 479 482 462 482 479 479 459 462 438 462 459 459 431 438 411 438 431 431 408 411 389 411 408 408 386 389 356 389 386 386 352 356 334 356 352 352 331 334 274 334 331 331 270 274 235 274 270 270 232 235 189 235 232 232 185 189 172 189 185 185 168 172 155 172 168 168 151 155 138 155 151 151 135 138 127 138 135 135 123 127 118 127 123 123 116 118 835 25 7 7 846 835 25 28 10 10 7 25 28 836 851 851 10 28 836 835 846 846 851 836 830 20 17 17 827 830 841 1 4 4 843 841 2 840 847 847 9 2 826 16 23 23 834 826 22 832 837 837 26 22 844 5 11 11 850 844 839 845 849 849 848 839 839 842 845 828 833 838 838 831 828 831 829 828 18 21 27 27 24 18 18 19 21 0 8 12 12 6 0 6 3 0 22 20 830 830 832 22 319 326 327 327 323 319 313 319 323 323 317 313 297 313 317 317 300 297 280 297 300 300 283 280 251 280 283 283 255 251 224 251 255 255 227 224 178 224 227 227 181 178 161 178 181 181 164 161 144 161 164 164 147 144 108 144 147 147 112 108 103 108 112 112 106 103 95 103 106 106 100 95 89 95 100 100 93 89 84 89 93 93 87 84 77 84 87 87 81 77 72 77 81 81 75 72 66 72 75 75 69 66 60 66 69 69 63 60 53 60 63 63 57 53 48 53 57 57 51 48 41 48 51 51 45 41 36 41 45 45 39 36 29 36 39 39 33 29 14 29 33 33 15 14 32 14 15 15 34 32 38 32 34 34 40 38 43 38 40 40 46 43 50 43 46 46 52 50 56 50 52 52 58 56 61 56 58 58 64 61 67 61 64 64 70 67 74 67 70 70 76 74 79 74 76 76 82 79 85 79 82 82 88 85 91 85 88 88 94 91 99 91 94 94 101 99 105 99 101 101 107 105 111 105 107 107 113 111 145 111 113 113 148 145 162 145 148 148 165 162 179 162 165 165 182 179 226 179 182 182 228 226 254 226 228 228 256 254 282 254 256 256 284 282 298 282 284 284 301 298 316 298 301 301 318 316 322 316 318 318 324 322 326 322 324 324 327 326 325 320 97 320 314 97 314 296 97 296 279 97 279 252 97 252 223 97 223 177 97 177 160 97 160 143 97 143 109 97 109 102 97 102 96 97 96 90 97 90 83 97 83 78 97 78 71 97 71 65 97 65 59 97 59 54 97 54 47 97 47 42 97 42 35 97 35 30 97 30 13 97 13 31 97 31 37 97 37 44 97 44 49 97 49 55 97 55 62 97 62 68 97 68 73 97 73 80 97 80 86 97 86 92 97 92 98 97 98 104 97 104 110 97 110 146 97 146 163 97 163 180 97 180 225 97 225 253 97 253 281 97 281 299 97 299 315 97 315 321 97 321 325 97 818 823 825 825 821 818 812 818 821 821 815 812 806 812 815 815 809 806 800 806 809 809 803 800 794 800 803 803 797 794 787 794 797 797 791 787 782 787 791 791 785 782 776 782 785 785 779 776 770 776 779 779 773 770 763 770 773 773 767 763 758 763 767 767 761 758 750 758 761 761 755 750 744 750 755 755 748 744 738 744 748 748 742 738 705 738 742 742 709 705 690 705 709 709 693 690 664 690 693 693 667 664 631 664 667 667 634 631 604 631 634 634 608 604 579 604 608 608 582 579 563 579 582 582 566 563 547 563 566 566 550 547 540 547 550 550 544 540 527 540 544 544 529 527 542 527 529 529 545 542 549 542 545 545 551 549 565 549 551 551 567 565 580 565 567 567 583 580 606 580 583 583 609 606 632 606 609 609 635 632 665 632 635 635 668 665 691 665 668 668 694 691 707 691 694 694 710 707 741 707 710 710 743 741 746 741 743 743 749 746 753 746 749 749 756 753 760 753 756 756 762 760 766 760 762 762 768 766 771 766 768 768 774 771 777 771 774 774 780 777 784 777 780 780 786 784 789 784 786 786 792 789 796 789 792 792 798 796 802 796 798 798 804 802 807 802 804 804 810 807 814 807 810 810 816 814 819 814 816 816 822 819 823 819 822 822 825 823 824 817 752 817 811 752 811 805 752 805 799 752 799 793 752 793 788 752 788 781 752 781 775 752 775 769 752 769 764 752 764 757 752 757 751 752 751 745 752 745 739 752 739 706 752 706 689 752 689 663 752 663 630 752 630 605 752 605 578 752 578 562 752 562 546 752 546 541 752 541 528 752 528 543 752 543 548 752 548 564 752 564 581 752 581 607 752 607 633 752 633 666 752 666 692 752 692 708 752 708 740 752 740 747 752 747 754 752 754 759 752 759 765 752 765 772 752 772 778 752 778 783 752 783 790 752 790 795 752 795 801 752 801 808 752 808 813 752 813 820 752 820 824 752</p></triangles><triangles material="Slope" count="2"><input semantic="VERTEX" source="#Part-3039-base-vert" offset="0" /><input semantic="NORMAL" source="#Part-3039-base-norm" offset="0" /><p>854 852 853 853 855 854 </p></triangles></mesh></geometry>
	<geometry id="Part-3003_dot_dat" name="Part-3003_dot_dat">
		<mesh>
			<source id="Part-3003_dot_dat-pos" name="Part-3003_dot_dat-pos">
				<float_array id="Part-3003_dot_dat-pos-array" count="2748">
					5.9484 -0.783 4 6 0 4 6 0 24 5.9484 -0.783 24 5.7954 -1.5528 4 5.7954 -1.5528 24 5.5434 -2.2962 4 5.5434 -2.2962 24 5.196 -3 4 5.196 -3 24 4.7604 -3.6528 4 4.7604 -3.6528 24 4.2426 -4.2426 4 4.2426 -4.2426 24 3.6528 -4.7604 4 3.6528 -4.7604 24 3 -5.196 4 3 -5.196 24 2.2962 -5.5434 4 2.2962 -5.5434 24 1.5528 -5.7954 4 1.5528 -5.7954 24 0.783 -5.9484 4 0.783 -5.9484 24 0 -6 4 0 -6 24 -0.783 -5.9484 4 -0.783 -5.9484 24 -1.5528 -5.7954 4 -1.5528 -5.7954 24 -2.2962 -5.5434 4 -2.2962 -5.5434 24 -3 -5.196 4 -3 -5.196 24 -3.6528 -4.7604 4 -3.6528 -4.7604 24 -4.2426 -4.2426 4 -4.2426 -4.2426 24 -4.7604 -3.6528 4 -4.7604 -3.6528 24 -5.196 -3 4 -5.196 -3 24 -5.5434 -2.2962 4 -5.5434 -2.2962 24 -5.7954 -1.5528 4 -5.7954 -1.5528 24 -5.9484 -0.783 4 -5.9484 -0.783 24 -6 0 4 -6 0 24 -5.9484 0.783 4 -5.9484 0.783 24 -5.7954 1.5528 4 -5.7954 1.5528 24 -5.5434 2.2962 4 -5.5434 2.2962 24 -5.196 3 4 -5.196 3 24 -4.7604 3.6528 4 -4.7604 3.6528 24 -4.2426 4.2426 4 -4.2426 4.2426 24 -3.6528 4.7604 4 -3.6528 4.7604 24 -3 5.196 4 -3 5.196 24 -2.2962 5.5434 4 -2.2962 5.5434 24 -1.5528 5.7954 4 -1.5528 5.7954 24 -0.783 5.9484 4 -0.783 5.9484 24 0 6 4 0 6 24 0.783 5.9484 4 0.783 5.9484 24 1.5528 5.7954 4 1.5528 5.7954 24 2.2962 5.5434 4 2.2962 5.5434 24 3 5.196 4 3 5.196 24 3.6528 4.7604 4 3.6528 4.7604 24 4.2426 4.2426 4 4.2426 4.2426 24 4.7604 3.6528 4 4.7604 3.6528 24 5.196 3 4 5.196 3 24 5.5434 2.2962 4 5.5434 2.2962 24 5.7954 1.5528 4 5.7954 1.5528 24 5.9484 0.783 4 5.9484 0.783 24 7.9312 -1.044 4 8 0 4 8 0 24 7.9312 -1.044 24 7.7272 -2.0704 4 7.7272 -2.0704 24 7.3912 -3.0616 4 7.3912 -3.0616 24 6.928 -4 4 6.928 -4 24 6.3472 -4.8704 4 6.3472 -4.8704 24 5.6568 -5.6568 4 5.6568 -5.6568 24 4.8704 -6.3472 4 4.8704 -6.3472 24 4 -6.928 4 4 -6.928 24 3.0616 -7.3912 4 3.0616 -7.3912 24 2.0704 -7.7272 4 2.0704 -7.7272 24 1.044 -7.9312 4 1.044 -7.9312 24 0 -8 4 0 -8 24 -1.044 -7.9312 4 -1.044 -7.9312 24 -2.0704 -7.7272 4 -2.0704 -7.7272 24 -3.0616 -7.3912 4 -3.0616 -7.3912 24 -4 -6.928 4 -4 -6.928 24 -4.8704 -6.3472 4 -4.8704 -6.3472 24 -5.6568 -5.6568 4 -5.6568 -5.6568 24 -6.3472 -4.8704 4 -6.3472 -4.8704 24 -6.928 -4 4 -6.928 -4 24 -7.3912 -3.0616 4 -7.3912 -3.0616 24 -7.7272 -2.0704 4 -7.7272 -2.0704 24 -7.9312 -1.044 4 -7.9312 -1.044 24 -8 0 4 -8 0 24 -7.9312 1.044 4 -7.9312 1.044 24 -7.7272 2.0704 4 -7.7272 2.0704 24 -7.3912 3.0616 4 -7.3912 3.0616 24 -6.928 4 4 -6.928 4 24 -6.3472 4.8704 4 -6.3472 4.8704 24 -5.6568 5.6568 4 -5.6568 5.6568 24 -4.8704 6.3472 4 -4.8704 6.3472 24 -4 6.928 4 -4 6.928 24 -3.0616 7.3912 4 -3.0616 7.3912 24 -2.0704 7.7272 4 -2.0704 7.7272 24 -1.044 7.9312 4 -1.044 7.9312 24 0 8 4 0 8 24 1.044 7.9312 4 1.044 7.9312 24 2.0704 7.7272 4 2.0704 7.7272 24 3.0616 7.3912 4 3.0616 7.3912 24 4 6.928 4 4 6.928 24 4.8704 6.3472 4 4.8704 6.3472 24 5.6568 5.6568 4 5.6568 5.6568 24 6.3472 4.8704 4 6.3472 4.8704 24 6.928 4 4 6.928 4 24 7.3912 3.0616 4 7.3912 3.0616 24 7.7272 2.0704 4 7.7272 2.0704 24 7.9312 1.044 4 7.9312 1.044 24 6 0 24 5.9484 -0.783 24 7.9312 -1.044 24 8 0 24 5.7954 -1.5528 24 7.7272 -2.0704 24 5.5434 -2.2962 24 7.3912 -3.0616 24 5.196 -3 24 6.928 -4 24 4.7604 -3.6528 24 6.3472 -4.8704 24 4.2426 -4.2426 24 5.6568 -5.6568 24 3.6528 -4.7604 24 4.8704 -6.3472 24 3 -5.196 24 4 -6.928 24 2.2962 -5.5434 24 3.0616 -7.3912 24 1.5528 -5.7954 24 2.0704 -7.7272 24 0.783 -5.9484 24 1.044 -7.9312 24 0 -6 24 0 -8 24 -0.783 -5.9484 24 -1.044 -7.9312 24 -1.5528 -5.7954 24 -2.0704 -7.7272 24 -2.2962 -5.5434 24 -3.0616 -7.3912 24 -3 -5.196 24 -4 -6.928 24 -3.6528 -4.7604 24 -4.8704 -6.3472 24 -4.2426 -4.2426 24 -5.6568 -5.6568 24 -4.7604 -3.6528 24 -6.3472 -4.8704 24 -5.196 -3 24 -6.928 -4 24 -5.5434 -2.2962 24 -7.3912 -3.0616 24 -5.7954 -1.5528 24 -7.7272 -2.0704 24 -5.9484 -0.783 24 -7.9312 -1.044 24 -6 0 24 -8 0 24 -5.9484 0.783 24 -7.9312 1.044 24 -5.7954 1.5528 24 -7.7272 2.0704 24 -5.5434 2.2962 24 -7.3912 3.0616 24 -5.196 3 24 -6.928 4 24 -4.7604 3.6528 24 -6.3472 4.8704 24 -4.2426 4.2426 24 -5.6568 5.6568 24 -3.6528 4.7604 24 -4.8704 6.3472 24 -3 5.196 24 -4 6.928 24 -2.2962 5.5434 24 -3.0616 7.3912 24 -1.5528 5.7954 24 -2.0704 7.7272 24 -0.783 5.9484 24 -1.044 7.9312 24 0 6 24 0 8 24 0.783 5.9484 24 1.044 7.9312 24 1.5528 5.7954 24 2.0704 7.7272 24 2.2962 5.5434 24 3.0616 7.3912 24 3 5.196 24 4 6.928 24 3.6528 4.7604 24 4.8704 6.3472 24 4.2426 4.2426 24 5.6568 5.6568 24 4.7604 3.6528 24 6.3472 4.8704 24 5.196 3 24 6.928 4 24 5.5434 2.2962 24 7.3912 3.0616 24 5.7954 1.5528 24 7.7272 2.0704 24 5.9484 0.783 24 7.9312 1.044 24 -16 16 4 16 16 4 16 -16 4 -16 -16 4 16 -16 4 16 -16 24 -16 -16 24 -16 -16 4 -16 -16 4 -16 -16 24 -16 16 24 -16 16 4 -16 16 4 -16 16 24 16 16 24 16 16 4 16 16 4 16 16 24 16 -16 24 16 -16 4 -20 -20 24 -16 -16 24 16 -16 24 20 -20 24 -20 20 24 -16 16 24 20 20 24 16 16 24 -20 20 0 20 20 0 20 -20 0 -20 -20 0 20 -20 0 20 -20 24 -20 -20 24 -20 -20 0 -20 -20 0 -20 -20 24 -20 20 24 -20 20 0 -20 20 0 -20 20 24 20 20 24 20 20 0 20 20 0 20 20 24 20 -20 24 20 -20 0 15.9484 -10.783 -4 16 -10 -4 16 -10 0 15.9484 -10.783 0 15.7954 -11.5528 -4 15.7954 -11.5528 0 15.5434 -12.2962 -4 15.5434 -12.2962 0 15.196 -13 -4 15.196 -13 0 14.7604 -13.6528 -4 14.7604 -13.6528 0 14.2426 -14.2426 -4 14.2426 -14.2426 0 13.6528 -14.7604 -4 13.6528 -14.7604 0 13 -15.196 -4 13 -15.196 0 12.2962 -15.5434 -4 12.2962 -15.5434 0 11.5528 -15.7954 -4 11.5528 -15.7954 0 10.783 -15.9484 -4 10.783 -15.9484 0 10 -16 -4 10 -16 0 9.217 -15.9484 -4 9.217 -15.9484 0 8.4472 -15.7954 -4 8.4472 -15.7954 0 7.7038 -15.5434 -4 7.7038 -15.5434 0 7 -15.196 -4 7 -15.196 0 6.3472 -14.7604 -4 6.3472 -14.7604 0 5.7574 -14.2426 -4 5.7574 -14.2426 0 5.2396 -13.6528 -4 5.2396 -13.6528 0 4.804 -13 -4 4.804 -13 0 4.4566 -12.2962 -4 4.4566 -12.2962 0 4.2046 -11.5528 -4 4.2046 -11.5528 0 4.0516 -10.783 -4 4.0516 -10.783 0 4 -10 -4 4 -10 0 4.0516 -9.217 -4 4.0516 -9.217 0 4.2046 -8.4472 -4 4.2046 -8.4472 0 4.4566 -7.7038 -4 4.4566 -7.7038 0 4.804 -7 -4 4.804 -7 0 5.2396 -6.3472 -4 5.2396 -6.3472 0 5.7574 -5.7574 -4 5.7574 -5.7574 0 6.3472 -5.2396 -4 6.3472 -5.2396 0 7 -4.804 -4 7 -4.804 0 7.7038 -4.4566 -4 7.7038 -4.4566 0 8.4472 -4.2046 -4 8.4472 -4.2046 0 9.217 -4.0516 -4 9.217 -4.0516 0 10 -4 -4 10 -4 0 10.783 -4.0516 -4 10.783 -4.0516 0 11.5528 -4.2046 -4 11.5528 -4.2046 0 12.2962 -4.4566 -4 12.2962 -4.4566 0 13 -4.804 -4 13 -4.804 0 13.6528 -5.2396 -4 13.6528 -5.2396 0 14.2426 -5.7574 -4 14.2426 -5.7574 0 14.7604 -6.3472 -4 14.7604 -6.3472 0 15.196 -7 -4 15.196 -7 0 15.5434 -7.7038 -4 15.5434 -7.7038 0 15.7954 -8.4472 -4 15.7954 -8.4472 0 15.9484 -9.217 -4 15.9484 -9.217 0 15.9484 -10.783 -4 16 -10 -4 10 -10 -4 15.7954 -11.5528 -4 15.5434 -12.2962 -4 15.196 -13 -4 14.7604 -13.6528 -4 14.2426 -14.2426 -4 13.6528 -14.7604 -4 13 -15.196 -4 12.2962 -15.5434 -4 11.5528 -15.7954 -4 10.783 -15.9484 -4 10 -16 -4 9.217 -15.9484 -4 8.4472 -15.7954 -4 7.7038 -15.5434 -4 7 -15.196 -4 6.3472 -14.7604 -4 5.7574 -14.2426 -4 5.2396 -13.6528 -4 4.804 -13 -4 4.4566 -12.2962 -4 4.2046 -11.5528 -4 4.0516 -10.783 -4 4 -10 -4 4.0516 -9.217 -4 4.2046 -8.4472 -4 4.4566 -7.7038 -4 4.804 -7 -4 5.2396 -6.3472 -4 5.7574 -5.7574 -4 6.3472 -5.2396 -4 7 -4.804 -4 7.7038 -4.4566 -4 8.4472 -4.2046 -4 9.217 -4.0516 -4 10 -4 -4 10.783 -4.0516 -4 11.5528 -4.2046 -4 12.2962 -4.4566 -4 13 -4.804 -4 13.6528 -5.2396 -4 14.2426 -5.7574 -4 14.7604 -6.3472 -4 15.196 -7 -4 15.5434 -7.7038 -4 15.7954 -8.4472 -4 15.9484 -9.217 -4 -4.0516 -10.783 -4 -4 -10 -4 -4 -10 0 -4.0516 -10.783 0 -4.2046 -11.5528 -4 -4.2046 -11.5528 0 -4.4566 -12.2962 -4 -4.4566 -12.2962 0 -4.804 -13 -4 -4.804 -13 0 -5.2396 -13.6528 -4 -5.2396 -13.6528 0 -5.7574 -14.2426 -4 -5.7574 -14.2426 0 -6.3472 -14.7604 -4 -6.3472 -14.7604 0 -7 -15.196 -4 -7 -15.196 0 -7.7038 -15.5434 -4 -7.7038 -15.5434 0 -8.4472 -15.7954 -4 -8.4472 -15.7954 0 -9.217 -15.9484 -4 -9.217 -15.9484 0 -10 -16 -4 -10 -16 0 -10.783 -15.9484 -4 -10.783 -15.9484 0 -11.5528 -15.7954 -4 -11.5528 -15.7954 0 -12.2962 -15.5434 -4 -12.2962 -15.5434 0 -13 -15.196 -4 -13 -15.196 0 -13.6528 -14.7604 -4 -13.6528 -14.7604 0 -14.2426 -14.2426 -4 -14.2426 -14.2426 0 -14.7604 -13.6528 -4 -14.7604 -13.6528 0 -15.196 -13 -4 -15.196 -13 0 -15.5434 -12.2962 -4 -15.5434 -12.2962 0 -15.7954 -11.5528 -4 -15.7954 -11.5528 0 -15.9484 -10.783 -4 -15.9484 -10.783 0 -16 -10 -4 -16 -10 0 -15.9484 -9.217 -4 -15.9484 -9.217 0 -15.7954 -8.4472 -4 -15.7954 -8.4472 0 -15.5434 -7.7038 -4 -15.5434 -7.7038 0 -15.196 -7 -4 -15.196 -7 0 -14.7604 -6.3472 -4 -14.7604 -6.3472 0 -14.2426 -5.7574 -4 -14.2426 -5.7574 0 -13.6528 -5.2396 -4 -13.6528 -5.2396 0 -13 -4.804 -4 -13 -4.804 0 -12.2962 -4.4566 -4 -12.2962 -4.4566 0 -11.5528 -4.2046 -4 -11.5528 -4.2046 0 -10.783 -4.0516 -4 -10.783 -4.0516 0 -10 -4 -4 -10 -4 0 -9.217 -4.0516 -4 -9.217 -4.0516 0 -8.4472 -4.2046 -4 -8.4472 -4.2046 0 -7.7038 -4.4566 -4 -7.7038 -4.4566 0 -7 -4.804 -4 -7 -4.804 0 -6.3472 -5.2396 -4 -6.3472 -5.2396 0 -5.7574 -5.7574 -4 -5.7574 -5.7574 0 -5.2396 -6.3472 -4 -5.2396 -6.3472 0 -4.804 -7 -4 -4.804 -7 0 -4.4566 -7.7038 -4 -4.4566 -7.7038 0 -4.2046 -8.4472 -4 -4.2046 -8.4472 0 -4.0516 -9.217 -4 -4.0516 -9.217 0 -4.0516 -10.783 -4 -4 -10 -4 -10 -10 -4 -4.2046 -11.5528 -4 -4.4566 -12.2962 -4 -4.804 -13 -4 -5.2396 -13.6528 -4 -5.7574 -14.2426 -4 -6.3472 -14.7604 -4 -7 -15.196 -4 -7.7038 -15.5434 -4 -8.4472 -15.7954 -4 -9.217 -15.9484 -4 -10 -16 -4 -10.783 -15.9484 -4 -11.5528 -15.7954 -4 -12.2962 -15.5434 -4 -13 -15.196 -4 -13.6528 -14.7604 -4 -14.2426 -14.2426 -4 -14.7604 -13.6528 -4 -15.196 -13 -4 -15.5434 -12.2962 -4 -15.7954 -11.5528 -4 -15.9484 -10.783 -4 -16 -10 -4 -15.9484 -9.217 -4 -15.7954 -8.4472 -4 -15.5434 -7.7038 -4 -15.196 -7 -4 -14.7604 -6.3472 -4 -14.2426 -5.7574 -4 -13.6528 -5.2396 -4 -13 -4.804 -4 -12.2962 -4.4566 -4 -11.5528 -4.2046 -4 -10.783 -4.0516 -4 -10 -4 -4 -9.217 -4.0516 -4 -8.4472 -4.2046 -4 -7.7038 -4.4566 -4 -7 -4.804 -4 -6.3472 -5.2396 -4 -5.7574 -5.7574 -4 -5.2396 -6.3472 -4 -4.804 -7 -4 -4.4566 -7.7038 -4 -4.2046 -8.4472 -4 -4.0516 -9.217 -4 15.9484 9.217 -4 16 10 -4 16 10 0 15.9484 9.217 0 15.7954 8.4472 -4 15.7954 8.4472 0 15.5434 7.7038 -4 15.5434 7.7038 0 15.196 7 -4 15.196 7 0 14.7604 6.3472 -4 14.7604 6.3472 0 14.2426 5.7574 -4 14.2426 5.7574 0 13.6528 5.2396 -4 13.6528 5.2396 0 13 4.804 -4 13 4.804 0 12.2962 4.4566 -4 12.2962 4.4566 0 11.5528 4.2046 -4 11.5528 4.2046 0 10.783 4.0516 -4 10.783 4.0516 0 10 4 -4 10 4 0 9.217 4.0516 -4 9.217 4.0516 0 8.4472 4.2046 -4 8.4472 4.2046 0 7.7038 4.4566 -4 7.7038 4.4566 0 7 4.804 -4 7 4.804 0 6.3472 5.2396 -4 6.3472 5.2396 0 5.7574 5.7574 -4 5.7574 5.7574 0 5.2396 6.3472 -4 5.2396 6.3472 0 4.804 7 -4 4.804 7 0 4.4566 7.7038 -4 4.4566 7.7038 0 4.2046 8.4472 -4 4.2046 8.4472 0 4.0516 9.217 -4 4.0516 9.217 0 4 10 -4 4 10 0 4.0516 10.783 -4 4.0516 10.783 0 4.2046 11.5528 -4 4.2046 11.5528 0 4.4566 12.2962 -4 4.4566 12.2962 0 4.804 13 -4 4.804 13 0 5.2396 13.6528 -4 5.2396 13.6528 0 5.7574 14.2426 -4 5.7574 14.2426 0 6.3472 14.7604 -4 6.3472 14.7604 0 7 15.196 -4 7 15.196 0 7.7038 15.5434 -4 7.7038 15.5434 0 8.4472 15.7954 -4 8.4472 15.7954 0 9.217 15.9484 -4 9.217 15.9484 0 10 16 -4 10 16 0 10.783 15.9484 -4 10.783 15.9484 0 11.5528 15.7954 -4 11.5528 15.7954 0 12.2962 15.5434 -4 12.2962 15.5434 0 13 15.196 -4 13 15.196 0 13.6528 14.7604 -4 13.6528 14.7604 0 14.2426 14.2426 -4 14.2426 14.2426 0 14.7604 13.6528 -4 14.7604 13.6528 0 15.196 13 -4 15.196 13 0 15.5434 12.2962 -4 15.5434 12.2962 0 15.7954 11.5528 -4 15.7954 11.5528 0 15.9484 10.783 -4 15.9484 10.783 0 15.9484 9.217 -4 16 10 -4 10 10 -4 15.7954 8.4472 -4 15.5434 7.7038 -4 15.196 7 -4 14.7604 6.3472 -4 14.2426 5.7574 -4 13.6528 5.2396 -4 13 4.804 -4 12.2962 4.4566 -4 11.5528 4.2046 -4 10.783 4.0516 -4 10 4 -4 9.217 4.0516 -4 8.4472 4.2046 -4 7.7038 4.4566 -4 7 4.804 -4 6.3472 5.2396 -4 5.7574 5.7574 -4 5.2396 6.3472 -4 4.804 7 -4 4.4566 7.7038 -4 4.2046 8.4472 -4 4.0516 9.217 -4 4 10 -4 4.0516 10.783 -4 4.2046 11.5528 -4 4.4566 12.2962 -4 4.804 13 -4 5.2396 13.6528 -4 5.7574 14.2426 -4 6.3472 14.7604 -4 7 15.196 -4 7.7038 15.5434 -4 8.4472 15.7954 -4 9.217 15.9484 -4 10 16 -4 10.783 15.9484 -4 11.5528 15.7954 -4 12.2962 15.5434 -4 13 15.196 -4 13.6528 14.7604 -4 14.2426 14.2426 -4 14.7604 13.6528 -4 15.196 13 -4 15.5434 12.2962 -4 15.7954 11.5528 -4 15.9484 10.783 -4 -4.0516 9.217 -4 -4 10 -4 -4 10 0 -4.0516 9.217 0 -4.2046 8.4472 -4 -4.2046 8.4472 0 -4.4566 7.7038 -4 -4.4566 7.7038 0 -4.804 7 -4 -4.804 7 0 -5.2396 6.3472 -4 -5.2396 6.3472 0 -5.7574 5.7574 -4 -5.7574 5.7574 0 -6.3472 5.2396 -4 -6.3472 5.2396 0 -7 4.804 -4 -7 4.804 0 -7.7038 4.4566 -4 -7.7038 4.4566 0 -8.4472 4.2046 -4 -8.4472 4.2046 0 -9.217 4.0516 -4 -9.217 4.0516 0 -10 4 -4 -10 4 0 -10.783 4.0516 -4 -10.783 4.0516 0 -11.5528 4.2046 -4 -11.5528 4.2046 0 -12.2962 4.4566 -4 -12.2962 4.4566 0 -13 4.804 -4 -13 4.804 0 -13.6528 5.2396 -4 -13.6528 5.2396 0 -14.2426 5.7574 -4 -14.2426 5.7574 0 -14.7604 6.3472 -4 -14.7604 6.3472 0 -15.196 7 -4 -15.196 7 0 -15.5434 7.7038 -4 -15.5434 7.7038 0 -15.7954 8.4472 -4 -15.7954 8.4472 0 -15.9484 9.217 -4 -15.9484 9.217 0 -16 10 -4 -16 10 0 -15.9484 10.783 -4 -15.9484 10.783 0 -15.7954 11.5528 -4 -15.7954 11.5528 0 -15.5434 12.2962 -4 -15.5434 12.2962 0 -15.196 13 -4 -15.196 13 0 -14.7604 13.6528 -4 -14.7604 13.6528 0 -14.2426 14.2426 -4 -14.2426 14.2426 0 -13.6528 14.7604 -4 -13.6528 14.7604 0 -13 15.196 -4 -13 15.196 0 -12.2962 15.5434 -4 -12.2962 15.5434 0 -11.5528 15.7954 -4 -11.5528 15.7954 0 -10.783 15.9484 -4 -10.783 15.9484 0 -10 16 -4 -10 16 0 -9.217 15.9484 -4 -9.217 15.9484 0 -8.4472 15.7954 -4 -8.4472 15.7954 0 -7.7038 15.5434 -4 -7.7038 15.5434 0 -7 15.196 -4 -7 15.196 0 -6.3472 14.7604 -4 -6.3472 14.7604 0 -5.7574 14.2426 -4 -5.7574 14.2426 0 -5.2396 13.6528 -4 -5.2396 13.6528 0 -4.804 13 -4 -4.804 13 0 -4.4566 12.2962 -4 -4.4566 12.2962 0 -4.2046 11.5528 -4 -4.2046 11.5528 0 -4.0516 10.783 -4 -4.0516 10.783 0 -4.0516 9.217 -4 -4 10 -4 -10 10 -4 -4.2046 8.4472 -4 -4.4566 7.7038 -4 -4.804 7 -4 -5.2396 6.3472 -4 -5.7574 5.7574 -4 -6.3472 5.2396 -4 -7 4.804 -4 -7.7038 4.4566 -4 -8.4472 4.2046 -4 -9.217 4.0516 -4 -10 4 -4 -10.783 4.0516 -4 -11.5528 4.2046 -4 -12.2962 4.4566 -4 -13 4.804 -4 -13.6528 5.2396 -4 -14.2426 5.7574 -4 -14.7604 6.3472 -4 -15.196 7 -4 -15.5434 7.7038 -4 -15.7954 8.4472 -4 -15.9484 9.217 -4 -16 10 -4 -15.9484 10.783 -4 -15.7954 11.5528 -4 -15.5434 12.2962 -4 -15.196 13 -4 -14.7604 13.6528 -4 -14.2426 14.2426 -4 -13.6528 14.7604 -4 -13 15.196 -4 -12.2962 15.5434 -4 -11.5528 15.7954 -4 -10.783 15.9484 -4 -10 16 -4 -9.217 15.9484 -4 -8.4472 15.7954 -4 -7.7038 15.5434 -4 -7 15.196 -4 -6.3472 14.7604 -4 -5.7574 14.2426 -4 -5.2396 13.6528 -4 -4.804 13 -4 -4.4566 12.2962 -4 -4.2046 11.5528 -4 -4.0516 10.783 -4 
				</float_array>
				<technique_common>
					<accessor count="916" source="#Part-3003_dot_dat-pos-array" stride="3">
						<param name="X" type="float" /><param name="Y" type="float" /><param name="Z" type="float" />
					</accessor>
				</technique_common>
			</source>
			<source id="Part-3003_dot_dat-norm" name="Part-3003_dot_dat-norm">
				<float_array id="Part-3003_dot_dat-norm-array" count="2748">
					-0.9940384 0.1090301 0 -0.9997588 -0.02196149 0 -0.9997588 0.02196149 0 -0.988354 0.1521722 0 -0.9714056 0.2374264 0 -0.9601342 0.2795394 0 -0.9320765 0.3622616 0 -0.9152585 0.4028668 0 -0.8767222 0.4809971 0 -0.8550503 0.5185451 0 -0.8065997 0.5910981 0 -0.7797715 0.6260642 0 -0.7222592 0.6916225 0 -0.6916225 0.7222592 0 -0.6260642 0.7797715 0 -0.5910981 0.8065997 0 -0.5185451 0.8550503 0 -0.4809971 0.8767222 0 -0.4028668 0.9152585 0 -0.3622616 0.9320765 0 -0.2795394 0.9601342 0 -0.2374264 0.9714056 0 -0.1521722 0.988354 0 -0.1090301 0.9940384 0 -0.02196149 0.9997588 0 0.02196149 0.9997588 0 0.1090301 0.9940384 0 0.1521722 0.988354 0 0.2374264 0.9714056 0 0.2795394 0.9601342 0 0.3622616 0.9320765 0 0.4028668 0.9152585 0 0.4809971 0.8767222 0 0.5185451 0.8550503 0 0.5910981 0.8065997 0 0.6260642 0.7797715 0 0.6916225 0.7222592 0 0.7222592 0.6916225 0 0.7797715 0.6260642 0 0.8065997 0.5910981 0 0.8550503 0.5185451 0 0.8767222 0.4809971 0 0.9152585 0.4028668 0 0.9320765 0.3622616 0 0.9601342 0.2795394 0 0.9714056 0.2374264 0 0.988354 0.1521722 0 0.9940384 0.1090301 0 0.9997588 0.02196149 0 0.9997588 -0.02196149 0 0.9940384 -0.1090301 0 0.988354 -0.1521722 0 0.9714056 -0.2374264 0 0.9601342 -0.2795394 0 0.9320765 -0.3622616 0 0.9152585 -0.4028668 0 0.8767222 -0.4809971 0 0.8550503 -0.5185451 0 0.8065997 -0.5910981 0 0.7797715 -0.6260642 0 0.7222592 -0.6916225 0 0.6916225 -0.7222592 0 0.6260642 -0.7797715 0 0.5910981 -0.8065997 0 0.5185451 -0.8550503 0 0.4809971 -0.8767222 0 0.4028668 -0.9152585 0 0.3622616 -0.9320765 0 0.2795394 -0.9601342 0 0.2374264 -0.9714056 0 0.1521722 -0.988354 0 0.1090301 -0.9940384 0 0.02196149 -0.9997588 0 -0.02196149 -0.9997588 0 -0.1090301 -0.9940384 0 -0.1521722 -0.988354 0 -0.2374264 -0.9714056 0 -0.2795394 -0.9601342 0 -0.3622616 -0.9320765 0 -0.4028668 -0.9152585 0 -0.4809971 -0.8767222 0 -0.5185451 -0.8550503 0 -0.5910981 -0.8065997 0 -0.6260642 -0.7797715 0 -0.6916225 -0.7222592 0 -0.7222592 -0.6916225 0 -0.7797715 -0.6260642 0 -0.8065997 -0.5910981 0 -0.8550503 -0.5185451 0 -0.8767222 -0.4809971 0 -0.9152585 -0.4028668 0 -0.9320765 -0.3622616 0 -0.9601342 -0.2795394 0 -0.9714056 -0.2374264 0 -0.988354 -0.1521722 0 -0.9940384 -0.1090301 0 0.9940385 -0.1090301 0 0.9997588 0.02196149 0 0.9997588 -0.02196149 0 0.988354 -0.1521723 0 0.9714055 -0.2374263 0 0.9601342 -0.2795392 0 0.9320765 -0.3622615 0 0.9152585 -0.402867 0 0.876722 -0.4809973 0 0.8550503 -0.518545 0 0.8065997 -0.5910981 0 0.7797714 -0.6260643 0 0.7222591 -0.6916226 0 0.6916226 -0.7222591 0 0.6260643 -0.7797714 0 0.5910981 -0.8065997 0 0.518545 -0.8550503 0 0.4809973 -0.8767221 0 0.402867 -0.9152585 0 0.3622615 -0.9320765 0 0.2795392 -0.9601343 0 0.2374263 -0.9714055 0 0.1521723 -0.988354 0 0.1090301 -0.9940385 0 0.02196149 -0.9997588 0 -0.02196149 -0.9997588 0 -0.1090301 -0.9940385 0 -0.1521723 -0.988354 0 -0.2374263 -0.9714055 0 -0.2795392 -0.9601342 0 -0.3622615 -0.9320765 0 -0.402867 -0.9152585 0 -0.4809973 -0.876722 0 -0.518545 -0.8550503 0 -0.5910981 -0.8065997 0 -0.6260643 -0.7797714 0 -0.6916226 -0.7222591 0 -0.7222591 -0.6916226 0 -0.7797714 -0.6260643 0 -0.8065997 -0.5910981 0 -0.8550503 -0.518545 0 -0.8767221 -0.4809973 0 -0.9152585 -0.402867 0 -0.9320765 -0.3622615 0 -0.9601343 -0.2795392 0 -0.9714055 -0.2374263 0 -0.988354 -0.1521723 0 -0.9940385 -0.1090301 0 -0.9997588 -0.02196149 0 -0.9997588 0.02196149 0 -0.9940385 0.1090301 0 -0.988354 0.1521723 0 -0.9714055 0.2374263 0 -0.9601342 0.2795392 0 -0.9320765 0.3622615 0 -0.9152585 0.402867 0 -0.876722 0.4809973 0 -0.8550503 0.518545 0 -0.8065997 0.5910981 0 -0.7797714 0.6260643 0 -0.7222591 0.6916226 0 -0.6916226 0.7222591 0 -0.6260643 0.7797714 0 -0.5910981 0.8065997 0 -0.518545 0.8550503 0 -0.4809973 0.8767221 0 -0.402867 0.9152585 0 -0.3622615 0.9320765 0 -0.2795392 0.9601343 0 -0.2374263 0.9714055 0 -0.1521723 0.988354 0 -0.1090301 0.9940385 0 -0.02196149 0.9997588 0 0.02196149 0.9997588 0 0.1090301 0.9940385 0 0.1521723 0.988354 0 0.2374263 0.9714055 0 0.2795392 0.9601342 0 0.3622615 0.9320765 0 0.402867 0.9152585 0 0.4809973 0.876722 0 0.518545 0.8550503 0 0.5910981 0.8065997 0 0.6260643 0.7797714 0 0.6916226 0.7222591 0 0.7222591 0.6916226 0 0.7797714 0.6260643 0 0.8065997 0.5910981 0 0.8550503 0.518545 0 0.8767221 0.4809973 0 0.9152585 0.402867 0 0.9320765 0.3622615 0 0.9601343 0.2795392 0 0.9714055 0.2374263 0 0.988354 0.1521723 0 0.9940385 0.1090301 0 0 0 1 0 0 0.9999999 0 0 0.9999999 0 0 1 0 0 1 0 0 1 0 0 1 0 0 1 0 0 1 0 0 1 0 0 1 0 0 1 0 0 0.9999999 0 0 1 0 0 1 0 0 1 0 0 0.9999999 0 0 1 0 0 0.9999999 0 0 1 0 0 1 0 0 0.9999999 0 0 1 0 0 1 0 0 1 0 0 1 0 0 0.9999999 0 0 0.9999999 0 0 1 0 0 1 0 0 1 0 0 1 0 0 1 0 0 1 0 0 1 0 0 1 0 0 0.9999999 0 0 1 0 0 1 0 0 1 0 0 0.9999999 0 0 1 0 0 0.9999999 0 0 1 0 0 1 0 0 0.9999999 0 0 1 0 0 1 0 0 1 0 0 1 0 0 0.9999999 0 0 0.9999999 0 0 1 0 0 1 0 0 1 0 0 1 0 0 1 0 0 1 0 0 1 0 0 1 0 0 0.9999999 0 0 1 0 0 1 0 0 1 0 0 0.9999999 0 0 1 0 0 0.9999999 0 0 1 0 0 1 0 0 0.9999999 0 0 1 0 0 1 0 0 1 0 0 1 0 0 0.9999999 0 0 0.9999999 0 0 1 0 0 1 0 0 1 0 0 1 0 0 1 0 0 1 0 0 1 0 0 1 0 0 0.9999999 0 0 1 0 0 1 0 0 1 0 0 0.9999999 0 0 1 0 0 0.9999999 0 0 1 0 0 1 0 0 0.9999999 0 0 1 0 0 1 0 0 1 0 0 1 0 0 1 0 0 1 0 1 0 0 1 0 0 1 0 0 1 0 1 0 0 1 0 0 1 0 0 1 0 0 0 -1 0 0 -1 0 0 -1 0 0 -1 0 -1 0 0 -1 0 0 -1 0 0 -1 0 0 0 0 1 0 0 1 0 0 1 0 0 1 0 0 1 0 0 1 0 0 1 0 0 1 0 0 -1 0 0 -1 0 0 -1 0 0 -1 0 -1 0 0 -1 0 0 -1 0 0 -1 0 -1 0 0 -1 0 0 -1 0 0 -1 0 0 0 1 0 0 1 0 0 1 0 0 1 0 1 0 0 1 0 0 1 0 0 1 0 0 0.9940384 -0.1090297 0 0.9997588 0.02196128 0 0.9997588 -0.02196128 0 0.988354 -0.152172 0 0.9714056 -0.2374266 0 0.9601341 -0.2795399 0 0.9320763 -0.362262 0 0.9152585 -0.402867 0 0.8767222 -0.4809971 0 0.8550503 -0.5185452 0 0.8065995 -0.5910984 0 0.7797713 -0.6260645 0 0.722259 -0.6916226 0 0.6916226 -0.722259 0 0.6260645 -0.7797713 0 0.5910984 -0.8065995 0 0.5185452 -0.8550503 0 0.4809971 -0.8767222 0 0.402867 -0.9152585 0 0.362262 -0.9320763 0 0.2795399 -0.9601341 0 0.2374266 -0.9714056 0 0.152172 -0.988354 0 0.1090297 -0.9940384 0 0.02196128 -0.9997588 0 -0.02196128 -0.9997588 0 -0.1090297 -0.9940384 0 -0.152172 -0.988354 0 -0.2374266 -0.9714056 0 -0.2795399 -0.9601341 0 -0.362262 -0.9320763 0 -0.402867 -0.9152585 0 -0.4809971 -0.8767223 0 -0.518545 -0.8550503 0 -0.5910982 -0.8065996 0 -0.6260644 -0.7797713 0 -0.6916227 -0.722259 0 -0.7222592 -0.6916224 0 -0.7797715 -0.6260643 0 -0.8065996 -0.5910982 0 -0.8550503 -0.5185452 0 -0.8767222 -0.4809971 0 -0.9152586 -0.4028669 0 -0.9320764 -0.3622617 0 -0.9601343 -0.2795395 0 -0.9714056 -0.2374264 0 -0.988354 -0.1521722 0 -0.9940384 -0.1090301 0 -0.9997588 -0.02196149 0 -0.9997588 0.02196149 0 -0.9940384 0.1090301 0 -0.988354 0.1521722 0 -0.9714056 0.2374264 0 -0.9601343 0.2795395 0 -0.9320764 0.3622617 0 -0.9152586 0.4028669 0 -0.8767223 0.4809971 0 -0.8550503 0.518545 0 -0.8065997 0.5910981 0 -0.7797716 0.6260642 0 -0.7222592 0.6916225 0 -0.6916225 0.7222592 0 -0.6260642 0.7797716 0 -0.5910981 0.8065997 0 -0.518545 0.8550503 0 -0.4809971 0.8767223 0 -0.4028669 0.9152586 0 -0.3622617 0.9320764 0 -0.2795395 0.9601343 0 -0.2374264 0.9714056 0 -0.1521722 0.988354 0 -0.1090301 0.9940384 0 -0.02196149 0.9997588 0 0.02196149 0.9997588 0 0.1090301 0.9940384 0 0.1521722 0.988354 0 0.2374264 0.9714056 0 0.2795395 0.9601343 0 0.3622617 0.9320764 0 0.4028669 0.9152586 0 0.4809971 0.8767222 0 0.5185452 0.8550503 0 0.5910982 0.8065996 0 0.6260643 0.7797715 0 0.6916224 0.7222592 0 0.722259 0.6916227 0 0.7797713 0.6260644 0 0.8065996 0.5910982 0 0.8550503 0.518545 0 0.8767223 0.4809971 0 0.9152585 0.402867 0 0.9320763 0.362262 0 0.9601341 0.2795399 0 0.9714056 0.2374266 0 0.988354 0.152172 0 0.9940384 0.1090297 0 0 0 -1 0 0 -1 0 0 -1 0 0 -1 0 0 -1 0 0 -1 0 0 -1 0 0 -1 0 0 -1 0 0 -0.9999999 0 0 -1 0 0 -1 0 0 -1 0 0 -1 0 0 -1 0 0 -1 0 0 -1 0 0 -1 0 0 -1 0 0 -1 0 0 -1 0 0 -0.9999999 0 0 -1 0 0 -1 0 0 -1 0 0 -1 0 0 -1 0 0 -1 0 0 -1 0 0 -1 0 0 -1 0 0 -1 0 0 -1 0 0 -1 0 0 -1 0 0 -1 0 0 -1 0 0 -1 0 0 -1 0 0 -1 0 0 -1 0 0 -1 0 0 -1 0 0 -1 0 0 -1 0 0 -1 0 0 -1 0 0 -1 0 0 -1 0.9940384 -0.1090301 0 0.9997588 0.02196149 0 0.9997588 -0.02196149 0 0.988354 -0.1521722 0 0.9714056 -0.2374264 0 0.9601343 -0.2795395 0 0.9320764 -0.3622617 0 0.9152586 -0.4028669 0 0.8767222 -0.4809971 0 0.8550503 -0.5185452 0 0.8065996 -0.5910982 0 0.7797715 -0.6260643 0 0.7222592 -0.6916224 0 0.6916227 -0.722259 0 0.6260644 -0.7797713 0 0.5910982 -0.8065996 0 0.518545 -0.8550503 0 0.4809971 -0.8767223 0 0.402867 -0.9152585 0 0.362262 -0.9320763 0 0.2795399 -0.9601341 0 0.2374266 -0.9714056 0 0.152172 -0.988354 0 0.1090297 -0.9940384 0 0.02196128 -0.9997588 0 -0.02196128 -0.9997588 0 -0.1090297 -0.9940384 0 -0.152172 -0.988354 0 -0.2374266 -0.9714056 0 -0.2795399 -0.9601341 0 -0.362262 -0.9320763 0 -0.402867 -0.9152585 0 -0.4809971 -0.8767222 0 -0.5185452 -0.8550503 0 -0.5910984 -0.8065995 0 -0.6260645 -0.7797713 0 -0.6916226 -0.722259 0 -0.722259 -0.6916226 0 -0.7797713 -0.6260645 0 -0.8065995 -0.5910984 0 -0.8550503 -0.5185452 0 -0.8767222 -0.4809971 0 -0.9152585 -0.402867 0 -0.9320763 -0.362262 0 -0.9601341 -0.2795399 0 -0.9714056 -0.2374266 0 -0.988354 -0.152172 0 -0.9940384 -0.1090297 0 -0.9997588 -0.02196128 0 -0.9997588 0.02196128 0 -0.9940384 0.1090297 0 -0.988354 0.152172 0 -0.9714056 0.2374266 0 -0.9601341 0.2795399 0 -0.9320763 0.362262 0 -0.9152585 0.402867 0 -0.8767223 0.4809971 0 -0.8550503 0.518545 0 -0.8065996 0.5910982 0 -0.7797713 0.6260644 0 -0.722259 0.6916227 0 -0.6916224 0.7222592 0 -0.6260643 0.7797715 0 -0.5910982 0.8065996 0 -0.5185452 0.8550503 0 -0.4809971 0.8767222 0 -0.4028669 0.9152586 0 -0.3622617 0.9320764 0 -0.2795395 0.9601343 0 -0.2374264 0.9714056 0 -0.1521722 0.988354 0 -0.1090301 0.9940384 0 -0.02196149 0.9997588 0 0.02196149 0.9997588 0 0.1090301 0.9940384 0 0.1521722 0.988354 0 0.2374264 0.9714056 0 0.2795395 0.9601343 0 0.3622617 0.9320764 0 0.4028669 0.9152586 0 0.4809971 0.8767223 0 0.518545 0.8550503 0 0.5910981 0.8065997 0 0.6260642 0.7797716 0 0.6916225 0.7222592 0 0.7222592 0.6916225 0 0.7797716 0.6260642 0 0.8065997 0.5910981 0 0.8550503 0.518545 0 0.8767223 0.4809971 0 0.9152586 0.4028669 0 0.9320764 0.3622617 0 0.9601343 0.2795395 0 0.9714056 0.2374264 0 0.988354 0.1521722 0 0.9940384 0.1090301 0 0 0 -1 0 0 -1 0 0 -1 0 0 -1 0 0 -1 0 0 -1 0 0 -1 0 0 -1 0 0 -1 0 0 -1 0 0 -1 0 0 -1 0 0 -1 0 0 -1 0 0 -1 0 0 -1 0 0 -1 0 0 -1 0 0 -1 0 0 -1 0 0 -1 0 0 -0.9999999 0 0 -1 0 0 -1 0 0 -1 0 0 -1 0 0 -1 0 0 -1 0 0 -1 0 0 -1 0 0 -1 0 0 -1 0 0 -1 0 0 -0.9999999 0 0 -1 0 0 -1 0 0 -1 0 0 -1 0 0 -1 0 0 -1 0 0 -1 0 0 -1 0 0 -1 0 0 -1 0 0 -1 0 0 -1 0 0 -1 0 0 -1 0 0 -1 0.9940384 -0.1090297 0 0.9997588 0.02196128 0 0.9997588 -0.02196128 0 0.988354 -0.152172 0 0.9714056 -0.2374266 0 0.9601341 -0.2795399 0 0.9320763 -0.362262 0 0.9152585 -0.402867 0 0.8767223 -0.4809971 0 0.8550503 -0.518545 0 0.8065996 -0.5910982 0 0.7797713 -0.6260644 0 0.722259 -0.6916227 0 0.6916224 -0.7222592 0 0.6260643 -0.7797715 0 0.5910982 -0.8065996 0 0.5185452 -0.8550503 0 0.4809971 -0.8767222 0 0.4028669 -0.9152586 0 0.3622617 -0.9320764 0 0.2795395 -0.9601343 0 0.2374264 -0.9714056 0 0.1521722 -0.988354 0 0.1090301 -0.9940384 0 0.02196149 -0.9997588 0 -0.02196149 -0.9997588 0 -0.1090301 -0.9940384 0 -0.1521722 -0.988354 0 -0.2374264 -0.9714056 0 -0.2795395 -0.9601343 0 -0.3622617 -0.9320764 0 -0.4028669 -0.9152586 0 -0.4809971 -0.8767223 0 -0.518545 -0.8550503 0 -0.5910981 -0.8065997 0 -0.6260642 -0.7797716 0 -0.6916225 -0.7222592 0 -0.7222592 -0.6916225 0 -0.7797716 -0.6260642 0 -0.8065997 -0.5910981 0 -0.8550503 -0.518545 0 -0.8767223 -0.4809971 0 -0.9152586 -0.4028669 0 -0.9320764 -0.3622617 0 -0.9601343 -0.2795395 0 -0.9714056 -0.2374264 0 -0.988354 -0.1521722 0 -0.9940384 -0.1090301 0 -0.9997588 -0.02196149 0 -0.9997588 0.02196149 0 -0.9940384 0.1090301 0 -0.988354 0.1521722 0 -0.9714056 0.2374264 0 -0.9601343 0.2795395 0 -0.9320764 0.3622617 0 -0.9152586 0.4028669 0 -0.8767222 0.4809971 0 -0.8550503 0.5185452 0 -0.8065996 0.5910982 0 -0.7797715 0.6260643 0 -0.7222592 0.6916224 0 -0.6916227 0.722259 0 -0.6260644 0.7797713 0 -0.5910982 0.8065996 0 -0.518545 0.8550503 0 -0.4809971 0.8767223 0 -0.402867 0.9152585 0 -0.362262 0.9320763 0 -0.2795399 0.9601341 0 -0.2374266 0.9714056 0 -0.152172 0.988354 0 -0.1090297 0.9940384 0 -0.02196128 0.9997588 0 0.02196128 0.9997588 0 0.1090297 0.9940384 0 0.152172 0.988354 0 0.2374266 0.9714056 0 0.2795399 0.9601341 0 0.362262 0.9320763 0 0.402867 0.9152585 0 0.4809971 0.8767222 0 0.5185452 0.8550503 0 0.5910984 0.8065995 0 0.6260645 0.7797713 0 0.6916226 0.722259 0 0.722259 0.6916226 0 0.7797713 0.6260645 0 0.8065995 0.5910984 0 0.8550503 0.5185452 0 0.8767222 0.4809971 0 0.9152585 0.402867 0 0.9320763 0.362262 0 0.9601341 0.2795399 0 0.9714056 0.2374266 0 0.988354 0.152172 0 0.9940384 0.1090297 0 0 0 -1 0 0 -1 0 0 -1 0 0 -1 0 0 -1 0 0 -1 0 0 -1 0 0 -1 0 0 -1 0 0 -0.9999999 0 0 -1 0 0 -1 0 0 -1 0 0 -1 0 0 -1 0 0 -1 0 0 -1 0 0 -1 0 0 -1 0 0 -1 0 0 -1 0 0 -1 0 0 -1 0 0 -1 0 0 -1 0 0 -1 0 0 -1 0 0 -1 0 0 -1 0 0 -1 0 0 -1 0 0 -1 0 0 -1 0 0 -1 0 0 -1 0 0 -1 0 0 -1 0 0 -1 0 0 -1 0 0 -1 0 0 -1 0 0 -1 0 0 -1 0 0 -1 0 0 -1 0 0 -0.9999999 0 0 -1 0 0 -1 0 0 -1 0.9940384 -0.1090301 0 0.9997588 0.02196149 0 0.9997588 -0.02196149 0 0.988354 -0.1521722 0 0.9714056 -0.2374264 0 0.9601343 -0.2795395 0 0.9320764 -0.3622617 0 0.9152586 -0.4028669 0 0.8767223 -0.4809971 0 0.8550503 -0.518545 0 0.8065997 -0.5910981 0 0.7797716 -0.6260642 0 0.7222592 -0.6916225 0 0.6916225 -0.7222592 0 0.6260642 -0.7797716 0 0.5910981 -0.8065997 0 0.518545 -0.8550503 0 0.4809971 -0.8767223 0 0.4028669 -0.9152586 0 0.3622617 -0.9320764 0 0.2795395 -0.9601343 0 0.2374264 -0.9714056 0 0.1521722 -0.988354 0 0.1090301 -0.9940384 0 0.02196149 -0.9997588 0 -0.02196149 -0.9997588 0 -0.1090301 -0.9940384 0 -0.1521722 -0.988354 0 -0.2374264 -0.9714056 0 -0.2795395 -0.9601343 0 -0.3622617 -0.9320764 0 -0.4028669 -0.9152586 0 -0.4809971 -0.8767222 0 -0.5185452 -0.8550503 0 -0.5910982 -0.8065996 0 -0.6260643 -0.7797715 0 -0.6916224 -0.7222592 0 -0.722259 -0.6916227 0 -0.7797713 -0.6260644 0 -0.8065996 -0.5910982 0 -0.8550503 -0.518545 0 -0.8767223 -0.4809971 0 -0.9152585 -0.402867 0 -0.9320763 -0.362262 0 -0.9601341 -0.2795399 0 -0.9714056 -0.2374266 0 -0.988354 -0.152172 0 -0.9940384 -0.1090297 0 -0.9997588 -0.02196128 0 -0.9997588 0.02196128 0 -0.9940384 0.1090297 0 -0.988354 0.152172 0 -0.9714056 0.2374266 0 -0.9601341 0.2795399 0 -0.9320763 0.362262 0 -0.9152585 0.402867 0 -0.8767222 0.4809971 0 -0.8550503 0.5185452 0 -0.8065995 0.5910984 0 -0.7797713 0.6260645 0 -0.722259 0.6916226 0 -0.6916226 0.722259 0 -0.6260645 0.7797713 0 -0.5910984 0.8065995 0 -0.5185452 0.8550503 0 -0.4809971 0.8767222 0 -0.402867 0.9152585 0 -0.362262 0.9320763 0 -0.2795399 0.9601341 0 -0.2374266 0.9714056 0 -0.152172 0.988354 0 -0.1090297 0.9940384 0 -0.02196128 0.9997588 0 0.02196128 0.9997588 0 0.1090297 0.9940384 0 0.152172 0.988354 0 0.2374266 0.9714056 0 0.2795399 0.9601341 0 0.362262 0.9320763 0 0.402867 0.9152585 0 0.4809971 0.8767223 0 0.518545 0.8550503 0 0.5910982 0.8065996 0 0.6260644 0.7797713 0 0.6916227 0.722259 0 0.7222592 0.6916224 0 0.7797715 0.6260643 0 0.8065996 0.5910982 0 0.8550503 0.5185452 0 0.8767222 0.4809971 0 0.9152586 0.4028669 0 0.9320764 0.3622617 0 0.9601343 0.2795395 0 0.9714056 0.2374264 0 0.988354 0.1521722 0 0.9940384 0.1090301 0 0 0 -1 0 0 -1 0 0 -1 0 0 -1 0 0 -1 0 0 -1 0 0 -1 0 0 -1 0 0 -1 0 0 -1 0 0 -1 0 0 -1 0 0 -1 0 0 -1 0 0 -1 0 0 -1 0 0 -1 0 0 -1 0 0 -1 0 0 -1 0 0 -1 0 0 -1 0 0 -1 0 0 -1 0 0 -1 0 0 -1 0 0 -1 0 0 -1 0 0 -1 0 0 -1 0 0 -1 0 0 -1 0 0 -1 0 0 -0.9999999 0 0 -1 0 0 -1 0 0 -1 0 0 -1 0 0 -1 0 0 -1 0 0 -1 0 0 -1 0 0 -1 0 0 -1 0 0 -1 0 0 -0.9999999 0 0 -1 0 0 -1 0 0 -1 
				</float_array>
				<technique_common>
					<accessor count="916" source="#Part-3003_dot_dat-norm-array" stride="3">
						<param name="X" type="float" /><param name="Y" type="float" /><param name="Z" type="float" />
					</accessor>
				</technique_common>
			</source>
			<vertices id="Part-3003_dot_dat-vert">
				<input semantic="POSITION" source="#Part-3003_dot_dat-pos" />
			</vertices>
			<triangles count="892" material="Base">
				<input semantic="VERTEX" source="#Part-3003_dot_dat-vert" offset="0" />
				<input semantic="NORMAL" source="#Part-3003_dot_dat-norm" offset="0" />
				<p>
					2 1 0 0 3 2 3 0 4 4 5 3 5 4 6 6 7 5 7 6 8 8 9 7 9 8 10 10 11 9 11 10 12 12 13 11 13 12 14 14 15 13 15 14 16 16 17 15 17 16 18 18 19 17 19 18 20 20 21 19 21 20 22 22 23 21 23 22 24 24 25 23 25 24 26 26 27 25 27 26 28 28 29 27 29 28 30 30 31 29 31 30 32 32 33 31 33 32 34 34 35 33 35 34 36 36 37 35 37 36 38 38 39 37 39 38 40 40 41 39 41 40 42 42 43 41 43 42 44 44 45 43 45 44 46 46 47 45 47 46 48 48 49 47 49 48 50 50 51 49 51 50 52 52 53 51 53 52 54 54 55 53 55 54 56 56 57 55 57 56 58 58 59 57 59 58 60 60 61 59 61 60 62 62 63 61 63 62 64 64 65 63 65 64 66 66 67 65 67 66 68 68 69 67 69 68 70 70 71 69 71 70 72 72 73 71 73 72 74 74 75 73 75 74 76 76 77 75 77 76 78 78 79 77 79 78 80 80 81 79 81 80 82 82 83 81 83 82 84 84 85 83 85 84 86 86 87 85 87 86 88 88 89 87 89 88 90 90 91 89 91 90 92 92 93 91 93 92 94 94 95 93 95 94 1 1 2 95 96 97 98 98 99 96 100 96 99 99 101 100 102 100 101 101 103 102 104 102 103 103 105 104 106 104 105 105 107 106 108 106 107 107 109 108 110 108 109 109 111 110 112 110 111 111 113 112 114 112 113 113 115 114 116 114 115 115 117 116 118 116 117 117 119 118 120 118 119 119 121 120 122 120 121 121 123 122 124 122 123 123 125 124 126 124 125 125 127 126 128 126 127 127 129 128 130 128 129 129 131 130 132 130 131 131 133 132 134 132 133 133 135 134 136 134 135 135 137 136 138 136 137 137 139 138 140 138 139 139 141 140 142 140 141 141 143 142 144 142 143 143 145 144 146 144 145 145 147 146 148 146 147 147 149 148 150 148 149 149 151 150 152 150 151 151 153 152 154 152 153 153 155 154 156 154 155 155 157 156 158 156 157 157 159 158 160 158 159 159 161 160 162 160 161 161 163 162 164 162 163 163 165 164 166 164 165 165 167 166 168 166 167 167 169 168 170 168 169 169 171 170 172 170 171 171 173 172 174 172 173 173 175 174 176 174 175 175 177 176 178 176 177 177 179 178 180 178 179 179 181 180 182 180 181 181 183 182 184 182 183 183 185 184 186 184 185 185 187 186 188 186 187 187 189 188 190 188 189 189 191 190 97 190 191 191 98 97 192 193 194 194 195 192 193 196 197 197 194 193 196 198 199 199 197 196 198 200 201 201 199 198 200 202 203 203 201 200 202 204 205 205 203 202 204 206 207 207 205 204 206 208 209 209 207 206 208 210 211 211 209 208 210 212 213 213 211 210 212 214 215 215 213 212 214 216 217 217 215 214 216 218 219 219 217 216 218 220 221 221 219 218 220 222 223 223 221 220 222 224 225 225 223 222 224 226 227 227 225 224 226 228 229 229 227 226 228 230 231 231 229 228 230 232 233 233 231 230 232 234 235 235 233 232 234 236 237 237 235 234 236 238 239 239 237 236 238 240 241 241 239 238 240 242 243 243 241 240 242 244 245 245 243 242 244 246 247 247 245 244 246 248 249 249 247 246 248 250 251 251 249 248 250 252 253 253 251 250 252 254 255 255 253 252 254 256 257 257 255 254 256 258 259 259 257 256 258 260 261 261 259 258 260 262 263 263 261 260 262 264 265 265 263 262 264 266 267 267 265 264 266 268 269 269 267 266 268 270 271 271 269 268 270 272 273 273 271 270 272 274 275 275 273 272 274 276 277 277 275 274 276 278 279 279 277 276 278 280 281 281 279 278 280 282 283 283 281 280 282 284 285 285 283 282 284 286 287 287 285 284 286 192 195 195 287 286 290 289 288 288 291 290 294 293 292 292 295 294 298 297 296 296 299 298 302 301 300 300 303 302 306 305 304 304 307 306 310 309 308 308 311 310 309 313 312 312 308 309 313 315 314 314 312 313 315 310 311 311 314 315 316 317 318 318 319 316 320 321 322 322 323 320 324 325 326 326 327 324 328 329 330 330 331 328 332 333 334 334 335 332 336 337 338 338 339 336 340 336 339 339 341 340 342 340 341 341 343 342 344 342 343 343 345 344 346 344 345 345 347 346 348 346 347 347 349 348 350 348 349 349 351 350 352 350 351 351 353 352 354 352 353 353 355 354 356 354 355 355 357 356 358 356 357 357 359 358 360 358 359 359 361 360 362 360 361 361 363 362 364 362 363 363 365 364 366 364 365 365 367 366 368 366 367 367 369 368 370 368 369 369 371 370 372 370 371 371 373 372 374 372 373 373 375 374 376 374 375 375 377 376 378 376 377 377 379 378 380 378 379 379 381 380 382 380 381 381 383 382 384 382 383 383 385 384 386 384 385 385 387 386 388 386 387 387 389 388 390 388 389 389 391 390 392 390 391 391 393 392 394 392 393 393 395 394 396 394 395 395 397 396 398 396 397 397 399 398 400 398 399 399 401 400 402 400 401 401 403 402 404 402 403 403 405 404 406 404 405 405 407 406 408 406 407 407 409 408 410 408 409 409 411 410 412 410 411 411 413 412 414 412 413 413 415 414 416 414 415 415 417 416 418 416 417 417 419 418 420 418 419 419 421 420 422 420 421 421 423 422 424 422 423 423 425 424 426 424 425 425 427 426 428 426 427 427 429 428 430 428 429 429 431 430 337 430 431 431 338 337 434 433 432 434 432 435 434 435 436 434 436 437 434 437 438 434 438 439 434 439 440 434 440 441 434 441 442 434 442 443 434 443 444 434 444 445 434 445 446 434 446 447 434 447 448 434 448 449 434 449 450 434 450 451 434 451 452 434 452 453 434 453 454 434 454 455 434 455 456 434 456 457 434 457 458 434 458 459 434 459 460 434 460 461 434 461 462 434 462 463 434 463 464 434 464 465 434 465 466 434 466 467 434 467 468 434 468 469 434 469 470 434 470 471 434 471 472 434 472 473 434 473 474 434 474 475 434 475 476 434 476 477 434 477 478 434 478 479 434 479 480 434 480 433 481 482 483 483 484 481 485 481 484 484 486 485 487 485 486 486 488 487 489 487 488 488 490 489 491 489 490 490 492 491 493 491 492 492 494 493 495 493 494 494 496 495 497 495 496 496 498 497 499 497 498 498 500 499 501 499 500 500 502 501 503 501 502 502 504 503 505 503 504 504 506 505 507 505 506 506 508 507 509 507 508 508 510 509 511 509 510 510 512 511 513 511 512 512 514 513 515 513 514 514 516 515 517 515 516 516 518 517 519 517 518 518 520 519 521 519 520 520 522 521 523 521 522 522 524 523 525 523 524 524 526 525 527 525 526 526 528 527 529 527 528 528 530 529 531 529 530 530 532 531 533 531 532 532 534 533 535 533 534 534 536 535 537 535 536 536 538 537 539 537 538 538 540 539 541 539 540 540 542 541 543 541 542 542 544 543 545 543 544 544 546 545 547 545 546 546 548 547 549 547 548 548 550 549 551 549 550 550 552 551 553 551 552 552 554 553 555 553 554 554 556 555 557 555 556 556 558 557 559 557 558 558 560 559 561 559 560 560 562 561 563 561 562 562 564 563 565 563 564 564 566 565 567 565 566 566 568 567 569 567 568 568 570 569 571 569 570 570 572 571 573 571 572 572 574 573 575 573 574 574 576 575 482 575 576 576 483 482 579 578 577 579 577 580 579 580 581 579 581 582 579 582 583 579 583 584 579 584 585 579 585 586 579 586 587 579 587 588 579 588 589 579 589 590 579 590 591 579 591 592 579 592 593 579 593 594 579 594 595 579 595 596 579 596 597 579 597 598 579 598 599 579 599 600 579 600 601 579 601 602 579 602 603 579 603 604 579 604 605 579 605 606 579 606 607 579 607 608 579 608 609 579 609 610 579 610 611 579 611 612 579 612 613 579 613 614 579 614 615 579 615 616 579 616 617 579 617 618 579 618 619 579 619 620 579 620 621 579 621 622 579 622 623 579 623 624 579 624 625 579 625 578 626 627 628 628 629 626 630 626 629 629 631 630 632 630 631 631 633 632 634 632 633 633 635 634 636 634 635 635 637 636 638 636 637 637 639 638 640 638 639 639 641 640 642 640 641 641 643 642 644 642 643 643 645 644 646 644 645 645 647 646 648 646 647 647 649 648 650 648 649 649 651 650 652 650 651 651 653 652 654 652 653 653 655 654 656 654 655 655 657 656 658 656 657 657 659 658 660 658 659 659 661 660 662 660 661 661 663 662 664 662 663 663 665 664 666 664 665 665 667 666 668 666 667 667 669 668 670 668 669 669 671 670 672 670 671 671 673 672 674 672 673 673 675 674 676 674 675 675 677 676 678 676 677 677 679 678 680 678 679 679 681 680 682 680 681 681 683 682 684 682 683 683 685 684 686 684 685 685 687 686 688 686 687 687 689 688 690 688 689 689 691 690 692 690 691 691 693 692 694 692 693 693 695 694 696 694 695 695 697 696 698 696 697 697 699 698 700 698 699 699 701 700 702 700 701 701 703 702 704 702 703 703 705 704 706 704 705 705 707 706 708 706 707 707 709 708 710 708 709 709 711 710 712 710 711 711 713 712 714 712 713 713 715 714 716 714 715 715 717 716 718 716 717 717 719 718 720 718 719 719 721 720 627 720 721 721 628 627 724 723 722 724 722 725 724 725 726 724 726 727 724 727 728 724 728 729 724 729 730 724 730 731 724 731 732 724 732 733 724 733 734 724 734 735 724 735 736 724 736 737 724 737 738 724 738 739 724 739 740 724 740 741 724 741 742 724 742 743 724 743 744 724 744 745 724 745 746 724 746 747 724 747 748 724 748 749 724 749 750 724 750 751 724 751 752 724 752 753 724 753 754 724 754 755 724 755 756 724 756 757 724 757 758 724 758 759 724 759 760 724 760 761 724 761 762 724 762 763 724 763 764 724 764 765 724 765 766 724 766 767 724 767 768 724 768 769 724 769 770 724 770 723 771 772 773 773 774 771 775 771 774 774 776 775 777 775 776 776 778 777 779 777 778 778 780 779 781 779 780 780 782 781 783 781 782 782 784 783 785 783 784 784 786 785 787 785 786 786 788 787 789 787 788 788 790 789 791 789 790 790 792 791 793 791 792 792 794 793 795 793 794 794 796 795 797 795 796 796 798 797 799 797 798 798 800 799 801 799 800 800 802 801 803 801 802 802 804 803 805 803 804 804 806 805 807 805 806 806 808 807 809 807 808 808 810 809 811 809 810 810 812 811 813 811 812 812 814 813 815 813 814 814 816 815 817 815 816 816 818 817 819 817 818 818 820 819 821 819 820 820 822 821 823 821 822 822 824 823 825 823 824 824 826 825 827 825 826 826 828 827 829 827 828 828 830 829 831 829 830 830 832 831 833 831 832 832 834 833 835 833 834 834 836 835 837 835 836 836 838 837 839 837 838 838 840 839 841 839 840 840 842 841 843 841 842 842 844 843 845 843 844 844 846 845 847 845 846 846 848 847 849 847 848 848 850 849 851 849 850 850 852 851 853 851 852 852 854 853 855 853 854 854 856 855 857 855 856 856 858 857 859 857 858 858 860 859 861 859 860 860 862 861 863 861 862 862 864 863 865 863 864 864 866 865 772 865 866 866 773 772 869 868 867 869 867 870 869 870 871 869 871 872 869 872 873 869 873 874 869 874 875 869 875 876 869 876 877 869 877 878 869 878 879 869 879 880 869 880 881 869 881 882 869 882 883 869 883 884 869 884 885 869 885 886 869 886 887 869 887 888 869 888 889 869 889 890 869 890 891 869 891 892 869 892 893 869 893 894 869 894 895 869 895 896 869 896 897 869 897 898 869 898 899 869 899 900 869 900 901 869 901 902 869 902 903 869 903 904 869 904 905 869 905 906 869 906 907 869 907 908 869 908 909 869 909 910 869 910 911 869 911 912 869 912 913 869 913 914 869 914 915 869 915 868 
				</p>
			</triangles>
		</mesh>
	</geometry>
	<geometry id="Part-76959_dot_dat" name="Part-76959_dot_dat">
		<mesh>
			<source id="Part-76959_dot_dat-pos" name="Part-76959_dot_dat-pos">
				<float_array id="Part-76959_dot_dat-pos-array" count="5841">
					-20 10 24 -20 30 4 20 30 4 20 10 24 20 -10 24 -20 -10 24 -16 -6 24 16 -6 24 -20 10 24 -16 7 24 20 10 24 16 7 24 20 -10 0 20 -10 24 20 10 24 20 30 4 20 30 0 -20 10 24 -20 -10 24 -20 -10 0 -20 30 4 -20 30 0 18 26 0 18 26 4 18 10 20 18 10 0 -18 10 20 -18 26 4 -18 26 0 -18 10 0 -18 10 0 -20 -10 0 20 -10 0 18 10 0 -18 26 0 -20 30 0 -10 26 0 20 30 0 18 26 0 11 7 24 9 7 24 1 7 24 -11 7 24 -9 7 24 10 26 0 -1 7 24 -16 7 4 16 7 4 16 -6 4 -16 -6 4 16 -6 4 16 -6 24 -16 -6 24 -16 -6 4 -16 -6 4 -16 -6 24 -16 7 24 -16 7 4 16 7 4 16 7 24 16 -6 24 16 -6 4 -18 26 4 -18 10 20 18 10 20 18 26 4 18 26 0 -18 26 0 -18 26 4 18 26 4 20 -10 24 20 -10 0 -20 -10 0 -20 -10 24 20 30 4 20 30 0 -20 30 0 -20 30 4 18 10 0 18 10 20 -18 10 20 -18 10 0 10.783 5.9484 -4 10 6 -4 10 6 0 10.783 5.9484 0 11.5528 5.7954 -4 11.5528 5.7954 0 12.2962 5.5434 -4 12.2962 5.5434 0 13 5.196 -4 13 5.196 0 13.6528 4.7604 -4 13.6528 4.7604 0 14.2426 4.2426 -4 14.2426 4.2426 0 14.7604 3.6528 -4 14.7604 3.6528 0 15.196 3 -4 15.196 3 0 15.5434 2.2962 -4 15.5434 2.2962 0 15.7954 1.5528 -4 15.7954 1.5528 0 15.9484 0.783 -4 15.9484 0.783 0 16 0 -4 16 0 0 15.9484 -0.783 -4 15.9484 -0.783 0 15.7954 -1.5528 -4 15.7954 -1.5528 0 15.5434 -2.2962 -4 15.5434 -2.2962 0 15.196 -3 -4 15.196 -3 0 14.7604 -3.6528 -4 14.7604 -3.6528 0 14.2426 -4.2426 -4 14.2426 -4.2426 0 13.6528 -4.7604 -4 13.6528 -4.7604 0 13 -5.196 -4 13 -5.196 0 12.2962 -5.5434 -4 12.2962 -5.5434 0 11.5528 -5.7954 -4 11.5528 -5.7954 0 10.783 -5.9484 -4 10.783 -5.9484 0 10 -6 -4 10 -6 0 9.217 -5.9484 -4 9.217 -5.9484 0 8.4472 -5.7954 -4 8.4472 -5.7954 0 7.7038 -5.5434 -4 7.7038 -5.5434 0 7 -5.196 -4 7 -5.196 0 6.3472 -4.7604 -4 6.3472 -4.7604 0 5.7574 -4.2426 -4 5.7574 -4.2426 0 5.2396 -3.6528 -4 5.2396 -3.6528 0 4.804 -3 -4 4.804 -3 0 4.4566 -2.2962 -4 4.4566 -2.2962 0 4.2046 -1.5528 -4 4.2046 -1.5528 0 4.0516 -0.783 -4 4.0516 -0.783 0 4 0 -4 4 0 0 4.0516 0.783 -4 4.0516 0.783 0 4.2046 1.5528 -4 4.2046 1.5528 0 4.4566 2.2962 -4 4.4566 2.2962 0 4.804 3 -4 4.804 3 0 5.2396 3.6528 -4 5.2396 3.6528 0 5.7574 4.2426 -4 5.7574 4.2426 0 6.3472 4.7604 -4 6.3472 4.7604 0 7 5.196 -4 7 5.196 0 7.7038 5.5434 -4 7.7038 5.5434 0 8.4472 5.7954 -4 8.4472 5.7954 0 9.217 5.9484 -4 9.217 5.9484 0 10.783 5.9484 -4 10 6 -4 10 0 -4 11.5528 5.7954 -4 12.2962 5.5434 -4 13 5.196 -4 13.6528 4.7604 -4 14.2426 4.2426 -4 14.7604 3.6528 -4 15.196 3 -4 15.5434 2.2962 -4 15.7954 1.5528 -4 15.9484 0.783 -4 16 0 -4 15.9484 -0.783 -4 15.7954 -1.5528 -4 15.5434 -2.2962 -4 15.196 -3 -4 14.7604 -3.6528 -4 14.2426 -4.2426 -4 13.6528 -4.7604 -4 13 -5.196 -4 12.2962 -5.5434 -4 11.5528 -5.7954 -4 10.783 -5.9484 -4 10 -6 -4 9.217 -5.9484 -4 8.4472 -5.7954 -4 7.7038 -5.5434 -4 7 -5.196 -4 6.3472 -4.7604 -4 5.7574 -4.2426 -4 5.2396 -3.6528 -4 4.804 -3 -4 4.4566 -2.2962 -4 4.2046 -1.5528 -4 4.0516 -0.783 -4 4 0 -4 4.0516 0.783 -4 4.2046 1.5528 -4 4.4566 2.2962 -4 4.804 3 -4 5.2396 3.6528 -4 5.7574 4.2426 -4 6.3472 4.7604 -4 7 5.196 -4 7.7038 5.5434 -4 8.4472 5.7954 -4 9.217 5.9484 -4 13.9656 19.478 0 14 20 0 14 20 -4 13.9656 19.478 -4 13.8636 18.9648 0 13.8636 18.9648 -4 13.6956 18.4692 0 13.6956 18.4692 -4 13.464 18 0 13.464 18 -4 13.1736 17.5648 0 13.1736 17.5648 -4 12.8284 17.1716 0 12.8284 17.1716 -4 12.4352 16.8264 0 12.4352 16.8264 -4 12 16.536 0 12 16.536 -4 11.5308 16.3044 0 11.5308 16.3044 -4 11.0352 16.1364 0 11.0352 16.1364 -4 10.522 16.0344 0 10.522 16.0344 -4 10 16 0 10 16 -4 9.478 16.0344 0 9.478 16.0344 -4 8.9648 16.1364 0 8.9648 16.1364 -4 8.4692 16.3044 0 8.4692 16.3044 -4 8 16.536 0 8 16.536 -4 7.5648 16.8264 0 7.5648 16.8264 -4 7.1716 17.1716 0 7.1716 17.1716 -4 6.8264 17.5648 0 6.8264 17.5648 -4 6.536 18 0 6.536 18 -4 6.3044 18.4692 0 6.3044 18.4692 -4 6.1364 18.9648 0 6.1364 18.9648 -4 6.0344 19.478 0 6.0344 19.478 -4 6 20 0 6 20 -4 6.0344 20.522 0 6.0344 20.522 -4 6.1364 21.0352 0 6.1364 21.0352 -4 6.3044 21.5308 0 6.3044 21.5308 -4 6.536 22 0 6.536 22 -4 6.8264 22.4352 0 6.8264 22.4352 -4 7.1716 22.8284 0 7.1716 22.8284 -4 7.5648 23.1736 0 7.5648 23.1736 -4 8 23.464 0 8 23.464 -4 8.4692 23.6956 0 8.4692 23.6956 -4 8.9648 23.8636 0 8.9648 23.8636 -4 9.478 23.9656 0 9.478 23.9656 -4 10 24 0 10 24 -4 10.522 23.9656 0 10.522 23.9656 -4 11.0352 23.8636 0 11.0352 23.8636 -4 11.5308 23.6956 0 11.5308 23.6956 -4 12 23.464 0 12 23.464 -4 12.4352 23.1736 0 12.4352 23.1736 -4 12.8284 22.8284 0 12.8284 22.8284 -4 13.1736 22.4352 0 13.1736 22.4352 -4 13.464 22 0 13.464 22 -4 13.6956 21.5308 0 13.6956 21.5308 -4 13.8636 21.0352 0 13.8636 21.0352 -4 13.9656 20.522 0 13.9656 20.522 -4 15.9484 19.217 0 16 20 0 16 20 -4 15.9484 19.217 -4 15.7954 18.4472 0 15.7954 18.4472 -4 15.5434 17.7038 0 15.5434 17.7038 -4 15.196 17 0 15.196 17 -4 14.7604 16.3472 0 14.7604 16.3472 -4 14.2426 15.7574 0 14.2426 15.7574 -4 13.6528 15.2396 0 13.6528 15.2396 -4 13 14.804 0 13 14.804 -4 12.2962 14.4566 0 12.2962 14.4566 -4 11.5528 14.2046 0 11.5528 14.2046 -4 10.783 14.0516 0 10.783 14.0516 -4 10 14 0 10 14 -4 9.217 14.0516 0 9.217 14.0516 -4 8.4472 14.2046 0 8.4472 14.2046 -4 7.7038 14.4566 0 7.7038 14.4566 -4 7 14.804 0 7 14.804 -4 6.3472 15.2396 0 6.3472 15.2396 -4 5.7574 15.7574 0 5.7574 15.7574 -4 5.2396 16.3472 0 5.2396 16.3472 -4 4.804 17 0 4.804 17 -4 4.4566 17.7038 0 4.4566 17.7038 -4 4.2046 18.4472 0 4.2046 18.4472 -4 4.0516 19.217 0 4.0516 19.217 -4 4 20 0 4 20 -4 4.0516 20.783 0 4.0516 20.783 -4 4.2046 21.5528 0 4.2046 21.5528 -4 4.4566 22.2962 0 4.4566 22.2962 -4 4.804 23 0 4.804 23 -4 5.2396 23.6528 0 5.2396 23.6528 -4 5.7574 24.2426 0 5.7574 24.2426 -4 6.3472 24.7604 0 6.3472 24.7604 -4 7 25.196 0 7 25.196 -4 7.7038 25.5434 0 7.7038 25.5434 -4 8.4472 25.7954 0 8.4472 25.7954 -4 9.217 25.9484 0 9.217 25.9484 -4 10 26 0 10 26 -4 10.783 25.9484 0 10.783 25.9484 -4 11.5528 25.7954 0 11.5528 25.7954 -4 12.2962 25.5434 0 12.2962 25.5434 -4 13 25.196 0 13 25.196 -4 13.6528 24.7604 0 13.6528 24.7604 -4 14.2426 24.2426 0 14.2426 24.2426 -4 14.7604 23.6528 0 14.7604 23.6528 -4 15.196 23 0 15.196 23 -4 15.5434 22.2962 0 15.5434 22.2962 -4 15.7954 21.5528 0 15.7954 21.5528 -4 15.9484 20.783 0 15.9484 20.783 -4 14 20 -4 13.9656 19.478 -4 15.9484 19.217 -4 16 20 -4 13.8636 18.9648 -4 15.7954 18.4472 -4 13.6956 18.4692 -4 15.5434 17.7038 -4 13.464 18 -4 15.196 17 -4 13.1736 17.5648 -4 14.7604 16.3472 -4 12.8284 17.1716 -4 14.2426 15.7574 -4 12.4352 16.8264 -4 13.6528 15.2396 -4 12 16.536 -4 13 14.804 -4 11.5308 16.3044 -4 12.2962 14.4566 -4 11.0352 16.1364 -4 11.5528 14.2046 -4 10.522 16.0344 -4 10.783 14.0516 -4 10 16 -4 10 14 -4 9.478 16.0344 -4 9.217 14.0516 -4 8.9648 16.1364 -4 8.4472 14.2046 -4 8.4692 16.3044 -4 7.7038 14.4566 -4 8 16.536 -4 7 14.804 -4 7.5648 16.8264 -4 6.3472 15.2396 -4 7.1716 17.1716 -4 5.7574 15.7574 -4 6.8264 17.5648 -4 5.2396 16.3472 -4 6.536 18 -4 4.804 17 -4 6.3044 18.4692 -4 4.4566 17.7038 -4 6.1364 18.9648 -4 4.2046 18.4472 -4 6.0344 19.478 -4 4.0516 19.217 -4 6 20 -4 4 20 -4 6.0344 20.522 -4 4.0516 20.783 -4 6.1364 21.0352 -4 4.2046 21.5528 -4 6.3044 21.5308 -4 4.4566 22.2962 -4 6.536 22 -4 4.804 23 -4 6.8264 22.4352 -4 5.2396 23.6528 -4 7.1716 22.8284 -4 5.7574 24.2426 -4 7.5648 23.1736 -4 6.3472 24.7604 -4 8 23.464 -4 7 25.196 -4 8.4692 23.6956 -4 7.7038 25.5434 -4 8.9648 23.8636 -4 8.4472 25.7954 -4 9.478 23.9656 -4 9.217 25.9484 -4 10 24 -4 10 26 -4 10.522 23.9656 -4 10.783 25.9484 -4 11.0352 23.8636 -4 11.5528 25.7954 -4 11.5308 23.6956 -4 12.2962 25.5434 -4 12 23.464 -4 13 25.196 -4 12.4352 23.1736 -4 13.6528 24.7604 -4 12.8284 22.8284 -4 14.2426 24.2426 -4 13.1736 22.4352 -4 14.7604 23.6528 -4 13.464 22 -4 15.196 23 -4 13.6956 21.5308 -4 15.5434 22.2962 -4 13.8636 21.0352 -4 15.7954 21.5528 -4 13.9656 20.522 -4 15.9484 20.783 -4 13.4699 19.54325 4 13.5 20 4 13.5 20 0 13.4699 19.54325 0 13.38065 19.0942 4 13.38065 19.0942 0 13.23365 18.66055 4 13.23365 18.66055 0 13.031 18.25 4 13.031 18.25 0 12.7769 17.8692 4 12.7769 17.8692 0 12.47485 17.52515 4 12.47485 17.52515 0 12.1308 17.2231 4 12.1308 17.2231 0 11.75 16.969 4 11.75 16.969 0 11.33945 16.76635 4 11.33945 16.76635 0 10.9058 16.61935 4 10.9058 16.61935 0 10.45675 16.5301 4 10.45675 16.5301 0 10 16.5 4 10 16.5 0 9.54325 16.5301 4 9.54325 16.5301 0 9.0942 16.61935 4 9.0942 16.61935 0 8.66055 16.76635 4 8.66055 16.76635 0 8.25 16.969 4 8.25 16.969 0 7.8692 17.2231 4 7.8692 17.2231 0 7.52515 17.52515 4 7.52515 17.52515 0 7.2231 17.8692 4 7.2231 17.8692 0 6.969 18.25 4 6.969 18.25 0 6.76635 18.66055 4 6.76635 18.66055 0 6.61935 19.0942 4 6.61935 19.0942 0 6.5301 19.54325 4 6.5301 19.54325 0 6.5 20 4 6.5 20 0 6.5301 20.45675 4 6.5301 20.45675 0 6.61935 20.9058 4 6.61935 20.9058 0 6.76635 21.33945 4 6.76635 21.33945 0 6.969 21.75 4 6.969 21.75 0 7.2231 22.1308 4 7.2231 22.1308 0 7.52515 22.47485 4 7.52515 22.47485 0 7.8692 22.7769 4 7.8692 22.7769 0 8.25 23.031 4 8.25 23.031 0 8.66055 23.23365 4 8.66055 23.23365 0 9.0942 23.38065 4 9.0942 23.38065 0 9.54325 23.4699 4 9.54325 23.4699 0 10 23.5 4 10 23.5 0 10.45675 23.4699 4 10.45675 23.4699 0 10.9058 23.38065 4 10.9058 23.38065 0 11.33945 23.23365 4 11.33945 23.23365 0 11.75 23.031 4 11.75 23.031 0 12.1308 22.7769 4 12.1308 22.7769 0 12.47485 22.47485 4 12.47485 22.47485 0 12.7769 22.1308 4 12.7769 22.1308 0 13.031 21.75 4 13.031 21.75 0 13.23365 21.33945 4 13.23365 21.33945 0 13.38065 20.9058 4 13.38065 20.9058 0 13.4699 20.45675 4 13.4699 20.45675 0 13.5 20 0 13.4699 19.54325 0 13.9656 19.478 0 14 20 0 13.38065 19.0942 0 13.8636 18.9648 0 13.23365 18.66055 0 13.6956 18.4692 0 13.031 18.25 0 13.464 18 0 12.7769 17.8692 0 13.1736 17.5648 0 12.47485 17.52515 0 12.8284 17.1716 0 12.1308 17.2231 0 12.4352 16.8264 0 11.75 16.969 0 12 16.536 0 11.33945 16.76635 0 11.5308 16.3044 0 10.9058 16.61935 0 11.0352 16.1364 0 10.45675 16.5301 0 10.522 16.0344 0 10 16.5 0 10 16 0 9.54325 16.5301 0 9.478 16.0344 0 9.0942 16.61935 0 8.9648 16.1364 0 8.66055 16.76635 0 8.4692 16.3044 0 8.25 16.969 0 8 16.536 0 7.8692 17.2231 0 7.5648 16.8264 0 7.52515 17.52515 0 7.1716 17.1716 0 7.2231 17.8692 0 6.8264 17.5648 0 6.969 18.25 0 6.536 18 0 6.76635 18.66055 0 6.3044 18.4692 0 6.61935 19.0942 0 6.1364 18.9648 0 6.5301 19.54325 0 6.0344 19.478 0 6.5 20 0 6 20 0 6.5301 20.45675 0 6.0344 20.522 0 6.61935 20.9058 0 6.1364 21.0352 0 6.76635 21.33945 0 6.3044 21.5308 0 6.969 21.75 0 6.536 22 0 7.2231 22.1308 0 6.8264 22.4352 0 7.52515 22.47485 0 7.1716 22.8284 0 7.8692 22.7769 0 7.5648 23.1736 0 8.25 23.031 0 8 23.464 0 8.66055 23.23365 0 8.4692 23.6956 0 9.0942 23.38065 0 8.9648 23.8636 0 9.54325 23.4699 0 9.478 23.9656 0 10 23.5 0 10 24 0 10.45675 23.4699 0 10.522 23.9656 0 10.9058 23.38065 0 11.0352 23.8636 0 11.33945 23.23365 0 11.5308 23.6956 0 11.75 23.031 0 12 23.464 0 12.1308 22.7769 0 12.4352 23.1736 0 12.47485 22.47485 0 12.8284 22.8284 0 12.7769 22.1308 0 13.1736 22.4352 0 13.031 21.75 0 13.464 22 0 13.23365 21.33945 0 13.6956 21.5308 0 13.38065 20.9058 0 13.8636 21.0352 0 13.4699 20.45675 0 13.9656 20.522 0 15.9484 19.217 4 16 20 4 15.7954 18.4472 4 15.5434 17.7038 4 15.196 17 4 14.7604 16.3472 4 14.2426 15.7574 4 13.6528 15.2396 4 13 14.804 4 12.2962 14.4566 4 11.5528 14.2046 4 10.783 14.0516 4 10 14 4 9.217 14.0516 4 8.4472 14.2046 4 7.7038 14.4566 4 7 14.804 4 6.3472 15.2396 4 5.7574 15.7574 4 5.2396 16.3472 4 4.804 17 4 4.4566 17.7038 4 4.2046 18.4472 4 4.0516 19.217 4 4 20 4 4.0516 20.783 4 4.2046 21.5528 4 4.4566 22.2962 4 4.804 23 4 5.2396 23.6528 4 5.7574 24.2426 4 6.3472 24.7604 4 7 25.196 4 7.7038 25.5434 4 8.4472 25.7954 4 9.217 25.9484 4 10 26 4 10.783 25.9484 4 11.5528 25.7954 4 12.2962 25.5434 4 13 25.196 4 13.6528 24.7604 4 14.2426 24.2426 4 14.7604 23.6528 4 15.196 23 4 15.5434 22.2962 4 15.7954 21.5528 4 15.9484 20.783 4 10.45685 23.47004 6.50002 10.45685 23.47004 6.52998 10 23.5 6.50002 10.90587 23.38074 6.50002 10.90587 23.38074 6.619279 11.33939 23.23358 6.50002 11.33939 23.23358 6.76644 11.75 23.03109 6.50002 11.75 23.03109 6.968928 12.13066 22.77674 6.50002 12.13066 22.77674 7.223279 12.47487 22.47487 6.50002 12.47487 22.47487 7.52514 12.77674 22.13066 6.50002 12.77674 22.13066 7.869347 13.03109 21.75 6.50002 13.03109 21.75 8.25001 13.23358 21.33939 6.50002 13.23358 21.33939 8.660616 13.38074 20.90587 6.50002 13.38074 20.90587 9.094138 13.47006 20.45684 6.50002 13.47006 20.45684 9.543161 13.5 20 6.50002 13.5 20 10 13.47006 19.54316 6.50002 13.47006 19.54316 10.45684 13.38074 19.09413 6.50002 13.38074 19.09413 10.90586 13.23358 18.66061 6.50002 13.23358 18.66061 11.33939 13.03109 18.25 6.50002 13.03109 18.25 11.74999 12.77674 17.86934 6.50002 12.77674 17.86934 12.13065 12.47487 17.52513 6.50002 12.47487 17.52513 12.47486 12.13066 17.22326 6.50002 12.13066 17.22326 12.77672 11.75 16.96891 6.50002 11.75 16.96891 13.03107 11.33939 16.76642 6.50002 11.33939 16.76642 13.23356 10.90587 16.61926 6.50002 10.90587 16.61926 13.38072 10.45684 16.52994 6.50002 10.45684 16.52994 13.47004 10 16.5 6.50002 10 16.5 13.49998 9.543158 16.52994 6.50002 9.543158 16.52994 13.47004 9.094133 16.61926 6.50002 9.094133 16.61926 13.38072 8.660608 16.76642 6.50002 8.660608 16.76642 13.23356 8.249999 16.96891 6.50002 8.249999 16.96891 13.03107 7.869334 17.22326 6.50002 7.869334 17.22326 12.77672 7.525126 17.52513 6.50002 7.525126 17.52513 12.47486 7.223263 17.86934 6.50002 7.223263 17.86934 12.13065 6.968911 18.25 6.50002 6.968911 18.25 11.74999 6.766421 18.66061 6.50002 6.766421 18.66061 11.33938 6.619259 19.09413 6.50002 6.619259 19.09413 10.90586 6.529943 19.54316 6.50002 6.529943 19.54316 10.45684 6.5 20 6.50002 6.5 20 10 6.529943 20.45684 6.50002 6.529943 20.45684 9.543159 6.61926 20.90587 6.50002 6.61926 20.90587 9.094139 6.766422 21.33939 6.50002 6.766422 21.33939 8.660615 6.968911 21.75 6.50002 6.968911 21.75 8.25001 7.223263 22.13066 6.50002 7.223263 22.13066 7.869347 7.525127 22.47487 6.50002 7.525127 22.47487 7.525139 7.869335 22.77674 6.50002 7.869335 22.77674 7.223279 8.250001 23.03109 6.50002 8.250001 23.03109 6.968927 8.660608 23.23358 6.50002 8.660608 23.23358 6.76644 9.094134 23.38074 6.50002 9.094134 23.38074 6.619279 9.543159 23.47006 6.50002 9.543159 23.47006 6.529963 10.78318 25.94864 4 10.78318 25.94864 4.05136 11.55291 25.79556 4 11.55291 25.79556 4.204445 12.2961 25.54328 4.456723 13 25.19615 4.803847 13.65257 24.76012 5.23988 14.24264 24.24264 5.75736 14.76012 23.65257 6.347432 15.19615 23 7 15.54328 22.2961 7.703899 15.79556 21.55291 4 15.79556 21.55291 8.447085 15.94867 20.78316 4 15.94867 20.78316 9.216843 16 20 10 15.94867 19.21684 4 15.94867 19.21684 10.78316 15.79556 18.44708 4 15.79556 18.44708 11.55291 15.54328 17.7039 12.2961 15.19615 17 13 14.76012 16.34743 13.65257 14.24264 15.75736 14.24264 13.65257 15.23988 14.76012 13 14.80385 15.19615 12.2961 14.45672 15.54328 11.55291 14.20444 4 11.55291 14.20444 15.79556 10.78316 14.05133 4 10.78316 14.05133 15.94867 9.999999 14 16 9.216843 14.05133 4 9.216843 14.05133 15.94867 8.447085 14.20444 4 8.447085 14.20444 15.79556 7.703899 14.45672 15.54328 6.999999 14.80385 15.19615 6.34743 15.23988 14.76012 5.757359 15.75736 14.24264 5.23988 16.34743 13.65257 4.803848 17 13 4.456722 17.7039 12.2961 4.204445 18.44709 4 4.204445 18.44709 11.55291 4.051331 19.21684 4 4.051331 19.21684 10.78316 4 20 10 4.051331 20.78316 4 4.051331 20.78316 9.216842 4.204445 21.55291 4 4.204445 21.55291 8.447086 4.456724 22.2961 7.703898 4.803848 23 7.000001 5.23988 23.65257 6.347431 5.757361 24.24264 5.757358 6.347431 24.76012 5.23988 7.000001 25.19615 4.803846 7.703899 25.54328 4.456723 8.447087 25.79556 4 8.447087 25.79556 4.204445 9.216843 25.94867 4 9.216843 25.94867 4.051331 -9.217 5.9484 -4 -10 6 -4 -10 6 0 -9.217 5.9484 0 -8.4472 5.7954 -4 -8.4472 5.7954 0 -7.7038 5.5434 -4 -7.7038 5.5434 0 -7 5.196 -4 -7 5.196 0 -6.3472 4.7604 -4 -6.3472 4.7604 0 -5.7574 4.2426 -4 -5.7574 4.2426 0 -5.2396 3.6528 -4 -5.2396 3.6528 0 -4.804 3 -4 -4.804 3 0 -4.4566 2.2962 -4 -4.4566 2.2962 0 -4.2046 1.5528 -4 -4.2046 1.5528 0 -4.0516 0.783 -4 -4.0516 0.783 0 -4 0 -4 -4 0 0 -4.0516 -0.783 -4 -4.0516 -0.783 0 -4.2046 -1.5528 -4 -4.2046 -1.5528 0 -4.4566 -2.2962 -4 -4.4566 -2.2962 0 -4.804 -3 -4 -4.804 -3 0 -5.2396 -3.6528 -4 -5.2396 -3.6528 0 -5.7574 -4.2426 -4 -5.7574 -4.2426 0 -6.3472 -4.7604 -4 -6.3472 -4.7604 0 -7 -5.196 -4 -7 -5.196 0 -7.7038 -5.5434 -4 -7.7038 -5.5434 0 -8.4472 -5.7954 -4 -8.4472 -5.7954 0 -9.217 -5.9484 -4 -9.217 -5.9484 0 -10 -6 -4 -10 -6 0 -10.783 -5.9484 -4 -10.783 -5.9484 0 -11.5528 -5.7954 -4 -11.5528 -5.7954 0 -12.2962 -5.5434 -4 -12.2962 -5.5434 0 -13 -5.196 -4 -13 -5.196 0 -13.6528 -4.7604 -4 -13.6528 -4.7604 0 -14.2426 -4.2426 -4 -14.2426 -4.2426 0 -14.7604 -3.6528 -4 -14.7604 -3.6528 0 -15.196 -3 -4 -15.196 -3 0 -15.5434 -2.2962 -4 -15.5434 -2.2962 0 -15.7954 -1.5528 -4 -15.7954 -1.5528 0 -15.9484 -0.783 -4 -15.9484 -0.783 0 -16 0 -4 -16 0 0 -15.9484 0.783 -4 -15.9484 0.783 0 -15.7954 1.5528 -4 -15.7954 1.5528 0 -15.5434 2.2962 -4 -15.5434 2.2962 0 -15.196 3 -4 -15.196 3 0 -14.7604 3.6528 -4 -14.7604 3.6528 0 -14.2426 4.2426 -4 -14.2426 4.2426 0 -13.6528 4.7604 -4 -13.6528 4.7604 0 -13 5.196 -4 -13 5.196 0 -12.2962 5.5434 -4 -12.2962 5.5434 0 -11.5528 5.7954 -4 -11.5528 5.7954 0 -10.783 5.9484 -4 -10.783 5.9484 0 -9.217 5.9484 -4 -10 6 -4 -10 0 -4 -8.4472 5.7954 -4 -7.7038 5.5434 -4 -7 5.196 -4 -6.3472 4.7604 -4 -5.7574 4.2426 -4 -5.2396 3.6528 -4 -4.804 3 -4 -4.4566 2.2962 -4 -4.2046 1.5528 -4 -4.0516 0.783 -4 -4 0 -4 -4.0516 -0.783 -4 -4.2046 -1.5528 -4 -4.4566 -2.2962 -4 -4.804 -3 -4 -5.2396 -3.6528 -4 -5.7574 -4.2426 -4 -6.3472 -4.7604 -4 -7 -5.196 -4 -7.7038 -5.5434 -4 -8.4472 -5.7954 -4 -9.217 -5.9484 -4 -10 -6 -4 -10.783 -5.9484 -4 -11.5528 -5.7954 -4 -12.2962 -5.5434 -4 -13 -5.196 -4 -13.6528 -4.7604 -4 -14.2426 -4.2426 -4 -14.7604 -3.6528 -4 -15.196 -3 -4 -15.5434 -2.2962 -4 -15.7954 -1.5528 -4 -15.9484 -0.783 -4 -16 0 -4 -15.9484 0.783 -4 -15.7954 1.5528 -4 -15.5434 2.2962 -4 -15.196 3 -4 -14.7604 3.6528 -4 -14.2426 4.2426 -4 -13.6528 4.7604 -4 -13 5.196 -4 -12.2962 5.5434 -4 -11.5528 5.7954 -4 -10.783 5.9484 -4 -6.0344 19.478 0 -6 20 0 -6 20 -4 -6.0344 19.478 -4 -6.1364 18.9648 0 -6.1364 18.9648 -4 -6.3044 18.4692 0 -6.3044 18.4692 -4 -6.536 18 0 -6.536 18 -4 -6.8264 17.5648 0 -6.8264 17.5648 -4 -7.1716 17.1716 0 -7.1716 17.1716 -4 -7.5648 16.8264 0 -7.5648 16.8264 -4 -8 16.536 0 -8 16.536 -4 -8.4692 16.3044 0 -8.4692 16.3044 -4 -8.9648 16.1364 0 -8.9648 16.1364 -4 -9.478 16.0344 0 -9.478 16.0344 -4 -10 16 0 -10 16 -4 -10.522 16.0344 0 -10.522 16.0344 -4 -11.0352 16.1364 0 -11.0352 16.1364 -4 -11.5308 16.3044 0 -11.5308 16.3044 -4 -12 16.536 0 -12 16.536 -4 -12.4352 16.8264 0 -12.4352 16.8264 -4 -12.8284 17.1716 0 -12.8284 17.1716 -4 -13.1736 17.5648 0 -13.1736 17.5648 -4 -13.464 18 0 -13.464 18 -4 -13.6956 18.4692 0 -13.6956 18.4692 -4 -13.8636 18.9648 0 -13.8636 18.9648 -4 -13.9656 19.478 0 -13.9656 19.478 -4 -14 20 0 -14 20 -4 -13.9656 20.522 0 -13.9656 20.522 -4 -13.8636 21.0352 0 -13.8636 21.0352 -4 -13.6956 21.5308 0 -13.6956 21.5308 -4 -13.464 22 0 -13.464 22 -4 -13.1736 22.4352 0 -13.1736 22.4352 -4 -12.8284 22.8284 0 -12.8284 22.8284 -4 -12.4352 23.1736 0 -12.4352 23.1736 -4 -12 23.464 0 -12 23.464 -4 -11.5308 23.6956 0 -11.5308 23.6956 -4 -11.0352 23.8636 0 -11.0352 23.8636 -4 -10.522 23.9656 0 -10.522 23.9656 -4 -10 24 0 -10 24 -4 -9.478 23.9656 0 -9.478 23.9656 -4 -8.9648 23.8636 0 -8.9648 23.8636 -4 -8.4692 23.6956 0 -8.4692 23.6956 -4 -8 23.464 0 -8 23.464 -4 -7.5648 23.1736 0 -7.5648 23.1736 -4 -7.1716 22.8284 0 -7.1716 22.8284 -4 -6.8264 22.4352 0 -6.8264 22.4352 -4 -6.536 22 0 -6.536 22 -4 -6.3044 21.5308 0 -6.3044 21.5308 -4 -6.1364 21.0352 0 -6.1364 21.0352 -4 -6.0344 20.522 0 -6.0344 20.522 -4 -4.0516 19.217 0 -4 20 0 -4 20 -4 -4.0516 19.217 -4 -4.2046 18.4472 0 -4.2046 18.4472 -4 -4.4566 17.7038 0 -4.4566 17.7038 -4 -4.804 17 0 -4.804 17 -4 -5.2396 16.3472 0 -5.2396 16.3472 -4 -5.7574 15.7574 0 -5.7574 15.7574 -4 -6.3472 15.2396 0 -6.3472 15.2396 -4 -7 14.804 0 -7 14.804 -4 -7.7038 14.4566 0 -7.7038 14.4566 -4 -8.4472 14.2046 0 -8.4472 14.2046 -4 -9.217 14.0516 0 -9.217 14.0516 -4 -10 14 0 -10 14 -4 -10.783 14.0516 0 -10.783 14.0516 -4 -11.5528 14.2046 0 -11.5528 14.2046 -4 -12.2962 14.4566 0 -12.2962 14.4566 -4 -13 14.804 0 -13 14.804 -4 -13.6528 15.2396 0 -13.6528 15.2396 -4 -14.2426 15.7574 0 -14.2426 15.7574 -4 -14.7604 16.3472 0 -14.7604 16.3472 -4 -15.196 17 0 -15.196 17 -4 -15.5434 17.7038 0 -15.5434 17.7038 -4 -15.7954 18.4472 0 -15.7954 18.4472 -4 -15.9484 19.217 0 -15.9484 19.217 -4 -16 20 0 -16 20 -4 -15.9484 20.783 0 -15.9484 20.783 -4 -15.7954 21.5528 0 -15.7954 21.5528 -4 -15.5434 22.2962 0 -15.5434 22.2962 -4 -15.196 23 0 -15.196 23 -4 -14.7604 23.6528 0 -14.7604 23.6528 -4 -14.2426 24.2426 0 -14.2426 24.2426 -4 -13.6528 24.7604 0 -13.6528 24.7604 -4 -13 25.196 0 -13 25.196 -4 -12.2962 25.5434 0 -12.2962 25.5434 -4 -11.5528 25.7954 0 -11.5528 25.7954 -4 -10.783 25.9484 0 -10.783 25.9484 -4 -10 26 0 -10 26 -4 -9.217 25.9484 0 -9.217 25.9484 -4 -8.4472 25.7954 0 -8.4472 25.7954 -4 -7.7038 25.5434 0 -7.7038 25.5434 -4 -7 25.196 0 -7 25.196 -4 -6.3472 24.7604 0 -6.3472 24.7604 -4 -5.7574 24.2426 0 -5.7574 24.2426 -4 -5.2396 23.6528 0 -5.2396 23.6528 -4 -4.804 23 0 -4.804 23 -4 -4.4566 22.2962 0 -4.4566 22.2962 -4 -4.2046 21.5528 0 -4.2046 21.5528 -4 -4.0516 20.783 0 -4.0516 20.783 -4 -6 20 -4 -6.0344 19.478 -4 -4.0516 19.217 -4 -4 20 -4 -6.1364 18.9648 -4 -4.2046 18.4472 -4 -6.3044 18.4692 -4 -4.4566 17.7038 -4 -6.536 18 -4 -4.804 17 -4 -6.8264 17.5648 -4 -5.2396 16.3472 -4 -7.1716 17.1716 -4 -5.7574 15.7574 -4 -7.5648 16.8264 -4 -6.3472 15.2396 -4 -8 16.536 -4 -7 14.804 -4 -8.4692 16.3044 -4 -7.7038 14.4566 -4 -8.9648 16.1364 -4 -8.4472 14.2046 -4 -9.478 16.0344 -4 -9.217 14.0516 -4 -10 16 -4 -10 14 -4 -10.522 16.0344 -4 -10.783 14.0516 -4 -11.0352 16.1364 -4 -11.5528 14.2046 -4 -11.5308 16.3044 -4 -12.2962 14.4566 -4 -12 16.536 -4 -13 14.804 -4 -12.4352 16.8264 -4 -13.6528 15.2396 -4 -12.8284 17.1716 -4 -14.2426 15.7574 -4 -13.1736 17.5648 -4 -14.7604 16.3472 -4 -13.464 18 -4 -15.196 17 -4 -13.6956 18.4692 -4 -15.5434 17.7038 -4 -13.8636 18.9648 -4 -15.7954 18.4472 -4 -13.9656 19.478 -4 -15.9484 19.217 -4 -14 20 -4 -16 20 -4 -13.9656 20.522 -4 -15.9484 20.783 -4 -13.8636 21.0352 -4 -15.7954 21.5528 -4 -13.6956 21.5308 -4 -15.5434 22.2962 -4 -13.464 22 -4 -15.196 23 -4 -13.1736 22.4352 -4 -14.7604 23.6528 -4 -12.8284 22.8284 -4 -14.2426 24.2426 -4 -12.4352 23.1736 -4 -13.6528 24.7604 -4 -12 23.464 -4 -13 25.196 -4 -11.5308 23.6956 -4 -12.2962 25.5434 -4 -11.0352 23.8636 -4 -11.5528 25.7954 -4 -10.522 23.9656 -4 -10.783 25.9484 -4 -10 24 -4 -10 26 -4 -9.478 23.9656 -4 -9.217 25.9484 -4 -8.9648 23.8636 -4 -8.4472 25.7954 -4 -8.4692 23.6956 -4 -7.7038 25.5434 -4 -8 23.464 -4 -7 25.196 -4 -7.5648 23.1736 -4 -6.3472 24.7604 -4 -7.1716 22.8284 -4 -5.7574 24.2426 -4 -6.8264 22.4352 -4 -5.2396 23.6528 -4 -6.536 22 -4 -4.804 23 -4 -6.3044 21.5308 -4 -4.4566 22.2962 -4 -6.1364 21.0352 -4 -4.2046 21.5528 -4 -6.0344 20.522 -4 -4.0516 20.783 -4 -6.5301 19.54325 4 -6.5 20 4 -6.5 20 0 -6.5301 19.54325 0 -6.61935 19.0942 4 -6.61935 19.0942 0 -6.76635 18.66055 4 -6.76635 18.66055 0 -6.969 18.25 4 -6.969 18.25 0 -7.2231 17.8692 4 -7.2231 17.8692 0 -7.52515 17.52515 4 -7.52515 17.52515 0 -7.8692 17.2231 4 -7.8692 17.2231 0 -8.25 16.969 4 -8.25 16.969 0 -8.66055 16.76635 4 -8.66055 16.76635 0 -9.0942 16.61935 4 -9.0942 16.61935 0 -9.54325 16.5301 4 -9.54325 16.5301 0 -10 16.5 4 -10 16.5 0 -10.45675 16.5301 4 -10.45675 16.5301 0 -10.9058 16.61935 4 -10.9058 16.61935 0 -11.33945 16.76635 4 -11.33945 16.76635 0 -11.75 16.969 4 -11.75 16.969 0 -12.1308 17.2231 4 -12.1308 17.2231 0 -12.47485 17.52515 4 -12.47485 17.52515 0 -12.7769 17.8692 4 -12.7769 17.8692 0 -13.031 18.25 4 -13.031 18.25 0 -13.23365 18.66055 4 -13.23365 18.66055 0 -13.38065 19.0942 4 -13.38065 19.0942 0 -13.4699 19.54325 4 -13.4699 19.54325 0 -13.5 20 4 -13.5 20 0 -13.4699 20.45675 4 -13.4699 20.45675 0 -13.38065 20.9058 4 -13.38065 20.9058 0 -13.23365 21.33945 4 -13.23365 21.33945 0 -13.031 21.75 4 -13.031 21.75 0 -12.7769 22.1308 4 -12.7769 22.1308 0 -12.47485 22.47485 4 -12.47485 22.47485 0 -12.1308 22.7769 4 -12.1308 22.7769 0 -11.75 23.031 4 -11.75 23.031 0 -11.33945 23.23365 4 -11.33945 23.23365 0 -10.9058 23.38065 4 -10.9058 23.38065 0 -10.45675 23.4699 4 -10.45675 23.4699 0 -10 23.5 4 -10 23.5 0 -9.54325 23.4699 4 -9.54325 23.4699 0 -9.0942 23.38065 4 -9.0942 23.38065 0 -8.66055 23.23365 4 -8.66055 23.23365 0 -8.25 23.031 4 -8.25 23.031 0 -7.8692 22.7769 4 -7.8692 22.7769 0 -7.52515 22.47485 4 -7.52515 22.47485 0 -7.2231 22.1308 4 -7.2231 22.1308 0 -6.969 21.75 4 -6.969 21.75 0 -6.76635 21.33945 4 -6.76635 21.33945 0 -6.61935 20.9058 4 -6.61935 20.9058 0 -6.5301 20.45675 4 -6.5301 20.45675 0 -6.5 20 0 -6.5301 19.54325 0 -6.0344 19.478 0 -6 20 0 -6.61935 19.0942 0 -6.1364 18.9648 0 -6.76635 18.66055 0 -6.3044 18.4692 0 -6.969 18.25 0 -6.536 18 0 -7.2231 17.8692 0 -6.8264 17.5648 0 -7.52515 17.52515 0 -7.1716 17.1716 0 -7.8692 17.2231 0 -7.5648 16.8264 0 -8.25 16.969 0 -8 16.536 0 -8.66055 16.76635 0 -8.4692 16.3044 0 -9.0942 16.61935 0 -8.9648 16.1364 0 -9.54325 16.5301 0 -9.478 16.0344 0 -10 16.5 0 -10 16 0 -10.45675 16.5301 0 -10.522 16.0344 0 -10.9058 16.61935 0 -11.0352 16.1364 0 -11.33945 16.76635 0 -11.5308 16.3044 0 -11.75 16.969 0 -12 16.536 0 -12.1308 17.2231 0 -12.4352 16.8264 0 -12.47485 17.52515 0 -12.8284 17.1716 0 -12.7769 17.8692 0 -13.1736 17.5648 0 -13.031 18.25 0 -13.464 18 0 -13.23365 18.66055 0 -13.6956 18.4692 0 -13.38065 19.0942 0 -13.8636 18.9648 0 -13.4699 19.54325 0 -13.9656 19.478 0 -13.5 20 0 -14 20 0 -13.4699 20.45675 0 -13.9656 20.522 0 -13.38065 20.9058 0 -13.8636 21.0352 0 -13.23365 21.33945 0 -13.6956 21.5308 0 -13.031 21.75 0 -13.464 22 0 -12.7769 22.1308 0 -13.1736 22.4352 0 -12.47485 22.47485 0 -12.8284 22.8284 0 -12.1308 22.7769 0 -12.4352 23.1736 0 -11.75 23.031 0 -12 23.464 0 -11.33945 23.23365 0 -11.5308 23.6956 0 -10.9058 23.38065 0 -11.0352 23.8636 0 -10.45675 23.4699 0 -10.522 23.9656 0 -10 23.5 0 -10 24 0 -9.54325 23.4699 0 -9.478 23.9656 0 -9.0942 23.38065 0 -8.9648 23.8636 0 -8.66055 23.23365 0 -8.4692 23.6956 0 -8.25 23.031 0 -8 23.464 0 -7.8692 22.7769 0 -7.5648 23.1736 0 -7.52515 22.47485 0 -7.1716 22.8284 0 -7.2231 22.1308 0 -6.8264 22.4352 0 -6.969 21.75 0 -6.536 22 0 -6.76635 21.33945 0 -6.3044 21.5308 0 -6.61935 20.9058 0 -6.1364 21.0352 0 -6.5301 20.45675 0 -6.0344 20.522 0 -4.0516 19.217 4 -4 20 4 -4.2046 18.4472 4 -4.4566 17.7038 4 -4.804 17 4 -5.2396 16.3472 4 -5.7574 15.7574 4 -6.3472 15.2396 4 -7 14.804 4 -7.7038 14.4566 4 -8.4472 14.2046 4 -9.217 14.0516 4 -10 14 4 -10.783 14.0516 4 -11.5528 14.2046 4 -12.2962 14.4566 4 -13 14.804 4 -13.6528 15.2396 4 -14.2426 15.7574 4 -14.7604 16.3472 4 -15.196 17 4 -15.5434 17.7038 4 -15.7954 18.4472 4 -15.9484 19.217 4 -16 20 4 -15.9484 20.783 4 -15.7954 21.5528 4 -15.5434 22.2962 4 -15.196 23 4 -14.7604 23.6528 4 -14.2426 24.2426 4 -13.6528 24.7604 4 -13 25.196 4 -12.2962 25.5434 4 -11.5528 25.7954 4 -10.783 25.9484 4 -10 26 4 -9.217 25.9484 4 -8.4472 25.7954 4 -7.7038 25.5434 4 -7 25.196 4 -6.3472 24.7604 4 -5.7574 24.2426 4 -5.2396 23.6528 4 -4.804 23 4 -4.4566 22.2962 4 -4.2046 21.5528 4 -4.0516 20.783 4 -9.543145 23.47004 6.50002 -9.543145 23.47004 6.52998 -10 23.5 6.50002 -9.094133 23.38074 6.50002 -9.094133 23.38074 6.619279 -8.660608 23.23358 6.50002 -8.660608 23.23358 6.76644 -8.25 23.03109 6.50002 -8.25 23.03109 6.968928 -7.869335 22.77674 6.50002 -7.869335 22.77674 7.223279 -7.525126 22.47487 6.50002 -7.525126 22.47487 7.52514 -7.223263 22.13066 6.50002 -7.223263 22.13066 7.869347 -6.968911 21.75 6.50002 -6.968911 21.75 8.25001 -6.766422 21.33939 6.50002 -6.766422 21.33939 8.660616 -6.61926 20.90587 6.50002 -6.61926 20.90587 9.094138 -6.529943 20.45684 6.50002 -6.529943 20.45684 9.543161 -6.5 20 6.50002 -6.5 20 10 -6.529943 19.54316 6.50002 -6.529943 19.54316 10.45684 -6.61926 19.09413 6.50002 -6.61926 19.09413 10.90586 -6.766422 18.66061 6.50002 -6.766422 18.66061 11.33939 -6.968911 18.25 6.50002 -6.968911 18.25 11.74999 -7.223263 17.86934 6.50002 -7.223263 17.86934 12.13065 -7.525126 17.52513 6.50002 -7.525126 17.52513 12.47486 -7.869335 17.22326 6.50002 -7.869335 17.22326 12.77672 -8.25 16.96891 6.50002 -8.25 16.96891 13.03107 -8.660608 16.76642 6.50002 -8.660608 16.76642 13.23356 -9.094133 16.61926 6.50002 -9.094133 16.61926 13.38072 -9.543159 16.52994 6.50002 -9.543159 16.52994 13.47004 -10 16.5 6.50002 -10 16.5 13.49998 -10.45684 16.52994 6.50002 -10.45684 16.52994 13.47004 -10.90587 16.61926 6.50002 -10.90587 16.61926 13.38072 -11.33939 16.76642 6.50002 -11.33939 16.76642 13.23356 -11.75 16.96891 6.50002 -11.75 16.96891 13.03107 -12.13067 17.22326 6.50002 -12.13067 17.22326 12.77672 -12.47487 17.52513 6.50002 -12.47487 17.52513 12.47486 -12.77674 17.86934 6.50002 -12.77674 17.86934 12.13065 -13.03109 18.25 6.50002 -13.03109 18.25 11.74999 -13.23358 18.66061 6.50002 -13.23358 18.66061 11.33938 -13.38074 19.09413 6.50002 -13.38074 19.09413 10.90586 -13.47006 19.54316 6.50002 -13.47006 19.54316 10.45684 -13.5 20 6.50002 -13.5 20 10 -13.47006 20.45684 6.50002 -13.47006 20.45684 9.543159 -13.38074 20.90587 6.50002 -13.38074 20.90587 9.094139 -13.23358 21.33939 6.50002 -13.23358 21.33939 8.660615 -13.03109 21.75 6.50002 -13.03109 21.75 8.25001 -12.77674 22.13066 6.50002 -12.77674 22.13066 7.869347 -12.47487 22.47487 6.50002 -12.47487 22.47487 7.525139 -12.13066 22.77674 6.50002 -12.13066 22.77674 7.223279 -11.75 23.03109 6.50002 -11.75 23.03109 6.968927 -11.33939 23.23358 6.50002 -11.33939 23.23358 6.76644 -10.90587 23.38074 6.50002 -10.90587 23.38074 6.619279 -10.45684 23.47006 6.50002 -10.45684 23.47006 6.529963 -9.21682 25.94864 4 -9.21682 25.94864 4.05136 -8.447086 25.79556 4 -8.447086 25.79556 4.204445 -7.703899 25.54328 4.456723 -7 25.19615 4.803847 -6.347431 24.76012 5.23988 -5.757359 24.24264 5.75736 -5.23988 23.65257 6.347432 -4.803848 23 7 -4.456723 22.2961 7.703899 -4.204445 21.55291 4 -4.204445 21.55291 8.447085 -4.051331 20.78316 4 -4.051331 20.78316 9.216843 -4 20 10 -4.051331 19.21684 4 -4.051331 19.21684 10.78316 -4.204445 18.44708 4 -4.204445 18.44708 11.55291 -4.456723 17.7039 12.2961 -4.803848 17 13 -5.23988 16.34743 13.65257 -5.757359 15.75736 14.24264 -6.347431 15.23988 14.76012 -6.999999 14.80385 15.19615 -7.7039 14.45672 15.54328 -8.447086 14.20444 4 -8.447086 14.20444 15.79556 -9.216844 14.05133 4 -9.216844 14.05133 15.94867 -10 14 16 -10.78316 14.05133 4 -10.78316 14.05133 15.94867 -11.55291 14.20444 4 -11.55291 14.20444 15.79556 -12.2961 14.45672 15.54328 -13 14.80385 15.19615 -13.65257 15.23988 14.76012 -14.24264 15.75736 14.24264 -14.76012 16.34743 13.65257 -15.19615 17 13 -15.54328 17.7039 12.2961 -15.79556 18.44709 4 -15.79556 18.44709 11.55291 -15.94867 19.21684 4 -15.94867 19.21684 10.78316 -16 20 10 -15.94867 20.78316 4 -15.94867 20.78316 9.216842 -15.79556 21.55291 4 -15.79556 21.55291 8.447086 -15.54328 22.2961 7.703898 -15.19615 23 7.000001 -14.76012 23.65257 6.347431 -14.24264 24.24264 5.757358 -13.65257 24.76012 5.23988 -13 25.19615 4.803846 -12.2961 25.54328 4.456723 -11.55291 25.79556 4 -11.55291 25.79556 4.204445 -10.78316 25.94867 4 -10.78316 25.94867 4.051331 3.9656 -0.522 24 4 0 24 0 0 24 3.8636 -1.0352 24 3.6956 -1.5308 24 3.464 -2 24 3.1736 -2.4352 24 2.8284 -2.8284 24 2.4352 -3.1736 24 2 -3.464 24 1.5308 -3.6956 24 1.0352 -3.8636 24 0.522 -3.9656 24 0 -4 24 -0.522 -3.9656 24 -1.0352 -3.8636 24 -1.5308 -3.6956 24 -2 -3.464 24 -2.4352 -3.1736 24 -2.8284 -2.8284 24 -3.1736 -2.4352 24 -3.464 -2 24 -3.6956 -1.5308 24 -3.8636 -1.0352 24 -3.9656 -0.522 24 -4 0 24 -3.9656 0.522 24 -3.8636 1.0352 24 -3.6956 1.5308 24 -3.464 2 24 -3.1736 2.4352 24 -2.8284 2.8284 24 -2.4352 3.1736 24 -2 3.464 24 -1.5308 3.6956 24 -1.0352 3.8636 24 -0.522 3.9656 24 0 4 24 0.522 3.9656 24 1.0352 3.8636 24 1.5308 3.6956 24 2 3.464 24 2.4352 3.1736 24 2.8284 2.8284 24 3.1736 2.4352 24 3.464 2 24 3.6956 1.5308 24 3.8636 1.0352 24 3.9656 0.522 24 3.9656 -0.522 4 4 0 4 4 0 24 3.9656 -0.522 24 3.8636 -1.0352 4 3.8636 -1.0352 24 3.6956 -1.5308 4 3.6956 -1.5308 24 3.464 -2 4 3.464 -2 24 3.1736 -2.4352 4 3.1736 -2.4352 24 2.8284 -2.8284 4 2.8284 -2.8284 24 2.4352 -3.1736 4 2.4352 -3.1736 24 2 -3.464 4 2 -3.464 24 1.5308 -3.6956 4 1.5308 -3.6956 24 1.0352 -3.8636 4 1.0352 -3.8636 24 0.522 -3.9656 4 0.522 -3.9656 24 0 -4 4 0 -4 24 -0.522 -3.9656 4 -0.522 -3.9656 24 -1.0352 -3.8636 4 -1.0352 -3.8636 24 -1.5308 -3.6956 4 -1.5308 -3.6956 24 -2 -3.464 4 -2 -3.464 24 -2.4352 -3.1736 4 -2.4352 -3.1736 24 -2.8284 -2.8284 4 -2.8284 -2.8284 24 -3.1736 -2.4352 4 -3.1736 -2.4352 24 -3.464 -2 4 -3.464 -2 24 -3.6956 -1.5308 4 -3.6956 -1.5308 24 -3.8636 -1.0352 4 -3.8636 -1.0352 24 -3.9656 -0.522 4 -3.9656 -0.522 24 -4 0 4 -4 0 24 -3.9656 0.522 4 -3.9656 0.522 24 -3.8636 1.0352 4 -3.8636 1.0352 24 -3.6956 1.5308 4 -3.6956 1.5308 24 -3.464 2 4 -3.464 2 24 -3.1736 2.4352 4 -3.1736 2.4352 24 -2.8284 2.8284 4 -2.8284 2.8284 24 -2.4352 3.1736 4 -2.4352 3.1736 24 -2 3.464 4 -2 3.464 24 -1.5308 3.6956 4 -1.5308 3.6956 24 -1.0352 3.8636 4 -1.0352 3.8636 24 -0.522 3.9656 4 -0.522 3.9656 24 0 4 4 0 4 24 0.522 3.9656 4 0.522 3.9656 24 1.0352 3.8636 4 1.0352 3.8636 24 1.5308 3.6956 4 1.5308 3.6956 24 2 3.464 4 2 3.464 24 2.4352 3.1736 4 2.4352 3.1736 24 2.8284 2.8284 4 2.8284 2.8284 24 3.1736 2.4352 4 3.1736 2.4352 24 3.464 2 4 3.464 2 24 3.6956 1.5308 4 3.6956 1.5308 24 3.8636 1.0352 4 3.8636 1.0352 24 3.9656 0.522 4 3.9656 0.522 24 11 7 24 16 7 24 16 7 4 11 7 4 9 6 24 11 6 24 11 6 4 9 6 4 9 6 24 11 6 24 11 6 24 11 7 24 11 7 4 11 6 4 9 6 4 9 7 4 9 7 24 9 6 24 -16 7 24 -11 7 24 -11 7 4 -16 7 4 -1 6 24 1 6 24 1 6 4 -1 6 4 -1 6 24 1 6 24 1 6 24 1 7 24 1 7 4 1 6 4 -1 6 4 -1 7 4 -1 7 24 -1 6 24 -9 7 24 -1 7 24 -1 7 4 -9 7 4 -9 6 24 -11 6 24 -11 6 4 -9 6 4 -9 6 24 -11 6 24 -11 6 24 -11 7 24 -11 7 4 -11 6 4 -9 6 4 -9 7 4 -9 7 24 -9 6 24 1 7 24 9 7 24 9 7 4 1 7 4 
				</float_array>
				<technique_common>
					<accessor count="1947" source="#Part-76959_dot_dat-pos-array" stride="3">
						<param name="X" type="float" /><param name="Y" type="float" /><param name="Z" type="float" />
					</accessor>
				</technique_common>
			</source>
			<source id="Part-76959_dot_dat-norm" name="Part-76959_dot_dat-norm">
				<float_array id="Part-76959_dot_dat-norm-array" count="5841">
					0 0.7071068 0.7071068 0 0.7071068 0.7071068 0 0.7071068 0.7071068 0 0.7071068 0.7071068 0 0 1 0 0 1 0 0 1 0 0 1 0 0 1 0 0 1 0 0 1 0 0 1 1 0 0 1 0 0 1 0 0 1 0 0 1 0 0 -1 0 0 -1 0 0 -1 0 0 -1 0 0 -1 0 0 -1 0 0 -1 0 0 -1 0 0 -1 0 0 1 0 0 1 0 0 1 0 0 1 0 0 0 0 -0.9999999 0 0 -1 0 0 -1 0 0 -1 0 0 -1 0 0 -1 0 0 -1 0 0 -1 0 0 -1 0 0 1 0 0 1 0 0 1 0 0 1 0 0 1 0 0 -1 0 0 1 0 0 1 0 0 1 0 0 1 0 0 1 0 1 0 0 1 0 0 1 0 0 1 0 1 0 0 1 0 0 1 0 0 1 0 0 -1 0 0 -1 0 0 -1 0 0 -1 0 0 0 -0.7071067 -0.7071067 0 -0.7071067 -0.7071067 0 -0.7071067 -0.7071067 0 -0.7071067 -0.7071067 0 -1 0 0 -1 0 0 -1 0 0 -1 0 0 -1 0 0 -1 0 0 -1 0 0 -1 0 0 1 0 0 1 0 0 1 0 0 1 0 0 1 0 0 1 0 0 1 0 0 1 0 0.1090301 0.9940384 0 -0.02196149 0.9997588 0 0.02196149 0.9997588 0 0.1521722 0.988354 0 0.2374264 0.9714056 0 0.2795395 0.9601343 0 0.3622617 0.9320764 0 0.4028669 0.9152586 0 0.4809971 0.8767222 0 0.5185452 0.8550503 0 0.5910982 0.8065996 0 0.6260643 0.7797715 0 0.6916224 0.7222592 0 0.722259 0.6916227 0 0.7797713 0.6260644 0 0.8065996 0.5910982 0 0.8550503 0.5185451 0 0.8767222 0.4809971 0 0.9152585 0.402867 0 0.9320763 0.3622619 0 0.9601341 0.2795398 0 0.9714056 0.2374266 0 0.988354 0.152172 0 0.9940385 0.1090297 0 0.9997588 0.02196128 0 0.9997588 -0.02196128 0 0.9940385 -0.1090297 0 0.988354 -0.152172 0 0.9714056 -0.2374266 0 0.9601341 -0.2795398 0 0.9320763 -0.3622619 0 0.9152585 -0.402867 0 0.8767222 -0.4809971 0 0.8550503 -0.5185451 0 0.8065996 -0.5910982 0 0.7797713 -0.6260644 0 0.722259 -0.6916227 0 0.6916224 -0.7222592 0 0.6260643 -0.7797715 0 0.5910982 -0.8065996 0 0.5185452 -0.8550503 0 0.4809971 -0.8767222 0 0.4028669 -0.9152586 0 0.3622617 -0.9320764 0 0.2795395 -0.9601343 0 0.2374264 -0.9714056 0 0.1521722 -0.988354 0 0.1090301 -0.9940384 0 0.02196149 -0.9997588 0 -0.02196149 -0.9997588 0 -0.1090301 -0.9940384 0 -0.1521722 -0.988354 0 -0.2374264 -0.9714056 0 -0.2795395 -0.9601343 0 -0.3622617 -0.9320764 0 -0.4028669 -0.9152586 0 -0.4809971 -0.8767223 0 -0.518545 -0.8550503 0 -0.5910981 -0.8065997 0 -0.6260642 -0.7797716 0 -0.6916225 -0.7222592 0 -0.7222592 -0.6916225 0 -0.7797716 -0.6260642 0 -0.8065997 -0.5910981 0 -0.8550503 -0.5185451 0 -0.8767222 -0.4809971 0 -0.9152586 -0.4028669 0 -0.9320765 -0.3622616 0 -0.9601342 -0.2795394 0 -0.9714056 -0.2374264 0 -0.988354 -0.1521722 0 -0.9940385 -0.1090301 0 -0.9997588 -0.02196149 0 -0.9997588 0.02196149 0 -0.9940385 0.1090301 0 -0.988354 0.1521722 0 -0.9714056 0.2374264 0 -0.9601342 0.2795394 0 -0.9320765 0.3622616 0 -0.9152586 0.4028669 0 -0.8767222 0.4809971 0 -0.8550503 0.5185451 0 -0.8065997 0.5910981 0 -0.7797716 0.6260642 0 -0.7222592 0.6916225 0 -0.6916225 0.7222592 0 -0.6260642 0.7797716 0 -0.5910981 0.8065997 0 -0.518545 0.8550503 0 -0.4809971 0.8767223 0 -0.4028669 0.9152586 0 -0.3622617 0.9320764 0 -0.2795395 0.9601343 0 -0.2374264 0.9714056 0 -0.1521722 0.988354 0 -0.1090301 0.9940384 0 0 0 -1 0 0 -1 0 0 -1 0 0 -1 0 0 -1 0 0 -1 0 0 -1 0 0 -1 0 0 -1 0 0 -1 0 0 -1 0 0 -1 0 0 -1 0 0 -1 0 0 -1 0 0 -1 0 0 -1 0 0 -1 0 0 -1 0 0 -1 0 0 -1 0 0 -0.9999999 0 0 -1 0 0 -1 0 0 -1 0 0 -1 0 0 -1 0 0 -1 0 0 -1 0 0 -1 0 0 -1 0 0 -1 0 0 -1 0 0 -1 0 0 -1 0 0 -1 0 0 -1 0 0 -1 0 0 -1 0 0 -1 0 0 -1 0 0 -1 0 0 -1 0 0 -1 0 0 -1 0 0 -1 0 0 -1 0 0 -1 0 0 -1 -0.9940385 0.1090303 0 -0.9997588 -0.02196151 0 -0.9997588 0.02196151 0 -0.988354 0.1521725 0 -0.9714057 0.237426 0 -0.9601345 0.2795385 0 -0.9320766 0.3622611 0 -0.9152583 0.4028673 0 -0.8767218 0.4809977 0 -0.8550503 0.518545 0 -0.8065997 0.591098 0 -0.7797713 0.6260645 0 -0.7222587 0.691623 0 -0.6916221 0.7222596 0 -0.6260645 0.7797713 0 -0.5910992 0.8065989 0 -0.5185464 0.8550495 0 -0.4809977 0.8767218 0 -0.4028663 0.9152588 0 -0.3622606 0.9320769 0 -0.2795381 0.9601346 0 -0.2374251 0.9714058 0 -0.152172 0.988354 0 -0.1090309 0.9940383 0 -0.02196208 0.9997587 0 0.02196208 0.9997587 0 0.1090309 0.9940383 0 0.152172 0.988354 0 0.2374251 0.9714058 0 0.2795381 0.9601346 0 0.3622606 0.9320769 0 0.4028663 0.9152588 0 0.4809977 0.8767218 0 0.5185464 0.8550495 0 0.5910992 0.8065989 0 0.6260645 0.7797713 0 0.6916221 0.7222596 0 0.7222587 0.691623 0 0.7797713 0.6260645 0 0.8065997 0.591098 0 0.8550504 0.5185449 0 0.8767222 0.4809973 0 0.9152585 0.4028671 0 0.9320766 0.3622614 0 0.9601343 0.279539 0 0.9714056 0.2374263 0 0.988354 0.1521725 0 0.9940385 0.1090303 0 0.9997588 0.02196151 0 0.9997588 -0.02196151 0 0.9940385 -0.1090303 0 0.988354 -0.1521725 0 0.9714056 -0.2374263 0 0.9601343 -0.279539 0 0.9320766 -0.3622614 0 0.9152585 -0.4028671 0 0.8767222 -0.4809973 0 0.8550504 -0.5185449 0 0.8065997 -0.591098 0 0.7797713 -0.6260645 0 0.7222587 -0.691623 0 0.6916221 -0.7222596 0 0.6260645 -0.7797713 0 0.5910992 -0.8065989 0 0.5185464 -0.8550495 0 0.4809977 -0.8767218 0 0.4028663 -0.9152588 0 0.3622606 -0.9320769 0 0.2795381 -0.9601346 0 0.2374251 -0.9714058 0 0.152172 -0.988354 0 0.1090309 -0.9940383 0 0.02196208 -0.9997587 0 -0.02196208 -0.9997587 0 -0.1090309 -0.9940383 0 -0.152172 -0.988354 0 -0.2374251 -0.9714058 0 -0.2795381 -0.9601346 0 -0.3622606 -0.9320769 0 -0.4028663 -0.9152588 0 -0.4809977 -0.8767218 0 -0.5185464 -0.8550495 0 -0.5910992 -0.8065989 0 -0.6260645 -0.7797713 0 -0.6916221 -0.7222596 0 -0.7222587 -0.691623 0 -0.7797713 -0.6260645 0 -0.8065997 -0.591098 0 -0.8550503 -0.518545 0 -0.8767218 -0.4809977 0 -0.9152583 -0.4028673 0 -0.9320766 -0.3622611 0 -0.9601345 -0.2795385 0 -0.9714057 -0.237426 0 -0.988354 -0.1521725 0 -0.9940385 -0.1090303 0 0.9914308 -0.1306326 0 1 0 0 0.9997588 -0.02196126 0 0.9883541 -0.1521722 0 0.9659991 -0.2585452 0 0.9601341 -0.2795399 0 0.9238908 -0.3826564 0 0.9152586 -0.4028669 0 0.8660899 -0.4998883 0 0.8550503 -0.5185452 0 0.7933779 -0.6087295 0 0.7797713 -0.6260645 0 0.7071068 -0.7071068 0 0.6916226 -0.722259 0 0.6087295 -0.7933779 0 0.5910984 -0.8065995 0 0.4998883 -0.8660899 0 0.4809971 -0.8767222 0 0.3826566 -0.9238907 0 0.362262 -0.9320763 0 0.258545 -0.9659991 0 0.2374266 -0.9714056 0 0.1306325 -0.9914308 0 0.1090297 -0.9940384 0 0 -1 0 -0.02196128 -0.9997588 0 -0.1306325 -0.9914308 0 -0.152172 -0.988354 0 -0.258545 -0.9659991 0 -0.2795399 -0.9601341 0 -0.3826566 -0.9238907 0 -0.402867 -0.9152585 0 -0.4998882 -0.86609 0 -0.518545 -0.8550503 0 -0.6087293 -0.7933779 0 -0.6260644 -0.7797713 0 -0.7071069 -0.7071066 0 -0.7222592 -0.6916224 0 -0.793378 -0.6087292 0 -0.8065996 -0.5910982 0 -0.8660899 -0.4998883 0 -0.8767222 -0.4809971 0 -0.9238909 -0.3826561 0 -0.9320765 -0.3622614 0 -0.9659992 -0.258545 0 -0.9714055 -0.2374266 0 -0.9914308 -0.1306329 0 -0.9940384 -0.1090301 0 -1 0 0 -0.9997588 0.02196146 0 -0.9914308 0.1306329 0 -0.9883539 0.1521723 0 -0.9659992 0.258545 0 -0.9601343 0.2795395 0 -0.9238909 0.3826561 0 -0.9152586 0.4028667 0 -0.8660899 0.4998883 0 -0.8550503 0.5185452 0 -0.793378 0.6087292 0 -0.7797715 0.6260643 0 -0.7071066 0.7071069 0 -0.6916223 0.7222593 0 -0.6087289 0.7933783 0 -0.591098 0.8065999 0 -0.4998886 0.8660897 0 -0.4809977 0.8767219 0 -0.3826571 0.9238905 0 -0.3622624 0.9320761 0 -0.258545 0.9659991 0 -0.2374266 0.9714056 0 -0.1306325 0.9914308 0 -0.1090297 0.9940384 0 0 1 0 0.02196128 0.9997588 0 0.1306325 0.9914308 0 0.152172 0.988354 0 0.258545 0.9659991 0 0.2795399 0.9601341 0 0.3826571 0.9238905 0 0.4028677 0.9152582 0 0.4998888 0.8660897 0 0.5185455 0.8550501 0 0.6087291 0.7933781 0 0.6260641 0.7797717 0 0.7071065 0.7071071 0 0.7222588 0.6916227 0 0.7933779 0.6087295 0 0.8065995 0.5910984 0 0.8660899 0.4998883 0 0.8767222 0.4809971 0 0.9238908 0.3826564 0 0.9320765 0.3622618 0 0.9659991 0.2585452 0 0.9714054 0.2374268 0 0.9914308 0.1306326 0 0.9940384 0.1090297 0 0 0 -1 0 0 -1 0 0 -1 0 0 -1 0 0 -1 0 0 -1 0 0 -0.9999999 0 0 -1 0 0 -1 0 0 -1 0 0 -0.9999999 0 0 -1 0 0 -1 0 0 -0.9999999 0 0 -1 0 0 -1 0 0 -1 0 0 -0.9999999 0 0 -1 0 0 -1 0 0 -1 0 0 -1 0 0 -1 0 0 -1 0 0 -1 0 0 -1 0 0 -0.9999999 0 0 -1 0 0 -1 0 0 -1 0 0 -1 0 0 -1 0 0 -0.9999999 0 0 -1 0 0 -0.9999999 0 0 -1 0 0 -1 0 0 -1 0 0 -1 0 0 -1 0 0 -1 0 0 -1 0 0 -1 0 0 -1 0 0 -1 0 0 -1 0 0 -1 0 0 -1 0 0 -1 0 0 -1 0 0 -1 0 0 -1 0 0 -1 0 0 -1 0 0 -1 0 0 -1 0 0 -1 0 0 -1 0 0 -1 0 0 -1 0 0 -0.9999999 0 0 -1 0 0 -1 0 0 -1 0 0 -1 0 0 -1 0 0 -1 0 0 -1 0 0 -1 0 0 -1 0 0 -1 0 0 -1 0 0 -1 0 0 -1 0 0 -0.9999999 0 0 -1 0 0 -1 0 0 -1 0 0 -0.9999999 0 0 -1 0 0 -0.9999999 0 0 -1 0 0 -1 0 0 -1 0 0 -1 0 0 -1 0 0 -1 0 0 -1 0 0 -1 0 0 -1 0 0 -1 0 0 -1 0 0 -1 0 0 -1 0 0 -1 0 0 -1 -0.9920719 0.1256717 2.236663E-05 -0.9999869 -0.005112848 8.329698E-06 -0.9997588 0.02196136 0 -0.9883539 0.1521731 0 -0.9672744 0.2537327 6.243048E-06 -0.9601345 0.2795386 0 -0.9258384 0.3779199 -5.10075E-06 -0.9152586 0.4028668 0 -0.8685403 0.4956186 -2.956265E-06 -0.8550504 0.518545 0 -0.7965057 0.6046311 -1.992619E-05 -0.779771 0.6260649 0 -0.7105847 0.7036117 -7.256001E-06 -0.6916222 0.7222595 0 -0.6128196 0.7902228 -1.781587E-05 -0.5910985 0.8065993 0 -0.5041749 0.8636016 3.30025E-06 -0.4809976 0.8767219 0 -0.3873886 0.9219164 -3.593329E-06 -0.3622606 0.9320768 0 -0.2634201 0.9646812 1.964112E-05 -0.2374267 0.9714054 0 -0.1355642 0.9907686 1.712974E-05 -0.1090304 0.9940383 0 -0.005112858 0.9999869 8.33292E-06 0.0219614 0.9997588 0 0.1256715 0.9920719 2.242748E-05 0.152173 0.9883539 0 0.2537328 0.9672744 6.353281E-06 0.2795388 0.9601344 0 0.3779201 0.9258382 -5.085591E-06 0.4028666 0.9152587 0 0.4956185 0.8685403 -2.924079E-06 0.5185457 0.8550499 0 0.6046318 0.7965051 -1.98789E-05 0.6260645 0.7797713 0 0.7036105 0.7105858 -7.484148E-06 0.7222584 0.6916233 0 0.7902227 0.6128198 -1.797302E-05 0.8065997 0.5910981 0 0.8636016 0.5041747 3.237795E-06 0.8767219 0.4809977 0 0.9219165 0.3873888 -3.586813E-06 0.9320767 0.362261 0 0.9646811 0.2634203 1.955155E-05 0.9714055 0.2374265 0 0.9907686 0.1355636 1.715268E-05 0.9940384 0.10903 0 0.9999869 0.005112982 8.354151E-06 0.9997588 -0.02196136 0 0.992072 -0.1256715 2.239108E-05 0.988354 -0.1521725 0 0.9672745 -0.2537324 6.227291E-06 0.9601344 -0.2795389 0 0.9258381 -0.3779205 -5.025918E-06 0.9152585 -0.4028671 0 0.8685403 -0.4956187 -2.976647E-06 0.8550504 -0.518545 0 0.7965055 -0.6046314 -2.003868E-05 0.779771 -0.6260649 0 0.7105849 -0.7036114 -7.394295E-06 0.6916222 -0.7222595 0 0.6128194 -0.7902229 -1.784309E-05 0.5910985 -0.8065993 0 0.504175 -0.8636015 3.251363E-06 0.4809976 -0.8767219 0 0.3873886 -0.9219165 -3.609072E-06 0.3622606 -0.9320768 0 0.2634201 -0.9646811 1.961582E-05 0.2374267 -0.9714054 0 0.1355642 -0.9907686 1.712974E-05 0.1090304 -0.9940383 0 0.005108021 -0.9999869 7.494512E-06 -0.0219614 -0.9997588 0 -0.1256672 -0.9920725 2.084788E-05 -0.152173 -0.9883539 0 -0.2537328 -0.9672744 6.353281E-06 -0.2795388 -0.9601344 0 -0.3779197 -0.9258383 -5.019371E-06 -0.4028666 -0.9152587 0 -0.4956189 -0.8685402 -2.830804E-06 -0.5185457 -0.8550499 0 -0.6046314 -0.7965055 -1.984858E-05 -0.6260645 -0.7797713 0 -0.7036108 -0.7105855 -7.292849E-06 -0.7222584 -0.6916233 0 -0.7902227 -0.6128197 -1.793422E-05 -0.8065997 -0.5910981 0 -0.8636017 -0.5041745 3.193846E-06 -0.8767219 -0.4809977 0 -0.9219165 -0.3873886 -3.677174E-06 -0.932077 -0.3622604 0 -0.9646813 -0.2634202 1.952752E-05 -0.9714054 -0.2374268 0 -0.9907686 -0.1355643 1.71042E-05 -0.9940384 -0.1090303 0 0 0 -0.9999999 0 0 -1 0 0 -0.9999999 0 0 -1 0 0 -1 0 0 -1 0 0 -1 0 0 -1 0 0 -1 0 0 -1 0 0 -0.9999999 0 0 -1 0 0 -1 0 0 -1 0 0 -1 0 0 -1 0 0 -1 0 0 -1 0 0 -1 0 0 -1 0 0 -0.9999999 0 0 -1 0 0 -1 0 0 -1 0 0 -1 0 0 -1 0 0 -1 0 0 -1 0 0 -1 0 0 -0.9999999 0 0 -1 0 0 -1 0 0 -1 0 0 -1 0 0 -1 0 0 -1 0 0 -1 0 0 -0.9999999 0 0 -1 0 0 -1 0 0 -1 0 0 -1 0 0 -1 0 0 -1 0 0 -1 0 0 -1 0 0 -1 0 0 -1 0 0 -0.9999999 0 0 -1 0 0 -1 0 0 -0.9999999 0 0 -1 0 0 -1 0 0 -1 0 0 -1 0 0 -1 0 0 -1 0 0 -0.9999999 0 0 -1 0 0 -1 0 0 -1 0 0 -1 0 0 -1 0 0 -1 0 0 -1 0 0 -1 0 0 -1 0 0 -0.9999999 0 0 -1 0 0 -1 0 0 -1 0 0 -1 0 0 -1 0 0 -1 0 0 -1 0 0 -1 0 0 -0.9999999 0 0 -1 0 0 -1 0 0 -1 0 0 -1 0 0 -1 0 0 -1 0 0 -1 0 0 -0.9999999 0 0 -1 0 0 -1 0 0 -0.9999999 0 0 -1 0 0 -0.9999999 0 0 -1 0 0 -1 0 0 -1 0 0 -1 0 0 -1 0.9940384 -0.1090297 0 0.9997853 0.02072071 0 0.9714054 -0.2374268 0 0.9316963 -0.3632382 8.387534E-06 0.8763788 -0.4816223 -2.8228E-06 0.8060945 -0.591787 1.48333E-05 0.721929 -0.6919671 5.797104E-06 0.6255593 -0.7801766 1.519204E-05 0.5183182 -0.8551878 2.163491E-06 0.4025364 -0.915404 3.575016E-06 0.2795399 -0.9601341 0 0.152172 -0.988354 0 0.02182548 -0.9997618 0 -0.1090297 -0.9940384 0 -0.2374266 -0.9714056 0 -0.3621966 -0.9321017 6.466491E-06 -0.4806299 -0.8769235 -2.374042E-06 -0.5908754 -0.8067628 1.337866E-05 -0.691156 -0.7227057 5.735772E-06 -0.7794617 -0.6264498 1.605878E-05 -0.8546051 -0.5192784 2.476753E-06 -0.9149401 -0.4035897 4.397187E-06 -0.9601343 -0.2795395 0 -0.9883539 -0.1521723 0 -0.9997355 -0.02299966 0 -0.9940384 0.1090301 0 -0.9714055 0.2374266 0 -0.9325293 0.3610943 1.274503E-05 -0.8774245 0.4797146 -4.998832E-06 -0.8074092 0.589992 3.03732E-05 -0.723286 0.6905487 1.395938E-05 -0.627115 0.7789267 4.102284E-05 -0.5196664 0.8543693 6.33824E-06 -0.4038766 0.9148135 1.188272E-05 -0.2795399 0.9601341 0 -0.152172 0.988354 0 -0.02177467 0.9997629 0 0.1090297 0.9940384 0 0.2374266 0.9714056 0 0.3630638 0.9317644 2.297592E-05 0.4819206 0.8762148 -7.864532E-06 0.5921414 0.8058341 3.896758E-05 0.6925489 0.7213709 1.453702E-05 0.7806862 0.6249233 3.603151E-05 0.8557255 0.5174302 4.847929E-06 0.9158201 0.4015886 7.449144E-06 0.9601341 0.2795399 0 0.9883541 0.1521722 0 -0.1091302 -0.9940274 4.013514E-05 -0.1735899 -0.984818 0 0.02177162 -0.999763 2.147815E-05 -0.238089 -0.9712434 4.745963E-05 -0.2920442 -0.9564049 0 -0.3630238 -0.9317799 -8.592177E-06 -0.4108335 -0.9117104 0 -0.4819471 -0.8762003 7.38888E-06 -0.5245014 -0.8514096 0 -0.5921058 -0.8058602 -3.688959E-05 -0.6300948 -0.7765183 0 -0.6925136 -0.7214049 -1.377029E-05 -0.7254163 -0.6883104 0 -0.7806278 -0.6249961 -3.448989E-05 -0.808646 -0.5882956 0 -0.85566 -0.5175384 -4.65881E-06 -0.8782599 -0.4781836 0 -0.9158043 -0.401625 -7.328205E-06 -0.9330065 -0.3598594 0 -0.9604179 -0.2785636 8.1976E-06 -0.9719123 -0.2353438 0 -0.9885445 -0.1509297 2.691715E-05 -0.9942837 -0.1067708 0 -0.9997846 -0.0207552 9.248487E-06 -0.99972 0.02366344 0 -0.9939387 0.109936 1.765727E-05 -0.9881138 0.153724 0 -0.9711227 0.2385806 1.880337E-05 -0.9596528 0.2811875 0 -0.9317178 0.3631831 -3.320936E-06 -0.9148161 0.4038707 0 -0.8763432 0.4816872 2.725169E-06 -0.8543629 0.5196768 0 -0.8060902 0.5917927 -1.456118E-05 -0.7793218 0.6266239 0 -0.7219316 0.6919643 -5.669248E-06 -0.6909699 0.7228835 0 -0.6255897 0.7801521 -1.486721E-05 -0.5908179 0.806805 0 -0.5183929 0.8551426 -2.055947E-06 -0.4805711 0.8769557 0 -0.4025079 0.9154165 -3.558932E-06 -0.3621186 0.932132 0 -0.2796002 0.9601165 4.424823E-06 -0.2374754 0.9713935 0 -0.1520003 0.9883804 1.542888E-05 -0.1087771 0.9940662 0 -0.02182745 0.9997617 5.703106E-06 0.02178059 0.9997627 0 0.108825 0.9940609 1.175112E-05 0.1519643 0.9883859 0 0.2375113 0.9713847 1.357127E-05 0.2795558 0.9601294 0 0.3621626 0.9321149 -2.515292E-06 0.402368 0.9154781 0 0.4807089 0.8768802 2.270124E-06 0.518304 0.8551964 0 0.5909031 0.8067425 -1.306079E-05 0.6253912 0.7803113 0 0.6911616 0.7227004 -5.605353E-06 0.7217918 0.6921101 0 0.7794521 0.6264618 -1.580065E-05 0.805865 0.5920993 0 0.8545666 0.5193418 -2.455336E-06 0.876177 0.4819894 0 0.914961 0.4035422 -4.355425E-06 0.9315298 0.363665 0 0.9598051 0.2806671 5.797593E-06 0.9709826 0.2391499 0 0.9882092 0.1531093 2.202153E-05 0.9938676 0.1105768 0 0.9997362 0.02297046 8.816043E-06 0.9998029 -0.01985628 0 0.9941801 -0.1077314 1.960011E-05 0.9886985 -0.1499178 0 0.9716498 -0.2364246 2.419651E-05 0.96076 -0.2773813 0 0.9325202 -0.361118 -4.902419E-06 0.9164861 -0.4000664 0 0.8773608 -0.4798313 4.793346E-06 0.8566638 -0.515875 0 0.8073564 -0.5900641 -2.922554E-05 0.7823609 -0.6228253 0 0.7232495 -0.6905867 -1.330043E-05 0.6949198 -0.7190873 0 0.6270806 -0.7789544 -3.89316E-05 0.5959551 -0.8030179 0 0.5196871 -0.8543566 -6.127084E-06 0.4873897 -0.8731846 0 0.403824 -0.9148368 -1.156032E-05 0.3715825 -0.9283999 0 0.2805012 -0.9598536 1.541189E-05 0.251751 -0.967792 0 0.1526038 -0.9882875 5.687599E-05 0.1305256 -0.9914449 0 0.1305261 0.9914449 0 0.1735911 0.9848178 0 0.2516525 0.9678177 0 0.291948 0.9564341 0.0001706266 0.4109326 0.9116657 9.564972E-05 0.5243092 0.851528 3.376833E-05 0.630187 0.7764434 0.0001565352 0.7252778 0.6884564 4.166662E-05 0.808744 0.5881609 7.768717E-05 0.8782035 0.4782872 -1.113464E-05 0.933024 0.3598142 2.557031E-05 0.960775 0.277329 1.180051E-05 0.971912 0.2353446 0 0.9886985 0.1499174 0 0.9942837 0.10677 0 0.99972 -0.02366294 0 0.9938677 -0.1105767 0 0.9881139 -0.1537237 0 0.9709975 -0.2390896 0 0.9596714 -0.2811242 6.352051E-06 0.9147672 -0.4039814 6.522056E-06 0.8544715 -0.5194982 3.566385E-06 0.7792168 -0.6267545 2.250068E-05 0.6911018 -0.7227573 7.818052E-06 0.5906573 -0.8069225 1.825697E-05 0.4806791 -0.8768966 -3.225017E-06 0.3620605 -0.9321546 8.661087E-06 0.2794958 -0.9601468 4.214061E-06 0.2374761 -0.9713933 0 0.1519656 -0.9883857 0 0.1087771 -0.9940662 1.740848E-09 -0.02178015 -0.9997628 0 -0.1087771 -0.9940662 -1.740848E-09 -0.1519656 -0.9883857 0 -0.2374176 -0.9714077 0 -0.2794964 -0.9601468 4.231077E-06 -0.4024819 -0.9154279 4.856617E-06 -0.5181288 -0.8553027 2.962074E-06 -0.6255361 -0.7801951 2.101675E-05 -0.721671 -0.6922362 8.229415E-06 -0.8059937 -0.591924 2.113431E-05 -0.8761169 -0.4820987 -4.157417E-06 -0.9315559 -0.3635983 1.25067E-05 -0.9596716 -0.2811234 6.320297E-06 -0.9709826 -0.2391503 0 -0.9881138 -0.1537238 0 -0.9938676 -0.1105769 0 -0.9998027 0.01985655 0 -0.9942837 0.1067701 0 -0.9886986 0.1499174 0 -0.9719256 0.2352887 0 -0.960775 0.2773291 1.183643E-05 -0.9164323 0.4001898 1.608247E-05 -0.8567687 0.5157008 1.176436E-05 -0.7822143 0.6230094 0.0001035585 -0.695032 0.7189788 5.229083E-05 -0.5957261 0.8031876 0.0001812367 -0.4875191 0.8731123 -5.470082E-05 -0.3714535 0.9284515 0.000269644 -0.2919543 0.9564322 0.0001706253 -0.251751 0.9677921 0 -0.1736213 0.9848125 0 -0.1305262 0.9914448 0 0.1090301 0.9940384 0 -0.02196149 0.9997588 0 0.02196149 0.9997588 0 0.1521722 0.988354 0 0.2374264 0.9714056 0 0.2795395 0.9601343 0 0.3622617 0.9320764 0 0.4028669 0.9152586 0 0.4809971 0.8767223 0 0.518545 0.8550503 0 0.5910981 0.8065997 0 0.6260642 0.7797716 0 0.6916225 0.7222592 0 0.7222592 0.6916225 0 0.7797716 0.6260642 0 0.8065997 0.5910981 0 0.8550503 0.5185451 0 0.8767222 0.4809971 0 0.9152586 0.4028669 0 0.9320765 0.3622616 0 0.9601342 0.2795394 0 0.9714056 0.2374264 0 0.988354 0.1521722 0 0.9940385 0.1090301 0 0.9997588 0.02196149 0 0.9997588 -0.02196149 0 0.9940385 -0.1090301 0 0.988354 -0.1521722 0 0.9714056 -0.2374264 0 0.9601342 -0.2795394 0 0.9320765 -0.3622616 0 0.9152586 -0.4028669 0 0.8767222 -0.4809971 0 0.8550503 -0.5185451 0 0.8065997 -0.5910981 0 0.7797716 -0.6260642 0 0.7222592 -0.6916225 0 0.6916225 -0.7222592 0 0.6260642 -0.7797716 0 0.5910981 -0.8065997 0 0.518545 -0.8550503 0 0.4809971 -0.8767223 0 0.4028669 -0.9152586 0 0.3622617 -0.9320764 0 0.2795395 -0.9601343 0 0.2374264 -0.9714056 0 0.1521722 -0.988354 0 0.1090301 -0.9940384 0 0.02196149 -0.9997588 0 -0.02196149 -0.9997588 0 -0.1090301 -0.9940384 0 -0.1521722 -0.988354 0 -0.2374264 -0.9714056 0 -0.2795395 -0.9601343 0 -0.3622617 -0.9320764 0 -0.4028669 -0.9152586 0 -0.4809971 -0.8767222 0 -0.5185452 -0.8550503 0 -0.5910982 -0.8065996 0 -0.6260643 -0.7797715 0 -0.6916224 -0.7222592 0 -0.722259 -0.6916227 0 -0.7797713 -0.6260644 0 -0.8065996 -0.5910982 0 -0.8550503 -0.5185451 0 -0.8767222 -0.4809971 0 -0.9152585 -0.402867 0 -0.9320763 -0.3622619 0 -0.9601341 -0.2795398 0 -0.9714056 -0.2374266 0 -0.988354 -0.152172 0 -0.9940385 -0.1090297 0 -0.9997588 -0.02196128 0 -0.9997588 0.02196128 0 -0.9940385 0.1090297 0 -0.988354 0.152172 0 -0.9714056 0.2374266 0 -0.9601341 0.2795398 0 -0.9320763 0.3622619 0 -0.9152585 0.402867 0 -0.8767222 0.4809971 0 -0.8550503 0.5185451 0 -0.8065996 0.5910982 0 -0.7797713 0.6260644 0 -0.722259 0.6916227 0 -0.6916224 0.7222592 0 -0.6260643 0.7797715 0 -0.5910982 0.8065996 0 -0.5185452 0.8550503 0 -0.4809971 0.8767222 0 -0.4028669 0.9152586 0 -0.3622617 0.9320764 0 -0.2795395 0.9601343 0 -0.2374264 0.9714056 0 -0.1521722 0.988354 0 -0.1090301 0.9940384 0 0 0 -1 0 0 -1 0 0 -1 0 0 -1 0 0 -1 0 0 -1 0 0 -1 0 0 -1 0 0 -1 0 0 -1 0 0 -1 0 0 -1 0 0 -1 0 0 -1 0 0 -1 0 0 -1 0 0 -1 0 0 -1 0 0 -1 0 0 -1 0 0 -1 0 0 -1 0 0 -1 0 0 -1 0 0 -1 0 0 -1 0 0 -1 0 0 -1 0 0 -1 0 0 -1 0 0 -1 0 0 -1 0 0 -1 0 0 -1 0 0 -1 0 0 -1 0 0 -1 0 0 -1 0 0 -1 0 0 -1 0 0 -1 0 0 -1 0 0 -1 0 0 -1 0 0 -1 0 0 -0.9999999 0 0 -1 0 0 -1 0 0 -1 -0.9940385 0.1090303 0 -0.9997588 -0.02196151 0 -0.9997588 0.02196151 0 -0.988354 0.1521725 0 -0.9714056 0.2374263 0 -0.9601343 0.279539 0 -0.9320766 0.3622614 0 -0.9152585 0.4028671 0 -0.8767222 0.4809973 0 -0.8550504 0.5185449 0 -0.8065997 0.591098 0 -0.7797713 0.6260645 0 -0.7222587 0.691623 0 -0.6916221 0.7222596 0 -0.6260645 0.7797713 0 -0.5910992 0.8065989 0 -0.5185464 0.8550495 0 -0.4809977 0.8767218 0 -0.4028663 0.9152588 0 -0.3622606 0.9320769 0 -0.2795381 0.9601346 0 -0.2374251 0.9714058 0 -0.152172 0.988354 0 -0.1090309 0.9940383 0 -0.02196208 0.9997587 0 0.02196208 0.9997587 0 0.1090309 0.9940383 0 0.152172 0.988354 0 0.2374251 0.9714058 0 0.2795381 0.9601346 0 0.3622606 0.9320769 0 0.4028663 0.9152588 0 0.4809977 0.8767218 0 0.5185464 0.8550495 0 0.5910992 0.8065989 0 0.6260645 0.7797713 0 0.6916221 0.7222596 0 0.7222587 0.691623 0 0.7797713 0.6260645 0 0.8065997 0.591098 0 0.8550503 0.518545 0 0.8767218 0.4809977 0 0.9152583 0.4028673 0 0.9320766 0.3622611 0 0.9601345 0.2795385 0 0.9714057 0.237426 0 0.988354 0.1521725 0 0.9940385 0.1090303 0 0.9997588 0.02196151 0 0.9997588 -0.02196151 0 0.9940385 -0.1090303 0 0.988354 -0.1521725 0 0.9714057 -0.237426 0 0.9601345 -0.2795385 0 0.9320766 -0.3622611 0 0.9152583 -0.4028673 0 0.8767218 -0.4809977 0 0.8550503 -0.518545 0 0.8065997 -0.591098 0 0.7797713 -0.6260645 0 0.7222587 -0.691623 0 0.6916221 -0.7222596 0 0.6260645 -0.7797713 0 0.5910992 -0.8065989 0 0.5185464 -0.8550495 0 0.4809977 -0.8767218 0 0.4028663 -0.9152588 0 0.3622606 -0.9320769 0 0.2795381 -0.9601346 0 0.2374251 -0.9714058 0 0.152172 -0.988354 0 0.1090309 -0.9940383 0 0.02196208 -0.9997587 0 -0.02196208 -0.9997587 0 -0.1090309 -0.9940383 0 -0.152172 -0.988354 0 -0.2374251 -0.9714058 0 -0.2795381 -0.9601346 0 -0.3622606 -0.9320769 0 -0.4028663 -0.9152588 0 -0.4809977 -0.8767218 0 -0.5185464 -0.8550495 0 -0.5910992 -0.8065989 0 -0.6260645 -0.7797713 0 -0.6916221 -0.7222596 0 -0.7222587 -0.691623 0 -0.7797713 -0.6260645 0 -0.8065997 -0.591098 0 -0.8550504 -0.5185449 0 -0.8767222 -0.4809973 0 -0.9152585 -0.4028671 0 -0.9320766 -0.3622614 0 -0.9601343 -0.279539 0 -0.9714056 -0.2374263 0 -0.988354 -0.1521725 0 -0.9940385 -0.1090303 0 0.9914308 -0.1306329 0 1 0 0 0.9997588 -0.02196146 0 0.9883539 -0.1521723 0 0.9659992 -0.258545 0 0.9601343 -0.2795395 0 0.9238909 -0.3826561 0 0.9152586 -0.4028667 0 0.8660899 -0.4998883 0 0.8550503 -0.5185452 0 0.793378 -0.6087292 0 0.7797715 -0.6260643 0 0.7071069 -0.7071066 0 0.6916227 -0.722259 0 0.6087293 -0.7933779 0 0.5910982 -0.8065996 0 0.4998882 -0.86609 0 0.4809971 -0.8767223 0 0.3826566 -0.9238907 0 0.362262 -0.9320763 0 0.258545 -0.9659991 0 0.2374266 -0.9714056 0 0.1306325 -0.9914308 0 0.1090297 -0.9940384 0 0 -1 0 -0.02196128 -0.9997588 0 -0.1306325 -0.9914308 0 -0.152172 -0.988354 0 -0.258545 -0.9659991 0 -0.2795399 -0.9601341 0 -0.3826566 -0.9238907 0 -0.402867 -0.9152585 0 -0.4998883 -0.8660899 0 -0.5185452 -0.8550503 0 -0.6087295 -0.7933779 0 -0.6260645 -0.7797713 0 -0.7071068 -0.7071068 0 -0.722259 -0.6916226 0 -0.7933779 -0.6087295 0 -0.8065995 -0.5910984 0 -0.8660899 -0.4998883 0 -0.8767222 -0.4809971 0 -0.9238908 -0.3826564 0 -0.9320765 -0.3622618 0 -0.9659991 -0.2585452 0 -0.9714054 -0.2374268 0 -0.9914308 -0.1306326 0 -0.9940384 -0.1090297 0 -1 0 0 -0.9997588 0.02196126 0 -0.9914308 0.1306326 0 -0.9883541 0.1521722 0 -0.9659991 0.2585452 0 -0.9601341 0.2795399 0 -0.9238908 0.3826564 0 -0.9152586 0.4028669 0 -0.8660899 0.4998883 0 -0.8550503 0.5185452 0 -0.7933779 0.6087295 0 -0.7797713 0.6260645 0 -0.7071065 0.7071071 0 -0.6916222 0.7222595 0 -0.6087291 0.7933781 0 -0.5910981 0.8065997 0 -0.4998888 0.8660897 0 -0.4809977 0.8767217 0 -0.3826571 0.9238905 0 -0.3622624 0.9320761 0 -0.258545 0.9659991 0 -0.2374266 0.9714056 0 -0.1306325 0.9914308 0 -0.1090297 0.9940384 0 0 1 0 0.02196128 0.9997588 0 0.1306325 0.9914308 0 0.152172 0.988354 0 0.258545 0.9659991 0 0.2795399 0.9601341 0 0.3826571 0.9238905 0 0.4028677 0.9152582 0 0.4998886 0.8660897 0 0.5185453 0.8550501 0 0.6087289 0.7933783 0 0.6260639 0.7797717 0 0.7071066 0.7071069 0 0.7222591 0.6916226 0 0.793378 0.6087292 0 0.8065996 0.5910982 0 0.8660899 0.4998883 0 0.8767222 0.4809971 0 0.9238909 0.3826561 0 0.9320765 0.3622614 0 0.9659992 0.258545 0 0.9714055 0.2374266 0 0.9914308 0.1306329 0 0.9940384 0.1090301 0 0 0 -1 0 0 -1 0 0 -1 0 0 -1 0 0 -1 0 0 -1 0 0 -1 0 0 -1 0 0 -1 0 0 -1 0 0 -1 0 0 -1 0 0 -1 0 0 -1 0 0 -1 0 0 -1 0 0 -1 0 0 -1 0 0 -1 0 0 -1 0 0 -1 0 0 -1 0 0 -1 0 0 -1 0 0 -1 0 0 -1 0 0 -0.9999999 0 0 -1 0 0 -1 0 0 -1 0 0 -1 0 0 -1 0 0 -1 0 0 -0.9999999 0 0 -1 0 0 -1 0 0 -1 0 0 -1 0 0 -1 0 0 -1 0 0 -1 0 0 -1 0 0 -1 0 0 -1 0 0 -1 0 0 -1 0 0 -1 0 0 -1 0 0 -1 0 0 -1 0 0 -1 0 0 -1 0 0 -1 0 0 -1 0 0 -0.9999999 0 0 -1 0 0 -1 0 0 -1 0 0 -0.9999999 0 0 -1 0 0 -1 0 0 -1 0 0 -1 0 0 -1 0 0 -1 0 0 -1 0 0 -1 0 0 -1 0 0 -1 0 0 -1 0 0 -1 0 0 -1 0 0 -1 0 0 -1 0 0 -0.9999999 0 0 -1 0 0 -1 0 0 -1 0 0 -0.9999999 0 0 -1 0 0 -1 0 0 -1 0 0 -1 0 0 -1 0 0 -1 0 0 -1 0 0 -1 0 0 -1 0 0 -1 0 0 -1 0 0 -1 0 0 -1 0 0 -1 0 0 -1 0 0 -1 0 0 -1 -0.992072 0.1256715 2.239108E-05 -0.9999869 -0.005112982 8.354151E-06 -0.9997588 0.02196136 0 -0.988354 0.1521725 0 -0.9672745 0.2537324 6.219011E-06 -0.9601344 0.2795389 0 -0.9258382 0.3779205 -5.055569E-06 -0.9152585 0.4028671 0 -0.8685403 0.4956187 -2.976647E-06 -0.8550504 0.518545 0 -0.7965057 0.6046311 -1.998342E-05 -0.779771 0.6260649 0 -0.7105847 0.7036117 -7.290574E-06 -0.6916222 0.7222595 0 -0.6128196 0.7902228 -1.781587E-05 -0.5910985 0.8065993 0 -0.5041749 0.8636016 3.30025E-06 -0.4809976 0.8767219 0 -0.3873886 0.9219164 -3.593329E-06 -0.3622606 0.9320768 0 -0.2634201 0.9646812 1.964112E-05 -0.2374267 0.9714054 0 -0.1355642 0.9907686 1.712974E-05 -0.1090304 0.9940383 0 -0.005112858 0.9999869 8.33292E-06 0.0219614 0.9997588 0 0.1256715 0.9920719 2.242748E-05 0.152173 0.9883539 0 0.2537328 0.9672744 6.353281E-06 0.2795388 0.9601344 0 0.3779201 0.9258382 -5.085591E-06 0.4028666 0.9152587 0 0.4956185 0.8685403 -2.924079E-06 0.5185457 0.8550499 0 0.6046318 0.7965051 -1.986274E-05 0.6260645 0.7797713 0 0.7036105 0.7105858 -7.431143E-06 0.7222584 0.6916233 0 0.7902227 0.6128197 -1.793422E-05 0.8065997 0.5910981 0 0.8636016 0.5041747 3.237795E-06 0.8767219 0.4809977 0 0.9219165 0.3873886 -3.540399E-06 0.932077 0.3622604 0 0.9646813 0.2634199 1.9622E-05 0.9714054 0.2374268 0 0.9907686 0.1355643 1.71042E-05 0.9940384 0.1090303 0 0.9999869 0.005112848 8.329698E-06 0.9997588 -0.02196136 0 0.9920719 -0.1256717 2.236663E-05 0.9883539 -0.1521731 0 0.9672744 -0.2537325 6.274535E-06 0.9601345 -0.2795386 0 0.9258383 -0.3779201 -5.025916E-06 0.9152586 -0.4028668 0 0.8685403 -0.4956186 -2.956265E-06 0.8550504 -0.518545 0 0.7965054 -0.6046314 -1.999988E-05 0.779771 -0.6260649 0 0.7105849 -0.7036114 -7.394295E-06 0.6916222 -0.7222595 0 0.6128194 -0.7902229 -1.784309E-05 0.5910985 -0.8065993 0 0.504175 -0.8636015 3.251363E-06 0.4809976 -0.8767219 0 0.3873886 -0.9219165 -3.609072E-06 0.3622606 -0.9320768 0 0.2634201 -0.9646811 1.961582E-05 0.2374267 -0.9714054 0 0.1355642 -0.9907686 1.712974E-05 0.1090304 -0.9940383 0 0.005108021 -0.9999869 7.494512E-06 -0.0219614 -0.9997588 0 -0.1256672 -0.9920725 2.084788E-05 -0.152173 -0.9883539 0 -0.2537328 -0.9672744 6.353281E-06 -0.2795388 -0.9601344 0 -0.3779197 -0.9258383 -5.019371E-06 -0.4028666 -0.9152587 0 -0.4956189 -0.8685402 -2.830804E-06 -0.5185457 -0.8550499 0 -0.6046314 -0.7965055 -1.986475E-05 -0.6260645 -0.7797713 0 -0.7036108 -0.7105855 -7.345853E-06 -0.7222584 -0.6916233 0 -0.7902227 -0.6128198 -1.797302E-05 -0.8065997 -0.5910981 0 -0.8636017 -0.5041746 3.215821E-06 -0.8767219 -0.4809977 0 -0.9219165 -0.3873888 -3.655201E-06 -0.9320767 -0.362261 0 -0.9646811 -0.2634204 1.950432E-05 -0.9714055 -0.2374265 0 -0.9907686 -0.1355636 1.715268E-05 -0.9940384 -0.10903 0 0 0 -0.9999999 0 0 -1 0 0 -0.9999999 0 0 -1 0 0 -1 0 0 -1 0 0 -1 0 0 -1 0 0 -1 0 0 -1 0 0 -0.9999999 0 0 -1 0 0 -1 0 0 -1 0 0 -1 0 0 -1 0 0 -1 0 0 -1 0 0 -1 0 0 -1 0 0 -0.9999999 0 0 -1 0 0 -1 0 0 -1 0 0 -1 0 0 -1 0 0 -1 0 0 -1 0 0 -1 0 0 -0.9999999 0 0 -1 0 0 -1 0 0 -1 0 0 -1 0 0 -1 0 0 -1 0 0 -1 0 0 -0.9999999 0 0 -1 0 0 -1 0 0 -0.9999999 0 0 -1 0 0 -0.9999999 0 0 -1 0 0 -1 0 0 -1 0 0 -1 0 0 -1 0 0 -0.9999999 0 0 -1 0 0 -1 0 0 -0.9999999 0 0 -1 0 0 -1 0 0 -1 0 0 -1 0 0 -1 0 0 -1 0 0 -0.9999999 0 0 -1 0 0 -1 0 0 -1 0 0 -1 0 0 -1 0 0 -1 0 0 -1 0 0 -1 0 0 -1 0 0 -0.9999999 0 0 -1 0 0 -1 0 0 -1 0 0 -1 0 0 -1 0 0 -1 0 0 -1 0 0 -1 0 0 -0.9999999 0 0 -1 0 0 -1 0 0 -1 0 0 -1 0 0 -1 0 0 -1 0 0 -1 0 0 -0.9999999 0 0 -1 0 0 -1 0 0 -1 0 0 -1 0 0 -1 0 0 -1 0 0 -1 0 0 -1 0 0 -1 0 0 -1 0.9940384 -0.1090301 0 0.9997853 0.0207208 0 0.9714055 -0.2374266 0 0.9316963 -0.3632381 8.387534E-06 0.876379 -0.4816222 -2.844365E-06 0.8060943 -0.591787 1.484221E-05 0.7219291 -0.691967 5.837629E-06 0.6255592 -0.7801766 1.521971E-05 0.5183181 -0.8551879 2.169367E-06 0.4025364 -0.915404 3.575016E-06 0.2795399 -0.9601341 0 0.152172 -0.988354 0 0.02182548 -0.9997618 0 -0.1090297 -0.9940384 0 -0.2374266 -0.9714056 0 -0.3621966 -0.9321017 6.466491E-06 -0.48063 -0.8769235 -2.37404E-06 -0.5908756 -0.8067628 1.336568E-05 -0.6911559 -0.7227058 5.712898E-06 -0.7794616 -0.6264501 1.603192E-05 -0.8546052 -0.5192782 2.487553E-06 -0.9149401 -0.4035897 4.432015E-06 -0.9601341 -0.2795399 0 -0.9883541 -0.1521722 0 -0.9997355 -0.0229997 0 -0.9940384 0.1090297 0 -0.9714054 0.2374268 0 -0.9325293 0.3610946 1.278195E-05 -0.8774245 0.4797146 -4.941045E-06 -0.8074092 0.589992 3.035497E-05 -0.7232857 0.6905488 1.390153E-05 -0.627115 0.7789266 4.096769E-05 -0.5196666 0.8543692 6.320372E-06 -0.4038766 0.9148135 1.188272E-05 -0.2795399 0.9601341 0 -0.152172 0.988354 0 -0.02177467 0.9997629 0 0.1090297 0.9940384 0 0.2374266 0.9714056 0 0.3630638 0.9317644 2.297592E-05 0.4819206 0.8762149 -7.864537E-06 0.5921413 0.8058341 3.900556E-05 0.6925491 0.7213708 1.463629E-05 0.7806864 0.6249232 3.607045E-05 0.8557253 0.5174302 4.80735E-06 0.9158202 0.4015885 7.430024E-06 0.9601343 0.2795395 0 0.9883539 0.1521723 0 -0.1091302 -0.9940274 4.013514E-05 -0.1735899 -0.984818 0 0.02177162 -0.999763 2.147815E-05 -0.238089 -0.9712434 4.745963E-05 -0.2920442 -0.9564049 0 -0.3630238 -0.9317799 -8.592177E-06 -0.4108335 -0.9117104 0 -0.4819471 -0.8762003 7.38888E-06 -0.5245014 -0.8514096 0 -0.5921059 -0.80586 -3.688958E-05 -0.6300951 -0.7765179 0 -0.6925138 -0.7214047 -1.383592E-05 -0.7254165 -0.6883103 0 -0.7806277 -0.6249964 -3.458892E-05 -0.8086456 -0.5882961 0 -0.8556596 -0.517539 -4.690934E-06 -0.8782594 -0.4781843 0 -0.9158041 -0.4016251 -7.263297E-06 -0.9330067 -0.3598591 0 -0.9604179 -0.2785637 8.16605E-06 -0.9719121 -0.2353441 0 -0.9885445 -0.1509297 2.694661E-05 -0.9942837 -0.1067705 0 -0.9997846 -0.02075502 9.275658E-06 -0.99972 0.02366306 0 -0.9939387 0.1099358 1.770725E-05 -0.9881138 0.1537243 0 -0.9711227 0.2385807 1.878105E-05 -0.9596529 0.2811872 0 -0.9317178 0.363183 -3.301088E-06 -0.9148159 0.403871 0 -0.8763428 0.481688 2.743926E-06 -0.8543624 0.5196776 0 -0.8060899 0.5917931 -1.459268E-05 -0.7793216 0.6266242 0 -0.7219319 0.6919642 -5.710447E-06 -0.6909702 0.7228832 0 -0.62559 0.780152 -1.487932E-05 -0.5908179 0.8068048 0 -0.5183929 0.8551426 -2.055947E-06 -0.4805711 0.8769557 0 -0.4025079 0.9154165 -3.558932E-06 -0.3621186 0.932132 0 -0.2796002 0.9601165 4.424823E-06 -0.2374754 0.9713935 0 -0.1520003 0.9883804 1.542888E-05 -0.1087771 0.9940662 0 -0.02182745 0.9997617 5.703106E-06 0.02178059 0.9997627 0 0.108825 0.9940609 1.175112E-05 0.1519643 0.9883859 0 0.2375113 0.9713847 1.357127E-05 0.2795558 0.9601294 0 0.3621626 0.9321149 -2.515292E-06 0.402368 0.9154781 0 0.4807089 0.8768802 2.270124E-06 0.518304 0.8551964 0 0.5909029 0.8067427 -1.306079E-05 0.6253908 0.7803116 0 0.6911613 0.7227006 -5.579144E-06 0.7217917 0.6921104 0 0.7794523 0.6264616 -1.575556E-05 0.8058653 0.5920988 0 0.8545668 0.5193413 -2.438521E-06 0.8761772 0.4819891 0 0.9149609 0.4035425 -4.355427E-06 0.9315295 0.3636656 0 0.9598053 0.2806669 5.884674E-06 0.9709829 0.2391489 0 0.9882094 0.1531087 2.202112E-05 0.9938676 0.1105768 0 0.9997362 0.02297068 8.790219E-06 0.9998029 -0.0198566 0 0.99418 -0.1077316 1.954479E-05 0.9886985 -0.1499175 0 0.9716499 -0.2364243 2.422527E-05 0.9607601 -0.2773809 0 0.9325202 -0.3611178 -4.871033E-06 0.9164861 -0.4000664 0 0.877361 -0.4798311 4.793347E-06 0.8566641 -0.5158746 0 0.8073564 -0.590064 -2.916244E-05 0.7823608 -0.6228256 0 0.7232493 -0.690587 -1.326755E-05 0.6949196 -0.7190875 0 0.6270806 -0.7789544 -3.89316E-05 0.5959551 -0.8030179 0 0.5196871 -0.8543566 -6.127084E-06 0.4873897 -0.8731846 0 0.403824 -0.9148368 -1.156032E-05 0.3715825 -0.9283999 0 0.2805012 -0.9598536 1.541189E-05 0.251751 -0.967792 0 0.1526038 -0.9882875 5.687599E-05 0.1305256 -0.9914449 0 0.1305261 0.9914449 0 0.1735911 0.9848178 0 0.2516525 0.9678177 0 0.291948 0.9564341 0.0001706266 0.4109326 0.9116657 9.564972E-05 0.524309 0.8515281 3.386148E-05 0.630187 0.7764434 0.0001568209 0.7252778 0.6884564 4.189658E-05 0.8087438 0.5881612 7.763555E-05 0.8782035 0.4782871 -1.121972E-05 0.933024 0.359814 2.557031E-05 0.960775 0.277329 1.180051E-05 0.971912 0.2353446 0 0.9886985 0.1499174 0 0.9942837 0.10677 0 0.99972 -0.02366294 0 0.9938677 -0.1105767 0 0.9881139 -0.1537237 0 0.9709975 -0.2390896 0 0.9596714 -0.2811242 6.352051E-06 0.9147673 -0.4039812 6.505315E-06 0.8544714 -0.5194983 3.550897E-06 0.7792167 -0.6267546 2.255059E-05 0.691102 -0.7227573 7.871295E-06 0.5906573 -0.8069226 1.827471E-05 0.4806791 -0.8768966 -3.225017E-06 0.3620605 -0.9321546 8.661087E-06 0.2794958 -0.9601468 4.214061E-06 0.2374761 -0.9713933 0 0.1519656 -0.9883857 0 0.1087771 -0.9940662 1.740848E-09 -0.02178015 -0.9997628 0 -0.1087771 -0.9940662 -1.740848E-09 -0.1519656 -0.9883857 0 -0.2374176 -0.9714077 0 -0.2794964 -0.9601468 4.231077E-06 -0.4024819 -0.9154279 4.856617E-06 -0.5181288 -0.8553025 2.95407E-06 -0.6255361 -0.7801951 2.098855E-05 -0.7216707 -0.6922364 8.195132E-06 -0.8059939 -0.5919238 2.112162E-05 -0.8761172 -0.4820984 -4.109725E-06 -0.9315558 -0.3635984 1.254318E-05 -0.9596716 -0.2811236 6.33963E-06 -0.9709825 -0.2391504 0 -0.9881138 -0.1537238 0 -0.9938676 -0.1105769 0 -0.9998028 0.01985616 0 -0.9942837 0.1067699 0 -0.9886985 0.1499175 0 -0.9719254 0.2352891 0 -0.9607749 0.2773296 1.187235E-05 -0.9164322 0.4001901 1.620828E-05 -0.8567688 0.5157006 1.181568E-05 -0.7822144 0.6230093 0.0001033856 -0.6950319 0.7189788 5.208271E-05 -0.5957263 0.8031876 0.00018106 -0.4875191 0.8731123 -5.470082E-05 -0.3714535 0.9284515 0.000269644 -0.2919543 0.9564322 0.0001706253 -0.251751 0.9677921 0 -0.1736213 0.9848125 0 -0.1305262 0.9914448 0 0 0 1 0 0 1 0 0 1 0 0 1 0 0 1 0 0 1 0 0 1 0 0 1 0 0 1 0 0 1 0 0 1 0 0 1 0 0 1 0 0 1 0 0 1 0 0 1 0 0 1 0 0 1 0 0 1 0 0 1 0 0 1 0 0 1 0 0 1 0 0 1 0 0 1 0 0 1 0 0 1 0 0 1 0 0 1 0 0 1 0 0 1 0 0 1 0 0 1 0 0 1 0 0 1 0 0 1 0 0 1 0 0 1 0 0 1 0 0 1 0 0 1 0 0 1 0 0 1 0 0 1 0 0 1 0 0 1 0 0 1 0 0 1 0 0 1 0.9940385 -0.1090301 0 0.9997588 0.02196149 0 0.9997588 -0.02196149 0 0.988354 -0.1521723 0 0.9714055 -0.2374263 0 0.9601342 -0.2795392 0 0.9320765 -0.3622615 0 0.9152585 -0.402867 0 0.876722 -0.4809973 0 0.8550503 -0.518545 0 0.8065997 -0.5910981 0 0.7797714 -0.6260643 0 0.7222591 -0.6916226 0 0.6916226 -0.7222591 0 0.6260643 -0.7797714 0 0.5910981 -0.8065997 0 0.518545 -0.8550503 0 0.4809973 -0.8767221 0 0.402867 -0.9152585 0 0.3622615 -0.9320765 0 0.2795392 -0.9601343 0 0.2374263 -0.9714055 0 0.1521723 -0.988354 0 0.1090301 -0.9940385 0 0.02196149 -0.9997588 0 -0.02196149 -0.9997588 0 -0.1090301 -0.9940385 0 -0.1521723 -0.988354 0 -0.2374263 -0.9714055 0 -0.2795392 -0.9601342 0 -0.3622615 -0.9320765 0 -0.402867 -0.9152585 0 -0.4809973 -0.876722 0 -0.518545 -0.8550503 0 -0.5910981 -0.8065997 0 -0.6260643 -0.7797714 0 -0.6916226 -0.7222591 0 -0.7222591 -0.6916226 0 -0.7797714 -0.6260643 0 -0.8065997 -0.5910981 0 -0.8550503 -0.518545 0 -0.8767221 -0.4809973 0 -0.9152585 -0.402867 0 -0.9320765 -0.3622615 0 -0.9601343 -0.2795392 0 -0.9714055 -0.2374263 0 -0.988354 -0.1521723 0 -0.9940385 -0.1090301 0 -0.9997588 -0.02196149 0 -0.9997588 0.02196149 0 -0.9940385 0.1090301 0 -0.988354 0.1521723 0 -0.9714055 0.2374263 0 -0.9601342 0.2795392 0 -0.9320765 0.3622615 0 -0.9152585 0.402867 0 -0.876722 0.4809973 0 -0.8550503 0.518545 0 -0.8065997 0.5910981 0 -0.7797714 0.6260643 0 -0.7222591 0.6916226 0 -0.6916226 0.7222591 0 -0.6260643 0.7797714 0 -0.5910981 0.8065997 0 -0.518545 0.8550503 0 -0.4809973 0.8767221 0 -0.402867 0.9152585 0 -0.3622615 0.9320765 0 -0.2795392 0.9601343 0 -0.2374263 0.9714055 0 -0.1521723 0.988354 0 -0.1090301 0.9940385 0 -0.02196149 0.9997588 0 0.02196149 0.9997588 0 0.1090301 0.9940385 0 0.1521723 0.988354 0 0.2374263 0.9714055 0 0.2795392 0.9601342 0 0.3622615 0.9320765 0 0.402867 0.9152585 0 0.4809973 0.876722 0 0.518545 0.8550503 0 0.5910981 0.8065997 0 0.6260643 0.7797714 0 0.6916226 0.7222591 0 0.7222591 0.6916226 0 0.7797714 0.6260643 0 0.8065997 0.5910981 0 0.8550503 0.518545 0 0.8767221 0.4809973 0 0.9152585 0.402867 0 0.9320765 0.3622615 0 0.9601343 0.2795392 0 0.9714055 0.2374263 0 0.988354 0.1521723 0 0.9940385 0.1090301 0 0 -1 0 0 -1 0 0 -1 0 0 -1 0 0 -1 0 0 -1 0 0 -1 0 0 -1 0 0 0 1 0 0 1 1 0 0 1 0 0 1 0 0 1 0 0 -1 0 0 -1 0 0 -1 0 0 -1 0 0 0 -1 0 0 -1 0 0 -1 0 0 -1 0 0 -1 0 0 -1 0 0 -1 0 0 -1 0 0 0 1 0 0 1 1 0 0 1 0 0 1 0 0 1 0 0 -1 0 0 -1 0 0 -1 0 0 -1 0 0 0 -1 0 0 -1 0 0 -1 0 0 -1 0 0 -1 0 0 -1 0 0 -1 0 0 -1 0 0 0 1 0 0 1 -1 0 0 -1 0 0 -1 0 0 -1 0 0 1 0 0 1 0 0 1 0 0 1 0 0 0 -1 0 0 -1 0 0 -1 0 0 -1 0 
				</float_array>
				<technique_common>
					<accessor count="1947" source="#Part-76959_dot_dat-norm-array" stride="3">
						<param name="X" type="float" /><param name="Y" type="float" /><param name="Z" type="float" />
					</accessor>
				</technique_common>
			</source>
			<vertices id="Part-76959_dot_dat-vert">
				<input semantic="POSITION" source="#Part-76959_dot_dat-pos" />
			</vertices>
			<triangles count="2238" material="Base">
				<input semantic="VERTEX" source="#Part-76959_dot_dat-vert" offset="0" />
				<input semantic="NORMAL" source="#Part-76959_dot_dat-norm" offset="0" />
				<p>
					2 1 0 0 3 2 6 5 4 4 7 6 9 8 5 5 6 9 7 4 10 10 11 7 14 13 12 12 15 14 15 12 16 19 18 17 17 20 19 20 21 19 24 23 22 22 25 24 28 27 26 26 29 28 32 31 30 30 33 32 31 35 34 34 30 31 35 37 36 36 34 35 37 32 33 33 38 37 11 10 39 39 10 40 10 8 41 41 40 10 43 8 42 42 8 9 37 38 44 37 44 36 8 43 45 8 45 41 48 47 46 46 49 48 52 51 50 50 53 52 56 55 54 54 57 56 60 59 58 58 61 60 64 63 62 62 65 64 68 67 66 66 69 68 72 71 70 70 73 72 74 75 76 76 77 74 80 79 78 78 81 80 82 83 84 84 85 82 86 82 85 85 87 86 88 86 87 87 89 88 90 88 89 89 91 90 92 90 91 91 93 92 94 92 93 93 95 94 96 94 95 95 97 96 98 96 97 97 99 98 100 98 99 99 101 100 102 100 101 101 103 102 104 102 103 103 105 104 106 104 105 105 107 106 108 106 107 107 109 108 110 108 109 109 111 110 112 110 111 111 113 112 114 112 113 113 115 114 116 114 115 115 117 116 118 116 117 117 119 118 120 118 119 119 121 120 122 120 121 121 123 122 124 122 123 123 125 124 126 124 125 125 127 126 128 126 127 127 129 128 130 128 129 129 131 130 132 130 131 131 133 132 134 132 133 133 135 134 136 134 135 135 137 136 138 136 137 137 139 138 140 138 139 139 141 140 142 140 141 141 143 142 144 142 143 143 145 144 146 144 145 145 147 146 148 146 147 147 149 148 150 148 149 149 151 150 152 150 151 151 153 152 154 152 153 153 155 154 156 154 155 155 157 156 158 156 157 157 159 158 160 158 159 159 161 160 162 160 161 161 163 162 164 162 163 163 165 164 166 164 165 165 167 166 168 166 167 167 169 168 170 168 169 169 171 170 172 170 171 171 173 172 174 172 173 173 175 174 176 174 175 175 177 176 83 176 177 177 84 83 180 179 178 180 178 181 180 181 182 180 182 183 180 183 184 180 184 185 180 185 186 180 186 187 180 187 188 180 188 189 180 189 190 180 190 191 180 191 192 180 192 193 180 193 194 180 194 195 180 195 196 180 196 197 180 197 198 180 198 199 180 199 200 180 200 201 180 201 202 180 202 203 180 203 204 180 204 205 180 205 206 180 206 207 180 207 208 180 208 209 180 209 210 180 210 211 180 211 212 180 212 213 180 213 214 180 214 215 180 215 216 180 216 217 180 217 218 180 218 219 180 219 220 180 220 221 180 221 222 180 222 223 180 223 224 180 224 225 180 225 226 180 226 179 227 228 229 229 230 227 231 227 230 230 232 231 233 231 232 232 234 233 235 233 234 234 236 235 237 235 236 236 238 237 239 237 238 238 240 239 241 239 240 240 242 241 243 241 242 242 244 243 245 243 244 244 246 245 247 245 246 246 248 247 249 247 248 248 250 249 251 249 250 250 252 251 253 251 252 252 254 253 255 253 254 254 256 255 257 255 256 256 258 257 259 257 258 258 260 259 261 259 260 260 262 261 263 261 262 262 264 263 265 263 264 264 266 265 267 265 266 266 268 267 269 267 268 268 270 269 271 269 270 270 272 271 273 271 272 272 274 273 275 273 274 274 276 275 277 275 276 276 278 277 279 277 278 278 280 279 281 279 280 280 282 281 283 281 282 282 284 283 285 283 284 284 286 285 287 285 286 286 288 287 289 287 288 288 290 289 291 289 290 290 292 291 293 291 292 292 294 293 295 293 294 294 296 295 297 295 296 296 298 297 299 297 298 298 300 299 301 299 300 300 302 301 303 301 302 302 304 303 305 303 304 304 306 305 307 305 306 306 308 307 309 307 308 308 310 309 311 309 310 310 312 311 313 311 312 312 314 313 315 313 314 314 316 315 317 315 316 316 318 317 319 317 318 318 320 319 321 319 320 320 322 321 228 321 322 322 229 228 325 324 323 323 326 325 326 323 327 327 328 326 328 327 329 329 330 328 330 329 331 331 332 330 332 331 333 333 334 332 334 333 335 335 336 334 336 335 337 337 338 336 338 337 339 339 340 338 340 339 341 341 342 340 342 341 343 343 344 342 344 343 345 345 346 344 346 345 347 347 348 346 348 347 349 349 350 348 350 349 351 351 352 350 352 351 353 353 354 352 354 353 355 355 356 354 356 355 357 357 358 356 358 357 359 359 360 358 360 359 361 361 362 360 362 361 363 363 364 362 364 363 365 365 366 364 366 365 367 367 368 366 368 367 369 369 370 368 370 369 371 371 372 370 372 371 373 373 374 372 374 373 375 375 376 374 376 375 377 377 378 376 378 377 379 379 380 378 380 379 381 381 382 380 382 381 383 383 384 382 384 383 385 385 386 384 386 385 387 387 388 386 388 387 389 389 390 388 390 389 391 391 392 390 392 391 393 393 394 392 394 393 395 395 396 394 396 395 397 397 398 396 398 397 399 399 400 398 400 399 401 401 402 400 402 401 403 403 404 402 404 403 405 405 406 404 406 405 407 407 408 406 408 407 409 409 410 408 410 409 411 411 412 410 412 411 413 413 414 412 414 413 415 415 416 414 416 415 417 417 418 416 418 417 324 324 325 418 421 420 419 419 422 421 424 423 420 420 421 424 426 425 423 423 424 426 428 427 425 425 426 428 430 429 427 427 428 430 432 431 429 429 430 432 434 433 431 431 432 434 436 435 433 433 434 436 438 437 435 435 436 438 440 439 437 437 438 440 442 441 439 439 440 442 444 443 441 441 442 444 446 445 443 443 444 446 448 447 445 445 446 448 450 449 447 447 448 450 452 451 449 449 450 452 454 453 451 451 452 454 456 455 453 453 454 456 458 457 455 455 456 458 460 459 457 457 458 460 462 461 459 459 460 462 464 463 461 461 462 464 466 465 463 463 464 466 468 467 465 465 466 468 470 469 467 467 468 470 472 471 469 469 470 472 474 473 471 471 472 474 476 475 473 473 474 476 478 477 475 475 476 478 480 479 477 477 478 480 482 481 479 479 480 482 484 483 481 481 482 484 486 485 483 483 484 486 488 487 485 485 486 488 490 489 487 487 488 490 492 491 489 489 490 492 494 493 491 491 492 494 496 495 493 493 494 496 498 497 495 495 496 498 500 499 497 497 498 500 502 501 499 499 500 502 504 503 501 501 502 504 506 505 503 503 504 506 508 507 505 505 506 508 510 509 507 507 508 510 512 511 509 509 510 512 514 513 511 511 512 514 422 419 513 513 514 422 515 516 517 517 518 515 519 515 518 518 520 519 521 519 520 520 522 521 523 521 522 522 524 523 525 523 524 524 526 525 527 525 526 526 528 527 529 527 528 528 530 529 531 529 530 530 532 531 533 531 532 532 534 533 535 533 534 534 536 535 537 535 536 536 538 537 539 537 538 538 540 539 541 539 540 540 542 541 543 541 542 542 544 543 545 543 544 544 546 545 547 545 546 546 548 547 549 547 548 548 550 549 551 549 550 550 552 551 553 551 552 552 554 553 555 553 554 554 556 555 557 555 556 556 558 557 559 557 558 558 560 559 561 559 560 560 562 561 563 561 562 562 564 563 565 563 564 564 566 565 567 565 566 566 568 567 569 567 568 568 570 569 571 569 570 570 572 571 573 571 572 572 574 573 575 573 574 574 576 575 577 575 576 576 578 577 579 577 578 578 580 579 581 579 580 580 582 581 583 581 582 582 584 583 585 583 584 584 586 585 587 585 586 586 588 587 589 587 588 588 590 589 591 589 590 590 592 591 593 591 592 592 594 593 595 593 594 594 596 595 597 595 596 596 598 597 599 597 598 598 600 599 601 599 600 600 602 601 603 601 602 602 604 603 605 603 604 604 606 605 607 605 606 606 608 607 609 607 608 608 610 609 516 609 610 610 517 516 613 612 611 611 614 613 616 615 612 612 613 616 618 617 615 615 616 618 620 619 617 617 618 620 622 621 619 619 620 622 624 623 621 621 622 624 626 625 623 623 624 626 628 627 625 625 626 628 630 629 627 627 628 630 632 631 629 629 630 632 634 633 631 631 632 634 636 635 633 633 634 636 638 637 635 635 636 638 640 639 637 637 638 640 642 641 639 639 640 642 644 643 641 641 642 644 646 645 643 643 644 646 648 647 645 645 646 648 650 649 647 647 648 650 652 651 649 649 650 652 654 653 651 651 652 654 656 655 653 653 654 656 658 657 655 655 656 658 660 659 657 657 658 660 662 661 659 659 660 662 664 663 661 661 662 664 666 665 663 663 664 666 668 667 665 665 666 668 670 669 667 667 668 670 672 671 669 669 670 672 674 673 671 671 672 674 676 675 673 673 674 676 678 677 675 675 676 678 680 679 677 677 678 680 682 681 679 679 680 682 684 683 681 681 682 684 686 685 683 683 684 686 688 687 685 685 686 688 690 689 687 687 688 690 692 691 689 689 690 692 694 693 691 691 692 694 696 695 693 693 694 696 698 697 695 695 696 698 700 699 697 697 698 700 702 701 699 699 700 702 704 703 701 701 702 704 706 705 703 703 704 706 614 611 705 705 706 614 324 708 707 707 323 324 323 707 709 709 327 323 327 709 710 710 329 327 329 710 711 711 331 329 331 711 712 712 333 331 333 712 713 713 335 333 335 713 714 714 337 335 337 714 715 715 339 337 339 715 716 716 341 339 341 716 717 717 343 341 343 717 718 718 345 343 345 718 719 719 347 345 347 719 720 720 349 347 349 720 721 721 351 349 351 721 722 722 353 351 353 722 723 723 355 353 355 723 724 724 357 355 357 724 725 725 359 357 359 725 726 726 361 359 361 726 727 727 363 361 363 727 728 728 365 363 365 728 729 729 367 365 367 729 730 730 369 367 369 730 731 731 371 369 371 731 732 732 373 371 373 732 733 733 375 373 375 733 734 734 377 375 377 734 735 735 379 377 379 735 736 736 381 379 381 736 737 737 383 381 383 737 738 738 385 383 385 738 739 739 387 385 387 739 740 740 389 387 389 740 741 741 391 389 391 741 742 742 393 391 393 742 743 743 395 393 395 743 744 744 397 395 397 744 745 745 399 397 399 745 746 746 401 399 401 746 747 747 403 401 403 747 748 748 405 403 405 748 749 749 407 405 407 749 750 750 409 407 409 750 751 751 411 409 411 751 752 752 413 411 413 752 753 753 415 413 415 753 754 754 417 415 417 754 708 708 324 417 755 756 757 758 759 756 756 755 758 760 761 759 759 758 760 762 763 761 761 760 762 764 765 763 763 762 764 766 767 765 765 764 766 768 769 767 767 766 768 770 771 769 769 768 770 772 773 771 771 770 772 774 775 773 773 772 774 776 777 775 775 774 776 778 779 777 777 776 778 780 781 779 779 778 780 782 783 781 781 780 782 784 785 783 783 782 784 786 787 785 785 784 786 788 789 787 787 786 788 790 791 789 789 788 790 792 793 791 791 790 792 794 795 793 793 792 794 796 797 795 795 794 796 798 799 797 797 796 798 800 801 799 799 798 800 802 803 801 801 800 802 804 805 803 803 802 804 806 807 805 805 804 806 808 809 807 807 806 808 810 811 809 809 808 810 812 813 811 811 810 812 814 815 813 813 812 814 816 817 815 815 814 816 818 819 817 817 816 818 820 821 819 819 818 820 822 823 821 821 820 822 824 825 823 823 822 824 826 827 825 825 824 826 828 829 827 827 826 828 830 831 829 829 828 830 832 833 831 831 830 832 834 835 833 833 832 834 836 837 835 835 834 836 838 839 837 837 836 838 840 841 839 839 838 840 842 843 841 841 840 842 844 845 843 843 842 844 846 847 845 845 844 846 848 849 847 847 846 848 757 849 848 755 757 587 587 589 755 758 755 589 589 591 758 760 758 591 591 593 760 762 760 593 593 595 762 764 762 595 595 597 764 766 764 597 597 599 766 768 766 599 599 601 768 770 768 601 601 603 770 772 770 603 603 605 772 774 772 605 605 607 774 776 774 607 607 609 776 778 776 609 609 516 778 780 778 516 516 515 780 782 780 515 515 519 782 784 782 519 519 521 784 786 784 521 521 523 786 788 786 523 523 525 788 790 788 525 525 527 790 792 790 527 527 529 792 794 792 529 529 531 794 796 794 531 531 533 796 798 796 533 533 535 798 800 798 535 535 537 800 802 800 537 537 539 802 804 802 539 539 541 804 806 804 541 541 543 806 808 806 543 543 545 808 810 808 545 545 547 810 812 810 547 547 549 812 814 812 549 549 551 814 816 814 551 551 553 816 818 816 553 553 555 818 820 818 555 555 557 820 822 820 557 557 559 822 824 822 559 559 561 824 826 824 561 561 563 826 828 826 563 563 565 828 830 828 565 565 567 830 832 830 567 567 569 832 834 832 569 569 571 834 836 834 571 571 573 836 838 836 573 573 575 838 840 838 575 575 577 840 842 840 577 577 579 842 844 842 579 579 581 844 846 844 581 581 583 846 848 846 583 583 585 848 757 848 585 585 587 757 743 851 850 851 853 852 852 850 851 853 854 746 746 852 853 854 855 747 747 746 854 855 856 748 748 747 855 856 857 749 749 748 856 857 858 750 750 749 857 858 859 751 751 750 858 859 860 752 752 751 859 860 862 861 861 752 860 862 864 863 863 861 862 864 865 708 708 863 864 865 867 866 866 708 865 867 869 868 868 866 867 869 870 710 710 868 869 870 871 711 711 710 870 871 872 712 712 711 871 872 873 713 713 712 872 873 874 714 714 713 873 874 875 715 715 714 874 875 876 716 716 715 875 876 878 877 877 716 876 878 880 879 879 877 878 880 881 719 719 879 880 881 883 882 882 719 881 883 885 884 884 882 883 885 886 722 722 884 885 886 887 723 723 722 886 887 888 724 724 723 887 888 889 725 725 724 888 889 890 726 726 725 889 890 891 727 727 726 890 891 892 728 728 727 891 892 894 893 893 728 892 894 896 895 895 893 894 896 897 731 731 895 896 897 899 898 898 731 897 899 901 900 900 898 899 901 902 734 734 900 901 902 903 735 735 734 902 903 904 736 736 735 903 904 905 737 737 736 904 905 906 738 738 737 905 906 907 739 739 738 906 907 908 740 740 739 907 908 910 909 909 740 908 910 912 911 911 909 910 911 912 743 913 914 915 915 916 913 917 913 916 916 918 917 919 917 918 918 920 919 921 919 920 920 922 921 923 921 922 922 924 923 925 923 924 924 926 925 927 925 926 926 928 927 929 927 928 928 930 929 931 929 930 930 932 931 933 931 932 932 934 933 935 933 934 934 936 935 937 935 936 936 938 937 939 937 938 938 940 939 941 939 940 940 942 941 943 941 942 942 944 943 945 943 944 944 946 945 947 945 946 946 948 947 949 947 948 948 950 949 951 949 950 950 952 951 953 951 952 952 954 953 955 953 954 954 956 955 957 955 956 956 958 957 959 957 958 958 960 959 961 959 960 960 962 961 963 961 962 962 964 963 965 963 964 964 966 965 967 965 966 966 968 967 969 967 968 968 970 969 971 969 970 970 972 971 973 971 972 972 974 973 975 973 974 974 976 975 977 975 976 976 978 977 979 977 978 978 980 979 981 979 980 980 982 981 983 981 982 982 984 983 985 983 984 984 986 985 987 985 986 986 988 987 989 987 988 988 990 989 991 989 990 990 992 991 993 991 992 992 994 993 995 993 994 994 996 995 997 995 996 996 998 997 999 997 998 998 1000 999 1001 999 1000 1000 1002 1001 1003 1001 1002 1002 1004 1003 1005 1003 1004 1004 1006 1005 1007 1005 1006 1006 1008 1007 914 1007 1008 1008 915 914 1011 1010 1009 1011 1009 1012 1011 1012 1013 1011 1013 1014 1011 1014 1015 1011 1015 1016 1011 1016 1017 1011 1017 1018 1011 1018 1019 1011 1019 1020 1011 1020 1021 1011 1021 1022 1011 1022 1023 1011 1023 1024 1011 1024 1025 1011 1025 1026 1011 1026 1027 1011 1027 1028 1011 1028 1029 1011 1029 1030 1011 1030 1031 1011 1031 1032 1011 1032 1033 1011 1033 1034 1011 1034 1035 1011 1035 1036 1011 1036 1037 1011 1037 1038 1011 1038 1039 1011 1039 1040 1011 1040 1041 1011 1041 1042 1011 1042 1043 1011 1043 1044 1011 1044 1045 1011 1045 1046 1011 1046 1047 1011 1047 1048 1011 1048 1049 1011 1049 1050 1011 1050 1051 1011 1051 1052 1011 1052 1053 1011 1053 1054 1011 1054 1055 1011 1055 1056 1011 1056 1057 1011 1057 1010 1058 1059 1060 1060 1061 1058 1062 1058 1061 1061 1063 1062 1064 1062 1063 1063 1065 1064 1066 1064 1065 1065 1067 1066 1068 1066 1067 1067 1069 1068 1070 1068 1069 1069 1071 1070 1072 1070 1071 1071 1073 1072 1074 1072 1073 1073 1075 1074 1076 1074 1075 1075 1077 1076 1078 1076 1077 1077 1079 1078 1080 1078 1079 1079 1081 1080 1082 1080 1081 1081 1083 1082 1084 1082 1083 1083 1085 1084 1086 1084 1085 1085 1087 1086 1088 1086 1087 1087 1089 1088 1090 1088 1089 1089 1091 1090 1092 1090 1091 1091 1093 1092 1094 1092 1093 1093 1095 1094 1096 1094 1095 1095 1097 1096 1098 1096 1097 1097 1099 1098 1100 1098 1099 1099 1101 1100 1102 1100 1101 1101 1103 1102 1104 1102 1103 1103 1105 1104 1106 1104 1105 1105 1107 1106 1108 1106 1107 1107 1109 1108 1110 1108 1109 1109 1111 1110 1112 1110 1111 1111 1113 1112 1114 1112 1113 1113 1115 1114 1116 1114 1115 1115 1117 1116 1118 1116 1117 1117 1119 1118 1120 1118 1119 1119 1121 1120 1122 1120 1121 1121 1123 1122 1124 1122 1123 1123 1125 1124 1126 1124 1125 1125 1127 1126 1128 1126 1127 1127 1129 1128 1130 1128 1129 1129 1131 1130 1132 1130 1131 1131 1133 1132 1134 1132 1133 1133 1135 1134 1136 1134 1135 1135 1137 1136 1138 1136 1137 1137 1139 1138 1140 1138 1139 1139 1141 1140 1142 1140 1141 1141 1143 1142 1144 1142 1143 1143 1145 1144 1146 1144 1145 1145 1147 1146 1148 1146 1147 1147 1149 1148 1150 1148 1149 1149 1151 1150 1152 1150 1151 1151 1153 1152 1059 1152 1153 1153 1060 1059 1156 1155 1154 1154 1157 1156 1157 1154 1158 1158 1159 1157 1159 1158 1160 1160 1161 1159 1161 1160 1162 1162 1163 1161 1163 1162 1164 1164 1165 1163 1165 1164 1166 1166 1167 1165 1167 1166 1168 1168 1169 1167 1169 1168 1170 1170 1171 1169 1171 1170 1172 1172 1173 1171 1173 1172 1174 1174 1175 1173 1175 1174 1176 1176 1177 1175 1177 1176 1178 1178 1179 1177 1179 1178 1180 1180 1181 1179 1181 1180 1182 1182 1183 1181 1183 1182 1184 1184 1185 1183 1185 1184 1186 1186 1187 1185 1187 1186 1188 1188 1189 1187 1189 1188 1190 1190 1191 1189 1191 1190 1192 1192 1193 1191 1193 1192 1194 1194 1195 1193 1195 1194 1196 1196 1197 1195 1197 1196 1198 1198 1199 1197 1199 1198 1200 1200 1201 1199 1201 1200 1202 1202 1203 1201 1203 1202 1204 1204 1205 1203 1205 1204 1206 1206 1207 1205 1207 1206 1208 1208 1209 1207 1209 1208 1210 1210 1211 1209 1211 1210 1212 1212 1213 1211 1213 1212 1214 1214 1215 1213 1215 1214 1216 1216 1217 1215 1217 1216 1218 1218 1219 1217 1219 1218 1220 1220 1221 1219 1221 1220 1222 1222 1223 1221 1223 1222 1224 1224 1225 1223 1225 1224 1226 1226 1227 1225 1227 1226 1228 1228 1229 1227 1229 1228 1230 1230 1231 1229 1231 1230 1232 1232 1233 1231 1233 1232 1234 1234 1235 1233 1235 1234 1236 1236 1237 1235 1237 1236 1238 1238 1239 1237 1239 1238 1240 1240 1241 1239 1241 1240 1242 1242 1243 1241 1243 1242 1244 1244 1245 1243 1245 1244 1246 1246 1247 1245 1247 1246 1248 1248 1249 1247 1249 1248 1155 1155 1156 1249 1252 1251 1250 1250 1253 1252 1255 1254 1251 1251 1252 1255 1257 1256 1254 1254 1255 1257 1259 1258 1256 1256 1257 1259 1261 1260 1258 1258 1259 1261 1263 1262 1260 1260 1261 1263 1265 1264 1262 1262 1263 1265 1267 1266 1264 1264 1265 1267 1269 1268 1266 1266 1267 1269 1271 1270 1268 1268 1269 1271 1273 1272 1270 1270 1271 1273 1275 1274 1272 1272 1273 1275 1277 1276 1274 1274 1275 1277 1279 1278 1276 1276 1277 1279 1281 1280 1278 1278 1279 1281 1283 1282 1280 1280 1281 1283 1285 1284 1282 1282 1283 1285 1287 1286 1284 1284 1285 1287 1289 1288 1286 1286 1287 1289 1291 1290 1288 1288 1289 1291 1293 1292 1290 1290 1291 1293 1295 1294 1292 1292 1293 1295 1297 1296 1294 1294 1295 1297 1299 1298 1296 1296 1297 1299 1301 1300 1298 1298 1299 1301 1303 1302 1300 1300 1301 1303 1305 1304 1302 1302 1303 1305 1307 1306 1304 1304 1305 1307 1309 1308 1306 1306 1307 1309 1311 1310 1308 1308 1309 1311 1313 1312 1310 1310 1311 1313 1315 1314 1312 1312 1313 1315 1317 1316 1314 1314 1315 1317 1319 1318 1316 1316 1317 1319 1321 1320 1318 1318 1319 1321 1323 1322 1320 1320 1321 1323 1325 1324 1322 1322 1323 1325 1327 1326 1324 1324 1325 1327 1329 1328 1326 1326 1327 1329 1331 1330 1328 1328 1329 1331 1333 1332 1330 1330 1331 1333 1335 1334 1332 1332 1333 1335 1337 1336 1334 1334 1335 1337 1339 1338 1336 1336 1337 1339 1341 1340 1338 1338 1339 1341 1343 1342 1340 1340 1341 1343 1345 1344 1342 1342 1343 1345 1253 1250 1344 1344 1345 1253 1346 1347 1348 1348 1349 1346 1350 1346 1349 1349 1351 1350 1352 1350 1351 1351 1353 1352 1354 1352 1353 1353 1355 1354 1356 1354 1355 1355 1357 1356 1358 1356 1357 1357 1359 1358 1360 1358 1359 1359 1361 1360 1362 1360 1361 1361 1363 1362 1364 1362 1363 1363 1365 1364 1366 1364 1365 1365 1367 1366 1368 1366 1367 1367 1369 1368 1370 1368 1369 1369 1371 1370 1372 1370 1371 1371 1373 1372 1374 1372 1373 1373 1375 1374 1376 1374 1375 1375 1377 1376 1378 1376 1377 1377 1379 1378 1380 1378 1379 1379 1381 1380 1382 1380 1381 1381 1383 1382 1384 1382 1383 1383 1385 1384 1386 1384 1385 1385 1387 1386 1388 1386 1387 1387 1389 1388 1390 1388 1389 1389 1391 1390 1392 1390 1391 1391 1393 1392 1394 1392 1393 1393 1395 1394 1396 1394 1395 1395 1397 1396 1398 1396 1397 1397 1399 1398 1400 1398 1399 1399 1401 1400 1402 1400 1401 1401 1403 1402 1404 1402 1403 1403 1405 1404 1406 1404 1405 1405 1407 1406 1408 1406 1407 1407 1409 1408 1410 1408 1409 1409 1411 1410 1412 1410 1411 1411 1413 1412 1414 1412 1413 1413 1415 1414 1416 1414 1415 1415 1417 1416 1418 1416 1417 1417 1419 1418 1420 1418 1419 1419 1421 1420 1422 1420 1421 1421 1423 1422 1424 1422 1423 1423 1425 1424 1426 1424 1425 1425 1427 1426 1428 1426 1427 1427 1429 1428 1430 1428 1429 1429 1431 1430 1432 1430 1431 1431 1433 1432 1434 1432 1433 1433 1435 1434 1436 1434 1435 1435 1437 1436 1438 1436 1437 1437 1439 1438 1440 1438 1439 1439 1441 1440 1347 1440 1441 1441 1348 1347 1444 1443 1442 1442 1445 1444 1447 1446 1443 1443 1444 1447 1449 1448 1446 1446 1447 1449 1451 1450 1448 1448 1449 1451 1453 1452 1450 1450 1451 1453 1455 1454 1452 1452 1453 1455 1457 1456 1454 1454 1455 1457 1459 1458 1456 1456 1457 1459 1461 1460 1458 1458 1459 1461 1463 1462 1460 1460 1461 1463 1465 1464 1462 1462 1463 1465 1467 1466 1464 1464 1465 1467 1469 1468 1466 1466 1467 1469 1471 1470 1468 1468 1469 1471 1473 1472 1470 1470 1471 1473 1475 1474 1472 1472 1473 1475 1477 1476 1474 1474 1475 1477 1479 1478 1476 1476 1477 1479 1481 1480 1478 1478 1479 1481 1483 1482 1480 1480 1481 1483 1485 1484 1482 1482 1483 1485 1487 1486 1484 1484 1485 1487 1489 1488 1486 1486 1487 1489 1491 1490 1488 1488 1489 1491 1493 1492 1490 1490 1491 1493 1495 1494 1492 1492 1493 1495 1497 1496 1494 1494 1495 1497 1499 1498 1496 1496 1497 1499 1501 1500 1498 1498 1499 1501 1503 1502 1500 1500 1501 1503 1505 1504 1502 1502 1503 1505 1507 1506 1504 1504 1505 1507 1509 1508 1506 1506 1507 1509 1511 1510 1508 1508 1509 1511 1513 1512 1510 1510 1511 1513 1515 1514 1512 1512 1513 1515 1517 1516 1514 1514 1515 1517 1519 1518 1516 1516 1517 1519 1521 1520 1518 1518 1519 1521 1523 1522 1520 1520 1521 1523 1525 1524 1522 1522 1523 1525 1527 1526 1524 1524 1525 1527 1529 1528 1526 1526 1527 1529 1531 1530 1528 1528 1529 1531 1533 1532 1530 1530 1531 1533 1535 1534 1532 1532 1533 1535 1537 1536 1534 1534 1535 1537 1445 1442 1536 1536 1537 1445 1155 1539 1538 1538 1154 1155 1154 1538 1540 1540 1158 1154 1158 1540 1541 1541 1160 1158 1160 1541 1542 1542 1162 1160 1162 1542 1543 1543 1164 1162 1164 1543 1544 1544 1166 1164 1166 1544 1545 1545 1168 1166 1168 1545 1546 1546 1170 1168 1170 1546 1547 1547 1172 1170 1172 1547 1548 1548 1174 1172 1174 1548 1549 1549 1176 1174 1176 1549 1550 1550 1178 1176 1178 1550 1551 1551 1180 1178 1180 1551 1552 1552 1182 1180 1182 1552 1553 1553 1184 1182 1184 1553 1554 1554 1186 1184 1186 1554 1555 1555 1188 1186 1188 1555 1556 1556 1190 1188 1190 1556 1557 1557 1192 1190 1192 1557 1558 1558 1194 1192 1194 1558 1559 1559 1196 1194 1196 1559 1560 1560 1198 1196 1198 1560 1561 1561 1200 1198 1200 1561 1562 1562 1202 1200 1202 1562 1563 1563 1204 1202 1204 1563 1564 1564 1206 1204 1206 1564 1565 1565 1208 1206 1208 1565 1566 1566 1210 1208 1210 1566 1567 1567 1212 1210 1212 1567 1568 1568 1214 1212 1214 1568 1569 1569 1216 1214 1216 1569 1570 1570 1218 1216 1218 1570 1571 1571 1220 1218 1220 1571 1572 1572 1222 1220 1222 1572 1573 1573 1224 1222 1224 1573 1574 1574 1226 1224 1226 1574 1575 1575 1228 1226 1228 1575 1576 1576 1230 1228 1230 1576 1577 1577 1232 1230 1232 1577 1578 1578 1234 1232 1234 1578 1579 1579 1236 1234 1236 1579 1580 1580 1238 1236 1238 1580 1581 1581 1240 1238 1240 1581 1582 1582 1242 1240 1242 1582 1583 1583 1244 1242 1244 1583 1584 1584 1246 1244 1246 1584 1585 1585 1248 1246 1248 1585 1539 1539 1155 1248 1586 1587 1588 1589 1590 1587 1587 1586 1589 1591 1592 1590 1590 1589 1591 1593 1594 1592 1592 1591 1593 1595 1596 1594 1594 1593 1595 1597 1598 1596 1596 1595 1597 1599 1600 1598 1598 1597 1599 1601 1602 1600 1600 1599 1601 1603 1604 1602 1602 1601 1603 1605 1606 1604 1604 1603 1605 1607 1608 1606 1606 1605 1607 1609 1610 1608 1608 1607 1609 1611 1612 1610 1610 1609 1611 1613 1614 1612 1612 1611 1613 1615 1616 1614 1614 1613 1615 1617 1618 1616 1616 1615 1617 1619 1620 1618 1618 1617 1619 1621 1622 1620 1620 1619 1621 1623 1624 1622 1622 1621 1623 1625 1626 1624 1624 1623 1625 1627 1628 1626 1626 1625 1627 1629 1630 1628 1628 1627 1629 1631 1632 1630 1630 1629 1631 1633 1634 1632 1632 1631 1633 1635 1636 1634 1634 1633 1635 1637 1638 1636 1636 1635 1637 1639 1640 1638 1638 1637 1639 1641 1642 1640 1640 1639 1641 1643 1644 1642 1642 1641 1643 1645 1646 1644 1644 1643 1645 1647 1648 1646 1646 1645 1647 1649 1650 1648 1648 1647 1649 1651 1652 1650 1650 1649 1651 1653 1654 1652 1652 1651 1653 1655 1656 1654 1654 1653 1655 1657 1658 1656 1656 1655 1657 1659 1660 1658 1658 1657 1659 1661 1662 1660 1660 1659 1661 1663 1664 1662 1662 1661 1663 1665 1666 1664 1664 1663 1665 1667 1668 1666 1666 1665 1667 1669 1670 1668 1668 1667 1669 1671 1672 1670 1670 1669 1671 1673 1674 1672 1672 1671 1673 1675 1676 1674 1674 1673 1675 1677 1678 1676 1676 1675 1677 1679 1680 1678 1678 1677 1679 1588 1680 1679 1586 1588 1418 1418 1420 1586 1589 1586 1420 1420 1422 1589 1591 1589 1422 1422 1424 1591 1593 1591 1424 1424 1426 1593 1595 1593 1426 1426 1428 1595 1597 1595 1428 1428 1430 1597 1599 1597 1430 1430 1432 1599 1601 1599 1432 1432 1434 1601 1603 1601 1434 1434 1436 1603 1605 1603 1436 1436 1438 1605 1607 1605 1438 1438 1440 1607 1609 1607 1440 1440 1347 1609 1611 1609 1347 1347 1346 1611 1613 1611 1346 1346 1350 1613 1615 1613 1350 1350 1352 1615 1617 1615 1352 1352 1354 1617 1619 1617 1354 1354 1356 1619 1621 1619 1356 1356 1358 1621 1623 1621 1358 1358 1360 1623 1625 1623 1360 1360 1362 1625 1627 1625 1362 1362 1364 1627 1629 1627 1364 1364 1366 1629 1631 1629 1366 1366 1368 1631 1633 1631 1368 1368 1370 1633 1635 1633 1370 1370 1372 1635 1637 1635 1372 1372 1374 1637 1639 1637 1374 1374 1376 1639 1641 1639 1376 1376 1378 1641 1643 1641 1378 1378 1380 1643 1645 1643 1380 1380 1382 1645 1647 1645 1382 1382 1384 1647 1649 1647 1384 1384 1386 1649 1651 1649 1386 1386 1388 1651 1653 1651 1388 1388 1390 1653 1655 1653 1390 1390 1392 1655 1657 1655 1392 1392 1394 1657 1659 1657 1394 1394 1396 1659 1661 1659 1396 1396 1398 1661 1663 1661 1398 1398 1400 1663 1665 1663 1400 1400 1402 1665 1667 1665 1402 1402 1404 1667 1669 1667 1404 1404 1406 1669 1671 1669 1406 1406 1408 1671 1673 1671 1408 1408 1410 1673 1675 1673 1410 1410 1412 1675 1677 1675 1412 1412 1414 1677 1679 1677 1414 1414 1416 1679 1588 1679 1416 1416 1418 1588 1574 1682 1681 1682 1684 1683 1683 1681 1682 1684 1685 1577 1577 1683 1684 1685 1686 1578 1578 1577 1685 1686 1687 1579 1579 1578 1686 1687 1688 1580 1580 1579 1687 1688 1689 1581 1581 1580 1688 1689 1690 1582 1582 1581 1689 1690 1691 1583 1583 1582 1690 1691 1693 1692 1692 1583 1691 1693 1695 1694 1694 1692 1693 1695 1696 1539 1539 1694 1695 1696 1698 1697 1697 1539 1696 1698 1700 1699 1699 1697 1698 1700 1701 1541 1541 1699 1700 1701 1702 1542 1542 1541 1701 1702 1703 1543 1543 1542 1702 1703 1704 1544 1544 1543 1703 1704 1705 1545 1545 1544 1704 1705 1706 1546 1546 1545 1705 1706 1707 1547 1547 1546 1706 1707 1709 1708 1708 1547 1707 1709 1711 1710 1710 1708 1709 1711 1712 1550 1550 1710 1711 1712 1714 1713 1713 1550 1712 1714 1716 1715 1715 1713 1714 1716 1717 1553 1553 1715 1716 1717 1718 1554 1554 1553 1717 1718 1719 1555 1555 1554 1718 1719 1720 1556 1556 1555 1719 1720 1721 1557 1557 1556 1720 1721 1722 1558 1558 1557 1721 1722 1723 1559 1559 1558 1722 1723 1725 1724 1724 1559 1723 1725 1727 1726 1726 1724 1725 1727 1728 1562 1562 1726 1727 1728 1730 1729 1729 1562 1728 1730 1732 1731 1731 1729 1730 1732 1733 1565 1565 1731 1732 1733 1734 1566 1566 1565 1733 1734 1735 1567 1567 1566 1734 1735 1736 1568 1568 1567 1735 1736 1737 1569 1569 1568 1736 1737 1738 1570 1570 1569 1737 1738 1739 1571 1571 1570 1738 1739 1741 1740 1740 1571 1739 1741 1743 1742 1742 1740 1741 1742 1743 1574 1744 1745 1746 1747 1744 1746 1748 1747 1746 1749 1748 1746 1750 1749 1746 1751 1750 1746 1752 1751 1746 1753 1752 1746 1754 1753 1746 1755 1754 1746 1756 1755 1746 1757 1756 1746 1758 1757 1746 1759 1758 1746 1760 1759 1746 1761 1760 1746 1762 1761 1746 1763 1762 1746 1764 1763 1746 1765 1764 1746 1766 1765 1746 1767 1766 1746 1768 1767 1746 1769 1768 1746 1770 1769 1746 1771 1770 1746 1772 1771 1746 1773 1772 1746 1774 1773 1746 1775 1774 1746 1776 1775 1746 1777 1776 1746 1778 1777 1746 1779 1778 1746 1780 1779 1746 1781 1780 1746 1782 1781 1746 1783 1782 1746 1784 1783 1746 1785 1784 1746 1786 1785 1746 1787 1786 1746 1788 1787 1746 1789 1788 1746 1790 1789 1746 1791 1790 1746 1792 1791 1746 1745 1792 1746 1793 1794 1795 1795 1796 1793 1797 1793 1796 1796 1798 1797 1799 1797 1798 1798 1800 1799 1801 1799 1800 1800 1802 1801 1803 1801 1802 1802 1804 1803 1805 1803 1804 1804 1806 1805 1807 1805 1806 1806 1808 1807 1809 1807 1808 1808 1810 1809 1811 1809 1810 1810 1812 1811 1813 1811 1812 1812 1814 1813 1815 1813 1814 1814 1816 1815 1817 1815 1816 1816 1818 1817 1819 1817 1818 1818 1820 1819 1821 1819 1820 1820 1822 1821 1823 1821 1822 1822 1824 1823 1825 1823 1824 1824 1826 1825 1827 1825 1826 1826 1828 1827 1829 1827 1828 1828 1830 1829 1831 1829 1830 1830 1832 1831 1833 1831 1832 1832 1834 1833 1835 1833 1834 1834 1836 1835 1837 1835 1836 1836 1838 1837 1839 1837 1838 1838 1840 1839 1841 1839 1840 1840 1842 1841 1843 1841 1842 1842 1844 1843 1845 1843 1844 1844 1846 1845 1847 1845 1846 1846 1848 1847 1849 1847 1848 1848 1850 1849 1851 1849 1850 1850 1852 1851 1853 1851 1852 1852 1854 1853 1855 1853 1854 1854 1856 1855 1857 1855 1856 1856 1858 1857 1859 1857 1858 1858 1860 1859 1861 1859 1860 1860 1862 1861 1863 1861 1862 1862 1864 1863 1865 1863 1864 1864 1866 1865 1867 1865 1866 1866 1868 1867 1869 1867 1868 1868 1870 1869 1871 1869 1870 1870 1872 1871 1873 1871 1872 1872 1874 1873 1875 1873 1874 1874 1876 1875 1877 1875 1876 1876 1878 1877 1879 1877 1878 1878 1880 1879 1881 1879 1880 1880 1882 1881 1883 1881 1882 1882 1884 1883 1885 1883 1884 1884 1886 1885 1887 1885 1886 1886 1888 1887 1794 1887 1888 1888 1795 1794 1891 1890 1889 1889 1892 1891 1895 1894 1893 1893 1896 1895 39 40 1897 1897 1898 39 1901 1900 1899 1899 1902 1901 1905 1904 1903 1903 1906 1905 1909 1908 1907 1907 1910 1909 1913 1912 1911 1911 1914 1913 41 45 1915 1915 1916 41 1919 1918 1917 1917 1920 1919 1923 1922 1921 1921 1924 1923 1927 1926 1925 1925 1928 1927 1929 1930 1931 1931 1932 1929 1933 43 42 42 1934 1933 1935 1936 1937 1937 1938 1935 1939 1940 1941 1941 1942 1939 1945 1944 1943 1943 1946 1945 
				</p>
			</triangles>
		</mesh>
	</geometry>
	<geometry id="Part-3666_dot_dat" name="Part-3666_dot_dat">
		<mesh>
			<source id="Part-3666_dot_dat-pos" name="Part-3666_dot_dat-pos">
				<float_array id="Part-3666_dot_dat-pos-array" count="4929">
					43.9656 -0.522 8 44 0 8 40 0 8 43.8636 -1.0352 8 43.6956 -1.5308 8 43.464 -2 8 43.1736 -2.4352 8 42.8284 -2.8284 8 42.4352 -3.1736 8 42 -3.464 8 41.5308 -3.6956 8 41.0352 -3.8636 8 40.522 -3.9656 8 40 -4 8 39.478 -3.9656 8 38.9648 -3.8636 8 38.4692 -3.6956 8 38 -3.464 8 37.5648 -3.1736 8 37.1716 -2.8284 8 36.8264 -2.4352 8 36.536 -2 8 36.3044 -1.5308 8 36.1364 -1.0352 8 36.0344 -0.522 8 36 0 8 36.0344 0.522 8 36.1364 1.0352 8 36.3044 1.5308 8 36.536 2 8 36.8264 2.4352 8 37.1716 2.8284 8 37.5648 3.1736 8 38 3.464 8 38.4692 3.6956 8 38.9648 3.8636 8 39.478 3.9656 8 40 4 8 40.522 3.9656 8 41.0352 3.8636 8 41.5308 3.6956 8 42 3.464 8 42.4352 3.1736 8 42.8284 2.8284 8 43.1736 2.4352 8 43.464 2 8 43.6956 1.5308 8 43.8636 1.0352 8 43.9656 0.522 8 43.9656 -0.522 4 44 0 4 44 0 8 43.9656 -0.522 8 43.8636 -1.0352 4 43.8636 -1.0352 8 43.6956 -1.5308 4 43.6956 -1.5308 8 43.464 -2 4 43.464 -2 8 43.1736 -2.4352 4 43.1736 -2.4352 8 42.8284 -2.8284 4 42.8284 -2.8284 8 42.4352 -3.1736 4 42.4352 -3.1736 8 42 -3.464 4 42 -3.464 8 41.5308 -3.6956 4 41.5308 -3.6956 8 41.0352 -3.8636 4 41.0352 -3.8636 8 40.522 -3.9656 4 40.522 -3.9656 8 40 -4 4 40 -4 8 39.478 -3.9656 4 39.478 -3.9656 8 38.9648 -3.8636 4 38.9648 -3.8636 8 38.4692 -3.6956 4 38.4692 -3.6956 8 38 -3.464 4 38 -3.464 8 37.5648 -3.1736 4 37.5648 -3.1736 8 37.1716 -2.8284 4 37.1716 -2.8284 8 36.8264 -2.4352 4 36.8264 -2.4352 8 36.536 -2 4 36.536 -2 8 36.3044 -1.5308 4 36.3044 -1.5308 8 36.1364 -1.0352 4 36.1364 -1.0352 8 36.0344 -0.522 4 36.0344 -0.522 8 36 0 4 36 0 8 36.0344 0.522 4 36.0344 0.522 8 36.1364 1.0352 4 36.1364 1.0352 8 36.3044 1.5308 4 36.3044 1.5308 8 36.536 2 4 36.536 2 8 36.8264 2.4352 4 36.8264 2.4352 8 37.1716 2.8284 4 37.1716 2.8284 8 37.5648 3.1736 4 37.5648 3.1736 8 38 3.464 4 38 3.464 8 38.4692 3.6956 4 38.4692 3.6956 8 38.9648 3.8636 4 38.9648 3.8636 8 39.478 3.9656 4 39.478 3.9656 8 40 4 4 40 4 8 40.522 3.9656 4 40.522 3.9656 8 41.0352 3.8636 4 41.0352 3.8636 8 41.5308 3.6956 4 41.5308 3.6956 8 42 3.464 4 42 3.464 8 42.4352 3.1736 4 42.4352 3.1736 8 42.8284 2.8284 4 42.8284 2.8284 8 43.1736 2.4352 4 43.1736 2.4352 8 43.464 2 4 43.464 2 8 43.6956 1.5308 4 43.6956 1.5308 8 43.8636 1.0352 4 43.8636 1.0352 8 43.9656 0.522 4 43.9656 0.522 8 23.9656 -0.522 8 24 0 8 20 0 8 23.8636 -1.0352 8 23.6956 -1.5308 8 23.464 -2 8 23.1736 -2.4352 8 22.8284 -2.8284 8 22.4352 -3.1736 8 22 -3.464 8 21.5308 -3.6956 8 21.0352 -3.8636 8 20.522 -3.9656 8 20 -4 8 19.478 -3.9656 8 18.9648 -3.8636 8 18.4692 -3.6956 8 18 -3.464 8 17.5648 -3.1736 8 17.1716 -2.8284 8 16.8264 -2.4352 8 16.536 -2 8 16.3044 -1.5308 8 16.1364 -1.0352 8 16.0344 -0.522 8 16 0 8 16.0344 0.522 8 16.1364 1.0352 8 16.3044 1.5308 8 16.536 2 8 16.8264 2.4352 8 17.1716 2.8284 8 17.5648 3.1736 8 18 3.464 8 18.4692 3.6956 8 18.9648 3.8636 8 19.478 3.9656 8 20 4 8 20.522 3.9656 8 21.0352 3.8636 8 21.5308 3.6956 8 22 3.464 8 22.4352 3.1736 8 22.8284 2.8284 8 23.1736 2.4352 8 23.464 2 8 23.6956 1.5308 8 23.8636 1.0352 8 23.9656 0.522 8 23.9656 -0.522 4 24 0 4 24 0 8 23.9656 -0.522 8 23.8636 -1.0352 4 23.8636 -1.0352 8 23.6956 -1.5308 4 23.6956 -1.5308 8 23.464 -2 4 23.464 -2 8 23.1736 -2.4352 4 23.1736 -2.4352 8 22.8284 -2.8284 4 22.8284 -2.8284 8 22.4352 -3.1736 4 22.4352 -3.1736 8 22 -3.464 4 22 -3.464 8 21.5308 -3.6956 4 21.5308 -3.6956 8 21.0352 -3.8636 4 21.0352 -3.8636 8 20.522 -3.9656 4 20.522 -3.9656 8 20 -4 4 20 -4 8 19.478 -3.9656 4 19.478 -3.9656 8 18.9648 -3.8636 4 18.9648 -3.8636 8 18.4692 -3.6956 4 18.4692 -3.6956 8 18 -3.464 4 18 -3.464 8 17.5648 -3.1736 4 17.5648 -3.1736 8 17.1716 -2.8284 4 17.1716 -2.8284 8 16.8264 -2.4352 4 16.8264 -2.4352 8 16.536 -2 4 16.536 -2 8 16.3044 -1.5308 4 16.3044 -1.5308 8 16.1364 -1.0352 4 16.1364 -1.0352 8 16.0344 -0.522 4 16.0344 -0.522 8 16 0 4 16 0 8 16.0344 0.522 4 16.0344 0.522 8 16.1364 1.0352 4 16.1364 1.0352 8 16.3044 1.5308 4 16.3044 1.5308 8 16.536 2 4 16.536 2 8 16.8264 2.4352 4 16.8264 2.4352 8 17.1716 2.8284 4 17.1716 2.8284 8 17.5648 3.1736 4 17.5648 3.1736 8 18 3.464 4 18 3.464 8 18.4692 3.6956 4 18.4692 3.6956 8 18.9648 3.8636 4 18.9648 3.8636 8 19.478 3.9656 4 19.478 3.9656 8 20 4 4 20 4 8 20.522 3.9656 4 20.522 3.9656 8 21.0352 3.8636 4 21.0352 3.8636 8 21.5308 3.6956 4 21.5308 3.6956 8 22 3.464 4 22 3.464 8 22.4352 3.1736 4 22.4352 3.1736 8 22.8284 2.8284 4 22.8284 2.8284 8 23.1736 2.4352 4 23.1736 2.4352 8 23.464 2 4 23.464 2 8 23.6956 1.5308 4 23.6956 1.5308 8 23.8636 1.0352 4 23.8636 1.0352 8 23.9656 0.522 4 23.9656 0.522 8 3.9656 -0.522 8 4 0 8 0 0 8 3.8636 -1.0352 8 3.6956 -1.5308 8 3.464 -2 8 3.1736 -2.4352 8 2.8284 -2.8284 8 2.4352 -3.1736 8 2 -3.464 8 1.5308 -3.6956 8 1.0352 -3.8636 8 0.522 -3.9656 8 0 -4 8 -0.522 -3.9656 8 -1.0352 -3.8636 8 -1.5308 -3.6956 8 -2 -3.464 8 -2.4352 -3.1736 8 -2.8284 -2.8284 8 -3.1736 -2.4352 8 -3.464 -2 8 -3.6956 -1.5308 8 -3.8636 -1.0352 8 -3.9656 -0.522 8 -4 0 8 -3.9656 0.522 8 -3.8636 1.0352 8 -3.6956 1.5308 8 -3.464 2 8 -3.1736 2.4352 8 -2.8284 2.8284 8 -2.4352 3.1736 8 -2 3.464 8 -1.5308 3.6956 8 -1.0352 3.8636 8 -0.522 3.9656 8 0 4 8 0.522 3.9656 8 1.0352 3.8636 8 1.5308 3.6956 8 2 3.464 8 2.4352 3.1736 8 2.8284 2.8284 8 3.1736 2.4352 8 3.464 2 8 3.6956 1.5308 8 3.8636 1.0352 8 3.9656 0.522 8 3.9656 -0.522 4 4 0 4 4 0 8 3.9656 -0.522 8 3.8636 -1.0352 4 3.8636 -1.0352 8 3.6956 -1.5308 4 3.6956 -1.5308 8 3.464 -2 4 3.464 -2 8 3.1736 -2.4352 4 3.1736 -2.4352 8 2.8284 -2.8284 4 2.8284 -2.8284 8 2.4352 -3.1736 4 2.4352 -3.1736 8 2 -3.464 4 2 -3.464 8 1.5308 -3.6956 4 1.5308 -3.6956 8 1.0352 -3.8636 4 1.0352 -3.8636 8 0.522 -3.9656 4 0.522 -3.9656 8 0 -4 4 0 -4 8 -0.522 -3.9656 4 -0.522 -3.9656 8 -1.0352 -3.8636 4 -1.0352 -3.8636 8 -1.5308 -3.6956 4 -1.5308 -3.6956 8 -2 -3.464 4 -2 -3.464 8 -2.4352 -3.1736 4 -2.4352 -3.1736 8 -2.8284 -2.8284 4 -2.8284 -2.8284 8 -3.1736 -2.4352 4 -3.1736 -2.4352 8 -3.464 -2 4 -3.464 -2 8 -3.6956 -1.5308 4 -3.6956 -1.5308 8 -3.8636 -1.0352 4 -3.8636 -1.0352 8 -3.9656 -0.522 4 -3.9656 -0.522 8 -4 0 4 -4 0 8 -3.9656 0.522 4 -3.9656 0.522 8 -3.8636 1.0352 4 -3.8636 1.0352 8 -3.6956 1.5308 4 -3.6956 1.5308 8 -3.464 2 4 -3.464 2 8 -3.1736 2.4352 4 -3.1736 2.4352 8 -2.8284 2.8284 4 -2.8284 2.8284 8 -2.4352 3.1736 4 -2.4352 3.1736 8 -2 3.464 4 -2 3.464 8 -1.5308 3.6956 4 -1.5308 3.6956 8 -1.0352 3.8636 4 -1.0352 3.8636 8 -0.522 3.9656 4 -0.522 3.9656 8 0 4 4 0 4 8 0.522 3.9656 4 0.522 3.9656 8 1.0352 3.8636 4 1.0352 3.8636 8 1.5308 3.6956 4 1.5308 3.6956 8 2 3.464 4 2 3.464 8 2.4352 3.1736 4 2.4352 3.1736 8 2.8284 2.8284 4 2.8284 2.8284 8 3.1736 2.4352 4 3.1736 2.4352 8 3.464 2 4 3.464 2 8 3.6956 1.5308 4 3.6956 1.5308 8 3.8636 1.0352 4 3.8636 1.0352 8 3.9656 0.522 4 3.9656 0.522 8 -16.0344 -0.522 8 -16 0 8 -20 0 8 -16.1364 -1.0352 8 -16.3044 -1.5308 8 -16.536 -2 8 -16.8264 -2.4352 8 -17.1716 -2.8284 8 -17.5648 -3.1736 8 -18 -3.464 8 -18.4692 -3.6956 8 -18.9648 -3.8636 8 -19.478 -3.9656 8 -20 -4 8 -20.522 -3.9656 8 -21.0352 -3.8636 8 -21.5308 -3.6956 8 -22 -3.464 8 -22.4352 -3.1736 8 -22.8284 -2.8284 8 -23.1736 -2.4352 8 -23.464 -2 8 -23.6956 -1.5308 8 -23.8636 -1.0352 8 -23.9656 -0.522 8 -24 0 8 -23.9656 0.522 8 -23.8636 1.0352 8 -23.6956 1.5308 8 -23.464 2 8 -23.1736 2.4352 8 -22.8284 2.8284 8 -22.4352 3.1736 8 -22 3.464 8 -21.5308 3.6956 8 -21.0352 3.8636 8 -20.522 3.9656 8 -20 4 8 -19.478 3.9656 8 -18.9648 3.8636 8 -18.4692 3.6956 8 -18 3.464 8 -17.5648 3.1736 8 -17.1716 2.8284 8 -16.8264 2.4352 8 -16.536 2 8 -16.3044 1.5308 8 -16.1364 1.0352 8 -16.0344 0.522 8 -16.0344 -0.522 4 -16 0 4 -16 0 8 -16.0344 -0.522 8 -16.1364 -1.0352 4 -16.1364 -1.0352 8 -16.3044 -1.5308 4 -16.3044 -1.5308 8 -16.536 -2 4 -16.536 -2 8 -16.8264 -2.4352 4 -16.8264 -2.4352 8 -17.1716 -2.8284 4 -17.1716 -2.8284 8 -17.5648 -3.1736 4 -17.5648 -3.1736 8 -18 -3.464 4 -18 -3.464 8 -18.4692 -3.6956 4 -18.4692 -3.6956 8 -18.9648 -3.8636 4 -18.9648 -3.8636 8 -19.478 -3.9656 4 -19.478 -3.9656 8 -20 -4 4 -20 -4 8 -20.522 -3.9656 4 -20.522 -3.9656 8 -21.0352 -3.8636 4 -21.0352 -3.8636 8 -21.5308 -3.6956 4 -21.5308 -3.6956 8 -22 -3.464 4 -22 -3.464 8 -22.4352 -3.1736 4 -22.4352 -3.1736 8 -22.8284 -2.8284 4 -22.8284 -2.8284 8 -23.1736 -2.4352 4 -23.1736 -2.4352 8 -23.464 -2 4 -23.464 -2 8 -23.6956 -1.5308 4 -23.6956 -1.5308 8 -23.8636 -1.0352 4 -23.8636 -1.0352 8 -23.9656 -0.522 4 -23.9656 -0.522 8 -24 0 4 -24 0 8 -23.9656 0.522 4 -23.9656 0.522 8 -23.8636 1.0352 4 -23.8636 1.0352 8 -23.6956 1.5308 4 -23.6956 1.5308 8 -23.464 2 4 -23.464 2 8 -23.1736 2.4352 4 -23.1736 2.4352 8 -22.8284 2.8284 4 -22.8284 2.8284 8 -22.4352 3.1736 4 -22.4352 3.1736 8 -22 3.464 4 -22 3.464 8 -21.5308 3.6956 4 -21.5308 3.6956 8 -21.0352 3.8636 4 -21.0352 3.8636 8 -20.522 3.9656 4 -20.522 3.9656 8 -20 4 4 -20 4 8 -19.478 3.9656 4 -19.478 3.9656 8 -18.9648 3.8636 4 -18.9648 3.8636 8 -18.4692 3.6956 4 -18.4692 3.6956 8 -18 3.464 4 -18 3.464 8 -17.5648 3.1736 4 -17.5648 3.1736 8 -17.1716 2.8284 4 -17.1716 2.8284 8 -16.8264 2.4352 4 -16.8264 2.4352 8 -16.536 2 4 -16.536 2 8 -16.3044 1.5308 4 -16.3044 1.5308 8 -16.1364 1.0352 4 -16.1364 1.0352 8 -16.0344 0.522 4 -16.0344 0.522 8 -36.0344 -0.522 8 -36 0 8 -40 0 8 -36.1364 -1.0352 8 -36.3044 -1.5308 8 -36.536 -2 8 -36.8264 -2.4352 8 -37.1716 -2.8284 8 -37.5648 -3.1736 8 -38 -3.464 8 -38.4692 -3.6956 8 -38.9648 -3.8636 8 -39.478 -3.9656 8 -40 -4 8 -40.522 -3.9656 8 -41.0352 -3.8636 8 -41.5308 -3.6956 8 -42 -3.464 8 -42.4352 -3.1736 8 -42.8284 -2.8284 8 -43.1736 -2.4352 8 -43.464 -2 8 -43.6956 -1.5308 8 -43.8636 -1.0352 8 -43.9656 -0.522 8 -44 0 8 -43.9656 0.522 8 -43.8636 1.0352 8 -43.6956 1.5308 8 -43.464 2 8 -43.1736 2.4352 8 -42.8284 2.8284 8 -42.4352 3.1736 8 -42 3.464 8 -41.5308 3.6956 8 -41.0352 3.8636 8 -40.522 3.9656 8 -40 4 8 -39.478 3.9656 8 -38.9648 3.8636 8 -38.4692 3.6956 8 -38 3.464 8 -37.5648 3.1736 8 -37.1716 2.8284 8 -36.8264 2.4352 8 -36.536 2 8 -36.3044 1.5308 8 -36.1364 1.0352 8 -36.0344 0.522 8 -36.0344 -0.522 4 -36 0 4 -36 0 8 -36.0344 -0.522 8 -36.1364 -1.0352 4 -36.1364 -1.0352 8 -36.3044 -1.5308 4 -36.3044 -1.5308 8 -36.536 -2 4 -36.536 -2 8 -36.8264 -2.4352 4 -36.8264 -2.4352 8 -37.1716 -2.8284 4 -37.1716 -2.8284 8 -37.5648 -3.1736 4 -37.5648 -3.1736 8 -38 -3.464 4 -38 -3.464 8 -38.4692 -3.6956 4 -38.4692 -3.6956 8 -38.9648 -3.8636 4 -38.9648 -3.8636 8 -39.478 -3.9656 4 -39.478 -3.9656 8 -40 -4 4 -40 -4 8 -40.522 -3.9656 4 -40.522 -3.9656 8 -41.0352 -3.8636 4 -41.0352 -3.8636 8 -41.5308 -3.6956 4 -41.5308 -3.6956 8 -42 -3.464 4 -42 -3.464 8 -42.4352 -3.1736 4 -42.4352 -3.1736 8 -42.8284 -2.8284 4 -42.8284 -2.8284 8 -43.1736 -2.4352 4 -43.1736 -2.4352 8 -43.464 -2 4 -43.464 -2 8 -43.6956 -1.5308 4 -43.6956 -1.5308 8 -43.8636 -1.0352 4 -43.8636 -1.0352 8 -43.9656 -0.522 4 -43.9656 -0.522 8 -44 0 4 -44 0 8 -43.9656 0.522 4 -43.9656 0.522 8 -43.8636 1.0352 4 -43.8636 1.0352 8 -43.6956 1.5308 4 -43.6956 1.5308 8 -43.464 2 4 -43.464 2 8 -43.1736 2.4352 4 -43.1736 2.4352 8 -42.8284 2.8284 4 -42.8284 2.8284 8 -42.4352 3.1736 4 -42.4352 3.1736 8 -42 3.464 4 -42 3.464 8 -41.5308 3.6956 4 -41.5308 3.6956 8 -41.0352 3.8636 4 -41.0352 3.8636 8 -40.522 3.9656 4 -40.522 3.9656 8 -40 4 4 -40 4 8 -39.478 3.9656 4 -39.478 3.9656 8 -38.9648 3.8636 4 -38.9648 3.8636 8 -38.4692 3.6956 4 -38.4692 3.6956 8 -38 3.464 4 -38 3.464 8 -37.5648 3.1736 4 -37.5648 3.1736 8 -37.1716 2.8284 4 -37.1716 2.8284 8 -36.8264 2.4352 4 -36.8264 2.4352 8 -36.536 2 4 -36.536 2 8 -36.3044 1.5308 4 -36.3044 1.5308 8 -36.1364 1.0352 4 -36.1364 1.0352 8 -36.0344 0.522 4 -36.0344 0.522 8 -56 6 4 56 6 4 56 -6 4 -56 -6 4 56 -6 4 56 -6 8 -56 -6 8 -56 -6 4 -56 -6 4 -56 -6 8 -56 6 8 -56 6 4 -56 6 4 -56 6 8 56 6 8 56 6 4 56 6 4 56 6 8 56 -6 8 56 -6 4 -60 -10 8 -56 -6 8 56 -6 8 60 -10 8 -60 10 8 -56 6 8 60 10 8 56 6 8 -60 10 0 60 10 0 60 -10 0 -60 -10 0 60 -10 0 60 -10 8 -60 -10 8 -60 -10 0 -60 -10 0 -60 -10 8 -60 10 8 -60 10 0 -60 10 0 -60 10 8 60 10 8 60 10 0 60 10 0 60 10 8 60 -10 8 60 -10 0 55.9484 -0.783 -4 56 0 -4 56 0 0 55.9484 -0.783 0 55.7954 -1.5528 -4 55.7954 -1.5528 0 55.5434 -2.2962 -4 55.5434 -2.2962 0 55.196 -3 -4 55.196 -3 0 54.7604 -3.6528 -4 54.7604 -3.6528 0 54.2426 -4.2426 -4 54.2426 -4.2426 0 53.6528 -4.7604 -4 53.6528 -4.7604 0 53 -5.196 -4 53 -5.196 0 52.2962 -5.5434 -4 52.2962 -5.5434 0 51.5528 -5.7954 -4 51.5528 -5.7954 0 50.783 -5.9484 -4 50.783 -5.9484 0 50 -6 -4 50 -6 0 49.217 -5.9484 -4 49.217 -5.9484 0 48.4472 -5.7954 -4 48.4472 -5.7954 0 47.7038 -5.5434 -4 47.7038 -5.5434 0 47 -5.196 -4 47 -5.196 0 46.3472 -4.7604 -4 46.3472 -4.7604 0 45.7574 -4.2426 -4 45.7574 -4.2426 0 45.2396 -3.6528 -4 45.2396 -3.6528 0 44.804 -3 -4 44.804 -3 0 44.4566 -2.2962 -4 44.4566 -2.2962 0 44.2046 -1.5528 -4 44.2046 -1.5528 0 44.0516 -0.783 -4 44.0516 -0.783 0 44 0 -4 44 0 0 44.0516 0.783 -4 44.0516 0.783 0 44.2046 1.5528 -4 44.2046 1.5528 0 44.4566 2.2962 -4 44.4566 2.2962 0 44.804 3 -4 44.804 3 0 45.2396 3.6528 -4 45.2396 3.6528 0 45.7574 4.2426 -4 45.7574 4.2426 0 46.3472 4.7604 -4 46.3472 4.7604 0 47 5.196 -4 47 5.196 0 47.7038 5.5434 -4 47.7038 5.5434 0 48.4472 5.7954 -4 48.4472 5.7954 0 49.217 5.9484 -4 49.217 5.9484 0 50 6 -4 50 6 0 50.783 5.9484 -4 50.783 5.9484 0 51.5528 5.7954 -4 51.5528 5.7954 0 52.2962 5.5434 -4 52.2962 5.5434 0 53 5.196 -4 53 5.196 0 53.6528 4.7604 -4 53.6528 4.7604 0 54.2426 4.2426 -4 54.2426 4.2426 0 54.7604 3.6528 -4 54.7604 3.6528 0 55.196 3 -4 55.196 3 0 55.5434 2.2962 -4 55.5434 2.2962 0 55.7954 1.5528 -4 55.7954 1.5528 0 55.9484 0.783 -4 55.9484 0.783 0 55.9484 -0.783 -4 56 0 -4 50 0 -4 55.7954 -1.5528 -4 55.5434 -2.2962 -4 55.196 -3 -4 54.7604 -3.6528 -4 54.2426 -4.2426 -4 53.6528 -4.7604 -4 53 -5.196 -4 52.2962 -5.5434 -4 51.5528 -5.7954 -4 50.783 -5.9484 -4 50 -6 -4 49.217 -5.9484 -4 48.4472 -5.7954 -4 47.7038 -5.5434 -4 47 -5.196 -4 46.3472 -4.7604 -4 45.7574 -4.2426 -4 45.2396 -3.6528 -4 44.804 -3 -4 44.4566 -2.2962 -4 44.2046 -1.5528 -4 44.0516 -0.783 -4 44 0 -4 44.0516 0.783 -4 44.2046 1.5528 -4 44.4566 2.2962 -4 44.804 3 -4 45.2396 3.6528 -4 45.7574 4.2426 -4 46.3472 4.7604 -4 47 5.196 -4 47.7038 5.5434 -4 48.4472 5.7954 -4 49.217 5.9484 -4 50 6 -4 50.783 5.9484 -4 51.5528 5.7954 -4 52.2962 5.5434 -4 53 5.196 -4 53.6528 4.7604 -4 54.2426 4.2426 -4 54.7604 3.6528 -4 55.196 3 -4 55.5434 2.2962 -4 55.7954 1.5528 -4 55.9484 0.783 -4 35.9484 -0.783 -4 36 0 -4 36 0 0 35.9484 -0.783 0 35.7954 -1.5528 -4 35.7954 -1.5528 0 35.5434 -2.2962 -4 35.5434 -2.2962 0 35.196 -3 -4 35.196 -3 0 34.7604 -3.6528 -4 34.7604 -3.6528 0 34.2426 -4.2426 -4 34.2426 -4.2426 0 33.6528 -4.7604 -4 33.6528 -4.7604 0 33 -5.196 -4 33 -5.196 0 32.2962 -5.5434 -4 32.2962 -5.5434 0 31.5528 -5.7954 -4 31.5528 -5.7954 0 30.783 -5.9484 -4 30.783 -5.9484 0 30 -6 -4 30 -6 0 29.217 -5.9484 -4 29.217 -5.9484 0 28.4472 -5.7954 -4 28.4472 -5.7954 0 27.7038 -5.5434 -4 27.7038 -5.5434 0 27 -5.196 -4 27 -5.196 0 26.3472 -4.7604 -4 26.3472 -4.7604 0 25.7574 -4.2426 -4 25.7574 -4.2426 0 25.2396 -3.6528 -4 25.2396 -3.6528 0 24.804 -3 -4 24.804 -3 0 24.4566 -2.2962 -4 24.4566 -2.2962 0 24.2046 -1.5528 -4 24.2046 -1.5528 0 24.0516 -0.783 -4 24.0516 -0.783 0 24 0 -4 24 0 0 24.0516 0.783 -4 24.0516 0.783 0 24.2046 1.5528 -4 24.2046 1.5528 0 24.4566 2.2962 -4 24.4566 2.2962 0 24.804 3 -4 24.804 3 0 25.2396 3.6528 -4 25.2396 3.6528 0 25.7574 4.2426 -4 25.7574 4.2426 0 26.3472 4.7604 -4 26.3472 4.7604 0 27 5.196 -4 27 5.196 0 27.7038 5.5434 -4 27.7038 5.5434 0 28.4472 5.7954 -4 28.4472 5.7954 0 29.217 5.9484 -4 29.217 5.9484 0 30 6 -4 30 6 0 30.783 5.9484 -4 30.783 5.9484 0 31.5528 5.7954 -4 31.5528 5.7954 0 32.2962 5.5434 -4 32.2962 5.5434 0 33 5.196 -4 33 5.196 0 33.6528 4.7604 -4 33.6528 4.7604 0 34.2426 4.2426 -4 34.2426 4.2426 0 34.7604 3.6528 -4 34.7604 3.6528 0 35.196 3 -4 35.196 3 0 35.5434 2.2962 -4 35.5434 2.2962 0 35.7954 1.5528 -4 35.7954 1.5528 0 35.9484 0.783 -4 35.9484 0.783 0 35.9484 -0.783 -4 36 0 -4 30 0 -4 35.7954 -1.5528 -4 35.5434 -2.2962 -4 35.196 -3 -4 34.7604 -3.6528 -4 34.2426 -4.2426 -4 33.6528 -4.7604 -4 33 -5.196 -4 32.2962 -5.5434 -4 31.5528 -5.7954 -4 30.783 -5.9484 -4 30 -6 -4 29.217 -5.9484 -4 28.4472 -5.7954 -4 27.7038 -5.5434 -4 27 -5.196 -4 26.3472 -4.7604 -4 25.7574 -4.2426 -4 25.2396 -3.6528 -4 24.804 -3 -4 24.4566 -2.2962 -4 24.2046 -1.5528 -4 24.0516 -0.783 -4 24 0 -4 24.0516 0.783 -4 24.2046 1.5528 -4 24.4566 2.2962 -4 24.804 3 -4 25.2396 3.6528 -4 25.7574 4.2426 -4 26.3472 4.7604 -4 27 5.196 -4 27.7038 5.5434 -4 28.4472 5.7954 -4 29.217 5.9484 -4 30 6 -4 30.783 5.9484 -4 31.5528 5.7954 -4 32.2962 5.5434 -4 33 5.196 -4 33.6528 4.7604 -4 34.2426 4.2426 -4 34.7604 3.6528 -4 35.196 3 -4 35.5434 2.2962 -4 35.7954 1.5528 -4 35.9484 0.783 -4 15.9484 -0.783 -4 16 0 -4 16 0 0 15.9484 -0.783 0 15.7954 -1.5528 -4 15.7954 -1.5528 0 15.5434 -2.2962 -4 15.5434 -2.2962 0 15.196 -3 -4 15.196 -3 0 14.7604 -3.6528 -4 14.7604 -3.6528 0 14.2426 -4.2426 -4 14.2426 -4.2426 0 13.6528 -4.7604 -4 13.6528 -4.7604 0 13 -5.196 -4 13 -5.196 0 12.2962 -5.5434 -4 12.2962 -5.5434 0 11.5528 -5.7954 -4 11.5528 -5.7954 0 10.783 -5.9484 -4 10.783 -5.9484 0 10 -6 -4 10 -6 0 9.217 -5.9484 -4 9.217 -5.9484 0 8.4472 -5.7954 -4 8.4472 -5.7954 0 7.7038 -5.5434 -4 7.7038 -5.5434 0 7 -5.196 -4 7 -5.196 0 6.3472 -4.7604 -4 6.3472 -4.7604 0 5.7574 -4.2426 -4 5.7574 -4.2426 0 5.2396 -3.6528 -4 5.2396 -3.6528 0 4.804 -3 -4 4.804 -3 0 4.4566 -2.2962 -4 4.4566 -2.2962 0 4.2046 -1.5528 -4 4.2046 -1.5528 0 4.0516 -0.783 -4 4.0516 -0.783 0 4 0 -4 4 0 0 4.0516 0.783 -4 4.0516 0.783 0 4.2046 1.5528 -4 4.2046 1.5528 0 4.4566 2.2962 -4 4.4566 2.2962 0 4.804 3 -4 4.804 3 0 5.2396 3.6528 -4 5.2396 3.6528 0 5.7574 4.2426 -4 5.7574 4.2426 0 6.3472 4.7604 -4 6.3472 4.7604 0 7 5.196 -4 7 5.196 0 7.7038 5.5434 -4 7.7038 5.5434 0 8.4472 5.7954 -4 8.4472 5.7954 0 9.217 5.9484 -4 9.217 5.9484 0 10 6 -4 10 6 0 10.783 5.9484 -4 10.783 5.9484 0 11.5528 5.7954 -4 11.5528 5.7954 0 12.2962 5.5434 -4 12.2962 5.5434 0 13 5.196 -4 13 5.196 0 13.6528 4.7604 -4 13.6528 4.7604 0 14.2426 4.2426 -4 14.2426 4.2426 0 14.7604 3.6528 -4 14.7604 3.6528 0 15.196 3 -4 15.196 3 0 15.5434 2.2962 -4 15.5434 2.2962 0 15.7954 1.5528 -4 15.7954 1.5528 0 15.9484 0.783 -4 15.9484 0.783 0 15.9484 -0.783 -4 16 0 -4 10 0 -4 15.7954 -1.5528 -4 15.5434 -2.2962 -4 15.196 -3 -4 14.7604 -3.6528 -4 14.2426 -4.2426 -4 13.6528 -4.7604 -4 13 -5.196 -4 12.2962 -5.5434 -4 11.5528 -5.7954 -4 10.783 -5.9484 -4 10 -6 -4 9.217 -5.9484 -4 8.4472 -5.7954 -4 7.7038 -5.5434 -4 7 -5.196 -4 6.3472 -4.7604 -4 5.7574 -4.2426 -4 5.2396 -3.6528 -4 4.804 -3 -4 4.4566 -2.2962 -4 4.2046 -1.5528 -4 4.0516 -0.783 -4 4 0 -4 4.0516 0.783 -4 4.2046 1.5528 -4 4.4566 2.2962 -4 4.804 3 -4 5.2396 3.6528 -4 5.7574 4.2426 -4 6.3472 4.7604 -4 7 5.196 -4 7.7038 5.5434 -4 8.4472 5.7954 -4 9.217 5.9484 -4 10 6 -4 10.783 5.9484 -4 11.5528 5.7954 -4 12.2962 5.5434 -4 13 5.196 -4 13.6528 4.7604 -4 14.2426 4.2426 -4 14.7604 3.6528 -4 15.196 3 -4 15.5434 2.2962 -4 15.7954 1.5528 -4 15.9484 0.783 -4 -4.0516 -0.783 -4 -4 0 -4 -4 0 0 -4.0516 -0.783 0 -4.2046 -1.5528 -4 -4.2046 -1.5528 0 -4.4566 -2.2962 -4 -4.4566 -2.2962 0 -4.804 -3 -4 -4.804 -3 0 -5.2396 -3.6528 -4 -5.2396 -3.6528 0 -5.7574 -4.2426 -4 -5.7574 -4.2426 0 -6.3472 -4.7604 -4 -6.3472 -4.7604 0 -7 -5.196 -4 -7 -5.196 0 -7.7038 -5.5434 -4 -7.7038 -5.5434 0 -8.4472 -5.7954 -4 -8.4472 -5.7954 0 -9.217 -5.9484 -4 -9.217 -5.9484 0 -10 -6 -4 -10 -6 0 -10.783 -5.9484 -4 -10.783 -5.9484 0 -11.5528 -5.7954 -4 -11.5528 -5.7954 0 -12.2962 -5.5434 -4 -12.2962 -5.5434 0 -13 -5.196 -4 -13 -5.196 0 -13.6528 -4.7604 -4 -13.6528 -4.7604 0 -14.2426 -4.2426 -4 -14.2426 -4.2426 0 -14.7604 -3.6528 -4 -14.7604 -3.6528 0 -15.196 -3 -4 -15.196 -3 0 -15.5434 -2.2962 -4 -15.5434 -2.2962 0 -15.7954 -1.5528 -4 -15.7954 -1.5528 0 -15.9484 -0.783 -4 -15.9484 -0.783 0 -16 0 -4 -16 0 0 -15.9484 0.783 -4 -15.9484 0.783 0 -15.7954 1.5528 -4 -15.7954 1.5528 0 -15.5434 2.2962 -4 -15.5434 2.2962 0 -15.196 3 -4 -15.196 3 0 -14.7604 3.6528 -4 -14.7604 3.6528 0 -14.2426 4.2426 -4 -14.2426 4.2426 0 -13.6528 4.7604 -4 -13.6528 4.7604 0 -13 5.196 -4 -13 5.196 0 -12.2962 5.5434 -4 -12.2962 5.5434 0 -11.5528 5.7954 -4 -11.5528 5.7954 0 -10.783 5.9484 -4 -10.783 5.9484 0 -10 6 -4 -10 6 0 -9.217 5.9484 -4 -9.217 5.9484 0 -8.4472 5.7954 -4 -8.4472 5.7954 0 -7.7038 5.5434 -4 -7.7038 5.5434 0 -7 5.196 -4 -7 5.196 0 -6.3472 4.7604 -4 -6.3472 4.7604 0 -5.7574 4.2426 -4 -5.7574 4.2426 0 -5.2396 3.6528 -4 -5.2396 3.6528 0 -4.804 3 -4 -4.804 3 0 -4.4566 2.2962 -4 -4.4566 2.2962 0 -4.2046 1.5528 -4 -4.2046 1.5528 0 -4.0516 0.783 -4 -4.0516 0.783 0 -4.0516 -0.783 -4 -4 0 -4 -10 0 -4 -4.2046 -1.5528 -4 -4.4566 -2.2962 -4 -4.804 -3 -4 -5.2396 -3.6528 -4 -5.7574 -4.2426 -4 -6.3472 -4.7604 -4 -7 -5.196 -4 -7.7038 -5.5434 -4 -8.4472 -5.7954 -4 -9.217 -5.9484 -4 -10 -6 -4 -10.783 -5.9484 -4 -11.5528 -5.7954 -4 -12.2962 -5.5434 -4 -13 -5.196 -4 -13.6528 -4.7604 -4 -14.2426 -4.2426 -4 -14.7604 -3.6528 -4 -15.196 -3 -4 -15.5434 -2.2962 -4 -15.7954 -1.5528 -4 -15.9484 -0.783 -4 -16 0 -4 -15.9484 0.783 -4 -15.7954 1.5528 -4 -15.5434 2.2962 -4 -15.196 3 -4 -14.7604 3.6528 -4 -14.2426 4.2426 -4 -13.6528 4.7604 -4 -13 5.196 -4 -12.2962 5.5434 -4 -11.5528 5.7954 -4 -10.783 5.9484 -4 -10 6 -4 -9.217 5.9484 -4 -8.4472 5.7954 -4 -7.7038 5.5434 -4 -7 5.196 -4 -6.3472 4.7604 -4 -5.7574 4.2426 -4 -5.2396 3.6528 -4 -4.804 3 -4 -4.4566 2.2962 -4 -4.2046 1.5528 -4 -4.0516 0.783 -4 -24.0516 -0.783 -4 -24 0 -4 -24 0 0 -24.0516 -0.783 0 -24.2046 -1.5528 -4 -24.2046 -1.5528 0 -24.4566 -2.2962 -4 -24.4566 -2.2962 0 -24.804 -3 -4 -24.804 -3 0 -25.2396 -3.6528 -4 -25.2396 -3.6528 0 -25.7574 -4.2426 -4 -25.7574 -4.2426 0 -26.3472 -4.7604 -4 -26.3472 -4.7604 0 -27 -5.196 -4 -27 -5.196 0 -27.7038 -5.5434 -4 -27.7038 -5.5434 0 -28.4472 -5.7954 -4 -28.4472 -5.7954 0 -29.217 -5.9484 -4 -29.217 -5.9484 0 -30 -6 -4 -30 -6 0 -30.783 -5.9484 -4 -30.783 -5.9484 0 -31.5528 -5.7954 -4 -31.5528 -5.7954 0 -32.2962 -5.5434 -4 -32.2962 -5.5434 0 -33 -5.196 -4 -33 -5.196 0 -33.6528 -4.7604 -4 -33.6528 -4.7604 0 -34.2426 -4.2426 -4 -34.2426 -4.2426 0 -34.7604 -3.6528 -4 -34.7604 -3.6528 0 -35.196 -3 -4 -35.196 -3 0 -35.5434 -2.2962 -4 -35.5434 -2.2962 0 -35.7954 -1.5528 -4 -35.7954 -1.5528 0 -35.9484 -0.783 -4 -35.9484 -0.783 0 -36 0 -4 -36 0 0 -35.9484 0.783 -4 -35.9484 0.783 0 -35.7954 1.5528 -4 -35.7954 1.5528 0 -35.5434 2.2962 -4 -35.5434 2.2962 0 -35.196 3 -4 -35.196 3 0 -34.7604 3.6528 -4 -34.7604 3.6528 0 -34.2426 4.2426 -4 -34.2426 4.2426 0 -33.6528 4.7604 -4 -33.6528 4.7604 0 -33 5.196 -4 -33 5.196 0 -32.2962 5.5434 -4 -32.2962 5.5434 0 -31.5528 5.7954 -4 -31.5528 5.7954 0 -30.783 5.9484 -4 -30.783 5.9484 0 -30 6 -4 -30 6 0 -29.217 5.9484 -4 -29.217 5.9484 0 -28.4472 5.7954 -4 -28.4472 5.7954 0 -27.7038 5.5434 -4 -27.7038 5.5434 0 -27 5.196 -4 -27 5.196 0 -26.3472 4.7604 -4 -26.3472 4.7604 0 -25.7574 4.2426 -4 -25.7574 4.2426 0 -25.2396 3.6528 -4 -25.2396 3.6528 0 -24.804 3 -4 -24.804 3 0 -24.4566 2.2962 -4 -24.4566 2.2962 0 -24.2046 1.5528 -4 -24.2046 1.5528 0 -24.0516 0.783 -4 -24.0516 0.783 0 -24.0516 -0.783 -4 -24 0 -4 -30 0 -4 -24.2046 -1.5528 -4 -24.4566 -2.2962 -4 -24.804 -3 -4 -25.2396 -3.6528 -4 -25.7574 -4.2426 -4 -26.3472 -4.7604 -4 -27 -5.196 -4 -27.7038 -5.5434 -4 -28.4472 -5.7954 -4 -29.217 -5.9484 -4 -30 -6 -4 -30.783 -5.9484 -4 -31.5528 -5.7954 -4 -32.2962 -5.5434 -4 -33 -5.196 -4 -33.6528 -4.7604 -4 -34.2426 -4.2426 -4 -34.7604 -3.6528 -4 -35.196 -3 -4 -35.5434 -2.2962 -4 -35.7954 -1.5528 -4 -35.9484 -0.783 -4 -36 0 -4 -35.9484 0.783 -4 -35.7954 1.5528 -4 -35.5434 2.2962 -4 -35.196 3 -4 -34.7604 3.6528 -4 -34.2426 4.2426 -4 -33.6528 4.7604 -4 -33 5.196 -4 -32.2962 5.5434 -4 -31.5528 5.7954 -4 -30.783 5.9484 -4 -30 6 -4 -29.217 5.9484 -4 -28.4472 5.7954 -4 -27.7038 5.5434 -4 -27 5.196 -4 -26.3472 4.7604 -4 -25.7574 4.2426 -4 -25.2396 3.6528 -4 -24.804 3 -4 -24.4566 2.2962 -4 -24.2046 1.5528 -4 -24.0516 0.783 -4 -44.0516 -0.783 -4 -44 0 -4 -44 0 0 -44.0516 -0.783 0 -44.2046 -1.5528 -4 -44.2046 -1.5528 0 -44.4566 -2.2962 -4 -44.4566 -2.2962 0 -44.804 -3 -4 -44.804 -3 0 -45.2396 -3.6528 -4 -45.2396 -3.6528 0 -45.7574 -4.2426 -4 -45.7574 -4.2426 0 -46.3472 -4.7604 -4 -46.3472 -4.7604 0 -47 -5.196 -4 -47 -5.196 0 -47.7038 -5.5434 -4 -47.7038 -5.5434 0 -48.4472 -5.7954 -4 -48.4472 -5.7954 0 -49.217 -5.9484 -4 -49.217 -5.9484 0 -50 -6 -4 -50 -6 0 -50.783 -5.9484 -4 -50.783 -5.9484 0 -51.5528 -5.7954 -4 -51.5528 -5.7954 0 -52.2962 -5.5434 -4 -52.2962 -5.5434 0 -53 -5.196 -4 -53 -5.196 0 -53.6528 -4.7604 -4 -53.6528 -4.7604 0 -54.2426 -4.2426 -4 -54.2426 -4.2426 0 -54.7604 -3.6528 -4 -54.7604 -3.6528 0 -55.196 -3 -4 -55.196 -3 0 -55.5434 -2.2962 -4 -55.5434 -2.2962 0 -55.7954 -1.5528 -4 -55.7954 -1.5528 0 -55.9484 -0.783 -4 -55.9484 -0.783 0 -56 0 -4 -56 0 0 -55.9484 0.783 -4 -55.9484 0.783 0 -55.7954 1.5528 -4 -55.7954 1.5528 0 -55.5434 2.2962 -4 -55.5434 2.2962 0 -55.196 3 -4 -55.196 3 0 -54.7604 3.6528 -4 -54.7604 3.6528 0 -54.2426 4.2426 -4 -54.2426 4.2426 0 -53.6528 4.7604 -4 -53.6528 4.7604 0 -53 5.196 -4 -53 5.196 0 -52.2962 5.5434 -4 -52.2962 5.5434 0 -51.5528 5.7954 -4 -51.5528 5.7954 0 -50.783 5.9484 -4 -50.783 5.9484 0 -50 6 -4 -50 6 0 -49.217 5.9484 -4 -49.217 5.9484 0 -48.4472 5.7954 -4 -48.4472 5.7954 0 -47.7038 5.5434 -4 -47.7038 5.5434 0 -47 5.196 -4 -47 5.196 0 -46.3472 4.7604 -4 -46.3472 4.7604 0 -45.7574 4.2426 -4 -45.7574 4.2426 0 -45.2396 3.6528 -4 -45.2396 3.6528 0 -44.804 3 -4 -44.804 3 0 -44.4566 2.2962 -4 -44.4566 2.2962 0 -44.2046 1.5528 -4 -44.2046 1.5528 0 -44.0516 0.783 -4 -44.0516 0.783 0 -44.0516 -0.783 -4 -44 0 -4 -50 0 -4 -44.2046 -1.5528 -4 -44.4566 -2.2962 -4 -44.804 -3 -4 -45.2396 -3.6528 -4 -45.7574 -4.2426 -4 -46.3472 -4.7604 -4 -47 -5.196 -4 -47.7038 -5.5434 -4 -48.4472 -5.7954 -4 -49.217 -5.9484 -4 -50 -6 -4 -50.783 -5.9484 -4 -51.5528 -5.7954 -4 -52.2962 -5.5434 -4 -53 -5.196 -4 -53.6528 -4.7604 -4 -54.2426 -4.2426 -4 -54.7604 -3.6528 -4 -55.196 -3 -4 -55.5434 -2.2962 -4 -55.7954 -1.5528 -4 -55.9484 -0.783 -4 -56 0 -4 -55.9484 0.783 -4 -55.7954 1.5528 -4 -55.5434 2.2962 -4 -55.196 3 -4 -54.7604 3.6528 -4 -54.2426 4.2426 -4 -53.6528 4.7604 -4 -53 5.196 -4 -52.2962 5.5434 -4 -51.5528 5.7954 -4 -50.783 5.9484 -4 -50 6 -4 -49.217 5.9484 -4 -48.4472 5.7954 -4 -47.7038 5.5434 -4 -47 5.196 -4 -46.3472 4.7604 -4 -45.7574 4.2426 -4 -45.2396 3.6528 -4 -44.804 3 -4 -44.4566 2.2962 -4 -44.2046 1.5528 -4 -44.0516 0.783 -4 
				</float_array>
				<technique_common>
					<accessor count="1643" source="#Part-3666_dot_dat-pos-array" stride="3">
						<param name="X" type="float" /><param name="Y" type="float" /><param name="Z" type="float" />
					</accessor>
				</technique_common>
			</source>
			<source id="Part-3666_dot_dat-norm" name="Part-3666_dot_dat-norm">
				<float_array id="Part-3666_dot_dat-norm-array" count="4929">
					0 0 1 0 0 1 0 0 1 0 0 1 0 0 1 0 0 1 0 0 1 0 0 1 0 0 1 0 0 1 0 0 0.9999999 0 0 1 0 0 1 0 0 1 0 0 1 0 0 1 0 0 0.9999999 0 0 1 0 0 1 0 0 1 0 0 1 0 0 1 0 0 1 0 0 1 0 0 1 0 0 1 0 0 1 0 0 1 0 0 1 0 0 1 0 0 1 0 0 1 0 0 1 0 0 1 0 0 0.9999999 0 0 1 0 0 1 0 0 1 0 0 1 0 0 1 0 0 0.9999999 0 0 1 0 0 1 0 0 1 0 0 1 0 0 1 0 0 1 0 0 1 0 0 1 0.9940384 -0.1090297 0 0.9997588 0.0219621 0 0.9997588 -0.0219621 0 0.9883544 -0.1521696 0 0.9714059 -0.237425 0 0.9601336 -0.2795413 0 0.9320756 -0.3622637 0 0.9152588 -0.4028663 0 0.8767229 -0.4809959 0 0.8550501 -0.5185454 0 0.806599 -0.591099 0 0.7797713 -0.6260644 0 0.7222594 -0.6916222 0 0.6916228 -0.722259 0 0.6260643 -0.7797714 0 0.5910982 -0.8065996 0 0.5185452 -0.8550503 0 0.4809973 -0.8767222 0 0.4028666 -0.9152588 0 0.3622607 -0.9320768 0 0.2795388 -0.9601344 0 0.2374264 -0.9714056 0 0.1521726 -0.988354 0 0.1090303 -0.9940384 0 0.02196151 -0.9997588 0 -0.02196151 -0.9997588 0 -0.1090303 -0.9940384 0 -0.1521726 -0.988354 0 -0.2374264 -0.9714056 0 -0.2795388 -0.9601344 0 -0.3622607 -0.9320768 0 -0.4028666 -0.9152588 0 -0.4809973 -0.8767222 0 -0.5185452 -0.8550503 0 -0.5910982 -0.8065996 0 -0.6260643 -0.7797714 0 -0.6916228 -0.722259 0 -0.7222594 -0.6916222 0 -0.7797713 -0.6260644 0 -0.806599 -0.591099 0 -0.8550501 -0.5185454 0 -0.8767229 -0.4809959 0 -0.9152588 -0.4028663 0 -0.9320756 -0.3622637 0 -0.9601336 -0.2795413 0 -0.9714058 -0.237425 0 -0.9883544 -0.1521696 0 -0.9940384 -0.1090297 0 -0.9997588 -0.0219621 0 -0.9997588 0.0219621 0 -0.9940384 0.1090297 0 -0.9883544 0.1521696 0 -0.9714059 0.237425 0 -0.9601336 0.2795413 0 -0.9320756 0.3622637 0 -0.9152588 0.4028663 0 -0.8767229 0.4809959 0 -0.8550501 0.5185454 0 -0.806599 0.591099 0 -0.7797713 0.6260644 0 -0.7222594 0.6916222 0 -0.6916228 0.722259 0 -0.6260643 0.7797714 0 -0.5910982 0.8065996 0 -0.5185452 0.8550503 0 -0.4809973 0.8767222 0 -0.4028666 0.9152588 0 -0.3622607 0.9320768 0 -0.2795388 0.9601344 0 -0.2374264 0.9714056 0 -0.1521726 0.988354 0 -0.1090303 0.9940384 0 -0.02196151 0.9997588 0 0.02196151 0.9997588 0 0.1090303 0.9940384 0 0.1521726 0.988354 0 0.2374264 0.9714056 0 0.2795388 0.9601344 0 0.3622607 0.9320768 0 0.4028666 0.9152588 0 0.4809973 0.8767222 0 0.5185452 0.8550503 0 0.5910982 0.8065996 0 0.6260643 0.7797714 0 0.6916228 0.722259 0 0.7222594 0.6916222 0 0.7797713 0.6260644 0 0.806599 0.591099 0 0.8550501 0.5185454 0 0.8767229 0.4809959 0 0.9152588 0.4028663 0 0.9320756 0.3622637 0 0.9601336 0.2795413 0 0.9714058 0.237425 0 0.9883544 0.1521696 0 0.9940384 0.1090297 0 0 0 1 0 0 1 0 0 1 0 0 1 0 0 1 0 0 1 0 0 1 0 0 1 0 0 1 0 0 1 0 0 1 0 0 1 0 0 1 0 0 1 0 0 1 0 0 1 0 0 1 0 0 1 0 0 1 0 0 1 0 0 1 0 0 1 0 0 1 0 0 1 0 0 1 0 0 1 0 0 1 0 0 1 0 0 1 0 0 1 0 0 1 0 0 1 0 0 1 0 0 1 0 0 1 0 0 1 0 0 1 0 0 1 0 0 1 0 0 1 0 0 1 0 0 1 0 0 1 0 0 1 0 0 1 0 0 1 0 0 1 0 0 1 0 0 1 0.9940383 -0.1090309 0 0.9997588 0.0219621 0 0.9997588 -0.0219621 0 0.988354 -0.152172 0 0.9714059 -0.237425 0 0.9601347 -0.2795379 0 0.9320769 -0.3622606 0 0.9152588 -0.4028663 0 0.8767218 -0.4809977 0 0.8550495 -0.5185462 0 0.806599 -0.591099 0 0.7797713 -0.6260644 0 0.7222594 -0.6916222 0 0.6916228 -0.722259 0 0.6260643 -0.7797714 0 0.5910982 -0.8065996 0 0.5185452 -0.8550503 0 0.4809973 -0.8767222 0 0.402867 -0.9152585 0 0.3622616 -0.9320766 0 0.2795392 -0.9601343 0 0.2374261 -0.9714057 0 0.1521722 -0.9883541 0 0.1090302 -0.9940385 0 0.02196151 -0.9997588 0 -0.02196151 -0.9997588 0 -0.1090302 -0.9940385 0 -0.1521722 -0.9883541 0 -0.2374261 -0.9714057 0 -0.2795392 -0.9601343 0 -0.3622616 -0.9320766 0 -0.402867 -0.9152585 0 -0.4809973 -0.8767222 0 -0.5185452 -0.8550503 0 -0.5910982 -0.8065996 0 -0.6260643 -0.7797714 0 -0.6916228 -0.722259 0 -0.7222594 -0.6916222 0 -0.7797713 -0.6260644 0 -0.806599 -0.591099 0 -0.8550495 -0.5185462 0 -0.8767218 -0.4809977 0 -0.9152588 -0.4028663 0 -0.9320769 -0.3622606 0 -0.9601347 -0.2795379 0 -0.9714058 -0.237425 0 -0.988354 -0.152172 0 -0.9940383 -0.1090309 0 -0.9997588 -0.0219621 0 -0.9997588 0.0219621 0 -0.9940383 0.1090309 0 -0.988354 0.152172 0 -0.9714059 0.237425 0 -0.9601347 0.2795379 0 -0.9320769 0.3622606 0 -0.9152588 0.4028663 0 -0.8767218 0.4809977 0 -0.8550495 0.5185462 0 -0.806599 0.591099 0 -0.7797713 0.6260644 0 -0.7222594 0.6916222 0 -0.6916228 0.722259 0 -0.6260643 0.7797714 0 -0.5910982 0.8065996 0 -0.5185452 0.8550503 0 -0.4809973 0.8767222 0 -0.402867 0.9152585 0 -0.3622616 0.9320766 0 -0.2795392 0.9601343 0 -0.2374261 0.9714057 0 -0.1521722 0.9883541 0 -0.1090302 0.9940385 0 -0.02196151 0.9997588 0 0.02196151 0.9997588 0 0.1090302 0.9940385 0 0.1521722 0.9883541 0 0.2374261 0.9714057 0 0.2795392 0.9601343 0 0.3622616 0.9320766 0 0.402867 0.9152585 0 0.4809973 0.8767222 0 0.5185452 0.8550503 0 0.5910982 0.8065996 0 0.6260643 0.7797714 0 0.6916228 0.722259 0 0.7222594 0.6916222 0 0.7797713 0.6260644 0 0.806599 0.591099 0 0.8550495 0.5185462 0 0.8767218 0.4809977 0 0.9152588 0.4028663 0 0.9320769 0.3622606 0 0.9601347 0.2795379 0 0.9714058 0.237425 0 0.988354 0.152172 0 0.9940383 0.1090309 0 0 0 1 0 0 1 0 0 1 0 0 1 0 0 1 0 0 1 0 0 1 0 0 1 0 0 1 0 0 1 0 0 1 0 0 1 0 0 1 0 0 1 0 0 1 0 0 1 0 0 1 0 0 1 0 0 1 0 0 1 0 0 1 0 0 1 0 0 1 0 0 1 0 0 1 0 0 1 0 0 1 0 0 1 0 0 1 0 0 1 0 0 1 0 0 1 0 0 1 0 0 1 0 0 1 0 0 1 0 0 1 0 0 1 0 0 1 0 0 1 0 0 1 0 0 1 0 0 1 0 0 1 0 0 1 0 0 1 0 0 1 0 0 1 0 0 1 0.9940384 -0.1090301 0 0.9997588 0.02196149 0 0.9997588 -0.02196149 0 0.988354 -0.1521723 0 0.9714056 -0.2374263 0 0.9601343 -0.2795392 0 0.9320765 -0.3622615 0 0.9152585 -0.402867 0 0.8767222 -0.4809973 0 0.8550502 -0.518545 0 0.8065997 -0.5910981 0 0.7797715 -0.6260642 0 0.7222592 -0.6916226 0 0.6916226 -0.7222592 0 0.6260642 -0.7797715 0 0.5910981 -0.8065997 0 0.518545 -0.8550502 0 0.4809973 -0.8767222 0 0.402867 -0.9152585 0 0.3622615 -0.9320765 0 0.2795392 -0.9601343 0 0.2374263 -0.9714056 0 0.1521723 -0.988354 0 0.1090301 -0.9940384 0 0.02196149 -0.9997588 0 -0.02196149 -0.9997588 0 -0.1090301 -0.9940384 0 -0.1521723 -0.988354 0 -0.2374263 -0.9714056 0 -0.2795392 -0.9601343 0 -0.3622615 -0.9320765 0 -0.402867 -0.9152585 0 -0.4809973 -0.8767222 0 -0.518545 -0.8550502 0 -0.5910981 -0.8065997 0 -0.6260642 -0.7797715 0 -0.6916226 -0.7222592 0 -0.7222592 -0.6916226 0 -0.7797715 -0.6260642 0 -0.8065997 -0.5910981 0 -0.8550502 -0.518545 0 -0.8767222 -0.4809973 0 -0.9152585 -0.402867 0 -0.9320765 -0.3622615 0 -0.9601343 -0.2795392 0 -0.9714056 -0.2374263 0 -0.988354 -0.1521723 0 -0.9940384 -0.1090301 0 -0.9997588 -0.02196149 0 -0.9997588 0.02196149 0 -0.9940384 0.1090301 0 -0.988354 0.1521723 0 -0.9714056 0.2374263 0 -0.9601343 0.2795392 0 -0.9320765 0.3622615 0 -0.9152585 0.402867 0 -0.8767222 0.4809973 0 -0.8550502 0.518545 0 -0.8065997 0.5910981 0 -0.7797715 0.6260642 0 -0.7222592 0.6916226 0 -0.6916226 0.7222592 0 -0.6260642 0.7797715 0 -0.5910981 0.8065997 0 -0.518545 0.8550502 0 -0.4809973 0.8767222 0 -0.402867 0.9152585 0 -0.3622615 0.9320765 0 -0.2795392 0.9601343 0 -0.2374263 0.9714056 0 -0.1521723 0.988354 0 -0.1090301 0.9940384 0 -0.02196149 0.9997588 0 0.02196149 0.9997588 0 0.1090301 0.9940384 0 0.1521723 0.988354 0 0.2374263 0.9714056 0 0.2795392 0.9601343 0 0.3622615 0.9320765 0 0.402867 0.9152585 0 0.4809973 0.8767222 0 0.518545 0.8550502 0 0.5910981 0.8065997 0 0.6260642 0.7797715 0 0.6916226 0.7222592 0 0.7222592 0.6916226 0 0.7797715 0.6260642 0 0.8065997 0.5910981 0 0.8550502 0.518545 0 0.8767222 0.4809973 0 0.9152585 0.402867 0 0.9320765 0.3622615 0 0.9601343 0.2795392 0 0.9714056 0.2374263 0 0.988354 0.1521723 0 0.9940384 0.1090301 0 0 0 1 0 0 1 0 0 1 0 0 1 0 0 1 0 0 1 0 0 1 0 0 1 0 0 1 0 0 1 0 0 1 0 0 1 0 0 1 0 0 1 0 0 1 0 0 1 0 0 1 0 0 1 0 0 1 0 0 1 0 0 1 0 0 1 0 0 1 0 0 1 0 0 1 0 0 1 0 0 1 0 0 1 0 0 1 0 0 1 0 0 1 0 0 1 0 0 1 0 0 1 0 0 1 0 0 1 0 0 1 0 0 1 0 0 1 0 0 1 0 0 1 0 0 1 0 0 1 0 0 1 0 0 1 0 0 1 0 0 1 0 0 1 0 0 1 0.9940383 -0.1090309 0 0.9997588 0.0219621 0 0.9997588 -0.0219621 0 0.988354 -0.152172 0 0.9714059 -0.237425 0 0.9601347 -0.2795379 0 0.9320769 -0.3622606 0 0.9152588 -0.4028663 0 0.8767218 -0.4809977 0 0.8550495 -0.5185462 0 0.806599 -0.591099 0 0.7797713 -0.6260644 0 0.7222594 -0.6916222 0 0.6916228 -0.722259 0 0.6260643 -0.7797714 0 0.5910982 -0.8065996 0 0.5185452 -0.8550503 0 0.4809973 -0.8767222 0 0.402867 -0.9152585 0 0.3622616 -0.9320766 0 0.2795392 -0.9601343 0 0.2374261 -0.9714057 0 0.1521722 -0.9883541 0 0.1090302 -0.9940385 0 0.02196151 -0.9997588 0 -0.02196151 -0.9997588 0 -0.1090302 -0.9940385 0 -0.1521722 -0.9883541 0 -0.2374261 -0.9714057 0 -0.2795392 -0.9601343 0 -0.3622616 -0.9320766 0 -0.402867 -0.9152585 0 -0.4809973 -0.8767222 0 -0.5185452 -0.8550503 0 -0.5910982 -0.8065996 0 -0.6260643 -0.7797714 0 -0.6916228 -0.722259 0 -0.7222594 -0.6916222 0 -0.7797713 -0.6260644 0 -0.806599 -0.591099 0 -0.8550495 -0.5185462 0 -0.8767218 -0.4809977 0 -0.9152588 -0.4028663 0 -0.9320769 -0.3622606 0 -0.9601347 -0.2795379 0 -0.9714058 -0.237425 0 -0.988354 -0.152172 0 -0.9940383 -0.1090309 0 -0.9997588 -0.0219621 0 -0.9997588 0.0219621 0 -0.9940383 0.1090309 0 -0.988354 0.152172 0 -0.9714059 0.237425 0 -0.9601347 0.2795379 0 -0.9320769 0.3622606 0 -0.9152588 0.4028663 0 -0.8767218 0.4809977 0 -0.8550495 0.5185462 0 -0.806599 0.591099 0 -0.7797713 0.6260644 0 -0.7222594 0.6916222 0 -0.6916228 0.722259 0 -0.6260643 0.7797714 0 -0.5910982 0.8065996 0 -0.5185452 0.8550503 0 -0.4809973 0.8767222 0 -0.402867 0.9152585 0 -0.3622616 0.9320766 0 -0.2795392 0.9601343 0 -0.2374261 0.9714057 0 -0.1521722 0.9883541 0 -0.1090302 0.9940385 0 -0.02196151 0.9997588 0 0.02196151 0.9997588 0 0.1090302 0.9940385 0 0.1521722 0.9883541 0 0.2374261 0.9714057 0 0.2795392 0.9601343 0 0.3622616 0.9320766 0 0.402867 0.9152585 0 0.4809973 0.8767222 0 0.5185452 0.8550503 0 0.5910982 0.8065996 0 0.6260643 0.7797714 0 0.6916228 0.722259 0 0.7222594 0.6916222 0 0.7797713 0.6260644 0 0.806599 0.591099 0 0.8550495 0.5185462 0 0.8767218 0.4809977 0 0.9152588 0.4028663 0 0.9320769 0.3622606 0 0.9601347 0.2795379 0 0.9714058 0.237425 0 0.988354 0.152172 0 0.9940383 0.1090309 0 0 0 1 0 0 1 0 0 1 0 0 1 0 0 1 0 0 1 0 0 1 0 0 1 0 0 1 0 0 1 0 0 0.9999999 0 0 1 0 0 1 0 0 1 0 0 1 0 0 1 0 0 0.9999999 0 0 1 0 0 1 0 0 1 0 0 1 0 0 1 0 0 1 0 0 1 0 0 1 0 0 1 0 0 1 0 0 1 0 0 1 0 0 1 0 0 1 0 0 1 0 0 1 0 0 1 0 0 0.9999999 0 0 1 0 0 1 0 0 1 0 0 1 0 0 1 0 0 0.9999999 0 0 1 0 0 1 0 0 1 0 0 1 0 0 1 0 0 1 0 0 1 0 0 1 0.9940384 -0.1090297 0 0.9997588 0.0219621 0 0.9997588 -0.0219621 0 0.9883544 -0.1521696 0 0.9714059 -0.237425 0 0.9601336 -0.2795413 0 0.9320756 -0.3622637 0 0.9152588 -0.4028663 0 0.8767229 -0.4809959 0 0.8550501 -0.5185454 0 0.806599 -0.591099 0 0.7797713 -0.6260644 0 0.7222594 -0.6916222 0 0.6916228 -0.722259 0 0.6260643 -0.7797714 0 0.5910982 -0.8065996 0 0.5185452 -0.8550503 0 0.4809973 -0.8767222 0 0.4028666 -0.9152588 0 0.3622607 -0.9320768 0 0.2795388 -0.9601344 0 0.2374264 -0.9714056 0 0.1521726 -0.988354 0 0.1090303 -0.9940384 0 0.02196151 -0.9997588 0 -0.02196151 -0.9997588 0 -0.1090303 -0.9940384 0 -0.1521726 -0.988354 0 -0.2374264 -0.9714056 0 -0.2795388 -0.9601344 0 -0.3622607 -0.9320768 0 -0.4028666 -0.9152588 0 -0.4809973 -0.8767222 0 -0.5185452 -0.8550503 0 -0.5910982 -0.8065996 0 -0.6260643 -0.7797714 0 -0.6916228 -0.722259 0 -0.7222594 -0.6916222 0 -0.7797713 -0.6260644 0 -0.806599 -0.591099 0 -0.8550501 -0.5185454 0 -0.8767229 -0.4809959 0 -0.9152588 -0.4028663 0 -0.9320756 -0.3622637 0 -0.9601336 -0.2795413 0 -0.9714058 -0.237425 0 -0.9883544 -0.1521696 0 -0.9940384 -0.1090297 0 -0.9997588 -0.0219621 0 -0.9997588 0.0219621 0 -0.9940384 0.1090297 0 -0.9883544 0.1521696 0 -0.9714059 0.237425 0 -0.9601336 0.2795413 0 -0.9320756 0.3622637 0 -0.9152588 0.4028663 0 -0.8767229 0.4809959 0 -0.8550501 0.5185454 0 -0.806599 0.591099 0 -0.7797713 0.6260644 0 -0.7222594 0.6916222 0 -0.6916228 0.722259 0 -0.6260643 0.7797714 0 -0.5910982 0.8065996 0 -0.5185452 0.8550503 0 -0.4809973 0.8767222 0 -0.4028666 0.9152588 0 -0.3622607 0.9320768 0 -0.2795388 0.9601344 0 -0.2374264 0.9714056 0 -0.1521726 0.988354 0 -0.1090303 0.9940384 0 -0.02196151 0.9997588 0 0.02196151 0.9997588 0 0.1090303 0.9940384 0 0.1521726 0.988354 0 0.2374264 0.9714056 0 0.2795388 0.9601344 0 0.3622607 0.9320768 0 0.4028666 0.9152588 0 0.4809973 0.8767222 0 0.5185452 0.8550503 0 0.5910982 0.8065996 0 0.6260643 0.7797714 0 0.6916228 0.722259 0 0.7222594 0.6916222 0 0.7797713 0.6260644 0 0.806599 0.591099 0 0.8550501 0.5185454 0 0.8767229 0.4809959 0 0.9152588 0.4028663 0 0.9320756 0.3622637 0 0.9601336 0.2795413 0 0.9714058 0.237425 0 0.9883544 0.1521696 0 0.9940384 0.1090297 0 0 0 1 0 0 1 0 0 1 0 0 1 0 1 0 0 1 0 0 1 0 0 1 0 1 0 0 1 0 0 1 0 0 1 0 0 0 -1 0 0 -1 0 0 -1 0 0 -1 0 -1 0 0 -1 0 0 -1 0 0 -1 0 0 0 0 1 0 0 1 0 0 0.9999999 0 0 1 0 0 1 0 0 0.9999999 0 0 1 0 0 1 0 0 -1 0 0 -1 0 0 -1 0 0 -1 0 -1 0 0 -1 0 0 -1 0 0 -1 0 -1 0 0 -1 0 0 -1 0 0 -1 0 0 0 1 0 0 1 0 0 1 0 0 1 0 1 0 0 1 0 0 1 0 0 1 0 0 0.9940383 -0.1090313 0 0.9997588 0.0219621 0 0.9997588 -0.0219621 0 0.9883538 -0.1521728 0 0.9714056 -0.2374258 0 0.9601346 -0.2795383 0 0.9320768 -0.3622609 0 0.9152585 -0.402867 0 0.8767217 -0.4809977 0 0.8550501 -0.5185454 0 0.8065999 -0.591098 0 0.7797717 -0.6260639 0 0.7222598 -0.6916218 0 0.6916234 -0.7222583 0 0.6260647 -0.7797711 0 0.5910978 -0.8065998 0 0.5185445 -0.8550507 0 0.4809968 -0.8767223 0 0.4028667 -0.9152586 0 0.3622614 -0.9320765 0 0.2795395 -0.9601343 0 0.2374266 -0.9714055 0 0.1521723 -0.9883539 0 0.1090301 -0.9940384 0 0.02196146 -0.9997588 0 -0.02196146 -0.9997588 0 -0.1090301 -0.9940384 0 -0.1521723 -0.9883539 0 -0.2374266 -0.9714055 0 -0.2795395 -0.9601343 0 -0.3622614 -0.9320765 0 -0.4028667 -0.9152586 0 -0.4809968 -0.8767223 0 -0.5185445 -0.8550507 0 -0.5910978 -0.8065998 0 -0.6260647 -0.7797711 0 -0.6916234 -0.7222583 0 -0.7222598 -0.6916218 0 -0.7797717 -0.6260639 0 -0.8065999 -0.591098 0 -0.8550501 -0.5185454 0 -0.8767217 -0.4809977 0 -0.9152585 -0.402867 0 -0.9320768 -0.3622609 0 -0.9601346 -0.2795383 0 -0.9714056 -0.2374258 0 -0.9883538 -0.1521728 0 -0.9940383 -0.1090313 0 -0.9997588 -0.0219621 0 -0.9997588 0.0219621 0 -0.9940383 0.1090313 0 -0.9883538 0.1521728 0 -0.9714056 0.2374258 0 -0.9601346 0.2795383 0 -0.9320768 0.3622609 0 -0.9152585 0.402867 0 -0.8767217 0.4809977 0 -0.8550501 0.5185454 0 -0.8065999 0.591098 0 -0.7797717 0.6260639 0 -0.7222598 0.6916218 0 -0.6916234 0.7222583 0 -0.6260647 0.7797711 0 -0.5910978 0.8065998 0 -0.5185445 0.8550507 0 -0.4809968 0.8767223 0 -0.4028667 0.9152586 0 -0.3622614 0.9320765 0 -0.2795395 0.9601343 0 -0.2374266 0.9714055 0 -0.1521723 0.9883539 0 -0.1090301 0.9940384 0 -0.02196146 0.9997588 0 0.02196146 0.9997588 0 0.1090301 0.9940384 0 0.1521723 0.9883539 0 0.2374266 0.9714055 0 0.2795395 0.9601343 0 0.3622614 0.9320765 0 0.4028667 0.9152586 0 0.4809968 0.8767223 0 0.5185445 0.8550507 0 0.5910978 0.8065998 0 0.6260647 0.7797711 0 0.6916234 0.7222583 0 0.7222598 0.6916218 0 0.7797717 0.6260639 0 0.8065999 0.591098 0 0.8550501 0.5185454 0 0.8767217 0.4809977 0 0.9152585 0.402867 0 0.9320768 0.3622609 0 0.9601346 0.2795383 0 0.9714056 0.2374258 0 0.9883538 0.1521728 0 0.9940383 0.1090313 0 0 0 -1 0 0 -1 0 0 -1 0 0 -1 0 0 -1 0 0 -1 0 0 -1 0 0 -1 0 0 -1 0 0 -1 0 0 -0.9999999 0 0 -1 0 0 -0.9999999 0 0 -1 0 0 -1 0 0 -1 0 0 -1 0 0 -1 0 0 -1 0 0 -1 0 0 -1 0 0 -1 0 0 -1 0 0 -1 0 0 -1 0 0 -1 0 0 -1 0 0 -1 0 0 -1 0 0 -1 0 0 -1 0 0 -1 0 0 -1 0 0 -1 0 0 -0.9999999 0 0 -1 0 0 -0.9999999 0 0 -1 0 0 -1 0 0 -1 0 0 -1 0 0 -1 0 0 -1 0 0 -1 0 0 -1 0 0 -1 0 0 -1 0 0 -1 0 0 -1 0.9940383 -0.1090313 0 0.9997588 0.0219621 0 0.9997588 -0.0219621 0 0.9883538 -0.1521728 0 0.9714056 -0.2374258 0 0.9601346 -0.2795383 0 0.9320768 -0.3622609 0 0.9152585 -0.402867 0 0.8767217 -0.4809977 0 0.8550501 -0.5185454 0 0.8065999 -0.591098 0 0.7797717 -0.6260639 0 0.7222598 -0.6916218 0 0.6916234 -0.7222583 0 0.6260647 -0.7797711 0 0.5910978 -0.8065998 0 0.5185445 -0.8550507 0 0.4809968 -0.8767223 0 0.4028667 -0.9152586 0 0.3622614 -0.9320765 0 0.2795395 -0.9601343 0 0.2374266 -0.9714055 0 0.1521723 -0.9883539 0 0.1090301 -0.9940384 0 0.02196146 -0.9997588 0 -0.02196146 -0.9997588 0 -0.1090301 -0.9940384 0 -0.1521723 -0.9883539 0 -0.2374266 -0.9714055 0 -0.2795395 -0.9601343 0 -0.3622614 -0.9320765 0 -0.4028667 -0.9152586 0 -0.4809971 -0.8767222 0 -0.5185452 -0.8550503 0 -0.5910982 -0.8065996 0 -0.6260643 -0.7797715 0 -0.6916226 -0.7222591 0 -0.7222593 -0.6916223 0 -0.7797717 -0.6260639 0 -0.8065999 -0.591098 0 -0.8550501 -0.5185454 0 -0.8767217 -0.4809977 0 -0.9152582 -0.4028677 0 -0.9320762 -0.3622623 0 -0.9601341 -0.2795398 0 -0.9714056 -0.2374266 0 -0.988354 -0.152172 0 -0.9940385 -0.1090297 0 -0.9997588 -0.02196128 0 -0.9997588 0.02196128 0 -0.9940385 0.1090297 0 -0.988354 0.152172 0 -0.9714056 0.2374266 0 -0.9601341 0.2795398 0 -0.9320762 0.3622623 0 -0.9152582 0.4028677 0 -0.8767217 0.4809977 0 -0.8550501 0.5185454 0 -0.8065999 0.591098 0 -0.7797717 0.6260639 0 -0.7222593 0.6916223 0 -0.6916226 0.7222591 0 -0.6260643 0.7797715 0 -0.5910982 0.8065996 0 -0.5185452 0.8550503 0 -0.4809971 0.8767222 0 -0.4028667 0.9152586 0 -0.3622614 0.9320765 0 -0.2795395 0.9601343 0 -0.2374266 0.9714055 0 -0.1521723 0.9883539 0 -0.1090301 0.9940384 0 -0.02196146 0.9997588 0 0.02196146 0.9997588 0 0.1090301 0.9940384 0 0.1521723 0.9883539 0 0.2374266 0.9714055 0 0.2795395 0.9601343 0 0.3622614 0.9320765 0 0.4028667 0.9152586 0 0.4809968 0.8767223 0 0.5185445 0.8550507 0 0.5910978 0.8065998 0 0.6260647 0.7797711 0 0.6916234 0.7222583 0 0.7222598 0.6916218 0 0.7797717 0.6260639 0 0.8065999 0.591098 0 0.8550501 0.5185454 0 0.8767217 0.4809977 0 0.9152585 0.402867 0 0.9320768 0.3622609 0 0.9601346 0.2795383 0 0.9714056 0.2374258 0 0.9883538 0.1521728 0 0.9940383 0.1090313 0 0 0 -1 0 0 -1 0 0 -1 0 0 -1 0 0 -1 0 0 -1 0 0 -1 0 0 -1 0 0 -1 0 0 -1 0 0 -0.9999999 0 0 -1 0 0 -0.9999999 0 0 -1 0 0 -1 0 0 -1 0 0 -1 0 0 -1 0 0 -1 0 0 -1 0 0 -1 0 0 -1 0 0 -0.9999999 0 0 -1 0 0 -1 0 0 -1 0 0 -1 0 0 -1 0 0 -0.9999999 0 0 -1 0 0 -1 0 0 -1 0 0 -1 0 0 -0.9999999 0 0 -0.9999999 0 0 -1 0 0 -0.9999999 0 0 -1 0 0 -1 0 0 -1 0 0 -1 0 0 -1 0 0 -1 0 0 -1 0 0 -1 0 0 -1 0 0 -1 0 0 -1 0 0 -1 0.9940385 -0.1090297 0 0.9997588 0.02196128 0 0.9997588 -0.02196128 0 0.988354 -0.152172 0 0.9714056 -0.2374266 0 0.9601341 -0.2795398 0 0.9320763 -0.3622619 0 0.9152585 -0.402867 0 0.8767222 -0.4809971 0 0.8550503 -0.5185451 0 0.8065996 -0.5910982 0 0.7797713 -0.6260644 0 0.722259 -0.6916227 0 0.6916224 -0.7222592 0 0.6260643 -0.7797715 0 0.5910982 -0.8065996 0 0.5185452 -0.8550503 0 0.4809971 -0.8767222 0 0.4028669 -0.9152586 0 0.3622617 -0.9320764 0 0.2795395 -0.9601343 0 0.2374264 -0.9714056 0 0.1521722 -0.988354 0 0.1090301 -0.9940384 0 0.02196149 -0.9997588 0 -0.02196149 -0.9997588 0 -0.1090301 -0.9940384 0 -0.1521722 -0.988354 0 -0.2374264 -0.9714056 0 -0.2795395 -0.9601343 0 -0.3622617 -0.9320764 0 -0.4028669 -0.9152586 0 -0.4809971 -0.8767223 0 -0.518545 -0.8550503 0 -0.5910981 -0.8065997 0 -0.6260642 -0.7797716 0 -0.6916225 -0.7222592 0 -0.7222592 -0.6916225 0 -0.7797716 -0.6260642 0 -0.8065997 -0.5910981 0 -0.8550503 -0.5185451 0 -0.8767222 -0.4809971 0 -0.9152586 -0.4028669 0 -0.9320765 -0.3622616 0 -0.9601342 -0.2795394 0 -0.9714056 -0.2374264 0 -0.988354 -0.1521722 0 -0.9940385 -0.1090301 0 -0.9997588 -0.02196149 0 -0.9997588 0.02196149 0 -0.9940385 0.1090301 0 -0.988354 0.1521722 0 -0.9714056 0.2374264 0 -0.9601342 0.2795394 0 -0.9320765 0.3622616 0 -0.9152586 0.4028669 0 -0.8767222 0.4809971 0 -0.8550503 0.5185451 0 -0.8065997 0.5910981 0 -0.7797716 0.6260642 0 -0.7222592 0.6916225 0 -0.6916225 0.7222592 0 -0.6260642 0.7797716 0 -0.5910981 0.8065997 0 -0.518545 0.8550503 0 -0.4809971 0.8767223 0 -0.4028669 0.9152586 0 -0.3622617 0.9320764 0 -0.2795395 0.9601343 0 -0.2374264 0.9714056 0 -0.1521722 0.988354 0 -0.1090301 0.9940384 0 -0.02196149 0.9997588 0 0.02196149 0.9997588 0 0.1090301 0.9940384 0 0.1521722 0.988354 0 0.2374264 0.9714056 0 0.2795395 0.9601343 0 0.3622617 0.9320764 0 0.4028669 0.9152586 0 0.4809971 0.8767222 0 0.5185452 0.8550503 0 0.5910982 0.8065996 0 0.6260643 0.7797715 0 0.6916224 0.7222592 0 0.722259 0.6916227 0 0.7797713 0.6260644 0 0.8065996 0.5910982 0 0.8550503 0.5185451 0 0.8767222 0.4809971 0 0.9152585 0.402867 0 0.9320763 0.3622619 0 0.9601341 0.2795398 0 0.9714056 0.2374266 0 0.988354 0.152172 0 0.9940385 0.1090297 0 0 0 -1 0 0 -1 0 0 -1 0 0 -1 0 0 -1 0 0 -1 0 0 -1 0 0 -1 0 0 -1 0 0 -0.9999999 0 0 -1 0 0 -1 0 0 -1 0 0 -1 0 0 -1 0 0 -1 0 0 -1 0 0 -1 0 0 -1 0 0 -1 0 0 -1 0 0 -1 0 0 -1 0 0 -1 0 0 -1 0 0 -1 0 0 -1 0 0 -1 0 0 -1 0 0 -1 0 0 -1 0 0 -1 0 0 -1 0 0 -1 0 0 -1 0 0 -1 0 0 -1 0 0 -1 0 0 -1 0 0 -1 0 0 -1 0 0 -1 0 0 -1 0 0 -1 0 0 -1 0 0 -1 0 0 -1 0 0 -1 0 0 -1 0.9940385 -0.1090301 0 0.9997588 0.02196149 0 0.9997588 -0.02196149 0 0.988354 -0.1521722 0 0.9714056 -0.2374264 0 0.9601342 -0.2795394 0 0.9320765 -0.3622616 0 0.9152586 -0.4028669 0 0.8767222 -0.4809971 0 0.8550503 -0.5185451 0 0.8065997 -0.5910981 0 0.7797716 -0.6260642 0 0.7222592 -0.6916225 0 0.6916225 -0.7222592 0 0.6260642 -0.7797716 0 0.5910981 -0.8065997 0 0.518545 -0.8550503 0 0.4809971 -0.8767223 0 0.4028669 -0.9152586 0 0.3622617 -0.9320764 0 0.2795395 -0.9601343 0 0.2374264 -0.9714056 0 0.1521722 -0.988354 0 0.1090301 -0.9940384 0 0.02196149 -0.9997588 0 -0.02196149 -0.9997588 0 -0.1090301 -0.9940384 0 -0.1521722 -0.988354 0 -0.2374264 -0.9714056 0 -0.2795395 -0.9601343 0 -0.3622617 -0.9320764 0 -0.4028669 -0.9152586 0 -0.4809971 -0.8767222 0 -0.5185452 -0.8550503 0 -0.5910982 -0.8065996 0 -0.6260643 -0.7797715 0 -0.6916224 -0.7222592 0 -0.722259 -0.6916227 0 -0.7797713 -0.6260644 0 -0.8065996 -0.5910982 0 -0.8550503 -0.5185451 0 -0.8767222 -0.4809971 0 -0.9152585 -0.402867 0 -0.9320763 -0.3622619 0 -0.9601341 -0.2795398 0 -0.9714056 -0.2374266 0 -0.988354 -0.152172 0 -0.9940385 -0.1090297 0 -0.9997588 -0.02196128 0 -0.9997588 0.02196128 0 -0.9940385 0.1090297 0 -0.988354 0.152172 0 -0.9714056 0.2374266 0 -0.9601341 0.2795398 0 -0.9320763 0.3622619 0 -0.9152585 0.402867 0 -0.8767222 0.4809971 0 -0.8550503 0.5185451 0 -0.8065996 0.5910982 0 -0.7797713 0.6260644 0 -0.722259 0.6916227 0 -0.6916224 0.7222592 0 -0.6260643 0.7797715 0 -0.5910982 0.8065996 0 -0.5185452 0.8550503 0 -0.4809971 0.8767222 0 -0.4028669 0.9152586 0 -0.3622617 0.9320764 0 -0.2795395 0.9601343 0 -0.2374264 0.9714056 0 -0.1521722 0.988354 0 -0.1090301 0.9940384 0 -0.02196149 0.9997588 0 0.02196149 0.9997588 0 0.1090301 0.9940384 0 0.1521722 0.988354 0 0.2374264 0.9714056 0 0.2795395 0.9601343 0 0.3622617 0.9320764 0 0.4028669 0.9152586 0 0.4809971 0.8767223 0 0.518545 0.8550503 0 0.5910981 0.8065997 0 0.6260642 0.7797716 0 0.6916225 0.7222592 0 0.7222592 0.6916225 0 0.7797716 0.6260642 0 0.8065997 0.5910981 0 0.8550503 0.5185451 0 0.8767222 0.4809971 0 0.9152586 0.4028669 0 0.9320765 0.3622616 0 0.9601342 0.2795394 0 0.9714056 0.2374264 0 0.988354 0.1521722 0 0.9940385 0.1090301 0 0 0 -1 0 0 -1 0 0 -1 0 0 -1 0 0 -1 0 0 -1 0 0 -1 0 0 -1 0 0 -1 0 0 -1 0 0 -1 0 0 -1 0 0 -1 0 0 -1 0 0 -1 0 0 -1 0 0 -1 0 0 -1 0 0 -1 0 0 -1 0 0 -1 0 0 -1 0 0 -1 0 0 -1 0 0 -1 0 0 -1 0 0 -1 0 0 -1 0 0 -1 0 0 -1 0 0 -1 0 0 -1 0 0 -1 0 0 -0.9999999 0 0 -1 0 0 -1 0 0 -1 0 0 -1 0 0 -1 0 0 -1 0 0 -1 0 0 -1 0 0 -1 0 0 -1 0 0 -1 0 0 -1 0 0 -1 0 0 -1 0 0 -1 0.9940385 -0.1090297 0 0.9997588 0.02196128 0 0.9997588 -0.02196128 0 0.988354 -0.152172 0 0.9714056 -0.2374266 0 0.9601341 -0.2795398 0 0.9320762 -0.3622623 0 0.9152582 -0.4028677 0 0.8767217 -0.4809977 0 0.8550501 -0.5185454 0 0.8065999 -0.591098 0 0.7797717 -0.6260639 0 0.7222593 -0.6916223 0 0.6916226 -0.7222591 0 0.6260643 -0.7797715 0 0.5910982 -0.8065996 0 0.5185452 -0.8550503 0 0.4809971 -0.8767222 0 0.4028667 -0.9152586 0 0.3622614 -0.9320765 0 0.2795395 -0.9601343 0 0.2374266 -0.9714055 0 0.1521723 -0.9883539 0 0.1090301 -0.9940384 0 0.02196146 -0.9997588 0 -0.02196146 -0.9997588 0 -0.1090301 -0.9940384 0 -0.1521723 -0.9883539 0 -0.2374266 -0.9714055 0 -0.2795395 -0.9601343 0 -0.3622614 -0.9320765 0 -0.4028667 -0.9152586 0 -0.4809968 -0.8767223 0 -0.5185445 -0.8550507 0 -0.5910978 -0.8065998 0 -0.6260647 -0.7797711 0 -0.6916234 -0.7222583 0 -0.7222598 -0.6916218 0 -0.7797717 -0.6260639 0 -0.8065999 -0.591098 0 -0.8550501 -0.5185454 0 -0.8767217 -0.4809977 0 -0.9152585 -0.402867 0 -0.9320768 -0.3622609 0 -0.9601346 -0.2795383 0 -0.9714056 -0.2374258 0 -0.9883538 -0.1521728 0 -0.9940383 -0.1090313 0 -0.9997588 -0.0219621 0 -0.9997588 0.0219621 0 -0.9940383 0.1090313 0 -0.9883538 0.1521728 0 -0.9714056 0.2374258 0 -0.9601346 0.2795383 0 -0.9320768 0.3622609 0 -0.9152585 0.402867 0 -0.8767217 0.4809977 0 -0.8550501 0.5185454 0 -0.8065999 0.591098 0 -0.7797717 0.6260639 0 -0.7222598 0.6916218 0 -0.6916234 0.7222583 0 -0.6260647 0.7797711 0 -0.5910978 0.8065998 0 -0.5185445 0.8550507 0 -0.4809968 0.8767223 0 -0.4028667 0.9152586 0 -0.3622614 0.9320765 0 -0.2795395 0.9601343 0 -0.2374266 0.9714055 0 -0.1521723 0.9883539 0 -0.1090301 0.9940384 0 -0.02196146 0.9997588 0 0.02196146 0.9997588 0 0.1090301 0.9940384 0 0.1521723 0.9883539 0 0.2374266 0.9714055 0 0.2795395 0.9601343 0 0.3622614 0.9320765 0 0.4028667 0.9152586 0 0.4809971 0.8767222 0 0.5185452 0.8550503 0 0.5910982 0.8065996 0 0.6260643 0.7797715 0 0.6916226 0.7222591 0 0.7222593 0.6916223 0 0.7797717 0.6260639 0 0.8065999 0.591098 0 0.8550501 0.5185454 0 0.8767217 0.4809977 0 0.9152582 0.4028677 0 0.9320762 0.3622623 0 0.9601341 0.2795398 0 0.9714056 0.2374266 0 0.988354 0.152172 0 0.9940385 0.1090297 0 0 0 -1 0 0 -1 0 0 -1 0 0 -1 0 0 -0.9999999 0 0 -1 0 0 -1 0 0 -1 0 0 -1 0 0 -0.9999999 0 0 -0.9999999 0 0 -1 0 0 -0.9999999 0 0 -1 0 0 -1 0 0 -1 0 0 -1 0 0 -1 0 0 -1 0 0 -1 0 0 -1 0 0 -1 0 0 -1 0 0 -1 0 0 -1 0 0 -1 0 0 -1 0 0 -1 0 0 -1 0 0 -1 0 0 -1 0 0 -1 0 0 -1 0 0 -1 0 0 -0.9999999 0 0 -1 0 0 -0.9999999 0 0 -1 0 0 -1 0 0 -1 0 0 -1 0 0 -1 0 0 -1 0 0 -1 0 0 -1 0 0 -1 0 0 -0.9999999 0 0 -1 0 0 -1 0.9940383 -0.1090313 0 0.9997588 0.0219621 0 0.9997588 -0.0219621 0 0.9883538 -0.1521728 0 0.9714056 -0.2374258 0 0.9601346 -0.2795383 0 0.9320768 -0.3622609 0 0.9152585 -0.402867 0 0.8767217 -0.4809977 0 0.8550501 -0.5185454 0 0.8065999 -0.591098 0 0.7797717 -0.6260639 0 0.7222598 -0.6916218 0 0.6916234 -0.7222583 0 0.6260647 -0.7797711 0 0.5910978 -0.8065998 0 0.5185445 -0.8550507 0 0.4809968 -0.8767223 0 0.4028667 -0.9152586 0 0.3622614 -0.9320765 0 0.2795395 -0.9601343 0 0.2374266 -0.9714055 0 0.1521723 -0.9883539 0 0.1090301 -0.9940384 0 0.02196146 -0.9997588 0 -0.02196146 -0.9997588 0 -0.1090301 -0.9940384 0 -0.1521723 -0.9883539 0 -0.2374266 -0.9714055 0 -0.2795395 -0.9601343 0 -0.3622614 -0.9320765 0 -0.4028667 -0.9152586 0 -0.4809968 -0.8767223 0 -0.5185445 -0.8550507 0 -0.5910978 -0.8065998 0 -0.6260647 -0.7797711 0 -0.6916234 -0.7222583 0 -0.7222598 -0.6916218 0 -0.7797717 -0.6260639 0 -0.8065999 -0.591098 0 -0.8550501 -0.5185454 0 -0.8767217 -0.4809977 0 -0.9152585 -0.402867 0 -0.9320768 -0.3622609 0 -0.9601346 -0.2795383 0 -0.9714056 -0.2374258 0 -0.9883538 -0.1521728 0 -0.9940383 -0.1090313 0 -0.9997588 -0.0219621 0 -0.9997588 0.0219621 0 -0.9940383 0.1090313 0 -0.9883538 0.1521728 0 -0.9714056 0.2374258 0 -0.9601346 0.2795383 0 -0.9320768 0.3622609 0 -0.9152585 0.402867 0 -0.8767217 0.4809977 0 -0.8550501 0.5185454 0 -0.8065999 0.591098 0 -0.7797717 0.6260639 0 -0.7222598 0.6916218 0 -0.6916234 0.7222583 0 -0.6260647 0.7797711 0 -0.5910978 0.8065998 0 -0.5185445 0.8550507 0 -0.4809968 0.8767223 0 -0.4028667 0.9152586 0 -0.3622614 0.9320765 0 -0.2795395 0.9601343 0 -0.2374266 0.9714055 0 -0.1521723 0.9883539 0 -0.1090301 0.9940384 0 -0.02196146 0.9997588 0 0.02196146 0.9997588 0 0.1090301 0.9940384 0 0.1521723 0.9883539 0 0.2374266 0.9714055 0 0.2795395 0.9601343 0 0.3622614 0.9320765 0 0.4028667 0.9152586 0 0.4809968 0.8767223 0 0.5185445 0.8550507 0 0.5910978 0.8065998 0 0.6260647 0.7797711 0 0.6916234 0.7222583 0 0.7222598 0.6916218 0 0.7797717 0.6260639 0 0.8065999 0.591098 0 0.8550501 0.5185454 0 0.8767217 0.4809977 0 0.9152585 0.402867 0 0.9320768 0.3622609 0 0.9601346 0.2795383 0 0.9714056 0.2374258 0 0.9883538 0.1521728 0 0.9940383 0.1090313 0 0 0 -1 0 0 -1 0 0 -1 0 0 -1 0 0 -1 0 0 -1 0 0 -1 0 0 -1 0 0 -1 0 0 -1 0 0 -0.9999999 0 0 -1 0 0 -0.9999999 0 0 -1 0 0 -1 0 0 -1 0 0 -1 0 0 -1 0 0 -1 0 0 -1 0 0 -1 0 0 -1 0 0 -1 0 0 -1 0 0 -1 0 0 -1 0 0 -1 0 0 -1 0 0 -1 0 0 -1 0 0 -1 0 0 -1 0 0 -1 0 0 -1 0 0 -0.9999999 0 0 -1 0 0 -0.9999999 0 0 -1 0 0 -1 0 0 -1 0 0 -1 0 0 -1 0 0 -1 0 0 -1 0 0 -1 0 0 -1 0 0 -1 0 0 -1 0 0 -1 
				</float_array>
				<technique_common>
					<accessor count="1643" source="#Part-3666_dot_dat-norm-array" stride="3">
						<param name="X" type="float" /><param name="Y" type="float" /><param name="Z" type="float" />
					</accessor>
				</technique_common>
			</source>
			<vertices id="Part-3666_dot_dat-vert">
				<input semantic="POSITION" source="#Part-3666_dot_dat-pos" />
			</vertices>
			<triangles count="1612" material="Base">
				<input semantic="VERTEX" source="#Part-3666_dot_dat-vert" offset="0" />
				<input semantic="NORMAL" source="#Part-3666_dot_dat-norm" offset="0" />
				<p>
					0 1 2 3 0 2 4 3 2 5 4 2 6 5 2 7 6 2 8 7 2 9 8 2 10 9 2 11 10 2 12 11 2 13 12 2 14 13 2 15 14 2 16 15 2 17 16 2 18 17 2 19 18 2 20 19 2 21 20 2 22 21 2 23 22 2 24 23 2 25 24 2 26 25 2 27 26 2 28 27 2 29 28 2 30 29 2 31 30 2 32 31 2 33 32 2 34 33 2 35 34 2 36 35 2 37 36 2 38 37 2 39 38 2 40 39 2 41 40 2 42 41 2 43 42 2 44 43 2 45 44 2 46 45 2 47 46 2 48 47 2 1 48 2 49 50 51 51 52 49 53 49 52 52 54 53 55 53 54 54 56 55 57 55 56 56 58 57 59 57 58 58 60 59 61 59 60 60 62 61 63 61 62 62 64 63 65 63 64 64 66 65 67 65 66 66 68 67 69 67 68 68 70 69 71 69 70 70 72 71 73 71 72 72 74 73 75 73 74 74 76 75 77 75 76 76 78 77 79 77 78 78 80 79 81 79 80 80 82 81 83 81 82 82 84 83 85 83 84 84 86 85 87 85 86 86 88 87 89 87 88 88 90 89 91 89 90 90 92 91 93 91 92 92 94 93 95 93 94 94 96 95 97 95 96 96 98 97 99 97 98 98 100 99 101 99 100 100 102 101 103 101 102 102 104 103 105 103 104 104 106 105 107 105 106 106 108 107 109 107 108 108 110 109 111 109 110 110 112 111 113 111 112 112 114 113 115 113 114 114 116 115 117 115 116 116 118 117 119 117 118 118 120 119 121 119 120 120 122 121 123 121 122 122 124 123 125 123 124 124 126 125 127 125 126 126 128 127 129 127 128 128 130 129 131 129 130 130 132 131 133 131 132 132 134 133 135 133 134 134 136 135 137 135 136 136 138 137 139 137 138 138 140 139 141 139 140 140 142 141 143 141 142 142 144 143 50 143 144 144 51 50 145 146 147 148 145 147 149 148 147 150 149 147 151 150 147 152 151 147 153 152 147 154 153 147 155 154 147 156 155 147 157 156 147 158 157 147 159 158 147 160 159 147 161 160 147 162 161 147 163 162 147 164 163 147 165 164 147 166 165 147 167 166 147 168 167 147 169 168 147 170 169 147 171 170 147 172 171 147 173 172 147 174 173 147 175 174 147 176 175 147 177 176 147 178 177 147 179 178 147 180 179 147 181 180 147 182 181 147 183 182 147 184 183 147 185 184 147 186 185 147 187 186 147 188 187 147 189 188 147 190 189 147 191 190 147 192 191 147 193 192 147 146 193 147 194 195 196 196 197 194 198 194 197 197 199 198 200 198 199 199 201 200 202 200 201 201 203 202 204 202 203 203 205 204 206 204 205 205 207 206 208 206 207 207 209 208 210 208 209 209 211 210 212 210 211 211 213 212 214 212 213 213 215 214 216 214 215 215 217 216 218 216 217 217 219 218 220 218 219 219 221 220 222 220 221 221 223 222 224 222 223 223 225 224 226 224 225 225 227 226 228 226 227 227 229 228 230 228 229 229 231 230 232 230 231 231 233 232 234 232 233 233 235 234 236 234 235 235 237 236 238 236 237 237 239 238 240 238 239 239 241 240 242 240 241 241 243 242 244 242 243 243 245 244 246 244 245 245 247 246 248 246 247 247 249 248 250 248 249 249 251 250 252 250 251 251 253 252 254 252 253 253 255 254 256 254 255 255 257 256 258 256 257 257 259 258 260 258 259 259 261 260 262 260 261 261 263 262 264 262 263 263 265 264 266 264 265 265 267 266 268 266 267 267 269 268 270 268 269 269 271 270 272 270 271 271 273 272 274 272 273 273 275 274 276 274 275 275 277 276 278 276 277 277 279 278 280 278 279 279 281 280 282 280 281 281 283 282 284 282 283 283 285 284 286 284 285 285 287 286 288 286 287 287 289 288 195 288 289 289 196 195 290 291 292 293 290 292 294 293 292 295 294 292 296 295 292 297 296 292 298 297 292 299 298 292 300 299 292 301 300 292 302 301 292 303 302 292 304 303 292 305 304 292 306 305 292 307 306 292 308 307 292 309 308 292 310 309 292 311 310 292 312 311 292 313 312 292 314 313 292 315 314 292 316 315 292 317 316 292 318 317 292 319 318 292 320 319 292 321 320 292 322 321 292 323 322 292 324 323 292 325 324 292 326 325 292 327 326 292 328 327 292 329 328 292 330 329 292 331 330 292 332 331 292 333 332 292 334 333 292 335 334 292 336 335 292 337 336 292 338 337 292 291 338 292 339 340 341 341 342 339 343 339 342 342 344 343 345 343 344 344 346 345 347 345 346 346 348 347 349 347 348 348 350 349 351 349 350 350 352 351 353 351 352 352 354 353 355 353 354 354 356 355 357 355 356 356 358 357 359 357 358 358 360 359 361 359 360 360 362 361 363 361 362 362 364 363 365 363 364 364 366 365 367 365 366 366 368 367 369 367 368 368 370 369 371 369 370 370 372 371 373 371 372 372 374 373 375 373 374 374 376 375 377 375 376 376 378 377 379 377 378 378 380 379 381 379 380 380 382 381 383 381 382 382 384 383 385 383 384 384 386 385 387 385 386 386 388 387 389 387 388 388 390 389 391 389 390 390 392 391 393 391 392 392 394 393 395 393 394 394 396 395 397 395 396 396 398 397 399 397 398 398 400 399 401 399 400 400 402 401 403 401 402 402 404 403 405 403 404 404 406 405 407 405 406 406 408 407 409 407 408 408 410 409 411 409 410 410 412 411 413 411 412 412 414 413 415 413 414 414 416 415 417 415 416 416 418 417 419 417 418 418 420 419 421 419 420 420 422 421 423 421 422 422 424 423 425 423 424 424 426 425 427 425 426 426 428 427 429 427 428 428 430 429 431 429 430 430 432 431 433 431 432 432 434 433 340 433 434 434 341 340 435 436 437 438 435 437 439 438 437 440 439 437 441 440 437 442 441 437 443 442 437 444 443 437 445 444 437 446 445 437 447 446 437 448 447 437 449 448 437 450 449 437 451 450 437 452 451 437 453 452 437 454 453 437 455 454 437 456 455 437 457 456 437 458 457 437 459 458 437 460 459 437 461 460 437 462 461 437 463 462 437 464 463 437 465 464 437 466 465 437 467 466 437 468 467 437 469 468 437 470 469 437 471 470 437 472 471 437 473 472 437 474 473 437 475 474 437 476 475 437 477 476 437 478 477 437 479 478 437 480 479 437 481 480 437 482 481 437 483 482 437 436 483 437 484 485 486 486 487 484 488 484 487 487 489 488 490 488 489 489 491 490 492 490 491 491 493 492 494 492 493 493 495 494 496 494 495 495 497 496 498 496 497 497 499 498 500 498 499 499 501 500 502 500 501 501 503 502 504 502 503 503 505 504 506 504 505 505 507 506 508 506 507 507 509 508 510 508 509 509 511 510 512 510 511 511 513 512 514 512 513 513 515 514 516 514 515 515 517 516 518 516 517 517 519 518 520 518 519 519 521 520 522 520 521 521 523 522 524 522 523 523 525 524 526 524 525 525 527 526 528 526 527 527 529 528 530 528 529 529 531 530 532 530 531 531 533 532 534 532 533 533 535 534 536 534 535 535 537 536 538 536 537 537 539 538 540 538 539 539 541 540 542 540 541 541 543 542 544 542 543 543 545 544 546 544 545 545 547 546 548 546 547 547 549 548 550 548 549 549 551 550 552 550 551 551 553 552 554 552 553 553 555 554 556 554 555 555 557 556 558 556 557 557 559 558 560 558 559 559 561 560 562 560 561 561 563 562 564 562 563 563 565 564 566 564 565 565 567 566 568 566 567 567 569 568 570 568 569 569 571 570 572 570 571 571 573 572 574 572 573 573 575 574 576 574 575 575 577 576 578 576 577 577 579 578 485 578 579 579 486 485 580 581 582 583 580 582 584 583 582 585 584 582 586 585 582 587 586 582 588 587 582 589 588 582 590 589 582 591 590 582 592 591 582 593 592 582 594 593 582 595 594 582 596 595 582 597 596 582 598 597 582 599 598 582 600 599 582 601 600 582 602 601 582 603 602 582 604 603 582 605 604 582 606 605 582 607 606 582 608 607 582 609 608 582 610 609 582 611 610 582 612 611 582 613 612 582 614 613 582 615 614 582 616 615 582 617 616 582 618 617 582 619 618 582 620 619 582 621 620 582 622 621 582 623 622 582 624 623 582 625 624 582 626 625 582 627 626 582 628 627 582 581 628 582 629 630 631 631 632 629 633 629 632 632 634 633 635 633 634 634 636 635 637 635 636 636 638 637 639 637 638 638 640 639 641 639 640 640 642 641 643 641 642 642 644 643 645 643 644 644 646 645 647 645 646 646 648 647 649 647 648 648 650 649 651 649 650 650 652 651 653 651 652 652 654 653 655 653 654 654 656 655 657 655 656 656 658 657 659 657 658 658 660 659 661 659 660 660 662 661 663 661 662 662 664 663 665 663 664 664 666 665 667 665 666 666 668 667 669 667 668 668 670 669 671 669 670 670 672 671 673 671 672 672 674 673 675 673 674 674 676 675 677 675 676 676 678 677 679 677 678 678 680 679 681 679 680 680 682 681 683 681 682 682 684 683 685 683 684 684 686 685 687 685 686 686 688 687 689 687 688 688 690 689 691 689 690 690 692 691 693 691 692 692 694 693 695 693 694 694 696 695 697 695 696 696 698 697 699 697 698 698 700 699 701 699 700 700 702 701 703 701 702 702 704 703 705 703 704 704 706 705 707 705 706 706 708 707 709 707 708 708 710 709 711 709 710 710 712 711 713 711 712 712 714 713 715 713 714 714 716 715 717 715 716 716 718 717 719 717 718 718 720 719 721 719 720 720 722 721 723 721 722 722 724 723 630 723 724 724 631 630 727 726 725 725 728 727 731 730 729 729 732 731 735 734 733 733 736 735 739 738 737 737 740 739 743 742 741 741 744 743 747 746 745 745 748 747 746 750 749 749 745 746 750 752 751 751 749 750 752 747 748 748 751 752 753 754 755 755 756 753 757 758 759 759 760 757 761 762 763 763 764 761 765 766 767 767 768 765 769 770 771 771 772 769 773 774 775 775 776 773 777 773 776 776 778 777 779 777 778 778 780 779 781 779 780 780 782 781 783 781 782 782 784 783 785 783 784 784 786 785 787 785 786 786 788 787 789 787 788 788 790 789 791 789 790 790 792 791 793 791 792 792 794 793 795 793 794 794 796 795 797 795 796 796 798 797 799 797 798 798 800 799 801 799 800 800 802 801 803 801 802 802 804 803 805 803 804 804 806 805 807 805 806 806 808 807 809 807 808 808 810 809 811 809 810 810 812 811 813 811 812 812 814 813 815 813 814 814 816 815 817 815 816 816 818 817 819 817 818 818 820 819 821 819 820 820 822 821 823 821 822 822 824 823 825 823 824 824 826 825 827 825 826 826 828 827 829 827 828 828 830 829 831 829 830 830 832 831 833 831 832 832 834 833 835 833 834 834 836 835 837 835 836 836 838 837 839 837 838 838 840 839 841 839 840 840 842 841 843 841 842 842 844 843 845 843 844 844 846 845 847 845 846 846 848 847 849 847 848 848 850 849 851 849 850 850 852 851 853 851 852 852 854 853 855 853 854 854 856 855 857 855 856 856 858 857 859 857 858 858 860 859 861 859 860 860 862 861 863 861 862 862 864 863 865 863 864 864 866 865 867 865 866 866 868 867 774 867 868 868 775 774 871 870 869 871 869 872 871 872 873 871 873 874 871 874 875 871 875 876 871 876 877 871 877 878 871 878 879 871 879 880 871 880 881 871 881 882 871 882 883 871 883 884 871 884 885 871 885 886 871 886 887 871 887 888 871 888 889 871 889 890 871 890 891 871 891 892 871 892 893 871 893 894 871 894 895 871 895 896 871 896 897 871 897 898 871 898 899 871 899 900 871 900 901 871 901 902 871 902 903 871 903 904 871 904 905 871 905 906 871 906 907 871 907 908 871 908 909 871 909 910 871 910 911 871 911 912 871 912 913 871 913 914 871 914 915 871 915 916 871 916 917 871 917 870 918 919 920 920 921 918 922 918 921 921 923 922 924 922 923 923 925 924 926 924 925 925 927 926 928 926 927 927 929 928 930 928 929 929 931 930 932 930 931 931 933 932 934 932 933 933 935 934 936 934 935 935 937 936 938 936 937 937 939 938 940 938 939 939 941 940 942 940 941 941 943 942 944 942 943 943 945 944 946 944 945 945 947 946 948 946 947 947 949 948 950 948 949 949 951 950 952 950 951 951 953 952 954 952 953 953 955 954 956 954 955 955 957 956 958 956 957 957 959 958 960 958 959 959 961 960 962 960 961 961 963 962 964 962 963 963 965 964 966 964 965 965 967 966 968 966 967 967 969 968 970 968 969 969 971 970 972 970 971 971 973 972 974 972 973 973 975 974 976 974 975 975 977 976 978 976 977 977 979 978 980 978 979 979 981 980 982 980 981 981 983 982 984 982 983 983 985 984 986 984 985 985 987 986 988 986 987 987 989 988 990 988 989 989 991 990 992 990 991 991 993 992 994 992 993 993 995 994 996 994 995 995 997 996 998 996 997 997 999 998 1000 998 999 999 1001 1000 1002 1000 1001 1001 1003 1002 1004 1002 1003 1003 1005 1004 1006 1004 1005 1005 1007 1006 1008 1006 1007 1007 1009 1008 1010 1008 1009 1009 1011 1010 1012 1010 1011 1011 1013 1012 919 1012 1013 1013 920 919 1016 1015 1014 1016 1014 1017 1016 1017 1018 1016 1018 1019 1016 1019 1020 1016 1020 1021 1016 1021 1022 1016 1022 1023 1016 1023 1024 1016 1024 1025 1016 1025 1026 1016 1026 1027 1016 1027 1028 1016 1028 1029 1016 1029 1030 1016 1030 1031 1016 1031 1032 1016 1032 1033 1016 1033 1034 1016 1034 1035 1016 1035 1036 1016 1036 1037 1016 1037 1038 1016 1038 1039 1016 1039 1040 1016 1040 1041 1016 1041 1042 1016 1042 1043 1016 1043 1044 1016 1044 1045 1016 1045 1046 1016 1046 1047 1016 1047 1048 1016 1048 1049 1016 1049 1050 1016 1050 1051 1016 1051 1052 1016 1052 1053 1016 1053 1054 1016 1054 1055 1016 1055 1056 1016 1056 1057 1016 1057 1058 1016 1058 1059 1016 1059 1060 1016 1060 1061 1016 1061 1062 1016 1062 1015 1063 1064 1065 1065 1066 1063 1067 1063 1066 1066 1068 1067 1069 1067 1068 1068 1070 1069 1071 1069 1070 1070 1072 1071 1073 1071 1072 1072 1074 1073 1075 1073 1074 1074 1076 1075 1077 1075 1076 1076 1078 1077 1079 1077 1078 1078 1080 1079 1081 1079 1080 1080 1082 1081 1083 1081 1082 1082 1084 1083 1085 1083 1084 1084 1086 1085 1087 1085 1086 1086 1088 1087 1089 1087 1088 1088 1090 1089 1091 1089 1090 1090 1092 1091 1093 1091 1092 1092 1094 1093 1095 1093 1094 1094 1096 1095 1097 1095 1096 1096 1098 1097 1099 1097 1098 1098 1100 1099 1101 1099 1100 1100 1102 1101 1103 1101 1102 1102 1104 1103 1105 1103 1104 1104 1106 1105 1107 1105 1106 1106 1108 1107 1109 1107 1108 1108 1110 1109 1111 1109 1110 1110 1112 1111 1113 1111 1112 1112 1114 1113 1115 1113 1114 1114 1116 1115 1117 1115 1116 1116 1118 1117 1119 1117 1118 1118 1120 1119 1121 1119 1120 1120 1122 1121 1123 1121 1122 1122 1124 1123 1125 1123 1124 1124 1126 1125 1127 1125 1126 1126 1128 1127 1129 1127 1128 1128 1130 1129 1131 1129 1130 1130 1132 1131 1133 1131 1132 1132 1134 1133 1135 1133 1134 1134 1136 1135 1137 1135 1136 1136 1138 1137 1139 1137 1138 1138 1140 1139 1141 1139 1140 1140 1142 1141 1143 1141 1142 1142 1144 1143 1145 1143 1144 1144 1146 1145 1147 1145 1146 1146 1148 1147 1149 1147 1148 1148 1150 1149 1151 1149 1150 1150 1152 1151 1153 1151 1152 1152 1154 1153 1155 1153 1154 1154 1156 1155 1157 1155 1156 1156 1158 1157 1064 1157 1158 1158 1065 1064 1161 1160 1159 1161 1159 1162 1161 1162 1163 1161 1163 1164 1161 1164 1165 1161 1165 1166 1161 1166 1167 1161 1167 1168 1161 1168 1169 1161 1169 1170 1161 1170 1171 1161 1171 1172 1161 1172 1173 1161 1173 1174 1161 1174 1175 1161 1175 1176 1161 1176 1177 1161 1177 1178 1161 1178 1179 1161 1179 1180 1161 1180 1181 1161 1181 1182 1161 1182 1183 1161 1183 1184 1161 1184 1185 1161 1185 1186 1161 1186 1187 1161 1187 1188 1161 1188 1189 1161 1189 1190 1161 1190 1191 1161 1191 1192 1161 1192 1193 1161 1193 1194 1161 1194 1195 1161 1195 1196 1161 1196 1197 1161 1197 1198 1161 1198 1199 1161 1199 1200 1161 1200 1201 1161 1201 1202 1161 1202 1203 1161 1203 1204 1161 1204 1205 1161 1205 1206 1161 1206 1207 1161 1207 1160 1208 1209 1210 1210 1211 1208 1212 1208 1211 1211 1213 1212 1214 1212 1213 1213 1215 1214 1216 1214 1215 1215 1217 1216 1218 1216 1217 1217 1219 1218 1220 1218 1219 1219 1221 1220 1222 1220 1221 1221 1223 1222 1224 1222 1223 1223 1225 1224 1226 1224 1225 1225 1227 1226 1228 1226 1227 1227 1229 1228 1230 1228 1229 1229 1231 1230 1232 1230 1231 1231 1233 1232 1234 1232 1233 1233 1235 1234 1236 1234 1235 1235 1237 1236 1238 1236 1237 1237 1239 1238 1240 1238 1239 1239 1241 1240 1242 1240 1241 1241 1243 1242 1244 1242 1243 1243 1245 1244 1246 1244 1245 1245 1247 1246 1248 1246 1247 1247 1249 1248 1250 1248 1249 1249 1251 1250 1252 1250 1251 1251 1253 1252 1254 1252 1253 1253 1255 1254 1256 1254 1255 1255 1257 1256 1258 1256 1257 1257 1259 1258 1260 1258 1259 1259 1261 1260 1262 1260 1261 1261 1263 1262 1264 1262 1263 1263 1265 1264 1266 1264 1265 1265 1267 1266 1268 1266 1267 1267 1269 1268 1270 1268 1269 1269 1271 1270 1272 1270 1271 1271 1273 1272 1274 1272 1273 1273 1275 1274 1276 1274 1275 1275 1277 1276 1278 1276 1277 1277 1279 1278 1280 1278 1279 1279 1281 1280 1282 1280 1281 1281 1283 1282 1284 1282 1283 1283 1285 1284 1286 1284 1285 1285 1287 1286 1288 1286 1287 1287 1289 1288 1290 1288 1289 1289 1291 1290 1292 1290 1291 1291 1293 1292 1294 1292 1293 1293 1295 1294 1296 1294 1295 1295 1297 1296 1298 1296 1297 1297 1299 1298 1300 1298 1299 1299 1301 1300 1302 1300 1301 1301 1303 1302 1209 1302 1303 1303 1210 1209 1306 1305 1304 1306 1304 1307 1306 1307 1308 1306 1308 1309 1306 1309 1310 1306 1310 1311 1306 1311 1312 1306 1312 1313 1306 1313 1314 1306 1314 1315 1306 1315 1316 1306 1316 1317 1306 1317 1318 1306 1318 1319 1306 1319 1320 1306 1320 1321 1306 1321 1322 1306 1322 1323 1306 1323 1324 1306 1324 1325 1306 1325 1326 1306 1326 1327 1306 1327 1328 1306 1328 1329 1306 1329 1330 1306 1330 1331 1306 1331 1332 1306 1332 1333 1306 1333 1334 1306 1334 1335 1306 1335 1336 1306 1336 1337 1306 1337 1338 1306 1338 1339 1306 1339 1340 1306 1340 1341 1306 1341 1342 1306 1342 1343 1306 1343 1344 1306 1344 1345 1306 1345 1346 1306 1346 1347 1306 1347 1348 1306 1348 1349 1306 1349 1350 1306 1350 1351 1306 1351 1352 1306 1352 1305 1353 1354 1355 1355 1356 1353 1357 1353 1356 1356 1358 1357 1359 1357 1358 1358 1360 1359 1361 1359 1360 1360 1362 1361 1363 1361 1362 1362 1364 1363 1365 1363 1364 1364 1366 1365 1367 1365 1366 1366 1368 1367 1369 1367 1368 1368 1370 1369 1371 1369 1370 1370 1372 1371 1373 1371 1372 1372 1374 1373 1375 1373 1374 1374 1376 1375 1377 1375 1376 1376 1378 1377 1379 1377 1378 1378 1380 1379 1381 1379 1380 1380 1382 1381 1383 1381 1382 1382 1384 1383 1385 1383 1384 1384 1386 1385 1387 1385 1386 1386 1388 1387 1389 1387 1388 1388 1390 1389 1391 1389 1390 1390 1392 1391 1393 1391 1392 1392 1394 1393 1395 1393 1394 1394 1396 1395 1397 1395 1396 1396 1398 1397 1399 1397 1398 1398 1400 1399 1401 1399 1400 1400 1402 1401 1403 1401 1402 1402 1404 1403 1405 1403 1404 1404 1406 1405 1407 1405 1406 1406 1408 1407 1409 1407 1408 1408 1410 1409 1411 1409 1410 1410 1412 1411 1413 1411 1412 1412 1414 1413 1415 1413 1414 1414 1416 1415 1417 1415 1416 1416 1418 1417 1419 1417 1418 1418 1420 1419 1421 1419 1420 1420 1422 1421 1423 1421 1422 1422 1424 1423 1425 1423 1424 1424 1426 1425 1427 1425 1426 1426 1428 1427 1429 1427 1428 1428 1430 1429 1431 1429 1430 1430 1432 1431 1433 1431 1432 1432 1434 1433 1435 1433 1434 1434 1436 1435 1437 1435 1436 1436 1438 1437 1439 1437 1438 1438 1440 1439 1441 1439 1440 1440 1442 1441 1443 1441 1442 1442 1444 1443 1445 1443 1444 1444 1446 1445 1447 1445 1446 1446 1448 1447 1354 1447 1448 1448 1355 1354 1451 1450 1449 1451 1449 1452 1451 1452 1453 1451 1453 1454 1451 1454 1455 1451 1455 1456 1451 1456 1457 1451 1457 1458 1451 1458 1459 1451 1459 1460 1451 1460 1461 1451 1461 1462 1451 1462 1463 1451 1463 1464 1451 1464 1465 1451 1465 1466 1451 1466 1467 1451 1467 1468 1451 1468 1469 1451 1469 1470 1451 1470 1471 1451 1471 1472 1451 1472 1473 1451 1473 1474 1451 1474 1475 1451 1475 1476 1451 1476 1477 1451 1477 1478 1451 1478 1479 1451 1479 1480 1451 1480 1481 1451 1481 1482 1451 1482 1483 1451 1483 1484 1451 1484 1485 1451 1485 1486 1451 1486 1487 1451 1487 1488 1451 1488 1489 1451 1489 1490 1451 1490 1491 1451 1491 1492 1451 1492 1493 1451 1493 1494 1451 1494 1495 1451 1495 1496 1451 1496 1497 1451 1497 1450 1498 1499 1500 1500 1501 1498 1502 1498 1501 1501 1503 1502 1504 1502 1503 1503 1505 1504 1506 1504 1505 1505 1507 1506 1508 1506 1507 1507 1509 1508 1510 1508 1509 1509 1511 1510 1512 1510 1511 1511 1513 1512 1514 1512 1513 1513 1515 1514 1516 1514 1515 1515 1517 1516 1518 1516 1517 1517 1519 1518 1520 1518 1519 1519 1521 1520 1522 1520 1521 1521 1523 1522 1524 1522 1523 1523 1525 1524 1526 1524 1525 1525 1527 1526 1528 1526 1527 1527 1529 1528 1530 1528 1529 1529 1531 1530 1532 1530 1531 1531 1533 1532 1534 1532 1533 1533 1535 1534 1536 1534 1535 1535 1537 1536 1538 1536 1537 1537 1539 1538 1540 1538 1539 1539 1541 1540 1542 1540 1541 1541 1543 1542 1544 1542 1543 1543 1545 1544 1546 1544 1545 1545 1547 1546 1548 1546 1547 1547 1549 1548 1550 1548 1549 1549 1551 1550 1552 1550 1551 1551 1553 1552 1554 1552 1553 1553 1555 1554 1556 1554 1555 1555 1557 1556 1558 1556 1557 1557 1559 1558 1560 1558 1559 1559 1561 1560 1562 1560 1561 1561 1563 1562 1564 1562 1563 1563 1565 1564 1566 1564 1565 1565 1567 1566 1568 1566 1567 1567 1569 1568 1570 1568 1569 1569 1571 1570 1572 1570 1571 1571 1573 1572 1574 1572 1573 1573 1575 1574 1576 1574 1575 1575 1577 1576 1578 1576 1577 1577 1579 1578 1580 1578 1579 1579 1581 1580 1582 1580 1581 1581 1583 1582 1584 1582 1583 1583 1585 1584 1586 1584 1585 1585 1587 1586 1588 1586 1587 1587 1589 1588 1590 1588 1589 1589 1591 1590 1592 1590 1591 1591 1593 1592 1499 1592 1593 1593 1500 1499 1596 1595 1594 1596 1594 1597 1596 1597 1598 1596 1598 1599 1596 1599 1600 1596 1600 1601 1596 1601 1602 1596 1602 1603 1596 1603 1604 1596 1604 1605 1596 1605 1606 1596 1606 1607 1596 1607 1608 1596 1608 1609 1596 1609 1610 1596 1610 1611 1596 1611 1612 1596 1612 1613 1596 1613 1614 1596 1614 1615 1596 1615 1616 1596 1616 1617 1596 1617 1618 1596 1618 1619 1596 1619 1620 1596 1620 1621 1596 1621 1622 1596 1622 1623 1596 1623 1624 1596 1624 1625 1596 1625 1626 1596 1626 1627 1596 1627 1628 1596 1628 1629 1596 1629 1630 1596 1630 1631 1596 1631 1632 1596 1632 1633 1596 1633 1634 1596 1634 1635 1596 1635 1636 1596 1636 1637 1596 1637 1638 1596 1638 1639 1596 1639 1640 1596 1640 1641 1596 1641 1642 1596 1642 1595 
				</p>
			</triangles>
		</mesh>
	</geometry>
	<geometry id="Part-3460_dot_dat" name="Part-3460_dot_dat">
		<mesh>
			<source id="Part-3460_dot_dat-pos" name="Part-3460_dot_dat-pos">
				<float_array id="Part-3460_dot_dat-pos-array" count="6669">
					63.9656 -0.522 8 64 0 8 60 0 8 63.8636 -1.0352 8 63.6956 -1.5308 8 63.464 -2 8 63.1736 -2.4352 8 62.8284 -2.8284 8 62.4352 -3.1736 8 62 -3.464 8 61.5308 -3.6956 8 61.0352 -3.8636 8 60.522 -3.9656 8 60 -4 8 59.478 -3.9656 8 58.9648 -3.8636 8 58.4692 -3.6956 8 58 -3.464 8 57.5648 -3.1736 8 57.1716 -2.8284 8 56.8264 -2.4352 8 56.536 -2 8 56.3044 -1.5308 8 56.1364 -1.0352 8 56.0344 -0.522 8 56 0 8 56.0344 0.522 8 56.1364 1.0352 8 56.3044 1.5308 8 56.536 2 8 56.8264 2.4352 8 57.1716 2.8284 8 57.5648 3.1736 8 58 3.464 8 58.4692 3.6956 8 58.9648 3.8636 8 59.478 3.9656 8 60 4 8 60.522 3.9656 8 61.0352 3.8636 8 61.5308 3.6956 8 62 3.464 8 62.4352 3.1736 8 62.8284 2.8284 8 63.1736 2.4352 8 63.464 2 8 63.6956 1.5308 8 63.8636 1.0352 8 63.9656 0.522 8 63.9656 -0.522 4 64 0 4 64 0 8 63.9656 -0.522 8 63.8636 -1.0352 4 63.8636 -1.0352 8 63.6956 -1.5308 4 63.6956 -1.5308 8 63.464 -2 4 63.464 -2 8 63.1736 -2.4352 4 63.1736 -2.4352 8 62.8284 -2.8284 4 62.8284 -2.8284 8 62.4352 -3.1736 4 62.4352 -3.1736 8 62 -3.464 4 62 -3.464 8 61.5308 -3.6956 4 61.5308 -3.6956 8 61.0352 -3.8636 4 61.0352 -3.8636 8 60.522 -3.9656 4 60.522 -3.9656 8 60 -4 4 60 -4 8 59.478 -3.9656 4 59.478 -3.9656 8 58.9648 -3.8636 4 58.9648 -3.8636 8 58.4692 -3.6956 4 58.4692 -3.6956 8 58 -3.464 4 58 -3.464 8 57.5648 -3.1736 4 57.5648 -3.1736 8 57.1716 -2.8284 4 57.1716 -2.8284 8 56.8264 -2.4352 4 56.8264 -2.4352 8 56.536 -2 4 56.536 -2 8 56.3044 -1.5308 4 56.3044 -1.5308 8 56.1364 -1.0352 4 56.1364 -1.0352 8 56.0344 -0.522 4 56.0344 -0.522 8 56 0 4 56 0 8 56.0344 0.522 4 56.0344 0.522 8 56.1364 1.0352 4 56.1364 1.0352 8 56.3044 1.5308 4 56.3044 1.5308 8 56.536 2 4 56.536 2 8 56.8264 2.4352 4 56.8264 2.4352 8 57.1716 2.8284 4 57.1716 2.8284 8 57.5648 3.1736 4 57.5648 3.1736 8 58 3.464 4 58 3.464 8 58.4692 3.6956 4 58.4692 3.6956 8 58.9648 3.8636 4 58.9648 3.8636 8 59.478 3.9656 4 59.478 3.9656 8 60 4 4 60 4 8 60.522 3.9656 4 60.522 3.9656 8 61.0352 3.8636 4 61.0352 3.8636 8 61.5308 3.6956 4 61.5308 3.6956 8 62 3.464 4 62 3.464 8 62.4352 3.1736 4 62.4352 3.1736 8 62.8284 2.8284 4 62.8284 2.8284 8 63.1736 2.4352 4 63.1736 2.4352 8 63.464 2 4 63.464 2 8 63.6956 1.5308 4 63.6956 1.5308 8 63.8636 1.0352 4 63.8636 1.0352 8 63.9656 0.522 4 63.9656 0.522 8 43.9656 -0.522 8 44 0 8 40 0 8 43.8636 -1.0352 8 43.6956 -1.5308 8 43.464 -2 8 43.1736 -2.4352 8 42.8284 -2.8284 8 42.4352 -3.1736 8 42 -3.464 8 41.5308 -3.6956 8 41.0352 -3.8636 8 40.522 -3.9656 8 40 -4 8 39.478 -3.9656 8 38.9648 -3.8636 8 38.4692 -3.6956 8 38 -3.464 8 37.5648 -3.1736 8 37.1716 -2.8284 8 36.8264 -2.4352 8 36.536 -2 8 36.3044 -1.5308 8 36.1364 -1.0352 8 36.0344 -0.522 8 36 0 8 36.0344 0.522 8 36.1364 1.0352 8 36.3044 1.5308 8 36.536 2 8 36.8264 2.4352 8 37.1716 2.8284 8 37.5648 3.1736 8 38 3.464 8 38.4692 3.6956 8 38.9648 3.8636 8 39.478 3.9656 8 40 4 8 40.522 3.9656 8 41.0352 3.8636 8 41.5308 3.6956 8 42 3.464 8 42.4352 3.1736 8 42.8284 2.8284 8 43.1736 2.4352 8 43.464 2 8 43.6956 1.5308 8 43.8636 1.0352 8 43.9656 0.522 8 43.9656 -0.522 4 44 0 4 44 0 8 43.9656 -0.522 8 43.8636 -1.0352 4 43.8636 -1.0352 8 43.6956 -1.5308 4 43.6956 -1.5308 8 43.464 -2 4 43.464 -2 8 43.1736 -2.4352 4 43.1736 -2.4352 8 42.8284 -2.8284 4 42.8284 -2.8284 8 42.4352 -3.1736 4 42.4352 -3.1736 8 42 -3.464 4 42 -3.464 8 41.5308 -3.6956 4 41.5308 -3.6956 8 41.0352 -3.8636 4 41.0352 -3.8636 8 40.522 -3.9656 4 40.522 -3.9656 8 40 -4 4 40 -4 8 39.478 -3.9656 4 39.478 -3.9656 8 38.9648 -3.8636 4 38.9648 -3.8636 8 38.4692 -3.6956 4 38.4692 -3.6956 8 38 -3.464 4 38 -3.464 8 37.5648 -3.1736 4 37.5648 -3.1736 8 37.1716 -2.8284 4 37.1716 -2.8284 8 36.8264 -2.4352 4 36.8264 -2.4352 8 36.536 -2 4 36.536 -2 8 36.3044 -1.5308 4 36.3044 -1.5308 8 36.1364 -1.0352 4 36.1364 -1.0352 8 36.0344 -0.522 4 36.0344 -0.522 8 36 0 4 36 0 8 36.0344 0.522 4 36.0344 0.522 8 36.1364 1.0352 4 36.1364 1.0352 8 36.3044 1.5308 4 36.3044 1.5308 8 36.536 2 4 36.536 2 8 36.8264 2.4352 4 36.8264 2.4352 8 37.1716 2.8284 4 37.1716 2.8284 8 37.5648 3.1736 4 37.5648 3.1736 8 38 3.464 4 38 3.464 8 38.4692 3.6956 4 38.4692 3.6956 8 38.9648 3.8636 4 38.9648 3.8636 8 39.478 3.9656 4 39.478 3.9656 8 40 4 4 40 4 8 40.522 3.9656 4 40.522 3.9656 8 41.0352 3.8636 4 41.0352 3.8636 8 41.5308 3.6956 4 41.5308 3.6956 8 42 3.464 4 42 3.464 8 42.4352 3.1736 4 42.4352 3.1736 8 42.8284 2.8284 4 42.8284 2.8284 8 43.1736 2.4352 4 43.1736 2.4352 8 43.464 2 4 43.464 2 8 43.6956 1.5308 4 43.6956 1.5308 8 43.8636 1.0352 4 43.8636 1.0352 8 43.9656 0.522 4 43.9656 0.522 8 23.9656 -0.522 8 24 0 8 20 0 8 23.8636 -1.0352 8 23.6956 -1.5308 8 23.464 -2 8 23.1736 -2.4352 8 22.8284 -2.8284 8 22.4352 -3.1736 8 22 -3.464 8 21.5308 -3.6956 8 21.0352 -3.8636 8 20.522 -3.9656 8 20 -4 8 19.478 -3.9656 8 18.9648 -3.8636 8 18.4692 -3.6956 8 18 -3.464 8 17.5648 -3.1736 8 17.1716 -2.8284 8 16.8264 -2.4352 8 16.536 -2 8 16.3044 -1.5308 8 16.1364 -1.0352 8 16.0344 -0.522 8 16 0 8 16.0344 0.522 8 16.1364 1.0352 8 16.3044 1.5308 8 16.536 2 8 16.8264 2.4352 8 17.1716 2.8284 8 17.5648 3.1736 8 18 3.464 8 18.4692 3.6956 8 18.9648 3.8636 8 19.478 3.9656 8 20 4 8 20.522 3.9656 8 21.0352 3.8636 8 21.5308 3.6956 8 22 3.464 8 22.4352 3.1736 8 22.8284 2.8284 8 23.1736 2.4352 8 23.464 2 8 23.6956 1.5308 8 23.8636 1.0352 8 23.9656 0.522 8 23.9656 -0.522 4 24 0 4 24 0 8 23.9656 -0.522 8 23.8636 -1.0352 4 23.8636 -1.0352 8 23.6956 -1.5308 4 23.6956 -1.5308 8 23.464 -2 4 23.464 -2 8 23.1736 -2.4352 4 23.1736 -2.4352 8 22.8284 -2.8284 4 22.8284 -2.8284 8 22.4352 -3.1736 4 22.4352 -3.1736 8 22 -3.464 4 22 -3.464 8 21.5308 -3.6956 4 21.5308 -3.6956 8 21.0352 -3.8636 4 21.0352 -3.8636 8 20.522 -3.9656 4 20.522 -3.9656 8 20 -4 4 20 -4 8 19.478 -3.9656 4 19.478 -3.9656 8 18.9648 -3.8636 4 18.9648 -3.8636 8 18.4692 -3.6956 4 18.4692 -3.6956 8 18 -3.464 4 18 -3.464 8 17.5648 -3.1736 4 17.5648 -3.1736 8 17.1716 -2.8284 4 17.1716 -2.8284 8 16.8264 -2.4352 4 16.8264 -2.4352 8 16.536 -2 4 16.536 -2 8 16.3044 -1.5308 4 16.3044 -1.5308 8 16.1364 -1.0352 4 16.1364 -1.0352 8 16.0344 -0.522 4 16.0344 -0.522 8 16 0 4 16 0 8 16.0344 0.522 4 16.0344 0.522 8 16.1364 1.0352 4 16.1364 1.0352 8 16.3044 1.5308 4 16.3044 1.5308 8 16.536 2 4 16.536 2 8 16.8264 2.4352 4 16.8264 2.4352 8 17.1716 2.8284 4 17.1716 2.8284 8 17.5648 3.1736 4 17.5648 3.1736 8 18 3.464 4 18 3.464 8 18.4692 3.6956 4 18.4692 3.6956 8 18.9648 3.8636 4 18.9648 3.8636 8 19.478 3.9656 4 19.478 3.9656 8 20 4 4 20 4 8 20.522 3.9656 4 20.522 3.9656 8 21.0352 3.8636 4 21.0352 3.8636 8 21.5308 3.6956 4 21.5308 3.6956 8 22 3.464 4 22 3.464 8 22.4352 3.1736 4 22.4352 3.1736 8 22.8284 2.8284 4 22.8284 2.8284 8 23.1736 2.4352 4 23.1736 2.4352 8 23.464 2 4 23.464 2 8 23.6956 1.5308 4 23.6956 1.5308 8 23.8636 1.0352 4 23.8636 1.0352 8 23.9656 0.522 4 23.9656 0.522 8 3.9656 -0.522 8 4 0 8 0 0 8 3.8636 -1.0352 8 3.6956 -1.5308 8 3.464 -2 8 3.1736 -2.4352 8 2.8284 -2.8284 8 2.4352 -3.1736 8 2 -3.464 8 1.5308 -3.6956 8 1.0352 -3.8636 8 0.522 -3.9656 8 0 -4 8 -0.522 -3.9656 8 -1.0352 -3.8636 8 -1.5308 -3.6956 8 -2 -3.464 8 -2.4352 -3.1736 8 -2.8284 -2.8284 8 -3.1736 -2.4352 8 -3.464 -2 8 -3.6956 -1.5308 8 -3.8636 -1.0352 8 -3.9656 -0.522 8 -4 0 8 -3.9656 0.522 8 -3.8636 1.0352 8 -3.6956 1.5308 8 -3.464 2 8 -3.1736 2.4352 8 -2.8284 2.8284 8 -2.4352 3.1736 8 -2 3.464 8 -1.5308 3.6956 8 -1.0352 3.8636 8 -0.522 3.9656 8 0 4 8 0.522 3.9656 8 1.0352 3.8636 8 1.5308 3.6956 8 2 3.464 8 2.4352 3.1736 8 2.8284 2.8284 8 3.1736 2.4352 8 3.464 2 8 3.6956 1.5308 8 3.8636 1.0352 8 3.9656 0.522 8 3.9656 -0.522 4 4 0 4 4 0 8 3.9656 -0.522 8 3.8636 -1.0352 4 3.8636 -1.0352 8 3.6956 -1.5308 4 3.6956 -1.5308 8 3.464 -2 4 3.464 -2 8 3.1736 -2.4352 4 3.1736 -2.4352 8 2.8284 -2.8284 4 2.8284 -2.8284 8 2.4352 -3.1736 4 2.4352 -3.1736 8 2 -3.464 4 2 -3.464 8 1.5308 -3.6956 4 1.5308 -3.6956 8 1.0352 -3.8636 4 1.0352 -3.8636 8 0.522 -3.9656 4 0.522 -3.9656 8 0 -4 4 0 -4 8 -0.522 -3.9656 4 -0.522 -3.9656 8 -1.0352 -3.8636 4 -1.0352 -3.8636 8 -1.5308 -3.6956 4 -1.5308 -3.6956 8 -2 -3.464 4 -2 -3.464 8 -2.4352 -3.1736 4 -2.4352 -3.1736 8 -2.8284 -2.8284 4 -2.8284 -2.8284 8 -3.1736 -2.4352 4 -3.1736 -2.4352 8 -3.464 -2 4 -3.464 -2 8 -3.6956 -1.5308 4 -3.6956 -1.5308 8 -3.8636 -1.0352 4 -3.8636 -1.0352 8 -3.9656 -0.522 4 -3.9656 -0.522 8 -4 0 4 -4 0 8 -3.9656 0.522 4 -3.9656 0.522 8 -3.8636 1.0352 4 -3.8636 1.0352 8 -3.6956 1.5308 4 -3.6956 1.5308 8 -3.464 2 4 -3.464 2 8 -3.1736 2.4352 4 -3.1736 2.4352 8 -2.8284 2.8284 4 -2.8284 2.8284 8 -2.4352 3.1736 4 -2.4352 3.1736 8 -2 3.464 4 -2 3.464 8 -1.5308 3.6956 4 -1.5308 3.6956 8 -1.0352 3.8636 4 -1.0352 3.8636 8 -0.522 3.9656 4 -0.522 3.9656 8 0 4 4 0 4 8 0.522 3.9656 4 0.522 3.9656 8 1.0352 3.8636 4 1.0352 3.8636 8 1.5308 3.6956 4 1.5308 3.6956 8 2 3.464 4 2 3.464 8 2.4352 3.1736 4 2.4352 3.1736 8 2.8284 2.8284 4 2.8284 2.8284 8 3.1736 2.4352 4 3.1736 2.4352 8 3.464 2 4 3.464 2 8 3.6956 1.5308 4 3.6956 1.5308 8 3.8636 1.0352 4 3.8636 1.0352 8 3.9656 0.522 4 3.9656 0.522 8 -16.0344 -0.522 8 -16 0 8 -20 0 8 -16.1364 -1.0352 8 -16.3044 -1.5308 8 -16.536 -2 8 -16.8264 -2.4352 8 -17.1716 -2.8284 8 -17.5648 -3.1736 8 -18 -3.464 8 -18.4692 -3.6956 8 -18.9648 -3.8636 8 -19.478 -3.9656 8 -20 -4 8 -20.522 -3.9656 8 -21.0352 -3.8636 8 -21.5308 -3.6956 8 -22 -3.464 8 -22.4352 -3.1736 8 -22.8284 -2.8284 8 -23.1736 -2.4352 8 -23.464 -2 8 -23.6956 -1.5308 8 -23.8636 -1.0352 8 -23.9656 -0.522 8 -24 0 8 -23.9656 0.522 8 -23.8636 1.0352 8 -23.6956 1.5308 8 -23.464 2 8 -23.1736 2.4352 8 -22.8284 2.8284 8 -22.4352 3.1736 8 -22 3.464 8 -21.5308 3.6956 8 -21.0352 3.8636 8 -20.522 3.9656 8 -20 4 8 -19.478 3.9656 8 -18.9648 3.8636 8 -18.4692 3.6956 8 -18 3.464 8 -17.5648 3.1736 8 -17.1716 2.8284 8 -16.8264 2.4352 8 -16.536 2 8 -16.3044 1.5308 8 -16.1364 1.0352 8 -16.0344 0.522 8 -16.0344 -0.522 4 -16 0 4 -16 0 8 -16.0344 -0.522 8 -16.1364 -1.0352 4 -16.1364 -1.0352 8 -16.3044 -1.5308 4 -16.3044 -1.5308 8 -16.536 -2 4 -16.536 -2 8 -16.8264 -2.4352 4 -16.8264 -2.4352 8 -17.1716 -2.8284 4 -17.1716 -2.8284 8 -17.5648 -3.1736 4 -17.5648 -3.1736 8 -18 -3.464 4 -18 -3.464 8 -18.4692 -3.6956 4 -18.4692 -3.6956 8 -18.9648 -3.8636 4 -18.9648 -3.8636 8 -19.478 -3.9656 4 -19.478 -3.9656 8 -20 -4 4 -20 -4 8 -20.522 -3.9656 4 -20.522 -3.9656 8 -21.0352 -3.8636 4 -21.0352 -3.8636 8 -21.5308 -3.6956 4 -21.5308 -3.6956 8 -22 -3.464 4 -22 -3.464 8 -22.4352 -3.1736 4 -22.4352 -3.1736 8 -22.8284 -2.8284 4 -22.8284 -2.8284 8 -23.1736 -2.4352 4 -23.1736 -2.4352 8 -23.464 -2 4 -23.464 -2 8 -23.6956 -1.5308 4 -23.6956 -1.5308 8 -23.8636 -1.0352 4 -23.8636 -1.0352 8 -23.9656 -0.522 4 -23.9656 -0.522 8 -24 0 4 -24 0 8 -23.9656 0.522 4 -23.9656 0.522 8 -23.8636 1.0352 4 -23.8636 1.0352 8 -23.6956 1.5308 4 -23.6956 1.5308 8 -23.464 2 4 -23.464 2 8 -23.1736 2.4352 4 -23.1736 2.4352 8 -22.8284 2.8284 4 -22.8284 2.8284 8 -22.4352 3.1736 4 -22.4352 3.1736 8 -22 3.464 4 -22 3.464 8 -21.5308 3.6956 4 -21.5308 3.6956 8 -21.0352 3.8636 4 -21.0352 3.8636 8 -20.522 3.9656 4 -20.522 3.9656 8 -20 4 4 -20 4 8 -19.478 3.9656 4 -19.478 3.9656 8 -18.9648 3.8636 4 -18.9648 3.8636 8 -18.4692 3.6956 4 -18.4692 3.6956 8 -18 3.464 4 -18 3.464 8 -17.5648 3.1736 4 -17.5648 3.1736 8 -17.1716 2.8284 4 -17.1716 2.8284 8 -16.8264 2.4352 4 -16.8264 2.4352 8 -16.536 2 4 -16.536 2 8 -16.3044 1.5308 4 -16.3044 1.5308 8 -16.1364 1.0352 4 -16.1364 1.0352 8 -16.0344 0.522 4 -16.0344 0.522 8 -36.0344 -0.522 8 -36 0 8 -40 0 8 -36.1364 -1.0352 8 -36.3044 -1.5308 8 -36.536 -2 8 -36.8264 -2.4352 8 -37.1716 -2.8284 8 -37.5648 -3.1736 8 -38 -3.464 8 -38.4692 -3.6956 8 -38.9648 -3.8636 8 -39.478 -3.9656 8 -40 -4 8 -40.522 -3.9656 8 -41.0352 -3.8636 8 -41.5308 -3.6956 8 -42 -3.464 8 -42.4352 -3.1736 8 -42.8284 -2.8284 8 -43.1736 -2.4352 8 -43.464 -2 8 -43.6956 -1.5308 8 -43.8636 -1.0352 8 -43.9656 -0.522 8 -44 0 8 -43.9656 0.522 8 -43.8636 1.0352 8 -43.6956 1.5308 8 -43.464 2 8 -43.1736 2.4352 8 -42.8284 2.8284 8 -42.4352 3.1736 8 -42 3.464 8 -41.5308 3.6956 8 -41.0352 3.8636 8 -40.522 3.9656 8 -40 4 8 -39.478 3.9656 8 -38.9648 3.8636 8 -38.4692 3.6956 8 -38 3.464 8 -37.5648 3.1736 8 -37.1716 2.8284 8 -36.8264 2.4352 8 -36.536 2 8 -36.3044 1.5308 8 -36.1364 1.0352 8 -36.0344 0.522 8 -36.0344 -0.522 4 -36 0 4 -36 0 8 -36.0344 -0.522 8 -36.1364 -1.0352 4 -36.1364 -1.0352 8 -36.3044 -1.5308 4 -36.3044 -1.5308 8 -36.536 -2 4 -36.536 -2 8 -36.8264 -2.4352 4 -36.8264 -2.4352 8 -37.1716 -2.8284 4 -37.1716 -2.8284 8 -37.5648 -3.1736 4 -37.5648 -3.1736 8 -38 -3.464 4 -38 -3.464 8 -38.4692 -3.6956 4 -38.4692 -3.6956 8 -38.9648 -3.8636 4 -38.9648 -3.8636 8 -39.478 -3.9656 4 -39.478 -3.9656 8 -40 -4 4 -40 -4 8 -40.522 -3.9656 4 -40.522 -3.9656 8 -41.0352 -3.8636 4 -41.0352 -3.8636 8 -41.5308 -3.6956 4 -41.5308 -3.6956 8 -42 -3.464 4 -42 -3.464 8 -42.4352 -3.1736 4 -42.4352 -3.1736 8 -42.8284 -2.8284 4 -42.8284 -2.8284 8 -43.1736 -2.4352 4 -43.1736 -2.4352 8 -43.464 -2 4 -43.464 -2 8 -43.6956 -1.5308 4 -43.6956 -1.5308 8 -43.8636 -1.0352 4 -43.8636 -1.0352 8 -43.9656 -0.522 4 -43.9656 -0.522 8 -44 0 4 -44 0 8 -43.9656 0.522 4 -43.9656 0.522 8 -43.8636 1.0352 4 -43.8636 1.0352 8 -43.6956 1.5308 4 -43.6956 1.5308 8 -43.464 2 4 -43.464 2 8 -43.1736 2.4352 4 -43.1736 2.4352 8 -42.8284 2.8284 4 -42.8284 2.8284 8 -42.4352 3.1736 4 -42.4352 3.1736 8 -42 3.464 4 -42 3.464 8 -41.5308 3.6956 4 -41.5308 3.6956 8 -41.0352 3.8636 4 -41.0352 3.8636 8 -40.522 3.9656 4 -40.522 3.9656 8 -40 4 4 -40 4 8 -39.478 3.9656 4 -39.478 3.9656 8 -38.9648 3.8636 4 -38.9648 3.8636 8 -38.4692 3.6956 4 -38.4692 3.6956 8 -38 3.464 4 -38 3.464 8 -37.5648 3.1736 4 -37.5648 3.1736 8 -37.1716 2.8284 4 -37.1716 2.8284 8 -36.8264 2.4352 4 -36.8264 2.4352 8 -36.536 2 4 -36.536 2 8 -36.3044 1.5308 4 -36.3044 1.5308 8 -36.1364 1.0352 4 -36.1364 1.0352 8 -36.0344 0.522 4 -36.0344 0.522 8 -56.0344 -0.522 8 -56 0 8 -60 0 8 -56.1364 -1.0352 8 -56.3044 -1.5308 8 -56.536 -2 8 -56.8264 -2.4352 8 -57.1716 -2.8284 8 -57.5648 -3.1736 8 -58 -3.464 8 -58.4692 -3.6956 8 -58.9648 -3.8636 8 -59.478 -3.9656 8 -60 -4 8 -60.522 -3.9656 8 -61.0352 -3.8636 8 -61.5308 -3.6956 8 -62 -3.464 8 -62.4352 -3.1736 8 -62.8284 -2.8284 8 -63.1736 -2.4352 8 -63.464 -2 8 -63.6956 -1.5308 8 -63.8636 -1.0352 8 -63.9656 -0.522 8 -64 0 8 -63.9656 0.522 8 -63.8636 1.0352 8 -63.6956 1.5308 8 -63.464 2 8 -63.1736 2.4352 8 -62.8284 2.8284 8 -62.4352 3.1736 8 -62 3.464 8 -61.5308 3.6956 8 -61.0352 3.8636 8 -60.522 3.9656 8 -60 4 8 -59.478 3.9656 8 -58.9648 3.8636 8 -58.4692 3.6956 8 -58 3.464 8 -57.5648 3.1736 8 -57.1716 2.8284 8 -56.8264 2.4352 8 -56.536 2 8 -56.3044 1.5308 8 -56.1364 1.0352 8 -56.0344 0.522 8 -56.0344 -0.522 4 -56 0 4 -56 0 8 -56.0344 -0.522 8 -56.1364 -1.0352 4 -56.1364 -1.0352 8 -56.3044 -1.5308 4 -56.3044 -1.5308 8 -56.536 -2 4 -56.536 -2 8 -56.8264 -2.4352 4 -56.8264 -2.4352 8 -57.1716 -2.8284 4 -57.1716 -2.8284 8 -57.5648 -3.1736 4 -57.5648 -3.1736 8 -58 -3.464 4 -58 -3.464 8 -58.4692 -3.6956 4 -58.4692 -3.6956 8 -58.9648 -3.8636 4 -58.9648 -3.8636 8 -59.478 -3.9656 4 -59.478 -3.9656 8 -60 -4 4 -60 -4 8 -60.522 -3.9656 4 -60.522 -3.9656 8 -61.0352 -3.8636 4 -61.0352 -3.8636 8 -61.5308 -3.6956 4 -61.5308 -3.6956 8 -62 -3.464 4 -62 -3.464 8 -62.4352 -3.1736 4 -62.4352 -3.1736 8 -62.8284 -2.8284 4 -62.8284 -2.8284 8 -63.1736 -2.4352 4 -63.1736 -2.4352 8 -63.464 -2 4 -63.464 -2 8 -63.6956 -1.5308 4 -63.6956 -1.5308 8 -63.8636 -1.0352 4 -63.8636 -1.0352 8 -63.9656 -0.522 4 -63.9656 -0.522 8 -64 0 4 -64 0 8 -63.9656 0.522 4 -63.9656 0.522 8 -63.8636 1.0352 4 -63.8636 1.0352 8 -63.6956 1.5308 4 -63.6956 1.5308 8 -63.464 2 4 -63.464 2 8 -63.1736 2.4352 4 -63.1736 2.4352 8 -62.8284 2.8284 4 -62.8284 2.8284 8 -62.4352 3.1736 4 -62.4352 3.1736 8 -62 3.464 4 -62 3.464 8 -61.5308 3.6956 4 -61.5308 3.6956 8 -61.0352 3.8636 4 -61.0352 3.8636 8 -60.522 3.9656 4 -60.522 3.9656 8 -60 4 4 -60 4 8 -59.478 3.9656 4 -59.478 3.9656 8 -58.9648 3.8636 4 -58.9648 3.8636 8 -58.4692 3.6956 4 -58.4692 3.6956 8 -58 3.464 4 -58 3.464 8 -57.5648 3.1736 4 -57.5648 3.1736 8 -57.1716 2.8284 4 -57.1716 2.8284 8 -56.8264 2.4352 4 -56.8264 2.4352 8 -56.536 2 4 -56.536 2 8 -56.3044 1.5308 4 -56.3044 1.5308 8 -56.1364 1.0352 4 -56.1364 1.0352 8 -56.0344 0.522 4 -56.0344 0.522 8 -76 6 4 76 6 4 76 -6 4 -76 -6 4 76 -6 4 76 -6 8 -76 -6 8 -76 -6 4 -76 -6 4 -76 -6 8 -76 6 8 -76 6 4 -76 6 4 -76 6 8 76 6 8 76 6 4 76 6 4 76 6 8 76 -6 8 76 -6 4 -80 -10 8 -76 -6 8 76 -6 8 80 -10 8 -80 10 8 -76 6 8 80 10 8 76 6 8 -80 10 0 80 10 0 80 -10 0 -80 -10 0 80 -10 0 80 -10 8 -80 -10 8 -80 -10 0 -80 -10 0 -80 -10 8 -80 10 8 -80 10 0 -80 10 0 -80 10 8 80 10 8 80 10 0 80 10 0 80 10 8 80 -10 8 80 -10 0 75.9484 -0.783 -4 76 0 -4 76 0 0 75.9484 -0.783 0 75.7954 -1.5528 -4 75.7954 -1.5528 0 75.5434 -2.2962 -4 75.5434 -2.2962 0 75.196 -3 -4 75.196 -3 0 74.7604 -3.6528 -4 74.7604 -3.6528 0 74.2426 -4.2426 -4 74.2426 -4.2426 0 73.6528 -4.7604 -4 73.6528 -4.7604 0 73 -5.196 -4 73 -5.196 0 72.2962 -5.5434 -4 72.2962 -5.5434 0 71.5528 -5.7954 -4 71.5528 -5.7954 0 70.783 -5.9484 -4 70.783 -5.9484 0 70 -6 -4 70 -6 0 69.217 -5.9484 -4 69.217 -5.9484 0 68.4472 -5.7954 -4 68.4472 -5.7954 0 67.7038 -5.5434 -4 67.7038 -5.5434 0 67 -5.196 -4 67 -5.196 0 66.3472 -4.7604 -4 66.3472 -4.7604 0 65.7574 -4.2426 -4 65.7574 -4.2426 0 65.2396 -3.6528 -4 65.2396 -3.6528 0 64.804 -3 -4 64.804 -3 0 64.4566 -2.2962 -4 64.4566 -2.2962 0 64.2046 -1.5528 -4 64.2046 -1.5528 0 64.0516 -0.783 -4 64.0516 -0.783 0 64 0 -4 64 0 0 64.0516 0.783 -4 64.0516 0.783 0 64.2046 1.5528 -4 64.2046 1.5528 0 64.4566 2.2962 -4 64.4566 2.2962 0 64.804 3 -4 64.804 3 0 65.2396 3.6528 -4 65.2396 3.6528 0 65.7574 4.2426 -4 65.7574 4.2426 0 66.3472 4.7604 -4 66.3472 4.7604 0 67 5.196 -4 67 5.196 0 67.7038 5.5434 -4 67.7038 5.5434 0 68.4472 5.7954 -4 68.4472 5.7954 0 69.217 5.9484 -4 69.217 5.9484 0 70 6 -4 70 6 0 70.783 5.9484 -4 70.783 5.9484 0 71.5528 5.7954 -4 71.5528 5.7954 0 72.2962 5.5434 -4 72.2962 5.5434 0 73 5.196 -4 73 5.196 0 73.6528 4.7604 -4 73.6528 4.7604 0 74.2426 4.2426 -4 74.2426 4.2426 0 74.7604 3.6528 -4 74.7604 3.6528 0 75.196 3 -4 75.196 3 0 75.5434 2.2962 -4 75.5434 2.2962 0 75.7954 1.5528 -4 75.7954 1.5528 0 75.9484 0.783 -4 75.9484 0.783 0 75.9484 -0.783 -4 76 0 -4 70 0 -4 75.7954 -1.5528 -4 75.5434 -2.2962 -4 75.196 -3 -4 74.7604 -3.6528 -4 74.2426 -4.2426 -4 73.6528 -4.7604 -4 73 -5.196 -4 72.2962 -5.5434 -4 71.5528 -5.7954 -4 70.783 -5.9484 -4 70 -6 -4 69.217 -5.9484 -4 68.4472 -5.7954 -4 67.7038 -5.5434 -4 67 -5.196 -4 66.3472 -4.7604 -4 65.7574 -4.2426 -4 65.2396 -3.6528 -4 64.804 -3 -4 64.4566 -2.2962 -4 64.2046 -1.5528 -4 64.0516 -0.783 -4 64 0 -4 64.0516 0.783 -4 64.2046 1.5528 -4 64.4566 2.2962 -4 64.804 3 -4 65.2396 3.6528 -4 65.7574 4.2426 -4 66.3472 4.7604 -4 67 5.196 -4 67.7038 5.5434 -4 68.4472 5.7954 -4 69.217 5.9484 -4 70 6 -4 70.783 5.9484 -4 71.5528 5.7954 -4 72.2962 5.5434 -4 73 5.196 -4 73.6528 4.7604 -4 74.2426 4.2426 -4 74.7604 3.6528 -4 75.196 3 -4 75.5434 2.2962 -4 75.7954 1.5528 -4 75.9484 0.783 -4 55.9484 -0.783 -4 56 0 -4 56 0 0 55.9484 -0.783 0 55.7954 -1.5528 -4 55.7954 -1.5528 0 55.5434 -2.2962 -4 55.5434 -2.2962 0 55.196 -3 -4 55.196 -3 0 54.7604 -3.6528 -4 54.7604 -3.6528 0 54.2426 -4.2426 -4 54.2426 -4.2426 0 53.6528 -4.7604 -4 53.6528 -4.7604 0 53 -5.196 -4 53 -5.196 0 52.2962 -5.5434 -4 52.2962 -5.5434 0 51.5528 -5.7954 -4 51.5528 -5.7954 0 50.783 -5.9484 -4 50.783 -5.9484 0 50 -6 -4 50 -6 0 49.217 -5.9484 -4 49.217 -5.9484 0 48.4472 -5.7954 -4 48.4472 -5.7954 0 47.7038 -5.5434 -4 47.7038 -5.5434 0 47 -5.196 -4 47 -5.196 0 46.3472 -4.7604 -4 46.3472 -4.7604 0 45.7574 -4.2426 -4 45.7574 -4.2426 0 45.2396 -3.6528 -4 45.2396 -3.6528 0 44.804 -3 -4 44.804 -3 0 44.4566 -2.2962 -4 44.4566 -2.2962 0 44.2046 -1.5528 -4 44.2046 -1.5528 0 44.0516 -0.783 -4 44.0516 -0.783 0 44 0 -4 44 0 0 44.0516 0.783 -4 44.0516 0.783 0 44.2046 1.5528 -4 44.2046 1.5528 0 44.4566 2.2962 -4 44.4566 2.2962 0 44.804 3 -4 44.804 3 0 45.2396 3.6528 -4 45.2396 3.6528 0 45.7574 4.2426 -4 45.7574 4.2426 0 46.3472 4.7604 -4 46.3472 4.7604 0 47 5.196 -4 47 5.196 0 47.7038 5.5434 -4 47.7038 5.5434 0 48.4472 5.7954 -4 48.4472 5.7954 0 49.217 5.9484 -4 49.217 5.9484 0 50 6 -4 50 6 0 50.783 5.9484 -4 50.783 5.9484 0 51.5528 5.7954 -4 51.5528 5.7954 0 52.2962 5.5434 -4 52.2962 5.5434 0 53 5.196 -4 53 5.196 0 53.6528 4.7604 -4 53.6528 4.7604 0 54.2426 4.2426 -4 54.2426 4.2426 0 54.7604 3.6528 -4 54.7604 3.6528 0 55.196 3 -4 55.196 3 0 55.5434 2.2962 -4 55.5434 2.2962 0 55.7954 1.5528 -4 55.7954 1.5528 0 55.9484 0.783 -4 55.9484 0.783 0 55.9484 -0.783 -4 56 0 -4 50 0 -4 55.7954 -1.5528 -4 55.5434 -2.2962 -4 55.196 -3 -4 54.7604 -3.6528 -4 54.2426 -4.2426 -4 53.6528 -4.7604 -4 53 -5.196 -4 52.2962 -5.5434 -4 51.5528 -5.7954 -4 50.783 -5.9484 -4 50 -6 -4 49.217 -5.9484 -4 48.4472 -5.7954 -4 47.7038 -5.5434 -4 47 -5.196 -4 46.3472 -4.7604 -4 45.7574 -4.2426 -4 45.2396 -3.6528 -4 44.804 -3 -4 44.4566 -2.2962 -4 44.2046 -1.5528 -4 44.0516 -0.783 -4 44 0 -4 44.0516 0.783 -4 44.2046 1.5528 -4 44.4566 2.2962 -4 44.804 3 -4 45.2396 3.6528 -4 45.7574 4.2426 -4 46.3472 4.7604 -4 47 5.196 -4 47.7038 5.5434 -4 48.4472 5.7954 -4 49.217 5.9484 -4 50 6 -4 50.783 5.9484 -4 51.5528 5.7954 -4 52.2962 5.5434 -4 53 5.196 -4 53.6528 4.7604 -4 54.2426 4.2426 -4 54.7604 3.6528 -4 55.196 3 -4 55.5434 2.2962 -4 55.7954 1.5528 -4 55.9484 0.783 -4 35.9484 -0.783 -4 36 0 -4 36 0 0 35.9484 -0.783 0 35.7954 -1.5528 -4 35.7954 -1.5528 0 35.5434 -2.2962 -4 35.5434 -2.2962 0 35.196 -3 -4 35.196 -3 0 34.7604 -3.6528 -4 34.7604 -3.6528 0 34.2426 -4.2426 -4 34.2426 -4.2426 0 33.6528 -4.7604 -4 33.6528 -4.7604 0 33 -5.196 -4 33 -5.196 0 32.2962 -5.5434 -4 32.2962 -5.5434 0 31.5528 -5.7954 -4 31.5528 -5.7954 0 30.783 -5.9484 -4 30.783 -5.9484 0 30 -6 -4 30 -6 0 29.217 -5.9484 -4 29.217 -5.9484 0 28.4472 -5.7954 -4 28.4472 -5.7954 0 27.7038 -5.5434 -4 27.7038 -5.5434 0 27 -5.196 -4 27 -5.196 0 26.3472 -4.7604 -4 26.3472 -4.7604 0 25.7574 -4.2426 -4 25.7574 -4.2426 0 25.2396 -3.6528 -4 25.2396 -3.6528 0 24.804 -3 -4 24.804 -3 0 24.4566 -2.2962 -4 24.4566 -2.2962 0 24.2046 -1.5528 -4 24.2046 -1.5528 0 24.0516 -0.783 -4 24.0516 -0.783 0 24 0 -4 24 0 0 24.0516 0.783 -4 24.0516 0.783 0 24.2046 1.5528 -4 24.2046 1.5528 0 24.4566 2.2962 -4 24.4566 2.2962 0 24.804 3 -4 24.804 3 0 25.2396 3.6528 -4 25.2396 3.6528 0 25.7574 4.2426 -4 25.7574 4.2426 0 26.3472 4.7604 -4 26.3472 4.7604 0 27 5.196 -4 27 5.196 0 27.7038 5.5434 -4 27.7038 5.5434 0 28.4472 5.7954 -4 28.4472 5.7954 0 29.217 5.9484 -4 29.217 5.9484 0 30 6 -4 30 6 0 30.783 5.9484 -4 30.783 5.9484 0 31.5528 5.7954 -4 31.5528 5.7954 0 32.2962 5.5434 -4 32.2962 5.5434 0 33 5.196 -4 33 5.196 0 33.6528 4.7604 -4 33.6528 4.7604 0 34.2426 4.2426 -4 34.2426 4.2426 0 34.7604 3.6528 -4 34.7604 3.6528 0 35.196 3 -4 35.196 3 0 35.5434 2.2962 -4 35.5434 2.2962 0 35.7954 1.5528 -4 35.7954 1.5528 0 35.9484 0.783 -4 35.9484 0.783 0 35.9484 -0.783 -4 36 0 -4 30 0 -4 35.7954 -1.5528 -4 35.5434 -2.2962 -4 35.196 -3 -4 34.7604 -3.6528 -4 34.2426 -4.2426 -4 33.6528 -4.7604 -4 33 -5.196 -4 32.2962 -5.5434 -4 31.5528 -5.7954 -4 30.783 -5.9484 -4 30 -6 -4 29.217 -5.9484 -4 28.4472 -5.7954 -4 27.7038 -5.5434 -4 27 -5.196 -4 26.3472 -4.7604 -4 25.7574 -4.2426 -4 25.2396 -3.6528 -4 24.804 -3 -4 24.4566 -2.2962 -4 24.2046 -1.5528 -4 24.0516 -0.783 -4 24 0 -4 24.0516 0.783 -4 24.2046 1.5528 -4 24.4566 2.2962 -4 24.804 3 -4 25.2396 3.6528 -4 25.7574 4.2426 -4 26.3472 4.7604 -4 27 5.196 -4 27.7038 5.5434 -4 28.4472 5.7954 -4 29.217 5.9484 -4 30 6 -4 30.783 5.9484 -4 31.5528 5.7954 -4 32.2962 5.5434 -4 33 5.196 -4 33.6528 4.7604 -4 34.2426 4.2426 -4 34.7604 3.6528 -4 35.196 3 -4 35.5434 2.2962 -4 35.7954 1.5528 -4 35.9484 0.783 -4 15.9484 -0.783 -4 16 0 -4 16 0 0 15.9484 -0.783 0 15.7954 -1.5528 -4 15.7954 -1.5528 0 15.5434 -2.2962 -4 15.5434 -2.2962 0 15.196 -3 -4 15.196 -3 0 14.7604 -3.6528 -4 14.7604 -3.6528 0 14.2426 -4.2426 -4 14.2426 -4.2426 0 13.6528 -4.7604 -4 13.6528 -4.7604 0 13 -5.196 -4 13 -5.196 0 12.2962 -5.5434 -4 12.2962 -5.5434 0 11.5528 -5.7954 -4 11.5528 -5.7954 0 10.783 -5.9484 -4 10.783 -5.9484 0 10 -6 -4 10 -6 0 9.217 -5.9484 -4 9.217 -5.9484 0 8.4472 -5.7954 -4 8.4472 -5.7954 0 7.7038 -5.5434 -4 7.7038 -5.5434 0 7 -5.196 -4 7 -5.196 0 6.3472 -4.7604 -4 6.3472 -4.7604 0 5.7574 -4.2426 -4 5.7574 -4.2426 0 5.2396 -3.6528 -4 5.2396 -3.6528 0 4.804 -3 -4 4.804 -3 0 4.4566 -2.2962 -4 4.4566 -2.2962 0 4.2046 -1.5528 -4 4.2046 -1.5528 0 4.0516 -0.783 -4 4.0516 -0.783 0 4 0 -4 4 0 0 4.0516 0.783 -4 4.0516 0.783 0 4.2046 1.5528 -4 4.2046 1.5528 0 4.4566 2.2962 -4 4.4566 2.2962 0 4.804 3 -4 4.804 3 0 5.2396 3.6528 -4 5.2396 3.6528 0 5.7574 4.2426 -4 5.7574 4.2426 0 6.3472 4.7604 -4 6.3472 4.7604 0 7 5.196 -4 7 5.196 0 7.7038 5.5434 -4 7.7038 5.5434 0 8.4472 5.7954 -4 8.4472 5.7954 0 9.217 5.9484 -4 9.217 5.9484 0 10 6 -4 10 6 0 10.783 5.9484 -4 10.783 5.9484 0 11.5528 5.7954 -4 11.5528 5.7954 0 12.2962 5.5434 -4 12.2962 5.5434 0 13 5.196 -4 13 5.196 0 13.6528 4.7604 -4 13.6528 4.7604 0 14.2426 4.2426 -4 14.2426 4.2426 0 14.7604 3.6528 -4 14.7604 3.6528 0 15.196 3 -4 15.196 3 0 15.5434 2.2962 -4 15.5434 2.2962 0 15.7954 1.5528 -4 15.7954 1.5528 0 15.9484 0.783 -4 15.9484 0.783 0 15.9484 -0.783 -4 16 0 -4 10 0 -4 15.7954 -1.5528 -4 15.5434 -2.2962 -4 15.196 -3 -4 14.7604 -3.6528 -4 14.2426 -4.2426 -4 13.6528 -4.7604 -4 13 -5.196 -4 12.2962 -5.5434 -4 11.5528 -5.7954 -4 10.783 -5.9484 -4 10 -6 -4 9.217 -5.9484 -4 8.4472 -5.7954 -4 7.7038 -5.5434 -4 7 -5.196 -4 6.3472 -4.7604 -4 5.7574 -4.2426 -4 5.2396 -3.6528 -4 4.804 -3 -4 4.4566 -2.2962 -4 4.2046 -1.5528 -4 4.0516 -0.783 -4 4 0 -4 4.0516 0.783 -4 4.2046 1.5528 -4 4.4566 2.2962 -4 4.804 3 -4 5.2396 3.6528 -4 5.7574 4.2426 -4 6.3472 4.7604 -4 7 5.196 -4 7.7038 5.5434 -4 8.4472 5.7954 -4 9.217 5.9484 -4 10 6 -4 10.783 5.9484 -4 11.5528 5.7954 -4 12.2962 5.5434 -4 13 5.196 -4 13.6528 4.7604 -4 14.2426 4.2426 -4 14.7604 3.6528 -4 15.196 3 -4 15.5434 2.2962 -4 15.7954 1.5528 -4 15.9484 0.783 -4 -4.0516 -0.783 -4 -4 0 -4 -4 0 0 -4.0516 -0.783 0 -4.2046 -1.5528 -4 -4.2046 -1.5528 0 -4.4566 -2.2962 -4 -4.4566 -2.2962 0 -4.804 -3 -4 -4.804 -3 0 -5.2396 -3.6528 -4 -5.2396 -3.6528 0 -5.7574 -4.2426 -4 -5.7574 -4.2426 0 -6.3472 -4.7604 -4 -6.3472 -4.7604 0 -7 -5.196 -4 -7 -5.196 0 -7.7038 -5.5434 -4 -7.7038 -5.5434 0 -8.4472 -5.7954 -4 -8.4472 -5.7954 0 -9.217 -5.9484 -4 -9.217 -5.9484 0 -10 -6 -4 -10 -6 0 -10.783 -5.9484 -4 -10.783 -5.9484 0 -11.5528 -5.7954 -4 -11.5528 -5.7954 0 -12.2962 -5.5434 -4 -12.2962 -5.5434 0 -13 -5.196 -4 -13 -5.196 0 -13.6528 -4.7604 -4 -13.6528 -4.7604 0 -14.2426 -4.2426 -4 -14.2426 -4.2426 0 -14.7604 -3.6528 -4 -14.7604 -3.6528 0 -15.196 -3 -4 -15.196 -3 0 -15.5434 -2.2962 -4 -15.5434 -2.2962 0 -15.7954 -1.5528 -4 -15.7954 -1.5528 0 -15.9484 -0.783 -4 -15.9484 -0.783 0 -16 0 -4 -16 0 0 -15.9484 0.783 -4 -15.9484 0.783 0 -15.7954 1.5528 -4 -15.7954 1.5528 0 -15.5434 2.2962 -4 -15.5434 2.2962 0 -15.196 3 -4 -15.196 3 0 -14.7604 3.6528 -4 -14.7604 3.6528 0 -14.2426 4.2426 -4 -14.2426 4.2426 0 -13.6528 4.7604 -4 -13.6528 4.7604 0 -13 5.196 -4 -13 5.196 0 -12.2962 5.5434 -4 -12.2962 5.5434 0 -11.5528 5.7954 -4 -11.5528 5.7954 0 -10.783 5.9484 -4 -10.783 5.9484 0 -10 6 -4 -10 6 0 -9.217 5.9484 -4 -9.217 5.9484 0 -8.4472 5.7954 -4 -8.4472 5.7954 0 -7.7038 5.5434 -4 -7.7038 5.5434 0 -7 5.196 -4 -7 5.196 0 -6.3472 4.7604 -4 -6.3472 4.7604 0 -5.7574 4.2426 -4 -5.7574 4.2426 0 -5.2396 3.6528 -4 -5.2396 3.6528 0 -4.804 3 -4 -4.804 3 0 -4.4566 2.2962 -4 -4.4566 2.2962 0 -4.2046 1.5528 -4 -4.2046 1.5528 0 -4.0516 0.783 -4 -4.0516 0.783 0 -4.0516 -0.783 -4 -4 0 -4 -10 0 -4 -4.2046 -1.5528 -4 -4.4566 -2.2962 -4 -4.804 -3 -4 -5.2396 -3.6528 -4 -5.7574 -4.2426 -4 -6.3472 -4.7604 -4 -7 -5.196 -4 -7.7038 -5.5434 -4 -8.4472 -5.7954 -4 -9.217 -5.9484 -4 -10 -6 -4 -10.783 -5.9484 -4 -11.5528 -5.7954 -4 -12.2962 -5.5434 -4 -13 -5.196 -4 -13.6528 -4.7604 -4 -14.2426 -4.2426 -4 -14.7604 -3.6528 -4 -15.196 -3 -4 -15.5434 -2.2962 -4 -15.7954 -1.5528 -4 -15.9484 -0.783 -4 -16 0 -4 -15.9484 0.783 -4 -15.7954 1.5528 -4 -15.5434 2.2962 -4 -15.196 3 -4 -14.7604 3.6528 -4 -14.2426 4.2426 -4 -13.6528 4.7604 -4 -13 5.196 -4 -12.2962 5.5434 -4 -11.5528 5.7954 -4 -10.783 5.9484 -4 -10 6 -4 -9.217 5.9484 -4 -8.4472 5.7954 -4 -7.7038 5.5434 -4 -7 5.196 -4 -6.3472 4.7604 -4 -5.7574 4.2426 -4 -5.2396 3.6528 -4 -4.804 3 -4 -4.4566 2.2962 -4 -4.2046 1.5528 -4 -4.0516 0.783 -4 -24.0516 -0.783 -4 -24 0 -4 -24 0 0 -24.0516 -0.783 0 -24.2046 -1.5528 -4 -24.2046 -1.5528 0 -24.4566 -2.2962 -4 -24.4566 -2.2962 0 -24.804 -3 -4 -24.804 -3 0 -25.2396 -3.6528 -4 -25.2396 -3.6528 0 -25.7574 -4.2426 -4 -25.7574 -4.2426 0 -26.3472 -4.7604 -4 -26.3472 -4.7604 0 -27 -5.196 -4 -27 -5.196 0 -27.7038 -5.5434 -4 -27.7038 -5.5434 0 -28.4472 -5.7954 -4 -28.4472 -5.7954 0 -29.217 -5.9484 -4 -29.217 -5.9484 0 -30 -6 -4 -30 -6 0 -30.783 -5.9484 -4 -30.783 -5.9484 0 -31.5528 -5.7954 -4 -31.5528 -5.7954 0 -32.2962 -5.5434 -4 -32.2962 -5.5434 0 -33 -5.196 -4 -33 -5.196 0 -33.6528 -4.7604 -4 -33.6528 -4.7604 0 -34.2426 -4.2426 -4 -34.2426 -4.2426 0 -34.7604 -3.6528 -4 -34.7604 -3.6528 0 -35.196 -3 -4 -35.196 -3 0 -35.5434 -2.2962 -4 -35.5434 -2.2962 0 -35.7954 -1.5528 -4 -35.7954 -1.5528 0 -35.9484 -0.783 -4 -35.9484 -0.783 0 -36 0 -4 -36 0 0 -35.9484 0.783 -4 -35.9484 0.783 0 -35.7954 1.5528 -4 -35.7954 1.5528 0 -35.5434 2.2962 -4 -35.5434 2.2962 0 -35.196 3 -4 -35.196 3 0 -34.7604 3.6528 -4 -34.7604 3.6528 0 -34.2426 4.2426 -4 -34.2426 4.2426 0 -33.6528 4.7604 -4 -33.6528 4.7604 0 -33 5.196 -4 -33 5.196 0 -32.2962 5.5434 -4 -32.2962 5.5434 0 -31.5528 5.7954 -4 -31.5528 5.7954 0 -30.783 5.9484 -4 -30.783 5.9484 0 -30 6 -4 -30 6 0 -29.217 5.9484 -4 -29.217 5.9484 0 -28.4472 5.7954 -4 -28.4472 5.7954 0 -27.7038 5.5434 -4 -27.7038 5.5434 0 -27 5.196 -4 -27 5.196 0 -26.3472 4.7604 -4 -26.3472 4.7604 0 -25.7574 4.2426 -4 -25.7574 4.2426 0 -25.2396 3.6528 -4 -25.2396 3.6528 0 -24.804 3 -4 -24.804 3 0 -24.4566 2.2962 -4 -24.4566 2.2962 0 -24.2046 1.5528 -4 -24.2046 1.5528 0 -24.0516 0.783 -4 -24.0516 0.783 0 -24.0516 -0.783 -4 -24 0 -4 -30 0 -4 -24.2046 -1.5528 -4 -24.4566 -2.2962 -4 -24.804 -3 -4 -25.2396 -3.6528 -4 -25.7574 -4.2426 -4 -26.3472 -4.7604 -4 -27 -5.196 -4 -27.7038 -5.5434 -4 -28.4472 -5.7954 -4 -29.217 -5.9484 -4 -30 -6 -4 -30.783 -5.9484 -4 -31.5528 -5.7954 -4 -32.2962 -5.5434 -4 -33 -5.196 -4 -33.6528 -4.7604 -4 -34.2426 -4.2426 -4 -34.7604 -3.6528 -4 -35.196 -3 -4 -35.5434 -2.2962 -4 -35.7954 -1.5528 -4 -35.9484 -0.783 -4 -36 0 -4 -35.9484 0.783 -4 -35.7954 1.5528 -4 -35.5434 2.2962 -4 -35.196 3 -4 -34.7604 3.6528 -4 -34.2426 4.2426 -4 -33.6528 4.7604 -4 -33 5.196 -4 -32.2962 5.5434 -4 -31.5528 5.7954 -4 -30.783 5.9484 -4 -30 6 -4 -29.217 5.9484 -4 -28.4472 5.7954 -4 -27.7038 5.5434 -4 -27 5.196 -4 -26.3472 4.7604 -4 -25.7574 4.2426 -4 -25.2396 3.6528 -4 -24.804 3 -4 -24.4566 2.2962 -4 -24.2046 1.5528 -4 -24.0516 0.783 -4 -44.0516 -0.783 -4 -44 0 -4 -44 0 0 -44.0516 -0.783 0 -44.2046 -1.5528 -4 -44.2046 -1.5528 0 -44.4566 -2.2962 -4 -44.4566 -2.2962 0 -44.804 -3 -4 -44.804 -3 0 -45.2396 -3.6528 -4 -45.2396 -3.6528 0 -45.7574 -4.2426 -4 -45.7574 -4.2426 0 -46.3472 -4.7604 -4 -46.3472 -4.7604 0 -47 -5.196 -4 -47 -5.196 0 -47.7038 -5.5434 -4 -47.7038 -5.5434 0 -48.4472 -5.7954 -4 -48.4472 -5.7954 0 -49.217 -5.9484 -4 -49.217 -5.9484 0 -50 -6 -4 -50 -6 0 -50.783 -5.9484 -4 -50.783 -5.9484 0 -51.5528 -5.7954 -4 -51.5528 -5.7954 0 -52.2962 -5.5434 -4 -52.2962 -5.5434 0 -53 -5.196 -4 -53 -5.196 0 -53.6528 -4.7604 -4 -53.6528 -4.7604 0 -54.2426 -4.2426 -4 -54.2426 -4.2426 0 -54.7604 -3.6528 -4 -54.7604 -3.6528 0 -55.196 -3 -4 -55.196 -3 0 -55.5434 -2.2962 -4 -55.5434 -2.2962 0 -55.7954 -1.5528 -4 -55.7954 -1.5528 0 -55.9484 -0.783 -4 -55.9484 -0.783 0 -56 0 -4 -56 0 0 -55.9484 0.783 -4 -55.9484 0.783 0 -55.7954 1.5528 -4 -55.7954 1.5528 0 -55.5434 2.2962 -4 -55.5434 2.2962 0 -55.196 3 -4 -55.196 3 0 -54.7604 3.6528 -4 -54.7604 3.6528 0 -54.2426 4.2426 -4 -54.2426 4.2426 0 -53.6528 4.7604 -4 -53.6528 4.7604 0 -53 5.196 -4 -53 5.196 0 -52.2962 5.5434 -4 -52.2962 5.5434 0 -51.5528 5.7954 -4 -51.5528 5.7954 0 -50.783 5.9484 -4 -50.783 5.9484 0 -50 6 -4 -50 6 0 -49.217 5.9484 -4 -49.217 5.9484 0 -48.4472 5.7954 -4 -48.4472 5.7954 0 -47.7038 5.5434 -4 -47.7038 5.5434 0 -47 5.196 -4 -47 5.196 0 -46.3472 4.7604 -4 -46.3472 4.7604 0 -45.7574 4.2426 -4 -45.7574 4.2426 0 -45.2396 3.6528 -4 -45.2396 3.6528 0 -44.804 3 -4 -44.804 3 0 -44.4566 2.2962 -4 -44.4566 2.2962 0 -44.2046 1.5528 -4 -44.2046 1.5528 0 -44.0516 0.783 -4 -44.0516 0.783 0 -44.0516 -0.783 -4 -44 0 -4 -50 0 -4 -44.2046 -1.5528 -4 -44.4566 -2.2962 -4 -44.804 -3 -4 -45.2396 -3.6528 -4 -45.7574 -4.2426 -4 -46.3472 -4.7604 -4 -47 -5.196 -4 -47.7038 -5.5434 -4 -48.4472 -5.7954 -4 -49.217 -5.9484 -4 -50 -6 -4 -50.783 -5.9484 -4 -51.5528 -5.7954 -4 -52.2962 -5.5434 -4 -53 -5.196 -4 -53.6528 -4.7604 -4 -54.2426 -4.2426 -4 -54.7604 -3.6528 -4 -55.196 -3 -4 -55.5434 -2.2962 -4 -55.7954 -1.5528 -4 -55.9484 -0.783 -4 -56 0 -4 -55.9484 0.783 -4 -55.7954 1.5528 -4 -55.5434 2.2962 -4 -55.196 3 -4 -54.7604 3.6528 -4 -54.2426 4.2426 -4 -53.6528 4.7604 -4 -53 5.196 -4 -52.2962 5.5434 -4 -51.5528 5.7954 -4 -50.783 5.9484 -4 -50 6 -4 -49.217 5.9484 -4 -48.4472 5.7954 -4 -47.7038 5.5434 -4 -47 5.196 -4 -46.3472 4.7604 -4 -45.7574 4.2426 -4 -45.2396 3.6528 -4 -44.804 3 -4 -44.4566 2.2962 -4 -44.2046 1.5528 -4 -44.0516 0.783 -4 -64.0516 -0.783 -4 -64 0 -4 -64 0 0 -64.0516 -0.783 0 -64.2046 -1.5528 -4 -64.2046 -1.5528 0 -64.4566 -2.2962 -4 -64.4566 -2.2962 0 -64.804 -3 -4 -64.804 -3 0 -65.2396 -3.6528 -4 -65.2396 -3.6528 0 -65.7574 -4.2426 -4 -65.7574 -4.2426 0 -66.3472 -4.7604 -4 -66.3472 -4.7604 0 -67 -5.196 -4 -67 -5.196 0 -67.7038 -5.5434 -4 -67.7038 -5.5434 0 -68.4472 -5.7954 -4 -68.4472 -5.7954 0 -69.217 -5.9484 -4 -69.217 -5.9484 0 -70 -6 -4 -70 -6 0 -70.783 -5.9484 -4 -70.783 -5.9484 0 -71.5528 -5.7954 -4 -71.5528 -5.7954 0 -72.2962 -5.5434 -4 -72.2962 -5.5434 0 -73 -5.196 -4 -73 -5.196 0 -73.6528 -4.7604 -4 -73.6528 -4.7604 0 -74.2426 -4.2426 -4 -74.2426 -4.2426 0 -74.7604 -3.6528 -4 -74.7604 -3.6528 0 -75.196 -3 -4 -75.196 -3 0 -75.5434 -2.2962 -4 -75.5434 -2.2962 0 -75.7954 -1.5528 -4 -75.7954 -1.5528 0 -75.9484 -0.783 -4 -75.9484 -0.783 0 -76 0 -4 -76 0 0 -75.9484 0.783 -4 -75.9484 0.783 0 -75.7954 1.5528 -4 -75.7954 1.5528 0 -75.5434 2.2962 -4 -75.5434 2.2962 0 -75.196 3 -4 -75.196 3 0 -74.7604 3.6528 -4 -74.7604 3.6528 0 -74.2426 4.2426 -4 -74.2426 4.2426 0 -73.6528 4.7604 -4 -73.6528 4.7604 0 -73 5.196 -4 -73 5.196 0 -72.2962 5.5434 -4 -72.2962 5.5434 0 -71.5528 5.7954 -4 -71.5528 5.7954 0 -70.783 5.9484 -4 -70.783 5.9484 0 -70 6 -4 -70 6 0 -69.217 5.9484 -4 -69.217 5.9484 0 -68.4472 5.7954 -4 -68.4472 5.7954 0 -67.7038 5.5434 -4 -67.7038 5.5434 0 -67 5.196 -4 -67 5.196 0 -66.3472 4.7604 -4 -66.3472 4.7604 0 -65.7574 4.2426 -4 -65.7574 4.2426 0 -65.2396 3.6528 -4 -65.2396 3.6528 0 -64.804 3 -4 -64.804 3 0 -64.4566 2.2962 -4 -64.4566 2.2962 0 -64.2046 1.5528 -4 -64.2046 1.5528 0 -64.0516 0.783 -4 -64.0516 0.783 0 -64.0516 -0.783 -4 -64 0 -4 -70 0 -4 -64.2046 -1.5528 -4 -64.4566 -2.2962 -4 -64.804 -3 -4 -65.2396 -3.6528 -4 -65.7574 -4.2426 -4 -66.3472 -4.7604 -4 -67 -5.196 -4 -67.7038 -5.5434 -4 -68.4472 -5.7954 -4 -69.217 -5.9484 -4 -70 -6 -4 -70.783 -5.9484 -4 -71.5528 -5.7954 -4 -72.2962 -5.5434 -4 -73 -5.196 -4 -73.6528 -4.7604 -4 -74.2426 -4.2426 -4 -74.7604 -3.6528 -4 -75.196 -3 -4 -75.5434 -2.2962 -4 -75.7954 -1.5528 -4 -75.9484 -0.783 -4 -76 0 -4 -75.9484 0.783 -4 -75.7954 1.5528 -4 -75.5434 2.2962 -4 -75.196 3 -4 -74.7604 3.6528 -4 -74.2426 4.2426 -4 -73.6528 4.7604 -4 -73 5.196 -4 -72.2962 5.5434 -4 -71.5528 5.7954 -4 -70.783 5.9484 -4 -70 6 -4 -69.217 5.9484 -4 -68.4472 5.7954 -4 -67.7038 5.5434 -4 -67 5.196 -4 -66.3472 4.7604 -4 -65.7574 4.2426 -4 -65.2396 3.6528 -4 -64.804 3 -4 -64.4566 2.2962 -4 -64.2046 1.5528 -4 -64.0516 0.783 -4 
				</float_array>
				<technique_common>
					<accessor count="2223" source="#Part-3460_dot_dat-pos-array" stride="3">
						<param name="X" type="float" /><param name="Y" type="float" /><param name="Z" type="float" />
					</accessor>
				</technique_common>
			</source>
			<source id="Part-3460_dot_dat-norm" name="Part-3460_dot_dat-norm">
				<float_array id="Part-3460_dot_dat-norm-array" count="6669">
					0 0 1 0 0 1 0 0 1 0 0 1 0 0 1 0 0 1 0 0 1 0 0 1 0 0 1 0 0 1 0 0 0.9999999 0 0 1 0 0 1 0 0 1 0 0 1 0 0 1 0 0 0.9999999 0 0 1 0 0 1 0 0 1 0 0 1 0 0 1 0 0 1 0 0 1 0 0 1 0 0 1 0 0 1 0 0 1 0 0 1 0 0 1 0 0 1 0 0 1 0 0 1 0 0 1 0 0 0.9999999 0 0 1 0 0 1 0 0 1 0 0 1 0 0 1 0 0 0.9999999 0 0 1 0 0 1 0 0 1 0 0 1 0 0 1 0 0 1 0 0 1 0 0 1 0.9940384 -0.1090297 0 0.9997588 0.0219621 0 0.9997588 -0.0219621 0 0.9883544 -0.1521696 0 0.9714059 -0.237425 0 0.9601336 -0.2795413 0 0.9320756 -0.3622637 0 0.9152588 -0.4028663 0 0.8767229 -0.4809959 0 0.8550501 -0.5185454 0 0.806599 -0.591099 0 0.7797713 -0.6260644 0 0.7222594 -0.6916222 0 0.6916228 -0.722259 0 0.6260643 -0.7797714 0 0.5910982 -0.8065996 0 0.5185452 -0.8550503 0 0.4809973 -0.8767222 0 0.4028666 -0.9152588 0 0.3622607 -0.9320768 0 0.2795388 -0.9601344 0 0.2374264 -0.9714056 0 0.1521726 -0.988354 0 0.1090303 -0.9940384 0 0.02196151 -0.9997588 0 -0.02196151 -0.9997588 0 -0.1090303 -0.9940384 0 -0.1521726 -0.988354 0 -0.2374264 -0.9714056 0 -0.2795388 -0.9601344 0 -0.3622607 -0.9320768 0 -0.4028666 -0.9152588 0 -0.4809973 -0.8767222 0 -0.5185452 -0.8550503 0 -0.5910982 -0.8065996 0 -0.6260643 -0.7797714 0 -0.6916228 -0.722259 0 -0.7222594 -0.6916222 0 -0.7797713 -0.6260644 0 -0.806599 -0.591099 0 -0.8550501 -0.5185454 0 -0.8767229 -0.4809959 0 -0.9152588 -0.4028663 0 -0.9320756 -0.3622637 0 -0.9601336 -0.2795413 0 -0.9714058 -0.237425 0 -0.9883544 -0.1521696 0 -0.9940384 -0.1090297 0 -0.9997588 -0.0219621 0 -0.9997588 0.0219621 0 -0.9940384 0.1090297 0 -0.9883544 0.1521696 0 -0.9714059 0.237425 0 -0.9601336 0.2795413 0 -0.9320756 0.3622637 0 -0.9152588 0.4028663 0 -0.8767229 0.4809959 0 -0.8550501 0.5185454 0 -0.806599 0.591099 0 -0.7797713 0.6260644 0 -0.7222594 0.6916222 0 -0.6916228 0.722259 0 -0.6260643 0.7797714 0 -0.5910982 0.8065996 0 -0.5185452 0.8550503 0 -0.4809973 0.8767222 0 -0.4028666 0.9152588 0 -0.3622607 0.9320768 0 -0.2795388 0.9601344 0 -0.2374264 0.9714056 0 -0.1521726 0.988354 0 -0.1090303 0.9940384 0 -0.02196151 0.9997588 0 0.02196151 0.9997588 0 0.1090303 0.9940384 0 0.1521726 0.988354 0 0.2374264 0.9714056 0 0.2795388 0.9601344 0 0.3622607 0.9320768 0 0.4028666 0.9152588 0 0.4809973 0.8767222 0 0.5185452 0.8550503 0 0.5910982 0.8065996 0 0.6260643 0.7797714 0 0.6916228 0.722259 0 0.7222594 0.6916222 0 0.7797713 0.6260644 0 0.806599 0.591099 0 0.8550501 0.5185454 0 0.8767229 0.4809959 0 0.9152588 0.4028663 0 0.9320756 0.3622637 0 0.9601336 0.2795413 0 0.9714058 0.237425 0 0.9883544 0.1521696 0 0.9940384 0.1090297 0 0 0 1 0 0 1 0 0 1 0 0 1 0 0 1 0 0 1 0 0 1 0 0 1 0 0 1 0 0 1 0 0 0.9999999 0 0 1 0 0 1 0 0 1 0 0 1 0 0 1 0 0 0.9999999 0 0 1 0 0 1 0 0 1 0 0 1 0 0 1 0 0 1 0 0 1 0 0 1 0 0 1 0 0 1 0 0 1 0 0 1 0 0 1 0 0 1 0 0 1 0 0 1 0 0 1 0 0 0.9999999 0 0 1 0 0 1 0 0 1 0 0 1 0 0 1 0 0 0.9999999 0 0 1 0 0 1 0 0 1 0 0 1 0 0 1 0 0 1 0 0 1 0 0 1 0.9940384 -0.1090297 0 0.9997588 0.0219621 0 0.9997588 -0.0219621 0 0.9883544 -0.1521696 0 0.9714059 -0.237425 0 0.9601336 -0.2795413 0 0.9320756 -0.3622637 0 0.9152588 -0.4028663 0 0.8767229 -0.4809959 0 0.8550501 -0.5185454 0 0.806599 -0.591099 0 0.7797713 -0.6260644 0 0.7222594 -0.6916222 0 0.6916228 -0.722259 0 0.6260643 -0.7797714 0 0.5910982 -0.8065996 0 0.5185452 -0.8550503 0 0.4809973 -0.8767222 0 0.4028666 -0.9152588 0 0.3622607 -0.9320768 0 0.2795388 -0.9601344 0 0.2374264 -0.9714056 0 0.1521726 -0.988354 0 0.1090303 -0.9940384 0 0.02196151 -0.9997588 0 -0.02196151 -0.9997588 0 -0.1090303 -0.9940384 0 -0.1521726 -0.988354 0 -0.2374264 -0.9714056 0 -0.2795388 -0.9601344 0 -0.3622607 -0.9320768 0 -0.4028666 -0.9152588 0 -0.4809973 -0.8767222 0 -0.5185452 -0.8550503 0 -0.5910982 -0.8065996 0 -0.6260643 -0.7797714 0 -0.6916228 -0.722259 0 -0.7222594 -0.6916222 0 -0.7797713 -0.6260644 0 -0.806599 -0.591099 0 -0.8550501 -0.5185454 0 -0.8767229 -0.4809959 0 -0.9152588 -0.4028663 0 -0.9320756 -0.3622637 0 -0.9601336 -0.2795413 0 -0.9714058 -0.237425 0 -0.9883544 -0.1521696 0 -0.9940384 -0.1090297 0 -0.9997588 -0.0219621 0 -0.9997588 0.0219621 0 -0.9940384 0.1090297 0 -0.9883544 0.1521696 0 -0.9714059 0.237425 0 -0.9601336 0.2795413 0 -0.9320756 0.3622637 0 -0.9152588 0.4028663 0 -0.8767229 0.4809959 0 -0.8550501 0.5185454 0 -0.806599 0.591099 0 -0.7797713 0.6260644 0 -0.7222594 0.6916222 0 -0.6916228 0.722259 0 -0.6260643 0.7797714 0 -0.5910982 0.8065996 0 -0.5185452 0.8550503 0 -0.4809973 0.8767222 0 -0.4028666 0.9152588 0 -0.3622607 0.9320768 0 -0.2795388 0.9601344 0 -0.2374264 0.9714056 0 -0.1521726 0.988354 0 -0.1090303 0.9940384 0 -0.02196151 0.9997588 0 0.02196151 0.9997588 0 0.1090303 0.9940384 0 0.1521726 0.988354 0 0.2374264 0.9714056 0 0.2795388 0.9601344 0 0.3622607 0.9320768 0 0.4028666 0.9152588 0 0.4809973 0.8767222 0 0.5185452 0.8550503 0 0.5910982 0.8065996 0 0.6260643 0.7797714 0 0.6916228 0.722259 0 0.7222594 0.6916222 0 0.7797713 0.6260644 0 0.806599 0.591099 0 0.8550501 0.5185454 0 0.8767229 0.4809959 0 0.9152588 0.4028663 0 0.9320756 0.3622637 0 0.9601336 0.2795413 0 0.9714058 0.237425 0 0.9883544 0.1521696 0 0.9940384 0.1090297 0 0 0 1 0 0 1 0 0 1 0 0 1 0 0 1 0 0 1 0 0 1 0 0 1 0 0 1 0 0 1 0 0 1 0 0 1 0 0 1 0 0 1 0 0 1 0 0 1 0 0 1 0 0 1 0 0 1 0 0 1 0 0 1 0 0 1 0 0 1 0 0 1 0 0 1 0 0 1 0 0 1 0 0 1 0 0 1 0 0 1 0 0 1 0 0 1 0 0 1 0 0 1 0 0 1 0 0 1 0 0 1 0 0 1 0 0 1 0 0 1 0 0 1 0 0 1 0 0 1 0 0 1 0 0 1 0 0 1 0 0 1 0 0 1 0 0 1 0.9940383 -0.1090309 0 0.9997588 0.0219621 0 0.9997588 -0.0219621 0 0.988354 -0.152172 0 0.9714059 -0.237425 0 0.9601347 -0.2795379 0 0.9320769 -0.3622606 0 0.9152588 -0.4028663 0 0.8767218 -0.4809977 0 0.8550495 -0.5185462 0 0.806599 -0.591099 0 0.7797713 -0.6260644 0 0.7222594 -0.6916222 0 0.6916228 -0.722259 0 0.6260643 -0.7797714 0 0.5910982 -0.8065996 0 0.5185452 -0.8550503 0 0.4809973 -0.8767222 0 0.402867 -0.9152585 0 0.3622616 -0.9320766 0 0.2795392 -0.9601343 0 0.2374261 -0.9714057 0 0.1521722 -0.9883541 0 0.1090302 -0.9940385 0 0.02196151 -0.9997588 0 -0.02196151 -0.9997588 0 -0.1090302 -0.9940385 0 -0.1521722 -0.9883541 0 -0.2374261 -0.9714057 0 -0.2795392 -0.9601343 0 -0.3622616 -0.9320766 0 -0.402867 -0.9152585 0 -0.4809973 -0.8767222 0 -0.5185452 -0.8550503 0 -0.5910982 -0.8065996 0 -0.6260643 -0.7797714 0 -0.6916228 -0.722259 0 -0.7222594 -0.6916222 0 -0.7797713 -0.6260644 0 -0.806599 -0.591099 0 -0.8550495 -0.5185462 0 -0.8767218 -0.4809977 0 -0.9152588 -0.4028663 0 -0.9320769 -0.3622606 0 -0.9601347 -0.2795379 0 -0.9714058 -0.237425 0 -0.988354 -0.152172 0 -0.9940383 -0.1090309 0 -0.9997588 -0.0219621 0 -0.9997588 0.0219621 0 -0.9940383 0.1090309 0 -0.988354 0.152172 0 -0.9714059 0.237425 0 -0.9601347 0.2795379 0 -0.9320769 0.3622606 0 -0.9152588 0.4028663 0 -0.8767218 0.4809977 0 -0.8550495 0.5185462 0 -0.806599 0.591099 0 -0.7797713 0.6260644 0 -0.7222594 0.6916222 0 -0.6916228 0.722259 0 -0.6260643 0.7797714 0 -0.5910982 0.8065996 0 -0.5185452 0.8550503 0 -0.4809973 0.8767222 0 -0.402867 0.9152585 0 -0.3622616 0.9320766 0 -0.2795392 0.9601343 0 -0.2374261 0.9714057 0 -0.1521722 0.9883541 0 -0.1090302 0.9940385 0 -0.02196151 0.9997588 0 0.02196151 0.9997588 0 0.1090302 0.9940385 0 0.1521722 0.9883541 0 0.2374261 0.9714057 0 0.2795392 0.9601343 0 0.3622616 0.9320766 0 0.402867 0.9152585 0 0.4809973 0.8767222 0 0.5185452 0.8550503 0 0.5910982 0.8065996 0 0.6260643 0.7797714 0 0.6916228 0.722259 0 0.7222594 0.6916222 0 0.7797713 0.6260644 0 0.806599 0.591099 0 0.8550495 0.5185462 0 0.8767218 0.4809977 0 0.9152588 0.4028663 0 0.9320769 0.3622606 0 0.9601347 0.2795379 0 0.9714058 0.237425 0 0.988354 0.152172 0 0.9940383 0.1090309 0 0 0 1 0 0 1 0 0 1 0 0 1 0 0 1 0 0 1 0 0 1 0 0 1 0 0 1 0 0 1 0 0 1 0 0 1 0 0 1 0 0 1 0 0 1 0 0 1 0 0 1 0 0 1 0 0 1 0 0 1 0 0 1 0 0 1 0 0 1 0 0 1 0 0 1 0 0 1 0 0 1 0 0 1 0 0 1 0 0 1 0 0 1 0 0 1 0 0 1 0 0 1 0 0 1 0 0 1 0 0 1 0 0 1 0 0 1 0 0 1 0 0 1 0 0 1 0 0 1 0 0 1 0 0 1 0 0 1 0 0 1 0 0 1 0 0 1 0.9940384 -0.1090301 0 0.9997588 0.02196149 0 0.9997588 -0.02196149 0 0.988354 -0.1521723 0 0.9714056 -0.2374263 0 0.9601343 -0.2795392 0 0.9320765 -0.3622615 0 0.9152585 -0.402867 0 0.8767222 -0.4809973 0 0.8550502 -0.518545 0 0.8065997 -0.5910981 0 0.7797715 -0.6260642 0 0.7222592 -0.6916226 0 0.6916226 -0.7222592 0 0.6260642 -0.7797715 0 0.5910981 -0.8065997 0 0.518545 -0.8550502 0 0.4809973 -0.8767222 0 0.402867 -0.9152585 0 0.3622615 -0.9320765 0 0.2795392 -0.9601343 0 0.2374263 -0.9714056 0 0.1521723 -0.988354 0 0.1090301 -0.9940384 0 0.02196149 -0.9997588 0 -0.02196149 -0.9997588 0 -0.1090301 -0.9940384 0 -0.1521723 -0.988354 0 -0.2374263 -0.9714056 0 -0.2795392 -0.9601343 0 -0.3622615 -0.9320765 0 -0.402867 -0.9152585 0 -0.4809973 -0.8767222 0 -0.518545 -0.8550502 0 -0.5910981 -0.8065997 0 -0.6260642 -0.7797715 0 -0.6916226 -0.7222592 0 -0.7222592 -0.6916226 0 -0.7797715 -0.6260642 0 -0.8065997 -0.5910981 0 -0.8550502 -0.518545 0 -0.8767222 -0.4809973 0 -0.9152585 -0.402867 0 -0.9320765 -0.3622615 0 -0.9601343 -0.2795392 0 -0.9714056 -0.2374263 0 -0.988354 -0.1521723 0 -0.9940384 -0.1090301 0 -0.9997588 -0.02196149 0 -0.9997588 0.02196149 0 -0.9940384 0.1090301 0 -0.988354 0.1521723 0 -0.9714056 0.2374263 0 -0.9601343 0.2795392 0 -0.9320765 0.3622615 0 -0.9152585 0.402867 0 -0.8767222 0.4809973 0 -0.8550502 0.518545 0 -0.8065997 0.5910981 0 -0.7797715 0.6260642 0 -0.7222592 0.6916226 0 -0.6916226 0.7222592 0 -0.6260642 0.7797715 0 -0.5910981 0.8065997 0 -0.518545 0.8550502 0 -0.4809973 0.8767222 0 -0.402867 0.9152585 0 -0.3622615 0.9320765 0 -0.2795392 0.9601343 0 -0.2374263 0.9714056 0 -0.1521723 0.988354 0 -0.1090301 0.9940384 0 -0.02196149 0.9997588 0 0.02196149 0.9997588 0 0.1090301 0.9940384 0 0.1521723 0.988354 0 0.2374263 0.9714056 0 0.2795392 0.9601343 0 0.3622615 0.9320765 0 0.402867 0.9152585 0 0.4809973 0.8767222 0 0.518545 0.8550502 0 0.5910981 0.8065997 0 0.6260642 0.7797715 0 0.6916226 0.7222592 0 0.7222592 0.6916226 0 0.7797715 0.6260642 0 0.8065997 0.5910981 0 0.8550502 0.518545 0 0.8767222 0.4809973 0 0.9152585 0.402867 0 0.9320765 0.3622615 0 0.9601343 0.2795392 0 0.9714056 0.2374263 0 0.988354 0.1521723 0 0.9940384 0.1090301 0 0 0 1 0 0 1 0 0 1 0 0 1 0 0 1 0 0 1 0 0 1 0 0 1 0 0 1 0 0 1 0 0 1 0 0 1 0 0 1 0 0 1 0 0 1 0 0 1 0 0 1 0 0 1 0 0 1 0 0 1 0 0 1 0 0 1 0 0 1 0 0 1 0 0 1 0 0 1 0 0 1 0 0 1 0 0 1 0 0 1 0 0 1 0 0 1 0 0 1 0 0 1 0 0 1 0 0 1 0 0 1 0 0 1 0 0 1 0 0 1 0 0 1 0 0 1 0 0 1 0 0 1 0 0 1 0 0 1 0 0 1 0 0 1 0 0 1 0.9940383 -0.1090309 0 0.9997588 0.0219621 0 0.9997588 -0.0219621 0 0.988354 -0.152172 0 0.9714059 -0.237425 0 0.9601347 -0.2795379 0 0.9320769 -0.3622606 0 0.9152588 -0.4028663 0 0.8767218 -0.4809977 0 0.8550495 -0.5185462 0 0.806599 -0.591099 0 0.7797713 -0.6260644 0 0.7222594 -0.6916222 0 0.6916228 -0.722259 0 0.6260643 -0.7797714 0 0.5910982 -0.8065996 0 0.5185452 -0.8550503 0 0.4809973 -0.8767222 0 0.402867 -0.9152585 0 0.3622616 -0.9320766 0 0.2795392 -0.9601343 0 0.2374261 -0.9714057 0 0.1521722 -0.9883541 0 0.1090302 -0.9940385 0 0.02196151 -0.9997588 0 -0.02196151 -0.9997588 0 -0.1090302 -0.9940385 0 -0.1521722 -0.9883541 0 -0.2374261 -0.9714057 0 -0.2795392 -0.9601343 0 -0.3622616 -0.9320766 0 -0.402867 -0.9152585 0 -0.4809973 -0.8767222 0 -0.5185452 -0.8550503 0 -0.5910982 -0.8065996 0 -0.6260643 -0.7797714 0 -0.6916228 -0.722259 0 -0.7222594 -0.6916222 0 -0.7797713 -0.6260644 0 -0.806599 -0.591099 0 -0.8550495 -0.5185462 0 -0.8767218 -0.4809977 0 -0.9152588 -0.4028663 0 -0.9320769 -0.3622606 0 -0.9601347 -0.2795379 0 -0.9714058 -0.237425 0 -0.988354 -0.152172 0 -0.9940383 -0.1090309 0 -0.9997588 -0.0219621 0 -0.9997588 0.0219621 0 -0.9940383 0.1090309 0 -0.988354 0.152172 0 -0.9714059 0.237425 0 -0.9601347 0.2795379 0 -0.9320769 0.3622606 0 -0.9152588 0.4028663 0 -0.8767218 0.4809977 0 -0.8550495 0.5185462 0 -0.806599 0.591099 0 -0.7797713 0.6260644 0 -0.7222594 0.6916222 0 -0.6916228 0.722259 0 -0.6260643 0.7797714 0 -0.5910982 0.8065996 0 -0.5185452 0.8550503 0 -0.4809973 0.8767222 0 -0.402867 0.9152585 0 -0.3622616 0.9320766 0 -0.2795392 0.9601343 0 -0.2374261 0.9714057 0 -0.1521722 0.9883541 0 -0.1090302 0.9940385 0 -0.02196151 0.9997588 0 0.02196151 0.9997588 0 0.1090302 0.9940385 0 0.1521722 0.9883541 0 0.2374261 0.9714057 0 0.2795392 0.9601343 0 0.3622616 0.9320766 0 0.402867 0.9152585 0 0.4809973 0.8767222 0 0.5185452 0.8550503 0 0.5910982 0.8065996 0 0.6260643 0.7797714 0 0.6916228 0.722259 0 0.7222594 0.6916222 0 0.7797713 0.6260644 0 0.806599 0.591099 0 0.8550495 0.5185462 0 0.8767218 0.4809977 0 0.9152588 0.4028663 0 0.9320769 0.3622606 0 0.9601347 0.2795379 0 0.9714058 0.237425 0 0.988354 0.152172 0 0.9940383 0.1090309 0 0 0 1 0 0 1 0 0 1 0 0 1 0 0 1 0 0 1 0 0 1 0 0 1 0 0 1 0 0 1 0 0 0.9999999 0 0 1 0 0 1 0 0 1 0 0 1 0 0 1 0 0 0.9999999 0 0 1 0 0 1 0 0 1 0 0 1 0 0 1 0 0 1 0 0 1 0 0 1 0 0 1 0 0 1 0 0 1 0 0 1 0 0 1 0 0 1 0 0 1 0 0 1 0 0 1 0 0 0.9999999 0 0 1 0 0 1 0 0 1 0 0 1 0 0 1 0 0 0.9999999 0 0 1 0 0 1 0 0 1 0 0 1 0 0 1 0 0 1 0 0 1 0 0 1 0.9940384 -0.1090297 0 0.9997588 0.0219621 0 0.9997588 -0.0219621 0 0.9883544 -0.1521696 0 0.9714059 -0.237425 0 0.9601336 -0.2795413 0 0.9320756 -0.3622637 0 0.9152588 -0.4028663 0 0.8767229 -0.4809959 0 0.8550501 -0.5185454 0 0.806599 -0.591099 0 0.7797713 -0.6260644 0 0.7222594 -0.6916222 0 0.6916228 -0.722259 0 0.6260643 -0.7797714 0 0.5910982 -0.8065996 0 0.5185452 -0.8550503 0 0.4809973 -0.8767222 0 0.4028666 -0.9152588 0 0.3622607 -0.9320768 0 0.2795388 -0.9601344 0 0.2374264 -0.9714056 0 0.1521726 -0.988354 0 0.1090303 -0.9940384 0 0.02196151 -0.9997588 0 -0.02196151 -0.9997588 0 -0.1090303 -0.9940384 0 -0.1521726 -0.988354 0 -0.2374264 -0.9714056 0 -0.2795388 -0.9601344 0 -0.3622607 -0.9320768 0 -0.4028666 -0.9152588 0 -0.4809973 -0.8767222 0 -0.5185452 -0.8550503 0 -0.5910982 -0.8065996 0 -0.6260643 -0.7797714 0 -0.6916228 -0.722259 0 -0.7222594 -0.6916222 0 -0.7797713 -0.6260644 0 -0.806599 -0.591099 0 -0.8550501 -0.5185454 0 -0.8767229 -0.4809959 0 -0.9152588 -0.4028663 0 -0.9320756 -0.3622637 0 -0.9601336 -0.2795413 0 -0.9714058 -0.237425 0 -0.9883544 -0.1521696 0 -0.9940384 -0.1090297 0 -0.9997588 -0.0219621 0 -0.9997588 0.0219621 0 -0.9940384 0.1090297 0 -0.9883544 0.1521696 0 -0.9714059 0.237425 0 -0.9601336 0.2795413 0 -0.9320756 0.3622637 0 -0.9152588 0.4028663 0 -0.8767229 0.4809959 0 -0.8550501 0.5185454 0 -0.806599 0.591099 0 -0.7797713 0.6260644 0 -0.7222594 0.6916222 0 -0.6916228 0.722259 0 -0.6260643 0.7797714 0 -0.5910982 0.8065996 0 -0.5185452 0.8550503 0 -0.4809973 0.8767222 0 -0.4028666 0.9152588 0 -0.3622607 0.9320768 0 -0.2795388 0.9601344 0 -0.2374264 0.9714056 0 -0.1521726 0.988354 0 -0.1090303 0.9940384 0 -0.02196151 0.9997588 0 0.02196151 0.9997588 0 0.1090303 0.9940384 0 0.1521726 0.988354 0 0.2374264 0.9714056 0 0.2795388 0.9601344 0 0.3622607 0.9320768 0 0.4028666 0.9152588 0 0.4809973 0.8767222 0 0.5185452 0.8550503 0 0.5910982 0.8065996 0 0.6260643 0.7797714 0 0.6916228 0.722259 0 0.7222594 0.6916222 0 0.7797713 0.6260644 0 0.806599 0.591099 0 0.8550501 0.5185454 0 0.8767229 0.4809959 0 0.9152588 0.4028663 0 0.9320756 0.3622637 0 0.9601336 0.2795413 0 0.9714058 0.237425 0 0.9883544 0.1521696 0 0.9940384 0.1090297 0 0 0 1 0 0 1 0 0 1 0 0 1 0 0 1 0 0 1 0 0 1 0 0 1 0 0 1 0 0 1 0 0 0.9999999 0 0 1 0 0 1 0 0 1 0 0 1 0 0 1 0 0 0.9999999 0 0 1 0 0 1 0 0 1 0 0 1 0 0 1 0 0 1 0 0 1 0 0 1 0 0 1 0 0 1 0 0 1 0 0 1 0 0 1 0 0 1 0 0 1 0 0 1 0 0 1 0 0 0.9999999 0 0 1 0 0 1 0 0 1 0 0 1 0 0 1 0 0 0.9999999 0 0 1 0 0 1 0 0 1 0 0 1 0 0 1 0 0 1 0 0 1 0 0 1 0.9940384 -0.1090297 0 0.9997588 0.0219621 0 0.9997588 -0.0219621 0 0.9883544 -0.1521696 0 0.9714059 -0.237425 0 0.9601336 -0.2795413 0 0.9320756 -0.3622637 0 0.9152588 -0.4028663 0 0.8767229 -0.4809959 0 0.8550501 -0.5185454 0 0.806599 -0.591099 0 0.7797713 -0.6260644 0 0.7222594 -0.6916222 0 0.6916228 -0.722259 0 0.6260643 -0.7797714 0 0.5910982 -0.8065996 0 0.5185452 -0.8550503 0 0.4809973 -0.8767222 0 0.4028666 -0.9152588 0 0.3622607 -0.9320768 0 0.2795388 -0.9601344 0 0.2374264 -0.9714056 0 0.1521726 -0.988354 0 0.1090303 -0.9940384 0 0.02196151 -0.9997588 0 -0.02196151 -0.9997588 0 -0.1090303 -0.9940384 0 -0.1521726 -0.988354 0 -0.2374264 -0.9714056 0 -0.2795388 -0.9601344 0 -0.3622607 -0.9320768 0 -0.4028666 -0.9152588 0 -0.4809973 -0.8767222 0 -0.5185452 -0.8550503 0 -0.5910982 -0.8065996 0 -0.6260643 -0.7797714 0 -0.6916228 -0.722259 0 -0.7222594 -0.6916222 0 -0.7797713 -0.6260644 0 -0.806599 -0.591099 0 -0.8550501 -0.5185454 0 -0.8767229 -0.4809959 0 -0.9152588 -0.4028663 0 -0.9320756 -0.3622637 0 -0.9601336 -0.2795413 0 -0.9714058 -0.237425 0 -0.9883544 -0.1521696 0 -0.9940384 -0.1090297 0 -0.9997588 -0.0219621 0 -0.9997588 0.0219621 0 -0.9940384 0.1090297 0 -0.9883544 0.1521696 0 -0.9714059 0.237425 0 -0.9601336 0.2795413 0 -0.9320756 0.3622637 0 -0.9152588 0.4028663 0 -0.8767229 0.4809959 0 -0.8550501 0.5185454 0 -0.806599 0.591099 0 -0.7797713 0.6260644 0 -0.7222594 0.6916222 0 -0.6916228 0.722259 0 -0.6260643 0.7797714 0 -0.5910982 0.8065996 0 -0.5185452 0.8550503 0 -0.4809973 0.8767222 0 -0.4028666 0.9152588 0 -0.3622607 0.9320768 0 -0.2795388 0.9601344 0 -0.2374264 0.9714056 0 -0.1521726 0.988354 0 -0.1090303 0.9940384 0 -0.02196151 0.9997588 0 0.02196151 0.9997588 0 0.1090303 0.9940384 0 0.1521726 0.988354 0 0.2374264 0.9714056 0 0.2795388 0.9601344 0 0.3622607 0.9320768 0 0.4028666 0.9152588 0 0.4809973 0.8767222 0 0.5185452 0.8550503 0 0.5910982 0.8065996 0 0.6260643 0.7797714 0 0.6916228 0.722259 0 0.7222594 0.6916222 0 0.7797713 0.6260644 0 0.806599 0.591099 0 0.8550501 0.5185454 0 0.8767229 0.4809959 0 0.9152588 0.4028663 0 0.9320756 0.3622637 0 0.9601336 0.2795413 0 0.9714058 0.237425 0 0.9883544 0.1521696 0 0.9940384 0.1090297 0 0 0 1 0 0 1 0 0 1 0 0 1 0 1 0 0 1 0 0 1 0 0 1 0 1 0 0 1 0 0 1 0 0 1 0 0 0 -1 0 0 -1 0 0 -1 0 0 -1 0 -1 0 0 -1 0 0 -1 0 0 -1 0 0 0 0 0.9999999 0 0 1 0 0 1 0 0 1 0 0 1 0 0 1 0 0 0.9999999 0 0 1 0 0 -1 0 0 -1 0 0 -1 0 0 -1 0 -1 0 0 -1 0 0 -1 0 0 -1 0 -1 0 0 -1 0 0 -1 0 0 -1 0 0 0 1 0 0 1 0 0 1 0 0 1 0 1 0 0 1 0 0 1 0 0 1 0 0 0.9940388 -0.1090281 0 0.9997589 0.02196047 0 0.9997589 -0.02196047 0 0.9883541 -0.1521712 0 0.971405 -0.2374288 0 0.9601328 -0.2795443 0 0.9320751 -0.3622651 0 0.9152585 -0.402867 0 0.8767232 -0.4809953 0 0.8550509 -0.5185442 0 0.8065999 -0.591098 0 0.7797717 -0.6260639 0 0.7222598 -0.6916218 0 0.6916234 -0.7222583 0 0.6260647 -0.7797711 0 0.5910978 -0.8065998 0 0.5185452 -0.8550503 0 0.4809982 -0.8767217 0 0.4028679 -0.9152581 0 0.362262 -0.9320763 0 0.2795386 -0.9601344 0 0.2374251 -0.9714058 0 0.1521716 -0.9883541 0 0.1090301 -0.9940384 0 0.02196157 -0.9997588 0 -0.02196157 -0.9997588 0 -0.1090301 -0.9940384 0 -0.1521716 -0.9883541 0 -0.2374251 -0.9714058 0 -0.2795386 -0.9601344 0 -0.362262 -0.9320763 0 -0.4028679 -0.9152581 0 -0.4809982 -0.8767217 0 -0.5185452 -0.8550503 0 -0.5910978 -0.8065998 0 -0.6260647 -0.7797711 0 -0.6916234 -0.7222583 0 -0.7222598 -0.6916218 0 -0.7797717 -0.6260639 0 -0.8065999 -0.591098 0 -0.8550509 -0.5185442 0 -0.8767232 -0.4809953 0 -0.9152585 -0.402867 0 -0.9320751 -0.3622651 0 -0.9601328 -0.2795443 0 -0.971405 -0.2374288 0 -0.9883541 -0.1521712 0 -0.9940388 -0.1090281 0 -0.9997589 -0.02196047 0 -0.9997589 0.02196047 0 -0.9940388 0.1090281 0 -0.9883541 0.1521712 0 -0.971405 0.2374288 0 -0.9601328 0.2795443 0 -0.9320751 0.3622651 0 -0.9152585 0.402867 0 -0.8767232 0.4809953 0 -0.8550509 0.5185442 0 -0.8065999 0.591098 0 -0.7797717 0.6260639 0 -0.7222598 0.6916218 0 -0.6916234 0.7222583 0 -0.6260647 0.7797711 0 -0.5910978 0.8065998 0 -0.5185452 0.8550503 0 -0.4809982 0.8767217 0 -0.4028679 0.9152581 0 -0.362262 0.9320763 0 -0.2795386 0.9601344 0 -0.2374251 0.9714058 0 -0.1521716 0.9883541 0 -0.1090301 0.9940384 0 -0.02196157 0.9997588 0 0.02196157 0.9997588 0 0.1090301 0.9940384 0 0.1521716 0.9883541 0 0.2374251 0.9714058 0 0.2795386 0.9601344 0 0.362262 0.9320763 0 0.4028679 0.9152581 0 0.4809982 0.8767217 0 0.5185452 0.8550503 0 0.5910978 0.8065998 0 0.6260647 0.7797711 0 0.6916234 0.7222583 0 0.7222598 0.6916218 0 0.7797717 0.6260639 0 0.8065999 0.591098 0 0.8550509 0.5185442 0 0.8767232 0.4809953 0 0.9152585 0.402867 0 0.9320751 0.3622651 0 0.9601328 0.2795443 0 0.971405 0.2374288 0 0.9883541 0.1521712 0 0.9940388 0.1090281 0 0 0 -1 0 0 -1 0 0 -1 0 0 -1 0 0 -1 0 0 -1 0 0 -1 0 0 -1 0 0 -1 0 0 -1 0 0 -1 0 0 -1 0 0 -1 0 0 -1 0 0 -1 0 0 -1 0 0 -1 0 0 -1 0 0 -1 0 0 -1 0 0 -1 0 0 -1 0 0 -1 0 0 -1 0 0 -1 0 0 -1 0 0 -1 0 0 -1 0 0 -1 0 0 -1 0 0 -1 0 0 -1 0 0 -1 0 0 -1 0 0 -1 0 0 -1 0 0 -1 0 0 -1 0 0 -1 0 0 -1 0 0 -1 0 0 -1 0 0 -1 0 0 -1 0 0 -1 0 0 -1 0 0 -1 0 0 -1 0 0 -1 0.9940383 -0.1090313 0 0.9997588 0.0219621 0 0.9997588 -0.0219621 0 0.9883538 -0.1521728 0 0.9714056 -0.2374258 0 0.9601346 -0.2795383 0 0.9320768 -0.3622609 0 0.9152585 -0.402867 0 0.8767217 -0.4809977 0 0.8550501 -0.5185454 0 0.8065999 -0.591098 0 0.7797717 -0.6260639 0 0.7222598 -0.6916218 0 0.6916234 -0.7222583 0 0.6260647 -0.7797711 0 0.5910978 -0.8065998 0 0.5185445 -0.8550507 0 0.4809968 -0.8767223 0 0.4028667 -0.9152586 0 0.3622614 -0.9320765 0 0.2795395 -0.9601343 0 0.2374266 -0.9714055 0 0.1521723 -0.9883539 0 0.1090301 -0.9940384 0 0.02196146 -0.9997588 0 -0.02196146 -0.9997588 0 -0.1090301 -0.9940384 0 -0.1521723 -0.9883539 0 -0.2374266 -0.9714055 0 -0.2795395 -0.9601343 0 -0.3622614 -0.9320765 0 -0.4028667 -0.9152586 0 -0.4809968 -0.8767223 0 -0.5185445 -0.8550507 0 -0.5910978 -0.8065998 0 -0.6260647 -0.7797711 0 -0.6916234 -0.7222583 0 -0.7222598 -0.6916218 0 -0.7797717 -0.6260639 0 -0.8065999 -0.591098 0 -0.8550501 -0.5185454 0 -0.8767217 -0.4809977 0 -0.9152585 -0.402867 0 -0.9320768 -0.3622609 0 -0.9601346 -0.2795383 0 -0.9714056 -0.2374258 0 -0.9883538 -0.1521728 0 -0.9940383 -0.1090313 0 -0.9997588 -0.0219621 0 -0.9997588 0.0219621 0 -0.9940383 0.1090313 0 -0.9883538 0.1521728 0 -0.9714056 0.2374258 0 -0.9601346 0.2795383 0 -0.9320768 0.3622609 0 -0.9152585 0.402867 0 -0.8767217 0.4809977 0 -0.8550501 0.5185454 0 -0.8065999 0.591098 0 -0.7797717 0.6260639 0 -0.7222598 0.6916218 0 -0.6916234 0.7222583 0 -0.6260647 0.7797711 0 -0.5910978 0.8065998 0 -0.5185445 0.8550507 0 -0.4809968 0.8767223 0 -0.4028667 0.9152586 0 -0.3622614 0.9320765 0 -0.2795395 0.9601343 0 -0.2374266 0.9714055 0 -0.1521723 0.9883539 0 -0.1090301 0.9940384 0 -0.02196146 0.9997588 0 0.02196146 0.9997588 0 0.1090301 0.9940384 0 0.1521723 0.9883539 0 0.2374266 0.9714055 0 0.2795395 0.9601343 0 0.3622614 0.9320765 0 0.4028667 0.9152586 0 0.4809968 0.8767223 0 0.5185445 0.8550507 0 0.5910978 0.8065998 0 0.6260647 0.7797711 0 0.6916234 0.7222583 0 0.7222598 0.6916218 0 0.7797717 0.6260639 0 0.8065999 0.591098 0 0.8550501 0.5185454 0 0.8767217 0.4809977 0 0.9152585 0.402867 0 0.9320768 0.3622609 0 0.9601346 0.2795383 0 0.9714056 0.2374258 0 0.9883538 0.1521728 0 0.9940383 0.1090313 0 0 0 -1 0 0 -1 0 0 -1 0 0 -1 0 0 -1 0 0 -1 0 0 -1 0 0 -1 0 0 -1 0 0 -1 0 0 -0.9999999 0 0 -1 0 0 -0.9999999 0 0 -1 0 0 -1 0 0 -1 0 0 -1 0 0 -1 0 0 -1 0 0 -1 0 0 -1 0 0 -1 0 0 -1 0 0 -1 0 0 -1 0 0 -1 0 0 -1 0 0 -1 0 0 -1 0 0 -1 0 0 -1 0 0 -1 0 0 -1 0 0 -1 0 0 -0.9999999 0 0 -1 0 0 -0.9999999 0 0 -1 0 0 -1 0 0 -1 0 0 -1 0 0 -1 0 0 -1 0 0 -1 0 0 -1 0 0 -1 0 0 -1 0 0 -1 0 0 -1 0.9940383 -0.1090313 0 0.9997588 0.0219621 0 0.9997588 -0.0219621 0 0.9883538 -0.1521728 0 0.9714056 -0.2374258 0 0.9601346 -0.2795383 0 0.9320768 -0.3622609 0 0.9152585 -0.402867 0 0.8767217 -0.4809977 0 0.8550501 -0.5185454 0 0.8065999 -0.591098 0 0.7797717 -0.6260639 0 0.7222598 -0.6916218 0 0.6916234 -0.7222583 0 0.6260647 -0.7797711 0 0.5910978 -0.8065998 0 0.5185445 -0.8550507 0 0.4809968 -0.8767223 0 0.4028667 -0.9152586 0 0.3622614 -0.9320765 0 0.2795395 -0.9601343 0 0.2374266 -0.9714055 0 0.1521723 -0.9883539 0 0.1090301 -0.9940384 0 0.02196146 -0.9997588 0 -0.02196146 -0.9997588 0 -0.1090301 -0.9940384 0 -0.1521723 -0.9883539 0 -0.2374266 -0.9714055 0 -0.2795395 -0.9601343 0 -0.3622614 -0.9320765 0 -0.4028667 -0.9152586 0 -0.4809971 -0.8767222 0 -0.5185452 -0.8550503 0 -0.5910982 -0.8065996 0 -0.6260643 -0.7797715 0 -0.6916226 -0.7222591 0 -0.7222593 -0.6916223 0 -0.7797717 -0.6260639 0 -0.8065999 -0.591098 0 -0.8550501 -0.5185454 0 -0.8767217 -0.4809977 0 -0.9152582 -0.4028677 0 -0.9320762 -0.3622623 0 -0.9601341 -0.2795398 0 -0.9714056 -0.2374266 0 -0.988354 -0.152172 0 -0.9940385 -0.1090297 0 -0.9997588 -0.02196128 0 -0.9997588 0.02196128 0 -0.9940385 0.1090297 0 -0.988354 0.152172 0 -0.9714056 0.2374266 0 -0.9601341 0.2795398 0 -0.9320762 0.3622623 0 -0.9152582 0.4028677 0 -0.8767217 0.4809977 0 -0.8550501 0.5185454 0 -0.8065999 0.591098 0 -0.7797717 0.6260639 0 -0.7222593 0.6916223 0 -0.6916226 0.7222591 0 -0.6260643 0.7797715 0 -0.5910982 0.8065996 0 -0.5185452 0.8550503 0 -0.4809971 0.8767222 0 -0.4028667 0.9152586 0 -0.3622614 0.9320765 0 -0.2795395 0.9601343 0 -0.2374266 0.9714055 0 -0.1521723 0.9883539 0 -0.1090301 0.9940384 0 -0.02196146 0.9997588 0 0.02196146 0.9997588 0 0.1090301 0.9940384 0 0.1521723 0.9883539 0 0.2374266 0.9714055 0 0.2795395 0.9601343 0 0.3622614 0.9320765 0 0.4028667 0.9152586 0 0.4809968 0.8767223 0 0.5185445 0.8550507 0 0.5910978 0.8065998 0 0.6260647 0.7797711 0 0.6916234 0.7222583 0 0.7222598 0.6916218 0 0.7797717 0.6260639 0 0.8065999 0.591098 0 0.8550501 0.5185454 0 0.8767217 0.4809977 0 0.9152585 0.402867 0 0.9320768 0.3622609 0 0.9601346 0.2795383 0 0.9714056 0.2374258 0 0.9883538 0.1521728 0 0.9940383 0.1090313 0 0 0 -1 0 0 -1 0 0 -1 0 0 -1 0 0 -1 0 0 -1 0 0 -1 0 0 -1 0 0 -1 0 0 -1 0 0 -0.9999999 0 0 -1 0 0 -0.9999999 0 0 -1 0 0 -1 0 0 -1 0 0 -1 0 0 -1 0 0 -1 0 0 -1 0 0 -1 0 0 -1 0 0 -0.9999999 0 0 -1 0 0 -1 0 0 -1 0 0 -1 0 0 -1 0 0 -0.9999999 0 0 -1 0 0 -1 0 0 -1 0 0 -1 0 0 -0.9999999 0 0 -0.9999999 0 0 -1 0 0 -0.9999999 0 0 -1 0 0 -1 0 0 -1 0 0 -1 0 0 -1 0 0 -1 0 0 -1 0 0 -1 0 0 -1 0 0 -1 0 0 -1 0 0 -1 0.9940385 -0.1090297 0 0.9997588 0.02196128 0 0.9997588 -0.02196128 0 0.988354 -0.152172 0 0.9714056 -0.2374266 0 0.9601341 -0.2795398 0 0.9320763 -0.3622619 0 0.9152585 -0.402867 0 0.8767222 -0.4809971 0 0.8550503 -0.5185451 0 0.8065996 -0.5910982 0 0.7797713 -0.6260644 0 0.722259 -0.6916227 0 0.6916224 -0.7222592 0 0.6260643 -0.7797715 0 0.5910982 -0.8065996 0 0.5185452 -0.8550503 0 0.4809971 -0.8767222 0 0.4028669 -0.9152586 0 0.3622617 -0.9320764 0 0.2795395 -0.9601343 0 0.2374264 -0.9714056 0 0.1521722 -0.988354 0 0.1090301 -0.9940384 0 0.02196149 -0.9997588 0 -0.02196149 -0.9997588 0 -0.1090301 -0.9940384 0 -0.1521722 -0.988354 0 -0.2374264 -0.9714056 0 -0.2795395 -0.9601343 0 -0.3622617 -0.9320764 0 -0.4028669 -0.9152586 0 -0.4809971 -0.8767223 0 -0.518545 -0.8550503 0 -0.5910981 -0.8065997 0 -0.6260642 -0.7797716 0 -0.6916225 -0.7222592 0 -0.7222592 -0.6916225 0 -0.7797716 -0.6260642 0 -0.8065997 -0.5910981 0 -0.8550503 -0.5185451 0 -0.8767222 -0.4809971 0 -0.9152586 -0.4028669 0 -0.9320765 -0.3622616 0 -0.9601342 -0.2795394 0 -0.9714056 -0.2374264 0 -0.988354 -0.1521722 0 -0.9940385 -0.1090301 0 -0.9997588 -0.02196149 0 -0.9997588 0.02196149 0 -0.9940385 0.1090301 0 -0.988354 0.1521722 0 -0.9714056 0.2374264 0 -0.9601342 0.2795394 0 -0.9320765 0.3622616 0 -0.9152586 0.4028669 0 -0.8767222 0.4809971 0 -0.8550503 0.5185451 0 -0.8065997 0.5910981 0 -0.7797716 0.6260642 0 -0.7222592 0.6916225 0 -0.6916225 0.7222592 0 -0.6260642 0.7797716 0 -0.5910981 0.8065997 0 -0.518545 0.8550503 0 -0.4809971 0.8767223 0 -0.4028669 0.9152586 0 -0.3622617 0.9320764 0 -0.2795395 0.9601343 0 -0.2374264 0.9714056 0 -0.1521722 0.988354 0 -0.1090301 0.9940384 0 -0.02196149 0.9997588 0 0.02196149 0.9997588 0 0.1090301 0.9940384 0 0.1521722 0.988354 0 0.2374264 0.9714056 0 0.2795395 0.9601343 0 0.3622617 0.9320764 0 0.4028669 0.9152586 0 0.4809971 0.8767222 0 0.5185452 0.8550503 0 0.5910982 0.8065996 0 0.6260643 0.7797715 0 0.6916224 0.7222592 0 0.722259 0.6916227 0 0.7797713 0.6260644 0 0.8065996 0.5910982 0 0.8550503 0.5185451 0 0.8767222 0.4809971 0 0.9152585 0.402867 0 0.9320763 0.3622619 0 0.9601341 0.2795398 0 0.9714056 0.2374266 0 0.988354 0.152172 0 0.9940385 0.1090297 0 0 0 -1 0 0 -1 0 0 -1 0 0 -1 0 0 -1 0 0 -1 0 0 -1 0 0 -1 0 0 -1 0 0 -0.9999999 0 0 -1 0 0 -1 0 0 -1 0 0 -1 0 0 -1 0 0 -1 0 0 -1 0 0 -1 0 0 -1 0 0 -1 0 0 -1 0 0 -1 0 0 -1 0 0 -1 0 0 -1 0 0 -1 0 0 -1 0 0 -1 0 0 -1 0 0 -1 0 0 -1 0 0 -1 0 0 -1 0 0 -1 0 0 -1 0 0 -1 0 0 -1 0 0 -1 0 0 -1 0 0 -1 0 0 -1 0 0 -1 0 0 -1 0 0 -1 0 0 -1 0 0 -1 0 0 -1 0 0 -1 0 0 -1 0.9940385 -0.1090301 0 0.9997588 0.02196149 0 0.9997588 -0.02196149 0 0.988354 -0.1521722 0 0.9714056 -0.2374264 0 0.9601342 -0.2795394 0 0.9320765 -0.3622616 0 0.9152586 -0.4028669 0 0.8767222 -0.4809971 0 0.8550503 -0.5185451 0 0.8065997 -0.5910981 0 0.7797716 -0.6260642 0 0.7222592 -0.6916225 0 0.6916225 -0.7222592 0 0.6260642 -0.7797716 0 0.5910981 -0.8065997 0 0.518545 -0.8550503 0 0.4809971 -0.8767223 0 0.4028669 -0.9152586 0 0.3622617 -0.9320764 0 0.2795395 -0.9601343 0 0.2374264 -0.9714056 0 0.1521722 -0.988354 0 0.1090301 -0.9940384 0 0.02196149 -0.9997588 0 -0.02196149 -0.9997588 0 -0.1090301 -0.9940384 0 -0.1521722 -0.988354 0 -0.2374264 -0.9714056 0 -0.2795395 -0.9601343 0 -0.3622617 -0.9320764 0 -0.4028669 -0.9152586 0 -0.4809971 -0.8767222 0 -0.5185452 -0.8550503 0 -0.5910982 -0.8065996 0 -0.6260643 -0.7797715 0 -0.6916224 -0.7222592 0 -0.722259 -0.6916227 0 -0.7797713 -0.6260644 0 -0.8065996 -0.5910982 0 -0.8550503 -0.5185451 0 -0.8767222 -0.4809971 0 -0.9152585 -0.402867 0 -0.9320763 -0.3622619 0 -0.9601341 -0.2795398 0 -0.9714056 -0.2374266 0 -0.988354 -0.152172 0 -0.9940385 -0.1090297 0 -0.9997588 -0.02196128 0 -0.9997588 0.02196128 0 -0.9940385 0.1090297 0 -0.988354 0.152172 0 -0.9714056 0.2374266 0 -0.9601341 0.2795398 0 -0.9320763 0.3622619 0 -0.9152585 0.402867 0 -0.8767222 0.4809971 0 -0.8550503 0.5185451 0 -0.8065996 0.5910982 0 -0.7797713 0.6260644 0 -0.722259 0.6916227 0 -0.6916224 0.7222592 0 -0.6260643 0.7797715 0 -0.5910982 0.8065996 0 -0.5185452 0.8550503 0 -0.4809971 0.8767222 0 -0.4028669 0.9152586 0 -0.3622617 0.9320764 0 -0.2795395 0.9601343 0 -0.2374264 0.9714056 0 -0.1521722 0.988354 0 -0.1090301 0.9940384 0 -0.02196149 0.9997588 0 0.02196149 0.9997588 0 0.1090301 0.9940384 0 0.1521722 0.988354 0 0.2374264 0.9714056 0 0.2795395 0.9601343 0 0.3622617 0.9320764 0 0.4028669 0.9152586 0 0.4809971 0.8767223 0 0.518545 0.8550503 0 0.5910981 0.8065997 0 0.6260642 0.7797716 0 0.6916225 0.7222592 0 0.7222592 0.6916225 0 0.7797716 0.6260642 0 0.8065997 0.5910981 0 0.8550503 0.5185451 0 0.8767222 0.4809971 0 0.9152586 0.4028669 0 0.9320765 0.3622616 0 0.9601342 0.2795394 0 0.9714056 0.2374264 0 0.988354 0.1521722 0 0.9940385 0.1090301 0 0 0 -1 0 0 -1 0 0 -1 0 0 -1 0 0 -1 0 0 -1 0 0 -1 0 0 -1 0 0 -1 0 0 -1 0 0 -1 0 0 -1 0 0 -1 0 0 -1 0 0 -1 0 0 -1 0 0 -1 0 0 -1 0 0 -1 0 0 -1 0 0 -1 0 0 -1 0 0 -1 0 0 -1 0 0 -1 0 0 -1 0 0 -1 0 0 -1 0 0 -1 0 0 -1 0 0 -1 0 0 -1 0 0 -1 0 0 -0.9999999 0 0 -1 0 0 -1 0 0 -1 0 0 -1 0 0 -1 0 0 -1 0 0 -1 0 0 -1 0 0 -1 0 0 -1 0 0 -1 0 0 -1 0 0 -1 0 0 -1 0 0 -1 0.9940385 -0.1090297 0 0.9997588 0.02196128 0 0.9997588 -0.02196128 0 0.988354 -0.152172 0 0.9714056 -0.2374266 0 0.9601341 -0.2795398 0 0.9320762 -0.3622623 0 0.9152582 -0.4028677 0 0.8767217 -0.4809977 0 0.8550501 -0.5185454 0 0.8065999 -0.591098 0 0.7797717 -0.6260639 0 0.7222593 -0.6916223 0 0.6916226 -0.7222591 0 0.6260643 -0.7797715 0 0.5910982 -0.8065996 0 0.5185452 -0.8550503 0 0.4809971 -0.8767222 0 0.4028667 -0.9152586 0 0.3622614 -0.9320765 0 0.2795395 -0.9601343 0 0.2374266 -0.9714055 0 0.1521723 -0.9883539 0 0.1090301 -0.9940384 0 0.02196146 -0.9997588 0 -0.02196146 -0.9997588 0 -0.1090301 -0.9940384 0 -0.1521723 -0.9883539 0 -0.2374266 -0.9714055 0 -0.2795395 -0.9601343 0 -0.3622614 -0.9320765 0 -0.4028667 -0.9152586 0 -0.4809968 -0.8767223 0 -0.5185445 -0.8550507 0 -0.5910978 -0.8065998 0 -0.6260647 -0.7797711 0 -0.6916234 -0.7222583 0 -0.7222598 -0.6916218 0 -0.7797717 -0.6260639 0 -0.8065999 -0.591098 0 -0.8550501 -0.5185454 0 -0.8767217 -0.4809977 0 -0.9152585 -0.402867 0 -0.9320768 -0.3622609 0 -0.9601346 -0.2795383 0 -0.9714056 -0.2374258 0 -0.9883538 -0.1521728 0 -0.9940383 -0.1090313 0 -0.9997588 -0.0219621 0 -0.9997588 0.0219621 0 -0.9940383 0.1090313 0 -0.9883538 0.1521728 0 -0.9714056 0.2374258 0 -0.9601346 0.2795383 0 -0.9320768 0.3622609 0 -0.9152585 0.402867 0 -0.8767217 0.4809977 0 -0.8550501 0.5185454 0 -0.8065999 0.591098 0 -0.7797717 0.6260639 0 -0.7222598 0.6916218 0 -0.6916234 0.7222583 0 -0.6260647 0.7797711 0 -0.5910978 0.8065998 0 -0.5185445 0.8550507 0 -0.4809968 0.8767223 0 -0.4028667 0.9152586 0 -0.3622614 0.9320765 0 -0.2795395 0.9601343 0 -0.2374266 0.9714055 0 -0.1521723 0.9883539 0 -0.1090301 0.9940384 0 -0.02196146 0.9997588 0 0.02196146 0.9997588 0 0.1090301 0.9940384 0 0.1521723 0.9883539 0 0.2374266 0.9714055 0 0.2795395 0.9601343 0 0.3622614 0.9320765 0 0.4028667 0.9152586 0 0.4809971 0.8767222 0 0.5185452 0.8550503 0 0.5910982 0.8065996 0 0.6260643 0.7797715 0 0.6916226 0.7222591 0 0.7222593 0.6916223 0 0.7797717 0.6260639 0 0.8065999 0.591098 0 0.8550501 0.5185454 0 0.8767217 0.4809977 0 0.9152582 0.4028677 0 0.9320762 0.3622623 0 0.9601341 0.2795398 0 0.9714056 0.2374266 0 0.988354 0.152172 0 0.9940385 0.1090297 0 0 0 -1 0 0 -1 0 0 -1 0 0 -1 0 0 -0.9999999 0 0 -1 0 0 -1 0 0 -1 0 0 -1 0 0 -0.9999999 0 0 -0.9999999 0 0 -1 0 0 -0.9999999 0 0 -1 0 0 -1 0 0 -1 0 0 -1 0 0 -1 0 0 -1 0 0 -1 0 0 -1 0 0 -1 0 0 -1 0 0 -1 0 0 -1 0 0 -1 0 0 -1 0 0 -1 0 0 -1 0 0 -1 0 0 -1 0 0 -1 0 0 -1 0 0 -1 0 0 -0.9999999 0 0 -1 0 0 -0.9999999 0 0 -1 0 0 -1 0 0 -1 0 0 -1 0 0 -1 0 0 -1 0 0 -1 0 0 -1 0 0 -1 0 0 -0.9999999 0 0 -1 0 0 -1 0.9940383 -0.1090313 0 0.9997588 0.0219621 0 0.9997588 -0.0219621 0 0.9883538 -0.1521728 0 0.9714056 -0.2374258 0 0.9601346 -0.2795383 0 0.9320768 -0.3622609 0 0.9152585 -0.402867 0 0.8767217 -0.4809977 0 0.8550501 -0.5185454 0 0.8065999 -0.591098 0 0.7797717 -0.6260639 0 0.7222598 -0.6916218 0 0.6916234 -0.7222583 0 0.6260647 -0.7797711 0 0.5910978 -0.8065998 0 0.5185445 -0.8550507 0 0.4809968 -0.8767223 0 0.4028667 -0.9152586 0 0.3622614 -0.9320765 0 0.2795395 -0.9601343 0 0.2374266 -0.9714055 0 0.1521723 -0.9883539 0 0.1090301 -0.9940384 0 0.02196146 -0.9997588 0 -0.02196146 -0.9997588 0 -0.1090301 -0.9940384 0 -0.1521723 -0.9883539 0 -0.2374266 -0.9714055 0 -0.2795395 -0.9601343 0 -0.3622614 -0.9320765 0 -0.4028667 -0.9152586 0 -0.4809968 -0.8767223 0 -0.5185445 -0.8550507 0 -0.5910978 -0.8065998 0 -0.6260647 -0.7797711 0 -0.6916234 -0.7222583 0 -0.7222598 -0.6916218 0 -0.7797717 -0.6260639 0 -0.8065999 -0.591098 0 -0.8550501 -0.5185454 0 -0.8767217 -0.4809977 0 -0.9152585 -0.402867 0 -0.9320768 -0.3622609 0 -0.9601346 -0.2795383 0 -0.9714056 -0.2374258 0 -0.9883538 -0.1521728 0 -0.9940383 -0.1090313 0 -0.9997588 -0.0219621 0 -0.9997588 0.0219621 0 -0.9940383 0.1090313 0 -0.9883538 0.1521728 0 -0.9714056 0.2374258 0 -0.9601346 0.2795383 0 -0.9320768 0.3622609 0 -0.9152585 0.402867 0 -0.8767217 0.4809977 0 -0.8550501 0.5185454 0 -0.8065999 0.591098 0 -0.7797717 0.6260639 0 -0.7222598 0.6916218 0 -0.6916234 0.7222583 0 -0.6260647 0.7797711 0 -0.5910978 0.8065998 0 -0.5185445 0.8550507 0 -0.4809968 0.8767223 0 -0.4028667 0.9152586 0 -0.3622614 0.9320765 0 -0.2795395 0.9601343 0 -0.2374266 0.9714055 0 -0.1521723 0.9883539 0 -0.1090301 0.9940384 0 -0.02196146 0.9997588 0 0.02196146 0.9997588 0 0.1090301 0.9940384 0 0.1521723 0.9883539 0 0.2374266 0.9714055 0 0.2795395 0.9601343 0 0.3622614 0.9320765 0 0.4028667 0.9152586 0 0.4809968 0.8767223 0 0.5185445 0.8550507 0 0.5910978 0.8065998 0 0.6260647 0.7797711 0 0.6916234 0.7222583 0 0.7222598 0.6916218 0 0.7797717 0.6260639 0 0.8065999 0.591098 0 0.8550501 0.5185454 0 0.8767217 0.4809977 0 0.9152585 0.402867 0 0.9320768 0.3622609 0 0.9601346 0.2795383 0 0.9714056 0.2374258 0 0.9883538 0.1521728 0 0.9940383 0.1090313 0 0 0 -1 0 0 -1 0 0 -1 0 0 -1 0 0 -1 0 0 -1 0 0 -1 0 0 -1 0 0 -1 0 0 -1 0 0 -0.9999999 0 0 -1 0 0 -0.9999999 0 0 -1 0 0 -1 0 0 -1 0 0 -1 0 0 -1 0 0 -1 0 0 -1 0 0 -1 0 0 -1 0 0 -1 0 0 -1 0 0 -1 0 0 -1 0 0 -1 0 0 -1 0 0 -1 0 0 -1 0 0 -1 0 0 -1 0 0 -1 0 0 -1 0 0 -0.9999999 0 0 -1 0 0 -0.9999999 0 0 -1 0 0 -1 0 0 -1 0 0 -1 0 0 -1 0 0 -1 0 0 -1 0 0 -1 0 0 -1 0 0 -1 0 0 -1 0 0 -1 0.9940388 -0.1090281 0 0.9997589 0.02196047 0 0.9997589 -0.02196047 0 0.9883541 -0.1521712 0 0.971405 -0.2374288 0 0.9601328 -0.2795443 0 0.9320751 -0.3622651 0 0.9152585 -0.402867 0 0.8767232 -0.4809953 0 0.8550509 -0.5185442 0 0.8065999 -0.591098 0 0.7797717 -0.6260639 0 0.7222598 -0.6916218 0 0.6916234 -0.7222583 0 0.6260647 -0.7797711 0 0.5910978 -0.8065998 0 0.5185452 -0.8550503 0 0.4809982 -0.8767217 0 0.4028679 -0.9152581 0 0.362262 -0.9320763 0 0.2795386 -0.9601344 0 0.2374251 -0.9714058 0 0.1521716 -0.9883541 0 0.1090301 -0.9940384 0 0.02196157 -0.9997588 0 -0.02196157 -0.9997588 0 -0.1090301 -0.9940384 0 -0.1521716 -0.9883541 0 -0.2374251 -0.9714058 0 -0.2795386 -0.9601344 0 -0.362262 -0.9320763 0 -0.4028679 -0.9152581 0 -0.4809982 -0.8767217 0 -0.5185452 -0.8550503 0 -0.5910978 -0.8065998 0 -0.6260647 -0.7797711 0 -0.6916234 -0.7222583 0 -0.7222598 -0.6916218 0 -0.7797717 -0.6260639 0 -0.8065999 -0.591098 0 -0.8550509 -0.5185442 0 -0.8767232 -0.4809953 0 -0.9152585 -0.402867 0 -0.9320751 -0.3622651 0 -0.9601328 -0.2795443 0 -0.971405 -0.2374288 0 -0.9883541 -0.1521712 0 -0.9940388 -0.1090281 0 -0.9997589 -0.02196047 0 -0.9997589 0.02196047 0 -0.9940388 0.1090281 0 -0.9883541 0.1521712 0 -0.971405 0.2374288 0 -0.9601328 0.2795443 0 -0.9320751 0.3622651 0 -0.9152585 0.402867 0 -0.8767232 0.4809953 0 -0.8550509 0.5185442 0 -0.8065999 0.591098 0 -0.7797717 0.6260639 0 -0.7222598 0.6916218 0 -0.6916234 0.7222583 0 -0.6260647 0.7797711 0 -0.5910978 0.8065998 0 -0.5185452 0.8550503 0 -0.4809982 0.8767217 0 -0.4028679 0.9152581 0 -0.362262 0.9320763 0 -0.2795386 0.9601344 0 -0.2374251 0.9714058 0 -0.1521716 0.9883541 0 -0.1090301 0.9940384 0 -0.02196157 0.9997588 0 0.02196157 0.9997588 0 0.1090301 0.9940384 0 0.1521716 0.9883541 0 0.2374251 0.9714058 0 0.2795386 0.9601344 0 0.362262 0.9320763 0 0.4028679 0.9152581 0 0.4809982 0.8767217 0 0.5185452 0.8550503 0 0.5910978 0.8065998 0 0.6260647 0.7797711 0 0.6916234 0.7222583 0 0.7222598 0.6916218 0 0.7797717 0.6260639 0 0.8065999 0.591098 0 0.8550509 0.5185442 0 0.8767232 0.4809953 0 0.9152585 0.402867 0 0.9320751 0.3622651 0 0.9601328 0.2795443 0 0.971405 0.2374288 0 0.9883541 0.1521712 0 0.9940388 0.1090281 0 0 0 -1 0 0 -1 0 0 -1 0 0 -1 0 0 -1 0 0 -1 0 0 -1 0 0 -1 0 0 -1 0 0 -1 0 0 -1 0 0 -1 0 0 -1 0 0 -1 0 0 -1 0 0 -1 0 0 -1 0 0 -1 0 0 -1 0 0 -1 0 0 -1 0 0 -1 0 0 -1 0 0 -1 0 0 -1 0 0 -1 0 0 -1 0 0 -1 0 0 -1 0 0 -1 0 0 -1 0 0 -1 0 0 -1 0 0 -1 0 0 -1 0 0 -1 0 0 -1 0 0 -1 0 0 -1 0 0 -1 0 0 -1 0 0 -1 0 0 -1 0 0 -1 0 0 -1 0 0 -1 0 0 -1 0 0 -1 0 0 -1 
				</float_array>
				<technique_common>
					<accessor count="2223" source="#Part-3460_dot_dat-norm-array" stride="3">
						<param name="X" type="float" /><param name="Y" type="float" /><param name="Z" type="float" />
					</accessor>
				</technique_common>
			</source>
			<vertices id="Part-3460_dot_dat-vert">
				<input semantic="POSITION" source="#Part-3460_dot_dat-pos" />
			</vertices>
			<triangles count="2188" material="Base">
				<input semantic="VERTEX" source="#Part-3460_dot_dat-vert" offset="0" />
				<input semantic="NORMAL" source="#Part-3460_dot_dat-norm" offset="0" />
				<p>
					0 1 2 3 0 2 4 3 2 5 4 2 6 5 2 7 6 2 8 7 2 9 8 2 10 9 2 11 10 2 12 11 2 13 12 2 14 13 2 15 14 2 16 15 2 17 16 2 18 17 2 19 18 2 20 19 2 21 20 2 22 21 2 23 22 2 24 23 2 25 24 2 26 25 2 27 26 2 28 27 2 29 28 2 30 29 2 31 30 2 32 31 2 33 32 2 34 33 2 35 34 2 36 35 2 37 36 2 38 37 2 39 38 2 40 39 2 41 40 2 42 41 2 43 42 2 44 43 2 45 44 2 46 45 2 47 46 2 48 47 2 1 48 2 49 50 51 51 52 49 53 49 52 52 54 53 55 53 54 54 56 55 57 55 56 56 58 57 59 57 58 58 60 59 61 59 60 60 62 61 63 61 62 62 64 63 65 63 64 64 66 65 67 65 66 66 68 67 69 67 68 68 70 69 71 69 70 70 72 71 73 71 72 72 74 73 75 73 74 74 76 75 77 75 76 76 78 77 79 77 78 78 80 79 81 79 80 80 82 81 83 81 82 82 84 83 85 83 84 84 86 85 87 85 86 86 88 87 89 87 88 88 90 89 91 89 90 90 92 91 93 91 92 92 94 93 95 93 94 94 96 95 97 95 96 96 98 97 99 97 98 98 100 99 101 99 100 100 102 101 103 101 102 102 104 103 105 103 104 104 106 105 107 105 106 106 108 107 109 107 108 108 110 109 111 109 110 110 112 111 113 111 112 112 114 113 115 113 114 114 116 115 117 115 116 116 118 117 119 117 118 118 120 119 121 119 120 120 122 121 123 121 122 122 124 123 125 123 124 124 126 125 127 125 126 126 128 127 129 127 128 128 130 129 131 129 130 130 132 131 133 131 132 132 134 133 135 133 134 134 136 135 137 135 136 136 138 137 139 137 138 138 140 139 141 139 140 140 142 141 143 141 142 142 144 143 50 143 144 144 51 50 145 146 147 148 145 147 149 148 147 150 149 147 151 150 147 152 151 147 153 152 147 154 153 147 155 154 147 156 155 147 157 156 147 158 157 147 159 158 147 160 159 147 161 160 147 162 161 147 163 162 147 164 163 147 165 164 147 166 165 147 167 166 147 168 167 147 169 168 147 170 169 147 171 170 147 172 171 147 173 172 147 174 173 147 175 174 147 176 175 147 177 176 147 178 177 147 179 178 147 180 179 147 181 180 147 182 181 147 183 182 147 184 183 147 185 184 147 186 185 147 187 186 147 188 187 147 189 188 147 190 189 147 191 190 147 192 191 147 193 192 147 146 193 147 194 195 196 196 197 194 198 194 197 197 199 198 200 198 199 199 201 200 202 200 201 201 203 202 204 202 203 203 205 204 206 204 205 205 207 206 208 206 207 207 209 208 210 208 209 209 211 210 212 210 211 211 213 212 214 212 213 213 215 214 216 214 215 215 217 216 218 216 217 217 219 218 220 218 219 219 221 220 222 220 221 221 223 222 224 222 223 223 225 224 226 224 225 225 227 226 228 226 227 227 229 228 230 228 229 229 231 230 232 230 231 231 233 232 234 232 233 233 235 234 236 234 235 235 237 236 238 236 237 237 239 238 240 238 239 239 241 240 242 240 241 241 243 242 244 242 243 243 245 244 246 244 245 245 247 246 248 246 247 247 249 248 250 248 249 249 251 250 252 250 251 251 253 252 254 252 253 253 255 254 256 254 255 255 257 256 258 256 257 257 259 258 260 258 259 259 261 260 262 260 261 261 263 262 264 262 263 263 265 264 266 264 265 265 267 266 268 266 267 267 269 268 270 268 269 269 271 270 272 270 271 271 273 272 274 272 273 273 275 274 276 274 275 275 277 276 278 276 277 277 279 278 280 278 279 279 281 280 282 280 281 281 283 282 284 282 283 283 285 284 286 284 285 285 287 286 288 286 287 287 289 288 195 288 289 289 196 195 290 291 292 293 290 292 294 293 292 295 294 292 296 295 292 297 296 292 298 297 292 299 298 292 300 299 292 301 300 292 302 301 292 303 302 292 304 303 292 305 304 292 306 305 292 307 306 292 308 307 292 309 308 292 310 309 292 311 310 292 312 311 292 313 312 292 314 313 292 315 314 292 316 315 292 317 316 292 318 317 292 319 318 292 320 319 292 321 320 292 322 321 292 323 322 292 324 323 292 325 324 292 326 325 292 327 326 292 328 327 292 329 328 292 330 329 292 331 330 292 332 331 292 333 332 292 334 333 292 335 334 292 336 335 292 337 336 292 338 337 292 291 338 292 339 340 341 341 342 339 343 339 342 342 344 343 345 343 344 344 346 345 347 345 346 346 348 347 349 347 348 348 350 349 351 349 350 350 352 351 353 351 352 352 354 353 355 353 354 354 356 355 357 355 356 356 358 357 359 357 358 358 360 359 361 359 360 360 362 361 363 361 362 362 364 363 365 363 364 364 366 365 367 365 366 366 368 367 369 367 368 368 370 369 371 369 370 370 372 371 373 371 372 372 374 373 375 373 374 374 376 375 377 375 376 376 378 377 379 377 378 378 380 379 381 379 380 380 382 381 383 381 382 382 384 383 385 383 384 384 386 385 387 385 386 386 388 387 389 387 388 388 390 389 391 389 390 390 392 391 393 391 392 392 394 393 395 393 394 394 396 395 397 395 396 396 398 397 399 397 398 398 400 399 401 399 400 400 402 401 403 401 402 402 404 403 405 403 404 404 406 405 407 405 406 406 408 407 409 407 408 408 410 409 411 409 410 410 412 411 413 411 412 412 414 413 415 413 414 414 416 415 417 415 416 416 418 417 419 417 418 418 420 419 421 419 420 420 422 421 423 421 422 422 424 423 425 423 424 424 426 425 427 425 426 426 428 427 429 427 428 428 430 429 431 429 430 430 432 431 433 431 432 432 434 433 340 433 434 434 341 340 435 436 437 438 435 437 439 438 437 440 439 437 441 440 437 442 441 437 443 442 437 444 443 437 445 444 437 446 445 437 447 446 437 448 447 437 449 448 437 450 449 437 451 450 437 452 451 437 453 452 437 454 453 437 455 454 437 456 455 437 457 456 437 458 457 437 459 458 437 460 459 437 461 460 437 462 461 437 463 462 437 464 463 437 465 464 437 466 465 437 467 466 437 468 467 437 469 468 437 470 469 437 471 470 437 472 471 437 473 472 437 474 473 437 475 474 437 476 475 437 477 476 437 478 477 437 479 478 437 480 479 437 481 480 437 482 481 437 483 482 437 436 483 437 484 485 486 486 487 484 488 484 487 487 489 488 490 488 489 489 491 490 492 490 491 491 493 492 494 492 493 493 495 494 496 494 495 495 497 496 498 496 497 497 499 498 500 498 499 499 501 500 502 500 501 501 503 502 504 502 503 503 505 504 506 504 505 505 507 506 508 506 507 507 509 508 510 508 509 509 511 510 512 510 511 511 513 512 514 512 513 513 515 514 516 514 515 515 517 516 518 516 517 517 519 518 520 518 519 519 521 520 522 520 521 521 523 522 524 522 523 523 525 524 526 524 525 525 527 526 528 526 527 527 529 528 530 528 529 529 531 530 532 530 531 531 533 532 534 532 533 533 535 534 536 534 535 535 537 536 538 536 537 537 539 538 540 538 539 539 541 540 542 540 541 541 543 542 544 542 543 543 545 544 546 544 545 545 547 546 548 546 547 547 549 548 550 548 549 549 551 550 552 550 551 551 553 552 554 552 553 553 555 554 556 554 555 555 557 556 558 556 557 557 559 558 560 558 559 559 561 560 562 560 561 561 563 562 564 562 563 563 565 564 566 564 565 565 567 566 568 566 567 567 569 568 570 568 569 569 571 570 572 570 571 571 573 572 574 572 573 573 575 574 576 574 575 575 577 576 578 576 577 577 579 578 485 578 579 579 486 485 580 581 582 583 580 582 584 583 582 585 584 582 586 585 582 587 586 582 588 587 582 589 588 582 590 589 582 591 590 582 592 591 582 593 592 582 594 593 582 595 594 582 596 595 582 597 596 582 598 597 582 599 598 582 600 599 582 601 600 582 602 601 582 603 602 582 604 603 582 605 604 582 606 605 582 607 606 582 608 607 582 609 608 582 610 609 582 611 610 582 612 611 582 613 612 582 614 613 582 615 614 582 616 615 582 617 616 582 618 617 582 619 618 582 620 619 582 621 620 582 622 621 582 623 622 582 624 623 582 625 624 582 626 625 582 627 626 582 628 627 582 581 628 582 629 630 631 631 632 629 633 629 632 632 634 633 635 633 634 634 636 635 637 635 636 636 638 637 639 637 638 638 640 639 641 639 640 640 642 641 643 641 642 642 644 643 645 643 644 644 646 645 647 645 646 646 648 647 649 647 648 648 650 649 651 649 650 650 652 651 653 651 652 652 654 653 655 653 654 654 656 655 657 655 656 656 658 657 659 657 658 658 660 659 661 659 660 660 662 661 663 661 662 662 664 663 665 663 664 664 666 665 667 665 666 666 668 667 669 667 668 668 670 669 671 669 670 670 672 671 673 671 672 672 674 673 675 673 674 674 676 675 677 675 676 676 678 677 679 677 678 678 680 679 681 679 680 680 682 681 683 681 682 682 684 683 685 683 684 684 686 685 687 685 686 686 688 687 689 687 688 688 690 689 691 689 690 690 692 691 693 691 692 692 694 693 695 693 694 694 696 695 697 695 696 696 698 697 699 697 698 698 700 699 701 699 700 700 702 701 703 701 702 702 704 703 705 703 704 704 706 705 707 705 706 706 708 707 709 707 708 708 710 709 711 709 710 710 712 711 713 711 712 712 714 713 715 713 714 714 716 715 717 715 716 716 718 717 719 717 718 718 720 719 721 719 720 720 722 721 723 721 722 722 724 723 630 723 724 724 631 630 725 726 727 728 725 727 729 728 727 730 729 727 731 730 727 732 731 727 733 732 727 734 733 727 735 734 727 736 735 727 737 736 727 738 737 727 739 738 727 740 739 727 741 740 727 742 741 727 743 742 727 744 743 727 745 744 727 746 745 727 747 746 727 748 747 727 749 748 727 750 749 727 751 750 727 752 751 727 753 752 727 754 753 727 755 754 727 756 755 727 757 756 727 758 757 727 759 758 727 760 759 727 761 760 727 762 761 727 763 762 727 764 763 727 765 764 727 766 765 727 767 766 727 768 767 727 769 768 727 770 769 727 771 770 727 772 771 727 773 772 727 726 773 727 774 775 776 776 777 774 778 774 777 777 779 778 780 778 779 779 781 780 782 780 781 781 783 782 784 782 783 783 785 784 786 784 785 785 787 786 788 786 787 787 789 788 790 788 789 789 791 790 792 790 791 791 793 792 794 792 793 793 795 794 796 794 795 795 797 796 798 796 797 797 799 798 800 798 799 799 801 800 802 800 801 801 803 802 804 802 803 803 805 804 806 804 805 805 807 806 808 806 807 807 809 808 810 808 809 809 811 810 812 810 811 811 813 812 814 812 813 813 815 814 816 814 815 815 817 816 818 816 817 817 819 818 820 818 819 819 821 820 822 820 821 821 823 822 824 822 823 823 825 824 826 824 825 825 827 826 828 826 827 827 829 828 830 828 829 829 831 830 832 830 831 831 833 832 834 832 833 833 835 834 836 834 835 835 837 836 838 836 837 837 839 838 840 838 839 839 841 840 842 840 841 841 843 842 844 842 843 843 845 844 846 844 845 845 847 846 848 846 847 847 849 848 850 848 849 849 851 850 852 850 851 851 853 852 854 852 853 853 855 854 856 854 855 855 857 856 858 856 857 857 859 858 860 858 859 859 861 860 862 860 861 861 863 862 864 862 863 863 865 864 866 864 865 865 867 866 868 866 867 867 869 868 775 868 869 869 776 775 870 871 872 873 870 872 874 873 872 875 874 872 876 875 872 877 876 872 878 877 872 879 878 872 880 879 872 881 880 872 882 881 872 883 882 872 884 883 872 885 884 872 886 885 872 887 886 872 888 887 872 889 888 872 890 889 872 891 890 872 892 891 872 893 892 872 894 893 872 895 894 872 896 895 872 897 896 872 898 897 872 899 898 872 900 899 872 901 900 872 902 901 872 903 902 872 904 903 872 905 904 872 906 905 872 907 906 872 908 907 872 909 908 872 910 909 872 911 910 872 912 911 872 913 912 872 914 913 872 915 914 872 916 915 872 917 916 872 918 917 872 871 918 872 919 920 921 921 922 919 923 919 922 922 924 923 925 923 924 924 926 925 927 925 926 926 928 927 929 927 928 928 930 929 931 929 930 930 932 931 933 931 932 932 934 933 935 933 934 934 936 935 937 935 936 936 938 937 939 937 938 938 940 939 941 939 940 940 942 941 943 941 942 942 944 943 945 943 944 944 946 945 947 945 946 946 948 947 949 947 948 948 950 949 951 949 950 950 952 951 953 951 952 952 954 953 955 953 954 954 956 955 957 955 956 956 958 957 959 957 958 958 960 959 961 959 960 960 962 961 963 961 962 962 964 963 965 963 964 964 966 965 967 965 966 966 968 967 969 967 968 968 970 969 971 969 970 970 972 971 973 971 972 972 974 973 975 973 974 974 976 975 977 975 976 976 978 977 979 977 978 978 980 979 981 979 980 980 982 981 983 981 982 982 984 983 985 983 984 984 986 985 987 985 986 986 988 987 989 987 988 988 990 989 991 989 990 990 992 991 993 991 992 992 994 993 995 993 994 994 996 995 997 995 996 996 998 997 999 997 998 998 1000 999 1001 999 1000 1000 1002 1001 1003 1001 1002 1002 1004 1003 1005 1003 1004 1004 1006 1005 1007 1005 1006 1006 1008 1007 1009 1007 1008 1008 1010 1009 1011 1009 1010 1010 1012 1011 1013 1011 1012 1012 1014 1013 920 1013 1014 1014 921 920 1017 1016 1015 1015 1018 1017 1021 1020 1019 1019 1022 1021 1025 1024 1023 1023 1026 1025 1029 1028 1027 1027 1030 1029 1033 1032 1031 1031 1034 1033 1037 1036 1035 1035 1038 1037 1036 1040 1039 1039 1035 1036 1040 1042 1041 1041 1039 1040 1042 1037 1038 1038 1041 1042 1043 1044 1045 1045 1046 1043 1047 1048 1049 1049 1050 1047 1051 1052 1053 1053 1054 1051 1055 1056 1057 1057 1058 1055 1059 1060 1061 1061 1062 1059 1063 1064 1065 1065 1066 1063 1067 1063 1066 1066 1068 1067 1069 1067 1068 1068 1070 1069 1071 1069 1070 1070 1072 1071 1073 1071 1072 1072 1074 1073 1075 1073 1074 1074 1076 1075 1077 1075 1076 1076 1078 1077 1079 1077 1078 1078 1080 1079 1081 1079 1080 1080 1082 1081 1083 1081 1082 1082 1084 1083 1085 1083 1084 1084 1086 1085 1087 1085 1086 1086 1088 1087 1089 1087 1088 1088 1090 1089 1091 1089 1090 1090 1092 1091 1093 1091 1092 1092 1094 1093 1095 1093 1094 1094 1096 1095 1097 1095 1096 1096 1098 1097 1099 1097 1098 1098 1100 1099 1101 1099 1100 1100 1102 1101 1103 1101 1102 1102 1104 1103 1105 1103 1104 1104 1106 1105 1107 1105 1106 1106 1108 1107 1109 1107 1108 1108 1110 1109 1111 1109 1110 1110 1112 1111 1113 1111 1112 1112 1114 1113 1115 1113 1114 1114 1116 1115 1117 1115 1116 1116 1118 1117 1119 1117 1118 1118 1120 1119 1121 1119 1120 1120 1122 1121 1123 1121 1122 1122 1124 1123 1125 1123 1124 1124 1126 1125 1127 1125 1126 1126 1128 1127 1129 1127 1128 1128 1130 1129 1131 1129 1130 1130 1132 1131 1133 1131 1132 1132 1134 1133 1135 1133 1134 1134 1136 1135 1137 1135 1136 1136 1138 1137 1139 1137 1138 1138 1140 1139 1141 1139 1140 1140 1142 1141 1143 1141 1142 1142 1144 1143 1145 1143 1144 1144 1146 1145 1147 1145 1146 1146 1148 1147 1149 1147 1148 1148 1150 1149 1151 1149 1150 1150 1152 1151 1153 1151 1152 1152 1154 1153 1155 1153 1154 1154 1156 1155 1157 1155 1156 1156 1158 1157 1064 1157 1158 1158 1065 1064 1161 1160 1159 1161 1159 1162 1161 1162 1163 1161 1163 1164 1161 1164 1165 1161 1165 1166 1161 1166 1167 1161 1167 1168 1161 1168 1169 1161 1169 1170 1161 1170 1171 1161 1171 1172 1161 1172 1173 1161 1173 1174 1161 1174 1175 1161 1175 1176 1161 1176 1177 1161 1177 1178 1161 1178 1179 1161 1179 1180 1161 1180 1181 1161 1181 1182 1161 1182 1183 1161 1183 1184 1161 1184 1185 1161 1185 1186 1161 1186 1187 1161 1187 1188 1161 1188 1189 1161 1189 1190 1161 1190 1191 1161 1191 1192 1161 1192 1193 1161 1193 1194 1161 1194 1195 1161 1195 1196 1161 1196 1197 1161 1197 1198 1161 1198 1199 1161 1199 1200 1161 1200 1201 1161 1201 1202 1161 1202 1203 1161 1203 1204 1161 1204 1205 1161 1205 1206 1161 1206 1207 1161 1207 1160 1208 1209 1210 1210 1211 1208 1212 1208 1211 1211 1213 1212 1214 1212 1213 1213 1215 1214 1216 1214 1215 1215 1217 1216 1218 1216 1217 1217 1219 1218 1220 1218 1219 1219 1221 1220 1222 1220 1221 1221 1223 1222 1224 1222 1223 1223 1225 1224 1226 1224 1225 1225 1227 1226 1228 1226 1227 1227 1229 1228 1230 1228 1229 1229 1231 1230 1232 1230 1231 1231 1233 1232 1234 1232 1233 1233 1235 1234 1236 1234 1235 1235 1237 1236 1238 1236 1237 1237 1239 1238 1240 1238 1239 1239 1241 1240 1242 1240 1241 1241 1243 1242 1244 1242 1243 1243 1245 1244 1246 1244 1245 1245 1247 1246 1248 1246 1247 1247 1249 1248 1250 1248 1249 1249 1251 1250 1252 1250 1251 1251 1253 1252 1254 1252 1253 1253 1255 1254 1256 1254 1255 1255 1257 1256 1258 1256 1257 1257 1259 1258 1260 1258 1259 1259 1261 1260 1262 1260 1261 1261 1263 1262 1264 1262 1263 1263 1265 1264 1266 1264 1265 1265 1267 1266 1268 1266 1267 1267 1269 1268 1270 1268 1269 1269 1271 1270 1272 1270 1271 1271 1273 1272 1274 1272 1273 1273 1275 1274 1276 1274 1275 1275 1277 1276 1278 1276 1277 1277 1279 1278 1280 1278 1279 1279 1281 1280 1282 1280 1281 1281 1283 1282 1284 1282 1283 1283 1285 1284 1286 1284 1285 1285 1287 1286 1288 1286 1287 1287 1289 1288 1290 1288 1289 1289 1291 1290 1292 1290 1291 1291 1293 1292 1294 1292 1293 1293 1295 1294 1296 1294 1295 1295 1297 1296 1298 1296 1297 1297 1299 1298 1300 1298 1299 1299 1301 1300 1302 1300 1301 1301 1303 1302 1209 1302 1303 1303 1210 1209 1306 1305 1304 1306 1304 1307 1306 1307 1308 1306 1308 1309 1306 1309 1310 1306 1310 1311 1306 1311 1312 1306 1312 1313 1306 1313 1314 1306 1314 1315 1306 1315 1316 1306 1316 1317 1306 1317 1318 1306 1318 1319 1306 1319 1320 1306 1320 1321 1306 1321 1322 1306 1322 1323 1306 1323 1324 1306 1324 1325 1306 1325 1326 1306 1326 1327 1306 1327 1328 1306 1328 1329 1306 1329 1330 1306 1330 1331 1306 1331 1332 1306 1332 1333 1306 1333 1334 1306 1334 1335 1306 1335 1336 1306 1336 1337 1306 1337 1338 1306 1338 1339 1306 1339 1340 1306 1340 1341 1306 1341 1342 1306 1342 1343 1306 1343 1344 1306 1344 1345 1306 1345 1346 1306 1346 1347 1306 1347 1348 1306 1348 1349 1306 1349 1350 1306 1350 1351 1306 1351 1352 1306 1352 1305 1353 1354 1355 1355 1356 1353 1357 1353 1356 1356 1358 1357 1359 1357 1358 1358 1360 1359 1361 1359 1360 1360 1362 1361 1363 1361 1362 1362 1364 1363 1365 1363 1364 1364 1366 1365 1367 1365 1366 1366 1368 1367 1369 1367 1368 1368 1370 1369 1371 1369 1370 1370 1372 1371 1373 1371 1372 1372 1374 1373 1375 1373 1374 1374 1376 1375 1377 1375 1376 1376 1378 1377 1379 1377 1378 1378 1380 1379 1381 1379 1380 1380 1382 1381 1383 1381 1382 1382 1384 1383 1385 1383 1384 1384 1386 1385 1387 1385 1386 1386 1388 1387 1389 1387 1388 1388 1390 1389 1391 1389 1390 1390 1392 1391 1393 1391 1392 1392 1394 1393 1395 1393 1394 1394 1396 1395 1397 1395 1396 1396 1398 1397 1399 1397 1398 1398 1400 1399 1401 1399 1400 1400 1402 1401 1403 1401 1402 1402 1404 1403 1405 1403 1404 1404 1406 1405 1407 1405 1406 1406 1408 1407 1409 1407 1408 1408 1410 1409 1411 1409 1410 1410 1412 1411 1413 1411 1412 1412 1414 1413 1415 1413 1414 1414 1416 1415 1417 1415 1416 1416 1418 1417 1419 1417 1418 1418 1420 1419 1421 1419 1420 1420 1422 1421 1423 1421 1422 1422 1424 1423 1425 1423 1424 1424 1426 1425 1427 1425 1426 1426 1428 1427 1429 1427 1428 1428 1430 1429 1431 1429 1430 1430 1432 1431 1433 1431 1432 1432 1434 1433 1435 1433 1434 1434 1436 1435 1437 1435 1436 1436 1438 1437 1439 1437 1438 1438 1440 1439 1441 1439 1440 1440 1442 1441 1443 1441 1442 1442 1444 1443 1445 1443 1444 1444 1446 1445 1447 1445 1446 1446 1448 1447 1354 1447 1448 1448 1355 1354 1451 1450 1449 1451 1449 1452 1451 1452 1453 1451 1453 1454 1451 1454 1455 1451 1455 1456 1451 1456 1457 1451 1457 1458 1451 1458 1459 1451 1459 1460 1451 1460 1461 1451 1461 1462 1451 1462 1463 1451 1463 1464 1451 1464 1465 1451 1465 1466 1451 1466 1467 1451 1467 1468 1451 1468 1469 1451 1469 1470 1451 1470 1471 1451 1471 1472 1451 1472 1473 1451 1473 1474 1451 1474 1475 1451 1475 1476 1451 1476 1477 1451 1477 1478 1451 1478 1479 1451 1479 1480 1451 1480 1481 1451 1481 1482 1451 1482 1483 1451 1483 1484 1451 1484 1485 1451 1485 1486 1451 1486 1487 1451 1487 1488 1451 1488 1489 1451 1489 1490 1451 1490 1491 1451 1491 1492 1451 1492 1493 1451 1493 1494 1451 1494 1495 1451 1495 1496 1451 1496 1497 1451 1497 1450 1498 1499 1500 1500 1501 1498 1502 1498 1501 1501 1503 1502 1504 1502 1503 1503 1505 1504 1506 1504 1505 1505 1507 1506 1508 1506 1507 1507 1509 1508 1510 1508 1509 1509 1511 1510 1512 1510 1511 1511 1513 1512 1514 1512 1513 1513 1515 1514 1516 1514 1515 1515 1517 1516 1518 1516 1517 1517 1519 1518 1520 1518 1519 1519 1521 1520 1522 1520 1521 1521 1523 1522 1524 1522 1523 1523 1525 1524 1526 1524 1525 1525 1527 1526 1528 1526 1527 1527 1529 1528 1530 1528 1529 1529 1531 1530 1532 1530 1531 1531 1533 1532 1534 1532 1533 1533 1535 1534 1536 1534 1535 1535 1537 1536 1538 1536 1537 1537 1539 1538 1540 1538 1539 1539 1541 1540 1542 1540 1541 1541 1543 1542 1544 1542 1543 1543 1545 1544 1546 1544 1545 1545 1547 1546 1548 1546 1547 1547 1549 1548 1550 1548 1549 1549 1551 1550 1552 1550 1551 1551 1553 1552 1554 1552 1553 1553 1555 1554 1556 1554 1555 1555 1557 1556 1558 1556 1557 1557 1559 1558 1560 1558 1559 1559 1561 1560 1562 1560 1561 1561 1563 1562 1564 1562 1563 1563 1565 1564 1566 1564 1565 1565 1567 1566 1568 1566 1567 1567 1569 1568 1570 1568 1569 1569 1571 1570 1572 1570 1571 1571 1573 1572 1574 1572 1573 1573 1575 1574 1576 1574 1575 1575 1577 1576 1578 1576 1577 1577 1579 1578 1580 1578 1579 1579 1581 1580 1582 1580 1581 1581 1583 1582 1584 1582 1583 1583 1585 1584 1586 1584 1585 1585 1587 1586 1588 1586 1587 1587 1589 1588 1590 1588 1589 1589 1591 1590 1592 1590 1591 1591 1593 1592 1499 1592 1593 1593 1500 1499 1596 1595 1594 1596 1594 1597 1596 1597 1598 1596 1598 1599 1596 1599 1600 1596 1600 1601 1596 1601 1602 1596 1602 1603 1596 1603 1604 1596 1604 1605 1596 1605 1606 1596 1606 1607 1596 1607 1608 1596 1608 1609 1596 1609 1610 1596 1610 1611 1596 1611 1612 1596 1612 1613 1596 1613 1614 1596 1614 1615 1596 1615 1616 1596 1616 1617 1596 1617 1618 1596 1618 1619 1596 1619 1620 1596 1620 1621 1596 1621 1622 1596 1622 1623 1596 1623 1624 1596 1624 1625 1596 1625 1626 1596 1626 1627 1596 1627 1628 1596 1628 1629 1596 1629 1630 1596 1630 1631 1596 1631 1632 1596 1632 1633 1596 1633 1634 1596 1634 1635 1596 1635 1636 1596 1636 1637 1596 1637 1638 1596 1638 1639 1596 1639 1640 1596 1640 1641 1596 1641 1642 1596 1642 1595 1643 1644 1645 1645 1646 1643 1647 1643 1646 1646 1648 1647 1649 1647 1648 1648 1650 1649 1651 1649 1650 1650 1652 1651 1653 1651 1652 1652 1654 1653 1655 1653 1654 1654 1656 1655 1657 1655 1656 1656 1658 1657 1659 1657 1658 1658 1660 1659 1661 1659 1660 1660 1662 1661 1663 1661 1662 1662 1664 1663 1665 1663 1664 1664 1666 1665 1667 1665 1666 1666 1668 1667 1669 1667 1668 1668 1670 1669 1671 1669 1670 1670 1672 1671 1673 1671 1672 1672 1674 1673 1675 1673 1674 1674 1676 1675 1677 1675 1676 1676 1678 1677 1679 1677 1678 1678 1680 1679 1681 1679 1680 1680 1682 1681 1683 1681 1682 1682 1684 1683 1685 1683 1684 1684 1686 1685 1687 1685 1686 1686 1688 1687 1689 1687 1688 1688 1690 1689 1691 1689 1690 1690 1692 1691 1693 1691 1692 1692 1694 1693 1695 1693 1694 1694 1696 1695 1697 1695 1696 1696 1698 1697 1699 1697 1698 1698 1700 1699 1701 1699 1700 1700 1702 1701 1703 1701 1702 1702 1704 1703 1705 1703 1704 1704 1706 1705 1707 1705 1706 1706 1708 1707 1709 1707 1708 1708 1710 1709 1711 1709 1710 1710 1712 1711 1713 1711 1712 1712 1714 1713 1715 1713 1714 1714 1716 1715 1717 1715 1716 1716 1718 1717 1719 1717 1718 1718 1720 1719 1721 1719 1720 1720 1722 1721 1723 1721 1722 1722 1724 1723 1725 1723 1724 1724 1726 1725 1727 1725 1726 1726 1728 1727 1729 1727 1728 1728 1730 1729 1731 1729 1730 1730 1732 1731 1733 1731 1732 1732 1734 1733 1735 1733 1734 1734 1736 1735 1737 1735 1736 1736 1738 1737 1644 1737 1738 1738 1645 1644 1741 1740 1739 1741 1739 1742 1741 1742 1743 1741 1743 1744 1741 1744 1745 1741 1745 1746 1741 1746 1747 1741 1747 1748 1741 1748 1749 1741 1749 1750 1741 1750 1751 1741 1751 1752 1741 1752 1753 1741 1753 1754 1741 1754 1755 1741 1755 1756 1741 1756 1757 1741 1757 1758 1741 1758 1759 1741 1759 1760 1741 1760 1761 1741 1761 1762 1741 1762 1763 1741 1763 1764 1741 1764 1765 1741 1765 1766 1741 1766 1767 1741 1767 1768 1741 1768 1769 1741 1769 1770 1741 1770 1771 1741 1771 1772 1741 1772 1773 1741 1773 1774 1741 1774 1775 1741 1775 1776 1741 1776 1777 1741 1777 1778 1741 1778 1779 1741 1779 1780 1741 1780 1781 1741 1781 1782 1741 1782 1783 1741 1783 1784 1741 1784 1785 1741 1785 1786 1741 1786 1787 1741 1787 1740 1788 1789 1790 1790 1791 1788 1792 1788 1791 1791 1793 1792 1794 1792 1793 1793 1795 1794 1796 1794 1795 1795 1797 1796 1798 1796 1797 1797 1799 1798 1800 1798 1799 1799 1801 1800 1802 1800 1801 1801 1803 1802 1804 1802 1803 1803 1805 1804 1806 1804 1805 1805 1807 1806 1808 1806 1807 1807 1809 1808 1810 1808 1809 1809 1811 1810 1812 1810 1811 1811 1813 1812 1814 1812 1813 1813 1815 1814 1816 1814 1815 1815 1817 1816 1818 1816 1817 1817 1819 1818 1820 1818 1819 1819 1821 1820 1822 1820 1821 1821 1823 1822 1824 1822 1823 1823 1825 1824 1826 1824 1825 1825 1827 1826 1828 1826 1827 1827 1829 1828 1830 1828 1829 1829 1831 1830 1832 1830 1831 1831 1833 1832 1834 1832 1833 1833 1835 1834 1836 1834 1835 1835 1837 1836 1838 1836 1837 1837 1839 1838 1840 1838 1839 1839 1841 1840 1842 1840 1841 1841 1843 1842 1844 1842 1843 1843 1845 1844 1846 1844 1845 1845 1847 1846 1848 1846 1847 1847 1849 1848 1850 1848 1849 1849 1851 1850 1852 1850 1851 1851 1853 1852 1854 1852 1853 1853 1855 1854 1856 1854 1855 1855 1857 1856 1858 1856 1857 1857 1859 1858 1860 1858 1859 1859 1861 1860 1862 1860 1861 1861 1863 1862 1864 1862 1863 1863 1865 1864 1866 1864 1865 1865 1867 1866 1868 1866 1867 1867 1869 1868 1870 1868 1869 1869 1871 1870 1872 1870 1871 1871 1873 1872 1874 1872 1873 1873 1875 1874 1876 1874 1875 1875 1877 1876 1878 1876 1877 1877 1879 1878 1880 1878 1879 1879 1881 1880 1882 1880 1881 1881 1883 1882 1789 1882 1883 1883 1790 1789 1886 1885 1884 1886 1884 1887 1886 1887 1888 1886 1888 1889 1886 1889 1890 1886 1890 1891 1886 1891 1892 1886 1892 1893 1886 1893 1894 1886 1894 1895 1886 1895 1896 1886 1896 1897 1886 1897 1898 1886 1898 1899 1886 1899 1900 1886 1900 1901 1886 1901 1902 1886 1902 1903 1886 1903 1904 1886 1904 1905 1886 1905 1906 1886 1906 1907 1886 1907 1908 1886 1908 1909 1886 1909 1910 1886 1910 1911 1886 1911 1912 1886 1912 1913 1886 1913 1914 1886 1914 1915 1886 1915 1916 1886 1916 1917 1886 1917 1918 1886 1918 1919 1886 1919 1920 1886 1920 1921 1886 1921 1922 1886 1922 1923 1886 1923 1924 1886 1924 1925 1886 1925 1926 1886 1926 1927 1886 1927 1928 1886 1928 1929 1886 1929 1930 1886 1930 1931 1886 1931 1932 1886 1932 1885 1933 1934 1935 1935 1936 1933 1937 1933 1936 1936 1938 1937 1939 1937 1938 1938 1940 1939 1941 1939 1940 1940 1942 1941 1943 1941 1942 1942 1944 1943 1945 1943 1944 1944 1946 1945 1947 1945 1946 1946 1948 1947 1949 1947 1948 1948 1950 1949 1951 1949 1950 1950 1952 1951 1953 1951 1952 1952 1954 1953 1955 1953 1954 1954 1956 1955 1957 1955 1956 1956 1958 1957 1959 1957 1958 1958 1960 1959 1961 1959 1960 1960 1962 1961 1963 1961 1962 1962 1964 1963 1965 1963 1964 1964 1966 1965 1967 1965 1966 1966 1968 1967 1969 1967 1968 1968 1970 1969 1971 1969 1970 1970 1972 1971 1973 1971 1972 1972 1974 1973 1975 1973 1974 1974 1976 1975 1977 1975 1976 1976 1978 1977 1979 1977 1978 1978 1980 1979 1981 1979 1980 1980 1982 1981 1983 1981 1982 1982 1984 1983 1985 1983 1984 1984 1986 1985 1987 1985 1986 1986 1988 1987 1989 1987 1988 1988 1990 1989 1991 1989 1990 1990 1992 1991 1993 1991 1992 1992 1994 1993 1995 1993 1994 1994 1996 1995 1997 1995 1996 1996 1998 1997 1999 1997 1998 1998 2000 1999 2001 1999 2000 2000 2002 2001 2003 2001 2002 2002 2004 2003 2005 2003 2004 2004 2006 2005 2007 2005 2006 2006 2008 2007 2009 2007 2008 2008 2010 2009 2011 2009 2010 2010 2012 2011 2013 2011 2012 2012 2014 2013 2015 2013 2014 2014 2016 2015 2017 2015 2016 2016 2018 2017 2019 2017 2018 2018 2020 2019 2021 2019 2020 2020 2022 2021 2023 2021 2022 2022 2024 2023 2025 2023 2024 2024 2026 2025 2027 2025 2026 2026 2028 2027 1934 2027 2028 2028 1935 1934 2031 2030 2029 2031 2029 2032 2031 2032 2033 2031 2033 2034 2031 2034 2035 2031 2035 2036 2031 2036 2037 2031 2037 2038 2031 2038 2039 2031 2039 2040 2031 2040 2041 2031 2041 2042 2031 2042 2043 2031 2043 2044 2031 2044 2045 2031 2045 2046 2031 2046 2047 2031 2047 2048 2031 2048 2049 2031 2049 2050 2031 2050 2051 2031 2051 2052 2031 2052 2053 2031 2053 2054 2031 2054 2055 2031 2055 2056 2031 2056 2057 2031 2057 2058 2031 2058 2059 2031 2059 2060 2031 2060 2061 2031 2061 2062 2031 2062 2063 2031 2063 2064 2031 2064 2065 2031 2065 2066 2031 2066 2067 2031 2067 2068 2031 2068 2069 2031 2069 2070 2031 2070 2071 2031 2071 2072 2031 2072 2073 2031 2073 2074 2031 2074 2075 2031 2075 2076 2031 2076 2077 2031 2077 2030 2078 2079 2080 2080 2081 2078 2082 2078 2081 2081 2083 2082 2084 2082 2083 2083 2085 2084 2086 2084 2085 2085 2087 2086 2088 2086 2087 2087 2089 2088 2090 2088 2089 2089 2091 2090 2092 2090 2091 2091 2093 2092 2094 2092 2093 2093 2095 2094 2096 2094 2095 2095 2097 2096 2098 2096 2097 2097 2099 2098 2100 2098 2099 2099 2101 2100 2102 2100 2101 2101 2103 2102 2104 2102 2103 2103 2105 2104 2106 2104 2105 2105 2107 2106 2108 2106 2107 2107 2109 2108 2110 2108 2109 2109 2111 2110 2112 2110 2111 2111 2113 2112 2114 2112 2113 2113 2115 2114 2116 2114 2115 2115 2117 2116 2118 2116 2117 2117 2119 2118 2120 2118 2119 2119 2121 2120 2122 2120 2121 2121 2123 2122 2124 2122 2123 2123 2125 2124 2126 2124 2125 2125 2127 2126 2128 2126 2127 2127 2129 2128 2130 2128 2129 2129 2131 2130 2132 2130 2131 2131 2133 2132 2134 2132 2133 2133 2135 2134 2136 2134 2135 2135 2137 2136 2138 2136 2137 2137 2139 2138 2140 2138 2139 2139 2141 2140 2142 2140 2141 2141 2143 2142 2144 2142 2143 2143 2145 2144 2146 2144 2145 2145 2147 2146 2148 2146 2147 2147 2149 2148 2150 2148 2149 2149 2151 2150 2152 2150 2151 2151 2153 2152 2154 2152 2153 2153 2155 2154 2156 2154 2155 2155 2157 2156 2158 2156 2157 2157 2159 2158 2160 2158 2159 2159 2161 2160 2162 2160 2161 2161 2163 2162 2164 2162 2163 2163 2165 2164 2166 2164 2165 2165 2167 2166 2168 2166 2167 2167 2169 2168 2170 2168 2169 2169 2171 2170 2172 2170 2171 2171 2173 2172 2079 2172 2173 2173 2080 2079 2176 2175 2174 2176 2174 2177 2176 2177 2178 2176 2178 2179 2176 2179 2180 2176 2180 2181 2176 2181 2182 2176 2182 2183 2176 2183 2184 2176 2184 2185 2176 2185 2186 2176 2186 2187 2176 2187 2188 2176 2188 2189 2176 2189 2190 2176 2190 2191 2176 2191 2192 2176 2192 2193 2176 2193 2194 2176 2194 2195 2176 2195 2196 2176 2196 2197 2176 2197 2198 2176 2198 2199 2176 2199 2200 2176 2200 2201 2176 2201 2202 2176 2202 2203 2176 2203 2204 2176 2204 2205 2176 2205 2206 2176 2206 2207 2176 2207 2208 2176 2208 2209 2176 2209 2210 2176 2210 2211 2176 2211 2212 2176 2212 2213 2176 2213 2214 2176 2214 2215 2176 2215 2216 2176 2216 2217 2176 2217 2218 2176 2218 2219 2176 2219 2220 2176 2220 2221 2176 2221 2222 2176 2222 2175 
				</p>
			</triangles>
		</mesh>
	</geometry>
	<geometry id="Part-3023a_dot_dat" name="Part-3023a_dot_dat">
		<mesh>
			<source id="Part-3023a_dot_dat-pos" name="Part-3023a_dot_dat-pos">
				<float_array id="Part-3023a_dot_dat-pos-array" count="1464">
					-20 -10 8 -16 -6 8 16 -6 8 20 -10 8 -20 10 8 -16 6 8 20 10 8 16 6 8 -16 6 4 16 6 4 16 -6 4 -16 -6 4 16 -6 4 16 -6 8 -16 -6 8 -16 -6 4 -16 -6 4 -16 -6 8 -16 6 8 -16 6 4 -16 6 4 -16 6 8 16 6 8 16 6 4 16 6 4 16 6 8 16 -6 8 16 -6 4 -20 10 0 20 10 0 20 -10 0 -20 -10 0 20 -10 0 20 -10 8 -20 -10 8 -20 -10 0 -20 -10 0 -20 -10 8 -20 10 8 -20 10 0 -20 10 0 -20 10 8 20 10 8 20 10 0 20 10 0 20 10 8 20 -10 8 20 -10 0 -4.0516 -0.783 -4 -4 0 -4 -4 0 0 -4.0516 -0.783 0 -4.2046 -1.5528 -4 -4.2046 -1.5528 0 -4.4566 -2.2962 -4 -4.4566 -2.2962 0 -4.804 -3 -4 -4.804 -3 0 -5.2396 -3.6528 -4 -5.2396 -3.6528 0 -5.7574 -4.2426 -4 -5.7574 -4.2426 0 -6.3472 -4.7604 -4 -6.3472 -4.7604 0 -7 -5.196 -4 -7 -5.196 0 -7.7038 -5.5434 -4 -7.7038 -5.5434 0 -8.4472 -5.7954 -4 -8.4472 -5.7954 0 -9.217 -5.9484 -4 -9.217 -5.9484 0 -10 -6 -4 -10 -6 0 -10.783 -5.9484 -4 -10.783 -5.9484 0 -11.5528 -5.7954 -4 -11.5528 -5.7954 0 -12.2962 -5.5434 -4 -12.2962 -5.5434 0 -13 -5.196 -4 -13 -5.196 0 -13.6528 -4.7604 -4 -13.6528 -4.7604 0 -14.2426 -4.2426 -4 -14.2426 -4.2426 0 -14.7604 -3.6528 -4 -14.7604 -3.6528 0 -15.196 -3 -4 -15.196 -3 0 -15.5434 -2.2962 -4 -15.5434 -2.2962 0 -15.7954 -1.5528 -4 -15.7954 -1.5528 0 -15.9484 -0.783 -4 -15.9484 -0.783 0 -16 0 -4 -16 0 0 -15.9484 0.783 -4 -15.9484 0.783 0 -15.7954 1.5528 -4 -15.7954 1.5528 0 -15.5434 2.2962 -4 -15.5434 2.2962 0 -15.196 3 -4 -15.196 3 0 -14.7604 3.6528 -4 -14.7604 3.6528 0 -14.2426 4.2426 -4 -14.2426 4.2426 0 -13.6528 4.7604 -4 -13.6528 4.7604 0 -13 5.196 -4 -13 5.196 0 -12.2962 5.5434 -4 -12.2962 5.5434 0 -11.5528 5.7954 -4 -11.5528 5.7954 0 -10.783 5.9484 -4 -10.783 5.9484 0 -10 6 -4 -10 6 0 -9.217 5.9484 -4 -9.217 5.9484 0 -8.4472 5.7954 -4 -8.4472 5.7954 0 -7.7038 5.5434 -4 -7.7038 5.5434 0 -7 5.196 -4 -7 5.196 0 -6.3472 4.7604 -4 -6.3472 4.7604 0 -5.7574 4.2426 -4 -5.7574 4.2426 0 -5.2396 3.6528 -4 -5.2396 3.6528 0 -4.804 3 -4 -4.804 3 0 -4.4566 2.2962 -4 -4.4566 2.2962 0 -4.2046 1.5528 -4 -4.2046 1.5528 0 -4.0516 0.783 -4 -4.0516 0.783 0 -4.0516 -0.783 -4 -4 0 -4 -10 0 -4 -4.2046 -1.5528 -4 -4.4566 -2.2962 -4 -4.804 -3 -4 -5.2396 -3.6528 -4 -5.7574 -4.2426 -4 -6.3472 -4.7604 -4 -7 -5.196 -4 -7.7038 -5.5434 -4 -8.4472 -5.7954 -4 -9.217 -5.9484 -4 -10 -6 -4 -10.783 -5.9484 -4 -11.5528 -5.7954 -4 -12.2962 -5.5434 -4 -13 -5.196 -4 -13.6528 -4.7604 -4 -14.2426 -4.2426 -4 -14.7604 -3.6528 -4 -15.196 -3 -4 -15.5434 -2.2962 -4 -15.7954 -1.5528 -4 -15.9484 -0.783 -4 -16 0 -4 -15.9484 0.783 -4 -15.7954 1.5528 -4 -15.5434 2.2962 -4 -15.196 3 -4 -14.7604 3.6528 -4 -14.2426 4.2426 -4 -13.6528 4.7604 -4 -13 5.196 -4 -12.2962 5.5434 -4 -11.5528 5.7954 -4 -10.783 5.9484 -4 -10 6 -4 -9.217 5.9484 -4 -8.4472 5.7954 -4 -7.7038 5.5434 -4 -7 5.196 -4 -6.3472 4.7604 -4 -5.7574 4.2426 -4 -5.2396 3.6528 -4 -4.804 3 -4 -4.4566 2.2962 -4 -4.2046 1.5528 -4 -4.0516 0.783 -4 15.9484 -0.783 -4 16 0 -4 16 0 0 15.9484 -0.783 0 15.7954 -1.5528 -4 15.7954 -1.5528 0 15.5434 -2.2962 -4 15.5434 -2.2962 0 15.196 -3 -4 15.196 -3 0 14.7604 -3.6528 -4 14.7604 -3.6528 0 14.2426 -4.2426 -4 14.2426 -4.2426 0 13.6528 -4.7604 -4 13.6528 -4.7604 0 13 -5.196 -4 13 -5.196 0 12.2962 -5.5434 -4 12.2962 -5.5434 0 11.5528 -5.7954 -4 11.5528 -5.7954 0 10.783 -5.9484 -4 10.783 -5.9484 0 10 -6 -4 10 -6 0 9.217 -5.9484 -4 9.217 -5.9484 0 8.4472 -5.7954 -4 8.4472 -5.7954 0 7.7038 -5.5434 -4 7.7038 -5.5434 0 7 -5.196 -4 7 -5.196 0 6.3472 -4.7604 -4 6.3472 -4.7604 0 5.7574 -4.2426 -4 5.7574 -4.2426 0 5.2396 -3.6528 -4 5.2396 -3.6528 0 4.804 -3 -4 4.804 -3 0 4.4566 -2.2962 -4 4.4566 -2.2962 0 4.2046 -1.5528 -4 4.2046 -1.5528 0 4.0516 -0.783 -4 4.0516 -0.783 0 4 0 -4 4 0 0 4.0516 0.783 -4 4.0516 0.783 0 4.2046 1.5528 -4 4.2046 1.5528 0 4.4566 2.2962 -4 4.4566 2.2962 0 4.804 3 -4 4.804 3 0 5.2396 3.6528 -4 5.2396 3.6528 0 5.7574 4.2426 -4 5.7574 4.2426 0 6.3472 4.7604 -4 6.3472 4.7604 0 7 5.196 -4 7 5.196 0 7.7038 5.5434 -4 7.7038 5.5434 0 8.4472 5.7954 -4 8.4472 5.7954 0 9.217 5.9484 -4 9.217 5.9484 0 10 6 -4 10 6 0 10.783 5.9484 -4 10.783 5.9484 0 11.5528 5.7954 -4 11.5528 5.7954 0 12.2962 5.5434 -4 12.2962 5.5434 0 13 5.196 -4 13 5.196 0 13.6528 4.7604 -4 13.6528 4.7604 0 14.2426 4.2426 -4 14.2426 4.2426 0 14.7604 3.6528 -4 14.7604 3.6528 0 15.196 3 -4 15.196 3 0 15.5434 2.2962 -4 15.5434 2.2962 0 15.7954 1.5528 -4 15.7954 1.5528 0 15.9484 0.783 -4 15.9484 0.783 0 15.9484 -0.783 -4 16 0 -4 10 0 -4 15.7954 -1.5528 -4 15.5434 -2.2962 -4 15.196 -3 -4 14.7604 -3.6528 -4 14.2426 -4.2426 -4 13.6528 -4.7604 -4 13 -5.196 -4 12.2962 -5.5434 -4 11.5528 -5.7954 -4 10.783 -5.9484 -4 10 -6 -4 9.217 -5.9484 -4 8.4472 -5.7954 -4 7.7038 -5.5434 -4 7 -5.196 -4 6.3472 -4.7604 -4 5.7574 -4.2426 -4 5.2396 -3.6528 -4 4.804 -3 -4 4.4566 -2.2962 -4 4.2046 -1.5528 -4 4.0516 -0.783 -4 4 0 -4 4.0516 0.783 -4 4.2046 1.5528 -4 4.4566 2.2962 -4 4.804 3 -4 5.2396 3.6528 -4 5.7574 4.2426 -4 6.3472 4.7604 -4 7 5.196 -4 7.7038 5.5434 -4 8.4472 5.7954 -4 9.217 5.9484 -4 10 6 -4 10.783 5.9484 -4 11.5528 5.7954 -4 12.2962 5.5434 -4 13 5.196 -4 13.6528 4.7604 -4 14.2426 4.2426 -4 14.7604 3.6528 -4 15.196 3 -4 15.5434 2.2962 -4 15.7954 1.5528 -4 15.9484 0.783 -4 -2.5 1.5 8 -2.5 -1.5 8 -2.69575 -1.4871 8 -2.69575 1.4871 8 -2.8882 -1.44885 8 -2.8882 1.44885 8 -3.07405 -1.38585 8 -3.07405 1.38585 8 -3.25 -1.299 8 -3.25 1.299 8 -3.4132 -1.1901 8 -3.4132 1.1901 8 -3.56065 -1.06065 8 -3.56065 1.06065 8 -3.6901 -0.9132 8 -3.6901 0.9132 8 -3.799 -0.75 8 -3.799 0.75 8 -3.88585 -0.57405 8 -3.88585 0.57405 8 -3.94885 -0.3882 8 -3.94885 0.3882 8 -3.9871 -0.19575 8 -3.9871 0.19575 8 -4 0 8 2.5 -1.5 8 2.5 1.5 8 2.69575 1.4871 8 2.69575 -1.4871 8 2.8882 1.44885 8 2.8882 -1.44885 8 3.07405 1.38585 8 3.07405 -1.38585 8 3.25 1.299 8 3.25 -1.299 8 3.4132 1.1901 8 3.4132 -1.1901 8 3.56065 1.06065 8 3.56065 -1.06065 8 3.6901 0.9132 8 3.6901 -0.9132 8 3.799 0.75 8 3.799 -0.75 8 3.88585 0.57405 8 3.88585 -0.57405 8 3.94885 0.3882 8 3.94885 -0.3882 8 3.9871 0.19575 8 3.9871 -0.19575 8 4 0 8 2.5 1.5 8 2.5 1.5 4 -2.5 1.5 4 -2.5 1.5 8 -2.5 -1.5 8 -2.5 -1.5 4 2.5 -1.5 4 2.5 -1.5 8 -2.69575 1.4871 4 -2.69575 1.4871 8 -2.8882 1.44885 4 -2.8882 1.44885 8 -3.07405 1.38585 4 -3.07405 1.38585 8 -3.25 1.299 4 -3.25 1.299 8 -3.4132 1.1901 4 -3.4132 1.1901 8 -3.56065 1.06065 4 -3.56065 1.06065 8 -3.6901 0.9132 4 -3.6901 0.9132 8 -3.799 0.75 4 -3.799 0.75 8 -3.88585 0.57405 4 -3.88585 0.57405 8 -3.94885 0.3882 4 -3.94885 0.3882 8 -3.9871 0.19575 4 -3.9871 0.19575 8 -4 0 4 -4 0 8 -3.9871 -0.19575 4 -3.9871 -0.19575 8 -3.94885 -0.3882 4 -3.94885 -0.3882 8 -3.88585 -0.57405 4 -3.88585 -0.57405 8 -3.799 -0.75 4 -3.799 -0.75 8 -3.6901 -0.9132 4 -3.6901 -0.9132 8 -3.56065 -1.06065 4 -3.56065 -1.06065 8 -3.4132 -1.1901 4 -3.4132 -1.1901 8 -3.25 -1.299 4 -3.25 -1.299 8 -3.07405 -1.38585 4 -3.07405 -1.38585 8 -2.8882 -1.44885 4 -2.8882 -1.44885 8 -2.69575 -1.4871 4 -2.69575 -1.4871 8 2.69575 1.4871 4 2.69575 1.4871 8 2.8882 1.44885 4 2.8882 1.44885 8 3.07405 1.38585 4 3.07405 1.38585 8 3.25 1.299 4 3.25 1.299 8 3.4132 1.1901 4 3.4132 1.1901 8 3.56065 1.06065 4 3.56065 1.06065 8 3.6901 0.9132 4 3.6901 0.9132 8 3.799 0.75 4 3.799 0.75 8 3.88585 0.57405 4 3.88585 0.57405 8 3.94885 0.3882 4 3.94885 0.3882 8 3.9871 0.19575 4 3.9871 0.19575 8 4 0 4 4 0 8 3.9871 -0.19575 4 3.9871 -0.19575 8 3.94885 -0.3882 4 3.94885 -0.3882 8 3.88585 -0.57405 4 3.88585 -0.57405 8 3.799 -0.75 4 3.799 -0.75 8 3.6901 -0.9132 4 3.6901 -0.9132 8 3.56065 -1.06065 4 3.56065 -1.06065 8 3.4132 -1.1901 4 3.4132 -1.1901 8 3.25 -1.299 4 3.25 -1.299 8 3.07405 -1.38585 4 3.07405 -1.38585 8 2.8882 -1.44885 4 2.8882 -1.44885 8 2.69575 -1.4871 4 2.69575 -1.4871 8 
				</float_array>
				<technique_common>
					<accessor count="488" source="#Part-3023a_dot_dat-pos-array" stride="3">
						<param name="X" type="float" /><param name="Y" type="float" /><param name="Z" type="float" />
					</accessor>
				</technique_common>
			</source>
			<source id="Part-3023a_dot_dat-norm" name="Part-3023a_dot_dat-norm">
				<float_array id="Part-3023a_dot_dat-norm-array" count="1464">
					0 0 1 0 0 1 0 0 1 0 0 1 0 0 1 0 0 1 0 0 1 0 0 1 0 0 1 0 0 1 0 0 1 0 0 1 0 1 0 0 1 0 0 1 0 0 1 0 1 0 0 1 0 0 1 0 0 1 0 0 0 -1 0 0 -1 0 0 -1 0 0 -1 0 -1 0 0 -1 0 0 -1 0 0 -1 0 0 0 0 -1 0 0 -1 0 0 -1 0 0 -1 0 -1 0 0 -1 0 0 -1 0 0 -1 0 -1 0 0 -1 0 0 -1 0 0 -1 0 0 0 1 0 0 1 0 0 1 0 0 1 0 1 0 0 1 0 0 1 0 0 1 0 0 0.9940385 -0.1090301 0 0.9997588 0.02196149 0 0.9997588 -0.02196149 0 0.988354 -0.1521722 0 0.9714056 -0.2374264 0 0.9601342 -0.2795394 0 0.9320765 -0.3622616 0 0.9152586 -0.4028669 0 0.8767222 -0.4809971 0 0.8550503 -0.5185451 0 0.8065997 -0.5910981 0 0.7797716 -0.6260642 0 0.7222592 -0.6916225 0 0.6916225 -0.7222592 0 0.6260642 -0.7797716 0 0.5910981 -0.8065997 0 0.518545 -0.8550503 0 0.4809971 -0.8767223 0 0.4028669 -0.9152586 0 0.3622617 -0.9320764 0 0.2795395 -0.9601343 0 0.2374264 -0.9714056 0 0.1521722 -0.988354 0 0.1090301 -0.9940384 0 0.02196149 -0.9997588 0 -0.02196149 -0.9997588 0 -0.1090301 -0.9940384 0 -0.1521722 -0.988354 0 -0.2374264 -0.9714056 0 -0.2795395 -0.9601343 0 -0.3622617 -0.9320764 0 -0.4028669 -0.9152586 0 -0.4809971 -0.8767222 0 -0.5185452 -0.8550503 0 -0.5910982 -0.8065996 0 -0.6260643 -0.7797715 0 -0.6916224 -0.7222592 0 -0.722259 -0.6916227 0 -0.7797713 -0.6260644 0 -0.8065996 -0.5910982 0 -0.8550503 -0.5185451 0 -0.8767222 -0.4809971 0 -0.9152585 -0.402867 0 -0.9320763 -0.3622619 0 -0.9601341 -0.2795398 0 -0.9714056 -0.2374266 0 -0.988354 -0.152172 0 -0.9940385 -0.1090297 0 -0.9997588 -0.02196128 0 -0.9997588 0.02196128 0 -0.9940385 0.1090297 0 -0.988354 0.152172 0 -0.9714056 0.2374266 0 -0.9601341 0.2795398 0 -0.9320763 0.3622619 0 -0.9152585 0.402867 0 -0.8767222 0.4809971 0 -0.8550503 0.5185451 0 -0.8065996 0.5910982 0 -0.7797713 0.6260644 0 -0.722259 0.6916227 0 -0.6916224 0.7222592 0 -0.6260643 0.7797715 0 -0.5910982 0.8065996 0 -0.5185452 0.8550503 0 -0.4809971 0.8767222 0 -0.4028669 0.9152586 0 -0.3622617 0.9320764 0 -0.2795395 0.9601343 0 -0.2374264 0.9714056 0 -0.1521722 0.988354 0 -0.1090301 0.9940384 0 -0.02196149 0.9997588 0 0.02196149 0.9997588 0 0.1090301 0.9940384 0 0.1521722 0.988354 0 0.2374264 0.9714056 0 0.2795395 0.9601343 0 0.3622617 0.9320764 0 0.4028669 0.9152586 0 0.4809971 0.8767223 0 0.518545 0.8550503 0 0.5910981 0.8065997 0 0.6260642 0.7797716 0 0.6916225 0.7222592 0 0.7222592 0.6916225 0 0.7797716 0.6260642 0 0.8065997 0.5910981 0 0.8550503 0.5185451 0 0.8767222 0.4809971 0 0.9152586 0.4028669 0 0.9320765 0.3622616 0 0.9601342 0.2795394 0 0.9714056 0.2374264 0 0.988354 0.1521722 0 0.9940385 0.1090301 0 0 0 -1 0 0 -1 0 0 -1 0 0 -1 0 0 -1 0 0 -1 0 0 -1 0 0 -1 0 0 -1 0 0 -1 0 0 -1 0 0 -1 0 0 -1 0 0 -1 0 0 -1 0 0 -1 0 0 -1 0 0 -1 0 0 -1 0 0 -1 0 0 -1 0 0 -1 0 0 -1 0 0 -1 0 0 -1 0 0 -1 0 0 -1 0 0 -1 0 0 -1 0 0 -1 0 0 -1 0 0 -1 0 0 -1 0 0 -0.9999999 0 0 -1 0 0 -1 0 0 -1 0 0 -1 0 0 -1 0 0 -1 0 0 -1 0 0 -1 0 0 -1 0 0 -1 0 0 -1 0 0 -1 0 0 -1 0 0 -1 0 0 -1 0.9940385 -0.1090297 0 0.9997588 0.02196128 0 0.9997588 -0.02196128 0 0.988354 -0.152172 0 0.9714056 -0.2374266 0 0.9601341 -0.2795398 0 0.9320763 -0.3622619 0 0.9152585 -0.402867 0 0.8767222 -0.4809971 0 0.8550503 -0.5185451 0 0.8065996 -0.5910982 0 0.7797713 -0.6260644 0 0.722259 -0.6916227 0 0.6916224 -0.7222592 0 0.6260643 -0.7797715 0 0.5910982 -0.8065996 0 0.5185452 -0.8550503 0 0.4809971 -0.8767222 0 0.4028669 -0.9152586 0 0.3622617 -0.9320764 0 0.2795395 -0.9601343 0 0.2374264 -0.9714056 0 0.1521722 -0.988354 0 0.1090301 -0.9940384 0 0.02196149 -0.9997588 0 -0.02196149 -0.9997588 0 -0.1090301 -0.9940384 0 -0.1521722 -0.988354 0 -0.2374264 -0.9714056 0 -0.2795395 -0.9601343 0 -0.3622617 -0.9320764 0 -0.4028669 -0.9152586 0 -0.4809971 -0.8767223 0 -0.518545 -0.8550503 0 -0.5910981 -0.8065997 0 -0.6260642 -0.7797716 0 -0.6916225 -0.7222592 0 -0.7222592 -0.6916225 0 -0.7797716 -0.6260642 0 -0.8065997 -0.5910981 0 -0.8550503 -0.5185451 0 -0.8767222 -0.4809971 0 -0.9152586 -0.4028669 0 -0.9320765 -0.3622616 0 -0.9601342 -0.2795394 0 -0.9714056 -0.2374264 0 -0.988354 -0.1521722 0 -0.9940385 -0.1090301 0 -0.9997588 -0.02196149 0 -0.9997588 0.02196149 0 -0.9940385 0.1090301 0 -0.988354 0.1521722 0 -0.9714056 0.2374264 0 -0.9601342 0.2795394 0 -0.9320765 0.3622616 0 -0.9152586 0.4028669 0 -0.8767222 0.4809971 0 -0.8550503 0.5185451 0 -0.8065997 0.5910981 0 -0.7797716 0.6260642 0 -0.7222592 0.6916225 0 -0.6916225 0.7222592 0 -0.6260642 0.7797716 0 -0.5910981 0.8065997 0 -0.518545 0.8550503 0 -0.4809971 0.8767223 0 -0.4028669 0.9152586 0 -0.3622617 0.9320764 0 -0.2795395 0.9601343 0 -0.2374264 0.9714056 0 -0.1521722 0.988354 0 -0.1090301 0.9940384 0 -0.02196149 0.9997588 0 0.02196149 0.9997588 0 0.1090301 0.9940384 0 0.1521722 0.988354 0 0.2374264 0.9714056 0 0.2795395 0.9601343 0 0.3622617 0.9320764 0 0.4028669 0.9152586 0 0.4809971 0.8767222 0 0.5185452 0.8550503 0 0.5910982 0.8065996 0 0.6260643 0.7797715 0 0.6916224 0.7222592 0 0.722259 0.6916227 0 0.7797713 0.6260644 0 0.8065996 0.5910982 0 0.8550503 0.5185451 0 0.8767222 0.4809971 0 0.9152585 0.402867 0 0.9320763 0.3622619 0 0.9601341 0.2795398 0 0.9714056 0.2374266 0 0.988354 0.152172 0 0.9940385 0.1090297 0 0 0 -1 0 0 -1 0 0 -1 0 0 -1 0 0 -1 0 0 -1 0 0 -1 0 0 -1 0 0 -1 0 0 -0.9999999 0 0 -1 0 0 -1 0 0 -1 0 0 -1 0 0 -1 0 0 -1 0 0 -1 0 0 -1 0 0 -1 0 0 -1 0 0 -1 0 0 -1 0 0 -1 0 0 -1 0 0 -1 0 0 -1 0 0 -1 0 0 -1 0 0 -1 0 0 -1 0 0 -1 0 0 -1 0 0 -1 0 0 -1 0 0 -1 0 0 -1 0 0 -1 0 0 -1 0 0 -1 0 0 -1 0 0 -1 0 0 -1 0 0 -1 0 0 -1 0 0 -1 0 0 -1 0 0 -1 0 0 -1 0 0 -1 0 0 1 0 0 0.9999999 0 0 1 0 0 1 0 0 0.9999999 0 0 1 0 0 1 0 0 1 0 0 1 0 0 1 0 0 0.9999999 0 0 1 0 0 1 0 0 1 0 0 1 0 0 1 0 0 1 0 0 1 0 0 1 0 0 1 0 0 1 0 0 1 0 0 0.9999999 0 0 1 0 0 1 0 0 1 0 0 0.9999999 0 0 1 0 0 1 0 0 0.9999999 0 0 1 0 0 1 0 0 1 0 0 1 0 0 1 0 0 0.9999999 0 0 1 0 0 1 0 0 1 0 0 1 0 0 1 0 0 1 0 0 1 0 0 1 0 0 1 0 0 1 0 0 1 0 0 0.9999999 0 0 1 0 0 1 0.00248279 0.9999968 0 0.00248279 0.9999968 0 -0.001265231 0.9999991 0 -0.004785253 0.9999886 0 -0.001265231 -0.9999991 0 -0.004785253 -0.9999886 0 0.00248279 -0.9999968 0 0.00248279 -0.9999968 0 -0.1090301 0.9940384 0 -0.1521722 0.988354 0 -0.2374264 0.9714056 0 -0.2795395 0.9601343 0 -0.3622617 0.9320764 0 -0.4028669 0.9152586 0 -0.4809971 0.8767222 0 -0.5185452 0.8550503 0 -0.5910982 0.8065996 0 -0.6260643 0.7797715 0 -0.6916224 0.7222592 0 -0.722259 0.6916227 0 -0.7797713 0.6260644 0 -0.8065996 0.5910982 0 -0.8550503 0.5185451 0 -0.8767222 0.4809971 0 -0.9152585 0.402867 0 -0.9320763 0.3622619 0 -0.9601341 0.2795398 0 -0.9714056 0.2374266 0 -0.988354 0.152172 0 -0.9940385 0.1090297 0 -0.9997588 0.02196128 0 -0.9997588 -0.02196128 0 -0.9940385 -0.1090297 0 -0.988354 -0.152172 0 -0.9714056 -0.2374266 0 -0.9601341 -0.2795398 0 -0.9320763 -0.3622619 0 -0.9152585 -0.402867 0 -0.8767222 -0.4809971 0 -0.8550503 -0.5185451 0 -0.8065996 -0.5910982 0 -0.7797713 -0.6260644 0 -0.722259 -0.6916227 0 -0.6916224 -0.7222592 0 -0.6260643 -0.7797715 0 -0.5910982 -0.8065996 0 -0.5185452 -0.8550503 0 -0.4809971 -0.8767222 0 -0.4028669 -0.9152586 0 -0.3622617 -0.9320764 0 -0.2795395 -0.9601343 0 -0.2374264 -0.9714056 0 -0.1521722 -0.988354 0 -0.1090301 -0.9940384 0 0.1090301 0.9940384 0 0.1521722 0.988354 0 0.2374264 0.9714056 0 0.2795395 0.9601343 0 0.3622617 0.9320764 0 0.4028669 0.9152586 0 0.4809971 0.8767222 0 0.5185452 0.8550503 0 0.5910982 0.8065996 0 0.6260643 0.7797715 0 0.6916224 0.7222592 0 0.722259 0.6916227 0 0.7797713 0.6260644 0 0.8065996 0.5910982 0 0.8550503 0.5185451 0 0.8767222 0.4809971 0 0.9152585 0.402867 0 0.9320763 0.3622619 0 0.9601341 0.2795398 0 0.9714056 0.2374266 0 0.988354 0.152172 0 0.9940385 0.1090297 0 0.9997588 0.02196128 0 0.9997588 -0.02196128 0 0.9940385 -0.1090297 0 0.988354 -0.152172 0 0.9714056 -0.2374266 0 0.9601341 -0.2795398 0 0.9320763 -0.3622619 0 0.9152585 -0.402867 0 0.8767222 -0.4809971 0 0.8550503 -0.5185451 0 0.8065996 -0.5910982 0 0.7797713 -0.6260644 0 0.722259 -0.6916227 0 0.6916224 -0.7222592 0 0.6260643 -0.7797715 0 0.5910982 -0.8065996 0 0.5185452 -0.8550503 0 0.4809971 -0.8767222 0 0.4028669 -0.9152586 0 0.3622617 -0.9320764 0 0.2795395 -0.9601343 0 0.2374264 -0.9714056 0 0.1521722 -0.988354 0 0.1090301 -0.9940384 0 
				</float_array>
				<technique_common>
					<accessor count="488" source="#Part-3023a_dot_dat-norm-array" stride="3">
						<param name="X" type="float" /><param name="Y" type="float" /><param name="Z" type="float" />
					</accessor>
				</technique_common>
			</source>
			<vertices id="Part-3023a_dot_dat-vert">
				<input semantic="POSITION" source="#Part-3023a_dot_dat-pos" />
			</vertices>
			<triangles count="464" material="Base">
				<input semantic="VERTEX" source="#Part-3023a_dot_dat-vert" offset="0" />
				<input semantic="NORMAL" source="#Part-3023a_dot_dat-norm" offset="0" />
				<p>
					2 1 0 0 3 2 1 5 4 4 0 1 5 7 6 6 4 5 7 2 3 3 6 7 10 9 8 8 11 10 14 13 12 12 15 14 18 17 16 16 19 18 22 21 20 20 23 22 26 25 24 24 27 26 28 29 30 30 31 28 32 33 34 34 35 32 36 37 38 38 39 36 40 41 42 42 43 40 44 45 46 46 47 44 48 49 50 50 51 48 52 48 51 51 53 52 54 52 53 53 55 54 56 54 55 55 57 56 58 56 57 57 59 58 60 58 59 59 61 60 62 60 61 61 63 62 64 62 63 63 65 64 66 64 65 65 67 66 68 66 67 67 69 68 70 68 69 69 71 70 72 70 71 71 73 72 74 72 73 73 75 74 76 74 75 75 77 76 78 76 77 77 79 78 80 78 79 79 81 80 82 80 81 81 83 82 84 82 83 83 85 84 86 84 85 85 87 86 88 86 87 87 89 88 90 88 89 89 91 90 92 90 91 91 93 92 94 92 93 93 95 94 96 94 95 95 97 96 98 96 97 97 99 98 100 98 99 99 101 100 102 100 101 101 103 102 104 102 103 103 105 104 106 104 105 105 107 106 108 106 107 107 109 108 110 108 109 109 111 110 112 110 111 111 113 112 114 112 113 113 115 114 116 114 115 115 117 116 118 116 117 117 119 118 120 118 119 119 121 120 122 120 121 121 123 122 124 122 123 123 125 124 126 124 125 125 127 126 128 126 127 127 129 128 130 128 129 129 131 130 132 130 131 131 133 132 134 132 133 133 135 134 136 134 135 135 137 136 138 136 137 137 139 138 140 138 139 139 141 140 142 140 141 141 143 142 49 142 143 143 50 49 146 145 144 146 144 147 146 147 148 146 148 149 146 149 150 146 150 151 146 151 152 146 152 153 146 153 154 146 154 155 146 155 156 146 156 157 146 157 158 146 158 159 146 159 160 146 160 161 146 161 162 146 162 163 146 163 164 146 164 165 146 165 166 146 166 167 146 167 168 146 168 169 146 169 170 146 170 171 146 171 172 146 172 173 146 173 174 146 174 175 146 175 176 146 176 177 146 177 178 146 178 179 146 179 180 146 180 181 146 181 182 146 182 183 146 183 184 146 184 185 146 185 186 146 186 187 146 187 188 146 188 189 146 189 190 146 190 191 146 191 192 146 192 145 193 194 195 195 196 193 197 193 196 196 198 197 199 197 198 198 200 199 201 199 200 200 202 201 203 201 202 202 204 203 205 203 204 204 206 205 207 205 206 206 208 207 209 207 208 208 210 209 211 209 210 210 212 211 213 211 212 212 214 213 215 213 214 214 216 215 217 215 216 216 218 217 219 217 218 218 220 219 221 219 220 220 222 221 223 221 222 222 224 223 225 223 224 224 226 225 227 225 226 226 228 227 229 227 228 228 230 229 231 229 230 230 232 231 233 231 232 232 234 233 235 233 234 234 236 235 237 235 236 236 238 237 239 237 238 238 240 239 241 239 240 240 242 241 243 241 242 242 244 243 245 243 244 244 246 245 247 245 246 246 248 247 249 247 248 248 250 249 251 249 250 250 252 251 253 251 252 252 254 253 255 253 254 254 256 255 257 255 256 256 258 257 259 257 258 258 260 259 261 259 260 260 262 261 263 261 262 262 264 263 265 263 264 264 266 265 267 265 266 266 268 267 269 267 268 268 270 269 271 269 270 270 272 271 273 271 272 272 274 273 275 273 274 274 276 275 277 275 276 276 278 277 279 277 278 278 280 279 281 279 280 280 282 281 283 281 282 282 284 283 285 283 284 284 286 285 287 285 286 286 288 287 194 287 288 288 195 194 291 290 289 291 289 292 291 292 293 291 293 294 291 294 295 291 295 296 291 296 297 291 297 298 291 298 299 291 299 300 291 300 301 291 301 302 291 302 303 291 303 304 291 304 305 291 305 306 291 306 307 291 307 308 291 308 309 291 309 310 291 310 311 291 311 312 291 312 313 291 313 314 291 314 315 291 315 316 291 316 317 291 317 318 291 318 319 291 319 320 291 320 321 291 321 322 291 322 323 291 323 324 291 324 325 291 325 326 291 326 327 291 327 328 291 328 329 291 329 330 291 330 331 291 331 332 291 332 333 291 333 334 291 334 335 291 335 336 291 336 337 291 337 290 340 339 338 338 341 340 342 340 341 341 343 342 344 342 343 343 345 344 346 344 345 345 347 346 348 346 347 347 349 348 350 348 349 349 351 350 352 350 351 351 353 352 354 352 353 353 355 354 356 354 355 355 357 356 358 356 357 357 359 358 360 358 359 359 361 360 362 360 361 365 364 363 363 366 365 367 365 366 366 368 367 369 367 368 368 370 369 371 369 370 370 372 371 373 371 372 372 374 373 375 373 374 374 376 375 377 375 376 376 378 377 379 377 378 378 380 379 381 379 380 380 382 381 383 381 382 382 384 383 385 383 384 384 386 385 387 385 386 364 338 339 339 363 364 388 389 390 390 391 388 392 393 394 394 395 392 391 390 396 396 397 391 397 396 398 398 399 397 399 398 400 400 401 399 401 400 402 402 403 401 403 402 404 404 405 403 405 404 406 406 407 405 407 406 408 408 409 407 409 408 410 410 411 409 411 410 412 412 413 411 413 412 414 414 415 413 415 414 416 416 417 415 417 416 418 418 419 417 419 418 420 420 421 419 421 420 422 422 423 421 423 422 424 424 425 423 425 424 426 426 427 425 427 426 428 428 429 427 429 428 430 430 431 429 431 430 432 432 433 431 433 432 434 434 435 433 435 434 436 436 437 435 437 436 438 438 439 437 439 438 440 440 441 439 441 440 393 393 392 441 442 389 388 388 443 442 444 442 443 443 445 444 446 444 445 445 447 446 448 446 447 447 449 448 450 448 449 449 451 450 452 450 451 451 453 452 454 452 453 453 455 454 456 454 455 455 457 456 458 456 457 457 459 458 460 458 459 459 461 460 462 460 461 461 463 462 464 462 463 463 465 464 466 464 465 465 467 466 468 466 467 467 469 468 470 468 469 469 471 470 472 470 471 471 473 472 474 472 473 473 475 474 476 474 475 475 477 476 478 476 477 477 479 478 480 478 479 479 481 480 482 480 481 481 483 482 484 482 483 483 485 484 486 484 485 485 487 486 394 486 487 487 395 394 
				</p>
			</triangles>
		</mesh>
	</geometry>
	<geometry id="Part-3065_dot_dat" name="Part-3065_dot_dat">
		<mesh>
			<source id="Part-3065_dot_dat-pos" name="Part-3065_dot_dat-pos">
				<float_array id="Part-3065_dot_dat-pos-array" count="1014">
					-4.0516 -0.783 -4 -4 0 -4 -4 0 0 -4.0516 -0.783 0 -4.2046 -1.5528 -4 -4.2046 -1.5528 0 -4.4566 -2.2962 -4 -4.4566 -2.2962 0 -4.804 -3 -4 -4.804 -3 0 -5.2396 -3.6528 -4 -5.2396 -3.6528 0 -5.7574 -4.2426 -4 -5.7574 -4.2426 0 -6.3472 -4.7604 -4 -6.3472 -4.7604 0 -7 -5.196 -4 -7 -5.196 0 -7.7038 -5.5434 -4 -7.7038 -5.5434 0 -8.4472 -5.7954 -4 -8.4472 -5.7954 0 -9.217 -5.9484 -4 -9.217 -5.9484 0 -10 -6 -4 -10 -6 0 -10.783 -5.9484 -4 -10.783 -5.9484 0 -11.5528 -5.7954 -4 -11.5528 -5.7954 0 -12.2962 -5.5434 -4 -12.2962 -5.5434 0 -13 -5.196 -4 -13 -5.196 0 -13.6528 -4.7604 -4 -13.6528 -4.7604 0 -14.2426 -4.2426 -4 -14.2426 -4.2426 0 -14.7604 -3.6528 -4 -14.7604 -3.6528 0 -15.196 -3 -4 -15.196 -3 0 -15.5434 -2.2962 -4 -15.5434 -2.2962 0 -15.7954 -1.5528 -4 -15.7954 -1.5528 0 -15.9484 -0.783 -4 -15.9484 -0.783 0 -16 0 -4 -16 0 0 -15.9484 0.783 -4 -15.9484 0.783 0 -15.7954 1.5528 -4 -15.7954 1.5528 0 -15.5434 2.2962 -4 -15.5434 2.2962 0 -15.196 3 -4 -15.196 3 0 -14.7604 3.6528 -4 -14.7604 3.6528 0 -14.2426 4.2426 -4 -14.2426 4.2426 0 -13.6528 4.7604 -4 -13.6528 4.7604 0 -13 5.196 -4 -13 5.196 0 -12.2962 5.5434 -4 -12.2962 5.5434 0 -11.5528 5.7954 -4 -11.5528 5.7954 0 -10.783 5.9484 -4 -10.783 5.9484 0 -10 6 -4 -10 6 0 -9.217 5.9484 -4 -9.217 5.9484 0 -8.4472 5.7954 -4 -8.4472 5.7954 0 -7.7038 5.5434 -4 -7.7038 5.5434 0 -7 5.196 -4 -7 5.196 0 -6.3472 4.7604 -4 -6.3472 4.7604 0 -5.7574 4.2426 -4 -5.7574 4.2426 0 -5.2396 3.6528 -4 -5.2396 3.6528 0 -4.804 3 -4 -4.804 3 0 -4.4566 2.2962 -4 -4.4566 2.2962 0 -4.2046 1.5528 -4 -4.2046 1.5528 0 -4.0516 0.783 -4 -4.0516 0.783 0 -4.0516 -0.783 -4 -4 0 -4 -10 0 -4 -4.2046 -1.5528 -4 -4.4566 -2.2962 -4 -4.804 -3 -4 -5.2396 -3.6528 -4 -5.7574 -4.2426 -4 -6.3472 -4.7604 -4 -7 -5.196 -4 -7.7038 -5.5434 -4 -8.4472 -5.7954 -4 -9.217 -5.9484 -4 -10 -6 -4 -10.783 -5.9484 -4 -11.5528 -5.7954 -4 -12.2962 -5.5434 -4 -13 -5.196 -4 -13.6528 -4.7604 -4 -14.2426 -4.2426 -4 -14.7604 -3.6528 -4 -15.196 -3 -4 -15.5434 -2.2962 -4 -15.7954 -1.5528 -4 -15.9484 -0.783 -4 -16 0 -4 -15.9484 0.783 -4 -15.7954 1.5528 -4 -15.5434 2.2962 -4 -15.196 3 -4 -14.7604 3.6528 -4 -14.2426 4.2426 -4 -13.6528 4.7604 -4 -13 5.196 -4 -12.2962 5.5434 -4 -11.5528 5.7954 -4 -10.783 5.9484 -4 -10 6 -4 -9.217 5.9484 -4 -8.4472 5.7954 -4 -7.7038 5.5434 -4 -7 5.196 -4 -6.3472 4.7604 -4 -5.7574 4.2426 -4 -5.2396 3.6528 -4 -4.804 3 -4 -4.4566 2.2962 -4 -4.2046 1.5528 -4 -4.0516 0.783 -4 15.9484 -0.783 -4 16 0 -4 16 0 0 15.9484 -0.783 0 15.7954 -1.5528 -4 15.7954 -1.5528 0 15.5434 -2.2962 -4 15.5434 -2.2962 0 15.196 -3 -4 15.196 -3 0 14.7604 -3.6528 -4 14.7604 -3.6528 0 14.2426 -4.2426 -4 14.2426 -4.2426 0 13.6528 -4.7604 -4 13.6528 -4.7604 0 13 -5.196 -4 13 -5.196 0 12.2962 -5.5434 -4 12.2962 -5.5434 0 11.5528 -5.7954 -4 11.5528 -5.7954 0 10.783 -5.9484 -4 10.783 -5.9484 0 10 -6 -4 10 -6 0 9.217 -5.9484 -4 9.217 -5.9484 0 8.4472 -5.7954 -4 8.4472 -5.7954 0 7.7038 -5.5434 -4 7.7038 -5.5434 0 7 -5.196 -4 7 -5.196 0 6.3472 -4.7604 -4 6.3472 -4.7604 0 5.7574 -4.2426 -4 5.7574 -4.2426 0 5.2396 -3.6528 -4 5.2396 -3.6528 0 4.804 -3 -4 4.804 -3 0 4.4566 -2.2962 -4 4.4566 -2.2962 0 4.2046 -1.5528 -4 4.2046 -1.5528 0 4.0516 -0.783 -4 4.0516 -0.783 0 4 0 -4 4 0 0 4.0516 0.783 -4 4.0516 0.783 0 4.2046 1.5528 -4 4.2046 1.5528 0 4.4566 2.2962 -4 4.4566 2.2962 0 4.804 3 -4 4.804 3 0 5.2396 3.6528 -4 5.2396 3.6528 0 5.7574 4.2426 -4 5.7574 4.2426 0 6.3472 4.7604 -4 6.3472 4.7604 0 7 5.196 -4 7 5.196 0 7.7038 5.5434 -4 7.7038 5.5434 0 8.4472 5.7954 -4 8.4472 5.7954 0 9.217 5.9484 -4 9.217 5.9484 0 10 6 -4 10 6 0 10.783 5.9484 -4 10.783 5.9484 0 11.5528 5.7954 -4 11.5528 5.7954 0 12.2962 5.5434 -4 12.2962 5.5434 0 13 5.196 -4 13 5.196 0 13.6528 4.7604 -4 13.6528 4.7604 0 14.2426 4.2426 -4 14.2426 4.2426 0 14.7604 3.6528 -4 14.7604 3.6528 0 15.196 3 -4 15.196 3 0 15.5434 2.2962 -4 15.5434 2.2962 0 15.7954 1.5528 -4 15.7954 1.5528 0 15.9484 0.783 -4 15.9484 0.783 0 15.9484 -0.783 -4 16 0 -4 10 0 -4 15.7954 -1.5528 -4 15.5434 -2.2962 -4 15.196 -3 -4 14.7604 -3.6528 -4 14.2426 -4.2426 -4 13.6528 -4.7604 -4 13 -5.196 -4 12.2962 -5.5434 -4 11.5528 -5.7954 -4 10.783 -5.9484 -4 10 -6 -4 9.217 -5.9484 -4 8.4472 -5.7954 -4 7.7038 -5.5434 -4 7 -5.196 -4 6.3472 -4.7604 -4 5.7574 -4.2426 -4 5.2396 -3.6528 -4 4.804 -3 -4 4.4566 -2.2962 -4 4.2046 -1.5528 -4 4.0516 -0.783 -4 4 0 -4 4.0516 0.783 -4 4.2046 1.5528 -4 4.4566 2.2962 -4 4.804 3 -4 5.2396 3.6528 -4 5.7574 4.2426 -4 6.3472 4.7604 -4 7 5.196 -4 7.7038 5.5434 -4 8.4472 5.7954 -4 9.217 5.9484 -4 10 6 -4 10.783 5.9484 -4 11.5528 5.7954 -4 12.2962 5.5434 -4 13 5.196 -4 13.6528 4.7604 -4 14.2426 4.2426 -4 14.7604 3.6528 -4 15.196 3 -4 15.5434 2.2962 -4 15.7954 1.5528 -4 15.9484 0.783 -4 -20 10 0 20 10 0 20 -10 0 -20 -10 0 20 -10 0 20 -10 24 -20 -10 24 -20 -10 0 -20 -10 0 -20 -10 24 -20 10 24 -20 10 0 -20 10 0 -20 10 24 20 10 24 20 10 0 20 10 0 20 10 24 20 -10 24 20 -10 0 -16 6 4 16 6 4 16 -6 4 -16 -6 4 16 -6 4 16 -6 24 -16 -6 24 -16 -6 4 -16 -6 4 -16 -6 24 -16 6 24 -16 6 4 -16 6 4 -16 6 24 16 6 24 16 6 4 16 6 4 16 6 24 16 -6 24 16 -6 4 -20 -10 24 -16 -6 24 16 -6 24 20 -10 24 -20 10 24 -16 6 24 20 10 24 16 6 24 
				</float_array>
				<technique_common>
					<accessor count="338" source="#Part-3065_dot_dat-pos-array" stride="3">
						<param name="X" type="float" /><param name="Y" type="float" /><param name="Z" type="float" />
					</accessor>
				</technique_common>
			</source>
			<source id="Part-3065_dot_dat-norm" name="Part-3065_dot_dat-norm">
				<float_array id="Part-3065_dot_dat-norm-array" count="1014">
					0.9940385 -0.1090301 0 0.9997588 0.02196149 0 0.9997588 -0.02196149 0 0.988354 -0.1521722 0 0.9714056 -0.2374264 0 0.9601342 -0.2795394 0 0.9320765 -0.3622616 0 0.9152586 -0.4028669 0 0.8767222 -0.4809971 0 0.8550503 -0.5185451 0 0.8065997 -0.5910981 0 0.7797716 -0.6260642 0 0.7222592 -0.6916225 0 0.6916225 -0.7222592 0 0.6260642 -0.7797716 0 0.5910981 -0.8065997 0 0.518545 -0.8550503 0 0.4809971 -0.8767223 0 0.4028669 -0.9152586 0 0.3622617 -0.9320764 0 0.2795395 -0.9601343 0 0.2374264 -0.9714056 0 0.1521722 -0.988354 0 0.1090301 -0.9940384 0 0.02196149 -0.9997588 0 -0.02196149 -0.9997588 0 -0.1090301 -0.9940384 0 -0.1521722 -0.988354 0 -0.2374264 -0.9714056 0 -0.2795395 -0.9601343 0 -0.3622617 -0.9320764 0 -0.4028669 -0.9152586 0 -0.4809971 -0.8767222 0 -0.5185452 -0.8550503 0 -0.5910982 -0.8065996 0 -0.6260643 -0.7797715 0 -0.6916224 -0.7222592 0 -0.722259 -0.6916227 0 -0.7797713 -0.6260644 0 -0.8065996 -0.5910982 0 -0.8550503 -0.5185451 0 -0.8767222 -0.4809971 0 -0.9152585 -0.402867 0 -0.9320763 -0.3622619 0 -0.9601341 -0.2795398 0 -0.9714056 -0.2374266 0 -0.988354 -0.152172 0 -0.9940385 -0.1090297 0 -0.9997588 -0.02196128 0 -0.9997588 0.02196128 0 -0.9940385 0.1090297 0 -0.988354 0.152172 0 -0.9714056 0.2374266 0 -0.9601341 0.2795398 0 -0.9320763 0.3622619 0 -0.9152585 0.402867 0 -0.8767222 0.4809971 0 -0.8550503 0.5185451 0 -0.8065996 0.5910982 0 -0.7797713 0.6260644 0 -0.722259 0.6916227 0 -0.6916224 0.7222592 0 -0.6260643 0.7797715 0 -0.5910982 0.8065996 0 -0.5185452 0.8550503 0 -0.4809971 0.8767222 0 -0.4028669 0.9152586 0 -0.3622617 0.9320764 0 -0.2795395 0.9601343 0 -0.2374264 0.9714056 0 -0.1521722 0.988354 0 -0.1090301 0.9940384 0 -0.02196149 0.9997588 0 0.02196149 0.9997588 0 0.1090301 0.9940384 0 0.1521722 0.988354 0 0.2374264 0.9714056 0 0.2795395 0.9601343 0 0.3622617 0.9320764 0 0.4028669 0.9152586 0 0.4809971 0.8767223 0 0.518545 0.8550503 0 0.5910981 0.8065997 0 0.6260642 0.7797716 0 0.6916225 0.7222592 0 0.7222592 0.6916225 0 0.7797716 0.6260642 0 0.8065997 0.5910981 0 0.8550503 0.5185451 0 0.8767222 0.4809971 0 0.9152586 0.4028669 0 0.9320765 0.3622616 0 0.9601342 0.2795394 0 0.9714056 0.2374264 0 0.988354 0.1521722 0 0.9940385 0.1090301 0 0 0 -1 0 0 -1 0 0 -1 0 0 -1 0 0 -1 0 0 -1 0 0 -1 0 0 -1 0 0 -1 0 0 -1 0 0 -1 0 0 -1 0 0 -1 0 0 -1 0 0 -1 0 0 -1 0 0 -1 0 0 -1 0 0 -1 0 0 -1 0 0 -1 0 0 -1 0 0 -1 0 0 -1 0 0 -1 0 0 -1 0 0 -1 0 0 -1 0 0 -1 0 0 -1 0 0 -1 0 0 -1 0 0 -1 0 0 -0.9999999 0 0 -1 0 0 -1 0 0 -1 0 0 -1 0 0 -1 0 0 -1 0 0 -1 0 0 -1 0 0 -1 0 0 -1 0 0 -1 0 0 -1 0 0 -1 0 0 -1 0 0 -1 0.9940385 -0.1090297 0 0.9997588 0.02196128 0 0.9997588 -0.02196128 0 0.988354 -0.152172 0 0.9714056 -0.2374266 0 0.9601341 -0.2795398 0 0.9320763 -0.3622619 0 0.9152585 -0.402867 0 0.8767222 -0.4809971 0 0.8550503 -0.5185451 0 0.8065996 -0.5910982 0 0.7797713 -0.6260644 0 0.722259 -0.6916227 0 0.6916224 -0.7222592 0 0.6260643 -0.7797715 0 0.5910982 -0.8065996 0 0.5185452 -0.8550503 0 0.4809971 -0.8767222 0 0.4028669 -0.9152586 0 0.3622617 -0.9320764 0 0.2795395 -0.9601343 0 0.2374264 -0.9714056 0 0.1521722 -0.988354 0 0.1090301 -0.9940384 0 0.02196149 -0.9997588 0 -0.02196149 -0.9997588 0 -0.1090301 -0.9940384 0 -0.1521722 -0.988354 0 -0.2374264 -0.9714056 0 -0.2795395 -0.9601343 0 -0.3622617 -0.9320764 0 -0.4028669 -0.9152586 0 -0.4809971 -0.8767223 0 -0.518545 -0.8550503 0 -0.5910981 -0.8065997 0 -0.6260642 -0.7797716 0 -0.6916225 -0.7222592 0 -0.7222592 -0.6916225 0 -0.7797716 -0.6260642 0 -0.8065997 -0.5910981 0 -0.8550503 -0.5185451 0 -0.8767222 -0.4809971 0 -0.9152586 -0.4028669 0 -0.9320765 -0.3622616 0 -0.9601342 -0.2795394 0 -0.9714056 -0.2374264 0 -0.988354 -0.1521722 0 -0.9940385 -0.1090301 0 -0.9997588 -0.02196149 0 -0.9997588 0.02196149 0 -0.9940385 0.1090301 0 -0.988354 0.1521722 0 -0.9714056 0.2374264 0 -0.9601342 0.2795394 0 -0.9320765 0.3622616 0 -0.9152586 0.4028669 0 -0.8767222 0.4809971 0 -0.8550503 0.5185451 0 -0.8065997 0.5910981 0 -0.7797716 0.6260642 0 -0.7222592 0.6916225 0 -0.6916225 0.7222592 0 -0.6260642 0.7797716 0 -0.5910981 0.8065997 0 -0.518545 0.8550503 0 -0.4809971 0.8767223 0 -0.4028669 0.9152586 0 -0.3622617 0.9320764 0 -0.2795395 0.9601343 0 -0.2374264 0.9714056 0 -0.1521722 0.988354 0 -0.1090301 0.9940384 0 -0.02196149 0.9997588 0 0.02196149 0.9997588 0 0.1090301 0.9940384 0 0.1521722 0.988354 0 0.2374264 0.9714056 0 0.2795395 0.9601343 0 0.3622617 0.9320764 0 0.4028669 0.9152586 0 0.4809971 0.8767222 0 0.5185452 0.8550503 0 0.5910982 0.8065996 0 0.6260643 0.7797715 0 0.6916224 0.7222592 0 0.722259 0.6916227 0 0.7797713 0.6260644 0 0.8065996 0.5910982 0 0.8550503 0.5185451 0 0.8767222 0.4809971 0 0.9152585 0.402867 0 0.9320763 0.3622619 0 0.9601341 0.2795398 0 0.9714056 0.2374266 0 0.988354 0.152172 0 0.9940385 0.1090297 0 0 0 -1 0 0 -1 0 0 -1 0 0 -1 0 0 -1 0 0 -1 0 0 -1 0 0 -1 0 0 -1 0 0 -0.9999999 0 0 -1 0 0 -1 0 0 -1 0 0 -1 0 0 -1 0 0 -1 0 0 -1 0 0 -1 0 0 -1 0 0 -1 0 0 -1 0 0 -1 0 0 -1 0 0 -1 0 0 -1 0 0 -1 0 0 -1 0 0 -1 0 0 -1 0 0 -1 0 0 -1 0 0 -1 0 0 -1 0 0 -1 0 0 -1 0 0 -1 0 0 -1 0 0 -1 0 0 -1 0 0 -1 0 0 -1 0 0 -1 0 0 -1 0 0 -1 0 0 -1 0 0 -1 0 0 -1 0 0 -1 0 0 -1 0 0 -1 0 0 -1 0 0 -1 0 0 -1 0 -1 0 0 -1 0 0 -1 0 0 -1 0 -1 0 0 -1 0 0 -1 0 0 -1 0 0 0 1 0 0 1 0 0 1 0 0 1 0 1 0 0 1 0 0 1 0 0 1 0 0 0 0 1 0 0 1 0 0 1 0 0 1 0 1 0 0 1 0 0 1 0 0 1 0 1 0 0 1 0 0 1 0 0 1 0 0 0 -1 0 0 -1 0 0 -1 0 0 -1 0 -1 0 0 -1 0 0 -1 0 0 -1 0 0 0 0 1 0 0 1 0 0 1 0 0 1 0 0 1 0 0 1 0 0 1 0 0 1 
				</float_array>
				<technique_common>
					<accessor count="338" source="#Part-3065_dot_dat-norm-array" stride="3">
						<param name="X" type="float" /><param name="Y" type="float" /><param name="Z" type="float" />
					</accessor>
				</technique_common>
			</source>
			<vertices id="Part-3065_dot_dat-vert">
				<input semantic="POSITION" source="#Part-3065_dot_dat-pos" />
			</vertices>
			<triangles count="316" material="Base">
				<input semantic="VERTEX" source="#Part-3065_dot_dat-vert" offset="0" />
				<input semantic="NORMAL" source="#Part-3065_dot_dat-norm" offset="0" />
				<p>
					0 1 2 2 3 0 4 0 3 3 5 4 6 4 5 5 7 6 8 6 7 7 9 8 10 8 9 9 11 10 12 10 11 11 13 12 14 12 13 13 15 14 16 14 15 15 17 16 18 16 17 17 19 18 20 18 19 19 21 20 22 20 21 21 23 22 24 22 23 23 25 24 26 24 25 25 27 26 28 26 27 27 29 28 30 28 29 29 31 30 32 30 31 31 33 32 34 32 33 33 35 34 36 34 35 35 37 36 38 36 37 37 39 38 40 38 39 39 41 40 42 40 41 41 43 42 44 42 43 43 45 44 46 44 45 45 47 46 48 46 47 47 49 48 50 48 49 49 51 50 52 50 51 51 53 52 54 52 53 53 55 54 56 54 55 55 57 56 58 56 57 57 59 58 60 58 59 59 61 60 62 60 61 61 63 62 64 62 63 63 65 64 66 64 65 65 67 66 68 66 67 67 69 68 70 68 69 69 71 70 72 70 71 71 73 72 74 72 73 73 75 74 76 74 75 75 77 76 78 76 77 77 79 78 80 78 79 79 81 80 82 80 81 81 83 82 84 82 83 83 85 84 86 84 85 85 87 86 88 86 87 87 89 88 90 88 89 89 91 90 92 90 91 91 93 92 94 92 93 93 95 94 1 94 95 95 2 1 98 97 96 98 96 99 98 99 100 98 100 101 98 101 102 98 102 103 98 103 104 98 104 105 98 105 106 98 106 107 98 107 108 98 108 109 98 109 110 98 110 111 98 111 112 98 112 113 98 113 114 98 114 115 98 115 116 98 116 117 98 117 118 98 118 119 98 119 120 98 120 121 98 121 122 98 122 123 98 123 124 98 124 125 98 125 126 98 126 127 98 127 128 98 128 129 98 129 130 98 130 131 98 131 132 98 132 133 98 133 134 98 134 135 98 135 136 98 136 137 98 137 138 98 138 139 98 139 140 98 140 141 98 141 142 98 142 143 98 143 144 98 144 97 145 146 147 147 148 145 149 145 148 148 150 149 151 149 150 150 152 151 153 151 152 152 154 153 155 153 154 154 156 155 157 155 156 156 158 157 159 157 158 158 160 159 161 159 160 160 162 161 163 161 162 162 164 163 165 163 164 164 166 165 167 165 166 166 168 167 169 167 168 168 170 169 171 169 170 170 172 171 173 171 172 172 174 173 175 173 174 174 176 175 177 175 176 176 178 177 179 177 178 178 180 179 181 179 180 180 182 181 183 181 182 182 184 183 185 183 184 184 186 185 187 185 186 186 188 187 189 187 188 188 190 189 191 189 190 190 192 191 193 191 192 192 194 193 195 193 194 194 196 195 197 195 196 196 198 197 199 197 198 198 200 199 201 199 200 200 202 201 203 201 202 202 204 203 205 203 204 204 206 205 207 205 206 206 208 207 209 207 208 208 210 209 211 209 210 210 212 211 213 211 212 212 214 213 215 213 214 214 216 215 217 215 216 216 218 217 219 217 218 218 220 219 221 219 220 220 222 221 223 221 222 222 224 223 225 223 224 224 226 225 227 225 226 226 228 227 229 227 228 228 230 229 231 229 230 230 232 231 233 231 232 232 234 233 235 233 234 234 236 235 237 235 236 236 238 237 239 237 238 238 240 239 146 239 240 240 147 146 243 242 241 243 241 244 243 244 245 243 245 246 243 246 247 243 247 248 243 248 249 243 249 250 243 250 251 243 251 252 243 252 253 243 253 254 243 254 255 243 255 256 243 256 257 243 257 258 243 258 259 243 259 260 243 260 261 243 261 262 243 262 263 243 263 264 243 264 265 243 265 266 243 266 267 243 267 268 243 268 269 243 269 270 243 270 271 243 271 272 243 272 273 243 273 274 243 274 275 243 275 276 243 276 277 243 277 278 243 278 279 243 279 280 243 280 281 243 281 282 243 282 283 243 283 284 243 284 285 243 285 286 243 286 287 243 287 288 243 288 289 243 289 242 290 291 292 292 293 290 294 295 296 296 297 294 298 299 300 300 301 298 302 303 304 304 305 302 306 307 308 308 309 306 312 311 310 310 313 312 316 315 314 314 317 316 320 319 318 318 321 320 324 323 322 322 325 324 328 327 326 326 329 328 332 331 330 330 333 332 331 335 334 334 330 331 335 337 336 336 334 335 337 332 333 333 336 337 
				</p>
			</triangles>
		</mesh>
	</geometry>
</library_geometries>
<library_nodes>
	<node id="Node-park__bench_dot_io" name="park__bench_dot_io">
		<node id="Inner-Node-park__bench_dot_io-0" name="3039_dot_dat">
			<node name="Inner-Node-park__bench_dot_io-0">
				<matrix>0.993749976 0 0 -60 0 0.991070986 0 10.0625 0 0 0.993749976 -23.9107132 0 0 0 1</matrix>
				<instance_geometry url="#Part-3039_dot_dat">
					<bind_material>
						<technique_common>
							<instance_material symbol="Base" target="#material_id_9"/>
							<instance_material symbol="Slope" target="#material_id_9-Slope"/>
						</technique_common>
					</bind_material>
				</instance_geometry>
			</node>
			<node name="Inner-Node-park__bench_dot_io-0">
				<matrix>0.993749976 0 0 -69.9375 0 0.991070986 0 10.0625 0 0 0.993749976 -24.1138821 0 0 0 1</matrix>
				<instance_geometry url="#logo-lego">
					<bind_material>
						<technique_common>
							<instance_material symbol="Base" target="#material_id_9-logo"/>
						</technique_common>
					</bind_material>
				</instance_geometry>
			</node>
			<node name="Inner-Node-park__bench_dot_io-0">
				<matrix>0.993749976 0 0 -50.0625 0 0.991070986 0 10.0625 0 0 0.993749976 -24.1138821 0 0 0 1</matrix>
				<instance_geometry url="#logo-lego">
					<bind_material>
						<technique_common>
							<instance_material symbol="Base" target="#material_id_9-logo"/>
						</technique_common>
					</bind_material>
				</instance_geometry>
			</node>
		</node>
		<node id="Inner-Node-park__bench_dot_io-1" name="3039_dot_dat">
			<node name="Inner-Node-park__bench_dot_io-1">
				<matrix>0.993749976 0 0 60 0 0.991070986 0 10.0625 0 0 0.993749976 -23.9107132 0 0 0 1</matrix>
				<instance_geometry url="#Part-3039_dot_dat">
					<bind_material>
						<technique_common>
							<instance_material symbol="Base" target="#material_id_9"/>
							<instance_material symbol="Slope" target="#material_id_9-Slope"/>
						</technique_common>
					</bind_material>
				</instance_geometry>
			</node>
			<node name="Inner-Node-park__bench_dot_io-1">
				<matrix>0.993749976 0 0 50.0625 0 0.991070986 0 10.0625 0 0 0.993749976 -24.1138821 0 0 0 1</matrix>
				<instance_geometry url="#logo-lego">
					<bind_material>
						<technique_common>
							<instance_material symbol="Base" target="#material_id_9-logo"/>
						</technique_common>
					</bind_material>
				</instance_geometry>
			</node>
			<node name="Inner-Node-park__bench_dot_io-1">
				<matrix>0.993749976 0 0 69.9375 0 0.991070986 0 10.0625 0 0 0.993749976 -24.1138821 0 0 0 1</matrix>
				<instance_geometry url="#logo-lego">
					<bind_material>
						<technique_common>
							<instance_material symbol="Base" target="#material_id_9-logo"/>
						</technique_common>
					</bind_material>
				</instance_geometry>
			</node>
		</node>
		<node id="Inner-Node-park__bench_dot_io-2" name="3039_dot_dat">
			<node name="Inner-Node-park__bench_dot_io-2">
				<matrix>-0.993749976 0 0 60 0 -0.991070986 0 -10.0625 0 0 0.993749976 -23.9107132 0 0 0 1</matrix>
				<instance_geometry url="#Part-3039_dot_dat">
					<bind_material>
						<technique_common>
							<instance_material symbol="Base" target="#material_id_9"/>
							<instance_material symbol="Slope" target="#material_id_9-Slope"/>
						</technique_common>
					</bind_material>
				</instance_geometry>
			</node>
			<node name="Inner-Node-park__bench_dot_io-2">
				<matrix>-0.993749976 0 0 69.9375 0 -0.991070986 0 -10.0625 0 0 0.993749976 -24.1138821 0 0 0 1</matrix>
				<instance_geometry url="#logo-lego">
					<bind_material>
						<technique_common>
							<instance_material symbol="Base" target="#material_id_9-logo"/>
						</technique_common>
					</bind_material>
				</instance_geometry>
			</node>
			<node name="Inner-Node-park__bench_dot_io-2">
				<matrix>-0.993749976 0 0 50.0625 0 -0.991070986 0 -10.0625 0 0 0.993749976 -24.1138821 0 0 0 1</matrix>
				<instance_geometry url="#logo-lego">
					<bind_material>
						<technique_common>
							<instance_material symbol="Base" target="#material_id_9-logo"/>
						</technique_common>
					</bind_material>
				</instance_geometry>
			</node>
		</node>
		<node id="Inner-Node-park__bench_dot_io-3" name="3039_dot_dat">
			<node name="Inner-Node-park__bench_dot_io-3">
				<matrix>-0.993749976 0 0 -60 0 -0.991070986 0 -10.0625 0 0 0.993749976 -23.9107132 0 0 0 1</matrix>
				<instance_geometry url="#Part-3039_dot_dat">
					<bind_material>
						<technique_common>
							<instance_material symbol="Base" target="#material_id_9"/>
							<instance_material symbol="Slope" target="#material_id_9-Slope"/>
						</technique_common>
					</bind_material>
				</instance_geometry>
			</node>
			<node name="Inner-Node-park__bench_dot_io-3">
				<matrix>-0.993749976 0 0 -50.0625 0 -0.991070986 0 -10.0625 0 0 0.993749976 -24.1138821 0 0 0 1</matrix>
				<instance_geometry url="#logo-lego">
					<bind_material>
						<technique_common>
							<instance_material symbol="Base" target="#material_id_9-logo"/>
						</technique_common>
					</bind_material>
				</instance_geometry>
			</node>
			<node name="Inner-Node-park__bench_dot_io-3">
				<matrix>-0.993749976 0 0 -69.9375 0 -0.991070986 0 -10.0625 0 0 0.993749976 -24.1138821 0 0 0 1</matrix>
				<instance_geometry url="#logo-lego">
					<bind_material>
						<technique_common>
							<instance_material symbol="Base" target="#material_id_9-logo"/>
						</technique_common>
					</bind_material>
				</instance_geometry>
			</node>
		</node>
		<node id="Inner-Node-park__bench_dot_io-4" name="3003_dot_dat">
			<node name="Inner-Node-park__bench_dot_io-4">
				<matrix>0.993749976 0 0 -60 0 0.991070986 0 0 0 0 0.993749976 -47.9107132 0 0 0 1</matrix>
				<instance_geometry url="#Part-3003_dot_dat">
					<bind_material>
						<technique_common>
							<instance_material symbol="Base" target="#material_id_9"/>
						</technique_common>
					</bind_material>
				</instance_geometry>
			</node>
			<node name="Inner-Node-park__bench_dot_io-4">
				<matrix>0.993749976 0 0 -50.0625 0 0.991070986 0 -9.9375 0 0 0.993749976 -48.113884 0 0 0 1</matrix>
				<instance_geometry url="#logo-lego">
					<bind_material>
						<technique_common>
							<instance_material symbol="Base" target="#material_id_9-logo"/>
						</technique_common>
					</bind_material>
				</instance_geometry>
			</node>
			<node name="Inner-Node-park__bench_dot_io-4">
				<matrix>0.993749976 0 0 -69.9375 0 0.991070986 0 -9.9375 0 0 0.993749976 -48.113884 0 0 0 1</matrix>
				<instance_geometry url="#logo-lego">
					<bind_material>
						<technique_common>
							<instance_material symbol="Base" target="#material_id_9-logo"/>
						</technique_common>
					</bind_material>
				</instance_geometry>
			</node>
			<node name="Inner-Node-park__bench_dot_io-4">
				<matrix>0.993749976 0 0 -50.0625 0 0.991070986 0 9.9375 0 0 0.993749976 -48.113884 0 0 0 1</matrix>
				<instance_geometry url="#logo-lego">
					<bind_material>
						<technique_common>
							<instance_material symbol="Base" target="#material_id_9-logo"/>
						</technique_common>
					</bind_material>
				</instance_geometry>
			</node>
			<node name="Inner-Node-park__bench_dot_io-4">
				<matrix>0.993749976 0 0 -69.9375 0 0.991070986 0 9.9375 0 0 0.993749976 -48.113884 0 0 0 1</matrix>
				<instance_geometry url="#logo-lego">
					<bind_material>
						<technique_common>
							<instance_material symbol="Base" target="#material_id_9-logo"/>
						</technique_common>
					</bind_material>
				</instance_geometry>
			</node>
		</node>
		<node id="Inner-Node-park__bench_dot_io-5" name="3003_dot_dat">
			<node name="Inner-Node-park__bench_dot_io-5">
				<matrix>0.993749976 0 0 60 0 0.991070986 0 0 0 0 0.993749976 -47.9107132 0 0 0 1</matrix>
				<instance_geometry url="#Part-3003_dot_dat">
					<bind_material>
						<technique_common>
							<instance_material symbol="Base" target="#material_id_9"/>
						</technique_common>
					</bind_material>
				</instance_geometry>
			</node>
			<node name="Inner-Node-park__bench_dot_io-5">
				<matrix>0.993749976 0 0 69.9375 0 0.991070986 0 -9.9375 0 0 0.993749976 -48.113884 0 0 0 1</matrix>
				<instance_geometry url="#logo-lego">
					<bind_material>
						<technique_common>
							<instance_material symbol="Base" target="#material_id_9-logo"/>
						</technique_common>
					</bind_material>
				</instance_geometry>
			</node>
			<node name="Inner-Node-park__bench_dot_io-5">
				<matrix>0.993749976 0 0 50.0625 0 0.991070986 0 -9.9375 0 0 0.993749976 -48.113884 0 0 0 1</matrix>
				<instance_geometry url="#logo-lego">
					<bind_material>
						<technique_common>
							<instance_material symbol="Base" target="#material_id_9-logo"/>
						</technique_common>
					</bind_material>
				</instance_geometry>
			</node>
			<node name="Inner-Node-park__bench_dot_io-5">
				<matrix>0.993749976 0 0 69.9375 0 0.991070986 0 9.9375 0 0 0.993749976 -48.113884 0 0 0 1</matrix>
				<instance_geometry url="#logo-lego">
					<bind_material>
						<technique_common>
							<instance_material symbol="Base" target="#material_id_9-logo"/>
						</technique_common>
					</bind_material>
				</instance_geometry>
			</node>
			<node name="Inner-Node-park__bench_dot_io-5">
				<matrix>0.993749976 0 0 50.0625 0 0.991070986 0 9.9375 0 0 0.993749976 -48.113884 0 0 0 1</matrix>
				<instance_geometry url="#logo-lego">
					<bind_material>
						<technique_common>
							<instance_material symbol="Base" target="#material_id_9-logo"/>
						</technique_common>
					</bind_material>
				</instance_geometry>
			</node>
		</node>
		<node id="Inner-Node-park__bench_dot_io-6" name="76959_dot_dat">
			<node name="Inner-Node-park__bench_dot_io-6">
				<matrix>0.993749976 0 0 60 0 0.991070986 0 10.0625 0 0 0.993749976 -71.9107132 0 0 0 1</matrix>
				<instance_geometry url="#Part-76959_dot_dat">
					<bind_material>
						<technique_common>
							<instance_material symbol="Base" target="#material_id_9"/>
						</technique_common>
					</bind_material>
				</instance_geometry>
			</node>
			<node name="Inner-Node-park__bench_dot_io-6">
				<matrix>-1.18464243E-07 -0.991070986 0 69.9375 0.993750095 -1.18144868E-07 0 10.0625 0 0 0.993750095 -72.113884 0 0 0 1</matrix>
				<instance_geometry url="#logo-lego">
					<bind_material>
						<technique_common>
							<instance_material symbol="Base" target="#material_id_9-logo"/>
						</technique_common>
					</bind_material>
				</instance_geometry>
			</node>
			<node name="Inner-Node-park__bench_dot_io-6">
				<matrix>-1.18464243E-07 -0.991070986 0 50.0625 0.993750095 -1.18144868E-07 0 10.0625 0 0 0.993750095 -72.113884 0 0 0 1</matrix>
				<instance_geometry url="#logo-lego">
					<bind_material>
						<technique_common>
							<instance_material symbol="Base" target="#material_id_9-logo"/>
						</technique_common>
					</bind_material>
				</instance_geometry>
			</node>
		</node>
		<node id="Inner-Node-park__bench_dot_io-7" name="76959_dot_dat">
			<node name="Inner-Node-park__bench_dot_io-7">
				<matrix>-0.993749976 0 0 60 0 -0.991070986 0 -10.0625 0 0 0.993749976 -71.9107132 0 0 0 1</matrix>
				<instance_geometry url="#Part-76959_dot_dat">
					<bind_material>
						<technique_common>
							<instance_material symbol="Base" target="#material_id_9"/>
						</technique_common>
					</bind_material>
				</instance_geometry>
			</node>
			<node name="Inner-Node-park__bench_dot_io-7">
				<matrix>1.77696364E-07 0.991070986 0 50.0625 -0.993750095 1.77217302E-07 0 -10.0625 0 0 0.993750095 -72.113884 0 0 0 1</matrix>
				<instance_geometry url="#logo-lego">
					<bind_material>
						<technique_common>
							<instance_material symbol="Base" target="#material_id_9-logo"/>
						</technique_common>
					</bind_material>
				</instance_geometry>
			</node>
			<node name="Inner-Node-park__bench_dot_io-7">
				<matrix>1.77696364E-07 0.991070986 0 69.9375 -0.993750095 1.77217302E-07 0 -10.0625 0 0 0.993750095 -72.113884 0 0 0 1</matrix>
				<instance_geometry url="#logo-lego">
					<bind_material>
						<technique_common>
							<instance_material symbol="Base" target="#material_id_9-logo"/>
						</technique_common>
					</bind_material>
				</instance_geometry>
			</node>
		</node>
		<node id="Inner-Node-park__bench_dot_io-8" name="76959_dot_dat">
			<node name="Inner-Node-park__bench_dot_io-8">
				<matrix>0.993749976 0 0 -60 0 0.991070986 0 10.0625 0 0 0.993749976 -71.9107132 0 0 0 1</matrix>
				<instance_geometry url="#Part-76959_dot_dat">
					<bind_material>
						<technique_common>
							<instance_material symbol="Base" target="#material_id_9"/>
						</technique_common>
					</bind_material>
				</instance_geometry>
			</node>
			<node name="Inner-Node-park__bench_dot_io-8">
				<matrix>-1.18464243E-07 -0.991070986 0 -50.0625 0.993750095 -1.18144868E-07 0 10.0625 0 0 0.993750095 -72.113884 0 0 0 1</matrix>
				<instance_geometry url="#logo-lego">
					<bind_material>
						<technique_common>
							<instance_material symbol="Base" target="#material_id_9-logo"/>
						</technique_common>
					</bind_material>
				</instance_geometry>
			</node>
			<node name="Inner-Node-park__bench_dot_io-8">
				<matrix>-1.18464243E-07 -0.991070986 0 -69.9375 0.993750095 -1.18144868E-07 0 10.0625 0 0 0.993750095 -72.113884 0 0 0 1</matrix>
				<instance_geometry url="#logo-lego">
					<bind_material>
						<technique_common>
							<instance_material symbol="Base" target="#material_id_9-logo"/>
						</technique_common>
					</bind_material>
				</instance_geometry>
			</node>
		</node>
		<node id="Inner-Node-park__bench_dot_io-9" name="76959_dot_dat">
			<node name="Inner-Node-park__bench_dot_io-9">
				<matrix>-0.993749976 0 0 -60 0 -0.991070986 0 -10.0625 0 0 0.993749976 -71.9107132 0 0 0 1</matrix>
				<instance_geometry url="#Part-76959_dot_dat">
					<bind_material>
						<technique_common>
							<instance_material symbol="Base" target="#material_id_9"/>
						</technique_common>
					</bind_material>
				</instance_geometry>
			</node>
			<node name="Inner-Node-park__bench_dot_io-9">
				<matrix>1.77696364E-07 0.991070986 0 -69.9375 -0.993750095 1.77217302E-07 0 -10.0625 0 0 0.993750095 -72.113884 0 0 0 1</matrix>
				<instance_geometry url="#logo-lego">
					<bind_material>
						<technique_common>
							<instance_material symbol="Base" target="#material_id_9-logo"/>
						</technique_common>
					</bind_material>
				</instance_geometry>
			</node>
			<node name="Inner-Node-park__bench_dot_io-9">
				<matrix>1.77696364E-07 0.991070986 0 -50.0625 -0.993750095 1.77217302E-07 0 -10.0625 0 0 0.993750095 -72.113884 0 0 0 1</matrix>
				<instance_geometry url="#logo-lego">
					<bind_material>
						<technique_common>
							<instance_material symbol="Base" target="#material_id_9-logo"/>
						</technique_common>
					</bind_material>
				</instance_geometry>
			</node>
		</node>
		<node id="Inner-Node-park__bench_dot_io-10" name="3666_dot_dat">
			<node name="Inner-Node-park__bench_dot_io-10">
				<matrix>0.997916996 0 0 0 0 0.979166985 0 10 0 0 0.987500012 -79.9583359 0 0 0 1</matrix>
				<instance_geometry url="#Part-3666_dot_dat">
					<bind_material>
						<technique_common>
							<instance_material symbol="Base" target="#material_id_68"/>
						</technique_common>
					</bind_material>
				</instance_geometry>
			</node>
			<node name="Inner-Node-park__bench_dot_io-10">
				<matrix>0.997916996 0 0 49.8958511 0 0.979166985 0 10 0 0 0.987500012 -80.1590652 0 0 0 1</matrix>
				<instance_geometry url="#logo-lego">
					<bind_material>
						<technique_common>
							<instance_material symbol="Base" target="#material_id_68-logo"/>
						</technique_common>
					</bind_material>
				</instance_geometry>
			</node>
			<node name="Inner-Node-park__bench_dot_io-10">
				<matrix>0.997916996 0 0 29.9375095 0 0.979166985 0 10 0 0 0.987500012 -80.1590652 0 0 0 1</matrix>
				<instance_geometry url="#logo-lego">
					<bind_material>
						<technique_common>
							<instance_material symbol="Base" target="#material_id_68-logo"/>
						</technique_common>
					</bind_material>
				</instance_geometry>
			</node>
			<node name="Inner-Node-park__bench_dot_io-10">
				<matrix>0.997916996 0 0 9.97916985 0 0.979166985 0 10 0 0 0.987500012 -80.1590652 0 0 0 1</matrix>
				<instance_geometry url="#logo-lego">
					<bind_material>
						<technique_common>
							<instance_material symbol="Base" target="#material_id_68-logo"/>
						</technique_common>
					</bind_material>
				</instance_geometry>
			</node>
			<node name="Inner-Node-park__bench_dot_io-10">
				<matrix>0.997916996 0 0 -9.97916985 0 0.979166985 0 10 0 0 0.987500012 -80.1590652 0 0 0 1</matrix>
				<instance_geometry url="#logo-lego">
					<bind_material>
						<technique_common>
							<instance_material symbol="Base" target="#material_id_68-logo"/>
						</technique_common>
					</bind_material>
				</instance_geometry>
			</node>
			<node name="Inner-Node-park__bench_dot_io-10">
				<matrix>0.997916996 0 0 -29.9375095 0 0.979166985 0 10 0 0 0.987500012 -80.1590652 0 0 0 1</matrix>
				<instance_geometry url="#logo-lego">
					<bind_material>
						<technique_common>
							<instance_material symbol="Base" target="#material_id_68-logo"/>
						</technique_common>
					</bind_material>
				</instance_geometry>
			</node>
			<node name="Inner-Node-park__bench_dot_io-10">
				<matrix>0.997916996 0 0 -49.8958511 0 0.979166985 0 10 0 0 0.987500012 -80.1590652 0 0 0 1</matrix>
				<instance_geometry url="#logo-lego">
					<bind_material>
						<technique_common>
							<instance_material symbol="Base" target="#material_id_68-logo"/>
						</technique_common>
					</bind_material>
				</instance_geometry>
			</node>
		</node>
		<node id="Inner-Node-park__bench_dot_io-11" name="3460_dot_dat">
			<node name="Inner-Node-park__bench_dot_io-11">
				<matrix>0.998438001 0 0 -9.99999975E-06 0 0.979166985 0 -30 0 0 0.987500012 -135.958328 0 0 0 1</matrix>
				<instance_geometry url="#Part-3460_dot_dat">
					<bind_material>
						<technique_common>
							<instance_material symbol="Base" target="#material_id_68"/>
						</technique_common>
					</bind_material>
				</instance_geometry>
			</node>
			<node name="Inner-Node-park__bench_dot_io-11">
				<matrix>0.998438001 0 0 69.8906479 0 0.979166985 0 -30 0 0 0.987500012 -136.159058 0 0 0 1</matrix>
				<instance_geometry url="#logo-lego">
					<bind_material>
						<technique_common>
							<instance_material symbol="Base" target="#material_id_68-logo"/>
						</technique_common>
					</bind_material>
				</instance_geometry>
			</node>
			<node name="Inner-Node-park__bench_dot_io-11">
				<matrix>0.998438001 0 0 49.9218903 0 0.979166985 0 -30 0 0 0.987500012 -136.159058 0 0 0 1</matrix>
				<instance_geometry url="#logo-lego">
					<bind_material>
						<technique_common>
							<instance_material symbol="Base" target="#material_id_68-logo"/>
						</technique_common>
					</bind_material>
				</instance_geometry>
			</node>
			<node name="Inner-Node-park__bench_dot_io-11">
				<matrix>0.998438001 0 0 29.9531307 0 0.979166985 0 -30 0 0 0.987500012 -136.159058 0 0 0 1</matrix>
				<instance_geometry url="#logo-lego">
					<bind_material>
						<technique_common>
							<instance_material symbol="Base" target="#material_id_68-logo"/>
						</technique_common>
					</bind_material>
				</instance_geometry>
			</node>
			<node name="Inner-Node-park__bench_dot_io-11">
				<matrix>0.998438001 0 0 9.98437023 0 0.979166985 0 -30 0 0 0.987500012 -136.159058 0 0 0 1</matrix>
				<instance_geometry url="#logo-lego">
					<bind_material>
						<technique_common>
							<instance_material symbol="Base" target="#material_id_68-logo"/>
						</technique_common>
					</bind_material>
				</instance_geometry>
			</node>
			<node name="Inner-Node-park__bench_dot_io-11">
				<matrix>0.998438001 0 0 -9.98439026 0 0.979166985 0 -30 0 0 0.987500012 -136.159058 0 0 0 1</matrix>
				<instance_geometry url="#logo-lego">
					<bind_material>
						<technique_common>
							<instance_material symbol="Base" target="#material_id_68-logo"/>
						</technique_common>
					</bind_material>
				</instance_geometry>
			</node>
			<node name="Inner-Node-park__bench_dot_io-11">
				<matrix>0.998438001 0 0 -29.9531498 0 0.979166985 0 -30 0 0 0.987500012 -136.159058 0 0 0 1</matrix>
				<instance_geometry url="#logo-lego">
					<bind_material>
						<technique_common>
							<instance_material symbol="Base" target="#material_id_68-logo"/>
						</technique_common>
					</bind_material>
				</instance_geometry>
			</node>
			<node name="Inner-Node-park__bench_dot_io-11">
				<matrix>0.998438001 0 0 -49.9219093 0 0.979166985 0 -30 0 0 0.987500012 -136.159058 0 0 0 1</matrix>
				<instance_geometry url="#logo-lego">
					<bind_material>
						<technique_common>
							<instance_material symbol="Base" target="#material_id_68-logo"/>
						</technique_common>
					</bind_material>
				</instance_geometry>
			</node>
			<node name="Inner-Node-park__bench_dot_io-11">
				<matrix>0.998438001 0 0 -69.8906708 0 0.979166985 0 -30 0 0 0.987500012 -136.159058 0 0 0 1</matrix>
				<instance_geometry url="#logo-lego">
					<bind_material>
						<technique_common>
							<instance_material symbol="Base" target="#material_id_68-logo"/>
						</technique_common>
					</bind_material>
				</instance_geometry>
			</node>
		</node>
		<node id="Inner-Node-park__bench_dot_io-12" name="3666_dot_dat">
			<node name="Inner-Node-park__bench_dot_io-12">
				<matrix>0.997916996 0 0 0 0 0.979166985 0 30 0 0 0.987500012 -79.9583359 0 0 0 1</matrix>
				<instance_geometry url="#Part-3666_dot_dat">
					<bind_material>
						<technique_common>
							<instance_material symbol="Base" target="#material_id_68"/>
						</technique_common>
					</bind_material>
				</instance_geometry>
			</node>
			<node name="Inner-Node-park__bench_dot_io-12">
				<matrix>0.997916996 0 0 49.8958511 0 0.979166985 0 30 0 0 0.987500012 -80.1590652 0 0 0 1</matrix>
				<instance_geometry url="#logo-lego">
					<bind_material>
						<technique_common>
							<instance_material symbol="Base" target="#material_id_68-logo"/>
						</technique_common>
					</bind_material>
				</instance_geometry>
			</node>
			<node name="Inner-Node-park__bench_dot_io-12">
				<matrix>0.997916996 0 0 29.9375095 0 0.979166985 0 30 0 0 0.987500012 -80.1590652 0 0 0 1</matrix>
				<instance_geometry url="#logo-lego">
					<bind_material>
						<technique_common>
							<instance_material symbol="Base" target="#material_id_68-logo"/>
						</technique_common>
					</bind_material>
				</instance_geometry>
			</node>
			<node name="Inner-Node-park__bench_dot_io-12">
				<matrix>0.997916996 0 0 9.97916985 0 0.979166985 0 30 0 0 0.987500012 -80.1590652 0 0 0 1</matrix>
				<instance_geometry url="#logo-lego">
					<bind_material>
						<technique_common>
							<instance_material symbol="Base" target="#material_id_68-logo"/>
						</technique_common>
					</bind_material>
				</instance_geometry>
			</node>
			<node name="Inner-Node-park__bench_dot_io-12">
				<matrix>0.997916996 0 0 -9.97916985 0 0.979166985 0 30 0 0 0.987500012 -80.1590652 0 0 0 1</matrix>
				<instance_geometry url="#logo-lego">
					<bind_material>
						<technique_common>
							<instance_material symbol="Base" target="#material_id_68-logo"/>
						</technique_common>
					</bind_material>
				</instance_geometry>
			</node>
			<node name="Inner-Node-park__bench_dot_io-12">
				<matrix>0.997916996 0 0 -29.9375095 0 0.979166985 0 30 0 0 0.987500012 -80.1590652 0 0 0 1</matrix>
				<instance_geometry url="#logo-lego">
					<bind_material>
						<technique_common>
							<instance_material symbol="Base" target="#material_id_68-logo"/>
						</technique_common>
					</bind_material>
				</instance_geometry>
			</node>
			<node name="Inner-Node-park__bench_dot_io-12">
				<matrix>0.997916996 0 0 -49.8958511 0 0.979166985 0 30 0 0 0.987500012 -80.1590652 0 0 0 1</matrix>
				<instance_geometry url="#logo-lego">
					<bind_material>
						<technique_common>
							<instance_material symbol="Base" target="#material_id_68-logo"/>
						</technique_common>
					</bind_material>
				</instance_geometry>
			</node>
		</node>
		<node id="Inner-Node-park__bench_dot_io-13" name="3023a_dot_dat">
			<node name="Inner-Node-park__bench_dot_io-13">
				<matrix>0.993749976 0 0 -80 0 0.979166985 0 -10 0 0 0.987500012 -79.9583359 0 0 0 1</matrix>
				<instance_geometry url="#Part-3023a_dot_dat">
					<bind_material>
						<technique_common>
							<instance_material symbol="Base" target="#material_id_68"/>
						</technique_common>
					</bind_material>
				</instance_geometry>
			</node>
			<node name="Inner-Node-park__bench_dot_io-13">
				<matrix>0.993749976 0 0 -89.9375 0 0.979166985 0 -10 0 0 0.987500012 -80.1590652 0 0 0 1</matrix>
				<instance_geometry url="#logo-lego">
					<bind_material>
						<technique_common>
							<instance_material symbol="Base" target="#material_id_68-logo"/>
						</technique_common>
					</bind_material>
				</instance_geometry>
			</node>
			<node name="Inner-Node-park__bench_dot_io-13">
				<matrix>0.993749976 0 0 -70.0625 0 0.979166985 0 -10 0 0 0.987500012 -80.1590652 0 0 0 1</matrix>
				<instance_geometry url="#logo-lego">
					<bind_material>
						<technique_common>
							<instance_material symbol="Base" target="#material_id_68-logo"/>
						</technique_common>
					</bind_material>
				</instance_geometry>
			</node>
		</node>
		<node id="Inner-Node-park__bench_dot_io-14" name="3023a_dot_dat">
			<node name="Inner-Node-park__bench_dot_io-14">
				<matrix>0.993749976 0 0 80 0 0.979166985 0 30 0 0 0.987500012 -79.9583359 0 0 0 1</matrix>
				<instance_geometry url="#Part-3023a_dot_dat">
					<bind_material>
						<technique_common>
							<instance_material symbol="Base" target="#material_id_68"/>
						</technique_common>
					</bind_material>
				</instance_geometry>
			</node>
			<node name="Inner-Node-park__bench_dot_io-14">
				<matrix>0.993749976 0 0 70.0625 0 0.979166985 0 30 0 0 0.987500012 -80.1590652 0 0 0 1</matrix>
				<instance_geometry url="#logo-lego">
					<bind_material>
						<technique_common>
							<instance_material symbol="Base" target="#material_id_68-logo"/>
						</technique_common>
					</bind_material>
				</instance_geometry>
			</node>
			<node name="Inner-Node-park__bench_dot_io-14">
				<matrix>0.993749976 0 0 89.9375 0 0.979166985 0 30 0 0 0.987500012 -80.1590652 0 0 0 1</matrix>
				<instance_geometry url="#logo-lego">
					<bind_material>
						<technique_common>
							<instance_material symbol="Base" target="#material_id_68-logo"/>
						</technique_common>
					</bind_material>
				</instance_geometry>
			</node>
		</node>
		<node id="Inner-Node-park__bench_dot_io-15" name="3023a_dot_dat">
			<node name="Inner-Node-park__bench_dot_io-15">
				<matrix>0.993749976 0 0 -80 0 0.979166985 0 10 0 0 0.987500012 -79.9583359 0 0 0 1</matrix>
				<instance_geometry url="#Part-3023a_dot_dat">
					<bind_material>
						<technique_common>
							<instance_material symbol="Base" target="#material_id_68"/>
						</technique_common>
					</bind_material>
				</instance_geometry>
			</node>
			<node name="Inner-Node-park__bench_dot_io-15">
				<matrix>0.993749976 0 0 -89.9375 0 0.979166985 0 10 0 0 0.987500012 -80.1590652 0 0 0 1</matrix>
				<instance_geometry url="#logo-lego">
					<bind_material>
						<technique_common>
							<instance_material symbol="Base" target="#material_id_68-logo"/>
						</technique_common>
					</bind_material>
				</instance_geometry>
			</node>
			<node name="Inner-Node-park__bench_dot_io-15">
				<matrix>0.993749976 0 0 -70.0625 0 0.979166985 0 10 0 0 0.987500012 -80.1590652 0 0 0 1</matrix>
				<instance_geometry url="#logo-lego">
					<bind_material>
						<technique_common>
							<instance_material symbol="Base" target="#material_id_68-logo"/>
						</technique_common>
					</bind_material>
				</instance_geometry>
			</node>
		</node>
		<node id="Inner-Node-park__bench_dot_io-16" name="3023a_dot_dat">
			<node name="Inner-Node-park__bench_dot_io-16">
				<matrix>0.993749976 0 0 80 0 0.979166985 0 10 0 0 0.987500012 -79.9583359 0 0 0 1</matrix>
				<instance_geometry url="#Part-3023a_dot_dat">
					<bind_material>
						<technique_common>
							<instance_material symbol="Base" target="#material_id_68"/>
						</technique_common>
					</bind_material>
				</instance_geometry>
			</node>
			<node name="Inner-Node-park__bench_dot_io-16">
				<matrix>0.993749976 0 0 70.0625 0 0.979166985 0 10 0 0 0.987500012 -80.1590652 0 0 0 1</matrix>
				<instance_geometry url="#logo-lego">
					<bind_material>
						<technique_common>
							<instance_material symbol="Base" target="#material_id_68-logo"/>
						</technique_common>
					</bind_material>
				</instance_geometry>
			</node>
			<node name="Inner-Node-park__bench_dot_io-16">
				<matrix>0.993749976 0 0 89.9375 0 0.979166985 0 10 0 0 0.987500012 -80.1590652 0 0 0 1</matrix>
				<instance_geometry url="#logo-lego">
					<bind_material>
						<technique_common>
							<instance_material symbol="Base" target="#material_id_68-logo"/>
						</technique_common>
					</bind_material>
				</instance_geometry>
			</node>
		</node>
		<node id="Inner-Node-park__bench_dot_io-17" name="3023a_dot_dat">
			<node name="Inner-Node-park__bench_dot_io-17">
				<matrix>0.993749976 0 0 80 0 0.979166985 0 -10 0 0 0.987500012 -79.9583359 0 0 0 1</matrix>
				<instance_geometry url="#Part-3023a_dot_dat">
					<bind_material>
						<technique_common>
							<instance_material symbol="Base" target="#material_id_68"/>
						</technique_common>
					</bind_material>
				</instance_geometry>
			</node>
			<node name="Inner-Node-park__bench_dot_io-17">
				<matrix>0.993749976 0 0 70.0625 0 0.979166985 0 -10 0 0 0.987500012 -80.1590652 0 0 0 1</matrix>
				<instance_geometry url="#logo-lego">
					<bind_material>
						<technique_common>
							<instance_material symbol="Base" target="#material_id_68-logo"/>
						</technique_common>
					</bind_material>
				</instance_geometry>
			</node>
			<node name="Inner-Node-park__bench_dot_io-17">
				<matrix>0.993749976 0 0 89.9375 0 0.979166985 0 -10 0 0 0.987500012 -80.1590652 0 0 0 1</matrix>
				<instance_geometry url="#logo-lego">
					<bind_material>
						<technique_common>
							<instance_material symbol="Base" target="#material_id_68-logo"/>
						</technique_common>
					</bind_material>
				</instance_geometry>
			</node>
		</node>
		<node id="Inner-Node-park__bench_dot_io-18" name="3065_dot_dat">
			<node name="Inner-Node-park__bench_dot_io-18">
				<matrix>0.993749976 0 0 -60.0000114 0 0.991070986 0 -30 0 0 0.987500012 -127.910713 0 0 0 1</matrix>
				<instance_geometry url="#Part-3065_dot_dat">
					<bind_material>
						<technique_common>
							<instance_material symbol="Base" target="#material_id_68"/>
						</technique_common>
					</bind_material>
				</instance_geometry>
			</node>
			<node name="Inner-Node-park__bench_dot_io-18">
				<matrix>0.993749976 0 0 -69.9375076 0 0.991070986 0 -30 0 0 0.987500012 -128.113876 0 0 0 1</matrix>
				<instance_geometry url="#logo-lego">
					<bind_material>
						<technique_common>
							<instance_material symbol="Base" target="#material_id_68-logo"/>
						</technique_common>
					</bind_material>
				</instance_geometry>
			</node>
			<node name="Inner-Node-park__bench_dot_io-18">
				<matrix>0.993749976 0 0 -50.0625114 0 0.991070986 0 -30 0 0 0.987500012 -128.113876 0 0 0 1</matrix>
				<instance_geometry url="#logo-lego">
					<bind_material>
						<technique_common>
							<instance_material symbol="Base" target="#material_id_68-logo"/>
						</technique_common>
					</bind_material>
				</instance_geometry>
			</node>
		</node>
		<node id="Inner-Node-park__bench_dot_io-19" name="3023a_dot_dat">
			<node name="Inner-Node-park__bench_dot_io-19">
				<matrix>0.993749976 0 0 -80 0 0.979166985 0 30 0 0 0.987500012 -79.9583359 0 0 0 1</matrix>
				<instance_geometry url="#Part-3023a_dot_dat">
					<bind_material>
						<technique_common>
							<instance_material symbol="Base" target="#material_id_68"/>
						</technique_common>
					</bind_material>
				</instance_geometry>
			</node>
			<node name="Inner-Node-park__bench_dot_io-19">
				<matrix>0.993749976 0 0 -89.9375 0 0.979166985 0 30 0 0 0.987500012 -80.1590652 0 0 0 1</matrix>
				<instance_geometry url="#logo-lego">
					<bind_material>
						<technique_common>
							<instance_material symbol="Base" target="#material_id_68-logo"/>
						</technique_common>
					</bind_material>
				</instance_geometry>
			</node>
			<node name="Inner-Node-park__bench_dot_io-19">
				<matrix>0.993749976 0 0 -70.0625 0 0.979166985 0 30 0 0 0.987500012 -80.1590652 0 0 0 1</matrix>
				<instance_geometry url="#logo-lego">
					<bind_material>
						<technique_common>
							<instance_material symbol="Base" target="#material_id_68-logo"/>
						</technique_common>
					</bind_material>
				</instance_geometry>
			</node>
		</node>
		<node id="Inner-Node-park__bench_dot_io-20" name="3065_dot_dat">
			<node name="Inner-Node-park__bench_dot_io-20">
				<matrix>0.993749976 0 0 60 0 0.991070986 0 -30 0 0 0.987500012 -127.910713 0 0 0 1</matrix>
				<instance_geometry url="#Part-3065_dot_dat">
					<bind_material>
						<technique_common>
							<instance_material symbol="Base" target="#material_id_68"/>
						</technique_common>
					</bind_material>
				</instance_geometry>
			</node>
			<node name="Inner-Node-park__bench_dot_io-20">
				<matrix>0.993749976 0 0 50.0625 0 0.991070986 0 -30 0 0 0.987500012 -128.113876 0 0 0 1</matrix>
				<instance_geometry url="#logo-lego">
					<bind_material>
						<technique_common>
							<instance_material symbol="Base" target="#material_id_68-logo"/>
						</technique_common>
					</bind_material>
				</instance_geometry>
			</node>
			<node name="Inner-Node-park__bench_dot_io-20">
				<matrix>0.993749976 0 0 69.9375 0 0.991070986 0 -30 0 0 0.987500012 -128.113876 0 0 0 1</matrix>
				<instance_geometry url="#logo-lego">
					<bind_material>
						<technique_common>
							<instance_material symbol="Base" target="#material_id_68-logo"/>
						</technique_common>
					</bind_material>
				</instance_geometry>
			</node>
		</node>
		<node id="Inner-Node-park__bench_dot_io-21" name="3460_dot_dat">
			<node name="Inner-Node-park__bench_dot_io-21">
				<matrix>0.998438001 0 0 -9.99999975E-06 0 0.979166985 0 -30 0 0 0.987500012 -103.958336 0 0 0 1</matrix>
				<instance_geometry url="#Part-3460_dot_dat">
					<bind_material>
						<technique_common>
							<instance_material symbol="Base" target="#material_id_68"/>
						</technique_common>
					</bind_material>
				</instance_geometry>
			</node>
			<node name="Inner-Node-park__bench_dot_io-21">
				<matrix>0.998438001 0 0 69.8906479 0 0.979166985 0 -30 0 0 0.987500012 -104.159065 0 0 0 1</matrix>
				<instance_geometry url="#logo-lego">
					<bind_material>
						<technique_common>
							<instance_material symbol="Base" target="#material_id_68-logo"/>
						</technique_common>
					</bind_material>
				</instance_geometry>
			</node>
			<node name="Inner-Node-park__bench_dot_io-21">
				<matrix>0.998438001 0 0 49.9218903 0 0.979166985 0 -30 0 0 0.987500012 -104.159065 0 0 0 1</matrix>
				<instance_geometry url="#logo-lego">
					<bind_material>
						<technique_common>
							<instance_material symbol="Base" target="#material_id_68-logo"/>
						</technique_common>
					</bind_material>
				</instance_geometry>
			</node>
			<node name="Inner-Node-park__bench_dot_io-21">
				<matrix>0.998438001 0 0 29.9531307 0 0.979166985 0 -30 0 0 0.987500012 -104.159065 0 0 0 1</matrix>
				<instance_geometry url="#logo-lego">
					<bind_material>
						<technique_common>
							<instance_material symbol="Base" target="#material_id_68-logo"/>
						</technique_common>
					</bind_material>
				</instance_geometry>
			</node>
			<node name="Inner-Node-park__bench_dot_io-21">
				<matrix>0.998438001 0 0 9.98437023 0 0.979166985 0 -30 0 0 0.987500012 -104.159065 0 0 0 1</matrix>
				<instance_geometry url="#logo-lego">
					<bind_material>
						<technique_common>
							<instance_material symbol="Base" target="#material_id_68-logo"/>
						</technique_common>
					</bind_material>
				</instance_geometry>
			</node>
			<node name="Inner-Node-park__bench_dot_io-21">
				<matrix>0.998438001 0 0 -9.98439026 0 0.979166985 0 -30 0 0 0.987500012 -104.159065 0 0 0 1</matrix>
				<instance_geometry url="#logo-lego">
					<bind_material>
						<technique_common>
							<instance_material symbol="Base" target="#material_id_68-logo"/>
						</technique_common>
					</bind_material>
				</instance_geometry>
			</node>
			<node name="Inner-Node-park__bench_dot_io-21">
				<matrix>0.998438001 0 0 -29.9531498 0 0.979166985 0 -30 0 0 0.987500012 -104.159065 0 0 0 1</matrix>
				<instance_geometry url="#logo-lego">
					<bind_material>
						<technique_common>
							<instance_material symbol="Base" target="#material_id_68-logo"/>
						</technique_common>
					</bind_material>
				</instance_geometry>
			</node>
			<node name="Inner-Node-park__bench_dot_io-21">
				<matrix>0.998438001 0 0 -49.9219093 0 0.979166985 0 -30 0 0 0.987500012 -104.159065 0 0 0 1</matrix>
				<instance_geometry url="#logo-lego">
					<bind_material>
						<technique_common>
							<instance_material symbol="Base" target="#material_id_68-logo"/>
						</technique_common>
					</bind_material>
				</instance_geometry>
			</node>
			<node name="Inner-Node-park__bench_dot_io-21">
				<matrix>0.998438001 0 0 -69.8906708 0 0.979166985 0 -30 0 0 0.987500012 -104.159065 0 0 0 1</matrix>
				<instance_geometry url="#logo-lego">
					<bind_material>
						<technique_common>
							<instance_material symbol="Base" target="#material_id_68-logo"/>
						</technique_common>
					</bind_material>
				</instance_geometry>
			</node>
		</node>
		<node id="Inner-Node-park__bench_dot_io-22" name="3065_dot_dat">
			<node name="Inner-Node-park__bench_dot_io-22">
				<matrix>0.993749976 0 0 -60 0 0.991070986 0 -30 0 0 0.987500012 -95.9107132 0 0 0 1</matrix>
				<instance_geometry url="#Part-3065_dot_dat">
					<bind_material>
						<technique_common>
							<instance_material symbol="Base" target="#material_id_68"/>
						</technique_common>
					</bind_material>
				</instance_geometry>
			</node>
			<node name="Inner-Node-park__bench_dot_io-22">
				<matrix>0.993749976 0 0 -69.9375 0 0.991070986 0 -30 0 0 0.987500012 -96.113884 0 0 0 1</matrix>
				<instance_geometry url="#logo-lego">
					<bind_material>
						<technique_common>
							<instance_material symbol="Base" target="#material_id_68-logo"/>
						</technique_common>
					</bind_material>
				</instance_geometry>
			</node>
			<node name="Inner-Node-park__bench_dot_io-22">
				<matrix>0.993749976 0 0 -50.0625 0 0.991070986 0 -30 0 0 0.987500012 -96.113884 0 0 0 1</matrix>
				<instance_geometry url="#logo-lego">
					<bind_material>
						<technique_common>
							<instance_material symbol="Base" target="#material_id_68-logo"/>
						</technique_common>
					</bind_material>
				</instance_geometry>
			</node>
		</node>
		<node id="Inner-Node-park__bench_dot_io-23" name="3065_dot_dat">
			<node name="Inner-Node-park__bench_dot_io-23">
				<matrix>0.993749976 0 0 60 0 0.991070986 0 -30 0 0 0.987500012 -95.9107132 0 0 0 1</matrix>
				<instance_geometry url="#Part-3065_dot_dat">
					<bind_material>
						<technique_common>
							<instance_material symbol="Base" target="#material_id_68"/>
						</technique_common>
					</bind_material>
				</instance_geometry>
			</node>
			<node name="Inner-Node-park__bench_dot_io-23">
				<matrix>0.993749976 0 0 50.0625 0 0.991070986 0 -30 0 0 0.987500012 -96.113884 0 0 0 1</matrix>
				<instance_geometry url="#logo-lego">
					<bind_material>
						<technique_common>
							<instance_material symbol="Base" target="#material_id_68-logo"/>
						</technique_common>
					</bind_material>
				</instance_geometry>
			</node>
			<node name="Inner-Node-park__bench_dot_io-23">
				<matrix>0.993749976 0 0 69.9375 0 0.991070986 0 -30 0 0 0.987500012 -96.113884 0 0 0 1</matrix>
				<instance_geometry url="#logo-lego">
					<bind_material>
						<technique_common>
							<instance_material symbol="Base" target="#material_id_68-logo"/>
						</technique_common>
					</bind_material>
				</instance_geometry>
			</node>
		</node>
		<node id="Inner-Node-park__bench_dot_io-24" name="3666_dot_dat">
			<node name="Inner-Node-park__bench_dot_io-24">
				<matrix>0.997916996 0 0 0 0 0.979166985 0 -10 0 0 0.987500012 -79.9583359 0 0 0 1</matrix>
				<instance_geometry url="#Part-3666_dot_dat">
					<bind_material>
						<technique_common>
							<instance_material symbol="Base" target="#material_id_68"/>
						</technique_common>
					</bind_material>
				</instance_geometry>
			</node>
			<node name="Inner-Node-park__bench_dot_io-24">
				<matrix>0.997916996 0 0 49.8958511 0 0.979166985 0 -10 0 0 0.987500012 -80.1590652 0 0 0 1</matrix>
				<instance_geometry url="#logo-lego">
					<bind_material>
						<technique_common>
							<instance_material symbol="Base" target="#material_id_68-logo"/>
						</technique_common>
					</bind_material>
				</instance_geometry>
			</node>
			<node name="Inner-Node-park__bench_dot_io-24">
				<matrix>0.997916996 0 0 29.9375095 0 0.979166985 0 -10 0 0 0.987500012 -80.1590652 0 0 0 1</matrix>
				<instance_geometry url="#logo-lego">
					<bind_material>
						<technique_common>
							<instance_material symbol="Base" target="#material_id_68-logo"/>
						</technique_common>
					</bind_material>
				</instance_geometry>
			</node>
			<node name="Inner-Node-park__bench_dot_io-24">
				<matrix>0.997916996 0 0 9.97916985 0 0.979166985 0 -10 0 0 0.987500012 -80.1590652 0 0 0 1</matrix>
				<instance_geometry url="#logo-lego">
					<bind_material>
						<technique_common>
							<instance_material symbol="Base" target="#material_id_68-logo"/>
						</technique_common>
					</bind_material>
				</instance_geometry>
			</node>
			<node name="Inner-Node-park__bench_dot_io-24">
				<matrix>0.997916996 0 0 -9.97916985 0 0.979166985 0 -10 0 0 0.987500012 -80.1590652 0 0 0 1</matrix>
				<instance_geometry url="#logo-lego">
					<bind_material>
						<technique_common>
							<instance_material symbol="Base" target="#material_id_68-logo"/>
						</technique_common>
					</bind_material>
				</instance_geometry>
			</node>
			<node name="Inner-Node-park__bench_dot_io-24">
				<matrix>0.997916996 0 0 -29.9375095 0 0.979166985 0 -10 0 0 0.987500012 -80.1590652 0 0 0 1</matrix>
				<instance_geometry url="#logo-lego">
					<bind_material>
						<technique_common>
							<instance_material symbol="Base" target="#material_id_68-logo"/>
						</technique_common>
					</bind_material>
				</instance_geometry>
			</node>
			<node name="Inner-Node-park__bench_dot_io-24">
				<matrix>0.997916996 0 0 -49.8958511 0 0.979166985 0 -10 0 0 0.987500012 -80.1590652 0 0 0 1</matrix>
				<instance_geometry url="#logo-lego">
					<bind_material>
						<technique_common>
							<instance_material symbol="Base" target="#material_id_68-logo"/>
						</technique_common>
					</bind_material>
				</instance_geometry>
			</node>
		</node>
	</node>
</library_nodes>
<library_visual_scenes>
	<visual_scene id="VisualScene1">
		<node id="Model" name="Model">
			<matrix>1 0 0 0 0 -1 0 0 0 0 1 0 0 0 0 1</matrix>
			<instance_node url="#Node-park__bench_dot_io"/>
		</node>
		<node id="Camera_Node" name="Camera_Node" type="NODE">
			<matrix>0.998629928 -0.0370740891 0.0369357243 99.2870941 -5.58793545E-09 0.705783725 0.708427668 1229.33459 -0.0523329303 -0.707456946 0.704816341 1153.41479 0 0 0 1</matrix>
			<instance_camera url="#camera_id_main"/>
		</node>
		<node id="Light_Node_1" name="Light_Node_1" type="NODE">
			<matrix>0.998629928 -0.0370740891 0.0369357243 99.2870941 -5.58793545E-09 0.705783725 0.708427668 1229.33459 -0.0523329303 -0.707456946 0.704816341 1153.41479 0 0 0 1</matrix>
			<instance_light url="#light_id_0"/>
			<extra>
				<technique profile="eyesight">
					<cast_shadow sid="cast_shadow" type="bool">1</cast_shadow>
					<use_mis sid="use_mis" type="bool">1</use_mis>
					<max_bounces sid="max_bounces" type="int">1024</max_bounces>
					<samples sid="samples" type="int">1</samples>
				</technique>
			</extra>
		</node>
		<node id="Light_Node_2" name="Light_Node_2" type="NODE">
			<matrix>0.998629928 -0.0370740891 0.0369357243 99.2870941 -5.58793545E-09 0.705783725 0.708427668 1229.33459 -0.0523329303 -0.707456946 0.704816341 1153.41479 0 0 0 1</matrix>
			<instance_light url="#light_id_1"/>
			<extra>
				<technique profile="eyesight">
					<cast_shadow sid="cast_shadow" type="bool">1</cast_shadow>
					<use_mis sid="use_mis" type="bool">1</use_mis>
					<max_bounces sid="max_bounces" type="int">1024</max_bounces>
					<samples sid="samples" type="int">1</samples>
				</technique>
			</extra>
		</node>
	</visual_scene>
</library_visual_scenes>
<scene>
	<instance_visual_scene url="#VisualScene1" />
</scene>
</COLLADA>
