<?xml version="1.0" encoding="utf-8"?>
<COLLADA xmlns="http://www.collada.org/2005/11/COLLADASchema" version="1.4.1">
	<asset>
		<contributor>
			<author>Mecabricks User</author>
			<authoring_tool>Mecabricks 6.0</authoring_tool>
		</contributor>
		<created>2026-01-05 T 00:30:15</created>
		<modified>2026-01-05 T 00:30:15</modified>
		<unit name="millimeter" meter="0.001"/>
		<up_axis>Y_UP</up_axis>
	</asset>
	<library_effects>
		<effect id="MB|5-effect">
			<profile_COMMON>
				<technique sid="common">
					<phong>
						<diffuse>
							<color sid="diffuse">0.6653872982754769 0.5028864580233624 0.20155625378383743 1</color>
						</diffuse>
						<index_of_refraction>
							<float sid="index_of_refraction">0</float>
						</index_of_refraction>
					</phong>
				</technique>
			</profile_COMMON>
		</effect>
	</library_effects>
	<library_materials>
		<material id="MB|5-material" name="MB|5">
			<instance_effect url="#MB|5-effect"/>
		</material>
	</library_materials>
	<library_geometries>
		<geometry id="3003-mesh" name="3003">
			<mesh>
				<source id="3003-mesh-positions">
					<float_array id="3003-mesh-positions-array" count="2334">7.96 0.02 7.96 7.96 9.58 7.96 6.8 0.02 6.8 6.8 8.5 6.8 3.003 8.5 1.244 2.298 8.5 2.298 1.244 8.5 3.003 2.217 8.5 0.918 1.697 8.5 1.697 0.918 8.5 2.217 0.918 0.02 2.217 1.697 0.02 1.697 2.217 0.02 0.918 1.244 0.02 3.003 2.298 0.02 2.298 3.003 0.02 1.244 6.8 0.15 4.3 6.4 0.15 4.3 6.4 0.15 3.7 6.8 0.15 3.7 6.8 8.5 3.7 6.4 8.5 3.7 6.4 8.5 4.3 6.8 8.5 4.3 4 9.58 7.96 4 0.02 6.8 4 0.02 7.96 4 8.5 6.8 4.3 8.5 6.4 4.3 8.5 6.8 3.7 8.5 6.8 3.7 8.5 6.4 3.7 0.15 6.4 3.7 0.15 6.8 4.3 0.15 6.8 4.3 0.15 6.4 4 8.5 6.4 4 0.15 6.4 4 0.15 6.8 -7.96 0.02 7.96 -7.96 9.58 7.96 -6.8 0.02 6.8 -6.8 8.5 6.8 -3.003 8.5 1.244 -2.298 8.5 2.298 -1.244 8.5 3.003 -2.217 8.5 0.918 -1.697 8.5 1.697 -0.918 8.5 2.217 0 0.02 2.4 -0.918 0.02 2.217 -1.697 0.02 1.697 -2.217 0.02 0.918 -1.244 0.02 3.003 -2.298 0.02 2.298 -3.003 0.02 1.244 -6.8 0.15 4.3 -6.4 0.15 4.3 -6.4 0.15 3.7 -6.8 0.15 3.7 -6.8 8.5 3.7 -6.4 8.5 3.7 -6.4 8.5 4.3 -6.8 8.5 4.3 -4 9.58 7.96 -4 0.02 6.8 -4 0.02 7.96 -4 8.5 6.8 0 0.02 7.96 0 0.02 6.8 -4.3 8.5 6.4 -4.3 8.5 6.8 -3.7 8.5 6.8 -3.7 8.5 6.4 -3.7 0.15 6.4 -3.7 0.15 6.8 -4.3 0.15 6.8 -4.3 0.15 6.4 -4 8.5 6.4 -4 0.15 6.4 -4 0.15 6.8 0 8.5 2.4 0 9.58 7.96 0 0.02 3.25 0 8.5 6.8 0 8.5 3.25 7.96 0.02 -7.96 7.96 9.58 -7.96 6.8 0.02 -6.8 6.8 8.5 -6.8 3.003 8.5 -1.244 2.298 8.5 -2.298 1.244 8.5 -3.003 2.217 8.5 -0.918 1.697 8.5 -1.697 0.918 8.5 -2.217 0.918 0.02 -2.217 1.697 0.02 -1.697 2.217 0.02 -0.918 1.244 0.02 -3.003 2.298 0.02 -2.298 3.003 0.02 -1.244 6.8 0.15 -4.3 6.4 0.15 -4.3 6.4 0.15 -3.7 6.8 0.15 -3.7 6.8 8.5 -3.7 6.4 8.5 -3.7 6.4 8.5 -4.3 6.8 8.5 -4.3 4 9.58 -7.96 4 0.02 -6.8 4 0.02 -7.96 4 8.5 -6.8 4.3 8.5 -6.4 4.3 8.5 -6.8 3.7 8.5 -6.8 3.7 8.5 -6.4 3.7 0.15 -6.4 3.7 0.15 -6.8 4.3 0.15 -6.8 4.3 0.15 -6.4 4 8.5 -6.4 4 0.15 -6.4 4 0.15 -6.8 4 9.58 0 3.25 8.5 0 2.4 8.5 0 2.4 0.02 0 3.25 0.02 0 7.96 0.02 0 7.96 9.58 0 6.8 0.02 0 6.8 8.5 0 4 8.5 0 -7.96 0.02 -7.96 -7.96 9.58 -7.96 -6.8 0.02 -6.8 -6.8 8.5 -6.8 -3.003 8.5 -1.244 -2.298 8.5 -2.298 -1.244 8.5 -3.003 -2.217 8.5 -0.918 -1.697 8.5 -1.697 -0.918 8.5 -2.217 0 0.02 -2.4 -0.918 0.02 -2.217 -1.697 0.02 -1.697 -2.217 0.02 -0.918 -1.244 0.02 -3.003 -2.298 0.02 -2.298 -3.003 0.02 -1.244 -6.8 0.15 -4.3 -6.4 0.15 -4.3 -6.4 0.15 -3.7 -6.8 0.15 -3.7 -6.8 8.5 -3.7 -6.4 8.5 -3.7 -6.4 8.5 -4.3 -6.8 8.5 -4.3 -4 9.58 -7.96 -4 0.02 -6.8 -4 0.02 -7.96 -4 8.5 -6.8 0 0.02 -7.96 0 0.02 -6.8 -4.3 8.5 -6.4 -4.3 8.5 -6.8 -3.7 8.5 -6.8 -3.7 8.5 -6.4 -3.7 0.15 -6.4 -3.7 0.15 -6.8 -4.3 0.15 -6.8 -4.3 0.15 -6.4 -4 8.5 -6.4 -4 0.15 -6.4 -4 0.15 -6.8 0 8.5 -2.4 0 9.58 -7.96 0 0.02 -3.25 0 8.5 -6.8 0 8.5 -3.25 -4 9.58 0 0 9.58 0 0 8.5 0 -3.25 8.5 0 -2.4 8.5 0 -2.4 0.02 0 -3.25 0.02 0 -7.96 0.02 0 -7.96 9.58 0 -6.8 0.02 0 -6.8 8.5 0 -4 8.5 0 7.96 0.02 7.96 7.96 0.02 7.96 7.96 9.58 7.96 7.96 9.58 7.96 4 9.58 7.96 4 0.02 6.8 6.8 0.02 6.8 6.8 0.02 6.8 6.8 8.5 6.8 6.8 8.5 6.8 0 0.02 2.4 0.918 0.02 2.217 1.697 0.02 1.697 2.217 0.02 0.918 2.4 0.02 0 1.244 0.02 3.003 2.298 0.02 2.298 3.003 0.02 1.244 3.25 0.02 0 6.4 0.15 4.3 6.4 0.15 4.3 6.4 0.15 3.7 6.4 0.15 3.7 6.8 0.15 4.3 6.8 0.15 3.7 6.4 8.5 3.7 6.4 8.5 4.3 0 0.02 6.8 4 0.02 7.96 4 8.5 6.8 7.96 0.02 0 6.8 8.5 0 6.8 0.02 0 0 0.02 7.96 4.3 8.5 6.4 4.3 0.15 6.4 4.3 0.15 6.4 3.7 8.5 6.4 3.7 0.15 6.4 3.7 0.15 6.4 3.7 0.15 6.8 4 0.15 6.4 4.3 0.15 6.8 7.96 9.58 0 0 9.58 7.96 0 0.02 3.25 0 8.5 6.8 -7.96 0.02 7.96 -7.96 0.02 7.96 -7.96 9.58 7.96 -7.96 9.58 7.96 -4 9.58 7.96 -4 0.02 6.8 -6.8 0.02 6.8 -6.8 0.02 6.8 -6.8 8.5 6.8 -6.8 8.5 6.8 -0.918 0.02 2.217 -1.697 0.02 1.697 -2.217 0.02 0.918 -2.4 0.02 0 -1.244 0.02 3.003 -2.298 0.02 2.298 -3.003 0.02 1.244 -3.25 0.02 0 -6.4 0.15 4.3 -6.4 0.15 4.3 -6.4 0.15 3.7 -6.4 0.15 3.7 -6.8 0.15 4.3 -6.8 0.15 3.7 -6.4 8.5 3.7 -6.4 8.5 4.3 -4 0.02 7.96 -4 8.5 6.8 -7.96 0.02 0 -6.8 8.5 0 -6.8 0.02 0 -4.3 8.5 6.4 -4.3 0.15 6.4 -4.3 0.15 6.4 -3.7 8.5 6.4 -3.7 0.15 6.4 -3.7 0.15 6.4 -3.7 0.15 6.8 -4 0.15 6.4 -4.3 0.15 6.8 -7.96 9.58 0 7.96 0.02 -7.96 7.96 0.02 -7.96 7.96 9.58 -7.96 7.96 9.58 -7.96 4 9.58 -7.96 4 0.02 -6.8 6.8 0.02 -6.8 6.8 0.02 -6.8 6.8 8.5 -6.8 6.8 8.5 -6.8 0 0.02 -2.4 0.918 0.02 -2.217 1.697 0.02 -1.697 2.217 0.02 -0.918 1.244 0.02 -3.003 2.298 0.02 -2.298 3.003 0.02 -1.244 6.4 0.15 -4.3 6.4 0.15 -4.3 6.4 0.15 -3.7 6.4 0.15 -3.7 6.8 0.15 -4.3 6.8 0.15 -3.7 6.4 8.5 -3.7 6.4 8.5 -4.3 0 0.02 -6.8 4 0.02 -7.96 4 8.5 -6.8 0 0.02 -7.96 4.3 8.5 -6.4 4.3 0.15 -6.4 4.3 0.15 -6.4 3.7 8.5 -6.4 3.7 0.15 -6.4 3.7 0.15 -6.4 3.7 0.15 -6.8 4 0.15 -6.4 4.3 0.15 -6.8 0 9.58 -7.96 0 0.02 -3.25 0 8.5 -6.8 -7.96 0.02 -7.96 -7.96 0.02 -7.96 -7.96 9.58 -7.96 -7.96 9.58 -7.96 -4 9.58 -7.96 -4 0.02 -6.8 -6.8 0.02 -6.8 -6.8 0.02 -6.8 -6.8 8.5 -6.8 -6.8 8.5 -6.8 -0.918 0.02 -2.217 -1.697 0.02 -1.697 -2.217 0.02 -0.918 -1.244 0.02 -3.003 -2.298 0.02 -2.298 -3.003 0.02 -1.244 -6.4 0.15 -4.3 -6.4 0.15 -4.3 -6.4 0.15 -3.7 -6.4 0.15 -3.7 -6.8 0.15 -4.3 -6.8 0.15 -3.7 -6.4 8.5 -3.7 -6.4 8.5 -4.3 -4 0.02 -7.96 -4 8.5 -6.8 -4.3 8.5 -6.4 -4.3 0.15 -6.4 -4.3 0.15 -6.4 -3.7 8.5 -6.4 -3.7 0.15 -6.4 -3.7 0.15 -6.4 -3.7 0.15 -6.8 -4 0.15 -6.4 -4.3 0.15 -6.8 -3.082 11.15 -6.217 -3.179 11.4 -5.982 -3.11 11.327 -6.148 -2.483 11.4 -5.517 -2.303 11.15 -5.697 -2.356 11.327 -5.644 -1.783 11.15 -4.918 -2.018 11.4 -4.821 -1.852 11.327 -4.89 -1.855 11.4 -4 -1.6 11.15 -4 -1.675 11.327 -4 -1.783 11.15 -3.082 -2.018 11.4 -3.179 -1.852 11.327 -3.11 -2.303 11.15 -2.303 -2.483 11.4 -2.483 -2.356 11.327 -2.356 -3.082 11.15 -1.783 -3.179 11.4 -2.018 -3.11 11.327 -1.852 -4 11.15 -1.6 -4 11.4 -1.855 -4 11.327 -1.675 -4.821 11.4 -2.018 -4.918 11.15 -1.783 -4.89 11.327 -1.852 -5.697 11.15 -2.303 -5.517 11.4 -2.483 -5.644 11.327 -2.356 -6.217 11.15 -3.082 -5.982 11.4 -3.179 -6.148 11.327 -3.11 -6.4 11.15 -4 -6.145 11.4 -4 -6.325 11.327 -4 -6.217 11.15 -4.918 -5.982 11.4 -4.821 -6.148 11.327 -4.89 -5.517 11.4 -5.517 -5.697 11.15 -5.697 -5.644 11.327 -5.644 -4.918 11.15 -6.217 -4.821 11.4 -5.982 -4.89 11.327 -6.148 -4 11.15 -6.4 -4 11.4 -6.145 -4 11.327 -6.325 -2.937 11.4 -2.986 -2.836 11.4 -4 -2.937 11.4 -5.014 -4 11.4 -2.903 -4 11.4 -4 -4 11.4 -5.097 -5.063 11.4 -2.986 -5.164 11.4 -4 -5.063 11.4 -5.014 -4 9.73 -6.4 -4 9.58 -6.553 -4 9.624 -6.445 -4.977 9.58 -6.359 -4.918 9.73 -6.217 -4.936 9.624 -6.259 -5.805 9.58 -5.805 -5.697 9.73 -5.697 -5.729 9.624 -5.729 -6.359 9.58 -4.977 -6.217 9.73 -4.918 -6.259 9.624 -4.936 -6.553 9.58 -4 -6.4 9.73 -4 -6.445 9.624 -4 -6.359 9.58 -3.023 -6.217 9.73 -3.082 -6.259 9.624 -3.064 -5.805 9.58 -2.195 -5.697 9.73 -2.303 -5.729 9.624 -2.271 -4.977 9.58 -1.641 -4.918 9.73 -1.783 -4.936 9.624 -1.741 -4 9.58 -1.447 -4 9.73 -1.6 -4 9.624 -1.555 -3.023 9.58 -1.641 -3.082 9.73 -1.783 -3.064 9.624 -1.741 -2.195 9.58 -2.195 -2.303 9.73 -2.303 -2.271 9.624 -2.271 -1.641 9.58 -3.023 -1.783 9.73 -3.082 -1.741 9.624 -3.064 -1.447 9.58 -4 -1.6 9.73 -4 -1.555 9.624 -4 -1.641 9.58 -4.977 -1.783 9.73 -4.918 -1.741 9.624 -4.936 -2.195 9.58 -5.805 -2.303 9.73 -5.697 -2.271 9.624 -5.729 -3.023 9.58 -6.359 -3.082 9.73 -6.217 -3.064 9.624 -6.259 -3.082 11.15 1.783 -3.179 11.4 2.018 -3.11 11.327 1.852 -2.483 11.4 2.483 -2.303 11.15 2.303 -2.356 11.327 2.356 -1.783 11.15 3.082 -2.018 11.4 3.179 -1.852 11.327 3.11 -1.855 11.4 4 -1.6 11.15 4 -1.675 11.327 4 -1.783 11.15 4.918 -2.018 11.4 4.821 -1.852 11.327 4.89 -2.303 11.15 5.697 -2.483 11.4 5.517 -2.356 11.327 5.644 -3.082 11.15 6.217 -3.179 11.4 5.982 -3.11 11.327 6.148 -4 11.15 6.4 -4 11.4 6.145 -4 11.327 6.325 -4.821 11.4 5.982 -4.918 11.15 6.217 -4.89 11.327 6.148 -5.697 11.15 5.697 -5.517 11.4 5.517 -5.644 11.327 5.644 -6.217 11.15 4.918 -5.982 11.4 4.821 -6.148 11.327 4.89 -6.4 11.15 4 -6.145 11.4 4 -6.325 11.327 4 -6.217 11.15 3.082 -5.982 11.4 3.179 -6.148 11.327 3.11 -5.517 11.4 2.483 -5.697 11.15 2.303 -5.644 11.327 2.356 -4.918 11.15 1.783 -4.821 11.4 2.018 -4.89 11.327 1.852 -4 11.15 1.6 -4 11.4 1.855 -4 11.327 1.675 -2.937 11.4 5.014 -2.836 11.4 4 -2.937 11.4 2.986 -4 11.4 5.097 -4 11.4 4 -4 11.4 2.903 -5.063 11.4 5.014 -5.164 11.4 4 -5.063 11.4 2.986 -4 9.73 1.6 -4 9.58 1.447 -4 9.624 1.555 -4.977 9.58 1.641 -4.918 9.73 1.783 -4.936 9.624 1.741 -5.805 9.58 2.195 -5.697 9.73 2.303 -5.729 9.624 2.271 -6.359 9.58 3.023 -6.217 9.73 3.082 -6.259 9.624 3.064 -6.553 9.58 4 -6.4 9.73 4 -6.445 9.624 4 -6.359 9.58 4.977 -6.217 9.73 4.918 -6.259 9.624 4.936 -5.805 9.58 5.805 -5.697 9.73 5.697 -5.729 9.624 5.729 -4.977 9.58 6.359 -4.918 9.73 6.217 -4.936 9.624 6.259 -4 9.58 6.553 -4 9.73 6.4 -4 9.624 6.445 -3.023 9.58 6.359 -3.082 9.73 6.217 -3.064 9.624 6.259 -2.195 9.58 5.805 -2.303 9.73 5.697 -2.271 9.624 5.729 -1.641 9.58 4.977 -1.783 9.73 4.918 -1.741 9.624 4.936 -1.447 9.58 4 -1.6 9.73 4 -1.555 9.624 4 -1.641 9.58 3.023 -1.783 9.73 3.082 -1.741 9.624 3.064 -2.195 9.58 2.195 -2.303 9.73 2.303 -2.271 9.624 2.271 -3.023 9.58 1.641 -3.082 9.73 1.783 -3.064 9.624 1.741 4.918 11.15 -6.217 4.821 11.4 -5.982 4.89 11.327 -6.148 5.517 11.4 -5.517 5.697 11.15 -5.697 5.644 11.327 -5.644 6.217 11.15 -4.918 5.982 11.4 -4.821 6.148 11.327 -4.89 6.145 11.4 -4 6.4 11.15 -4 6.325 11.327 -4 6.217 11.15 -3.082 5.982 11.4 -3.179 6.148 11.327 -3.11 5.697 11.15 -2.303 5.517 11.4 -2.483 5.644 11.327 -2.356 4.918 11.15 -1.783 4.821 11.4 -2.018 4.89 11.327 -1.852 4 11.15 -1.6 4 11.4 -1.855 4 11.327 -1.675 3.179 11.4 -2.018 3.082 11.15 -1.783 3.11 11.327 -1.852 2.303 11.15 -2.303 2.483 11.4 -2.483 2.356 11.327 -2.356 1.783 11.15 -3.082 2.018 11.4 -3.179 1.852 11.327 -3.11 1.6 11.15 -4 1.855 11.4 -4 1.675 11.327 -4 1.783 11.15 -4.918 2.018 11.4 -4.821 1.852 11.327 -4.89 2.483 11.4 -5.517 2.303 11.15 -5.697 2.356 11.327 -5.644 3.082 11.15 -6.217 3.179 11.4 -5.982 3.11 11.327 -6.148 4 11.15 -6.4 4 11.4 -6.145 4 11.327 -6.325 5.063 11.4 -2.986 5.164 11.4 -4 5.063 11.4 -5.014 4 11.4 -2.903 4 11.4 -4 4 11.4 -5.097 2.937 11.4 -2.986 2.836 11.4 -4 2.937 11.4 -5.014 4 9.73 -6.4 4 9.58 -6.553 4 9.624 -6.445 3.023 9.58 -6.359 3.082 9.73 -6.217 3.064 9.624 -6.259 2.195 9.58 -5.805 2.303 9.73 -5.697 2.271 9.624 -5.729 1.641 9.58 -4.977 1.783 9.73 -4.918 1.741 9.624 -4.936 1.447 9.58 -4 1.6 9.73 -4 1.555 9.624 -4 1.641 9.58 -3.023 1.783 9.73 -3.082 1.741 9.624 -3.064 2.195 9.58 -2.195 2.303 9.73 -2.303 2.271 9.624 -2.271 3.023 9.58 -1.641 3.082 9.73 -1.783 3.064 9.624 -1.741 4 9.58 -1.447 4 9.73 -1.6 4 9.624 -1.555 4.977 9.58 -1.641 4.918 9.73 -1.783 4.936 9.624 -1.741 5.805 9.58 -2.195 5.697 9.73 -2.303 5.729 9.624 -2.271 6.359 9.58 -3.023 6.217 9.73 -3.082 6.259 9.624 -3.064 6.553 9.58 -4 6.4 9.73 -4 6.445 9.624 -4 6.359 9.58 -4.977 6.217 9.73 -4.918 6.259 9.624 -4.936 5.805 9.58 -5.805 5.697 9.73 -5.697 5.729 9.624 -5.729 4.977 9.58 -6.359 4.918 9.73 -6.217 4.936 9.624 -6.259 4.918 11.15 1.783 4.821 11.4 2.018 4.89 11.327 1.852 5.517 11.4 2.483 5.697 11.15 2.303 5.644 11.327 2.356 6.217 11.15 3.082 5.982 11.4 3.179 6.148 11.327 3.11 6.145 11.4 4 6.4 11.15 4 6.325 11.327 4 6.217 11.15 4.918 5.982 11.4 4.821 6.148 11.327 4.89 5.697 11.15 5.697 5.517 11.4 5.517 5.644 11.327 5.644 4.918 11.15 6.217 4.821 11.4 5.982 4.89 11.327 6.148 4 11.15 6.4 4 11.4 6.145 4 11.327 6.325 3.179 11.4 5.982 3.082 11.15 6.217 3.11 11.327 6.148 2.303 11.15 5.697 2.483 11.4 5.517 2.356 11.327 5.644 1.783 11.15 4.918 2.018 11.4 4.821 1.852 11.327 4.89 1.6 11.15 4 1.855 11.4 4 1.675 11.327 4 1.783 11.15 3.082 2.018 11.4 3.179 1.852 11.327 3.11 2.483 11.4 2.483 2.303 11.15 2.303 2.356 11.327 2.356 3.082 11.15 1.783 3.179 11.4 2.018 3.11 11.327 1.852 4 11.15 1.6 4 11.4 1.855 4 11.327 1.675 5.063 11.4 5.014 5.164 11.4 4 5.063 11.4 2.986 4 11.4 5.097 4 11.4 4 4 11.4 2.903 2.937 11.4 5.014 2.836 11.4 4 2.937 11.4 2.986 4 9.73 1.6 4 9.58 1.447 4 9.624 1.555 3.023 9.58 1.641 3.082 9.73 1.783 3.064 9.624 1.741 2.195 9.58 2.195 2.303 9.73 2.303 2.271 9.624 2.271 1.641 9.58 3.023 1.783 9.73 3.082 1.741 9.624 3.064 1.447 9.58 4 1.6 9.73 4 1.555 9.624 4 1.641 9.58 4.977 1.783 9.73 4.918 1.741 9.624 4.936 2.195 9.58 5.805 2.303 9.73 5.697 2.271 9.624 5.729 3.023 9.58 6.359 3.082 9.73 6.217 3.064 9.624 6.259 4 9.58 6.553 4 9.73 6.4 4 9.624 6.445 4.977 9.58 6.359 4.918 9.73 6.217 4.936 9.624 6.259 5.805 9.58 5.805 5.697 9.73 5.697 5.729 9.624 5.729 6.359 9.58 4.977 6.217 9.73 4.918 6.259 9.624 4.936 6.553 9.58 4 6.4 9.73 4 6.445 9.624 4 6.359 9.58 3.023 6.217 9.73 3.082 6.259 9.624 3.064 5.805 9.58 2.195 5.697 9.73 2.303 5.729 9.624 2.271 4.977 9.58 1.641 4.918 9.73 1.783 4.936 9.624 1.741</float_array>
					<technique_common>
						<accessor source="#3003-mesh-positions-array" count="778" stride="3">
							<param name="X" type="float"/>
							<param name="Y" type="float"/>
							<param name="Z" type="float"/>
						</accessor>
					</technique_common>
				</source>
				<source id="3003-mesh-map-0">
					<float_array id="3003-mesh-map-0-array" count="6288">0.916 0.74 0.72 0.74 0.916 0.625 0.72 0.74 0.72 0.625 0.916 0.625 0.241 0.026 0.241 0.301 0.013 0.026 0.241 0.301 0.013 0.301 0.013 0.026 0.705 0.765 0.739 0.765 0.705 0.879 0.739 0.765 0.739 0.846 0.705 0.879 0.362 0.594 0.362 0.838 0.281 0.594 0.362 0.838 0.281 0.838 0.281 0.594 0.321 0.878 0.347 0.883 0.311 0.9 0.347 0.883 0.347 0.908 0.311 0.9 0.321 0.878 0.311 0.9 0.298 0.863 0.311 0.9 0.281 0.88 0.298 0.863 0.373 0.878 0.383 0.901 0.347 0.883 0.383 0.901 0.347 0.908 0.347 0.883 0.396 0.863 0.413 0.88 0.373 0.878 0.413 0.88 0.383 0.901 0.373 0.878 0.412 0.026 0.412 0.27 0.375 0.026 0.412 0.27 0.375 0.27 0.375 0.026 0.375 0.026 0.375 0.27 0.339 0.026 0.375 0.27 0.339 0.27 0.339 0.026 0.339 0.026 0.339 0.27 0.303 0.026 0.339 0.27 0.303 0.27 0.303 0.026 0.266 0.026 0.303 0.026 0.266 0.27 0.303 0.026 0.303 0.27 0.266 0.27 0.742 0.026 0.742 0.27 0.716 0.026 0.742 0.27 0.716 0.27 0.716 0.026 0.769 0.026 0.769 0.27 0.742 0.026 0.769 0.27 0.742 0.27 0.742 0.026 0.796 0.026 0.796 0.27 0.769 0.026 0.796 0.27 0.769 0.27 0.769 0.026 0.823 0.026 0.823 0.27 0.796 0.026 0.823 0.27 0.796 0.27 0.796 0.026 0.865 0.238 0.865 0.249 0.848 0.238 0.865 0.249 0.848 0.249 0.848 0.238 0.586 0.906 0.826 0.906 0.586 0.917 0.826 0.906 0.826 0.917 0.586 0.917 0.989 0.026 0.989 0.266 0.977 0.026 0.989 0.266 0.977 0.266 0.977 0.026 0.962 0.326 0.962 0.566 0.945 0.326 0.962 0.566 0.945 0.566 0.945 0.326 0.934 0.846 0.934 0.879 0.739 0.846 0.934 0.879 0.705 0.879 0.739 0.846 0.691 0.026 0.691 0.301 0.577 0.026 0.691 0.301 0.577 0.301 0.577 0.026 0.013 0.326 0.256 0.326 0.013 0.521 0.256 0.326 0.256 0.521 0.013 0.521 0.013 0.546 0.256 0.546 0.013 0.661 0.256 0.546 0.256 0.661 0.013 0.661 0.756 0.827 0.756 0.793 0.87 0.827 0.756 0.793 0.87 0.793 0.87 0.827 0.013 0.801 0.013 0.686 0.241 0.801 0.013 0.686 0.241 0.686 0.241 0.801 0.552 0.026 0.552 0.301 0.437 0.026 0.552 0.301 0.437 0.301 0.437 0.026 0.013 0.962 0.253 0.962 0.013 0.973 0.253 0.962 0.253 0.973 0.013 0.973 0.395 0.594 0.395 0.834 0.387 0.594 0.395 0.834 0.387 0.834 0.387 0.594 0.279 0.963 0.518 0.963 0.279 0.974 0.518 0.963 0.518 0.974 0.279 0.974 0.857 0.286 0.857 0.274 0.865 0.286 0.857 0.274 0.865 0.274 0.865 0.286 0.848 0.286 0.848 0.274 0.857 0.286 0.848 0.274 0.857 0.274 0.857 0.286 0.404 0.594 0.404 0.834 0.395 0.594 0.404 0.834 0.395 0.834 0.395 0.594 0.013 0.94 0.013 0.826 0.241 0.94 0.013 0.826 0.241 0.826 0.241 0.94 0.92 0.546 0.724 0.546 0.92 0.466 0.724 0.546 0.724 0.466 0.92 0.466 0.916 0.74 0.916 0.625 0.72 0.74 0.916 0.625 0.72 0.625 0.72 0.74 0.241 0.026 0.013 0.026 0.241 0.301 0.013 0.026 0.013 0.301 0.241 0.301 0.705 0.765 0.705 0.879 0.739 0.765 0.705 0.879 0.739 0.846 0.739 0.765 0.362 0.594 0.281 0.594 0.362 0.838 0.281 0.594 0.281 0.838 0.362 0.838 0.321 0.878 0.311 0.9 0.347 0.883 0.311 0.9 0.347 0.908 0.347 0.883 0.321 0.878 0.298 0.863 0.311 0.9 0.298 0.863 0.281 0.88 0.311 0.9 0.373 0.878 0.347 0.883 0.383 0.901 0.347 0.883 0.347 0.908 0.383 0.901 0.396 0.863 0.373 0.878 0.413 0.88 0.373 0.878 0.383 0.901 0.413 0.88 0.412 0.026 0.375 0.026 0.412 0.27 0.375 0.026 0.375 0.27 0.412 0.27 0.375 0.026 0.339 0.026 0.375 0.27 0.339 0.026 0.339 0.27 0.375 0.27 0.339 0.026 0.303 0.026 0.339 0.27 0.303 0.026 0.303 0.27 0.339 0.27 0.266 0.026 0.266 0.27 0.303 0.026 0.266 0.27 0.303 0.27 0.303 0.026 0.742 0.026 0.716 0.026 0.742 0.27 0.716 0.026 0.716 0.27 0.742 0.27 0.769 0.026 0.742 0.026 0.769 0.27 0.742 0.026 0.742 0.27 0.769 0.27 0.796 0.026 0.769 0.026 0.796 0.27 0.769 0.026 0.769 0.27 0.796 0.27 0.823 0.026 0.796 0.026 0.823 0.27 0.796 0.026 0.796 0.27 0.823 0.27 0.865 0.238 0.848 0.238 0.865 0.249 0.848 0.238 0.848 0.249 0.865 0.249 0.586 0.906 0.586 0.917 0.826 0.906 0.586 0.917 0.826 0.917 0.826 0.906 0.989 0.026 0.977 0.026 0.989 0.266 0.977 0.026 0.977 0.266 0.989 0.266 0.962 0.326 0.945 0.326 0.962 0.566 0.945 0.326 0.945 0.566 0.962 0.566 0.934 0.846 0.739 0.846 0.934 0.879 0.739 0.846 0.705 0.879 0.934 0.879 0.691 0.026 0.577 0.026 0.691 0.301 0.577 0.026 0.577 0.301 0.691 0.301 0.013 0.326 0.013 0.521 0.256 0.326 0.013 0.521 0.256 0.521 0.256 0.326 0.013 0.546 0.013 0.661 0.256 0.546 0.013 0.661 0.256 0.661 0.256 0.546 0.756 0.827 0.87 0.827 0.756 0.793 0.87 0.827 0.87 0.793 0.756 0.793 0.013 0.801 0.241 0.801 0.013 0.686 0.241 0.801 0.241 0.686 0.013 0.686 0.552 0.026 0.437 0.026 0.552 0.301 0.437 0.026 0.437 0.301 0.552 0.301 0.013 0.962 0.013 0.973 0.253 0.962 0.013 0.973 0.253 0.973 0.253 0.962 0.395 0.594 0.387 0.594 0.395 0.834 0.387 0.594 0.387 0.834 0.395 0.834 0.279 0.963 0.279 0.974 0.518 0.963 0.279 0.974 0.518 0.974 0.518 0.963 0.857 0.286 0.865 0.286 0.857 0.274 0.865 0.286 0.865 0.274 0.857 0.274 0.848 0.286 0.857 0.286 0.848 0.274 0.857 0.286 0.857 0.274 0.848 0.274 0.404 0.594 0.395 0.594 0.404 0.834 0.395 0.594 0.395 0.834 0.404 0.834 0.013 0.94 0.241 0.94 0.013 0.826 0.241 0.94 0.241 0.826 0.013 0.826 0.92 0.546 0.92 0.466 0.724 0.546 0.92 0.466 0.724 0.466 0.724 0.546 0.916 0.74 0.916 0.625 0.72 0.74 0.916 0.625 0.72 0.625 0.72 0.74 0.241 0.026 0.013 0.026 0.241 0.301 0.013 0.026 0.013 0.301 0.241 0.301 0.705 0.765 0.705 0.879 0.739 0.765 0.705 0.879 0.739 0.846 0.739 0.765 0.362 0.594 0.281 0.594 0.362 0.838 0.281 0.594 0.281 0.838 0.362 0.838 0.321 0.878 0.311 0.9 0.347 0.883 0.311 0.9 0.347 0.908 0.347 0.883 0.321 0.878 0.298 0.863 0.311 0.9 0.298 0.863 0.281 0.88 0.311 0.9 0.373 0.878 0.347 0.883 0.383 0.901 0.347 0.883 0.347 0.908 0.383 0.901 0.396 0.863 0.373 0.878 0.413 0.88 0.373 0.878 0.383 0.901 0.413 0.88 0.412 0.026 0.375 0.026 0.412 0.27 0.375 0.026 0.375 0.27 0.412 0.27 0.375 0.026 0.339 0.026 0.375 0.27 0.339 0.026 0.339 0.27 0.375 0.27 0.339 0.026 0.303 0.026 0.339 0.27 0.303 0.026 0.303 0.27 0.339 0.27 0.266 0.026 0.266 0.27 0.303 0.026 0.266 0.27 0.303 0.27 0.303 0.026 0.742 0.026 0.716 0.026 0.742 0.27 0.716 0.026 0.716 0.27 0.742 0.27 0.769 0.026 0.742 0.026 0.769 0.27 0.742 0.026 0.742 0.27 0.769 0.27 0.796 0.026 0.769 0.026 0.796 0.27 0.769 0.026 0.769 0.27 0.796 0.27 0.823 0.026 0.796 0.026 0.823 0.27 0.796 0.026 0.796 0.27 0.823 0.27 0.865 0.238 0.848 0.238 0.865 0.249 0.848 0.238 0.848 0.249 0.865 0.249 0.586 0.906 0.586 0.917 0.826 0.906 0.586 0.917 0.826 0.917 0.826 0.906 0.989 0.026 0.977 0.026 0.989 0.266 0.977 0.026 0.977 0.266 0.989 0.266 0.962 0.326 0.945 0.326 0.962 0.566 0.945 0.326 0.945 0.566 0.962 0.566 0.934 0.846 0.739 0.846 0.934 0.879 0.739 0.846 0.705 0.879 0.934 0.879 0.691 0.026 0.577 0.026 0.691 0.301 0.577 0.026 0.577 0.301 0.691 0.301 0.013 0.326 0.013 0.521 0.256 0.326 0.013 0.521 0.256 0.521 0.256 0.326 0.013 0.546 0.013 0.661 0.256 0.546 0.013 0.661 0.256 0.661 0.256 0.546 0.756 0.827 0.87 0.827 0.756 0.793 0.87 0.827 0.87 0.793 0.756 0.793 0.013 0.801 0.241 0.801 0.013 0.686 0.241 0.801 0.241 0.686 0.013 0.686 0.552 0.026 0.437 0.026 0.552 0.301 0.437 0.026 0.437 0.301 0.552 0.301 0.013 0.962 0.013 0.973 0.253 0.962 0.013 0.973 0.253 0.973 0.253 0.962 0.395 0.594 0.387 0.594 0.395 0.834 0.387 0.594 0.387 0.834 0.395 0.834 0.279 0.963 0.279 0.974 0.518 0.963 0.279 0.974 0.518 0.974 0.518 0.963 0.857 0.286 0.865 0.286 0.857 0.274 0.865 0.286 0.865 0.274 0.857 0.274 0.848 0.286 0.857 0.286 0.848 0.274 0.857 0.286 0.857 0.274 0.848 0.274 0.404 0.594 0.395 0.594 0.404 0.834 0.395 0.594 0.395 0.834 0.404 0.834 0.013 0.94 0.241 0.94 0.013 0.826 0.241 0.94 0.241 0.826 0.013 0.826 0.92 0.546 0.92 0.466 0.724 0.546 0.92 0.466 0.724 0.466 0.724 0.546 0.916 0.74 0.72 0.74 0.916 0.625 0.72 0.74 0.72 0.625 0.916 0.625 0.241 0.026 0.241 0.301 0.013 0.026 0.241 0.301 0.013 0.301 0.013 0.026 0.705 0.765 0.739 0.765 0.705 0.879 0.739 0.765 0.739 0.846 0.705 0.879 0.362 0.594 0.362 0.838 0.281 0.594 0.362 0.838 0.281 0.838 0.281 0.594 0.321 0.878 0.347 0.883 0.311 0.9 0.347 0.883 0.347 0.908 0.311 0.9 0.321 0.878 0.311 0.9 0.298 0.863 0.311 0.9 0.281 0.88 0.298 0.863 0.373 0.878 0.383 0.901 0.347 0.883 0.383 0.901 0.347 0.908 0.347 0.883 0.396 0.863 0.413 0.88 0.373 0.878 0.413 0.88 0.383 0.901 0.373 0.878 0.412 0.026 0.412 0.27 0.375 0.026 0.412 0.27 0.375 0.27 0.375 0.026 0.375 0.026 0.375 0.27 0.339 0.026 0.375 0.27 0.339 0.27 0.339 0.026 0.339 0.026 0.339 0.27 0.303 0.026 0.339 0.27 0.303 0.27 0.303 0.026 0.266 0.026 0.303 0.026 0.266 0.27 0.303 0.026 0.303 0.27 0.266 0.27 0.742 0.026 0.742 0.27 0.716 0.026 0.742 0.27 0.716 0.27 0.716 0.026 0.769 0.026 0.769 0.27 0.742 0.026 0.769 0.27 0.742 0.27 0.742 0.026 0.796 0.026 0.796 0.27 0.769 0.026 0.796 0.27 0.769 0.27 0.769 0.026 0.823 0.026 0.823 0.27 0.796 0.026 0.823 0.27 0.796 0.27 0.796 0.026 0.865 0.238 0.865 0.249 0.848 0.238 0.865 0.249 0.848 0.249 0.848 0.238 0.586 0.906 0.826 0.906 0.586 0.917 0.826 0.906 0.826 0.917 0.586 0.917 0.989 0.026 0.989 0.266 0.977 0.026 0.989 0.266 0.977 0.266 0.977 0.026 0.962 0.326 0.962 0.566 0.945 0.326 0.962 0.566 0.945 0.566 0.945 0.326 0.934 0.846 0.934 0.879 0.739 0.846 0.934 0.879 0.705 0.879 0.739 0.846 0.691 0.026 0.691 0.301 0.577 0.026 0.691 0.301 0.577 0.301 0.577 0.026 0.013 0.326 0.256 0.326 0.013 0.521 0.256 0.326 0.256 0.521 0.013 0.521 0.013 0.546 0.256 0.546 0.013 0.661 0.256 0.546 0.256 0.661 0.013 0.661 0.756 0.827 0.756 0.793 0.87 0.827 0.756 0.793 0.87 0.793 0.87 0.827 0.013 0.801 0.013 0.686 0.241 0.801 0.013 0.686 0.241 0.686 0.241 0.801 0.552 0.026 0.552 0.301 0.437 0.026 0.552 0.301 0.437 0.301 0.437 0.026 0.013 0.962 0.253 0.962 0.013 0.973 0.253 0.962 0.253 0.973 0.013 0.973 0.395 0.594 0.395 0.834 0.387 0.594 0.395 0.834 0.387 0.834 0.387 0.594 0.279 0.963 0.518 0.963 0.279 0.974 0.518 0.963 0.518 0.974 0.279 0.974 0.857 0.286 0.857 0.274 0.865 0.286 0.857 0.274 0.865 0.274 0.865 0.286 0.848 0.286 0.848 0.274 0.857 0.286 0.848 0.274 0.857 0.274 0.857 0.286 0.404 0.594 0.404 0.834 0.395 0.594 0.404 0.834 0.395 0.834 0.395 0.594 0.013 0.94 0.013 0.826 0.241 0.94 0.013 0.826 0.241 0.826 0.241 0.94 0.92 0.546 0.724 0.546 0.92 0.466 0.724 0.546 0.724 0.466 0.92 0.466 0.000834 0.000692 0.000735 0.000712 0.000853 0.000603 0.000735 0.000712 0.000746 0.000602 0.000853 0.000603 0.000367 0.000707 0.000425 0.000796 0.000154 0.000801 0.000425 0.000796 0.000264 0.000962 0.000154 0.000801 0.000495 0.000602 0.000389 0.000602 0.000506 0.000493 0.000389 0.000602 0.000407 0.000514 0.000506 0.000493 0.00062 0.000484 0.000506 0.000493 0.00062 0.00037 0.000506 0.000493 0.000531 0.000388 0.00062 0.00037 0.000456 0.000765 0.000407 0.00069 0.000531 0.000816 0.000407 0.00069 0.000506 0.000712 0.000531 0.000816 0.00062 0.000835 0.00062 0.000721 0.000709 0.000817 0.00062 0.000721 0.000735 0.000712 0.000709 0.000817 0.000506 0.000493 0.000407 0.000514 0.000531 0.000388 0.000407 0.000514 0.000456 0.000439 0.000531 0.000388 0.000835 0.000513 0.000735 0.000492 0.000785 0.000438 0.000735 0.000492 0.000709 0.000387 0.000785 0.000438 0.000531 0.000816 0.000506 0.000712 0.00062 0.000835 0.000506 0.000712 0.00062 0.000721 0.00062 0.000835 0.000506 0.000712 0.000407 0.00069 0.000495 0.000602 0.000407 0.00069 0.000389 0.000602 0.000495 0.000602 0.000709 0.000817 0.000735 0.000712 0.000783 0.000766 0.000735 0.000712 0.000834 0.000692 0.000783 0.000766 0.000853 0.000603 0.000746 0.000602 0.000835 0.000513 0.000746 0.000602 0.000735 0.000492 0.000835 0.000513 0.000735 0.000492 0.00062 0.000484 0.000709 0.000387 0.00062 0.000484 0.00062 0.00037 0.000709 0.000387 0.000813 0.000797 0.000798 0.000781 0.000874 0.000709 0.000798 0.000781 0.000854 0.0007 0.000874 0.000709 0.000798 0.000781 0.000783 0.000766 0.000854 0.0007 0.000783 0.000766 0.000834 0.000692 0.000854 0.0007 0.000897 0.000604 0.000874 0.000603 0.000876 0.000497 0.000874 0.000603 0.000856 0.000505 0.000876 0.000497 0.000874 0.000603 0.000853 0.000603 0.000856 0.000505 0.000853 0.000603 0.000835 0.000513 0.000856 0.000505 0.000514 0.000348 0.000523 0.000369 0.000426 0.000408 0.000523 0.000369 0.000441 0.000424 0.000426 0.000408 0.000523 0.000369 0.000531 0.000388 0.000441 0.000424 0.000531 0.000388 0.000456 0.000439 0.000441 0.000424 0.000876 0.000497 0.000856 0.000505 0.000816 0.000407 0.000856 0.000505 0.0008 0.000422 0.000816 0.000407 0.000856 0.000505 0.000835 0.000513 0.0008 0.000422 0.000835 0.000513 0.000785 0.000438 0.0008 0.000422 0.000816 0.000407 0.0008 0.000422 0.000726 0.000347 0.0008 0.000422 0.000717 0.000367 0.000726 0.000347 0.0008 0.000422 0.000785 0.000438 0.000717 0.000367 0.000785 0.000438 0.000709 0.000387 0.000717 0.000367 0.000426 0.000408 0.000441 0.000424 0.000367 0.000497 0.000441 0.000424 0.000387 0.000506 0.000367 0.000497 0.000441 0.000424 0.000456 0.000439 0.000387 0.000506 0.000456 0.000439 0.000407 0.000514 0.000387 0.000506 0.000367 0.000497 0.000387 0.000506 0.000346 0.000602 0.000387 0.000506 0.000368 0.000602 0.000346 0.000602 0.000387 0.000506 0.000407 0.000514 0.000368 0.000602 0.000407 0.000514 0.000389 0.000602 0.000368 0.000602 0.000425 0.000796 0.000441 0.00078 0.000513 0.000857 0.000441 0.00078 0.000522 0.000836 0.000513 0.000857 0.000441 0.00078 0.000456 0.000765 0.000522 0.000836 0.000456 0.000765 0.000531 0.000816 0.000522 0.000836 0.000726 0.000347 0.000717 0.000367 0.00062 0.000326 0.000717 0.000367 0.00062 0.000349 0.00062 0.000326 0.000717 0.000367 0.000709 0.000387 0.00062 0.000349 0.000709 0.000387 0.00062 0.00037 0.00062 0.000349 0.00062 0.000326 0.00062 0.000349 0.000514 0.000348 0.00062 0.000349 0.000523 0.000369 0.000514 0.000348 0.00062 0.000349 0.00062 0.00037 0.000523 0.000369 0.00062 0.00037 0.000531 0.000388 0.000523 0.000369 0.000346 0.000602 0.000368 0.000602 0.000367 0.000707 0.000368 0.000602 0.000387 0.000699 0.000367 0.000707 0.000368 0.000602 0.000389 0.000602 0.000387 0.000699 0.000389 0.000602 0.000407 0.00069 0.000387 0.000699 0.000367 0.000707 0.000387 0.000699 0.000425 0.000796 0.000387 0.000699 0.000441 0.00078 0.000425 0.000796 0.000387 0.000699 0.000407 0.00069 0.000441 0.00078 0.000407 0.00069 0.000456 0.000765 0.000441 0.00078 0.000513 0.000857 0.000522 0.000836 0.000619 0.00088 0.000522 0.000836 0.00062 0.000857 0.000619 0.00088 0.000522 0.000836 0.000531 0.000816 0.00062 0.000857 0.000531 0.000816 0.00062 0.000835 0.00062 0.000857 0.000874 0.000709 0.000854 0.0007 0.000897 0.000604 0.000854 0.0007 0.000874 0.000603 0.000897 0.000604 0.000854 0.0007 0.000834 0.000692 0.000874 0.000603 0.000834 0.000692 0.000853 0.000603 0.000874 0.000603 0.000619 0.00088 0.00062 0.000857 0.000725 0.000857 0.00062 0.000857 0.000717 0.000837 0.000725 0.000857 0.00062 0.000857 0.00062 0.000835 0.000717 0.000837 0.00062 0.000835 0.000709 0.000817 0.000717 0.000837 0.000725 0.000857 0.000717 0.000837 0.000813 0.000797 0.000717 0.000837 0.000798 0.000781 0.000813 0.000797 0.000717 0.000837 0.000709 0.000817 0.000798 0.000781 0.000709 0.000817 0.000783 0.000766 0.000798 0.000781 0.000746 0.000602 0.00062 0.000602 0.000735 0.000492 0.00062 0.000602 0.00062 0.000484 0.000735 0.000492 0.00062 0.000602 0.000495 0.000602 0.00062 0.000484 0.000495 0.000602 0.000506 0.000493 0.00062 0.000484 0.000735 0.000712 0.00062 0.000721 0.000746 0.000602 0.00062 0.000721 0.00062 0.000602 0.000746 0.000602 0.00062 0.000721 0.000506 0.000712 0.00062 0.000602 0.000506 0.000712 0.000495 0.000602 0.00062 0.000602 0.000426 0.001068 0.000617 0.001107 0.000417 0.00109 0.000617 0.001107 0.000616 0.001131 0.000417 0.00109 0.000417 0.00109 0.000616 0.001131 0.000408 0.001113 0.000616 0.001131 0.000615 0.001156 0.000408 0.001113 0.000264 0.000962 0.000426 0.001068 0.000248 0.000979 0.000426 0.001068 0.000417 0.00109 0.000248 0.000979 0.000248 0.000979 0.000417 0.00109 0.00023 0.000996 0.000417 0.00109 0.000408 0.001113 0.00023 0.000996 0.000154 0.000801 0.000264 0.000962 0.000131 0.000811 0.000264 0.000962 0.000248 0.000979 0.000131 0.000811 0.000131 0.000811 0.000248 0.000979 0.000109 0.00082 0.000248 0.000979 0.00023 0.000996 0.000109 0.00082 0.000112 0.000609 0.000154 0.000801 0.000087 0.00061 0.000154 0.000801 0.000131 0.000811 0.000087 0.00061 0.000087 0.00061 0.000131 0.000811 0.000062 0.00061 0.000131 0.000811 0.000109 0.00082 0.000062 0.00061 0.000146 0.000414 0.000112 0.000609 0.000123 0.000405 0.000112 0.000609 0.000087 0.00061 0.000123 0.000405 0.000123 0.000405 0.000087 0.00061 0.0001 0.000396 0.000087 0.00061 0.000062 0.00061 0.0001 0.000396 0.000252 0.000246 0.000146 0.000414 0.000234 0.000229 0.000146 0.000414 0.000123 0.000405 0.000234 0.000229 0.000234 0.000229 0.000123 0.000405 0.000216 0.000212 0.000123 0.000405 0.0001 0.000396 0.000216 0.000212 0.000415 0.000131 0.000252 0.000246 0.000405 0.000108 0.000252 0.000246 0.000234 0.000229 0.000405 0.000108 0.000405 0.000108 0.000234 0.000229 0.000395 0.000085 0.000234 0.000229 0.000216 0.000212 0.000395 0.000085 0.000611 0.000087 0.000415 0.000131 0.000611 0.000062 0.000415 0.000131 0.000405 0.000108 0.000611 0.000062 0.000611 0.000062 0.000405 0.000108 0.00061 0.000036 0.000405 0.000108 0.000395 0.000085 0.00061 0.000036 0.00081 0.000121 0.000611 0.000087 0.000819 0.000098 0.000611 0.000087 0.000611 0.000062 0.000819 0.000098 0.000819 0.000098 0.000611 0.000062 0.000829 0.000074 0.000611 0.000062 0.00061 0.000036 0.000829 0.000074 0.000982 0.00023 0.00081 0.000121 0.000999 0.000212 0.00081 0.000121 0.000819 0.000098 0.000999 0.000212 0.000999 0.000212 0.000819 0.000098 0.001017 0.000193 0.000819 0.000098 0.000829 0.000074 0.001017 0.000193 0.001099 0.000397 0.000982 0.00023 0.001123 0.000387 0.000982 0.00023 0.000999 0.000212 0.001123 0.000387 0.001123 0.000387 0.000999 0.000212 0.001147 0.000377 0.000999 0.000212 0.001017 0.000193 0.001147 0.000377 0.001143 0.000599 0.001099 0.000397 0.001169 0.000598 0.001099 0.000397 0.001123 0.000387 0.001169 0.000598 0.001169 0.000598 0.001123 0.000387 0.001195 0.000598 0.001123 0.000387 0.001147 0.000377 0.001195 0.000598 0.001105 0.000803 0.001143 0.000599 0.001129 0.000813 0.001143 0.000599 0.001169 0.000598 0.001129 0.000813 0.001129 0.000813 0.001169 0.000598 0.001154 0.000823 0.001169 0.000598 0.001195 0.000598 0.001154 0.000823 0.00099 0.000975 0.001105 0.000803 0.001007 0.000994 0.001105 0.000803 0.001129 0.000813 0.001007 0.000994 0.001007 0.000994 0.001129 0.000813 0.001025 0.001013 0.001129 0.000813 0.001154 0.000823 0.001025 0.001013 0.000814 0.001079 0.00099 0.000975 0.000822 0.001103 0.00099 0.000975 0.001007 0.000994 0.000822 0.001103 0.000822 0.001103 0.001007 0.000994 0.00083 0.001127 0.001007 0.000994 0.001025 0.001013 0.00083 0.001127 0.000617 0.001107 0.000814 0.001079 0.000616 0.001131 0.000814 0.001079 0.000822 0.001103 0.000616 0.001131 0.000616 0.001131 0.000822 0.001103 0.000615 0.001156 0.000822 0.001103 0.00083 0.001127 0.000615 0.001156 0.000816 0.000407 0.000726 0.000347 0.000982 0.00023 0.000726 0.000347 0.00081 0.000121 0.000982 0.00023 0.000425 0.000796 0.000513 0.000857 0.000264 0.000962 0.000513 0.000857 0.000426 0.001068 0.000264 0.000962 0.000726 0.000347 0.00062 0.000326 0.00081 0.000121 0.00062 0.000326 0.000611 0.000087 0.00081 0.000121 0.000617 0.001107 0.000619 0.00088 0.000814 0.001079 0.000619 0.00088 0.000725 0.000857 0.000814 0.001079 0.000513 0.000857 0.000619 0.00088 0.000426 0.001068 0.000619 0.00088 0.000617 0.001107 0.000426 0.001068 0.00062 0.000326 0.000514 0.000348 0.000611 0.000087 0.000514 0.000348 0.000415 0.000131 0.000611 0.000087 0.000814 0.001079 0.000725 0.000857 0.00099 0.000975 0.000725 0.000857 0.000813 0.000797 0.00099 0.000975 0.000514 0.000348 0.000426 0.000408 0.000415 0.000131 0.000426 0.000408 0.000252 0.000246 0.000415 0.000131 0.000813 0.000797 0.000874 0.000709 0.00099 0.000975 0.000874 0.000709 0.001105 0.000803 0.00099 0.000975 0.000426 0.000408 0.000367 0.000497 0.000252 0.000246 0.000367 0.000497 0.000146 0.000414 0.000252 0.000246 0.000874 0.000709 0.000897 0.000604 0.001105 0.000803 0.000897 0.000604 0.001143 0.000599 0.001105 0.000803 0.000367 0.000497 0.000346 0.000602 0.000146 0.000414 0.000346 0.000602 0.000112 0.000609 0.000146 0.000414 0.000897 0.000604 0.000876 0.000497 0.001143 0.000599 0.000876 0.000497 0.001099 0.000397 0.001143 0.000599 0.000346 0.000602 0.000367 0.000707 0.000112 0.000609 0.000367 0.000707 0.000154 0.000801 0.000112 0.000609 0.000876 0.000497 0.000816 0.000407 0.001099 0.000397 0.000816 0.000407 0.000982 0.00023 0.001099 0.000397 0.000834 0.000692 0.000735 0.000712 0.000853 0.000603 0.000735 0.000712 0.000746 0.000602 0.000853 0.000603 0.000367 0.000707 0.000425 0.000796 0.000154 0.000801 0.000425 0.000796 0.000264 0.000962 0.000154 0.000801 0.000495 0.000602 0.000389 0.000602 0.000506 0.000493 0.000389 0.000602 0.000407 0.000514 0.000506 0.000493 0.00062 0.000484 0.000506 0.000493 0.00062 0.00037 0.000506 0.000493 0.000531 0.000388 0.00062 0.00037 0.000456 0.000765 0.000407 0.00069 0.000531 0.000816 0.000407 0.00069 0.000506 0.000712 0.000531 0.000816 0.00062 0.000835 0.00062 0.000721 0.000709 0.000817 0.00062 0.000721 0.000735 0.000712 0.000709 0.000817 0.000506 0.000493 0.000407 0.000514 0.000531 0.000388 0.000407 0.000514 0.000456 0.000439 0.000531 0.000388 0.000835 0.000513 0.000735 0.000492 0.000785 0.000438 0.000735 0.000492 0.000709 0.000387 0.000785 0.000438 0.000531 0.000816 0.000506 0.000712 0.00062 0.000835 0.000506 0.000712 0.00062 0.000721 0.00062 0.000835 0.000506 0.000712 0.000407 0.00069 0.000495 0.000602 0.000407 0.00069 0.000389 0.000602 0.000495 0.000602 0.000709 0.000817 0.000735 0.000712 0.000783 0.000766 0.000735 0.000712 0.000834 0.000692 0.000783 0.000766 0.000853 0.000603 0.000746 0.000602 0.000835 0.000513 0.000746 0.000602 0.000735 0.000492 0.000835 0.000513 0.000735 0.000492 0.00062 0.000484 0.000709 0.000387 0.00062 0.000484 0.00062 0.00037 0.000709 0.000387 0.000813 0.000797 0.000798 0.000781 0.000874 0.000709 0.000798 0.000781 0.000854 0.0007 0.000874 0.000709 0.000798 0.000781 0.000783 0.000766 0.000854 0.0007 0.000783 0.000766 0.000834 0.000692 0.000854 0.0007 0.000897 0.000604 0.000874 0.000603 0.000876 0.000497 0.000874 0.000603 0.000856 0.000505 0.000876 0.000497 0.000874 0.000603 0.000853 0.000603 0.000856 0.000505 0.000853 0.000603 0.000835 0.000513 0.000856 0.000505 0.000514 0.000348 0.000523 0.000369 0.000426 0.000408 0.000523 0.000369 0.000441 0.000424 0.000426 0.000408 0.000523 0.000369 0.000531 0.000388 0.000441 0.000424 0.000531 0.000388 0.000456 0.000439 0.000441 0.000424 0.000876 0.000497 0.000856 0.000505 0.000816 0.000407 0.000856 0.000505 0.0008 0.000422 0.000816 0.000407 0.000856 0.000505 0.000835 0.000513 0.0008 0.000422 0.000835 0.000513 0.000785 0.000438 0.0008 0.000422 0.000816 0.000407 0.0008 0.000422 0.000726 0.000347 0.0008 0.000422 0.000717 0.000367 0.000726 0.000347 0.0008 0.000422 0.000785 0.000438 0.000717 0.000367 0.000785 0.000438 0.000709 0.000387 0.000717 0.000367 0.000426 0.000408 0.000441 0.000424 0.000367 0.000497 0.000441 0.000424 0.000387 0.000506 0.000367 0.000497 0.000441 0.000424 0.000456 0.000439 0.000387 0.000506 0.000456 0.000439 0.000407 0.000514 0.000387 0.000506 0.000367 0.000497 0.000387 0.000506 0.000346 0.000602 0.000387 0.000506 0.000368 0.000602 0.000346 0.000602 0.000387 0.000506 0.000407 0.000514 0.000368 0.000602 0.000407 0.000514 0.000389 0.000602 0.000368 0.000602 0.000425 0.000796 0.000441 0.00078 0.000513 0.000857 0.000441 0.00078 0.000522 0.000836 0.000513 0.000857 0.000441 0.00078 0.000456 0.000765 0.000522 0.000836 0.000456 0.000765 0.000531 0.000816 0.000522 0.000836 0.000726 0.000347 0.000717 0.000367 0.00062 0.000326 0.000717 0.000367 0.00062 0.000349 0.00062 0.000326 0.000717 0.000367 0.000709 0.000387 0.00062 0.000349 0.000709 0.000387 0.00062 0.00037 0.00062 0.000349 0.00062 0.000326 0.00062 0.000349 0.000514 0.000348 0.00062 0.000349 0.000523 0.000369 0.000514 0.000348 0.00062 0.000349 0.00062 0.00037 0.000523 0.000369 0.00062 0.00037 0.000531 0.000388 0.000523 0.000369 0.000346 0.000602 0.000368 0.000602 0.000367 0.000707 0.000368 0.000602 0.000387 0.000699 0.000367 0.000707 0.000368 0.000602 0.000389 0.000602 0.000387 0.000699 0.000389 0.000602 0.000407 0.00069 0.000387 0.000699 0.000367 0.000707 0.000387 0.000699 0.000425 0.000796 0.000387 0.000699 0.000441 0.00078 0.000425 0.000796 0.000387 0.000699 0.000407 0.00069 0.000441 0.00078 0.000407 0.00069 0.000456 0.000765 0.000441 0.00078 0.000513 0.000857 0.000522 0.000836 0.000619 0.00088 0.000522 0.000836 0.00062 0.000857 0.000619 0.00088 0.000522 0.000836 0.000531 0.000816 0.00062 0.000857 0.000531 0.000816 0.00062 0.000835 0.00062 0.000857 0.000874 0.000709 0.000854 0.0007 0.000897 0.000604 0.000854 0.0007 0.000874 0.000603 0.000897 0.000604 0.000854 0.0007 0.000834 0.000692 0.000874 0.000603 0.000834 0.000692 0.000853 0.000603 0.000874 0.000603 0.000619 0.00088 0.00062 0.000857 0.000725 0.000857 0.00062 0.000857 0.000717 0.000837 0.000725 0.000857 0.00062 0.000857 0.00062 0.000835 0.000717 0.000837 0.00062 0.000835 0.000709 0.000817 0.000717 0.000837 0.000725 0.000857 0.000717 0.000837 0.000813 0.000797 0.000717 0.000837 0.000798 0.000781 0.000813 0.000797 0.000717 0.000837 0.000709 0.000817 0.000798 0.000781 0.000709 0.000817 0.000783 0.000766 0.000798 0.000781 0.000746 0.000602 0.00062 0.000602 0.000735 0.000492 0.00062 0.000602 0.00062 0.000484 0.000735 0.000492 0.00062 0.000602 0.000495 0.000602 0.00062 0.000484 0.000495 0.000602 0.000506 0.000493 0.00062 0.000484 0.000735 0.000712 0.00062 0.000721 0.000746 0.000602 0.00062 0.000721 0.00062 0.000602 0.000746 0.000602 0.00062 0.000721 0.000506 0.000712 0.00062 0.000602 0.000506 0.000712 0.000495 0.000602 0.00062 0.000602 0.000426 0.001068 0.000617 0.001107 0.000417 0.00109 0.000617 0.001107 0.000616 0.001131 0.000417 0.00109 0.000417 0.00109 0.000616 0.001131 0.000408 0.001113 0.000616 0.001131 0.000615 0.001156 0.000408 0.001113 0.000264 0.000962 0.000426 0.001068 0.000248 0.000979 0.000426 0.001068 0.000417 0.00109 0.000248 0.000979 0.000248 0.000979 0.000417 0.00109 0.00023 0.000996 0.000417 0.00109 0.000408 0.001113 0.00023 0.000996 0.000154 0.000801 0.000264 0.000962 0.000131 0.000811 0.000264 0.000962 0.000248 0.000979 0.000131 0.000811 0.000131 0.000811 0.000248 0.000979 0.000109 0.00082 0.000248 0.000979 0.00023 0.000996 0.000109 0.00082 0.000112 0.000609 0.000154 0.000801 0.000087 0.00061 0.000154 0.000801 0.000131 0.000811 0.000087 0.00061 0.000087 0.00061 0.000131 0.000811 0.000062 0.00061 0.000131 0.000811 0.000109 0.00082 0.000062 0.00061 0.000146 0.000414 0.000112 0.000609 0.000123 0.000405 0.000112 0.000609 0.000087 0.00061 0.000123 0.000405 0.000123 0.000405 0.000087 0.00061 0.0001 0.000396 0.000087 0.00061 0.000062 0.00061 0.0001 0.000396 0.000252 0.000246 0.000146 0.000414 0.000234 0.000229 0.000146 0.000414 0.000123 0.000405 0.000234 0.000229 0.000234 0.000229 0.000123 0.000405 0.000216 0.000212 0.000123 0.000405 0.0001 0.000396 0.000216 0.000212 0.000415 0.000131 0.000252 0.000246 0.000405 0.000108 0.000252 0.000246 0.000234 0.000229 0.000405 0.000108 0.000405 0.000108 0.000234 0.000229 0.000395 0.000085 0.000234 0.000229 0.000216 0.000212 0.000395 0.000085 0.000611 0.000087 0.000415 0.000131 0.000611 0.000062 0.000415 0.000131 0.000405 0.000108 0.000611 0.000062 0.000611 0.000062 0.000405 0.000108 0.00061 0.000036 0.000405 0.000108 0.000395 0.000085 0.00061 0.000036 0.00081 0.000121 0.000611 0.000087 0.000819 0.000098 0.000611 0.000087 0.000611 0.000062 0.000819 0.000098 0.000819 0.000098 0.000611 0.000062 0.000829 0.000074 0.000611 0.000062 0.00061 0.000036 0.000829 0.000074 0.000982 0.00023 0.00081 0.000121 0.000999 0.000212 0.00081 0.000121 0.000819 0.000098 0.000999 0.000212 0.000999 0.000212 0.000819 0.000098 0.001017 0.000193 0.000819 0.000098 0.000829 0.000074 0.001017 0.000193 0.001099 0.000397 0.000982 0.00023 0.001123 0.000387 0.000982 0.00023 0.000999 0.000212 0.001123 0.000387 0.001123 0.000387 0.000999 0.000212 0.001147 0.000377 0.000999 0.000212 0.001017 0.000193 0.001147 0.000377 0.001143 0.000599 0.001099 0.000397 0.001169 0.000598 0.001099 0.000397 0.001123 0.000387 0.001169 0.000598 0.001169 0.000598 0.001123 0.000387 0.001195 0.000598 0.001123 0.000387 0.001147 0.000377 0.001195 0.000598 0.001105 0.000803 0.001143 0.000599 0.001129 0.000813 0.001143 0.000599 0.001169 0.000598 0.001129 0.000813 0.001129 0.000813 0.001169 0.000598 0.001154 0.000823 0.001169 0.000598 0.001195 0.000598 0.001154 0.000823 0.00099 0.000975 0.001105 0.000803 0.001007 0.000994 0.001105 0.000803 0.001129 0.000813 0.001007 0.000994 0.001007 0.000994 0.001129 0.000813 0.001025 0.001013 0.001129 0.000813 0.001154 0.000823 0.001025 0.001013 0.000814 0.001079 0.00099 0.000975 0.000822 0.001103 0.00099 0.000975 0.001007 0.000994 0.000822 0.001103 0.000822 0.001103 0.001007 0.000994 0.00083 0.001127 0.001007 0.000994 0.001025 0.001013 0.00083 0.001127 0.000617 0.001107 0.000814 0.001079 0.000616 0.001131 0.000814 0.001079 0.000822 0.001103 0.000616 0.001131 0.000616 0.001131 0.000822 0.001103 0.000615 0.001156 0.000822 0.001103 0.00083 0.001127 0.000615 0.001156 0.000816 0.000407 0.000726 0.000347 0.000982 0.00023 0.000726 0.000347 0.00081 0.000121 0.000982 0.00023 0.000425 0.000796 0.000513 0.000857 0.000264 0.000962 0.000513 0.000857 0.000426 0.001068 0.000264 0.000962 0.000726 0.000347 0.00062 0.000326 0.00081 0.000121 0.00062 0.000326 0.000611 0.000087 0.00081 0.000121 0.000617 0.001107 0.000619 0.00088 0.000814 0.001079 0.000619 0.00088 0.000725 0.000857 0.000814 0.001079 0.000513 0.000857 0.000619 0.00088 0.000426 0.001068 0.000619 0.00088 0.000617 0.001107 0.000426 0.001068 0.00062 0.000326 0.000514 0.000348 0.000611 0.000087 0.000514 0.000348 0.000415 0.000131 0.000611 0.000087 0.000814 0.001079 0.000725 0.000857 0.00099 0.000975 0.000725 0.000857 0.000813 0.000797 0.00099 0.000975 0.000514 0.000348 0.000426 0.000408 0.000415 0.000131 0.000426 0.000408 0.000252 0.000246 0.000415 0.000131 0.000813 0.000797 0.000874 0.000709 0.00099 0.000975 0.000874 0.000709 0.001105 0.000803 0.00099 0.000975 0.000426 0.000408 0.000367 0.000497 0.000252 0.000246 0.000367 0.000497 0.000146 0.000414 0.000252 0.000246 0.000874 0.000709 0.000897 0.000604 0.001105 0.000803 0.000897 0.000604 0.001143 0.000599 0.001105 0.000803 0.000367 0.000497 0.000346 0.000602 0.000146 0.000414 0.000346 0.000602 0.000112 0.000609 0.000146 0.000414 0.000897 0.000604 0.000876 0.000497 0.001143 0.000599 0.000876 0.000497 0.001099 0.000397 0.001143 0.000599 0.000346 0.000602 0.000367 0.000707 0.000112 0.000609 0.000367 0.000707 0.000154 0.000801 0.000112 0.000609 0.000876 0.000497 0.000816 0.000407 0.001099 0.000397 0.000816 0.000407 0.000982 0.00023 0.001099 0.000397 0.000834 0.000692 0.000735 0.000712 0.000853 0.000603 0.000735 0.000712 0.000746 0.000602 0.000853 0.000603 0.000367 0.000707 0.000425 0.000796 0.000154 0.000801 0.000425 0.000796 0.000264 0.000962 0.000154 0.000801 0.000495 0.000602 0.000389 0.000602 0.000506 0.000493 0.000389 0.000602 0.000407 0.000514 0.000506 0.000493 0.00062 0.000484 0.000506 0.000493 0.00062 0.00037 0.000506 0.000493 0.000531 0.000388 0.00062 0.00037 0.000456 0.000765 0.000407 0.00069 0.000531 0.000816 0.000407 0.00069 0.000506 0.000712 0.000531 0.000816 0.00062 0.000835 0.00062 0.000721 0.000709 0.000817 0.00062 0.000721 0.000735 0.000712 0.000709 0.000817 0.000506 0.000493 0.000407 0.000514 0.000531 0.000388 0.000407 0.000514 0.000456 0.000439 0.000531 0.000388 0.000835 0.000513 0.000735 0.000492 0.000785 0.000438 0.000735 0.000492 0.000709 0.000387 0.000785 0.000438 0.000531 0.000816 0.000506 0.000712 0.00062 0.000835 0.000506 0.000712 0.00062 0.000721 0.00062 0.000835 0.000506 0.000712 0.000407 0.00069 0.000495 0.000602 0.000407 0.00069 0.000389 0.000602 0.000495 0.000602 0.000709 0.000817 0.000735 0.000712 0.000783 0.000766 0.000735 0.000712 0.000834 0.000692 0.000783 0.000766 0.000853 0.000603 0.000746 0.000602 0.000835 0.000513 0.000746 0.000602 0.000735 0.000492 0.000835 0.000513 0.000735 0.000492 0.00062 0.000484 0.000709 0.000387 0.00062 0.000484 0.00062 0.00037 0.000709 0.000387 0.000813 0.000797 0.000798 0.000781 0.000874 0.000709 0.000798 0.000781 0.000854 0.0007 0.000874 0.000709 0.000798 0.000781 0.000783 0.000766 0.000854 0.0007 0.000783 0.000766 0.000834 0.000692 0.000854 0.0007 0.000897 0.000604 0.000874 0.000603 0.000876 0.000497 0.000874 0.000603 0.000856 0.000505 0.000876 0.000497 0.000874 0.000603 0.000853 0.000603 0.000856 0.000505 0.000853 0.000603 0.000835 0.000513 0.000856 0.000505 0.000514 0.000348 0.000523 0.000369 0.000426 0.000408 0.000523 0.000369 0.000441 0.000424 0.000426 0.000408 0.000523 0.000369 0.000531 0.000388 0.000441 0.000424 0.000531 0.000388 0.000456 0.000439 0.000441 0.000424 0.000876 0.000497 0.000856 0.000505 0.000816 0.000407 0.000856 0.000505 0.0008 0.000422 0.000816 0.000407 0.000856 0.000505 0.000835 0.000513 0.0008 0.000422 0.000835 0.000513 0.000785 0.000438 0.0008 0.000422 0.000816 0.000407 0.0008 0.000422 0.000726 0.000347 0.0008 0.000422 0.000717 0.000367 0.000726 0.000347 0.0008 0.000422 0.000785 0.000438 0.000717 0.000367 0.000785 0.000438 0.000709 0.000387 0.000717 0.000367 0.000426 0.000408 0.000441 0.000424 0.000367 0.000497 0.000441 0.000424 0.000387 0.000506 0.000367 0.000497 0.000441 0.000424 0.000456 0.000439 0.000387 0.000506 0.000456 0.000439 0.000407 0.000514 0.000387 0.000506 0.000367 0.000497 0.000387 0.000506 0.000346 0.000602 0.000387 0.000506 0.000368 0.000602 0.000346 0.000602 0.000387 0.000506 0.000407 0.000514 0.000368 0.000602 0.000407 0.000514 0.000389 0.000602 0.000368 0.000602 0.000425 0.000796 0.000441 0.00078 0.000513 0.000857 0.000441 0.00078 0.000522 0.000836 0.000513 0.000857 0.000441 0.00078 0.000456 0.000765 0.000522 0.000836 0.000456 0.000765 0.000531 0.000816 0.000522 0.000836 0.000726 0.000347 0.000717 0.000367 0.00062 0.000326 0.000717 0.000367 0.00062 0.000349 0.00062 0.000326 0.000717 0.000367 0.000709 0.000387 0.00062 0.000349 0.000709 0.000387 0.00062 0.00037 0.00062 0.000349 0.00062 0.000326 0.00062 0.000349 0.000514 0.000348 0.00062 0.000349 0.000523 0.000369 0.000514 0.000348 0.00062 0.000349 0.00062 0.00037 0.000523 0.000369 0.00062 0.00037 0.000531 0.000388 0.000523 0.000369 0.000346 0.000602 0.000368 0.000602 0.000367 0.000707 0.000368 0.000602 0.000387 0.000699 0.000367 0.000707 0.000368 0.000602 0.000389 0.000602 0.000387 0.000699 0.000389 0.000602 0.000407 0.00069 0.000387 0.000699 0.000367 0.000707 0.000387 0.000699 0.000425 0.000796 0.000387 0.000699 0.000441 0.00078 0.000425 0.000796 0.000387 0.000699 0.000407 0.00069 0.000441 0.00078 0.000407 0.00069 0.000456 0.000765 0.000441 0.00078 0.000513 0.000857 0.000522 0.000836 0.000619 0.00088 0.000522 0.000836 0.00062 0.000857 0.000619 0.00088 0.000522 0.000836 0.000531 0.000816 0.00062 0.000857 0.000531 0.000816 0.00062 0.000835 0.00062 0.000857 0.000874 0.000709 0.000854 0.0007 0.000897 0.000604 0.000854 0.0007 0.000874 0.000603 0.000897 0.000604 0.000854 0.0007 0.000834 0.000692 0.000874 0.000603 0.000834 0.000692 0.000853 0.000603 0.000874 0.000603 0.000619 0.00088 0.00062 0.000857 0.000725 0.000857 0.00062 0.000857 0.000717 0.000837 0.000725 0.000857 0.00062 0.000857 0.00062 0.000835 0.000717 0.000837 0.00062 0.000835 0.000709 0.000817 0.000717 0.000837 0.000725 0.000857 0.000717 0.000837 0.000813 0.000797 0.000717 0.000837 0.000798 0.000781 0.000813 0.000797 0.000717 0.000837 0.000709 0.000817 0.000798 0.000781 0.000709 0.000817 0.000783 0.000766 0.000798 0.000781 0.000746 0.000602 0.00062 0.000602 0.000735 0.000492 0.00062 0.000602 0.00062 0.000484 0.000735 0.000492 0.00062 0.000602 0.000495 0.000602 0.00062 0.000484 0.000495 0.000602 0.000506 0.000493 0.00062 0.000484 0.000735 0.000712 0.00062 0.000721 0.000746 0.000602 0.00062 0.000721 0.00062 0.000602 0.000746 0.000602 0.00062 0.000721 0.000506 0.000712 0.00062 0.000602 0.000506 0.000712 0.000495 0.000602 0.00062 0.000602 0.000426 0.001068 0.000617 0.001107 0.000417 0.00109 0.000617 0.001107 0.000616 0.001131 0.000417 0.00109 0.000417 0.00109 0.000616 0.001131 0.000408 0.001113 0.000616 0.001131 0.000615 0.001156 0.000408 0.001113 0.000264 0.000962 0.000426 0.001068 0.000248 0.000979 0.000426 0.001068 0.000417 0.00109 0.000248 0.000979 0.000248 0.000979 0.000417 0.00109 0.00023 0.000996 0.000417 0.00109 0.000408 0.001113 0.00023 0.000996 0.000154 0.000801 0.000264 0.000962 0.000131 0.000811 0.000264 0.000962 0.000248 0.000979 0.000131 0.000811 0.000131 0.000811 0.000248 0.000979 0.000109 0.00082 0.000248 0.000979 0.00023 0.000996 0.000109 0.00082 0.000112 0.000609 0.000154 0.000801 0.000087 0.00061 0.000154 0.000801 0.000131 0.000811 0.000087 0.00061 0.000087 0.00061 0.000131 0.000811 0.000062 0.00061 0.000131 0.000811 0.000109 0.00082 0.000062 0.00061 0.000146 0.000414 0.000112 0.000609 0.000123 0.000405 0.000112 0.000609 0.000087 0.00061 0.000123 0.000405 0.000123 0.000405 0.000087 0.00061 0.0001 0.000396 0.000087 0.00061 0.000062 0.00061 0.0001 0.000396 0.000252 0.000246 0.000146 0.000414 0.000234 0.000229 0.000146 0.000414 0.000123 0.000405 0.000234 0.000229 0.000234 0.000229 0.000123 0.000405 0.000216 0.000212 0.000123 0.000405 0.0001 0.000396 0.000216 0.000212 0.000415 0.000131 0.000252 0.000246 0.000405 0.000108 0.000252 0.000246 0.000234 0.000229 0.000405 0.000108 0.000405 0.000108 0.000234 0.000229 0.000395 0.000085 0.000234 0.000229 0.000216 0.000212 0.000395 0.000085 0.000611 0.000087 0.000415 0.000131 0.000611 0.000062 0.000415 0.000131 0.000405 0.000108 0.000611 0.000062 0.000611 0.000062 0.000405 0.000108 0.00061 0.000036 0.000405 0.000108 0.000395 0.000085 0.00061 0.000036 0.00081 0.000121 0.000611 0.000087 0.000819 0.000098 0.000611 0.000087 0.000611 0.000062 0.000819 0.000098 0.000819 0.000098 0.000611 0.000062 0.000829 0.000074 0.000611 0.000062 0.00061 0.000036 0.000829 0.000074 0.000982 0.00023 0.00081 0.000121 0.000999 0.000212 0.00081 0.000121 0.000819 0.000098 0.000999 0.000212 0.000999 0.000212 0.000819 0.000098 0.001017 0.000193 0.000819 0.000098 0.000829 0.000074 0.001017 0.000193 0.001099 0.000397 0.000982 0.00023 0.001123 0.000387 0.000982 0.00023 0.000999 0.000212 0.001123 0.000387 0.001123 0.000387 0.000999 0.000212 0.001147 0.000377 0.000999 0.000212 0.001017 0.000193 0.001147 0.000377 0.001143 0.000599 0.001099 0.000397 0.001169 0.000598 0.001099 0.000397 0.001123 0.000387 0.001169 0.000598 0.001169 0.000598 0.001123 0.000387 0.001195 0.000598 0.001123 0.000387 0.001147 0.000377 0.001195 0.000598 0.001105 0.000803 0.001143 0.000599 0.001129 0.000813 0.001143 0.000599 0.001169 0.000598 0.001129 0.000813 0.001129 0.000813 0.001169 0.000598 0.001154 0.000823 0.001169 0.000598 0.001195 0.000598 0.001154 0.000823 0.00099 0.000975 0.001105 0.000803 0.001007 0.000994 0.001105 0.000803 0.001129 0.000813 0.001007 0.000994 0.001007 0.000994 0.001129 0.000813 0.001025 0.001013 0.001129 0.000813 0.001154 0.000823 0.001025 0.001013 0.000814 0.001079 0.00099 0.000975 0.000822 0.001103 0.00099 0.000975 0.001007 0.000994 0.000822 0.001103 0.000822 0.001103 0.001007 0.000994 0.00083 0.001127 0.001007 0.000994 0.001025 0.001013 0.00083 0.001127 0.000617 0.001107 0.000814 0.001079 0.000616 0.001131 0.000814 0.001079 0.000822 0.001103 0.000616 0.001131 0.000616 0.001131 0.000822 0.001103 0.000615 0.001156 0.000822 0.001103 0.00083 0.001127 0.000615 0.001156 0.000816 0.000407 0.000726 0.000347 0.000982 0.00023 0.000726 0.000347 0.00081 0.000121 0.000982 0.00023 0.000425 0.000796 0.000513 0.000857 0.000264 0.000962 0.000513 0.000857 0.000426 0.001068 0.000264 0.000962 0.000726 0.000347 0.00062 0.000326 0.00081 0.000121 0.00062 0.000326 0.000611 0.000087 0.00081 0.000121 0.000617 0.001107 0.000619 0.00088 0.000814 0.001079 0.000619 0.00088 0.000725 0.000857 0.000814 0.001079 0.000513 0.000857 0.000619 0.00088 0.000426 0.001068 0.000619 0.00088 0.000617 0.001107 0.000426 0.001068 0.00062 0.000326 0.000514 0.000348 0.000611 0.000087 0.000514 0.000348 0.000415 0.000131 0.000611 0.000087 0.000814 0.001079 0.000725 0.000857 0.00099 0.000975 0.000725 0.000857 0.000813 0.000797 0.00099 0.000975 0.000514 0.000348 0.000426 0.000408 0.000415 0.000131 0.000426 0.000408 0.000252 0.000246 0.000415 0.000131 0.000813 0.000797 0.000874 0.000709 0.00099 0.000975 0.000874 0.000709 0.001105 0.000803 0.00099 0.000975 0.000426 0.000408 0.000367 0.000497 0.000252 0.000246 0.000367 0.000497 0.000146 0.000414 0.000252 0.000246 0.000874 0.000709 0.000897 0.000604 0.001105 0.000803 0.000897 0.000604 0.001143 0.000599 0.001105 0.000803 0.000367 0.000497 0.000346 0.000602 0.000146 0.000414 0.000346 0.000602 0.000112 0.000609 0.000146 0.000414 0.000897 0.000604 0.000876 0.000497 0.001143 0.000599 0.000876 0.000497 0.001099 0.000397 0.001143 0.000599 0.000346 0.000602 0.000367 0.000707 0.000112 0.000609 0.000367 0.000707 0.000154 0.000801 0.000112 0.000609 0.000876 0.000497 0.000816 0.000407 0.001099 0.000397 0.000816 0.000407 0.000982 0.00023 0.001099 0.000397 0.000834 0.000692 0.000735 0.000712 0.000853 0.000603 0.000735 0.000712 0.000746 0.000602 0.000853 0.000603 0.000367 0.000707 0.000425 0.000796 0.000154 0.000801 0.000425 0.000796 0.000264 0.000962 0.000154 0.000801 0.000495 0.000602 0.000389 0.000602 0.000506 0.000493 0.000389 0.000602 0.000407 0.000514 0.000506 0.000493 0.00062 0.000484 0.000506 0.000493 0.00062 0.00037 0.000506 0.000493 0.000531 0.000388 0.00062 0.00037 0.000456 0.000765 0.000407 0.00069 0.000531 0.000816 0.000407 0.00069 0.000506 0.000712 0.000531 0.000816 0.00062 0.000835 0.00062 0.000721 0.000709 0.000817 0.00062 0.000721 0.000735 0.000712 0.000709 0.000817 0.000506 0.000493 0.000407 0.000514 0.000531 0.000388 0.000407 0.000514 0.000456 0.000439 0.000531 0.000388 0.000835 0.000513 0.000735 0.000492 0.000785 0.000438 0.000735 0.000492 0.000709 0.000387 0.000785 0.000438 0.000531 0.000816 0.000506 0.000712 0.00062 0.000835 0.000506 0.000712 0.00062 0.000721 0.00062 0.000835 0.000506 0.000712 0.000407 0.00069 0.000495 0.000602 0.000407 0.00069 0.000389 0.000602 0.000495 0.000602 0.000709 0.000817 0.000735 0.000712 0.000783 0.000766 0.000735 0.000712 0.000834 0.000692 0.000783 0.000766 0.000853 0.000603 0.000746 0.000602 0.000835 0.000513 0.000746 0.000602 0.000735 0.000492 0.000835 0.000513 0.000735 0.000492 0.00062 0.000484 0.000709 0.000387 0.00062 0.000484 0.00062 0.00037 0.000709 0.000387 0.000813 0.000797 0.000798 0.000781 0.000874 0.000709 0.000798 0.000781 0.000854 0.0007 0.000874 0.000709 0.000798 0.000781 0.000783 0.000766 0.000854 0.0007 0.000783 0.000766 0.000834 0.000692 0.000854 0.0007 0.000897 0.000604 0.000874 0.000603 0.000876 0.000497 0.000874 0.000603 0.000856 0.000505 0.000876 0.000497 0.000874 0.000603 0.000853 0.000603 0.000856 0.000505 0.000853 0.000603 0.000835 0.000513 0.000856 0.000505 0.000514 0.000348 0.000523 0.000369 0.000426 0.000408 0.000523 0.000369 0.000441 0.000424 0.000426 0.000408 0.000523 0.000369 0.000531 0.000388 0.000441 0.000424 0.000531 0.000388 0.000456 0.000439 0.000441 0.000424 0.000876 0.000497 0.000856 0.000505 0.000816 0.000407 0.000856 0.000505 0.0008 0.000422 0.000816 0.000407 0.000856 0.000505 0.000835 0.000513 0.0008 0.000422 0.000835 0.000513 0.000785 0.000438 0.0008 0.000422 0.000816 0.000407 0.0008 0.000422 0.000726 0.000347 0.0008 0.000422 0.000717 0.000367 0.000726 0.000347 0.0008 0.000422 0.000785 0.000438 0.000717 0.000367 0.000785 0.000438 0.000709 0.000387 0.000717 0.000367 0.000426 0.000408 0.000441 0.000424 0.000367 0.000497 0.000441 0.000424 0.000387 0.000506 0.000367 0.000497 0.000441 0.000424 0.000456 0.000439 0.000387 0.000506 0.000456 0.000439 0.000407 0.000514 0.000387 0.000506 0.000367 0.000497 0.000387 0.000506 0.000346 0.000602 0.000387 0.000506 0.000368 0.000602 0.000346 0.000602 0.000387 0.000506 0.000407 0.000514 0.000368 0.000602 0.000407 0.000514 0.000389 0.000602 0.000368 0.000602 0.000425 0.000796 0.000441 0.00078 0.000513 0.000857 0.000441 0.00078 0.000522 0.000836 0.000513 0.000857 0.000441 0.00078 0.000456 0.000765 0.000522 0.000836 0.000456 0.000765 0.000531 0.000816 0.000522 0.000836 0.000726 0.000347 0.000717 0.000367 0.00062 0.000326 0.000717 0.000367 0.00062 0.000349 0.00062 0.000326 0.000717 0.000367 0.000709 0.000387 0.00062 0.000349 0.000709 0.000387 0.00062 0.00037 0.00062 0.000349 0.00062 0.000326 0.00062 0.000349 0.000514 0.000348 0.00062 0.000349 0.000523 0.000369 0.000514 0.000348 0.00062 0.000349 0.00062 0.00037 0.000523 0.000369 0.00062 0.00037 0.000531 0.000388 0.000523 0.000369 0.000346 0.000602 0.000368 0.000602 0.000367 0.000707 0.000368 0.000602 0.000387 0.000699 0.000367 0.000707 0.000368 0.000602 0.000389 0.000602 0.000387 0.000699 0.000389 0.000602 0.000407 0.00069 0.000387 0.000699 0.000367 0.000707 0.000387 0.000699 0.000425 0.000796 0.000387 0.000699 0.000441 0.00078 0.000425 0.000796 0.000387 0.000699 0.000407 0.00069 0.000441 0.00078 0.000407 0.00069 0.000456 0.000765 0.000441 0.00078 0.000513 0.000857 0.000522 0.000836 0.000619 0.00088 0.000522 0.000836 0.00062 0.000857 0.000619 0.00088 0.000522 0.000836 0.000531 0.000816 0.00062 0.000857 0.000531 0.000816 0.00062 0.000835 0.00062 0.000857 0.000874 0.000709 0.000854 0.0007 0.000897 0.000604 0.000854 0.0007 0.000874 0.000603 0.000897 0.000604 0.000854 0.0007 0.000834 0.000692 0.000874 0.000603 0.000834 0.000692 0.000853 0.000603 0.000874 0.000603 0.000619 0.00088 0.00062 0.000857 0.000725 0.000857 0.00062 0.000857 0.000717 0.000837 0.000725 0.000857 0.00062 0.000857 0.00062 0.000835 0.000717 0.000837 0.00062 0.000835 0.000709 0.000817 0.000717 0.000837 0.000725 0.000857 0.000717 0.000837 0.000813 0.000797 0.000717 0.000837 0.000798 0.000781 0.000813 0.000797 0.000717 0.000837 0.000709 0.000817 0.000798 0.000781 0.000709 0.000817 0.000783 0.000766 0.000798 0.000781 0.000746 0.000602 0.00062 0.000602 0.000735 0.000492 0.00062 0.000602 0.00062 0.000484 0.000735 0.000492 0.00062 0.000602 0.000495 0.000602 0.00062 0.000484 0.000495 0.000602 0.000506 0.000493 0.00062 0.000484 0.000735 0.000712 0.00062 0.000721 0.000746 0.000602 0.00062 0.000721 0.00062 0.000602 0.000746 0.000602 0.00062 0.000721 0.000506 0.000712 0.00062 0.000602 0.000506 0.000712 0.000495 0.000602 0.00062 0.000602 0.000426 0.001068 0.000617 0.001107 0.000417 0.00109 0.000617 0.001107 0.000616 0.001131 0.000417 0.00109 0.000417 0.00109 0.000616 0.001131 0.000408 0.001113 0.000616 0.001131 0.000615 0.001156 0.000408 0.001113 0.000264 0.000962 0.000426 0.001068 0.000248 0.000979 0.000426 0.001068 0.000417 0.00109 0.000248 0.000979 0.000248 0.000979 0.000417 0.00109 0.00023 0.000996 0.000417 0.00109 0.000408 0.001113 0.00023 0.000996 0.000154 0.000801 0.000264 0.000962 0.000131 0.000811 0.000264 0.000962 0.000248 0.000979 0.000131 0.000811 0.000131 0.000811 0.000248 0.000979 0.000109 0.00082 0.000248 0.000979 0.00023 0.000996 0.000109 0.00082 0.000112 0.000609 0.000154 0.000801 0.000087 0.00061 0.000154 0.000801 0.000131 0.000811 0.000087 0.00061 0.000087 0.00061 0.000131 0.000811 0.000062 0.00061 0.000131 0.000811 0.000109 0.00082 0.000062 0.00061 0.000146 0.000414 0.000112 0.000609 0.000123 0.000405 0.000112 0.000609 0.000087 0.00061 0.000123 0.000405 0.000123 0.000405 0.000087 0.00061 0.0001 0.000396 0.000087 0.00061 0.000062 0.00061 0.0001 0.000396 0.000252 0.000246 0.000146 0.000414 0.000234 0.000229 0.000146 0.000414 0.000123 0.000405 0.000234 0.000229 0.000234 0.000229 0.000123 0.000405 0.000216 0.000212 0.000123 0.000405 0.0001 0.000396 0.000216 0.000212 0.000415 0.000131 0.000252 0.000246 0.000405 0.000108 0.000252 0.000246 0.000234 0.000229 0.000405 0.000108 0.000405 0.000108 0.000234 0.000229 0.000395 0.000085 0.000234 0.000229 0.000216 0.000212 0.000395 0.000085 0.000611 0.000087 0.000415 0.000131 0.000611 0.000062 0.000415 0.000131 0.000405 0.000108 0.000611 0.000062 0.000611 0.000062 0.000405 0.000108 0.00061 0.000036 0.000405 0.000108 0.000395 0.000085 0.00061 0.000036 0.00081 0.000121 0.000611 0.000087 0.000819 0.000098 0.000611 0.000087 0.000611 0.000062 0.000819 0.000098 0.000819 0.000098 0.000611 0.000062 0.000829 0.000074 0.000611 0.000062 0.00061 0.000036 0.000829 0.000074 0.000982 0.00023 0.00081 0.000121 0.000999 0.000212 0.00081 0.000121 0.000819 0.000098 0.000999 0.000212 0.000999 0.000212 0.000819 0.000098 0.001017 0.000193 0.000819 0.000098 0.000829 0.000074 0.001017 0.000193 0.001099 0.000397 0.000982 0.00023 0.001123 0.000387 0.000982 0.00023 0.000999 0.000212 0.001123 0.000387 0.001123 0.000387 0.000999 0.000212 0.001147 0.000377 0.000999 0.000212 0.001017 0.000193 0.001147 0.000377 0.001143 0.000599 0.001099 0.000397 0.001169 0.000598 0.001099 0.000397 0.001123 0.000387 0.001169 0.000598 0.001169 0.000598 0.001123 0.000387 0.001195 0.000598 0.001123 0.000387 0.001147 0.000377 0.001195 0.000598 0.001105 0.000803 0.001143 0.000599 0.001129 0.000813 0.001143 0.000599 0.001169 0.000598 0.001129 0.000813 0.001129 0.000813 0.001169 0.000598 0.001154 0.000823 0.001169 0.000598 0.001195 0.000598 0.001154 0.000823 0.00099 0.000975 0.001105 0.000803 0.001007 0.000994 0.001105 0.000803 0.001129 0.000813 0.001007 0.000994 0.001007 0.000994 0.001129 0.000813 0.001025 0.001013 0.001129 0.000813 0.001154 0.000823 0.001025 0.001013 0.000814 0.001079 0.00099 0.000975 0.000822 0.001103 0.00099 0.000975 0.001007 0.000994 0.000822 0.001103 0.000822 0.001103 0.001007 0.000994 0.00083 0.001127 0.001007 0.000994 0.001025 0.001013 0.00083 0.001127 0.000617 0.001107 0.000814 0.001079 0.000616 0.001131 0.000814 0.001079 0.000822 0.001103 0.000616 0.001131 0.000616 0.001131 0.000822 0.001103 0.000615 0.001156 0.000822 0.001103 0.00083 0.001127 0.000615 0.001156 0.000816 0.000407 0.000726 0.000347 0.000982 0.00023 0.000726 0.000347 0.00081 0.000121 0.000982 0.00023 0.000425 0.000796 0.000513 0.000857 0.000264 0.000962 0.000513 0.000857 0.000426 0.001068 0.000264 0.000962 0.000726 0.000347 0.00062 0.000326 0.00081 0.000121 0.00062 0.000326 0.000611 0.000087 0.00081 0.000121 0.000617 0.001107 0.000619 0.00088 0.000814 0.001079 0.000619 0.00088 0.000725 0.000857 0.000814 0.001079 0.000513 0.000857 0.000619 0.00088 0.000426 0.001068 0.000619 0.00088 0.000617 0.001107 0.000426 0.001068 0.00062 0.000326 0.000514 0.000348 0.000611 0.000087 0.000514 0.000348 0.000415 0.000131 0.000611 0.000087 0.000814 0.001079 0.000725 0.000857 0.00099 0.000975 0.000725 0.000857 0.000813 0.000797 0.00099 0.000975 0.000514 0.000348 0.000426 0.000408 0.000415 0.000131 0.000426 0.000408 0.000252 0.000246 0.000415 0.000131 0.000813 0.000797 0.000874 0.000709 0.00099 0.000975 0.000874 0.000709 0.001105 0.000803 0.00099 0.000975 0.000426 0.000408 0.000367 0.000497 0.000252 0.000246 0.000367 0.000497 0.000146 0.000414 0.000252 0.000246 0.000874 0.000709 0.000897 0.000604 0.001105 0.000803 0.000897 0.000604 0.001143 0.000599 0.001105 0.000803 0.000367 0.000497 0.000346 0.000602 0.000146 0.000414 0.000346 0.000602 0.000112 0.000609 0.000146 0.000414 0.000897 0.000604 0.000876 0.000497 0.001143 0.000599 0.000876 0.000497 0.001099 0.000397 0.001143 0.000599 0.000346 0.000602 0.000367 0.000707 0.000112 0.000609 0.000367 0.000707 0.000154 0.000801 0.000112 0.000609 0.000876 0.000497 0.000816 0.000407 0.001099 0.000397 0.000816 0.000407 0.000982 0.00023 0.001099 0.000397</float_array>
					<technique_common>
						<accessor source="#3003-mesh-map-0-array" count="3144" stride="2">
							<param name="S" type="float"/>
							<param name="T" type="float"/>
						</accessor>
					</technique_common>
				</source>
				<source id="3003-mesh-map-1">
					<float_array id="3003-mesh-map-1-array" count="6288">0 0 0 0 0 0 0 0 0 0 0 0 0.383 0.369 0.383 0.654 0.264 0.369 0.383 0.654 0.264 0.654 0.264 0.369 0 0 0 0 0 0 0 0 0 0 0 0 0 0 0 0 0 0 0 0 0 0 0 0 0 0 0 0 0 0 0 0 0 0 0 0 0 0 0 0 0 0 0 0 0 0 0 0 0 0 0 0 0 0 0 0 0 0 0 0 0 0 0 0 0 0 0 0 0 0 0 0 0 0 0 0 0 0 0 0 0 0 0 0 0 0 0 0 0 0 0 0 0 0 0 0 0 0 0 0 0 0 0 0 0 0 0 0 0 0 0 0 0 0 0 0 0 0 0 0 0 0 0 0 0 0 0 0 0 0 0 0 0 0 0 0 0 0 0 0 0 0 0 0 0 0 0 0 0 0 0 0 0 0 0 0 0 0 0 0 0 0 0 0 0 0 0 0 0 0 0 0 0 0 0 0 0 0 0 0 0 0 0 0 0 0 0 0 0 0 0 0 0 0 0 0 0 0 0 0 0 0 0 0 0 0 0 0 0 0 0 0 0 0 0 0 0 0 0 0 0 0 0 0 0 0 0 0 0.264 0.369 0.264 0.654 0.205 0.369 0.264 0.654 0.205 0.654 0.205 0.369 0 0 0 0 0 0 0 0 0 0 0 0 0 0 0 0 0 0 0 0 0 0 0 0 0 0 0 0 0 0 0 0 0 0 0 0 0 0 0 0 0 0 0 0 0 0 0 0 0.205 0.369 0.205 0.654 0.146 0.369 0.205 0.654 0.146 0.654 0.146 0.369 0 0 0 0 0 0 0 0 0 0 0 0 0 0 0 0 0 0 0 0 0 0 0 0 0 0 0 0 0 0 0 0 0 0 0 0 0 0 0 0 0 0 0 0 0 0 0 0 0 0 0 0 0 0 0 0 0 0 0 0 0 0 0 0 0 0 0 0 0 0 0 0 0 0 0 0 0 0 0 0 0 0 0 0 0 0 0 0 0 0 0 0 0 0 0 0 0 0 0 0 0 0 0 0 0 0 0 0 0.857 0.369 0.975 0.369 0.857 0.654 0.975 0.369 0.975 0.654 0.857 0.654 0 0 0 0 0 0 0 0 0 0 0 0 0 0 0 0 0 0 0 0 0 0 0 0 0 0 0 0 0 0 0 0 0 0 0 0 0 0 0 0 0 0 0 0 0 0 0 0 0 0 0 0 0 0 0 0 0 0 0 0 0 0 0 0 0 0 0 0 0 0 0 0 0 0 0 0 0 0 0 0 0 0 0 0 0 0 0 0 0 0 0 0 0 0 0 0 0 0 0 0 0 0 0 0 0 0 0 0 0 0 0 0 0 0 0 0 0 0 0 0 0 0 0 0 0 0 0 0 0 0 0 0 0 0 0 0 0 0 0 0 0 0 0 0 0 0 0 0 0 0 0 0 0 0 0 0 0 0 0 0 0 0 0 0 0 0 0 0 0 0 0 0 0 0 0 0 0 0 0 0 0 0 0 0 0 0 0 0 0 0 0 0 0 0 0 0 0 0 0 0 0 0 0 0 0 0 0 0 0 0 0 0 0 0 0 0 0 0 0 0 0 0 0 0 0 0 0 0 0.027 0.369 0.086 0.369 0.027 0.654 0.086 0.369 0.086 0.654 0.027 0.654 0 0 0 0 0 0 0 0 0 0 0 0 0 0 0 0 0 0 0 0 0 0 0 0 0 0 0 0 0 0 0 0 0 0 0 0 0 0 0 0 0 0 0 0 0 0 0 0 0.086 0.369 0.146 0.369 0.086 0.654 0.146 0.369 0.146 0.654 0.086 0.654 0 0 0 0 0 0 0 0 0 0 0 0 0 0 0 0 0 0 0 0 0 0 0 0 0 0 0 0 0 0 0 0 0 0 0 0 0 0 0 0 0 0 0 0 0 0 0 0 0 0 0 0 0 0 0 0 0 0 0 0 0 0 0 0 0 0 0 0 0 0 0 0 0 0 0 0 0 0 0 0 0 0 0 0 0 0 0 0 0 0 0 0 0 0 0 0 0 0 0 0 0 0 0 0 0 0 0 0 0.383 0.369 0.501 0.369 0.383 0.654 0.501 0.369 0.501 0.654 0.383 0.654 0 0 0 0 0 0 0 0 0 0 0 0 0 0 0 0 0 0 0 0 0 0 0 0 0 0 0 0 0 0 0 0 0 0 0 0 0 0 0 0 0 0 0 0 0 0 0 0 0 0 0 0 0 0 0 0 0 0 0 0 0 0 0 0 0 0 0 0 0 0 0 0 0 0 0 0 0 0 0 0 0 0 0 0 0 0 0 0 0 0 0 0 0 0 0 0 0 0 0 0 0 0 0 0 0 0 0 0 0 0 0 0 0 0 0 0 0 0 0 0 0 0 0 0 0 0 0 0 0 0 0 0 0 0 0 0 0 0 0 0 0 0 0 0 0 0 0 0 0 0 0 0 0 0 0 0 0 0 0 0 0 0 0 0 0 0 0 0 0 0 0 0 0 0 0 0 0 0 0 0 0 0 0 0 0 0 0 0 0 0 0 0 0 0 0 0 0 0 0 0 0 0 0 0 0 0 0 0 0 0 0 0 0 0 0 0 0 0 0 0 0 0 0 0 0 0 0 0 0.501 0.369 0.56 0.369 0.501 0.654 0.56 0.369 0.56 0.654 0.501 0.654 0 0 0 0 0 0 0 0 0 0 0 0 0 0 0 0 0 0 0 0 0 0 0 0 0 0 0 0 0 0 0 0 0 0 0 0 0 0 0 0 0 0 0 0 0 0 0 0 0.56 0.369 0.62 0.369 0.56 0.654 0.62 0.369 0.62 0.654 0.56 0.654 0 0 0 0 0 0 0 0 0 0 0 0 0 0 0 0 0 0 0 0 0 0 0 0 0 0 0 0 0 0 0 0 0 0 0 0 0 0 0 0 0 0 0 0 0 0 0 0 0 0 0 0 0 0 0 0 0 0 0 0 0 0 0 0 0 0 0 0 0 0 0 0 0 0 0 0 0 0 0 0 0 0 0 0 0 0 0 0 0 0 0 0 0 0 0 0 0 0 0 0 0 0 0 0 0 0 0 0 0.857 0.369 0.857 0.654 0.738 0.369 0.857 0.654 0.738 0.654 0.738 0.369 0 0 0 0 0 0 0 0 0 0 0 0 0 0 0 0 0 0 0 0 0 0 0 0 0 0 0 0 0 0 0 0 0 0 0 0 0 0 0 0 0 0 0 0 0 0 0 0 0 0 0 0 0 0 0 0 0 0 0 0 0 0 0 0 0 0 0 0 0 0 0 0 0 0 0 0 0 0 0 0 0 0 0 0 0 0 0 0 0 0 0 0 0 0 0 0 0 0 0 0 0 0 0 0 0 0 0 0 0 0 0 0 0 0 0 0 0 0 0 0 0 0 0 0 0 0 0 0 0 0 0 0 0 0 0 0 0 0 0 0 0 0 0 0 0 0 0 0 0 0 0 0 0 0 0 0 0 0 0 0 0 0 0 0 0 0 0 0 0 0 0 0 0 0 0 0 0 0 0 0 0 0 0 0 0 0 0 0 0 0 0 0 0 0 0 0 0 0 0 0 0 0 0 0 0 0 0 0 0 0 0 0 0 0 0 0 0 0 0 0 0 0 0 0 0 0 0 0 0.738 0.369 0.738 0.654 0.679 0.369 0.738 0.654 0.679 0.654 0.679 0.369 0 0 0 0 0 0 0 0 0 0 0 0 0 0 0 0 0 0 0 0 0 0 0 0 0 0 0 0 0 0 0 0 0 0 0 0 0 0 0 0 0 0 0 0 0 0 0 0 0.679 0.369 0.679 0.654 0.62 0.369 0.679 0.654 0.62 0.654 0.62 0.369 0 0 0 0 0 0 0 0 0 0 0 0 0 0 0 0 0 0 0 0 0 0 0 0 0 0 0 0 0 0 0 0 0 0 0 0 0 0 0 0 0 0 0 0 0 0 0 0 0 0 0 0 0 0 0 0 0 0 0 0 0 0 0 0 0 0 0 0 0 0 0 0 0 0 0 0 0 0 0 0 0 0 0 0 0 0 0 0 0 0 0 0 0 0 0 0 0 0 0 0 0 0 0 0 0 0 0 0 0 0 0 0 0 0 0 0 0 0 0 0 0 0 0 0 0 0 0 0 0 0 0 0 0 0 0 0 0 0 0 0 0 0 0 0 0 0 0 0 0 0 0 0 0 0 0 0 0 0 0 0 0 0 0 0 0 0 0 0 0 0 0 0 0 0 0 0 0 0 0 0 0 0 0 0 0 0 0 0 0 0 0 0 0 0 0 0 0 0 0 0 0 0 0 0 0 0 0 0 0 0 0 0 0 0 0 0 0 0 0 0 0 0 0 0 0 0 0 0 0 0 0 0 0 0 0 0 0 0 0 0 0 0 0 0 0 0 0 0 0 0 0 0 0 0 0 0 0 0 0 0 0 0 0 0 0 0 0 0 0 0 0 0 0 0 0 0 0 0 0 0 0 0 0 0 0 0 0 0 0 0 0 0 0 0 0 0 0 0 0 0 0 0 0 0 0 0 0 0 0 0 0 0 0 0 0 0 0 0 0 0 0 0 0 0 0 0 0 0 0 0 0 0 0 0 0 0 0 0 0 0 0 0 0 0 0 0 0 0 0 0 0 0 0 0 0 0 0 0 0 0 0 0 0 0 0 0 0 0 0 0 0 0 0 0 0 0 0 0 0 0 0 0 0 0 0 0 0 0 0 0 0 0 0 0 0 0 0 0 0 0 0 0 0 0 0 0 0 0 0 0 0 0 0 0 0 0 0 0 0 0 0 0 0 0 0 0 0 0 0 0 0 0 0 0 0 0 0 0 0 0 0 0 0 0 0 0 0 0 0 0 0 0 0 0 0 0 0 0 0 0 0 0 0 0 0 0 0 0 0 0 0 0 0 0 0 0 0 0 0 0 0 0 0 0 0 0 0 0 0 0 0 0 0 0 0 0 0 0 0 0 0 0 0 0 0 0 0 0 0 0 0 0 0 0 0 0 0 0 0 0 0 0 0 0 0 0 0 0 0 0 0 0 0 0 0 0 0 0 0 0 0 0 0 0 0 0 0 0 0 0 0 0 0 0 0 0 0 0 0 0 0 0 0 0 0 0 0 0 0 0 0 0 0 0 0 0 0 0 0 0 0 0 0 0 0 0 0 0 0 0 0 0 0 0 0 0 0 0 0 0 0 0 0 0 0 0 0 0 0 0 0 0 0 0 0 0 0 0 0 0 0 0 0 0 0 0 0 0 0 0 0 0 0 0 0 0 0 0 0 0 0 0 0 0 0 0 0 0 0 0 0 0 0 0 0 0 0 0 0 0 0 0 0 0 0 0 0 0 0 0 0 0 0 0 0 0 0 0 0 0 0 0 0 0 0 0 0 0 0 0 0 0 0 0 0 0 0 0 0 0 0 0 0 0 0 0 0 0 0 0 0 0 0 0 0 0 0 0 0 0 0 0 0 0 0 0 0 0 0 0 0 0 0 0 0 0 0 0 0 0 0 0 0 0 0 0 0 0 0 0 0 0 0 0 0 0 0 0 0 0 0 0 0 0 0 0 0 0 0 0 0 0 0 0 0 0 0 0 0 0 0 0 0 0 0 0 0 0 0 0 0 0 0 0 0 0 0 0 0 0 0 0 0 0 0 0 0 0 0 0 0 0 0 0 0 0 0 0 0 0 0 0 0 0 0 0 0 0 0 0 0 0 0 0 0 0 0 0 0 0 0 0 0 0 0 0 0 0 0 0 0 0 0 0 0 0 0 0 0 0 0 0 0 0 0 0 0 0 0 0 0 0 0 0 0 0 0 0 0 0 0 0 0 0 0 0 0 0 0 0 0 0 0 0 0 0 0 0 0 0 0 0 0 0 0 0 0 0 0 0 0 0 0 0 0 0 0 0 0 0 0 0 0 0 0 0 0 0 0 0 0 0 0 0 0 0 0 0 0 0 0 0 0 0 0 0 0 0 0 0 0 0 0 0 0 0 0 0 0 0 0 0 0 0 0 0 0 0 0 0 0 0 0 0 0 0 0 0 0 0 0 0 0 0 0 0 0 0 0 0 0 0 0 0 0 0 0 0 0 0 0 0 0 0 0 0 0 0 0 0 0 0 0 0 0 0 0 0 0 0 0 0 0 0 0 0 0 0 0 0 0 0 0 0 0 0 0 0 0 0 0 0 0 0 0 0 0 0 0 0 0 0 0 0 0 0 0 0 0 0 0 0 0 0 0 0 0 0 0 0 0 0 0 0 0 0 0 0 0 0 0 0 0 0 0 0 0 0 0 0 0 0 0 0 0 0 0 0 0 0 0 0 0 0 0 0 0 0 0 0 0 0 0 0 0 0 0 0 0 0 0 0 0 0 0 0 0 0 0 0 0 0 0 0 0 0 0 0 0 0 0 0 0 0 0 0 0 0 0 0 0 0 0 0 0 0 0 0 0 0 0 0 0 0 0 0 0 0 0 0 0 0 0 0 0 0 0 0 0 0 0 0 0 0 0 0 0 0 0 0 0 0 0 0 0 0 0 0 0 0 0 0 0 0 0 0 0 0 0 0 0 0 0 0 0 0 0 0 0 0 0 0 0 0 0 0 0 0 0 0 0 0 0 0 0 0 0 0 0 0 0 0 0 0 0 0 0 0 0 0 0 0 0 0 0 0 0 0 0 0 0 0 0 0 0 0 0 0 0 0 0 0 0 0 0 0 0 0 0 0 0 0 0 0 0 0 0 0 0 0 0 0 0 0 0 0 0 0 0 0 0 0 0 0 0 0 0 0 0 0 0 0 0 0 0 0 0 0 0 0 0 0 0 0 0 0 0 0 0 0 0 0 0 0 0 0 0 0 0 0 0 0 0 0 0 0 0 0 0 0 0 0 0 0 0 0 0 0 0 0 0 0 0 0 0 0 0 0 0 0 0 0 0 0 0 0 0 0 0 0 0 0 0 0 0 0 0 0 0 0 0 0 0 0 0 0 0 0 0 0 0 0 0 0 0 0 0 0 0 0 0 0 0 0 0 0 0 0 0 0 0 0 0 0 0 0 0 0 0 0 0 0 0 0 0 0 0 0 0 0 0 0 0 0 0 0 0 0 0 0 0 0 0 0 0 0 0 0 0 0 0 0 0 0 0 0 0 0 0 0 0 0 0 0 0 0 0 0 0 0 0 0 0 0 0 0 0 0 0 0 0 0 0 0 0 0 0 0 0 0 0 0 0 0 0 0 0 0 0 0 0 0 0 0 0 0 0 0 0 0 0 0 0 0 0 0 0 0 0 0 0 0 0 0 0 0 0 0 0 0 0 0 0 0 0 0 0 0 0 0 0 0 0 0 0 0 0 0 0 0 0 0 0 0 0 0 0 0 0 0 0 0 0 0 0 0 0 0 0 0 0 0 0 0 0 0 0 0 0 0 0 0 0 0 0 0 0 0 0 0 0 0 0 0 0 0 0 0 0 0 0 0 0 0 0 0 0 0 0 0 0 0 0 0 0 0 0 0 0 0 0 0 0 0 0 0 0 0 0 0 0 0 0 0 0 0 0 0 0 0 0 0 0 0 0 0 0 0 0 0 0 0 0 0 0 0 0 0 0 0 0 0 0 0 0 0 0 0 0 0 0 0 0 0 0 0 0 0 0 0 0 0 0 0 0 0 0 0 0 0 0 0 0 0 0 0 0 0 0 0 0 0 0 0 0 0 0 0 0 0 0 0 0 0 0 0 0 0 0 0 0 0 0 0 0 0 0 0 0 0 0 0 0 0 0 0 0 0 0 0 0 0 0 0 0 0 0 0 0 0 0 0 0 0 0 0 0 0 0 0 0 0 0 0 0 0 0 0 0 0 0 0 0 0 0 0 0 0 0 0 0 0 0 0 0 0 0 0 0 0 0 0 0 0 0 0 0 0 0 0 0 0 0 0 0 0 0 0 0 0 0 0 0 0 0 0 0 0 0 0 0 0 0 0 0 0 0 0 0 0 0 0 0 0 0 0 0 0 0 0 0 0 0 0 0 0 0 0 0 0 0 0 0 0 0 0 0 0 0 0 0 0 0 0 0 0 0 0 0 0 0 0 0 0 0 0 0 0 0 0 0 0 0 0 0 0 0 0 0 0 0 0 0 0 0 0 0 0 0 0 0 0 0 0 0 0 0 0 0 0 0 0 0 0 0 0 0 0 0 0 0 0 0 0 0 0 0 0 0 0 0 0 0 0 0 0 0 0 0 0 0 0 0 0 0 0 0 0 0 0 0 0 0 0 0 0 0 0 0 0 0 0 0 0 0 0 0 0 0 0 0 0 0 0 0 0 0 0 0 0 0 0 0 0 0 0 0 0 0 0 0 0 0 0 0 0 0 0 0 0 0 0 0 0 0 0 0 0 0 0 0 0 0 0 0 0 0 0 0 0 0 0 0 0 0 0 0 0 0 0 0 0 0 0 0 0 0 0 0 0 0 0 0 0 0 0 0 0 0 0 0 0 0 0 0 0 0 0 0 0 0 0 0 0 0 0 0 0 0 0 0 0 0 0 0 0 0 0 0 0 0 0 0 0 0 0 0 0 0 0 0 0 0 0 0 0 0 0 0 0 0 0 0 0 0 0 0 0 0 0 0 0 0 0 0 0 0 0 0 0 0 0 0 0 0 0 0 0 0 0 0 0 0 0 0 0 0 0 0 0 0 0 0 0 0 0 0 0 0 0 0 0 0 0 0 0 0 0 0 0 0 0 0 0 0 0 0 0 0 0 0 0 0 0 0 0 0 0 0 0 0 0 0 0 0 0 0 0 0 0 0 0 0 0 0 0 0 0 0 0 0 0 0 0 0 0 0 0 0 0 0 0 0 0 0 0 0 0 0 0 0 0 0 0 0 0 0 0 0 0 0 0 0 0 0 0 0 0 0 0 0 0 0 0 0 0 0 0 0 0 0 0 0 0 0 0 0 0 0 0 0 0 0 0 0 0 0 0 0 0 0 0 0 0 0 0 0 0 0 0 0 0 0 0 0 0 0 0 0 0 0 0 0 0 0 0 0 0 0 0 0 0 0 0 0 0 0 0 0 0 0 0 0 0 0 0 0 0 0 0 0 0 0 0 0 0 0 0 0 0 0 0 0 0 0 0 0 0 0 0 0 0 0 0 0 0 0 0 0 0 0 0 0 0 0 0 0 0 0 0 0 0 0 0 0 0 0 0 0 0 0 0 0 0 0 0 0 0 0 0 0 0 0 0 0 0 0 0 0 0 0 0 0 0 0 0 0 0 0 0 0 0 0 0 0 0 0 0 0 0 0 0 0 0 0 0 0 0 0 0 0 0 0 0 0 0 0 0 0 0 0 0 0 0 0 0 0 0 0 0 0 0 0 0 0 0 0 0 0 0 0 0 0 0 0 0 0 0 0 0 0 0 0 0 0 0 0 0 0 0 0 0 0 0 0 0 0 0 0 0 0 0 0 0 0 0 0 0 0 0 0 0 0 0 0 0 0 0 0 0 0 0 0 0 0 0 0 0 0 0 0 0 0 0 0 0 0 0 0 0 0 0 0 0 0 0 0 0 0 0 0 0 0 0 0 0 0 0 0 0 0 0 0 0 0 0 0 0 0 0 0 0 0 0 0 0 0 0 0 0 0 0 0 0 0 0 0 0 0 0 0 0 0 0 0 0 0 0 0 0 0 0 0 0 0 0 0 0 0 0 0 0 0 0 0 0 0 0 0 0 0 0 0 0 0 0 0 0 0 0 0 0 0 0 0 0 0 0 0 0 0 0 0 0 0 0 0 0 0 0 0 0 0 0 0 0 0 0 0 0 0 0 0 0 0 0 0 0 0 0 0 0 0 0 0 0 0 0 0 0 0 0 0 0 0 0 0 0 0 0 0 0 0 0 0 0 0 0 0 0 0 0 0 0 0 0 0 0 0 0 0 0 0 0 0 0 0 0 0 0 0 0 0 0 0 0 0 0 0 0 0 0 0 0 0 0 0 0 0 0 0 0 0 0 0 0 0 0 0 0 0 0 0 0 0 0 0 0 0 0 0 0 0 0 0 0 0 0 0 0 0 0 0 0 0 0 0 0 0 0 0 0 0 0 0 0 0 0 0 0 0 0 0 0 0 0 0 0 0 0 0 0 0 0 0 0 0 0 0 0 0 0 0 0 0 0 0 0 0 0 0 0 0 0 0 0 0 0 0 0 0 0 0 0 0 0 0 0 0 0 0 0 0 0 0 0 0 0 0 0 0 0 0 0 0 0 0 0 0 0 0 0 0 0 0 0 0 0 0 0 0 0 0 0 0 0 0 0 0 0 0 0 0 0 0 0 0 0 0 0 0 0 0 0 0 0 0 0 0 0 0 0 0 0 0 0 0 0 0 0 0 0 0 0 0 0 0 0 0 0 0 0 0 0 0 0 0 0 0 0 0 0 0 0 0 0 0 0 0 0 0 0 0 0 0 0 0 0 0 0 0 0 0 0 0 0 0 0 0 0 0 0 0 0 0 0 0 0 0 0 0 0 0 0 0 0 0 0 0 0 0 0 0 0 0 0 0 0 0 0 0 0 0 0 0 0 0 0 0 0 0 0 0 0 0 0 0 0 0 0 0 0 0 0 0 0 0 0 0 0 0 0 0 0 0 0 0 0 0 0 0 0 0 0 0 0 0 0 0 0 0 0 0 0 0 0 0 0 0 0 0 0 0 0 0 0 0 0 0 0 0 0 0 0 0 0 0 0 0 0 0 0 0 0 0 0 0 0 0 0 0 0 0 0 0 0 0 0 0 0 0 0 0 0 0 0 0 0 0 0 0 0 0 0 0 0 0 0 0 0 0 0 0 0 0 0 0 0 0 0 0 0 0 0 0 0 0 0 0 0 0 0 0 0 0 0 0 0 0 0 0 0 0 0 0 0 0 0 0 0 0 0 0 0 0 0 0 0 0 0 0 0 0 0 0 0 0 0 0 0 0 0 0 0 0 0 0 0 0 0 0 0 0 0 0 0 0 0 0 0 0 0 0 0 0 0 0 0 0 0 0 0 0 0 0 0 0 0 0 0 0 0 0 0 0 0 0 0 0 0 0 0 0 0 0 0 0 0 0 0 0 0 0 0 0 0 0 0 0 0 0 0 0 0 0 0 0 0 0 0 0 0 0 0 0 0 0 0 0 0 0 0 0 0 0 0 0 0 0 0 0 0 0 0 0 0 0 0 0 0 0 0 0 0 0 0 0 0 0 0 0 0 0 0 0 0 0 0 0 0 0 0 0 0 0 0 0 0 0 0 0 0 0 0 0 0 0 0 0 0 0 0 0 0 0 0 0 0 0 0 0 0 0 0 0 0 0 0 0 0 0 0 0 0 0 0 0 0 0 0 0 0 0 0 0 0 0 0 0 0 0 0 0 0 0 0 0 0 0 0 0 0 0 0 0 0 0 0 0 0 0 0 0 0 0 0 0 0 0 0 0 0 0 0 0 0 0 0 0 0 0 0 0 0 0 0 0 0 0 0 0 0 0 0 0 0 0 0 0 0 0 0 0 0 0 0 0 0 0 0 0 0 0 0 0 0 0 0 0 0 0 0 0 0 0 0 0 0 0 0 0 0 0 0 0 0 0 0 0 0 0 0 0 0 0 0 0 0 0 0 0 0 0 0 0 0 0 0 0 0 0 0 0 0 0 0 0 0 0 0 0 0 0 0 0 0 0 0 0 0 0 0 0 0 0 0 0 0 0 0 0 0 0 0 0 0 0 0 0 0 0 0 0 0 0 0 0 0 0 0 0 0 0 0 0 0 0 0 0 0 0 0 0 0 0 0 0 0 0 0 0 0 0 0 0 0 0 0 0 0 0 0 0 0 0 0 0 0 0 0 0 0 0 0 0 0 0 0 0 0 0 0 0 0 0 0 0 0 0 0 0 0 0 0 0 0 0 0 0 0 0 0 0 0 0 0 0 0 0 0 0 0 0 0 0 0 0 0 0 0 0 0 0 0 0 0 0 0 0 0 0 0 0 0 0 0 0 0 0 0 0 0 0 0 0 0 0 0 0 0 0 0 0 0 0 0 0 0 0 0 0 0 0 0 0 0 0 0 0 0 0 0 0 0 0 0 0 0 0 0 0 0 0 0 0 0 0 0 0 0 0 0 0 0 0 0 0 0 0 0 0 0 0 0 0 0 0 0 0 0 0 0 0 0 0 0 0 0 0 0 0 0 0 0 0 0 0 0 0 0 0 0 0 0 0 0 0 0 0 0 0 0 0 0 0 0 0 0 0 0 0 0 0 0 0 0 0 0 0 0 0 0 0 0 0 0 0 0 0 0 0 0 0 0 0 0 0 0 0 0 0 0 0 0 0 0 0 0 0 0 0 0 0 0 0 0 0 0 0 0 0 0 0 0 0 0 0 0 0 0 0 0 0 0 0 0 0 0 0 0 0 0 0 0 0 0 0 0 0 0 0 0 0 0 0 0 0 0 0 0 0 0 0 0 0 0 0 0 0 0 0 0 0 0 0 0 0 0 0 0 0 0 0 0 0 0 0 0 0 0 0 0 0 0 0 0 0 0 0 0 0 0 0 0 0 0 0 0 0 0 0 0 0 0 0 0 0 0 0 0 0 0 0 0 0 0 0 0 0 0 0 0 0 0 0 0 0 0 0 0 0 0 0 0 0 0 0 0 0 0 0 0 0 0 0 0 0 0 0 0 0 0 0 0 0 0 0 0 0 0 0 0 0 0 0 0 0 0 0 0 0 0 0 0 0 0 0 0 0 0 0 0 0 0 0 0 0 0 0 0 0 0 0 0 0 0 0 0 0 0 0 0 0 0 0 0 0 0 0 0 0 0 0 0 0 0 0 0 0 0 0 0 0 0 0 0 0 0 0 0 0 0 0 0 0 0 0 0 0 0 0 0 0 0 0 0 0 0 0 0 0 0 0 0 0 0 0 0 0 0 0 0 0 0 0 0 0 0 0 0 0 0 0 0 0 0 0 0 0 0 0 0 0 0 0 0 0 0 0 0 0 0 0 0 0 0 0 0 0 0 0 0 0 0 0 0 0 0 0 0 0 0 0 0 0 0 0 0 0 0 0 0 0 0 0 0 0 0 0 0 0 0 0 0 0 0 0 0 0 0 0 0 0 0 0 0 0 0 0 0 0 0 0 0 0 0 0 0 0 0 0 0 0 0 0 0 0 0 0 0 0 0 0 0 0 0 0 0 0 0 0 0 0 0 0 0 0 0 0 0 0 0 0 0 0 0 0 0 0 0 0 0 0 0 0 0 0 0 0 0 0 0 0 0 0 0 0 0 0 0 0 0 0 0 0 0 0 0 0 0 0 0 0 0 0 0 0 0 0 0 0 0 0 0 0 0 0 0 0 0 0 0 0 0 0 0 0 0 0 0 0 0 0 0 0 0 0 0 0 0 0 0 0 0 0 0 0 0 0 0 0 0 0 0 0 0 0 0 0 0 0 0 0 0 0 0 0 0 0 0 0 0 0 0 0 0 0 0 0 0 0 0 0 0 0 0 0 0 0 0 0 0 0 0 0 0 0 0 0 0 0 0 0 0 0 0 0 0 0 0 0 0 0 0 0 0 0 0 0 0 0 0 0 0 0 0 0 0 0 0 0 0 0 0 0 0 0 0 0 0 0 0 0 0 0 0 0 0 0 0 0 0 0 0 0 0 0 0 0 0 0 0 0 0 0 0 0 0 0 0 0 0 0 0 0 0 0 0 0 0 0 0 0 0 0 0 0 0 0 0 0 0 0 0 0 0 0 0 0 0 0 0 0 0 0 0 0 0 0 0 0 0 0 0 0 0 0 0 0 0 0 0 0 0 0 0 0 0 0 0 0 0 0 0 0 0 0 0 0 0 0 0 0 0 0 0 0 0 0 0 0 0 0 0 0 0 0 0 0 0 0 0 0 0 0 0 0 0 0 0 0 0 0 0 0 0 0 0 0 0 0 0 0 0 0 0 0 0 0 0 0 0 0 0 0 0 0 0 0 0 0 0 0 0 0 0 0 0 0 0 0 0 0 0 0 0 0 0 0 0 0 0 0 0 0 0 0 0 0 0 0 0 0 0 0 0 0 0 0 0 0 0 0 0 0 0 0 0 0 0 0 0 0 0 0 0 0 0 0 0 0 0 0 0 0 0 0 0 0 0 0 0 0 0 0 0 0 0 0 0 0 0 0 0 0 0 0 0 0 0 0 0 0 0 0 0 0 0 0 0 0 0 0 0 0 0 0 0 0 0 0 0 0 0 0 0 0 0 0 0 0 0 0 0 0 0 0 0 0 0 0 0 0 0 0 0 0 0 0 0 0 0 0 0 0 0 0 0 0 0 0 0 0 0 0 0 0 0 0 0 0 0 0 0 0 0 0 0 0 0 0 0 0 0 0 0 0 0 0 0 0 0 0 0 0 0 0 0 0 0 0 0 0 0</float_array>
					<technique_common>
						<accessor source="#3003-mesh-map-1-array" count="3144" stride="2">
							<param name="S" type="float"/>
							<param name="T" type="float"/>
						</accessor>
					</technique_common>
				</source>
				<source id="3003-mesh-map-2">
					<float_array id="3003-mesh-map-2-array" count="6288">0 0 0 0 0 0 0 0 0 0 0 0 0.747 0.39 0.747 0.679 0.507 0.39 0.747 0.679 0.507 0.679 0.507 0.39 0 0 0 0 0 0 0 0 0 0 0 0 0 0 0 0 0 0 0 0 0 0 0 0 0 0 0 0 0 0 0 0 0 0 0 0 0 0 0 0 0 0 0 0 0 0 0 0 0 0 0 0 0 0 0 0 0 0 0 0 0 0 0 0 0 0 0 0 0 0 0 0 0 0 0 0 0 0 0 0 0 0 0 0 0 0 0 0 0 0 0 0 0 0 0 0 0 0 0 0 0 0 0 0 0 0 0 0 0 0 0 0 0 0 0 0 0 0 0 0 0 0 0 0 0 0 0 0 0 0 0 0 0 0 0 0 0 0 0 0 0 0 0 0 0 0 0 0 0 0 0 0 0 0 0 0 0 0 0 0 0 0 0 0 0 0 0 0 0 0 0 0 0 0 0 0 0 0 0 0 0 0 0 0 0 0 0 0 0 0 0 0 0 0 0 0 0 0 0 0 0 0 0 0 0 0 0 0 0 0 0 0 0 0 0 0 0 0 0 0 0 0 0 0 0 0 0 0 0.491 0.694 0.491 0.983 0.371 0.694 0.491 0.983 0.371 0.983 0.371 0.694 0 0 0 0 0 0 0 0 0 0 0 0 0 0 0 0 0 0 0 0 0 0 0 0 0 0 0 0 0 0 0 0 0 0 0 0 0 0 0 0 0 0 0 0 0 0 0 0 0.371 0.694 0.371 0.983 0.251 0.694 0.371 0.983 0.251 0.983 0.251 0.694 0 0 0 0 0 0 0 0 0 0 0 0 0 0 0 0 0 0 0 0 0 0 0 0 0 0 0 0 0 0 0 0 0 0 0 0 0 0 0 0 0 0 0 0 0 0 0 0 0 0 0 0 0 0 0 0 0 0 0 0 0 0 0 0 0 0 0 0 0 0 0 0 0 0 0 0 0 0 0 0 0 0 0 0 0 0 0 0 0 0 0 0 0 0 0 0 0 0 0 0 0 0 0 0 0 0 0 0 0.251 0.39 0.491 0.39 0.251 0.679 0.491 0.39 0.491 0.679 0.251 0.679 0 0 0 0 0 0 0 0 0 0 0 0 0 0 0 0 0 0 0 0 0 0 0 0 0 0 0 0 0 0 0 0 0 0 0 0 0 0 0 0 0 0 0 0 0 0 0 0 0 0 0 0 0 0 0 0 0 0 0 0 0 0 0 0 0 0 0 0 0 0 0 0 0 0 0 0 0 0 0 0 0 0 0 0 0 0 0 0 0 0 0 0 0 0 0 0 0 0 0 0 0 0 0 0 0 0 0 0 0 0 0 0 0 0 0 0 0 0 0 0 0 0 0 0 0 0 0 0 0 0 0 0 0 0 0 0 0 0 0 0 0 0 0 0 0 0 0 0 0 0 0 0 0 0 0 0 0 0 0 0 0 0 0 0 0 0 0 0 0 0 0 0 0 0 0 0 0 0 0 0 0 0 0 0 0 0 0 0 0 0 0 0 0 0 0 0 0 0 0 0 0 0 0 0 0 0 0 0 0 0 0 0 0 0 0 0 0 0 0 0 0 0 0 0 0 0 0 0 0.011 0.694 0.13 0.694 0.011 0.983 0.13 0.694 0.13 0.983 0.011 0.983 0 0 0 0 0 0 0 0 0 0 0 0 0 0 0 0 0 0 0 0 0 0 0 0 0 0 0 0 0 0 0 0 0 0 0 0 0 0 0 0 0 0 0 0 0 0 0 0 0.13 0.694 0.251 0.694 0.13 0.983 0.251 0.694 0.251 0.983 0.13 0.983 0 0 0 0 0 0 0 0 0 0 0 0 0 0 0 0 0 0 0 0 0 0 0 0 0 0 0 0 0 0 0 0 0 0 0 0 0 0 0 0 0 0 0 0 0 0 0 0 0 0 0 0 0 0 0 0 0 0 0 0 0 0 0 0 0 0 0 0 0 0 0 0 0 0 0 0 0 0 0 0 0 0 0 0 0 0 0 0 0 0 0 0 0 0 0 0 0 0 0 0 0 0 0 0 0 0 0 0 0.747 0.39 0.987 0.39 0.747 0.679 0.987 0.39 0.987 0.679 0.747 0.679 0 0 0 0 0 0 0 0 0 0 0 0 0 0 0 0 0 0 0 0 0 0 0 0 0 0 0 0 0 0 0 0 0 0 0 0 0 0 0 0 0 0 0 0 0 0 0 0 0 0 0 0 0 0 0 0 0 0 0 0 0 0 0 0 0 0 0 0 0 0 0 0 0 0 0 0 0 0 0 0 0 0 0 0 0 0 0 0 0 0 0 0 0 0 0 0 0 0 0 0 0 0 0 0 0 0 0 0 0 0 0 0 0 0 0 0 0 0 0 0 0 0 0 0 0 0 0 0 0 0 0 0 0 0 0 0 0 0 0 0 0 0 0 0 0 0 0 0 0 0 0 0 0 0 0 0 0 0 0 0 0 0 0 0 0 0 0 0 0 0 0 0 0 0 0 0 0 0 0 0 0 0 0 0 0 0 0 0 0 0 0 0 0 0 0 0 0 0 0 0 0 0 0 0 0 0 0 0 0 0 0 0 0 0 0 0 0 0 0 0 0 0 0 0 0 0 0 0 0.506 0.694 0.626 0.694 0.506 0.982 0.626 0.694 0.626 0.982 0.506 0.982 0 0 0 0 0 0 0 0 0 0 0 0 0 0 0 0 0 0 0 0 0 0 0 0 0 0 0 0 0 0 0 0 0 0 0 0 0 0 0 0 0 0 0 0 0 0 0 0 0.626 0.694 0.746 0.694 0.626 0.982 0.746 0.694 0.746 0.982 0.626 0.982 0 0 0 0 0 0 0 0 0 0 0 0 0 0 0 0 0 0 0 0 0 0 0 0 0 0 0 0 0 0 0 0 0 0 0 0 0 0 0 0 0 0 0 0 0 0 0 0 0 0 0 0 0 0 0 0 0 0 0 0 0 0 0 0 0 0 0 0 0 0 0 0 0 0 0 0 0 0 0 0 0 0 0 0 0 0 0 0 0 0 0 0 0 0 0 0 0 0 0 0 0 0 0 0 0 0 0 0 0.251 0.39 0.251 0.679 0.01 0.39 0.251 0.679 0.01 0.679 0.01 0.39 0 0 0 0 0 0 0 0 0 0 0 0 0 0 0 0 0 0 0 0 0 0 0 0 0 0 0 0 0 0 0 0 0 0 0 0 0 0 0 0 0 0 0 0 0 0 0 0 0 0 0 0 0 0 0 0 0 0 0 0 0 0 0 0 0 0 0 0 0 0 0 0 0 0 0 0 0 0 0 0 0 0 0 0 0 0 0 0 0 0 0 0 0 0 0 0 0 0 0 0 0 0 0 0 0 0 0 0 0 0 0 0 0 0 0 0 0 0 0 0 0 0 0 0 0 0 0 0 0 0 0 0 0 0 0 0 0 0 0 0 0 0 0 0 0 0 0 0 0 0 0 0 0 0 0 0 0 0 0 0 0 0 0 0 0 0 0 0 0 0 0 0 0 0 0 0 0 0 0 0 0 0 0 0 0 0 0 0 0 0 0 0 0 0 0 0 0 0 0 0 0 0 0 0 0 0 0 0 0 0 0 0 0 0 0 0 0 0 0 0 0 0 0 0 0 0 0 0 0.986 0.694 0.986 0.982 0.867 0.694 0.986 0.982 0.867 0.982 0.867 0.694 0 0 0 0 0 0 0 0 0 0 0 0 0 0 0 0 0 0 0 0 0 0 0 0 0 0 0 0 0 0 0 0 0 0 0 0 0 0 0 0 0 0 0 0 0 0 0 0 0.867 0.694 0.867 0.982 0.746 0.694 0.867 0.982 0.746 0.982 0.746 0.694 0 0 0 0 0 0 0 0 0 0 0 0 0 0 0 0 0 0 0 0 0 0 0 0 0 0 0 0 0 0 0 0 0 0 0 0 0 0 0 0 0 0 0 0 0 0 0 0 0 0 0 0 0 0 0 0 0 0 0 0 0 0 0 0 0 0 0 0 0 0 0 0 0 0 0 0 0 0 0 0 0 0 0 0 0 0 0 0 0 0 0 0 0 0 0 0 0 0 0 0 0 0 0 0 0 0 0 0 0 0 0 0 0 0 0 0 0 0 0 0 0 0 0 0 0 0 0 0 0 0 0 0 0 0 0 0 0 0 0 0 0 0 0 0 0 0 0 0 0 0 0 0 0 0 0 0 0 0 0 0 0 0 0 0 0 0 0 0 0 0 0 0 0 0 0 0 0 0 0 0 0 0 0 0 0 0 0 0 0 0 0 0 0 0 0 0 0 0 0 0 0 0 0 0 0 0 0 0 0 0 0 0 0 0 0 0 0 0 0 0 0 0 0 0 0 0 0 0 0 0 0 0 0 0 0 0 0 0 0 0 0 0 0 0 0 0 0 0 0 0 0 0 0 0 0 0 0 0 0 0 0 0 0 0 0 0 0 0 0 0 0 0 0 0 0 0 0 0 0 0 0 0 0 0 0 0 0 0 0 0 0 0 0 0 0 0 0 0 0 0 0 0 0 0 0 0 0 0 0 0 0 0 0 0 0 0 0 0 0 0 0 0 0 0 0 0 0 0 0 0 0 0 0 0 0 0 0 0 0 0 0 0 0 0 0 0 0 0 0 0 0 0 0 0 0 0 0 0 0 0 0 0 0 0 0 0 0 0 0 0 0 0 0 0 0 0 0 0 0 0 0 0 0 0 0 0 0 0 0 0 0 0 0 0 0 0 0 0 0 0 0 0 0 0 0 0 0 0 0 0 0 0 0 0 0 0 0 0 0 0 0 0 0 0 0 0 0 0 0 0 0 0 0 0 0 0 0 0 0 0 0 0 0 0 0 0 0 0 0 0 0 0 0 0 0 0 0 0 0 0 0 0 0 0 0 0 0 0 0 0 0 0 0 0 0 0 0 0 0 0 0 0 0 0 0 0 0 0 0 0 0 0 0 0 0 0 0 0 0 0 0 0 0 0 0 0 0 0 0 0 0 0 0 0 0 0 0 0 0 0 0 0 0 0 0 0 0 0 0 0 0 0 0 0 0 0 0 0 0 0 0 0 0 0 0 0 0 0 0 0 0 0 0 0 0 0 0 0 0 0 0 0 0 0 0 0 0 0 0 0 0 0 0 0 0 0 0 0 0 0 0 0 0 0 0 0 0 0 0 0 0 0 0 0 0 0 0 0 0 0 0 0 0 0 0 0 0 0 0 0 0 0 0 0 0 0 0 0 0 0 0 0 0 0 0 0 0 0 0 0 0 0 0 0 0 0 0 0 0 0 0 0 0 0 0 0 0 0 0 0 0 0 0 0 0 0 0 0 0 0 0 0 0 0 0 0 0 0 0 0 0 0 0 0 0 0 0 0 0 0 0 0 0 0 0 0 0 0 0 0 0 0 0 0 0 0 0 0 0 0 0 0 0 0 0 0 0 0 0 0 0 0 0 0 0 0 0 0 0 0 0 0 0 0 0 0 0 0 0 0 0 0 0 0 0 0 0 0 0 0 0 0 0 0 0 0 0 0 0 0 0 0 0 0 0 0 0 0 0 0 0 0 0 0 0 0 0 0 0 0 0 0 0 0 0 0 0 0 0 0 0 0 0 0 0 0 0 0 0 0 0 0 0 0 0 0 0 0 0 0 0 0 0 0 0 0 0 0 0 0 0 0 0 0 0 0 0 0 0 0 0 0 0 0 0 0 0 0 0 0 0 0 0 0 0 0 0 0 0 0 0 0 0 0 0 0 0 0 0 0 0 0 0 0 0 0 0 0 0 0 0 0 0 0 0 0 0 0 0 0 0 0 0 0 0 0 0 0 0 0 0 0 0 0 0 0 0 0 0 0 0 0 0 0 0 0 0 0 0 0 0 0 0 0 0 0 0 0 0 0 0 0 0 0 0 0 0 0 0 0 0 0 0 0 0 0 0 0 0 0 0 0 0 0 0 0 0 0 0 0 0 0 0 0 0 0 0 0 0 0 0 0 0 0 0 0 0 0 0 0 0 0 0 0 0 0 0 0 0 0 0 0 0 0 0 0 0 0 0 0 0 0 0 0 0 0 0 0 0 0 0 0 0 0 0 0 0 0 0 0 0 0 0 0 0 0 0 0 0 0 0 0 0 0 0 0 0 0 0 0 0 0 0 0 0 0 0 0 0 0 0 0 0 0 0 0 0 0 0 0 0 0 0 0 0 0 0 0 0 0 0 0 0 0 0 0 0 0 0 0 0 0 0 0 0 0 0 0 0 0 0 0 0 0 0 0 0 0 0 0 0 0 0 0 0 0 0 0 0 0 0 0 0 0 0 0 0 0 0 0 0 0 0 0 0 0 0 0 0 0 0 0 0 0 0 0 0 0 0 0 0 0 0 0 0 0 0 0 0 0 0 0 0 0 0 0 0 0 0 0 0 0 0 0 0 0 0 0 0 0 0 0 0 0 0 0 0 0 0 0 0 0 0 0 0 0 0 0 0 0 0 0 0 0 0 0 0 0 0 0 0 0 0 0 0 0 0 0 0 0 0 0 0 0 0 0 0 0 0 0 0 0 0 0 0 0 0 0 0 0 0 0 0 0 0 0 0 0 0 0 0 0 0 0 0 0 0 0 0 0 0 0 0 0 0 0 0 0 0 0 0 0 0 0 0 0 0 0 0 0 0 0 0 0 0 0 0 0 0 0 0 0 0 0 0 0 0 0 0 0 0 0 0 0 0 0 0 0 0 0 0 0 0 0 0 0 0 0 0 0 0 0 0 0 0 0 0 0 0 0 0 0 0 0 0 0 0 0 0 0 0 0 0 0 0 0 0 0 0 0 0 0 0 0 0 0 0 0 0 0 0 0 0 0 0 0 0 0 0 0 0 0 0 0 0 0 0 0 0 0 0 0 0 0 0 0 0 0 0 0 0 0 0 0 0 0 0 0 0 0 0 0 0 0 0 0 0 0 0 0 0 0 0 0 0 0 0 0 0 0 0 0 0 0 0 0 0 0 0 0 0 0 0 0 0 0 0 0 0 0 0 0 0 0 0 0 0 0 0 0 0 0 0 0 0 0 0 0 0 0 0 0 0 0 0 0 0 0 0 0 0 0 0 0 0 0 0 0 0 0 0 0 0 0 0 0 0 0 0 0 0 0 0 0 0 0 0 0 0 0 0 0 0 0 0 0 0 0 0 0 0 0 0 0 0 0 0 0 0 0 0 0 0 0 0 0 0 0 0 0 0 0 0 0 0 0 0 0 0 0 0 0 0 0 0 0 0 0 0 0 0 0 0 0 0 0 0 0 0 0 0 0 0 0 0 0 0 0 0 0 0 0 0 0 0 0 0 0 0 0 0 0 0 0 0 0 0 0 0 0 0 0 0 0 0 0 0 0 0 0 0 0 0 0 0 0 0 0 0 0 0 0 0 0 0 0 0 0 0 0 0 0 0 0 0 0 0 0 0 0 0 0 0 0 0 0 0 0 0 0 0 0 0 0 0 0 0 0 0 0 0 0 0 0 0 0 0 0 0 0 0 0 0 0 0 0 0 0 0 0 0 0 0 0 0 0 0 0 0 0 0 0 0 0 0 0 0 0 0 0 0 0 0 0 0 0 0 0 0 0 0 0 0 0 0 0 0 0 0 0 0 0 0 0 0 0 0 0 0 0 0 0 0 0 0 0 0 0 0 0 0 0 0 0 0 0 0 0 0 0 0 0 0 0 0 0 0 0 0 0 0 0 0 0 0 0 0 0 0 0 0 0 0 0 0 0 0 0 0 0 0 0 0 0 0 0 0 0 0 0 0 0 0 0 0 0 0 0 0 0 0 0 0 0 0 0 0 0 0 0 0 0 0 0 0 0 0 0 0 0 0 0 0 0 0 0 0 0 0 0 0 0 0 0 0 0 0 0 0 0 0 0 0 0 0 0 0 0 0 0 0 0 0 0 0 0 0 0 0 0 0 0 0 0 0 0 0 0 0 0 0 0 0 0 0 0 0 0 0 0 0 0 0 0 0 0 0 0 0 0 0 0 0 0 0 0 0 0 0 0 0 0 0 0 0 0 0 0 0 0 0 0 0 0 0 0 0 0 0 0 0 0 0 0 0 0 0 0 0 0 0 0 0 0 0 0 0 0 0 0 0 0 0 0 0 0 0 0 0 0 0 0 0 0 0 0 0 0 0 0 0 0 0 0 0 0 0 0 0 0 0 0 0 0 0 0 0 0 0 0 0 0 0 0 0 0 0 0 0 0 0 0 0 0 0 0 0 0 0 0 0 0 0 0 0 0 0 0 0 0 0 0 0 0 0 0 0 0 0 0 0 0 0 0 0 0 0 0 0 0 0 0 0 0 0 0 0 0 0 0 0 0 0 0 0 0 0 0 0 0 0 0 0 0 0 0 0 0 0 0 0 0 0 0 0 0 0 0 0 0 0 0 0 0 0 0 0 0 0 0 0 0 0 0 0 0 0 0 0 0 0 0 0 0 0 0 0 0 0 0 0 0 0 0 0 0 0 0 0 0 0 0 0 0 0 0 0 0 0 0 0 0 0 0 0 0 0 0 0 0 0 0 0 0 0 0 0 0 0 0 0 0 0 0 0 0 0 0 0 0 0 0 0 0 0 0 0 0 0 0 0 0 0 0 0 0 0 0 0 0 0 0 0 0 0 0 0 0 0 0 0 0 0 0 0 0 0 0 0 0 0 0 0 0 0 0 0 0 0 0 0 0 0 0 0 0 0 0 0 0 0 0 0 0 0 0 0 0 0 0 0 0 0 0 0 0 0 0 0 0 0 0 0 0 0 0 0 0 0 0 0 0 0 0 0 0 0 0 0 0 0 0 0 0 0 0 0 0 0 0 0 0 0 0 0 0 0 0 0 0 0 0 0 0 0 0 0 0 0 0 0 0 0 0 0 0 0 0 0 0 0 0 0 0 0 0 0 0 0 0 0 0 0 0 0 0 0 0 0 0 0 0 0 0 0 0 0 0 0 0 0 0 0 0 0 0 0 0 0 0 0 0 0 0 0 0 0 0 0 0 0 0 0 0 0 0 0 0 0 0 0 0 0 0 0 0 0 0 0 0 0 0 0 0 0 0 0 0 0 0 0 0 0 0 0 0 0 0 0 0 0 0 0 0 0 0 0 0 0 0 0 0 0 0 0 0 0 0 0 0 0 0 0 0 0 0 0 0 0 0 0 0 0 0 0 0 0 0 0 0 0 0 0 0 0 0 0 0 0 0 0 0 0 0 0 0 0 0 0 0 0 0 0 0 0 0 0 0 0 0 0 0 0 0 0 0 0 0 0 0 0 0 0 0 0 0 0 0 0 0 0 0 0 0 0 0 0 0 0 0 0 0 0 0 0 0 0 0 0 0 0 0 0 0 0 0 0 0 0 0 0 0 0 0 0 0 0 0 0 0 0 0 0 0 0 0 0 0 0 0 0 0 0 0 0 0 0 0 0 0 0 0 0 0 0 0 0 0 0 0 0 0 0 0 0 0 0 0 0 0 0 0 0 0 0 0 0 0 0 0 0 0 0 0 0 0 0 0 0 0 0 0 0 0 0 0 0 0 0 0 0 0 0 0 0 0 0 0 0 0 0 0 0 0 0 0 0 0 0 0 0 0 0 0 0 0 0 0 0 0 0 0 0 0 0 0 0 0 0 0 0 0 0 0 0 0 0 0 0 0 0 0 0 0 0 0 0 0 0 0 0 0 0 0 0 0 0 0 0 0 0 0 0 0 0 0 0 0 0 0 0 0 0 0 0 0 0 0 0 0 0 0 0 0 0 0 0 0 0 0 0 0 0 0 0 0 0 0 0 0 0 0 0 0 0 0 0 0 0 0 0 0 0 0 0 0 0 0 0 0 0 0 0 0 0 0 0 0 0 0 0 0 0 0 0 0 0 0 0 0 0 0 0 0 0 0 0 0 0 0 0 0 0 0 0 0 0 0 0 0 0 0 0 0 0 0 0 0 0 0 0 0 0 0 0 0 0 0 0 0 0 0 0 0 0 0 0 0 0 0 0 0 0 0 0 0 0 0 0 0 0 0 0 0 0 0 0 0 0 0 0 0 0 0 0 0 0 0 0 0 0 0 0 0 0 0 0 0 0 0 0 0 0 0 0 0 0 0 0 0 0 0 0 0 0 0 0 0 0 0 0 0 0 0 0 0 0 0 0 0 0 0 0 0 0 0 0 0 0 0 0 0 0 0 0 0 0 0 0 0 0 0 0 0 0 0 0 0 0 0 0 0 0 0 0 0 0 0 0 0 0 0 0 0 0 0 0 0 0 0 0 0 0 0 0 0 0 0 0 0 0 0 0 0 0 0 0 0 0 0 0 0 0 0 0 0 0 0 0 0 0 0 0 0 0 0 0 0 0 0 0 0 0 0 0 0 0 0 0 0 0 0 0 0 0 0 0 0 0 0 0 0 0 0 0 0 0 0 0 0 0 0 0 0 0 0 0 0 0 0 0 0 0 0 0 0 0 0 0 0 0 0 0 0 0 0 0 0 0 0 0 0 0 0 0 0 0 0 0 0 0 0 0 0 0 0 0 0 0 0 0 0 0 0 0 0 0 0 0 0 0 0 0 0 0 0 0 0 0 0 0 0 0 0 0 0 0 0 0 0 0 0 0 0 0 0 0 0 0 0 0 0 0 0 0 0 0 0 0 0 0 0 0 0 0 0 0 0 0 0 0 0 0 0 0 0 0 0 0 0 0 0 0 0 0 0 0 0 0 0 0 0 0 0 0 0 0 0 0 0 0 0 0 0 0 0 0 0 0 0 0 0 0 0 0 0 0 0 0 0 0 0 0 0 0 0 0 0 0 0 0 0 0 0 0 0 0 0 0 0 0 0 0 0 0 0 0 0 0 0 0 0 0 0 0 0 0 0 0 0 0 0 0 0 0 0 0 0 0 0 0 0 0 0 0 0 0 0 0 0 0 0 0 0 0 0 0 0 0 0 0 0 0 0 0 0 0 0 0 0 0 0 0 0 0 0 0 0 0 0 0 0 0 0 0 0 0 0 0 0 0 0 0 0 0 0 0 0 0 0 0 0 0 0 0 0 0 0 0 0 0 0 0 0 0 0 0 0 0 0 0 0 0 0 0 0 0 0 0 0 0 0 0 0 0 0 0 0 0 0 0 0 0 0 0 0 0 0 0 0 0 0 0 0 0 0 0 0 0 0 0 0 0 0 0 0 0 0 0 0 0 0 0 0 0 0 0 0 0 0 0 0 0 0 0 0 0 0 0 0 0 0 0 0 0 0 0 0 0 0 0 0 0 0 0 0 0 0 0 0 0 0 0 0 0 0 0 0 0 0 0 0 0 0 0 0 0 0 0 0 0 0 0 0 0 0 0 0 0 0 0 0 0 0 0 0 0 0 0 0 0 0 0 0 0 0 0 0 0 0 0 0 0 0 0 0 0 0 0 0 0 0 0 0 0 0 0 0 0 0 0 0 0 0 0 0 0 0 0 0 0 0 0 0 0 0 0 0 0 0 0 0 0 0 0 0 0 0 0 0 0 0 0 0 0 0 0 0 0 0 0 0 0 0 0 0 0 0 0 0 0 0 0 0 0 0 0 0 0 0 0 0 0 0 0 0 0 0 0 0 0 0 0 0 0 0 0 0 0 0 0 0 0 0 0 0 0 0 0 0 0 0 0 0 0 0 0 0 0 0 0 0 0 0 0 0 0 0 0 0 0 0 0 0 0 0 0 0 0 0 0 0 0 0 0 0 0 0 0 0 0 0 0 0 0 0 0 0 0 0 0 0 0 0 0 0 0 0 0 0 0 0 0 0 0 0 0 0 0 0 0 0 0 0 0 0 0 0 0 0 0 0 0 0 0 0 0 0 0 0 0 0 0 0 0 0 0 0 0 0 0 0 0 0 0 0 0 0 0 0 0 0 0 0 0 0 0 0 0 0 0 0 0 0 0 0 0 0 0 0 0 0 0 0 0 0 0 0 0 0 0 0 0 0 0 0 0 0 0 0 0 0 0 0 0 0 0 0 0 0 0 0 0 0 0 0 0 0 0 0 0 0 0 0 0 0 0 0 0 0 0 0 0 0 0 0 0 0 0 0 0 0 0 0 0 0 0 0 0 0 0 0 0 0 0 0 0 0 0 0 0 0 0 0 0 0 0 0 0 0 0 0 0 0 0 0 0 0 0 0 0 0 0 0 0 0 0 0 0 0 0 0 0 0 0 0 0 0 0 0 0 0 0 0 0 0 0 0 0 0 0 0 0 0 0 0 0 0 0 0 0 0 0 0 0 0 0 0 0 0 0 0 0 0 0 0 0 0 0 0 0 0 0 0 0 0 0 0 0 0 0 0 0 0 0 0 0 0 0 0 0 0 0 0 0 0 0 0 0 0 0 0 0 0 0 0 0 0 0 0 0 0 0 0 0 0 0 0 0 0 0 0 0 0 0 0 0 0 0 0 0 0 0 0 0 0 0 0 0 0 0 0 0 0 0 0 0 0 0 0 0 0 0 0 0 0 0 0 0 0 0 0 0 0 0 0 0 0 0 0 0 0 0 0 0 0 0 0 0 0 0 0 0 0 0 0 0 0 0 0 0 0 0 0 0 0 0 0 0 0 0 0 0 0 0 0 0 0 0 0 0 0 0 0 0 0 0 0 0 0 0 0 0 0 0 0 0 0 0 0 0 0 0 0 0 0 0 0 0 0 0 0 0 0 0 0 0 0 0 0 0 0 0 0 0 0 0 0 0 0 0 0 0 0 0 0 0 0 0 0 0 0 0 0 0 0 0 0 0 0 0 0 0 0 0 0 0 0 0 0 0 0 0 0 0 0 0 0 0 0 0 0 0 0 0 0 0 0 0 0 0 0 0 0 0 0 0 0 0 0 0 0 0 0 0 0 0 0 0 0 0 0 0 0 0 0 0 0 0 0 0 0 0 0 0 0 0 0 0 0 0 0 0 0 0 0 0 0 0 0 0 0 0 0 0 0 0 0 0 0 0 0 0 0 0 0 0 0 0 0 0 0 0 0 0 0 0 0 0 0 0 0 0 0 0 0 0 0 0 0 0 0 0 0 0 0 0 0 0 0 0 0 0 0 0 0 0 0 0 0 0 0 0 0 0 0 0 0 0 0 0 0 0 0 0 0 0 0 0 0 0 0 0 0 0 0 0 0 0 0 0 0 0 0 0 0 0 0 0 0 0 0 0 0 0 0 0 0 0 0 0 0 0 0 0 0 0 0 0 0 0 0 0 0 0 0 0 0 0 0 0 0 0 0 0 0 0 0 0 0 0 0 0 0 0 0 0 0 0 0 0 0 0 0 0 0 0 0 0 0 0 0 0 0 0 0 0 0 0 0 0 0 0 0 0 0 0 0 0 0 0 0 0 0 0 0 0 0 0 0 0 0 0 0 0 0 0 0 0 0 0 0 0 0 0 0 0 0 0 0 0 0 0 0 0 0 0 0 0 0 0 0 0 0 0 0 0 0 0 0 0 0 0 0 0 0 0 0 0 0 0 0 0 0 0 0 0 0 0 0 0 0 0 0 0 0 0 0 0 0 0 0 0 0 0 0 0 0 0 0 0 0 0 0 0 0 0 0 0 0 0 0 0 0 0 0 0 0 0 0 0 0 0 0 0 0 0 0 0 0 0 0 0 0 0 0 0 0 0 0 0 0 0 0 0 0 0 0 0 0 0 0 0 0 0 0 0 0 0 0 0 0 0 0 0 0 0 0 0 0 0 0 0 0 0 0 0 0 0 0 0 0 0 0 0 0 0 0 0 0 0 0 0 0 0 0 0 0 0 0 0 0 0 0 0 0 0 0 0 0 0 0 0 0 0 0 0 0 0 0 0 0 0 0 0 0 0 0 0 0 0 0 0 0 0 0 0 0 0 0 0 0 0 0 0 0 0 0 0 0 0 0 0 0 0 0 0 0 0 0 0 0 0 0 0 0 0 0 0 0 0 0 0 0 0 0 0 0 0 0 0 0 0 0 0 0 0 0 0 0 0 0 0 0 0 0 0 0 0 0 0 0 0 0 0 0 0 0 0 0 0 0 0 0 0 0 0 0 0 0 0 0 0 0 0 0 0 0 0 0 0 0 0 0 0 0 0 0 0 0 0 0 0 0 0 0 0 0 0 0 0 0 0 0 0 0 0 0 0 0 0 0 0 0 0 0 0 0 0 0 0 0 0 0 0 0 0 0 0 0 0 0 0 0 0 0 0 0 0 0 0 0 0 0 0 0 0 0 0 0 0 0 0 0 0 0 0 0 0 0 0 0 0 0 0 0 0 0 0 0 0 0 0 0 0 0 0 0 0 0 0 0 0 0 0 0 0 0 0 0 0 0 0 0 0 0 0 0 0 0 0 0 0 0 0 0 0 0 0 0 0 0 0 0 0 0 0 0 0 0 0 0 0 0 0 0 0 0 0 0 0 0 0 0</float_array>
					<technique_common>
						<accessor source="#3003-mesh-map-2-array" count="3144" stride="2">
							<param name="S" type="float"/>
							<param name="T" type="float"/>
						</accessor>
					</technique_common>
				</source>
				<source id="3003-mesh-map-3">
					<float_array id="3003-mesh-map-3-array" count="6288">0 0 0 0 0 0 0 0 0 0 0 0 0 0 0 0 0 0 0 0 0 0 0 0 0 0 0 0 0 0 0 0 0 0 0 0 0 0 0 0 0 0 0 0 0 0 0 0 0 0 0 0 0 0 0 0 0 0 0 0 0 0 0 0 0 0 0 0 0 0 0 0 0 0 0 0 0 0 0 0 0 0 0 0 0 0 0 0 0 0 0 0 0 0 0 0 0 0 0 0 0 0 0 0 0 0 0 0 0 0 0 0 0 0 0 0 0 0 0 0 0 0 0 0 0 0 0 0 0 0 0 0 0 0 0 0 0 0 0 0 0 0 0 0 0 0 0 0 0 0 0 0 0 0 0 0 0 0 0 0 0 0 0 0 0 0 0 0 0 0 0 0 0 0 0 0 0 0 0 0 0 0 0 0 0 0 0 0 0 0 0 0 0 0 0 0 0 0 0 0 0 0 0 0 0 0 0 0 0 0 0 0 0 0 0 0 0 0 0 0 0 0 0 0 0 0 0 0 0 0 0 0 0 0 0 0 0 0 0 0 0 0 0 0 0 0 0 0 0 0 0 0 0.986 0.208 0.986 0.792 0.744 0.208 0.986 0.792 0.744 0.792 0.744 0.208 0 0 0 0 0 0 0 0 0 0 0 0 0 0 0 0 0 0 0 0 0 0 0 0 0 0 0 0 0 0 0 0 0 0 0 0 0 0 0 0 0 0 0 0 0 0 0 0 0.744 0.208 0.744 0.792 0.5 0.208 0.744 0.792 0.5 0.792 0.5 0.208 0 0 0 0 0 0 0 0 0 0 0 0 0 0 0 0 0 0 0 0 0 0 0 0 0 0 0 0 0 0 0 0 0 0 0 0 0 0 0 0 0 0 0 0 0 0 0 0 0 0 0 0 0 0 0 0 0 0 0 0 0 0 0 0 0 0 0 0 0 0 0 0 0 0 0 0 0 0 0 0 0 0 0 0 0 0 0 0 0 0 0 0 0 0 0 0 0 0 0 0 0 0 0 0 0 0 0 0 0 0 0 0 0 0 0 0 0 0 0 0 0 0 0 0 0 0 0 0 0 0 0 0 0 0 0 0 0 0 0 0 0 0 0 0 0 0 0 0 0 0 0 0 0 0 0 0 0 0 0 0 0 0 0 0 0 0 0 0 0 0 0 0 0 0 0 0 0 0 0 0 0 0 0 0 0 0 0 0 0 0 0 0 0 0 0 0 0 0 0 0 0 0 0 0 0 0 0 0 0 0 0 0 0 0 0 0 0 0 0 0 0 0 0 0 0 0 0 0 0 0 0 0 0 0 0 0 0 0 0 0 0 0 0 0 0 0 0 0 0 0 0 0 0 0 0 0 0 0 0 0 0 0 0 0 0 0 0 0 0 0 0 0 0 0 0 0 0 0 0 0 0 0 0 0 0 0 0 0 0 0 0 0 0 0 0 0 0 0 0 0 0 0 0 0 0 0 0 0 0 0 0 0 0 0 0 0 0 0 0 0 0 0 0 0 0 0 0 0 0 0 0 0 0 0 0 0 0 0 0 0 0 0 0 0 0 0 0 0 0.014 0.208 0.256 0.208 0.014 0.792 0.256 0.208 0.256 0.792 0.014 0.792 0 0 0 0 0 0 0 0 0 0 0 0 0 0 0 0 0 0 0 0 0 0 0 0 0 0 0 0 0 0 0 0 0 0 0 0 0 0 0 0 0 0 0 0 0 0 0 0 0.256 0.208 0.5 0.208 0.256 0.792 0.5 0.208 0.5 0.792 0.256 0.792 0 0 0 0 0 0 0 0 0 0 0 0 0 0 0 0 0 0 0 0 0 0 0 0 0 0 0 0 0 0 0 0 0 0 0 0 0 0 0 0 0 0 0 0 0 0 0 0 0 0 0 0 0 0 0 0 0 0 0 0 0 0 0 0 0 0 0 0 0 0 0 0 0 0 0 0 0 0 0 0 0 0 0 0 0 0 0 0 0 0 0 0 0 0 0 0 0 0 0 0 0 0 0 0 0 0 0 0 0 0 0 0 0 0 0 0 0 0 0 0 0 0 0 0 0 0 0 0 0 0 0 0 0 0 0 0 0 0 0 0 0 0 0 0 0 0 0 0 0 0 0 0 0 0 0 0 0 0 0 0 0 0 0 0 0 0 0 0 0 0 0 0 0 0 0 0 0 0 0 0 0 0 0 0 0 0 0 0 0 0 0 0 0 0 0 0 0 0 0 0 0 0 0 0 0 0 0 0 0 0 0 0 0 0 0 0 0 0 0 0 0 0 0 0 0 0 0 0 0 0 0 0 0 0 0 0 0 0 0 0 0 0 0 0 0 0 0 0 0 0 0 0 0 0 0 0 0 0 0 0 0 0 0 0 0 0 0 0 0 0 0 0 0 0 0 0 0 0 0 0 0 0 0 0 0 0 0 0 0 0 0 0 0 0 0 0 0 0 0 0 0 0 0 0 0 0 0 0 0 0 0 0 0 0 0 0 0 0 0 0 0 0 0 0 0 0 0 0 0 0 0 0 0 0 0 0 0 0 0 0 0 0 0 0 0 0 0 0 0 0 0 0 0 0 0 0 0 0 0 0 0 0 0 0 0 0 0 0 0 0 0 0 0 0 0 0 0 0 0 0 0 0 0 0 0 0 0 0 0 0 0 0 0 0 0 0 0 0 0 0 0 0 0 0 0 0 0 0 0 0 0 0 0 0 0 0 0 0 0 0 0 0 0 0 0 0 0 0 0 0 0 0 0 0 0 0 0 0 0 0 0 0 0 0 0 0 0 0 0 0 0 0 0 0 0 0 0 0 0 0 0 0 0 0 0 0 0 0 0 0 0 0 0 0 0 0 0 0 0 0 0 0 0 0 0 0 0 0 0 0 0 0 0 0 0 0 0 0 0 0 0 0 0 0 0 0 0 0 0 0 0 0 0 0 0 0 0 0 0 0 0 0 0 0 0 0 0 0 0 0 0 0 0 0 0 0 0 0 0 0 0 0 0 0 0 0 0 0 0 0 0 0 0 0 0 0 0 0 0 0 0 0 0 0 0 0 0 0 0 0 0 0 0 0 0 0 0 0 0 0 0 0 0 0 0 0 0 0 0 0 0 0 0 0 0 0 0 0 0 0 0 0 0 0 0 0 0 0 0 0 0 0 0 0 0 0 0 0 0 0 0 0 0 0 0 0 0 0 0 0 0 0 0 0 0 0 0 0 0 0 0 0 0 0 0 0 0 0 0 0 0 0 0 0 0 0 0 0 0 0 0 0 0 0 0 0 0 0 0 0 0 0 0 0 0 0 0 0 0 0 0 0 0 0 0 0 0 0 0 0 0 0 0 0 0 0 0 0 0 0 0 0 0 0 0 0 0 0 0 0 0 0 0 0 0 0 0 0 0 0 0 0 0 0 0 0 0 0 0 0 0 0 0 0 0 0 0 0 0 0 0 0 0 0 0 0 0 0 0 0 0 0 0 0 0 0 0 0 0 0 0 0 0 0 0 0 0 0 0 0 0 0 0 0 0 0 0 0 0 0 0 0 0 0 0 0 0 0 0 0 0 0 0 0 0 0 0 0 0 0 0 0 0 0 0 0 0 0 0 0 0 0 0 0 0 0 0 0 0 0 0 0 0 0 0 0 0 0 0 0 0 0 0 0 0 0 0 0 0 0 0 0 0 0 0 0 0 0 0 0 0 0 0 0 0 0 0 0 0 0 0 0 0 0 0 0 0 0 0 0 0 0 0 0 0 0 0 0 0 0 0 0 0 0 0 0 0 0 0 0 0 0 0 0 0 0 0 0 0 0 0 0 0 0 0 0 0 0 0 0 0 0 0 0 0 0 0 0 0 0 0 0 0 0 0 0 0 0 0 0 0 0 0 0 0 0 0 0 0 0 0 0 0 0 0 0 0 0 0 0 0 0 0 0 0 0 0 0 0 0 0 0 0 0 0 0 0 0 0 0 0 0 0 0 0 0 0 0 0 0 0 0 0 0 0 0 0 0 0 0 0 0 0 0 0 0 0 0 0 0 0 0 0 0 0 0 0 0 0 0 0 0 0 0 0 0 0 0 0 0 0 0 0 0 0 0 0 0 0 0 0 0 0 0 0 0 0 0 0 0 0 0 0 0 0 0 0 0 0 0 0 0 0 0 0 0 0 0 0 0 0 0 0 0 0 0 0 0 0 0 0 0 0 0 0 0 0 0 0 0 0 0 0 0 0 0 0 0 0 0 0 0 0 0 0 0 0 0 0 0 0 0 0 0 0 0 0 0 0 0 0 0 0 0 0 0 0 0 0 0 0 0 0 0 0 0 0 0 0 0 0 0 0 0 0 0 0 0 0 0 0 0 0 0 0 0 0 0 0 0 0 0 0 0 0 0 0 0 0 0 0 0 0 0 0 0 0 0 0 0 0 0 0 0 0 0 0 0 0 0 0 0 0 0 0 0 0 0 0 0 0 0 0 0 0 0 0 0 0 0 0 0 0 0 0 0 0 0 0 0 0 0 0 0 0 0 0 0 0 0 0 0 0 0 0 0 0 0 0 0 0 0 0 0 0 0 0 0 0 0 0 0 0 0 0 0 0 0 0 0 0 0 0 0 0 0 0 0 0 0 0 0 0 0 0 0 0 0 0 0 0 0 0 0 0 0 0 0 0 0 0 0 0 0 0 0 0 0 0 0 0 0 0 0 0 0 0 0 0 0 0 0 0 0 0 0 0 0 0 0 0 0 0 0 0 0 0 0 0 0 0 0 0 0 0 0 0 0 0 0 0 0 0 0 0 0 0 0 0 0 0 0 0 0 0 0 0 0 0 0 0 0 0 0 0 0 0 0 0 0 0 0 0 0 0 0 0 0 0 0 0 0 0 0 0 0 0 0 0 0 0 0 0 0 0 0 0 0 0 0 0 0 0 0 0 0 0 0 0 0 0 0 0 0 0 0 0 0 0 0 0 0 0 0 0 0 0 0 0 0 0 0 0 0 0 0 0 0 0 0 0 0 0 0 0 0 0 0 0 0 0 0 0 0 0 0 0 0 0 0 0 0 0 0 0 0 0 0 0 0 0 0 0 0 0 0 0 0 0 0 0 0 0 0 0 0 0 0 0 0 0 0 0 0 0 0 0 0 0 0 0 0 0 0 0 0 0 0 0 0 0 0 0 0 0 0 0 0 0 0 0 0 0 0 0 0 0 0 0 0 0 0 0 0 0 0 0 0 0 0 0 0 0 0 0 0 0 0 0 0 0 0 0 0 0 0 0 0 0 0 0 0 0 0 0 0 0 0 0 0 0 0 0 0 0 0 0 0 0 0 0 0 0 0 0 0 0 0 0 0 0 0 0 0 0 0 0 0 0 0 0 0 0 0 0 0 0 0 0 0 0 0 0 0 0 0 0 0 0 0 0 0 0 0 0 0 0 0 0 0 0 0 0 0 0 0 0 0 0 0 0 0 0 0 0 0 0 0 0 0 0 0 0 0 0 0 0 0 0 0 0 0 0 0 0 0 0 0 0 0 0 0 0 0 0 0 0 0 0 0 0 0 0 0 0 0 0 0 0 0 0 0 0 0 0 0 0 0 0 0 0 0 0 0 0 0 0 0 0 0 0 0 0 0 0 0 0 0 0 0 0 0 0 0 0 0 0 0 0 0 0 0 0 0 0 0 0 0 0 0 0 0 0 0 0 0 0 0 0 0 0 0 0 0 0 0 0 0 0 0 0 0 0 0 0 0 0 0 0 0 0 0 0 0 0 0 0 0 0 0 0 0 0 0 0 0 0 0 0 0 0 0 0 0 0 0 0 0 0 0 0 0 0 0 0 0 0 0 0 0 0 0 0 0 0 0 0 0 0 0 0 0 0 0 0 0 0 0 0 0 0 0 0 0 0 0 0 0 0 0 0 0 0 0 0 0 0 0 0 0 0 0 0 0 0 0 0 0 0 0 0 0 0 0 0 0 0 0 0 0 0 0 0 0 0 0 0 0 0 0 0 0 0 0 0 0 0 0 0 0 0 0 0 0 0 0 0 0 0 0 0 0 0 0 0 0 0 0 0 0 0 0 0 0 0 0 0 0 0 0 0 0 0 0 0 0 0 0 0 0 0 0 0 0 0 0 0 0 0 0 0 0 0 0 0 0 0 0 0 0 0 0 0 0 0 0 0 0 0 0 0 0 0 0 0 0 0 0 0 0 0 0 0 0 0 0 0 0 0 0 0 0 0 0 0 0 0 0 0 0 0 0 0 0 0 0 0 0 0 0 0 0 0 0 0 0 0 0 0 0 0 0 0 0 0 0 0 0 0 0 0 0 0 0 0 0 0 0 0 0 0 0 0 0 0 0 0 0 0 0 0 0 0 0 0 0 0 0 0 0 0 0 0 0 0 0 0 0 0 0 0 0 0 0 0 0 0 0 0 0 0 0 0 0 0 0 0 0 0 0 0 0 0 0 0 0 0 0 0 0 0 0 0 0 0 0 0 0 0 0 0 0 0 0 0 0 0 0 0 0 0 0 0 0 0 0 0 0 0 0 0 0 0 0 0 0 0 0 0 0 0 0 0 0 0 0 0 0 0 0 0 0 0 0 0 0 0 0 0 0 0 0 0 0 0 0 0 0 0 0 0 0 0 0 0 0 0 0 0 0 0 0 0 0 0 0 0 0 0 0 0 0 0 0 0 0 0 0 0 0 0 0 0 0 0 0 0 0 0 0 0 0 0 0 0 0 0 0 0 0 0 0 0 0 0 0 0 0 0 0 0 0 0 0 0 0 0 0 0 0 0 0 0 0 0 0 0 0 0 0 0 0 0 0 0 0 0 0 0 0 0 0 0 0 0 0 0 0 0 0 0 0 0 0 0 0 0 0 0 0 0 0 0 0 0 0 0 0 0 0 0 0 0 0 0 0 0 0 0 0 0 0 0 0 0 0 0 0 0 0 0 0 0 0 0 0 0 0 0 0 0 0 0 0 0 0 0 0 0 0 0 0 0 0 0 0 0 0 0 0 0 0 0 0 0 0 0 0 0 0 0 0 0 0 0 0 0 0 0 0 0 0 0 0 0 0 0 0 0 0 0 0 0 0 0 0 0 0 0 0 0 0 0 0 0 0 0 0 0 0 0 0 0 0 0 0 0 0 0 0 0 0 0 0 0 0 0 0 0 0 0 0 0 0 0 0 0 0 0 0 0 0 0 0 0 0 0 0 0 0 0 0 0 0 0 0 0 0 0 0 0 0 0 0 0 0 0 0 0 0 0 0 0 0 0 0 0 0 0 0 0 0 0 0 0 0 0 0 0 0 0 0 0 0 0 0 0 0 0 0 0 0 0 0 0 0 0 0 0 0 0 0 0 0 0 0 0 0 0 0 0 0 0 0 0 0 0 0 0 0 0 0 0 0 0 0 0 0 0 0 0 0 0 0 0 0 0 0 0 0 0 0 0 0 0 0 0 0 0 0 0 0 0 0 0 0 0 0 0 0 0 0 0 0 0 0 0 0 0 0 0 0 0 0 0 0 0 0 0 0 0 0 0 0 0 0 0 0 0 0 0 0 0 0 0 0 0 0 0 0 0 0 0 0 0 0 0 0 0 0 0 0 0 0 0 0 0 0 0 0 0 0 0 0 0 0 0 0 0 0 0 0 0 0 0 0 0 0 0 0 0 0 0 0 0 0 0 0 0 0 0 0 0 0 0 0 0 0 0 0 0 0 0 0 0 0 0 0 0 0 0 0 0 0 0 0 0 0 0 0 0 0 0 0 0 0 0 0 0 0 0 0 0 0 0 0 0 0 0 0 0 0 0 0 0 0 0 0 0 0 0 0 0 0 0 0 0 0 0 0 0 0 0 0 0 0 0 0 0 0 0 0 0 0 0 0 0 0 0 0 0 0 0 0 0 0 0 0 0 0 0 0 0 0 0 0 0 0 0 0 0 0 0 0 0 0 0 0 0 0 0 0 0 0 0 0 0 0 0 0 0 0 0 0 0 0 0 0 0 0 0 0 0 0 0 0 0 0 0 0 0 0 0 0 0 0 0 0 0 0 0 0 0 0 0 0 0 0 0 0 0 0 0 0 0 0 0 0 0 0 0 0 0 0 0 0 0 0 0 0 0 0 0 0 0 0 0 0 0 0 0 0 0 0 0 0 0 0 0 0 0 0 0 0 0 0 0 0 0 0 0 0 0 0 0 0 0 0 0 0 0 0 0 0 0 0 0 0 0 0 0 0 0 0 0 0 0 0 0 0 0 0 0 0 0 0 0 0 0 0 0 0 0 0 0 0 0 0 0 0 0 0 0 0 0 0 0 0 0 0 0 0 0 0 0 0 0 0 0 0 0 0 0 0 0 0 0 0 0 0 0 0 0 0 0 0 0 0 0 0 0 0 0 0 0 0 0 0 0 0 0 0 0 0 0 0 0 0 0 0 0 0 0 0 0 0 0 0 0 0 0 0 0 0 0 0 0 0 0 0 0 0 0 0 0 0 0 0 0 0 0 0 0 0 0 0 0 0 0 0 0 0 0 0 0 0 0 0 0 0 0 0 0 0 0 0 0 0 0 0 0 0 0 0 0 0 0 0 0 0 0 0 0 0 0 0 0 0 0 0 0 0 0 0 0 0 0 0 0 0 0 0 0 0 0 0 0 0 0 0 0 0 0 0 0 0 0 0 0 0 0 0 0 0 0 0 0 0 0 0 0 0 0 0 0 0 0 0 0 0 0 0 0 0 0 0 0 0 0 0 0 0 0 0 0 0 0 0 0 0 0 0 0 0 0 0 0 0 0 0 0 0 0 0 0 0 0 0 0 0 0 0 0 0 0 0 0 0 0 0 0 0 0 0 0 0 0 0 0 0 0 0 0 0 0 0 0 0 0 0 0 0 0 0 0 0 0 0 0 0 0 0 0 0 0 0 0 0 0 0 0 0 0 0 0 0 0 0 0 0 0 0 0 0 0 0 0 0 0 0 0 0 0 0 0 0 0 0 0 0 0 0 0 0 0 0 0 0 0 0 0 0 0 0 0 0 0 0 0 0 0 0 0 0 0 0 0 0 0 0 0 0 0 0 0 0 0 0 0 0 0 0 0 0 0 0 0 0 0 0 0 0 0 0 0 0 0 0 0 0 0 0 0 0 0 0 0 0 0 0 0 0 0 0 0 0 0 0 0 0 0 0 0 0 0 0 0 0 0 0 0 0 0 0 0 0 0 0 0 0 0 0 0 0 0 0 0 0 0 0 0 0 0 0 0 0 0 0 0 0 0 0 0 0 0 0 0 0 0 0 0 0 0 0 0 0 0 0 0 0 0 0 0 0 0 0 0 0 0 0 0 0 0 0 0 0 0 0 0 0 0 0 0 0 0 0 0 0 0 0 0 0 0 0 0 0 0 0 0 0 0 0 0 0 0 0 0 0 0 0 0 0 0 0 0 0 0 0 0 0 0 0 0 0 0 0 0 0 0 0 0 0 0 0 0 0 0 0 0 0 0 0 0 0 0 0 0 0 0 0 0 0 0 0 0 0 0 0 0 0 0 0 0 0 0 0 0 0 0 0 0 0 0 0 0 0 0 0 0 0 0 0 0 0 0 0 0 0 0 0 0 0 0 0 0 0 0 0 0 0 0 0 0 0 0 0 0 0 0 0 0 0 0 0 0 0 0 0 0 0 0 0 0 0 0 0 0 0 0 0 0 0 0 0 0 0 0 0 0 0 0 0 0 0 0 0 0 0 0 0 0 0 0 0 0 0 0 0 0 0 0 0 0 0 0 0 0 0 0 0 0 0 0 0 0 0 0 0 0 0 0 0 0 0 0 0 0 0 0 0 0 0 0 0 0 0 0 0 0 0 0 0 0 0 0 0 0 0 0 0 0 0 0 0 0 0 0 0 0 0 0 0 0 0 0 0 0 0 0 0 0 0 0 0 0 0 0 0 0 0 0 0 0 0 0 0 0 0 0 0 0 0 0 0 0 0 0 0 0 0 0 0 0 0 0 0 0 0 0 0 0 0 0 0 0 0 0 0 0 0 0 0 0 0 0 0 0 0 0 0 0 0 0 0 0 0 0 0 0 0 0 0 0 0 0 0 0 0 0 0 0 0 0 0 0 0 0 0 0 0 0 0 0 0 0 0 0 0 0 0 0 0 0 0 0 0 0 0 0 0 0 0 0 0 0 0 0 0 0 0 0 0 0 0 0 0 0 0 0 0 0 0 0 0 0 0 0 0 0 0 0 0 0 0 0 0 0 0 0 0 0 0 0 0 0 0 0 0 0 0 0 0 0 0 0 0 0 0 0 0 0 0 0 0 0 0 0 0 0 0 0 0 0 0 0 0 0 0 0 0 0 0 0 0 0 0 0 0 0 0 0 0 0 0 0 0 0 0 0 0 0 0 0 0 0 0 0 0 0 0 0 0 0 0 0 0 0 0 0 0 0 0 0 0 0 0 0 0 0 0 0 0 0 0 0 0 0 0 0 0 0 0 0 0 0 0 0 0 0 0 0 0 0 0 0 0 0 0 0 0 0 0 0 0 0 0 0 0 0 0 0 0 0 0 0 0 0 0 0 0 0 0 0 0 0 0 0 0 0 0 0 0 0 0 0 0 0 0 0 0 0 0 0 0 0 0 0 0 0 0 0 0 0 0 0 0 0 0 0 0 0 0 0 0 0 0 0 0 0 0 0 0 0 0 0 0 0 0 0 0 0 0 0 0 0 0 0 0 0 0 0 0 0 0 0 0 0 0 0 0 0 0 0 0 0 0 0 0 0 0 0 0 0 0 0 0 0 0 0 0 0 0 0 0 0 0 0 0 0 0 0 0 0 0 0 0 0 0 0 0 0 0 0 0 0 0 0 0 0 0 0 0 0 0 0 0 0 0 0 0 0 0 0 0 0 0 0 0 0 0 0 0 0 0 0 0 0 0 0 0 0 0 0 0 0 0 0 0 0 0 0 0 0 0 0 0 0 0 0 0 0 0 0 0 0 0 0 0 0 0 0 0 0 0 0 0 0 0 0 0 0 0 0 0 0 0 0 0 0 0 0 0 0 0 0 0 0 0 0 0 0 0 0 0 0 0 0 0 0 0 0 0 0 0 0 0 0 0 0 0 0 0 0 0 0 0 0 0 0 0 0 0 0 0 0 0 0 0 0 0 0 0 0 0 0 0 0 0 0 0 0 0 0 0 0 0 0 0 0 0 0 0 0 0 0 0 0 0 0 0 0 0 0 0 0 0 0 0 0 0 0 0 0 0 0 0 0 0 0 0 0 0 0 0 0 0 0 0 0 0 0 0 0 0 0 0 0 0 0 0 0 0 0 0 0 0 0 0 0 0 0 0 0 0 0 0 0 0 0 0 0 0 0 0 0 0 0 0 0 0 0 0 0 0 0 0 0 0 0 0 0 0 0 0 0 0 0 0 0 0 0 0 0 0 0 0 0 0 0 0 0 0 0 0 0 0 0 0 0 0 0 0 0 0 0 0 0 0 0 0 0 0 0 0 0 0 0 0 0 0 0 0 0 0 0 0 0 0 0 0 0 0 0 0 0 0 0 0 0 0 0 0 0 0 0 0 0 0 0 0 0 0 0 0 0 0 0 0 0 0 0 0 0 0 0 0 0 0 0 0 0 0 0 0 0 0 0 0 0 0 0 0 0 0 0 0 0 0 0 0 0 0 0 0 0 0 0 0 0 0 0 0 0 0 0 0 0 0 0 0 0 0 0 0 0 0 0 0 0 0 0 0 0 0 0 0 0 0 0 0 0 0 0 0 0 0 0 0 0 0 0 0 0 0 0 0 0 0 0 0 0 0 0 0 0 0 0 0 0 0 0 0 0 0 0 0 0 0 0 0 0 0 0 0 0 0 0 0 0 0 0 0 0 0 0 0 0 0 0 0 0 0 0 0 0 0 0 0 0 0 0 0 0 0 0 0 0 0 0 0 0 0 0 0 0 0 0 0 0 0 0 0 0 0 0 0 0 0 0 0 0 0 0 0 0 0 0 0 0 0 0 0 0 0 0 0 0 0 0 0 0 0 0 0 0 0 0 0 0 0 0 0 0 0 0 0 0 0 0 0 0 0 0 0 0 0 0 0 0 0 0 0 0 0 0 0 0 0 0 0 0 0 0 0 0 0 0 0 0 0 0 0 0 0 0 0 0 0 0 0 0 0 0 0 0 0 0 0 0 0 0 0 0 0 0 0 0 0 0 0 0 0 0 0 0 0 0 0 0 0 0 0 0 0 0 0 0 0 0 0 0 0 0 0 0 0 0 0 0 0 0 0 0 0 0 0 0 0 0 0 0 0 0 0 0 0 0 0 0 0 0 0 0 0 0 0 0 0 0 0 0 0 0 0 0 0 0 0 0 0 0 0 0 0 0 0 0 0 0 0 0 0 0 0 0 0 0 0 0 0 0 0 0 0 0 0 0 0 0 0 0 0 0 0 0 0 0 0 0 0 0 0 0 0 0 0 0 0 0 0 0 0 0 0 0 0 0 0 0 0 0 0 0 0 0 0 0 0 0 0 0 0 0 0 0 0 0 0 0 0 0 0 0 0 0 0 0 0 0 0 0 0 0 0 0 0 0 0 0 0 0 0 0 0 0 0 0 0 0 0 0 0 0 0 0 0 0 0 0 0 0 0 0 0 0 0 0 0 0 0 0 0 0 0 0 0 0 0 0 0 0 0 0 0 0 0 0 0 0 0 0 0 0 0 0 0 0 0 0 0 0 0 0 0 0 0 0 0 0 0 0 0 0 0 0 0 0 0 0 0 0 0 0 0 0 0 0 0 0 0 0 0 0 0 0 0 0 0 0 0 0 0 0 0 0 0 0 0 0 0 0 0 0 0 0 0 0 0 0 0 0 0 0 0 0 0 0 0 0 0 0 0 0 0 0 0 0 0 0 0 0 0 0 0 0 0 0 0 0 0 0 0 0 0 0 0 0 0 0 0 0 0 0 0 0 0 0 0 0 0 0 0 0 0 0 0 0 0 0 0 0 0 0 0 0 0 0 0 0 0 0 0 0 0 0 0 0 0 0 0 0 0 0 0 0 0 0 0 0 0 0 0 0 0 0 0 0 0 0 0 0 0 0 0 0 0 0 0 0 0 0 0 0 0 0 0 0 0 0 0 0 0 0 0 0 0 0 0 0 0 0 0 0 0 0 0 0 0 0 0 0 0 0 0 0 0 0 0 0 0 0 0 0 0 0 0 0 0 0 0 0 0 0 0 0 0 0 0 0 0 0 0 0 0 0 0 0 0 0 0 0 0 0 0 0 0 0 0 0 0 0 0 0 0 0 0 0 0 0 0 0 0 0 0 0 0 0 0 0 0 0 0 0 0 0 0 0 0 0 0 0 0 0 0 0 0 0 0 0 0 0 0 0 0 0 0 0 0 0 0 0 0 0 0 0 0 0 0 0 0 0 0 0 0 0 0 0 0 0 0 0 0 0 0 0 0 0 0 0 0 0 0 0 0 0 0 0 0 0 0 0 0 0 0 0 0 0 0 0 0 0 0 0 0 0 0 0 0 0 0 0 0 0 0 0 0 0 0 0 0 0 0 0 0 0 0 0 0 0 0 0 0 0 0 0 0 0 0 0 0 0 0 0 0 0 0 0 0 0 0 0 0 0 0 0 0 0 0 0 0 0 0 0 0 0 0 0 0 0 0 0 0 0 0 0 0 0 0 0 0 0 0 0 0 0 0 0 0 0 0 0 0 0 0 0 0 0 0 0 0 0 0 0 0 0 0 0 0 0 0 0 0 0 0 0 0 0 0 0 0 0 0 0 0 0 0 0 0 0 0 0 0 0 0 0 0 0 0 0 0 0 0 0 0 0 0 0 0 0 0 0 0 0 0 0 0 0 0 0 0 0 0 0 0 0 0 0 0 0 0 0 0 0 0 0 0 0 0 0 0 0 0 0 0 0 0 0 0 0 0 0 0 0 0 0 0 0 0 0 0 0 0 0 0 0 0 0 0 0 0 0 0 0 0 0 0 0 0 0 0 0 0 0 0 0 0 0 0 0 0 0 0 0 0 0 0 0 0 0 0 0 0 0 0 0 0 0 0 0 0 0 0 0 0 0 0 0 0 0 0 0 0 0 0 0 0 0 0 0 0 0 0 0 0 0 0 0 0 0 0 0 0 0 0 0 0 0 0 0 0 0 0 0 0 0 0 0 0 0 0 0 0 0 0 0 0 0 0 0 0 0 0 0 0 0 0 0 0 0 0 0 0 0 0 0 0 0 0 0 0 0 0 0 0</float_array>
					<technique_common>
						<accessor source="#3003-mesh-map-3-array" count="3144" stride="2">
							<param name="S" type="float"/>
							<param name="T" type="float"/>
						</accessor>
					</technique_common>
				</source>
				<vertices id="3003-mesh-vertices">
					<input semantic="POSITION" source="#3003-mesh-positions"/>
				</vertices>
				<triangles material="MB|5-material" count="1048">
					<input semantic="VERTEX" source="#3003-mesh-vertices" offset="0"/>
					<input semantic="TEXCOORD" source="#3003-mesh-map-0" offset="1" set="0"/>
					<input semantic="TEXCOORD" source="#3003-mesh-map-1" offset="1" set="1"/>
					<input semantic="TEXCOORD" source="#3003-mesh-map-2" offset="1" set="2"/>
					<input semantic="TEXCOORD" source="#3003-mesh-map-3" offset="1" set="3"/>
					<p>134 0 27 1 184 2 27 3 240 4 184 5 130 6 237 7 194 8 237 9 196 10 194 11 222 12 199 13 195 14 199 15 200 16 195 17 25 18 223 19 201 20 223 21 202 22 201 23 205 24 206 25 209 26 206 27 210 28 209 29 205 30 209 31 204 32 209 33 83 34 204 35 207 36 211 37 206 38 211 39 210 40 206 41 208 42 212 43 207 44 212 45 211 46 207 47 129 48 126 49 15 50 126 51 4 52 15 53 15 54 4 55 14 56 4 57 5 58 14 59 14 60 5 61 13 62 5 63 6 64 13 65 239 66 13 67 85 68 13 69 6 70 85 71 12 72 7 73 128 74 7 75 127 76 128 77 11 78 8 79 12 80 8 81 7 82 12 83 10 84 9 85 11 86 9 87 8 88 11 89 49 90 81 91 10 92 81 93 9 94 10 95 215 96 218 97 213 98 218 99 217 100 213 101 216 102 219 103 19 104 219 105 20 106 19 107 16 108 23 109 214 110 23 111 220 112 214 113 17 114 22 115 18 116 22 117 21 118 18 119 132 120 224 121 200 122 224 123 195 124 200 125 0 126 197 127 26 128 197 129 198 130 26 131 2 132 203 133 226 134 203 135 225 136 226 137 221 138 84 139 25 140 84 141 223 142 25 143 227 144 69 145 222 146 69 147 199 148 222 149 238 150 24 151 183 152 24 153 125 154 183 155 26 156 198 157 68 158 198 159 82 160 68 161 229 162 228 163 236 164 228 165 29 166 236 167 235 168 36 169 230 170 36 171 28 172 230 173 234 174 30 175 232 176 30 177 31 178 232 179 38 180 37 181 34 182 37 183 35 184 34 185 33 186 233 187 38 188 233 189 37 190 38 191 32 192 231 193 235 194 231 195 36 196 235 197 24 198 1 199 125 200 1 201 131 202 125 203 133 204 3 205 134 206 3 207 27 208 134 209 193 210 184 211 67 212 184 213 240 214 67 215 189 216 241 217 281 218 241 219 243 220 281 221 267 222 242 223 246 224 242 225 247 226 246 227 65 228 248 229 268 230 248 231 249 232 268 233 251 234 255 235 252 236 255 237 256 238 252 239 251 240 204 241 255 242 204 243 83 244 255 245 253 246 252 247 257 248 252 249 256 250 257 251 254 252 253 253 258 254 253 255 257 256 258 257 188 258 55 259 185 260 55 261 43 262 185 263 55 264 54 265 43 266 54 267 44 268 43 269 54 270 53 271 44 272 53 273 45 274 44 275 239 276 85 277 53 278 85 279 45 280 53 281 52 282 187 283 46 284 187 285 186 286 46 287 51 288 52 289 47 290 52 291 46 292 47 293 50 294 51 295 48 296 51 297 47 298 48 299 49 300 50 301 81 302 50 303 48 304 81 305 261 306 259 307 264 308 259 309 263 310 264 311 262 312 59 313 265 314 59 315 60 316 265 317 56 318 260 319 63 320 260 321 266 322 63 323 57 324 58 325 62 326 58 327 61 328 62 329 191 330 247 331 269 332 247 333 242 334 269 335 39 336 66 337 244 338 66 339 245 340 244 341 41 342 271 343 250 344 271 345 270 346 250 347 221 348 65 349 84 350 65 351 268 352 84 353 227 354 267 355 69 356 267 357 246 358 69 359 238 360 183 361 64 362 183 363 182 364 64 365 66 366 68 367 245 368 68 369 82 370 245 371 273 372 280 373 272 374 280 375 71 376 272 377 279 378 274 379 78 380 274 381 70 382 78 383 278 384 276 385 72 386 276 387 73 388 72 389 80 390 76 391 79 392 76 393 77 394 79 395 75 396 80 397 277 398 80 399 79 400 277 401 74 402 279 403 275 404 279 405 78 406 275 407 64 408 182 409 40 410 182 411 190 412 40 413 192 414 193 415 42 416 193 417 67 418 42 419 134 420 184 421 113 422 184 423 322 424 113 425 130 426 282 427 237 428 282 429 284 430 237 431 308 432 283 433 287 434 283 435 288 436 287 437 111 438 289 439 309 440 289 441 290 442 309 443 293 444 296 445 294 446 296 447 297 448 294 449 293 450 292 451 296 452 292 453 179 454 296 455 295 456 294 457 298 458 294 459 297 460 298 461 208 462 295 463 212 464 295 465 298 466 212 467 129 468 101 469 126 470 101 471 90 472 126 473 101 474 100 475 90 476 100 477 91 478 90 479 100 480 99 481 91 482 99 483 92 484 91 485 321 486 181 487 99 488 181 489 92 490 99 491 98 492 128 493 93 494 128 495 127 496 93 497 97 498 98 499 94 500 98 501 93 502 94 503 96 504 97 505 95 506 97 507 94 508 95 509 145 510 96 511 177 512 96 513 95 514 177 515 301 516 299 517 304 518 299 519 303 520 304 521 302 522 105 523 305 524 105 525 106 526 305 527 102 528 300 529 109 530 300 531 306 532 109 533 103 534 104 535 108 536 104 537 107 538 108 539 132 540 288 541 224 542 288 543 283 544 224 545 86 546 112 547 285 548 112 549 286 550 285 551 88 552 226 553 291 554 226 555 225 556 291 557 307 558 111 559 180 560 111 561 309 562 180 563 310 564 308 565 165 566 308 567 287 568 165 569 320 570 183 571 110 572 183 573 125 574 110 575 112 576 164 577 286 578 164 579 178 580 286 581 312 582 319 583 311 584 319 585 115 586 311 587 318 588 313 589 122 590 313 591 114 592 122 593 317 594 315 595 116 596 315 597 117 598 116 599 124 600 120 601 123 602 120 603 121 604 123 605 119 606 124 607 316 608 124 609 123 610 316 611 118 612 318 613 314 614 318 615 122 616 314 617 110 618 125 619 87 620 125 621 131 622 87 623 133 624 134 625 89 626 134 627 113 628 89 629 193 630 163 631 184 632 163 633 322 634 184 635 189 636 281 637 323 638 281 639 325 640 323 641 347 642 328 643 324 644 328 645 329 646 324 647 161 648 348 649 330 650 348 651 331 652 330 653 333 654 334 655 336 656 334 657 337 658 336 659 333 660 336 661 292 662 336 663 179 664 292 665 335 666 338 667 334 668 338 669 337 670 334 671 254 672 258 673 335 674 258 675 338 676 335 677 188 678 185 679 151 680 185 681 139 682 151 683 151 684 139 685 150 686 139 687 140 688 150 689 150 690 140 691 149 692 140 693 141 694 149 695 321 696 149 697 181 698 149 699 141 700 181 701 148 702 142 703 187 704 142 705 186 706 187 707 147 708 143 709 148 710 143 711 142 712 148 713 146 714 144 715 147 716 144 717 143 718 147 719 145 720 177 721 146 722 177 723 144 724 146 725 341 726 344 727 339 728 344 729 343 730 339 731 342 732 345 733 155 734 345 735 156 736 155 737 152 738 159 739 340 740 159 741 346 742 340 743 153 744 158 745 154 746 158 747 157 748 154 749 191 750 269 751 329 752 269 753 324 754 329 755 135 756 326 757 162 758 326 759 327 760 162 761 137 762 332 763 271 764 332 765 270 766 271 767 307 768 180 769 161 770 180 771 348 772 161 773 310 774 165 775 347 776 165 777 328 778 347 779 320 780 160 781 183 782 160 783 182 784 183 785 162 786 327 787 164 788 327 789 178 790 164 791 350 792 349 793 357 794 349 795 167 796 357 797 356 798 174 799 351 800 174 801 166 802 351 803 355 804 168 805 353 806 168 807 169 808 353 809 176 810 175 811 172 812 175 813 173 814 172 815 171 816 354 817 176 818 354 819 175 820 176 821 170 822 352 823 356 824 352 825 174 826 356 827 160 828 136 829 182 830 136 831 190 832 182 833 192 834 138 835 193 836 138 837 163 838 193 839 365 840 408 841 367 842 408 843 407 844 367 845 394 846 398 847 425 848 398 849 422 850 425 851 413 852 392 853 412 854 392 855 389 856 412 857 409 858 412 859 380 860 412 861 382 862 380 863 397 864 395 865 401 866 395 867 414 868 401 869 404 870 411 871 359 872 411 873 408 874 359 875 412 876 389 877 382 878 389 879 386 880 382 881 371 882 406 883 374 884 406 885 377 886 374 887 401 888 414 889 404 890 414 891 411 892 404 893 414 894 395 895 413 896 395 897 392 898 413 899 359 900 408 901 361 902 408 903 365 904 361 905 367 906 407 907 371 908 407 909 406 910 371 911 406 912 409 913 377 914 409 915 380 916 377 917 362 918 363 919 364 920 363 921 366 922 364 923 363 924 361 925 366 926 361 927 365 928 366 929 368 930 369 931 370 932 369 933 372 934 370 935 369 936 367 937 372 938 367 939 371 940 372 941 383 942 384 943 385 944 384 945 387 946 385 947 384 948 382 949 387 950 382 951 386 952 387 953 370 954 372 955 373 956 372 957 375 958 373 959 372 960 371 961 375 962 371 963 374 964 375 965 373 966 375 967 376 968 375 969 378 970 376 971 375 972 374 973 378 974 374 975 377 976 378 977 385 978 387 979 388 980 387 981 390 982 388 983 387 984 386 985 390 986 386 987 389 988 390 989 388 990 390 991 391 992 390 993 393 994 391 995 390 996 389 997 393 998 389 999 392 1000 393 1001 398 1002 399 1003 400 1004 399 1005 402 1006 400 1007 399 1008 397 1009 402 1010 397 1011 401 1012 402 1013 376 1014 378 1015 379 1016 378 1017 381 1018 379 1019 378 1020 377 1021 381 1022 377 1023 380 1024 381 1025 379 1026 381 1027 383 1028 381 1029 384 1030 383 1031 381 1032 380 1033 384 1034 380 1035 382 1036 384 1037 391 1038 393 1039 394 1040 393 1041 396 1042 394 1043 393 1044 392 1045 396 1046 392 1047 395 1048 396 1049 394 1050 396 1051 398 1052 396 1053 399 1054 398 1055 396 1056 395 1057 399 1058 395 1059 397 1060 399 1061 400 1062 402 1063 403 1064 402 1065 405 1066 403 1067 402 1068 401 1069 405 1070 401 1071 404 1072 405 1073 364 1074 366 1075 368 1076 366 1077 369 1078 368 1079 366 1080 365 1081 369 1082 365 1083 367 1084 369 1085 403 1086 405 1087 358 1088 405 1089 360 1090 358 1091 405 1092 404 1093 360 1094 404 1095 359 1096 360 1097 358 1098 360 1099 362 1100 360 1101 363 1102 362 1103 360 1104 359 1105 363 1106 359 1107 361 1108 363 1109 407 1110 410 1111 406 1112 410 1113 409 1114 406 1115 410 1116 413 1117 409 1118 413 1119 412 1120 409 1121 408 1122 411 1123 407 1124 411 1125 410 1126 407 1127 411 1128 414 1129 410 1130 414 1131 413 1132 410 1133 419 1134 415 1135 420 1136 415 1137 417 1138 420 1139 420 1140 417 1141 418 1142 417 1143 416 1144 418 1145 422 1146 419 1147 423 1148 419 1149 420 1150 423 1151 423 1152 420 1153 421 1154 420 1155 418 1156 421 1157 425 1158 422 1159 426 1160 422 1161 423 1162 426 1163 426 1164 423 1165 424 1166 423 1167 421 1168 424 1169 428 1170 425 1171 429 1172 425 1173 426 1174 429 1175 429 1176 426 1177 427 1178 426 1179 424 1180 427 1181 431 1182 428 1183 432 1184 428 1185 429 1186 432 1187 432 1188 429 1189 430 1190 429 1191 427 1192 430 1193 434 1194 431 1195 435 1196 431 1197 432 1198 435 1199 435 1200 432 1201 433 1202 432 1203 430 1204 433 1205 437 1206 434 1207 438 1208 434 1209 435 1210 438 1211 438 1212 435 1213 436 1214 435 1215 433 1216 436 1217 440 1218 437 1219 441 1220 437 1221 438 1222 441 1223 441 1224 438 1225 439 1226 438 1227 436 1228 439 1229 443 1230 440 1231 444 1232 440 1233 441 1234 444 1235 444 1236 441 1237 442 1238 441 1239 439 1240 442 1241 446 1242 443 1243 447 1244 443 1245 444 1246 447 1247 447 1248 444 1249 445 1250 444 1251 442 1252 445 1253 449 1254 446 1255 450 1256 446 1257 447 1258 450 1259 450 1260 447 1261 448 1262 447 1263 445 1264 448 1265 452 1266 449 1267 453 1268 449 1269 450 1270 453 1271 453 1272 450 1273 451 1274 450 1275 448 1276 451 1277 455 1278 452 1279 456 1280 452 1281 453 1282 456 1283 456 1284 453 1285 454 1286 453 1287 451 1288 454 1289 458 1290 455 1291 459 1292 455 1293 456 1294 459 1295 459 1296 456 1297 457 1298 456 1299 454 1300 457 1301 461 1302 458 1303 462 1304 458 1305 459 1306 462 1307 462 1308 459 1309 460 1310 459 1311 457 1312 460 1313 415 1314 461 1315 417 1316 461 1317 462 1318 417 1319 417 1320 462 1321 416 1322 462 1323 460 1324 416 1325 373 1326 376 1327 446 1328 376 1329 443 1330 446 1331 398 1332 400 1333 422 1334 400 1335 419 1336 422 1337 376 1338 379 1339 443 1340 379 1341 440 1342 443 1343 415 1344 403 1345 461 1346 403 1347 358 1348 461 1349 400 1350 403 1351 419 1352 403 1353 415 1354 419 1355 379 1356 383 1357 440 1358 383 1359 437 1360 440 1361 461 1362 358 1363 458 1364 358 1365 362 1366 458 1367 383 1368 385 1369 437 1370 385 1371 434 1372 437 1373 362 1374 364 1375 458 1376 364 1377 455 1378 458 1379 385 1380 388 1381 434 1382 388 1383 431 1384 434 1385 364 1386 368 1387 455 1388 368 1389 452 1390 455 1391 388 1392 391 1393 431 1394 391 1395 428 1396 431 1397 368 1398 370 1399 452 1400 370 1401 449 1402 452 1403 391 1404 394 1405 428 1406 394 1407 425 1408 428 1409 370 1410 373 1411 449 1412 373 1413 446 1414 449 1415 470 1416 513 1417 472 1418 513 1419 512 1420 472 1421 499 1422 503 1423 530 1424 503 1425 527 1426 530 1427 518 1428 497 1429 517 1430 497 1431 494 1432 517 1433 514 1434 517 1435 485 1436 517 1437 487 1438 485 1439 502 1440 500 1441 506 1442 500 1443 519 1444 506 1445 509 1446 516 1447 464 1448 516 1449 513 1450 464 1451 517 1452 494 1453 487 1454 494 1455 491 1456 487 1457 476 1458 511 1459 479 1460 511 1461 482 1462 479 1463 506 1464 519 1465 509 1466 519 1467 516 1468 509 1469 519 1470 500 1471 518 1472 500 1473 497 1474 518 1475 464 1476 513 1477 466 1478 513 1479 470 1480 466 1481 472 1482 512 1483 476 1484 512 1485 511 1486 476 1487 511 1488 514 1489 482 1490 514 1491 485 1492 482 1493 467 1494 468 1495 469 1496 468 1497 471 1498 469 1499 468 1500 466 1501 471 1502 466 1503 470 1504 471 1505 473 1506 474 1507 475 1508 474 1509 477 1510 475 1511 474 1512 472 1513 477 1514 472 1515 476 1516 477 1517 488 1518 489 1519 490 1520 489 1521 492 1522 490 1523 489 1524 487 1525 492 1526 487 1527 491 1528 492 1529 475 1530 477 1531 478 1532 477 1533 480 1534 478 1535 477 1536 476 1537 480 1538 476 1539 479 1540 480 1541 478 1542 480 1543 481 1544 480 1545 483 1546 481 1547 480 1548 479 1549 483 1550 479 1551 482 1552 483 1553 490 1554 492 1555 493 1556 492 1557 495 1558 493 1559 492 1560 491 1561 495 1562 491 1563 494 1564 495 1565 493 1566 495 1567 496 1568 495 1569 498 1570 496 1571 495 1572 494 1573 498 1574 494 1575 497 1576 498 1577 503 1578 504 1579 505 1580 504 1581 507 1582 505 1583 504 1584 502 1585 507 1586 502 1587 506 1588 507 1589 481 1590 483 1591 484 1592 483 1593 486 1594 484 1595 483 1596 482 1597 486 1598 482 1599 485 1600 486 1601 484 1602 486 1603 488 1604 486 1605 489 1606 488 1607 486 1608 485 1609 489 1610 485 1611 487 1612 489 1613 496 1614 498 1615 499 1616 498 1617 501 1618 499 1619 498 1620 497 1621 501 1622 497 1623 500 1624 501 1625 499 1626 501 1627 503 1628 501 1629 504 1630 503 1631 501 1632 500 1633 504 1634 500 1635 502 1636 504 1637 505 1638 507 1639 508 1640 507 1641 510 1642 508 1643 507 1644 506 1645 510 1646 506 1647 509 1648 510 1649 469 1650 471 1651 473 1652 471 1653 474 1654 473 1655 471 1656 470 1657 474 1658 470 1659 472 1660 474 1661 508 1662 510 1663 463 1664 510 1665 465 1666 463 1667 510 1668 509 1669 465 1670 509 1671 464 1672 465 1673 463 1674 465 1675 467 1676 465 1677 468 1678 467 1679 465 1680 464 1681 468 1682 464 1683 466 1684 468 1685 512 1686 515 1687 511 1688 515 1689 514 1690 511 1691 515 1692 518 1693 514 1694 518 1695 517 1696 514 1697 513 1698 516 1699 512 1700 516 1701 515 1702 512 1703 516 1704 519 1705 515 1706 519 1707 518 1708 515 1709 524 1710 520 1711 525 1712 520 1713 522 1714 525 1715 525 1716 522 1717 523 1718 522 1719 521 1720 523 1721 527 1722 524 1723 528 1724 524 1725 525 1726 528 1727 528 1728 525 1729 526 1730 525 1731 523 1732 526 1733 530 1734 527 1735 531 1736 527 1737 528 1738 531 1739 531 1740 528 1741 529 1742 528 1743 526 1744 529 1745 533 1746 530 1747 534 1748 530 1749 531 1750 534 1751 534 1752 531 1753 532 1754 531 1755 529 1756 532 1757 536 1758 533 1759 537 1760 533 1761 534 1762 537 1763 537 1764 534 1765 535 1766 534 1767 532 1768 535 1769 539 1770 536 1771 540 1772 536 1773 537 1774 540 1775 540 1776 537 1777 538 1778 537 1779 535 1780 538 1781 542 1782 539 1783 543 1784 539 1785 540 1786 543 1787 543 1788 540 1789 541 1790 540 1791 538 1792 541 1793 545 1794 542 1795 546 1796 542 1797 543 1798 546 1799 546 1800 543 1801 544 1802 543 1803 541 1804 544 1805 548 1806 545 1807 549 1808 545 1809 546 1810 549 1811 549 1812 546 1813 547 1814 546 1815 544 1816 547 1817 551 1818 548 1819 552 1820 548 1821 549 1822 552 1823 552 1824 549 1825 550 1826 549 1827 547 1828 550 1829 554 1830 551 1831 555 1832 551 1833 552 1834 555 1835 555 1836 552 1837 553 1838 552 1839 550 1840 553 1841 557 1842 554 1843 558 1844 554 1845 555 1846 558 1847 558 1848 555 1849 556 1850 555 1851 553 1852 556 1853 560 1854 557 1855 561 1856 557 1857 558 1858 561 1859 561 1860 558 1861 559 1862 558 1863 556 1864 559 1865 563 1866 560 1867 564 1868 560 1869 561 1870 564 1871 564 1872 561 1873 562 1874 561 1875 559 1876 562 1877 566 1878 563 1879 567 1880 563 1881 564 1882 567 1883 567 1884 564 1885 565 1886 564 1887 562 1888 565 1889 520 1890 566 1891 522 1892 566 1893 567 1894 522 1895 522 1896 567 1897 521 1898 567 1899 565 1900 521 1901 478 1902 481 1903 551 1904 481 1905 548 1906 551 1907 503 1908 505 1909 527 1910 505 1911 524 1912 527 1913 481 1914 484 1915 548 1916 484 1917 545 1918 548 1919 520 1920 508 1921 566 1922 508 1923 463 1924 566 1925 505 1926 508 1927 524 1928 508 1929 520 1930 524 1931 484 1932 488 1933 545 1934 488 1935 542 1936 545 1937 566 1938 463 1939 563 1940 463 1941 467 1942 563 1943 488 1944 490 1945 542 1946 490 1947 539 1948 542 1949 467 1950 469 1951 563 1952 469 1953 560 1954 563 1955 490 1956 493 1957 539 1958 493 1959 536 1960 539 1961 469 1962 473 1963 560 1964 473 1965 557 1966 560 1967 493 1968 496 1969 536 1970 496 1971 533 1972 536 1973 473 1974 475 1975 557 1976 475 1977 554 1978 557 1979 496 1980 499 1981 533 1982 499 1983 530 1984 533 1985 475 1986 478 1987 554 1988 478 1989 551 1990 554 1991 575 1992 618 1993 577 1994 618 1995 617 1996 577 1997 604 1998 608 1999 635 2000 608 2001 632 2002 635 2003 623 2004 602 2005 622 2006 602 2007 599 2008 622 2009 619 2010 622 2011 590 2012 622 2013 592 2014 590 2015 607 2016 605 2017 611 2018 605 2019 624 2020 611 2021 614 2022 621 2023 569 2024 621 2025 618 2026 569 2027 622 2028 599 2029 592 2030 599 2031 596 2032 592 2033 581 2034 616 2035 584 2036 616 2037 587 2038 584 2039 611 2040 624 2041 614 2042 624 2043 621 2044 614 2045 624 2046 605 2047 623 2048 605 2049 602 2050 623 2051 569 2052 618 2053 571 2054 618 2055 575 2056 571 2057 577 2058 617 2059 581 2060 617 2061 616 2062 581 2063 616 2064 619 2065 587 2066 619 2067 590 2068 587 2069 572 2070 573 2071 574 2072 573 2073 576 2074 574 2075 573 2076 571 2077 576 2078 571 2079 575 2080 576 2081 578 2082 579 2083 580 2084 579 2085 582 2086 580 2087 579 2088 577 2089 582 2090 577 2091 581 2092 582 2093 593 2094 594 2095 595 2096 594 2097 597 2098 595 2099 594 2100 592 2101 597 2102 592 2103 596 2104 597 2105 580 2106 582 2107 583 2108 582 2109 585 2110 583 2111 582 2112 581 2113 585 2114 581 2115 584 2116 585 2117 583 2118 585 2119 586 2120 585 2121 588 2122 586 2123 585 2124 584 2125 588 2126 584 2127 587 2128 588 2129 595 2130 597 2131 598 2132 597 2133 600 2134 598 2135 597 2136 596 2137 600 2138 596 2139 599 2140 600 2141 598 2142 600 2143 601 2144 600 2145 603 2146 601 2147 600 2148 599 2149 603 2150 599 2151 602 2152 603 2153 608 2154 609 2155 610 2156 609 2157 612 2158 610 2159 609 2160 607 2161 612 2162 607 2163 611 2164 612 2165 586 2166 588 2167 589 2168 588 2169 591 2170 589 2171 588 2172 587 2173 591 2174 587 2175 590 2176 591 2177 589 2178 591 2179 593 2180 591 2181 594 2182 593 2183 591 2184 590 2185 594 2186 590 2187 592 2188 594 2189 601 2190 603 2191 604 2192 603 2193 606 2194 604 2195 603 2196 602 2197 606 2198 602 2199 605 2200 606 2201 604 2202 606 2203 608 2204 606 2205 609 2206 608 2207 606 2208 605 2209 609 2210 605 2211 607 2212 609 2213 610 2214 612 2215 613 2216 612 2217 615 2218 613 2219 612 2220 611 2221 615 2222 611 2223 614 2224 615 2225 574 2226 576 2227 578 2228 576 2229 579 2230 578 2231 576 2232 575 2233 579 2234 575 2235 577 2236 579 2237 613 2238 615 2239 568 2240 615 2241 570 2242 568 2243 615 2244 614 2245 570 2246 614 2247 569 2248 570 2249 568 2250 570 2251 572 2252 570 2253 573 2254 572 2255 570 2256 569 2257 573 2258 569 2259 571 2260 573 2261 617 2262 620 2263 616 2264 620 2265 619 2266 616 2267 620 2268 623 2269 619 2270 623 2271 622 2272 619 2273 618 2274 621 2275 617 2276 621 2277 620 2278 617 2279 621 2280 624 2281 620 2282 624 2283 623 2284 620 2285 629 2286 625 2287 630 2288 625 2289 627 2290 630 2291 630 2292 627 2293 628 2294 627 2295 626 2296 628 2297 632 2298 629 2299 633 2300 629 2301 630 2302 633 2303 633 2304 630 2305 631 2306 630 2307 628 2308 631 2309 635 2310 632 2311 636 2312 632 2313 633 2314 636 2315 636 2316 633 2317 634 2318 633 2319 631 2320 634 2321 638 2322 635 2323 639 2324 635 2325 636 2326 639 2327 639 2328 636 2329 637 2330 636 2331 634 2332 637 2333 641 2334 638 2335 642 2336 638 2337 639 2338 642 2339 642 2340 639 2341 640 2342 639 2343 637 2344 640 2345 644 2346 641 2347 645 2348 641 2349 642 2350 645 2351 645 2352 642 2353 643 2354 642 2355 640 2356 643 2357 647 2358 644 2359 648 2360 644 2361 645 2362 648 2363 648 2364 645 2365 646 2366 645 2367 643 2368 646 2369 650 2370 647 2371 651 2372 647 2373 648 2374 651 2375 651 2376 648 2377 649 2378 648 2379 646 2380 649 2381 653 2382 650 2383 654 2384 650 2385 651 2386 654 2387 654 2388 651 2389 652 2390 651 2391 649 2392 652 2393 656 2394 653 2395 657 2396 653 2397 654 2398 657 2399 657 2400 654 2401 655 2402 654 2403 652 2404 655 2405 659 2406 656 2407 660 2408 656 2409 657 2410 660 2411 660 2412 657 2413 658 2414 657 2415 655 2416 658 2417 662 2418 659 2419 663 2420 659 2421 660 2422 663 2423 663 2424 660 2425 661 2426 660 2427 658 2428 661 2429 665 2430 662 2431 666 2432 662 2433 663 2434 666 2435 666 2436 663 2437 664 2438 663 2439 661 2440 664 2441 668 2442 665 2443 669 2444 665 2445 666 2446 669 2447 669 2448 666 2449 667 2450 666 2451 664 2452 667 2453 671 2454 668 2455 672 2456 668 2457 669 2458 672 2459 672 2460 669 2461 670 2462 669 2463 667 2464 670 2465 625 2466 671 2467 627 2468 671 2469 672 2470 627 2471 627 2472 672 2473 626 2474 672 2475 670 2476 626 2477 583 2478 586 2479 656 2480 586 2481 653 2482 656 2483 608 2484 610 2485 632 2486 610 2487 629 2488 632 2489 586 2490 589 2491 653 2492 589 2493 650 2494 653 2495 625 2496 613 2497 671 2498 613 2499 568 2500 671 2501 610 2502 613 2503 629 2504 613 2505 625 2506 629 2507 589 2508 593 2509 650 2510 593 2511 647 2512 650 2513 671 2514 568 2515 668 2516 568 2517 572 2518 668 2519 593 2520 595 2521 647 2522 595 2523 644 2524 647 2525 572 2526 574 2527 668 2528 574 2529 665 2530 668 2531 595 2532 598 2533 644 2534 598 2535 641 2536 644 2537 574 2538 578 2539 665 2540 578 2541 662 2542 665 2543 598 2544 601 2545 641 2546 601 2547 638 2548 641 2549 578 2550 580 2551 662 2552 580 2553 659 2554 662 2555 601 2556 604 2557 638 2558 604 2559 635 2560 638 2561 580 2562 583 2563 659 2564 583 2565 656 2566 659 2567 680 2568 723 2569 682 2570 723 2571 722 2572 682 2573 709 2574 713 2575 740 2576 713 2577 737 2578 740 2579 728 2580 707 2581 727 2582 707 2583 704 2584 727 2585 724 2586 727 2587 695 2588 727 2589 697 2590 695 2591 712 2592 710 2593 716 2594 710 2595 729 2596 716 2597 719 2598 726 2599 674 2600 726 2601 723 2602 674 2603 727 2604 704 2605 697 2606 704 2607 701 2608 697 2609 686 2610 721 2611 689 2612 721 2613 692 2614 689 2615 716 2616 729 2617 719 2618 729 2619 726 2620 719 2621 729 2622 710 2623 728 2624 710 2625 707 2626 728 2627 674 2628 723 2629 676 2630 723 2631 680 2632 676 2633 682 2634 722 2635 686 2636 722 2637 721 2638 686 2639 721 2640 724 2641 692 2642 724 2643 695 2644 692 2645 677 2646 678 2647 679 2648 678 2649 681 2650 679 2651 678 2652 676 2653 681 2654 676 2655 680 2656 681 2657 683 2658 684 2659 685 2660 684 2661 687 2662 685 2663 684 2664 682 2665 687 2666 682 2667 686 2668 687 2669 698 2670 699 2671 700 2672 699 2673 702 2674 700 2675 699 2676 697 2677 702 2678 697 2679 701 2680 702 2681 685 2682 687 2683 688 2684 687 2685 690 2686 688 2687 687 2688 686 2689 690 2690 686 2691 689 2692 690 2693 688 2694 690 2695 691 2696 690 2697 693 2698 691 2699 690 2700 689 2701 693 2702 689 2703 692 2704 693 2705 700 2706 702 2707 703 2708 702 2709 705 2710 703 2711 702 2712 701 2713 705 2714 701 2715 704 2716 705 2717 703 2718 705 2719 706 2720 705 2721 708 2722 706 2723 705 2724 704 2725 708 2726 704 2727 707 2728 708 2729 713 2730 714 2731 715 2732 714 2733 717 2734 715 2735 714 2736 712 2737 717 2738 712 2739 716 2740 717 2741 691 2742 693 2743 694 2744 693 2745 696 2746 694 2747 693 2748 692 2749 696 2750 692 2751 695 2752 696 2753 694 2754 696 2755 698 2756 696 2757 699 2758 698 2759 696 2760 695 2761 699 2762 695 2763 697 2764 699 2765 706 2766 708 2767 709 2768 708 2769 711 2770 709 2771 708 2772 707 2773 711 2774 707 2775 710 2776 711 2777 709 2778 711 2779 713 2780 711 2781 714 2782 713 2783 711 2784 710 2785 714 2786 710 2787 712 2788 714 2789 715 2790 717 2791 718 2792 717 2793 720 2794 718 2795 717 2796 716 2797 720 2798 716 2799 719 2800 720 2801 679 2802 681 2803 683 2804 681 2805 684 2806 683 2807 681 2808 680 2809 684 2810 680 2811 682 2812 684 2813 718 2814 720 2815 673 2816 720 2817 675 2818 673 2819 720 2820 719 2821 675 2822 719 2823 674 2824 675 2825 673 2826 675 2827 677 2828 675 2829 678 2830 677 2831 675 2832 674 2833 678 2834 674 2835 676 2836 678 2837 722 2838 725 2839 721 2840 725 2841 724 2842 721 2843 725 2844 728 2845 724 2846 728 2847 727 2848 724 2849 723 2850 726 2851 722 2852 726 2853 725 2854 722 2855 726 2856 729 2857 725 2858 729 2859 728 2860 725 2861 734 2862 730 2863 735 2864 730 2865 732 2866 735 2867 735 2868 732 2869 733 2870 732 2871 731 2872 733 2873 737 2874 734 2875 738 2876 734 2877 735 2878 738 2879 738 2880 735 2881 736 2882 735 2883 733 2884 736 2885 740 2886 737 2887 741 2888 737 2889 738 2890 741 2891 741 2892 738 2893 739 2894 738 2895 736 2896 739 2897 743 2898 740 2899 744 2900 740 2901 741 2902 744 2903 744 2904 741 2905 742 2906 741 2907 739 2908 742 2909 746 2910 743 2911 747 2912 743 2913 744 2914 747 2915 747 2916 744 2917 745 2918 744 2919 742 2920 745 2921 749 2922 746 2923 750 2924 746 2925 747 2926 750 2927 750 2928 747 2929 748 2930 747 2931 745 2932 748 2933 752 2934 749 2935 753 2936 749 2937 750 2938 753 2939 753 2940 750 2941 751 2942 750 2943 748 2944 751 2945 755 2946 752 2947 756 2948 752 2949 753 2950 756 2951 756 2952 753 2953 754 2954 753 2955 751 2956 754 2957 758 2958 755 2959 759 2960 755 2961 756 2962 759 2963 759 2964 756 2965 757 2966 756 2967 754 2968 757 2969 761 2970 758 2971 762 2972 758 2973 759 2974 762 2975 762 2976 759 2977 760 2978 759 2979 757 2980 760 2981 764 2982 761 2983 765 2984 761 2985 762 2986 765 2987 765 2988 762 2989 763 2990 762 2991 760 2992 763 2993 767 2994 764 2995 768 2996 764 2997 765 2998 768 2999 768 3000 765 3001 766 3002 765 3003 763 3004 766 3005 770 3006 767 3007 771 3008 767 3009 768 3010 771 3011 771 3012 768 3013 769 3014 768 3015 766 3016 769 3017 773 3018 770 3019 774 3020 770 3021 771 3022 774 3023 774 3024 771 3025 772 3026 771 3027 769 3028 772 3029 776 3030 773 3031 777 3032 773 3033 774 3034 777 3035 777 3036 774 3037 775 3038 774 3039 772 3040 775 3041 730 3042 776 3043 732 3044 776 3045 777 3046 732 3047 732 3048 777 3049 731 3050 777 3051 775 3052 731 3053 688 3054 691 3055 761 3056 691 3057 758 3058 761 3059 713 3060 715 3061 737 3062 715 3063 734 3064 737 3065 691 3066 694 3067 758 3068 694 3069 755 3070 758 3071 730 3072 718 3073 776 3074 718 3075 673 3076 776 3077 715 3078 718 3079 734 3080 718 3081 730 3082 734 3083 694 3084 698 3085 755 3086 698 3087 752 3088 755 3089 776 3090 673 3091 773 3092 673 3093 677 3094 773 3095 698 3096 700 3097 752 3098 700 3099 749 3100 752 3101 677 3102 679 3103 773 3104 679 3105 770 3106 773 3107 700 3108 703 3109 749 3110 703 3111 746 3112 749 3113 679 3114 683 3115 770 3116 683 3117 767 3118 770 3119 703 3120 706 3121 746 3122 706 3123 743 3124 746 3125 683 3126 685 3127 767 3128 685 3129 764 3130 767 3131 706 3132 709 3133 743 3134 709 3135 740 3136 743 3137 685 3138 688 3139 764 3140 688 3141 761 3142 764 3143</p>
				</triangles>
			</mesh>
		</geometry>
		<geometry id="2453.json-mesh" name="2453.json">
			<mesh>
				<source id="2453.json-mesh-positions">
					<float_array id="2453.json-mesh-positions-array" count="672">0 47 -1.6 0.612 47 -1.478 1.131 47 -1.131 1.478 47 -0.612 1.6 47 0 1.478 47 0.612 1.131 47 1.131 0.612 47 1.478 0 47 1.6 -0.612 47 1.478 -1.131 47 1.131 -1.478 47 0.612 -1.6 47 0 -1.478 47 -0.612 -1.131 47 -1.131 -0.612 47 -1.478 -0.612 49.8 -1.478 -1.131 49.8 -1.131 -1.478 49.8 -0.612 -1.6 49.8 0 -1.478 49.8 0.612 -1.131 49.8 1.131 -0.612 49.8 1.478 0 49.8 1.6 0.612 49.8 1.478 1.131 49.8 1.131 1.478 49.8 0.612 1.6 49.8 0 1.478 49.8 -0.612 1.131 49.8 -1.131 0.612 49.8 -1.478 0 49.8 -1.6 0 49.8 -2.4 0.918 49.8 -2.217 1.697 49.8 -1.697 2.217 49.8 -0.918 2.4 49.8 0 2.217 49.8 0.918 1.697 49.8 1.697 0.918 49.8 2.217 0 49.8 2.4 -0.918 49.8 2.217 -1.697 49.8 1.697 -2.217 49.8 0.918 -2.4 49.8 0 -2.217 49.8 -0.918 -1.697 49.8 -1.697 -0.918 49.8 -2.217 -0.918 47.98 -2.217 -1.697 47.98 -1.697 -2.217 47.98 -0.918 -2.4 47.98 0 -2.217 47.98 0.918 -1.697 47.98 1.697 -0.918 47.98 2.217 0 47.98 2.4 0.918 47.98 2.217 1.697 47.98 1.697 2.217 47.98 0.918 2.4 47.98 0 2.217 47.98 -0.918 1.697 47.98 -1.697 0.918 47.98 -2.217 0 47.98 -2.4 -0.4 47 -0.5 -0.4 47 0.5 -1.6 47 0.5 -1.6 47 -0.5 -1.6 47.8 -0.5 -1.6 47.8 0.5 -0.4 47.8 0.5 -0.4 47.8 -0.5 1.6 47.8 -0.5 1.6 47.8 0.5 0.4 47.8 0.5 0.4 47.8 -0.5 0.4 47 -0.5 0.4 47 0.5 1.6 47 0.5 1.6 47 -0.5 3.96 0.02 -3.96 3.96 0.02 3.96 -3.96 0.02 3.96 -3.96 0.02 -3.96 -3.96 47.98 -3.96 -3.96 47.98 3.96 3.96 47.98 3.96 3.96 47.98 -3.96 -2.4 0.02 -2.4 -2.4 0.02 2.4 2.4 0.02 2.4 2.4 0.02 -2.4 2.4 47 -2.4 2.4 47 2.4 -2.4 47 2.4 -2.4 47 -2.4 0 47 -1.6 -0.612 47 -1.478 -1.131 47 -1.131 -1.478 47 -0.612 -1.6 47 0 -1.478 47 0.612 -1.131 47 1.131 -0.612 47 1.478 0 47 1.6 0.612 47 1.478 1.131 47 1.131 1.478 47 0.612 1.6 47 0 1.478 47 -0.612 1.131 47 -1.131 0.612 47 -1.478 -0.612 49.8 -1.478 -1.131 49.8 -1.131 -1.478 49.8 -0.612 -1.6 49.8 0 -1.478 49.8 0.612 -1.131 49.8 1.131 -0.612 49.8 1.478 0 49.8 1.6 0.612 49.8 1.478 1.131 49.8 1.131 1.478 49.8 0.612 1.6 49.8 0 1.478 49.8 -0.612 1.131 49.8 -1.131 0.612 49.8 -1.478 0 49.8 -1.6 0 49.8 -2.4 -0.918 49.8 -2.217 -1.697 49.8 -1.697 -2.217 49.8 -0.918 -2.4 49.8 0 -2.217 49.8 0.918 -1.697 49.8 1.697 -0.918 49.8 2.217 0 49.8 2.4 0.918 49.8 2.217 1.697 49.8 1.697 2.217 49.8 0.918 2.4 49.8 0 2.217 49.8 -0.918 1.697 49.8 -1.697 0.918 49.8 -2.217 -0.918 47.98 -2.217 -1.697 47.98 -1.697 -2.217 47.98 -0.918 -2.4 47.98 0 -2.217 47.98 0.918 -1.697 47.98 1.697 -0.918 47.98 2.217 0 47.98 2.4 0.918 47.98 2.217 1.697 47.98 1.697 2.217 47.98 0.918 2.4 47.98 0 2.217 47.98 -0.918 1.697 47.98 -1.697 0.918 47.98 -2.217 0 47.98 -2.4 -0.4 47 0.5 -0.4 47 0.5 -0.4 47 -0.5 -0.4 47 -0.5 -1.6 47 -0.5 -1.6 47 -0.5 -1.6 47 0.5 -1.6 47 0.5 -1.6 47.8 0.5 -1.6 47.8 0.5 -1.6 47.8 -0.5 -1.6 47.8 -0.5 -0.4 47.8 -0.5 -0.4 47.8 -0.5 -0.4 47.8 0.5 -0.4 47.8 0.5 1.6 47.8 0.5 1.6 47.8 0.5 1.6 47.8 -0.5 1.6 47.8 -0.5 0.4 47.8 -0.5 0.4 47.8 -0.5 0.4 47.8 0.5 0.4 47.8 0.5 0.4 47 0.5 0.4 47 0.5 1.6 47 0.5 1.6 47 0.5 1.6 47 -0.5 1.6 47 -0.5 0.4 47 -0.5 0.4 47 -0.5 3.96 0.02 3.96 3.96 0.02 3.96 3.96 47.98 3.96 3.96 47.98 3.96 3.96 47.98 -3.96 3.96 47.98 -3.96 3.96 0.02 -3.96 -3.96 47.98 -3.96 -3.96 47.98 -3.96 -3.96 0.02 -3.96 -3.96 0.02 -3.96 -3.96 0.02 3.96 3.96 0.02 -3.96 -3.96 47.98 3.96 -3.96 0.02 3.96 -3.96 47.98 3.96 -2.4 0.02 -2.4 -2.4 0.02 -2.4 2.4 0.02 -2.4 2.4 0.02 -2.4 2.4 0.02 2.4 2.4 0.02 2.4 -2.4 0.02 2.4 -2.4 0.02 2.4 -2.4 47 2.4 -2.4 47 2.4 2.4 47 2.4 2.4 47 2.4 2.4 47 -2.4 2.4 47 -2.4 -2.4 47 -2.4 -2.4 47 -2.4</float_array>
					<technique_common>
						<accessor source="#2453.json-mesh-positions-array" count="224" stride="3">
							<param name="X" type="float"/>
							<param name="Y" type="float"/>
							<param name="Z" type="float"/>
						</accessor>
					</technique_common>
				</source>
				<vertices id="2453.json-mesh-vertices">
					<input semantic="POSITION" source="#2453.json-mesh-positions"/>
				</vertices>
				<triangles material="MB|5-material" count="184">
					<input semantic="VERTEX" source="#2453.json-mesh-vertices" offset="0"/>
					<p>0 31 15 31 16 15 15 16 14 16 17 14 14 17 13 17 18 13 13 18 12 18 19 12 12 19 11 19 20 11 11 20 10 20 21 10 10 21 9 21 22 9 9 22 8 22 23 8 8 23 7 23 24 7 7 24 6 24 25 6 6 25 5 25 26 5 5 26 4 26 27 4 4 27 3 27 28 3 3 28 2 28 29 2 2 29 1 29 30 1 31 0 30 0 1 30 113 112 46 112 47 46 114 113 45 113 46 45 124 35 125 35 34 125 115 44 116 44 43 116 123 122 36 122 37 36 122 121 37 121 38 37 116 43 117 43 42 117 117 42 118 42 41 118 44 115 45 115 114 45 124 123 35 123 36 35 32 47 127 47 112 127 118 41 119 41 40 119 34 33 125 33 126 125 120 39 121 39 38 121 33 32 126 32 127 126 119 40 120 40 39 120 129 128 48 128 63 48 130 129 49 129 48 49 131 130 50 130 49 50 132 131 51 131 50 51 133 132 52 132 51 52 134 133 53 133 52 53 135 134 54 134 53 54 136 135 55 135 54 55 137 136 56 136 55 56 138 137 57 137 56 57 139 138 58 138 57 58 140 139 59 139 58 59 141 140 60 140 59 60 142 141 61 141 60 61 143 142 62 142 61 62 128 143 63 143 62 63 66 67 65 67 64 65 167 69 165 69 68 165 164 171 163 171 71 163 162 173 161 173 70 161 160 175 166 175 169 166 172 170 174 170 168 174 72 75 73 75 74 73 78 176 77 176 183 77 79 179 187 179 177 187 76 181 189 181 178 189 185 182 191 182 180 191 184 190 186 190 188 186 82 85 83 85 84 83 202 200 80 200 87 80 198 197 81 197 86 81 193 195 206 195 207 206 201 88 203 88 89 203 204 91 201 91 88 201 192 90 204 90 91 204 203 89 192 89 90 192 215 94 213 94 93 213 212 219 211 219 92 211 210 221 209 221 95 209 208 223 214 223 217 214 98 99 222 97 98 222 96 97 222 220 96 222 111 96 220 110 111 220 109 110 220 101 216 100 218 107 108 218 106 107 102 216 101 218 105 106 103 216 102 218 104 105 104 216 103 218 216 104 222 100 216 222 99 100 220 108 109 220 218 108 149 205 150 150 205 151 151 205 194 151 194 152 152 194 153 153 194 154 154 194 155 155 194 196 155 196 156 156 196 157 157 196 158 158 196 159 159 196 199 144 159 199 144 199 145 145 199 146 146 199 147 147 199 205 147 205 148 148 205 149</p>
				</triangles>
			</mesh>
		</geometry>
		<geometry id="4204.json-mesh" name="4204.json">
			<mesh>
				<source id="4204.json-mesh-positions">
					<float_array id="4204.json-mesh-positions-array" count="42336">14.757 8.6 -3.002 -1.243 8.6 -3.002 -17.243 8.6 -3.002 13.702 8.6 -2.298 -2.298 8.6 -2.298 -18.298 8.6 -2.298 12.998 8.6 -1.243 -3.002 8.6 -1.243 -19.002 8.6 -1.243 12.751 8.6 0 -3.249 8.6 0 -19.249 8.6 0 12.998 8.6 1.243 -3.002 8.6 1.243 -19.002 8.6 1.243 13.702 8.6 2.298 -2.298 8.6 2.298 -18.298 8.6 2.298 14.757 8.6 3.002 -1.243 8.6 3.002 -17.243 8.6 3.002 16 8.6 3.249 0 8.6 3.249 -16 8.6 3.249 17.243 8.6 3.002 1.243 8.6 3.002 -14.757 8.6 3.002 18.298 8.6 2.298 2.298 8.6 2.298 -13.702 8.6 2.298 19.002 8.6 1.243 3.002 8.6 1.243 -12.998 8.6 1.243 19.249 8.6 0 3.249 8.6 0 -12.751 8.6 0 19.002 8.6 -1.243 3.002 8.6 -1.243 -12.998 8.6 -1.243 18.298 8.6 -2.298 2.298 8.6 -2.298 -13.702 8.6 -2.298 17.243 8.6 -3.002 1.243 8.6 -3.002 -14.757 8.6 -3.002 16 8.6 -3.249 0 8.6 -3.249 -16 8.6 -3.249 16 0.02 -3.249 0 0.02 -3.249 -16 0.02 -3.249 17.243 0.02 -3.002 1.243 0.02 -3.002 -14.757 0.02 -3.002 18.298 0.02 -2.298 2.298 0.02 -2.298 -13.702 0.02 -2.298 19.002 0.02 -1.243 3.002 0.02 -1.243 -12.998 0.02 -1.243 19.249 0.02 0 3.249 0.02 0 -12.751 0.02 0 19.002 0.02 1.243 3.002 0.02 1.243 -12.998 0.02 1.243 18.298 0.02 2.298 2.298 0.02 2.298 -13.702 0.02 2.298 17.243 0.02 3.002 1.243 0.02 3.002 -14.757 0.02 3.002 16 0.02 3.249 0 0.02 3.249 -16 0.02 3.249 14.757 0.02 3.002 -1.243 0.02 3.002 -17.243 0.02 3.002 13.702 0.02 2.298 -2.298 0.02 2.298 -18.298 0.02 2.298 12.998 0.02 1.243 -3.002 0.02 1.243 -19.002 0.02 1.243 12.751 0.02 0 -3.249 0.02 0 -19.249 0.02 0 12.998 0.02 -1.243 -3.002 0.02 -1.243 -19.002 0.02 -1.243 13.702 0.02 -2.298 -2.298 0.02 -2.298 -18.298 0.02 -2.298 14.757 0.02 -3.002 -1.243 0.02 -3.002 -17.243 0.02 -3.002 16 8.6 -2.4 0 8.6 -2.4 -16 8.6 -2.4 16.918 8.6 -2.217 0.918 8.6 -2.217 -15.082 8.6 -2.217 17.697 8.6 -1.697 1.697 8.6 -1.697 -14.303 8.6 -1.697 18.217 8.6 -0.918 2.217 8.6 -0.918 -13.783 8.6 -0.918 18.4 8.6 0 2.4 8.6 0 -13.6 8.6 0 18.217 8.6 0.918 2.217 8.6 0.918 -13.783 8.6 0.918 17.697 8.6 1.697 1.697 8.6 1.697 -14.303 8.6 1.697 16.918 8.6 2.217 0.918 8.6 2.217 -15.082 8.6 2.217 16 8.6 2.4 0 8.6 2.4 -16 8.6 2.4 15.082 8.6 2.217 -0.918 8.6 2.217 -16.918 8.6 2.217 14.303 8.6 1.697 -1.697 8.6 1.697 -17.697 8.6 1.697 13.783 8.6 0.918 -2.217 8.6 0.918 -18.217 8.6 0.918 13.6 8.6 0 -2.4 8.6 0 -18.4 8.6 0 13.783 8.6 -0.918 -2.217 8.6 -0.918 -18.217 8.6 -0.918 14.303 8.6 -1.697 -1.697 8.6 -1.697 -17.697 8.6 -1.697 15.082 8.6 -2.217 -0.918 8.6 -2.217 -16.918 8.6 -2.217 15.082 0.02 -2.217 -0.918 0.02 -2.217 -16.918 0.02 -2.217 14.303 0.02 -1.697 -1.697 0.02 -1.697 -17.697 0.02 -1.697 13.783 0.02 -0.918 -2.217 0.02 -0.918 -18.217 0.02 -0.918 13.6 0.02 0 -2.4 0.02 0 -18.4 0.02 0 13.783 0.02 0.918 -2.217 0.02 0.918 -18.217 0.02 0.918 14.303 0.02 1.697 -1.697 0.02 1.697 -17.697 0.02 1.697 15.082 0.02 2.217 -0.918 0.02 2.217 -16.918 0.02 2.217 16 0.02 2.4 0 0.02 2.4 -16 0.02 2.4 16.918 0.02 2.217 0.918 0.02 2.217 -15.082 0.02 2.217 17.697 0.02 1.697 1.697 0.02 1.697 -14.303 0.02 1.697 18.217 0.02 0.918 2.217 0.02 0.918 -13.783 0.02 0.918 18.4 0.02 0 2.4 0.02 0 -13.6 0.02 0 18.217 0.02 -0.918 2.217 0.02 -0.918 -13.783 0.02 -0.918 17.697 0.02 -1.697 1.697 0.02 -1.697 -14.303 0.02 -1.697 16.918 0.02 -2.217 0.918 0.02 -2.217 -15.082 0.02 -2.217 16 0.02 -2.4 0 0.02 -2.4 -16 0.02 -2.4 28 9.58 1.6 20 9.58 1.6 12 9.58 1.6 4 9.58 1.6 -4 9.58 1.6 -12 9.58 1.6 -20 9.58 1.6 -28 9.58 1.6 28.918 9.58 1.783 20.918 9.58 1.783 12.918 9.58 1.783 4.918 9.58 1.783 -3.082 9.58 1.783 -11.082 9.58 1.783 -19.082 9.58 1.783 -27.082 9.58 1.783 29.697 9.58 2.303 21.697 9.58 2.303 13.697 9.58 2.303 5.697 9.58 2.303 -2.303 9.58 2.303 -10.303 9.58 2.303 -18.303 9.58 2.303 -26.303 9.58 2.303 30.217 9.58 3.082 22.217 9.58 3.082 14.217 9.58 3.082 6.217 9.58 3.082 -1.783 9.58 3.082 -9.783 9.58 3.082 -17.783 9.58 3.082 -25.783 9.58 3.082 30.4 9.58 4 22.4 9.58 4 14.4 9.58 4 6.4 9.58 4 -1.6 9.58 4 -9.6 9.58 4 -17.6 9.58 4 -25.6 9.58 4 30.217 9.58 4.918 22.217 9.58 4.918 14.217 9.58 4.918 6.217 9.58 4.918 -1.783 9.58 4.918 -9.783 9.58 4.918 -17.783 9.58 4.918 -25.783 9.58 4.918 29.697 9.58 5.697 21.697 9.58 5.697 13.697 9.58 5.697 5.697 9.58 5.697 -2.303 9.58 5.697 -10.303 9.58 5.697 -18.303 9.58 5.697 -26.303 9.58 5.697 28.918 9.58 6.217 20.918 9.58 6.217 12.918 9.58 6.217 4.918 9.58 6.217 -3.082 9.58 6.217 -11.082 9.58 6.217 -19.082 9.58 6.217 -27.082 9.58 6.217 28 9.58 6.4 20 9.58 6.4 12 9.58 6.4 4 9.58 6.4 -4 9.58 6.4 -12 9.58 6.4 -20 9.58 6.4 -28 9.58 6.4 27.082 9.58 6.217 19.082 9.58 6.217 11.082 9.58 6.217 3.082 9.58 6.217 -4.918 9.58 6.217 -12.918 9.58 6.217 -20.918 9.58 6.217 -28.918 9.58 6.217 26.303 9.58 5.697 18.303 9.58 5.697 10.303 9.58 5.697 2.303 9.58 5.697 -5.697 9.58 5.697 -13.697 9.58 5.697 -21.697 9.58 5.697 -29.697 9.58 5.697 25.783 9.58 4.918 17.783 9.58 4.918 9.783 9.58 4.918 1.783 9.58 4.918 -6.217 9.58 4.918 -14.217 9.58 4.918 -22.217 9.58 4.918 -30.217 9.58 4.918 25.6 9.58 4 17.6 9.58 4 9.6 9.58 4 1.6 9.58 4 -6.4 9.58 4 -14.4 9.58 4 -22.4 9.58 4 -30.4 9.58 4 25.783 9.58 3.082 17.783 9.58 3.082 9.783 9.58 3.082 1.783 9.58 3.082 -6.217 9.58 3.082 -14.217 9.58 3.082 -22.217 9.58 3.082 -30.217 9.58 3.082 26.303 9.58 2.303 18.303 9.58 2.303 10.303 9.58 2.303 2.303 9.58 2.303 -5.697 9.58 2.303 -13.697 9.58 2.303 -21.697 9.58 2.303 -29.697 9.58 2.303 27.082 9.58 1.783 19.082 9.58 1.783 11.082 9.58 1.783 3.082 9.58 1.783 -4.918 9.58 1.783 -12.918 9.58 1.783 -20.918 9.58 1.783 -28.918 9.58 1.783 27.082 11.4 1.783 19.082 11.4 1.783 11.082 11.4 1.783 3.082 11.4 1.783 -4.918 11.4 1.783 -12.918 11.4 1.783 -20.918 11.4 1.783 -28.918 11.4 1.783 26.303 11.4 2.303 18.303 11.4 2.303 10.303 11.4 2.303 2.303 11.4 2.303 -5.697 11.4 2.303 -13.697 11.4 2.303 -21.697 11.4 2.303 -29.697 11.4 2.303 25.783 11.4 3.082 17.783 11.4 3.082 9.783 11.4 3.082 1.783 11.4 3.082 -6.217 11.4 3.082 -14.217 11.4 3.082 -22.217 11.4 3.082 -30.217 11.4 3.082 25.6 11.4 4 17.6 11.4 4 9.6 11.4 4 1.6 11.4 4 -6.4 11.4 4 -14.4 11.4 4 -22.4 11.4 4 -30.4 11.4 4 25.783 11.4 4.918 17.783 11.4 4.918 9.783 11.4 4.918 1.783 11.4 4.918 -6.217 11.4 4.918 -14.217 11.4 4.918 -22.217 11.4 4.918 -30.217 11.4 4.918 26.303 11.4 5.697 18.303 11.4 5.697 10.303 11.4 5.697 2.303 11.4 5.697 -5.697 11.4 5.697 -13.697 11.4 5.697 -21.697 11.4 5.697 -29.697 11.4 5.697 27.082 11.4 6.217 19.082 11.4 6.217 11.082 11.4 6.217 3.082 11.4 6.217 -4.918 11.4 6.217 -12.918 11.4 6.217 -20.918 11.4 6.217 -28.918 11.4 6.217 28 11.4 6.4 20 11.4 6.4 12 11.4 6.4 4 11.4 6.4 -4 11.4 6.4 -12 11.4 6.4 -20 11.4 6.4 -28 11.4 6.4 28.918 11.4 6.217 20.918 11.4 6.217 12.918 11.4 6.217 4.918 11.4 6.217 -3.082 11.4 6.217 -11.082 11.4 6.217 -19.082 11.4 6.217 -27.082 11.4 6.217 29.697 11.4 5.697 21.697 11.4 5.697 13.697 11.4 5.697 5.697 11.4 5.697 -2.303 11.4 5.697 -10.303 11.4 5.697 -18.303 11.4 5.697 -26.303 11.4 5.697 30.217 11.4 4.918 22.217 11.4 4.918 14.217 11.4 4.918 6.217 11.4 4.918 -1.783 11.4 4.918 -9.783 11.4 4.918 -17.783 11.4 4.918 -25.783 11.4 4.918 30.4 11.4 4 22.4 11.4 4 14.4 11.4 4 6.4 11.4 4 -1.6 11.4 4 -9.6 11.4 4 -17.6 11.4 4 -25.6 11.4 4 30.217 11.4 3.082 22.217 11.4 3.082 14.217 11.4 3.082 6.217 11.4 3.082 -1.783 11.4 3.082 -9.783 11.4 3.082 -17.783 11.4 3.082 -25.783 11.4 3.082 29.697 11.4 2.303 21.697 11.4 2.303 13.697 11.4 2.303 5.697 11.4 2.303 -2.303 11.4 2.303 -10.303 11.4 2.303 -18.303 11.4 2.303 -26.303 11.4 2.303 28.918 11.4 1.783 20.918 11.4 1.783 12.918 11.4 1.783 4.918 11.4 1.783 -3.082 11.4 1.783 -11.082 11.4 1.783 -19.082 11.4 1.783 -27.082 11.4 1.783 28 11.4 1.6 20 11.4 1.6 12 11.4 1.6 4 11.4 1.6 -4 11.4 1.6 -12 11.4 1.6 -20 11.4 1.6 -28 11.4 1.6 28 11.4 4 20 11.4 4 12 11.4 4 4 11.4 4 -4 11.4 4 -12 11.4 4 -20 11.4 4 -28 11.4 4 28 11.4 -4 20 11.4 -4 12 11.4 -4 4 11.4 -4 -4 11.4 -4 -12 11.4 -4 -20 11.4 -4 -28 11.4 -4 28 11.4 -6.4 20 11.4 -6.4 12 11.4 -6.4 4 11.4 -6.4 -4 11.4 -6.4 -12 11.4 -6.4 -20 11.4 -6.4 -28 11.4 -6.4 28.918 11.4 -6.217 20.918 11.4 -6.217 12.918 11.4 -6.217 4.918 11.4 -6.217 -3.082 11.4 -6.217 -11.082 11.4 -6.217 -19.082 11.4 -6.217 -27.082 11.4 -6.217 29.697 11.4 -5.697 21.697 11.4 -5.697 13.697 11.4 -5.697 5.697 11.4 -5.697 -2.303 11.4 -5.697 -10.303 11.4 -5.697 -18.303 11.4 -5.697 -26.303 11.4 -5.697 30.217 11.4 -4.918 22.217 11.4 -4.918 14.217 11.4 -4.918 6.217 11.4 -4.918 -1.783 11.4 -4.918 -9.783 11.4 -4.918 -17.783 11.4 -4.918 -25.783 11.4 -4.918 30.4 11.4 -4 22.4 11.4 -4 14.4 11.4 -4 6.4 11.4 -4 -1.6 11.4 -4 -9.6 11.4 -4 -17.6 11.4 -4 -25.6 11.4 -4 30.217 11.4 -3.082 22.217 11.4 -3.082 14.217 11.4 -3.082 6.217 11.4 -3.082 -1.783 11.4 -3.082 -9.783 11.4 -3.082 -17.783 11.4 -3.082 -25.783 11.4 -3.082 29.697 11.4 -2.303 21.697 11.4 -2.303 13.697 11.4 -2.303 5.697 11.4 -2.303 -2.303 11.4 -2.303 -10.303 11.4 -2.303 -18.303 11.4 -2.303 -26.303 11.4 -2.303 28.918 11.4 -1.783 20.918 11.4 -1.783 12.918 11.4 -1.783 4.918 11.4 -1.783 -3.082 11.4 -1.783 -11.082 11.4 -1.783 -19.082 11.4 -1.783 -27.082 11.4 -1.783 28 11.4 -1.6 20 11.4 -1.6 12 11.4 -1.6 4 11.4 -1.6 -4 11.4 -1.6 -12 11.4 -1.6 -20 11.4 -1.6 -28 11.4 -1.6 27.082 11.4 -1.783 19.082 11.4 -1.783 11.082 11.4 -1.783 3.082 11.4 -1.783 -4.918 11.4 -1.783 -12.918 11.4 -1.783 -20.918 11.4 -1.783 -28.918 11.4 -1.783 26.303 11.4 -2.303 18.303 11.4 -2.303 10.303 11.4 -2.303 2.303 11.4 -2.303 -5.697 11.4 -2.303 -13.697 11.4 -2.303 -21.697 11.4 -2.303 -29.697 11.4 -2.303 25.783 11.4 -3.082 17.783 11.4 -3.082 9.783 11.4 -3.082 1.783 11.4 -3.082 -6.217 11.4 -3.082 -14.217 11.4 -3.082 -22.217 11.4 -3.082 -30.217 11.4 -3.082 25.6 11.4 -4 17.6 11.4 -4 9.6 11.4 -4 1.6 11.4 -4 -6.4 11.4 -4 -14.4 11.4 -4 -22.4 11.4 -4 -30.4 11.4 -4 25.783 11.4 -4.918 17.783 11.4 -4.918 9.783 11.4 -4.918 1.783 11.4 -4.918 -6.217 11.4 -4.918 -14.217 11.4 -4.918 -22.217 11.4 -4.918 -30.217 11.4 -4.918 26.303 11.4 -5.697 18.303 11.4 -5.697 10.303 11.4 -5.697 2.303 11.4 -5.697 -5.697 11.4 -5.697 -13.697 11.4 -5.697 -21.697 11.4 -5.697 -29.697 11.4 -5.697 27.082 11.4 -6.217 19.082 11.4 -6.217 11.082 11.4 -6.217 3.082 11.4 -6.217 -4.918 11.4 -6.217 -12.918 11.4 -6.217 -20.918 11.4 -6.217 -28.918 11.4 -6.217 27.082 9.58 -6.217 19.082 9.58 -6.217 11.082 9.58 -6.217 3.082 9.58 -6.217 -4.918 9.58 -6.217 -12.918 9.58 -6.217 -20.918 9.58 -6.217 -28.918 9.58 -6.217 26.303 9.58 -5.697 18.303 9.58 -5.697 10.303 9.58 -5.697 2.303 9.58 -5.697 -5.697 9.58 -5.697 -13.697 9.58 -5.697 -21.697 9.58 -5.697 -29.697 9.58 -5.697 25.783 9.58 -4.918 17.783 9.58 -4.918 9.783 9.58 -4.918 1.783 9.58 -4.918 -6.217 9.58 -4.918 -14.217 9.58 -4.918 -22.217 9.58 -4.918 -30.217 9.58 -4.918 25.6 9.58 -4 17.6 9.58 -4 9.6 9.58 -4 1.6 9.58 -4 -6.4 9.58 -4 -14.4 9.58 -4 -22.4 9.58 -4 -30.4 9.58 -4 25.783 9.58 -3.082 17.783 9.58 -3.082 9.783 9.58 -3.082 1.783 9.58 -3.082 -6.217 9.58 -3.082 -14.217 9.58 -3.082 -22.217 9.58 -3.082 -30.217 9.58 -3.082 26.303 9.58 -2.303 18.303 9.58 -2.303 10.303 9.58 -2.303 2.303 9.58 -2.303 -5.697 9.58 -2.303 -13.697 9.58 -2.303 -21.697 9.58 -2.303 -29.697 9.58 -2.303 27.082 9.58 -1.783 19.082 9.58 -1.783 11.082 9.58 -1.783 3.082 9.58 -1.783 -4.918 9.58 -1.783 -12.918 9.58 -1.783 -20.918 9.58 -1.783 -28.918 9.58 -1.783 28 9.58 -1.6 20 9.58 -1.6 12 9.58 -1.6 4 9.58 -1.6 -4 9.58 -1.6 -12 9.58 -1.6 -20 9.58 -1.6 -28 9.58 -1.6 28.918 9.58 -1.783 20.918 9.58 -1.783 12.918 9.58 -1.783 4.918 9.58 -1.783 -3.082 9.58 -1.783 -11.082 9.58 -1.783 -19.082 9.58 -1.783 -27.082 9.58 -1.783 29.697 9.58 -2.303 21.697 9.58 -2.303 13.697 9.58 -2.303 5.697 9.58 -2.303 -2.303 9.58 -2.303 -10.303 9.58 -2.303 -18.303 9.58 -2.303 -26.303 9.58 -2.303 30.217 9.58 -3.082 22.217 9.58 -3.082 14.217 9.58 -3.082 6.217 9.58 -3.082 -1.783 9.58 -3.082 -9.783 9.58 -3.082 -17.783 9.58 -3.082 -25.783 9.58 -3.082 30.4 9.58 -4 22.4 9.58 -4 14.4 9.58 -4 6.4 9.58 -4 -1.6 9.58 -4 -9.6 9.58 -4 -17.6 9.58 -4 -25.6 9.58 -4 30.217 9.58 -4.918 22.217 9.58 -4.918 14.217 9.58 -4.918 6.217 9.58 -4.918 -1.783 9.58 -4.918 -9.783 9.58 -4.918 -17.783 9.58 -4.918 -25.783 9.58 -4.918 29.697 9.58 -5.697 21.697 9.58 -5.697 13.697 9.58 -5.697 5.697 9.58 -5.697 -2.303 9.58 -5.697 -10.303 9.58 -5.697 -18.303 9.58 -5.697 -26.303 9.58 -5.697 28.918 9.58 -6.217 20.918 9.58 -6.217 12.918 9.58 -6.217 4.918 9.58 -6.217 -3.082 9.58 -6.217 -11.082 9.58 -6.217 -19.082 9.58 -6.217 -27.082 9.58 -6.217 28 9.58 -6.4 20 9.58 -6.4 12 9.58 -6.4 4 9.58 -6.4 -4 9.58 -6.4 -12 9.58 -6.4 -20 9.58 -6.4 -28 9.58 -6.4 63.96 0.02 -31.96 63.96 0.02 31.96 -63.96 0.02 31.96 -63.96 0.02 -31.96 -63.96 9.58 -31.96 -63.96 9.58 31.96 63.96 9.58 31.96 63.96 9.58 -31.96 -62.4 0.02 -30.4 -62.4 0.02 30.4 62.4 0.02 30.4 62.4 0.02 -30.4 62.4 8.6 -30.4 62.4 8.6 30.4 -62.4 8.6 30.4 -62.4 8.6 -30.4 36 9.58 -6.4 36.918 9.58 -6.217 37.697 9.58 -5.697 38.217 9.58 -4.918 38.4 9.58 -4 38.217 9.58 -3.082 37.697 9.58 -2.303 36.918 9.58 -1.783 36 9.58 -1.6 35.082 9.58 -1.783 34.303 9.58 -2.303 33.783 9.58 -3.082 33.6 9.58 -4 33.783 9.58 -4.918 34.303 9.58 -5.697 35.082 9.58 -6.217 35.082 11.4 -6.217 34.303 11.4 -5.697 33.783 11.4 -4.918 33.6 11.4 -4 33.783 11.4 -3.082 34.303 11.4 -2.303 35.082 11.4 -1.783 36 11.4 -1.6 36.918 11.4 -1.783 37.697 11.4 -2.303 38.217 11.4 -3.082 38.4 11.4 -4 38.217 11.4 -4.918 37.697 11.4 -5.697 36.918 11.4 -6.217 36 11.4 -6.4 36 11.4 -4 36 11.4 4 36 11.4 1.6 36.918 11.4 1.783 37.697 11.4 2.303 38.217 11.4 3.082 38.4 11.4 4 38.217 11.4 4.918 37.697 11.4 5.697 36.918 11.4 6.217 36 11.4 6.4 35.082 11.4 6.217 34.303 11.4 5.697 33.783 11.4 4.918 33.6 11.4 4 33.783 11.4 3.082 34.303 11.4 2.303 35.082 11.4 1.783 35.082 9.58 1.783 34.303 9.58 2.303 33.783 9.58 3.082 33.6 9.58 4 33.783 9.58 4.918 34.303 9.58 5.697 35.082 9.58 6.217 36 9.58 6.4 36.918 9.58 6.217 37.697 9.58 5.697 38.217 9.58 4.918 38.4 9.58 4 38.217 9.58 3.082 37.697 9.58 2.303 36.918 9.58 1.783 36 9.58 1.6 -36 9.58 1.6 -35.082 9.58 1.783 -34.303 9.58 2.303 -33.783 9.58 3.082 -33.6 9.58 4 -33.783 9.58 4.918 -34.303 9.58 5.697 -35.082 9.58 6.217 -36 9.58 6.4 -36.918 9.58 6.217 -37.697 9.58 5.697 -38.217 9.58 4.918 -38.4 9.58 4 -38.217 9.58 3.082 -37.697 9.58 2.303 -36.918 9.58 1.783 -36.918 11.4 1.783 -37.697 11.4 2.303 -38.217 11.4 3.082 -38.4 11.4 4 -38.217 11.4 4.918 -37.697 11.4 5.697 -36.918 11.4 6.217 -36 11.4 6.4 -35.082 11.4 6.217 -34.303 11.4 5.697 -33.783 11.4 4.918 -33.6 11.4 4 -33.783 11.4 3.082 -34.303 11.4 2.303 -35.082 11.4 1.783 -36 11.4 1.6 -36 11.4 4 -36 11.4 -4 -36 11.4 -6.4 -35.082 11.4 -6.217 -34.303 11.4 -5.697 -33.783 11.4 -4.918 -33.6 11.4 -4 -33.783 11.4 -3.082 -34.303 11.4 -2.303 -35.082 11.4 -1.783 -36 11.4 -1.6 -36.918 11.4 -1.783 -37.697 11.4 -2.303 -38.217 11.4 -3.082 -38.4 11.4 -4 -38.217 11.4 -4.918 -37.697 11.4 -5.697 -36.918 11.4 -6.217 -36.918 9.58 -6.217 -37.697 9.58 -5.697 -38.217 9.58 -4.918 -38.4 9.58 -4 -38.217 9.58 -3.082 -37.697 9.58 -2.303 -36.918 9.58 -1.783 -36 9.58 -1.6 -35.082 9.58 -1.783 -34.303 9.58 -2.303 -33.783 9.58 -3.082 -33.6 9.58 -4 -33.783 9.58 -4.918 -34.303 9.58 -5.697 -35.082 9.58 -6.217 -36 9.58 -6.4 32 0.02 -2.4 32.918 0.02 -2.217 33.697 0.02 -1.697 34.217 0.02 -0.918 34.4 0.02 0 34.217 0.02 0.918 33.697 0.02 1.697 32.918 0.02 2.217 32 0.02 2.4 31.082 0.02 2.217 30.303 0.02 1.697 29.783 0.02 0.918 29.6 0.02 0 29.783 0.02 -0.918 30.303 0.02 -1.697 31.082 0.02 -2.217 31.082 8.6 -2.217 30.303 8.6 -1.697 29.783 8.6 -0.918 29.6 8.6 0 29.783 8.6 0.918 30.303 8.6 1.697 31.082 8.6 2.217 32 8.6 2.4 32.918 8.6 2.217 33.697 8.6 1.697 34.217 8.6 0.918 34.4 8.6 0 34.217 8.6 -0.918 33.697 8.6 -1.697 32.918 8.6 -2.217 32 8.6 -2.4 30.757 0.02 -3.002 29.702 0.02 -2.298 28.998 0.02 -1.243 28.751 0.02 0 28.998 0.02 1.243 29.702 0.02 2.298 30.757 0.02 3.002 32 0.02 3.249 33.243 0.02 3.002 34.298 0.02 2.298 35.002 0.02 1.243 35.249 0.02 0 35.002 0.02 -1.243 34.298 0.02 -2.298 33.243 0.02 -3.002 32 0.02 -3.249 32 8.6 -3.249 33.243 8.6 -3.002 34.298 8.6 -2.298 35.002 8.6 -1.243 35.249 8.6 0 35.002 8.6 1.243 34.298 8.6 2.298 33.243 8.6 3.002 32 8.6 3.249 30.757 8.6 3.002 29.702 8.6 2.298 28.998 8.6 1.243 28.751 8.6 0 28.998 8.6 -1.243 29.702 8.6 -2.298 30.757 8.6 -3.002 -33.243 8.6 -3.002 -34.298 8.6 -2.298 -35.002 8.6 -1.243 -35.249 8.6 0 -35.002 8.6 1.243 -34.298 8.6 2.298 -33.243 8.6 3.002 -32 8.6 3.249 -30.757 8.6 3.002 -29.702 8.6 2.298 -28.998 8.6 1.243 -28.751 8.6 0 -28.998 8.6 -1.243 -29.702 8.6 -2.298 -30.757 8.6 -3.002 -32 8.6 -3.249 -32 0.02 -3.249 -30.757 0.02 -3.002 -29.702 0.02 -2.298 -28.998 0.02 -1.243 -28.751 0.02 0 -28.998 0.02 1.243 -29.702 0.02 2.298 -30.757 0.02 3.002 -32 0.02 3.249 -33.243 0.02 3.002 -34.298 0.02 2.298 -35.002 0.02 1.243 -35.249 0.02 0 -35.002 0.02 -1.243 -34.298 0.02 -2.298 -33.243 0.02 -3.002 -32 8.6 -2.4 -31.082 8.6 -2.217 -30.303 8.6 -1.697 -29.783 8.6 -0.918 -29.6 8.6 0 -29.783 8.6 0.918 -30.303 8.6 1.697 -31.082 8.6 2.217 -32 8.6 2.4 -32.918 8.6 2.217 -33.697 8.6 1.697 -34.217 8.6 0.918 -34.4 8.6 0 -34.217 8.6 -0.918 -33.697 8.6 -1.697 -32.918 8.6 -2.217 -32.918 0.02 -2.217 -33.697 0.02 -1.697 -34.217 0.02 -0.918 -34.4 0.02 0 -34.217 0.02 0.918 -33.697 0.02 1.697 -32.918 0.02 2.217 -32 0.02 2.4 -31.082 0.02 2.217 -30.303 0.02 1.697 -29.783 0.02 0.918 -29.6 0.02 0 -29.783 0.02 -0.918 -30.303 0.02 -1.697 -31.082 0.02 -2.217 -32 0.02 -2.4 -24 0.02 -10.4 -8 0.02 -10.4 8 0.02 -10.4 24 0.02 -10.4 -23.082 0.02 -10.217 -7.082 0.02 -10.217 8.918 0.02 -10.217 24.918 0.02 -10.217 -22.303 0.02 -9.697 -6.303 0.02 -9.697 9.697 0.02 -9.697 25.697 0.02 -9.697 -21.783 0.02 -8.918 -5.783 0.02 -8.918 10.217 0.02 -8.918 26.217 0.02 -8.918 -21.6 0.02 -8 -5.6 0.02 -8 10.4 0.02 -8 26.4 0.02 -8 -21.783 0.02 -7.082 -5.783 0.02 -7.082 10.217 0.02 -7.082 26.217 0.02 -7.082 -22.303 0.02 -6.303 -6.303 0.02 -6.303 9.697 0.02 -6.303 25.697 0.02 -6.303 -23.082 0.02 -5.783 -7.082 0.02 -5.783 8.918 0.02 -5.783 24.918 0.02 -5.783 -24 0.02 -5.6 -8 0.02 -5.6 8 0.02 -5.6 24 0.02 -5.6 -24.918 0.02 -5.783 -8.918 0.02 -5.783 7.082 0.02 -5.783 23.082 0.02 -5.783 -25.697 0.02 -6.303 -9.697 0.02 -6.303 6.303 0.02 -6.303 22.303 0.02 -6.303 -26.217 0.02 -7.082 -10.217 0.02 -7.082 5.783 0.02 -7.082 21.783 0.02 -7.082 -26.4 0.02 -8 -10.4 0.02 -8 5.6 0.02 -8 21.6 0.02 -8 -26.217 0.02 -8.918 -10.217 0.02 -8.918 5.783 0.02 -8.918 21.783 0.02 -8.918 -25.697 0.02 -9.697 -9.697 0.02 -9.697 6.303 0.02 -9.697 22.303 0.02 -9.697 -24.918 0.02 -10.217 -8.918 0.02 -10.217 7.082 0.02 -10.217 23.082 0.02 -10.217 -24.918 8.6 -10.217 -8.918 8.6 -10.217 7.082 8.6 -10.217 23.082 8.6 -10.217 -25.697 8.6 -9.697 -9.697 8.6 -9.697 6.303 8.6 -9.697 22.303 8.6 -9.697 -26.217 8.6 -8.918 -10.217 8.6 -8.918 5.783 8.6 -8.918 21.783 8.6 -8.918 -26.4 8.6 -8 -10.4 8.6 -8 5.6 8.6 -8 21.6 8.6 -8 -26.217 8.6 -7.082 -10.217 8.6 -7.082 5.783 8.6 -7.082 21.783 8.6 -7.082 -25.697 8.6 -6.303 -9.697 8.6 -6.303 6.303 8.6 -6.303 22.303 8.6 -6.303 -24.918 8.6 -5.783 -8.918 8.6 -5.783 7.082 8.6 -5.783 23.082 8.6 -5.783 -24 8.6 -5.6 -8 8.6 -5.6 8 8.6 -5.6 24 8.6 -5.6 -23.082 8.6 -5.783 -7.082 8.6 -5.783 8.918 8.6 -5.783 24.918 8.6 -5.783 -22.303 8.6 -6.303 -6.303 8.6 -6.303 9.697 8.6 -6.303 25.697 8.6 -6.303 -21.783 8.6 -7.082 -5.783 8.6 -7.082 10.217 8.6 -7.082 26.217 8.6 -7.082 -21.6 8.6 -8 -5.6 8.6 -8 10.4 8.6 -8 26.4 8.6 -8 -21.783 8.6 -8.918 -5.783 8.6 -8.918 10.217 8.6 -8.918 26.217 8.6 -8.918 -22.303 8.6 -9.697 -6.303 8.6 -9.697 9.697 8.6 -9.697 25.697 8.6 -9.697 -23.082 8.6 -10.217 -7.082 8.6 -10.217 8.918 8.6 -10.217 24.918 8.6 -10.217 -24 8.6 -10.4 -8 8.6 -10.4 8 8.6 -10.4 24 8.6 -10.4 -25.243 0.02 -11.002 -9.243 0.02 -11.002 6.757 0.02 -11.002 22.757 0.02 -11.002 -26.298 0.02 -10.298 -10.298 0.02 -10.298 5.702 0.02 -10.298 21.702 0.02 -10.298 -27.002 0.02 -9.243 -11.002 0.02 -9.243 4.998 0.02 -9.243 20.998 0.02 -9.243 -27.249 0.02 -8 -11.249 0.02 -8 4.751 0.02 -8 20.751 0.02 -8 -27.002 0.02 -6.757 -11.002 0.02 -6.757 4.998 0.02 -6.757 20.998 0.02 -6.757 -26.298 0.02 -5.702 -10.298 0.02 -5.702 5.702 0.02 -5.702 21.702 0.02 -5.702 -25.243 0.02 -4.998 -9.243 0.02 -4.998 6.757 0.02 -4.998 22.757 0.02 -4.998 -24 0.02 -4.751 -8 0.02 -4.751 8 0.02 -4.751 24 0.02 -4.751 -22.757 0.02 -4.998 -6.757 0.02 -4.998 9.243 0.02 -4.998 25.243 0.02 -4.998 -21.702 0.02 -5.702 -5.702 0.02 -5.702 10.298 0.02 -5.702 26.298 0.02 -5.702 -20.998 0.02 -6.757 -4.998 0.02 -6.757 11.002 0.02 -6.757 27.002 0.02 -6.757 -20.751 0.02 -8 -4.751 0.02 -8 11.249 0.02 -8 27.249 0.02 -8 -20.998 0.02 -9.243 -4.998 0.02 -9.243 11.002 0.02 -9.243 27.002 0.02 -9.243 -21.702 0.02 -10.298 -5.702 0.02 -10.298 10.298 0.02 -10.298 26.298 0.02 -10.298 -22.757 0.02 -11.002 -6.757 0.02 -11.002 9.243 0.02 -11.002 25.243 0.02 -11.002 -24 0.02 -11.249 -8 0.02 -11.249 8 0.02 -11.249 24 0.02 -11.249 -24 8.6 -11.249 -8 8.6 -11.249 8 8.6 -11.249 24 8.6 -11.249 -22.757 8.6 -11.002 -6.757 8.6 -11.002 9.243 8.6 -11.002 25.243 8.6 -11.002 -21.702 8.6 -10.298 -5.702 8.6 -10.298 10.298 8.6 -10.298 26.298 8.6 -10.298 -20.998 8.6 -9.243 -4.998 8.6 -9.243 11.002 8.6 -9.243 27.002 8.6 -9.243 -20.751 8.6 -8 -4.751 8.6 -8 11.249 8.6 -8 27.249 8.6 -8 -20.998 8.6 -6.757 -4.998 8.6 -6.757 11.002 8.6 -6.757 27.002 8.6 -6.757 -21.702 8.6 -5.702 -5.702 8.6 -5.702 10.298 8.6 -5.702 26.298 8.6 -5.702 -22.757 8.6 -4.998 -6.757 8.6 -4.998 9.243 8.6 -4.998 25.243 8.6 -4.998 -24 8.6 -4.751 -8 8.6 -4.751 8 8.6 -4.751 24 8.6 -4.751 -25.243 8.6 -4.998 -9.243 8.6 -4.998 6.757 8.6 -4.998 22.757 8.6 -4.998 -26.298 8.6 -5.702 -10.298 8.6 -5.702 5.702 8.6 -5.702 21.702 8.6 -5.702 -27.002 8.6 -6.757 -11.002 8.6 -6.757 4.998 8.6 -6.757 20.998 8.6 -6.757 -27.249 8.6 -8 -11.249 8.6 -8 4.751 8.6 -8 20.751 8.6 -8 -27.002 8.6 -9.243 -11.002 8.6 -9.243 4.998 8.6 -9.243 20.998 8.6 -9.243 -26.298 8.6 -10.298 -10.298 8.6 -10.298 5.702 8.6 -10.298 21.702 8.6 -10.298 -25.243 8.6 -11.002 -9.243 8.6 -11.002 6.757 8.6 -11.002 22.757 8.6 -11.002 22.757 8.6 4.998 6.757 8.6 4.998 -9.243 8.6 4.998 -25.243 8.6 4.998 21.702 8.6 5.702 5.702 8.6 5.702 -10.298 8.6 5.702 -26.298 8.6 5.702 20.998 8.6 6.757 4.998 8.6 6.757 -11.002 8.6 6.757 -27.002 8.6 6.757 20.751 8.6 8 4.751 8.6 8 -11.249 8.6 8 -27.249 8.6 8 20.998 8.6 9.243 4.998 8.6 9.243 -11.002 8.6 9.243 -27.002 8.6 9.243 21.702 8.6 10.298 5.702 8.6 10.298 -10.298 8.6 10.298 -26.298 8.6 10.298 22.757 8.6 11.002 6.757 8.6 11.002 -9.243 8.6 11.002 -25.243 8.6 11.002 24 8.6 11.249 8 8.6 11.249 -8 8.6 11.249 -24 8.6 11.249 25.243 8.6 11.002 9.243 8.6 11.002 -6.757 8.6 11.002 -22.757 8.6 11.002 26.298 8.6 10.298 10.298 8.6 10.298 -5.702 8.6 10.298 -21.702 8.6 10.298 27.002 8.6 9.243 11.002 8.6 9.243 -4.998 8.6 9.243 -20.998 8.6 9.243 27.249 8.6 8 11.249 8.6 8 -4.751 8.6 8 -20.751 8.6 8 27.002 8.6 6.757 11.002 8.6 6.757 -4.998 8.6 6.757 -20.998 8.6 6.757 26.298 8.6 5.702 10.298 8.6 5.702 -5.702 8.6 5.702 -21.702 8.6 5.702 25.243 8.6 4.998 9.243 8.6 4.998 -6.757 8.6 4.998 -22.757 8.6 4.998 24 8.6 4.751 8 8.6 4.751 -8 8.6 4.751 -24 8.6 4.751 24 0.02 4.751 8 0.02 4.751 -8 0.02 4.751 -24 0.02 4.751 25.243 0.02 4.998 9.243 0.02 4.998 -6.757 0.02 4.998 -22.757 0.02 4.998 26.298 0.02 5.702 10.298 0.02 5.702 -5.702 0.02 5.702 -21.702 0.02 5.702 27.002 0.02 6.757 11.002 0.02 6.757 -4.998 0.02 6.757 -20.998 0.02 6.757 27.249 0.02 8 11.249 0.02 8 -4.751 0.02 8 -20.751 0.02 8 27.002 0.02 9.243 11.002 0.02 9.243 -4.998 0.02 9.243 -20.998 0.02 9.243 26.298 0.02 10.298 10.298 0.02 10.298 -5.702 0.02 10.298 -21.702 0.02 10.298 25.243 0.02 11.002 9.243 0.02 11.002 -6.757 0.02 11.002 -22.757 0.02 11.002 24 0.02 11.249 8 0.02 11.249 -8 0.02 11.249 -24 0.02 11.249 22.757 0.02 11.002 6.757 0.02 11.002 -9.243 0.02 11.002 -25.243 0.02 11.002 21.702 0.02 10.298 5.702 0.02 10.298 -10.298 0.02 10.298 -26.298 0.02 10.298 20.998 0.02 9.243 4.998 0.02 9.243 -11.002 0.02 9.243 -27.002 0.02 9.243 20.751 0.02 8 4.751 0.02 8 -11.249 0.02 8 -27.249 0.02 8 20.998 0.02 6.757 4.998 0.02 6.757 -11.002 0.02 6.757 -27.002 0.02 6.757 21.702 0.02 5.702 5.702 0.02 5.702 -10.298 0.02 5.702 -26.298 0.02 5.702 22.757 0.02 4.998 6.757 0.02 4.998 -9.243 0.02 4.998 -25.243 0.02 4.998 24 8.6 5.6 8 8.6 5.6 -8 8.6 5.6 -24 8.6 5.6 24.918 8.6 5.783 8.918 8.6 5.783 -7.082 8.6 5.783 -23.082 8.6 5.783 25.697 8.6 6.303 9.697 8.6 6.303 -6.303 8.6 6.303 -22.303 8.6 6.303 26.217 8.6 7.082 10.217 8.6 7.082 -5.783 8.6 7.082 -21.783 8.6 7.082 26.4 8.6 8 10.4 8.6 8 -5.6 8.6 8 -21.6 8.6 8 26.217 8.6 8.918 10.217 8.6 8.918 -5.783 8.6 8.918 -21.783 8.6 8.918 25.697 8.6 9.697 9.697 8.6 9.697 -6.303 8.6 9.697 -22.303 8.6 9.697 24.918 8.6 10.217 8.918 8.6 10.217 -7.082 8.6 10.217 -23.082 8.6 10.217 24 8.6 10.4 8 8.6 10.4 -8 8.6 10.4 -24 8.6 10.4 23.082 8.6 10.217 7.082 8.6 10.217 -8.918 8.6 10.217 -24.918 8.6 10.217 22.303 8.6 9.697 6.303 8.6 9.697 -9.697 8.6 9.697 -25.697 8.6 9.697 21.783 8.6 8.918 5.783 8.6 8.918 -10.217 8.6 8.918 -26.217 8.6 8.918 21.6 8.6 8 5.6 8.6 8 -10.4 8.6 8 -26.4 8.6 8 21.783 8.6 7.082 5.783 8.6 7.082 -10.217 8.6 7.082 -26.217 8.6 7.082 22.303 8.6 6.303 6.303 8.6 6.303 -9.697 8.6 6.303 -25.697 8.6 6.303 23.082 8.6 5.783 7.082 8.6 5.783 -8.918 8.6 5.783 -24.918 8.6 5.783 23.082 0.02 5.783 7.082 0.02 5.783 -8.918 0.02 5.783 -24.918 0.02 5.783 22.303 0.02 6.303 6.303 0.02 6.303 -9.697 0.02 6.303 -25.697 0.02 6.303 21.783 0.02 7.082 5.783 0.02 7.082 -10.217 0.02 7.082 -26.217 0.02 7.082 21.6 0.02 8 5.6 0.02 8 -10.4 0.02 8 -26.4 0.02 8 21.783 0.02 8.918 5.783 0.02 8.918 -10.217 0.02 8.918 -26.217 0.02 8.918 22.303 0.02 9.697 6.303 0.02 9.697 -9.697 0.02 9.697 -25.697 0.02 9.697 23.082 0.02 10.217 7.082 0.02 10.217 -8.918 0.02 10.217 -24.918 0.02 10.217 24 0.02 10.4 8 0.02 10.4 -8 0.02 10.4 -24 0.02 10.4 24.918 0.02 10.217 8.918 0.02 10.217 -7.082 0.02 10.217 -23.082 0.02 10.217 25.697 0.02 9.697 9.697 0.02 9.697 -6.303 0.02 9.697 -22.303 0.02 9.697 26.217 0.02 8.918 10.217 0.02 8.918 -5.783 0.02 8.918 -21.783 0.02 8.918 26.4 0.02 8 10.4 0.02 8 -5.6 0.02 8 -21.6 0.02 8 26.217 0.02 7.082 10.217 0.02 7.082 -5.783 0.02 7.082 -21.783 0.02 7.082 25.697 0.02 6.303 9.697 0.02 6.303 -6.303 0.02 6.303 -22.303 0.02 6.303 24.918 0.02 5.783 8.918 0.02 5.783 -7.082 0.02 5.783 -23.082 0.02 5.783 24 0.02 5.6 8 0.02 5.6 -8 0.02 5.6 -24 0.02 5.6 -40 0.02 5.6 -39.082 0.02 5.783 -38.303 0.02 6.303 -37.783 0.02 7.082 -37.6 0.02 8 -37.783 0.02 8.918 -38.303 0.02 9.697 -39.082 0.02 10.217 -40 0.02 10.4 -40.918 0.02 10.217 -41.697 0.02 9.697 -42.217 0.02 8.918 -42.4 0.02 8 -42.217 0.02 7.082 -41.697 0.02 6.303 -40.918 0.02 5.783 -40.918 8.6 5.783 -41.697 8.6 6.303 -42.217 8.6 7.082 -42.4 8.6 8 -42.217 8.6 8.918 -41.697 8.6 9.697 -40.918 8.6 10.217 -40 8.6 10.4 -39.082 8.6 10.217 -38.303 8.6 9.697 -37.783 8.6 8.918 -37.6 8.6 8 -37.783 8.6 7.082 -38.303 8.6 6.303 -39.082 8.6 5.783 -40 8.6 5.6 -41.243 0.02 4.998 -42.298 0.02 5.702 -43.002 0.02 6.757 -43.249 0.02 8 -43.002 0.02 9.243 -42.298 0.02 10.298 -41.243 0.02 11.002 -40 0.02 11.249 -38.757 0.02 11.002 -37.702 0.02 10.298 -36.998 0.02 9.243 -36.751 0.02 8 -36.998 0.02 6.757 -37.702 0.02 5.702 -38.757 0.02 4.998 -40 0.02 4.751 -40 8.6 4.751 -38.757 8.6 4.998 -37.702 8.6 5.702 -36.998 8.6 6.757 -36.751 8.6 8 -36.998 8.6 9.243 -37.702 8.6 10.298 -38.757 8.6 11.002 -40 8.6 11.249 -41.243 8.6 11.002 -42.298 8.6 10.298 -43.002 8.6 9.243 -43.249 8.6 8 -43.002 8.6 6.757 -42.298 8.6 5.702 -41.243 8.6 4.998 -41.243 8.6 -11.002 -42.298 8.6 -10.298 -43.002 8.6 -9.243 -43.249 8.6 -8 -43.002 8.6 -6.757 -42.298 8.6 -5.702 -41.243 8.6 -4.998 -40 8.6 -4.751 -38.757 8.6 -4.998 -37.702 8.6 -5.702 -36.998 8.6 -6.757 -36.751 8.6 -8 -36.998 8.6 -9.243 -37.702 8.6 -10.298 -38.757 8.6 -11.002 -40 8.6 -11.249 -40 0.02 -11.249 -38.757 0.02 -11.002 -37.702 0.02 -10.298 -36.998 0.02 -9.243 -36.751 0.02 -8 -36.998 0.02 -6.757 -37.702 0.02 -5.702 -38.757 0.02 -4.998 -40 0.02 -4.751 -41.243 0.02 -4.998 -42.298 0.02 -5.702 -43.002 0.02 -6.757 -43.249 0.02 -8 -43.002 0.02 -9.243 -42.298 0.02 -10.298 -41.243 0.02 -11.002 -40 8.6 -10.4 -39.082 8.6 -10.217 -38.303 8.6 -9.697 -37.783 8.6 -8.918 -37.6 8.6 -8 -37.783 8.6 -7.082 -38.303 8.6 -6.303 -39.082 8.6 -5.783 -40 8.6 -5.6 -40.918 8.6 -5.783 -41.697 8.6 -6.303 -42.217 8.6 -7.082 -42.4 8.6 -8 -42.217 8.6 -8.918 -41.697 8.6 -9.697 -40.918 8.6 -10.217 -40.918 0.02 -10.217 -41.697 0.02 -9.697 -42.217 0.02 -8.918 -42.4 0.02 -8 -42.217 0.02 -7.082 -41.697 0.02 -6.303 -40.918 0.02 -5.783 -40 0.02 -5.6 -39.082 0.02 -5.783 -38.303 0.02 -6.303 -37.783 0.02 -7.082 -37.6 0.02 -8 -37.783 0.02 -8.918 -38.303 0.02 -9.697 -39.082 0.02 -10.217 -40 0.02 -10.4 40 0.02 -10.4 40.918 0.02 -10.217 41.697 0.02 -9.697 42.217 0.02 -8.918 42.4 0.02 -8 42.217 0.02 -7.082 41.697 0.02 -6.303 40.918 0.02 -5.783 40 0.02 -5.6 39.082 0.02 -5.783 38.303 0.02 -6.303 37.783 0.02 -7.082 37.6 0.02 -8 37.783 0.02 -8.918 38.303 0.02 -9.697 39.082 0.02 -10.217 39.082 8.6 -10.217 38.303 8.6 -9.697 37.783 8.6 -8.918 37.6 8.6 -8 37.783 8.6 -7.082 38.303 8.6 -6.303 39.082 8.6 -5.783 40 8.6 -5.6 40.918 8.6 -5.783 41.697 8.6 -6.303 42.217 8.6 -7.082 42.4 8.6 -8 42.217 8.6 -8.918 41.697 8.6 -9.697 40.918 8.6 -10.217 40 8.6 -10.4 38.757 0.02 -11.002 37.702 0.02 -10.298 36.998 0.02 -9.243 36.751 0.02 -8 36.998 0.02 -6.757 37.702 0.02 -5.702 38.757 0.02 -4.998 40 0.02 -4.751 41.243 0.02 -4.998 42.298 0.02 -5.702 43.002 0.02 -6.757 43.249 0.02 -8 43.002 0.02 -9.243 42.298 0.02 -10.298 41.243 0.02 -11.002 40 0.02 -11.249 40 8.6 -11.249 41.243 8.6 -11.002 42.298 8.6 -10.298 43.002 8.6 -9.243 43.249 8.6 -8 43.002 8.6 -6.757 42.298 8.6 -5.702 41.243 8.6 -4.998 40 8.6 -4.751 38.757 8.6 -4.998 37.702 8.6 -5.702 36.998 8.6 -6.757 36.751 8.6 -8 36.998 8.6 -9.243 37.702 8.6 -10.298 38.757 8.6 -11.002 38.757 8.6 4.998 37.702 8.6 5.702 36.998 8.6 6.757 36.751 8.6 8 36.998 8.6 9.243 37.702 8.6 10.298 38.757 8.6 11.002 40 8.6 11.249 41.243 8.6 11.002 42.298 8.6 10.298 43.002 8.6 9.243 43.249 8.6 8 43.002 8.6 6.757 42.298 8.6 5.702 41.243 8.6 4.998 40 8.6 4.751 40 0.02 4.751 41.243 0.02 4.998 42.298 0.02 5.702 43.002 0.02 6.757 43.249 0.02 8 43.002 0.02 9.243 42.298 0.02 10.298 41.243 0.02 11.002 40 0.02 11.249 38.757 0.02 11.002 37.702 0.02 10.298 36.998 0.02 9.243 36.751 0.02 8 36.998 0.02 6.757 37.702 0.02 5.702 38.757 0.02 4.998 40 8.6 5.6 40.918 8.6 5.783 41.697 8.6 6.303 42.217 8.6 7.082 42.4 8.6 8 42.217 8.6 8.918 41.697 8.6 9.697 40.918 8.6 10.217 40 8.6 10.4 39.082 8.6 10.217 38.303 8.6 9.697 37.783 8.6 8.918 37.6 8.6 8 37.783 8.6 7.082 38.303 8.6 6.303 39.082 8.6 5.783 39.082 0.02 5.783 38.303 0.02 6.303 37.783 0.02 7.082 37.6 0.02 8 37.783 0.02 8.918 38.303 0.02 9.697 39.082 0.02 10.217 40 0.02 10.4 40.918 0.02 10.217 41.697 0.02 9.697 42.217 0.02 8.918 42.4 0.02 8 42.217 0.02 7.082 41.697 0.02 6.303 40.918 0.02 5.783 40 0.02 5.6 -44 9.58 -6.4 -43.082 9.58 -6.217 -42.303 9.58 -5.697 -41.783 9.58 -4.918 -41.6 9.58 -4 -41.783 9.58 -3.082 -42.303 9.58 -2.303 -43.082 9.58 -1.783 -44 9.58 -1.6 -44.918 9.58 -1.783 -45.697 9.58 -2.303 -46.217 9.58 -3.082 -46.4 9.58 -4 -46.217 9.58 -4.918 -45.697 9.58 -5.697 -44.918 9.58 -6.217 -44.918 11.4 -6.217 -45.697 11.4 -5.697 -46.217 11.4 -4.918 -46.4 11.4 -4 -46.217 11.4 -3.082 -45.697 11.4 -2.303 -44.918 11.4 -1.783 -44 11.4 -1.6 -43.082 11.4 -1.783 -42.303 11.4 -2.303 -41.783 11.4 -3.082 -41.6 11.4 -4 -41.783 11.4 -4.918 -42.303 11.4 -5.697 -43.082 11.4 -6.217 -44 11.4 -6.4 -44 11.4 -4 -44 11.4 4 -44 11.4 1.6 -43.082 11.4 1.783 -42.303 11.4 2.303 -41.783 11.4 3.082 -41.6 11.4 4 -41.783 11.4 4.918 -42.303 11.4 5.697 -43.082 11.4 6.217 -44 11.4 6.4 -44.918 11.4 6.217 -45.697 11.4 5.697 -46.217 11.4 4.918 -46.4 11.4 4 -46.217 11.4 3.082 -45.697 11.4 2.303 -44.918 11.4 1.783 -44.918 9.58 1.783 -45.697 9.58 2.303 -46.217 9.58 3.082 -46.4 9.58 4 -46.217 9.58 4.918 -45.697 9.58 5.697 -44.918 9.58 6.217 -44 9.58 6.4 -43.082 9.58 6.217 -42.303 9.58 5.697 -41.783 9.58 4.918 -41.6 9.58 4 -41.783 9.58 3.082 -42.303 9.58 2.303 -43.082 9.58 1.783 -44 9.58 1.6 44 9.58 1.6 44.918 9.58 1.783 45.697 9.58 2.303 46.217 9.58 3.082 46.4 9.58 4 46.217 9.58 4.918 45.697 9.58 5.697 44.918 9.58 6.217 44 9.58 6.4 43.082 9.58 6.217 42.303 9.58 5.697 41.783 9.58 4.918 41.6 9.58 4 41.783 9.58 3.082 42.303 9.58 2.303 43.082 9.58 1.783 43.082 11.4 1.783 42.303 11.4 2.303 41.783 11.4 3.082 41.6 11.4 4 41.783 11.4 4.918 42.303 11.4 5.697 43.082 11.4 6.217 44 11.4 6.4 44.918 11.4 6.217 45.697 11.4 5.697 46.217 11.4 4.918 46.4 11.4 4 46.217 11.4 3.082 45.697 11.4 2.303 44.918 11.4 1.783 44 11.4 1.6 44 11.4 4 44 11.4 -4 44 11.4 -6.4 44.918 11.4 -6.217 45.697 11.4 -5.697 46.217 11.4 -4.918 46.4 11.4 -4 46.217 11.4 -3.082 45.697 11.4 -2.303 44.918 11.4 -1.783 44 11.4 -1.6 43.082 11.4 -1.783 42.303 11.4 -2.303 41.783 11.4 -3.082 41.6 11.4 -4 41.783 11.4 -4.918 42.303 11.4 -5.697 43.082 11.4 -6.217 43.082 9.58 -6.217 42.303 9.58 -5.697 41.783 9.58 -4.918 41.6 9.58 -4 41.783 9.58 -3.082 42.303 9.58 -2.303 43.082 9.58 -1.783 44 9.58 -1.6 44.918 9.58 -1.783 45.697 9.58 -2.303 46.217 9.58 -3.082 46.4 9.58 -4 46.217 9.58 -4.918 45.697 9.58 -5.697 44.918 9.58 -6.217 44 9.58 -6.4 44 11.4 12 44 11.4 9.6 44.918 11.4 9.783 46.217 11.4 11.082 46.4 11.4 12 46.217 11.4 12.918 44.918 11.4 14.217 43.082 11.4 14.217 41.6 11.4 12 43.082 9.58 9.783 42.303 9.58 13.697 45.697 9.58 13.697 46.217 9.58 12.918 46.4 9.58 12 46.217 9.58 11.082 44.918 9.58 9.783 44 9.58 9.6 -43.082 9.58 9.783 -41.783 9.58 11.082 -44 9.58 14.4 -44.918 9.58 14.217 -45.697 9.58 13.697 -46.217 9.58 11.082 -45.697 11.4 10.303 -46.217 11.4 11.082 -45.697 11.4 13.697 -41.6 11.4 12 -43.082 11.4 9.783 -36 11.4 12 -36 11.4 9.6 -35.082 11.4 9.783 -34.303 11.4 10.303 -33.783 11.4 12.918 -34.303 11.4 13.697 -36.918 11.4 14.217 -38.217 11.4 12.918 -38.4 11.4 12 -36.918 9.58 9.783 -37.697 9.58 10.303 -38.217 9.58 11.082 -38.4 9.58 12 -38.217 9.58 12.918 -37.697 9.58 13.697 -35.082 9.58 14.217 -33.783 9.58 11.082 -35.082 9.58 9.783 36.918 9.58 9.783 37.697 9.58 10.303 38.217 9.58 11.082 38.217 9.58 12.918 36.918 9.58 14.217 34.303 9.58 13.697 33.783 9.58 12.918 34.303 9.58 10.303 35.082 9.58 9.783 35.082 11.4 9.783 35.082 11.4 14.217 36.918 11.4 14.217 37.697 11.4 13.697 38.4 11.4 12 37.697 11.4 10.303 36 11.4 9.6 36 11.4 12 -12 11.4 12 12 11.4 12 20 11.4 12 -28 11.4 9.6 -20 11.4 9.6 -4 11.4 9.6 4 11.4 9.6 -19.082 11.4 9.783 -11.082 11.4 9.783 -3.082 11.4 9.783 -18.303 11.4 10.303 -2.303 11.4 10.303 13.697 11.4 10.303 29.697 11.4 10.303 -25.783 11.4 11.082 -9.783 11.4 11.082 -1.783 11.4 11.082 14.217 11.4 11.082 22.217 11.4 11.082 -9.6 11.4 12 30.4 11.4 12 -17.783 11.4 12.918 -9.783 11.4 12.918 -1.783 11.4 12.918 14.217 11.4 12.918 22.217 11.4 12.918 -18.303 11.4 13.697 -10.303 11.4 13.697 -2.303 11.4 13.697 21.697 11.4 13.697 29.697 11.4 13.697 -27.082 11.4 14.217 -19.082 11.4 14.217 -11.082 11.4 14.217 -20 11.4 14.4 -4 11.4 14.4 4 11.4 14.4 12 11.4 14.4 20 11.4 14.4 -20.918 11.4 14.217 19.082 11.4 14.217 -21.697 11.4 13.697 -13.697 11.4 13.697 2.303 11.4 13.697 10.303 11.4 13.697 18.303 11.4 13.697 26.303 11.4 13.697 -30.217 11.4 12.918 -22.217 11.4 12.918 -14.217 11.4 12.918 1.783 11.4 12.918 9.783 11.4 12.918 25.783 11.4 12.918 -14.4 11.4 12 1.6 11.4 12 9.6 11.4 12 25.6 11.4 12 -22.217 11.4 11.082 -14.217 11.4 11.082 1.783 11.4 11.082 25.783 11.4 11.082 -29.697 11.4 10.303 -5.697 11.4 10.303 10.303 11.4 10.303 -28.918 11.4 9.783 -20.918 11.4 9.783 -12.918 11.4 9.783 3.082 11.4 9.783 11.082 11.4 9.783 -4.918 9.58 9.783 3.082 9.58 9.783 27.082 9.58 9.783 -21.697 9.58 10.303 -13.697 9.58 10.303 -5.697 9.58 10.303 2.303 9.58 10.303 18.303 9.58 10.303 26.303 9.58 10.303 -22.217 9.58 11.082 -14.217 9.58 11.082 -30.4 9.58 12 -22.4 9.58 12 -14.4 9.58 12 -14.217 9.58 12.918 -6.217 9.58 12.918 1.783 9.58 12.918 17.783 9.58 12.918 25.783 9.58 12.918 -29.697 9.58 13.697 -21.697 9.58 13.697 -13.697 9.58 13.697 18.303 9.58 13.697 -28.918 9.58 14.217 -12.918 9.58 14.217 -4.918 9.58 14.217 11.082 9.58 14.217 -28 9.58 14.4 -12 9.58 14.4 -4 9.58 14.4 -27.082 9.58 14.217 -19.082 9.58 14.217 -3.082 9.58 14.217 4.918 9.58 14.217 20.918 9.58 14.217 28.918 9.58 14.217 -26.303 9.58 13.697 5.697 9.58 13.697 13.697 9.58 13.697 21.697 9.58 13.697 -25.783 9.58 12.918 -9.783 9.58 12.918 30.217 9.58 12.918 -25.6 9.58 12 6.4 9.58 12 30.4 9.58 12 -25.783 9.58 11.082 -1.783 9.58 11.082 -26.303 9.58 10.303 -18.303 9.58 10.303 -10.303 9.58 10.303 -2.303 9.58 10.303 5.697 9.58 10.303 29.697 9.58 10.303 -27.082 9.58 9.783 -19.082 9.58 9.783 -11.082 9.58 9.783 -3.082 9.58 9.783 4.918 9.58 9.783 12.918 9.58 9.783 28.918 9.58 9.783 -4 9.58 9.6 4 9.58 9.6 20 9.58 9.6 28 9.58 9.6 28 9.58 -14.4 20 9.58 -14.4 12 9.58 -14.4 4 9.58 -14.4 -4 9.58 -14.4 -12 9.58 -14.4 -20 9.58 -14.4 -28 9.58 -14.4 28.918 9.58 -14.217 20.918 9.58 -14.217 12.918 9.58 -14.217 4.918 9.58 -14.217 -3.082 9.58 -14.217 -11.082 9.58 -14.217 -19.082 9.58 -14.217 -27.082 9.58 -14.217 29.697 9.58 -13.697 21.697 9.58 -13.697 13.697 9.58 -13.697 5.697 9.58 -13.697 -2.303 9.58 -13.697 -10.303 9.58 -13.697 -18.303 9.58 -13.697 -26.303 9.58 -13.697 30.217 9.58 -12.918 22.217 9.58 -12.918 14.217 9.58 -12.918 6.217 9.58 -12.918 -1.783 9.58 -12.918 -9.783 9.58 -12.918 -17.783 9.58 -12.918 -25.783 9.58 -12.918 30.4 9.58 -12 22.4 9.58 -12 14.4 9.58 -12 6.4 9.58 -12 -1.6 9.58 -12 -9.6 9.58 -12 -17.6 9.58 -12 -25.6 9.58 -12 30.217 9.58 -11.082 22.217 9.58 -11.082 14.217 9.58 -11.082 6.217 9.58 -11.082 -1.783 9.58 -11.082 -9.783 9.58 -11.082 -17.783 9.58 -11.082 -25.783 9.58 -11.082 29.697 9.58 -10.303 21.697 9.58 -10.303 13.697 9.58 -10.303 5.697 9.58 -10.303 -2.303 9.58 -10.303 -10.303 9.58 -10.303 -18.303 9.58 -10.303 -26.303 9.58 -10.303 28.918 9.58 -9.783 20.918 9.58 -9.783 12.918 9.58 -9.783 4.918 9.58 -9.783 -3.082 9.58 -9.783 -11.082 9.58 -9.783 -19.082 9.58 -9.783 -27.082 9.58 -9.783 28 9.58 -9.6 20 9.58 -9.6 12 9.58 -9.6 4 9.58 -9.6 -4 9.58 -9.6 -12 9.58 -9.6 -20 9.58 -9.6 -28 9.58 -9.6 27.082 9.58 -9.783 19.082 9.58 -9.783 11.082 9.58 -9.783 3.082 9.58 -9.783 -4.918 9.58 -9.783 -12.918 9.58 -9.783 -20.918 9.58 -9.783 -28.918 9.58 -9.783 26.303 9.58 -10.303 18.303 9.58 -10.303 10.303 9.58 -10.303 2.303 9.58 -10.303 -5.697 9.58 -10.303 -13.697 9.58 -10.303 -21.697 9.58 -10.303 -29.697 9.58 -10.303 25.783 9.58 -11.082 17.783 9.58 -11.082 9.783 9.58 -11.082 1.783 9.58 -11.082 -6.217 9.58 -11.082 -14.217 9.58 -11.082 -22.217 9.58 -11.082 -30.217 9.58 -11.082 25.6 9.58 -12 17.6 9.58 -12 9.6 9.58 -12 1.6 9.58 -12 -6.4 9.58 -12 -14.4 9.58 -12 -22.4 9.58 -12 -30.4 9.58 -12 25.783 9.58 -12.918 17.783 9.58 -12.918 9.783 9.58 -12.918 1.783 9.58 -12.918 -6.217 9.58 -12.918 -14.217 9.58 -12.918 -22.217 9.58 -12.918 -30.217 9.58 -12.918 26.303 9.58 -13.697 18.303 9.58 -13.697 10.303 9.58 -13.697 2.303 9.58 -13.697 -5.697 9.58 -13.697 -13.697 9.58 -13.697 -21.697 9.58 -13.697 -29.697 9.58 -13.697 27.082 9.58 -14.217 19.082 9.58 -14.217 11.082 9.58 -14.217 3.082 9.58 -14.217 -4.918 9.58 -14.217 -12.918 9.58 -14.217 -20.918 9.58 -14.217 -28.918 9.58 -14.217 27.082 11.4 -14.217 19.082 11.4 -14.217 11.082 11.4 -14.217 3.082 11.4 -14.217 -4.918 11.4 -14.217 -12.918 11.4 -14.217 -20.918 11.4 -14.217 -28.918 11.4 -14.217 26.303 11.4 -13.697 18.303 11.4 -13.697 10.303 11.4 -13.697 2.303 11.4 -13.697 -5.697 11.4 -13.697 -13.697 11.4 -13.697 -21.697 11.4 -13.697 -29.697 11.4 -13.697 25.783 11.4 -12.918 17.783 11.4 -12.918 9.783 11.4 -12.918 1.783 11.4 -12.918 -6.217 11.4 -12.918 -14.217 11.4 -12.918 -22.217 11.4 -12.918 -30.217 11.4 -12.918 25.6 11.4 -12 17.6 11.4 -12 9.6 11.4 -12 1.6 11.4 -12 -6.4 11.4 -12 -14.4 11.4 -12 -22.4 11.4 -12 -30.4 11.4 -12 25.783 11.4 -11.082 17.783 11.4 -11.082 9.783 11.4 -11.082 1.783 11.4 -11.082 -6.217 11.4 -11.082 -14.217 11.4 -11.082 -22.217 11.4 -11.082 -30.217 11.4 -11.082 26.303 11.4 -10.303 18.303 11.4 -10.303 10.303 11.4 -10.303 2.303 11.4 -10.303 -5.697 11.4 -10.303 -13.697 11.4 -10.303 -21.697 11.4 -10.303 -29.697 11.4 -10.303 27.082 11.4 -9.783 19.082 11.4 -9.783 11.082 11.4 -9.783 3.082 11.4 -9.783 -4.918 11.4 -9.783 -12.918 11.4 -9.783 -20.918 11.4 -9.783 -28.918 11.4 -9.783 28 11.4 -9.6 20 11.4 -9.6 12 11.4 -9.6 4 11.4 -9.6 -4 11.4 -9.6 -12 11.4 -9.6 -20 11.4 -9.6 -28 11.4 -9.6 28.918 11.4 -9.783 20.918 11.4 -9.783 12.918 11.4 -9.783 4.918 11.4 -9.783 -3.082 11.4 -9.783 -11.082 11.4 -9.783 -19.082 11.4 -9.783 -27.082 11.4 -9.783 29.697 11.4 -10.303 21.697 11.4 -10.303 13.697 11.4 -10.303 5.697 11.4 -10.303 -2.303 11.4 -10.303 -10.303 11.4 -10.303 -18.303 11.4 -10.303 -26.303 11.4 -10.303 30.217 11.4 -11.082 22.217 11.4 -11.082 14.217 11.4 -11.082 6.217 11.4 -11.082 -1.783 11.4 -11.082 -9.783 11.4 -11.082 -17.783 11.4 -11.082 -25.783 11.4 -11.082 30.4 11.4 -12 22.4 11.4 -12 14.4 11.4 -12 6.4 11.4 -12 -1.6 11.4 -12 -9.6 11.4 -12 -17.6 11.4 -12 -25.6 11.4 -12 30.217 11.4 -12.918 22.217 11.4 -12.918 14.217 11.4 -12.918 6.217 11.4 -12.918 -1.783 11.4 -12.918 -9.783 11.4 -12.918 -17.783 11.4 -12.918 -25.783 11.4 -12.918 29.697 11.4 -13.697 21.697 11.4 -13.697 13.697 11.4 -13.697 5.697 11.4 -13.697 -2.303 11.4 -13.697 -10.303 11.4 -13.697 -18.303 11.4 -13.697 -26.303 11.4 -13.697 28.918 11.4 -14.217 20.918 11.4 -14.217 12.918 11.4 -14.217 4.918 11.4 -14.217 -3.082 11.4 -14.217 -11.082 11.4 -14.217 -19.082 11.4 -14.217 -27.082 11.4 -14.217 28 11.4 -14.4 20 11.4 -14.4 12 11.4 -14.4 4 11.4 -14.4 -4 11.4 -14.4 -12 11.4 -14.4 -20 11.4 -14.4 -28 11.4 -14.4 28 11.4 -12 20 11.4 -12 12 11.4 -12 4 11.4 -12 -4 11.4 -12 -12 11.4 -12 -20 11.4 -12 -28 11.4 -12 36 11.4 -12 36 11.4 -14.4 36.918 11.4 -14.217 37.697 11.4 -13.697 38.217 11.4 -12.918 38.4 11.4 -12 38.217 11.4 -11.082 37.697 11.4 -10.303 36.918 11.4 -9.783 36 11.4 -9.6 35.082 11.4 -9.783 34.303 11.4 -10.303 33.783 11.4 -11.082 33.6 11.4 -12 33.783 11.4 -12.918 34.303 11.4 -13.697 35.082 11.4 -14.217 35.082 9.58 -14.217 34.303 9.58 -13.697 33.783 9.58 -12.918 33.6 9.58 -12 33.783 9.58 -11.082 34.303 9.58 -10.303 35.082 9.58 -9.783 36 9.58 -9.6 36.918 9.58 -9.783 37.697 9.58 -10.303 38.217 9.58 -11.082 38.4 9.58 -12 38.217 9.58 -12.918 37.697 9.58 -13.697 36.918 9.58 -14.217 36 9.58 -14.4 -36 9.58 -14.4 -35.082 9.58 -14.217 -34.303 9.58 -13.697 -33.783 9.58 -12.918 -33.6 9.58 -12 -33.783 9.58 -11.082 -34.303 9.58 -10.303 -35.082 9.58 -9.783 -36 9.58 -9.6 -36.918 9.58 -9.783 -37.697 9.58 -10.303 -38.217 9.58 -11.082 -38.4 9.58 -12 -38.217 9.58 -12.918 -37.697 9.58 -13.697 -36.918 9.58 -14.217 -36.918 11.4 -14.217 -37.697 11.4 -13.697 -38.217 11.4 -12.918 -38.4 11.4 -12 -38.217 11.4 -11.082 -37.697 11.4 -10.303 -36.918 11.4 -9.783 -36 11.4 -9.6 -35.082 11.4 -9.783 -34.303 11.4 -10.303 -33.783 11.4 -11.082 -33.6 11.4 -12 -33.783 11.4 -12.918 -34.303 11.4 -13.697 -35.082 11.4 -14.217 -36 11.4 -14.4 -36 11.4 -12 -44 11.4 -12 -44 11.4 -14.4 -43.082 11.4 -14.217 -42.303 11.4 -13.697 -41.783 11.4 -12.918 -41.6 11.4 -12 -41.783 11.4 -11.082 -42.303 11.4 -10.303 -43.082 11.4 -9.783 -44 11.4 -9.6 -44.918 11.4 -9.783 -45.697 11.4 -10.303 -46.217 11.4 -11.082 -46.4 11.4 -12 -46.217 11.4 -12.918 -45.697 11.4 -13.697 -44.918 11.4 -14.217 -44.918 9.58 -14.217 -45.697 9.58 -13.697 -46.217 9.58 -12.918 -46.4 9.58 -12 -46.217 9.58 -11.082 -45.697 9.58 -10.303 -44.918 9.58 -9.783 -44 9.58 -9.6 -43.082 9.58 -9.783 -42.303 9.58 -10.303 -41.783 9.58 -11.082 -41.6 9.58 -12 -41.783 9.58 -12.918 -42.303 9.58 -13.697 -43.082 9.58 -14.217 -44 9.58 -14.4 44 9.58 -14.4 44.918 9.58 -14.217 45.697 9.58 -13.697 46.217 9.58 -12.918 46.4 9.58 -12 46.217 9.58 -11.082 45.697 9.58 -10.303 44.918 9.58 -9.783 44 9.58 -9.6 43.082 9.58 -9.783 42.303 9.58 -10.303 41.783 9.58 -11.082 41.6 9.58 -12 41.783 9.58 -12.918 42.303 9.58 -13.697 43.082 9.58 -14.217 43.082 11.4 -14.217 42.303 11.4 -13.697 41.783 11.4 -12.918 41.6 11.4 -12 41.783 11.4 -11.082 42.303 11.4 -10.303 43.082 11.4 -9.783 44 11.4 -9.6 44.918 11.4 -9.783 45.697 11.4 -10.303 46.217 11.4 -11.082 46.4 11.4 -12 46.217 11.4 -12.918 45.697 11.4 -13.697 44.918 11.4 -14.217 44 11.4 -14.4 44 11.4 -12 -32 0.02 13.6 -31.082 0.02 13.783 -30.303 0.02 14.303 -29.783 0.02 15.082 -29.6 0.02 16 -29.783 0.02 16.918 -30.303 0.02 17.697 -31.082 0.02 18.217 -32 0.02 18.4 -32.918 0.02 18.217 -33.697 0.02 17.697 -34.217 0.02 16.918 -34.4 0.02 16 -34.217 0.02 15.082 -33.697 0.02 14.303 -32.918 0.02 13.783 -32.918 8.6 13.783 -33.697 8.6 14.303 -34.217 8.6 15.082 -34.4 8.6 16 -34.217 8.6 16.918 -33.697 8.6 17.697 -32.918 8.6 18.217 -32 8.6 18.4 -31.082 8.6 18.217 -30.303 8.6 17.697 -29.783 8.6 16.918 -29.6 8.6 16 -29.783 8.6 15.082 -30.303 8.6 14.303 -31.082 8.6 13.783 -32 8.6 13.6 -33.243 0.02 12.998 -34.298 0.02 13.702 -35.002 0.02 14.757 -35.249 0.02 16 -35.002 0.02 17.243 -34.298 0.02 18.298 -33.243 0.02 19.002 -32 0.02 19.249 -30.757 0.02 19.002 -29.702 0.02 18.298 -28.998 0.02 17.243 -28.751 0.02 16 -28.998 0.02 14.757 -29.702 0.02 13.702 -30.757 0.02 12.998 -32 0.02 12.751 -32 8.6 12.751 -30.757 8.6 12.998 -29.702 8.6 13.702 -28.998 8.6 14.757 -28.751 8.6 16 -28.998 8.6 17.243 -29.702 8.6 18.298 -30.757 8.6 19.002 -32 8.6 19.249 -33.243 8.6 19.002 -34.298 8.6 18.298 -35.002 8.6 17.243 -35.249 8.6 16 -35.002 8.6 14.757 -34.298 8.6 13.702 -33.243 8.6 12.998 30.757 8.6 12.998 29.702 8.6 13.702 28.998 8.6 14.757 28.751 8.6 16 28.998 8.6 17.243 29.702 8.6 18.298 30.757 8.6 19.002 32 8.6 19.249 33.243 8.6 19.002 34.298 8.6 18.298 35.002 8.6 17.243 35.249 8.6 16 35.002 8.6 14.757 34.298 8.6 13.702 33.243 8.6 12.998 32 8.6 12.751 32 0.02 12.751 33.243 0.02 12.998 34.298 0.02 13.702 35.002 0.02 14.757 35.249 0.02 16 35.002 0.02 17.243 34.298 0.02 18.298 33.243 0.02 19.002 32 0.02 19.249 30.757 0.02 19.002 29.702 0.02 18.298 28.998 0.02 17.243 28.751 0.02 16 28.998 0.02 14.757 29.702 0.02 13.702 30.757 0.02 12.998 32 8.6 13.6 32.918 8.6 13.783 33.697 8.6 14.303 34.217 8.6 15.082 34.4 8.6 16 34.217 8.6 16.918 33.697 8.6 17.697 32.918 8.6 18.217 32 8.6 18.4 31.082 8.6 18.217 30.303 8.6 17.697 29.783 8.6 16.918 29.6 8.6 16 29.783 8.6 15.082 30.303 8.6 14.303 31.082 8.6 13.783 31.082 0.02 13.783 30.303 0.02 14.303 29.783 0.02 15.082 29.6 0.02 16 29.783 0.02 16.918 30.303 0.02 17.697 31.082 0.02 18.217 32 0.02 18.4 32.918 0.02 18.217 33.697 0.02 17.697 34.217 0.02 16.918 34.4 0.02 16 34.217 0.02 15.082 33.697 0.02 14.303 32.918 0.02 13.783 32 0.02 13.6 -16 0.02 13.6 0 0.02 13.6 16 0.02 13.6 -15.082 0.02 13.783 0.918 0.02 13.783 16.918 0.02 13.783 -14.303 0.02 14.303 1.697 0.02 14.303 17.697 0.02 14.303 -13.783 0.02 15.082 2.217 0.02 15.082 18.217 0.02 15.082 -13.6 0.02 16 2.4 0.02 16 18.4 0.02 16 -13.783 0.02 16.918 2.217 0.02 16.918 18.217 0.02 16.918 -14.303 0.02 17.697 1.697 0.02 17.697 17.697 0.02 17.697 -15.082 0.02 18.217 0.918 0.02 18.217 16.918 0.02 18.217 -16 0.02 18.4 0 0.02 18.4 16 0.02 18.4 -16.918 0.02 18.217 -0.918 0.02 18.217 15.082 0.02 18.217 -17.697 0.02 17.697 -1.697 0.02 17.697 14.303 0.02 17.697 -18.217 0.02 16.918 -2.217 0.02 16.918 13.783 0.02 16.918 -18.4 0.02 16 -2.4 0.02 16 13.6 0.02 16 -18.217 0.02 15.082 -2.217 0.02 15.082 13.783 0.02 15.082 -17.697 0.02 14.303 -1.697 0.02 14.303 14.303 0.02 14.303 -16.918 0.02 13.783 -0.918 0.02 13.783 15.082 0.02 13.783 -16.918 8.6 13.783 -0.918 8.6 13.783 15.082 8.6 13.783 -17.697 8.6 14.303 -1.697 8.6 14.303 14.303 8.6 14.303 -18.217 8.6 15.082 -2.217 8.6 15.082 13.783 8.6 15.082 -18.4 8.6 16 -2.4 8.6 16 13.6 8.6 16 -18.217 8.6 16.918 -2.217 8.6 16.918 13.783 8.6 16.918 -17.697 8.6 17.697 -1.697 8.6 17.697 14.303 8.6 17.697 -16.918 8.6 18.217 -0.918 8.6 18.217 15.082 8.6 18.217 -16 8.6 18.4 0 8.6 18.4 16 8.6 18.4 -15.082 8.6 18.217 0.918 8.6 18.217 16.918 8.6 18.217 -14.303 8.6 17.697 1.697 8.6 17.697 17.697 8.6 17.697 -13.783 8.6 16.918 2.217 8.6 16.918 18.217 8.6 16.918 -13.6 8.6 16 2.4 8.6 16 18.4 8.6 16 -13.783 8.6 15.082 2.217 8.6 15.082 18.217 8.6 15.082 -14.303 8.6 14.303 1.697 8.6 14.303 17.697 8.6 14.303 -15.082 8.6 13.783 0.918 8.6 13.783 16.918 8.6 13.783 -16 8.6 13.6 0 8.6 13.6 16 8.6 13.6 -17.243 0.02 12.998 -1.243 0.02 12.998 14.757 0.02 12.998 -18.298 0.02 13.702 -2.298 0.02 13.702 13.702 0.02 13.702 -19.002 0.02 14.757 -3.002 0.02 14.757 12.998 0.02 14.757 -19.249 0.02 16 -3.249 0.02 16 12.751 0.02 16 -19.002 0.02 17.243 -3.002 0.02 17.243 12.998 0.02 17.243 -18.298 0.02 18.298 -2.298 0.02 18.298 13.702 0.02 18.298 -17.243 0.02 19.002 -1.243 0.02 19.002 14.757 0.02 19.002 -16 0.02 19.249 0 0.02 19.249 16 0.02 19.249 -14.757 0.02 19.002 1.243 0.02 19.002 17.243 0.02 19.002 -13.702 0.02 18.298 2.298 0.02 18.298 18.298 0.02 18.298 -12.998 0.02 17.243 3.002 0.02 17.243 19.002 0.02 17.243 -12.751 0.02 16 3.249 0.02 16 19.249 0.02 16 -12.998 0.02 14.757 3.002 0.02 14.757 19.002 0.02 14.757 -13.702 0.02 13.702 2.298 0.02 13.702 18.298 0.02 13.702 -14.757 0.02 12.998 1.243 0.02 12.998 17.243 0.02 12.998 -16 0.02 12.751 0 0.02 12.751 16 0.02 12.751 -16 8.6 12.751 0 8.6 12.751 16 8.6 12.751 -14.757 8.6 12.998 1.243 8.6 12.998 17.243 8.6 12.998 -13.702 8.6 13.702 2.298 8.6 13.702 18.298 8.6 13.702 -12.998 8.6 14.757 3.002 8.6 14.757 19.002 8.6 14.757 -12.751 8.6 16 3.249 8.6 16 19.249 8.6 16 -12.998 8.6 17.243 3.002 8.6 17.243 19.002 8.6 17.243 -13.702 8.6 18.298 2.298 8.6 18.298 18.298 8.6 18.298 -14.757 8.6 19.002 1.243 8.6 19.002 17.243 8.6 19.002 -16 8.6 19.249 0 8.6 19.249 16 8.6 19.249 -17.243 8.6 19.002 -1.243 8.6 19.002 14.757 8.6 19.002 -18.298 8.6 18.298 -2.298 8.6 18.298 13.702 8.6 18.298 -19.002 8.6 17.243 -3.002 8.6 17.243 12.998 8.6 17.243 -19.249 8.6 16 -3.249 8.6 16 12.751 8.6 16 -19.002 8.6 14.757 -3.002 8.6 14.757 12.998 8.6 14.757 -18.298 8.6 13.702 -2.298 8.6 13.702 13.702 8.6 13.702 -17.243 8.6 12.998 -1.243 8.6 12.998 14.757 8.6 12.998 -17.243 8.6 -19.002 13.702 8.6 -18.298 12.998 8.6 -17.243 -3.002 8.6 -17.243 -19.002 8.6 -17.243 -3.249 8.6 -16 -3.002 8.6 -14.757 -19.002 8.6 -14.757 14.757 8.6 -12.998 -1.243 8.6 -12.998 0 8.6 -12.751 -16 8.6 -12.751 -14.757 8.6 -12.998 18.298 8.6 -13.702 -13.702 8.6 -13.702 3.002 8.6 -14.757 -12.998 8.6 -14.757 19.249 8.6 -16 3.002 8.6 -17.243 2.298 8.6 -18.298 -14.757 8.6 -19.002 0 8.6 -19.249 -14.757 0.02 -19.002 18.298 0.02 -18.298 3.002 0.02 -17.243 3.249 0.02 -16 3.002 0.02 -14.757 -12.998 0.02 -14.757 18.298 0.02 -13.702 2.298 0.02 -13.702 -13.702 0.02 -13.702 17.243 0.02 -12.998 -14.757 0.02 -12.998 -1.243 0.02 -12.998 12.751 0.02 -16 -3.249 0.02 -16 -3.002 0.02 -17.243 -19.002 0.02 -17.243 -2.298 0.02 -18.298 -18.298 0.02 -18.298 14.757 0.02 -19.002 16 8.6 -18.4 0 8.6 -18.4 16.918 8.6 -18.217 0.918 8.6 -18.217 -15.082 8.6 -18.217 18.217 8.6 -16.918 18.4 8.6 -16 2.217 8.6 -15.082 16.918 8.6 -13.783 0.918 8.6 -13.783 -15.082 8.6 -13.783 0 8.6 -13.6 -16 8.6 -13.6 -16.918 8.6 -13.783 14.303 8.6 -14.303 -17.697 8.6 -14.303 13.783 8.6 -15.082 -2.217 8.6 -15.082 -18.217 8.6 -15.082 13.6 8.6 -16 -2.4 8.6 -16 13.783 8.6 -16.918 -2.217 8.6 -16.918 14.303 8.6 -17.697 -17.697 8.6 -17.697 -0.918 8.6 -18.217 -16.918 8.6 -18.217 15.082 0.02 -18.217 14.303 0.02 -17.697 -1.697 0.02 -17.697 -17.697 0.02 -17.697 13.783 0.02 -16.918 -18.217 0.02 -16.918 13.6 0.02 -16 -2.4 0.02 -16 -2.217 0.02 -15.082 14.303 0.02 -14.303 -1.697 0.02 -14.303 0 0.02 -13.6 -16 0.02 -13.6 0.918 0.02 -13.783 -15.082 0.02 -13.783 17.697 0.02 -14.303 1.697 0.02 -14.303 2.217 0.02 -15.082 -13.783 0.02 -15.082 2.4 0.02 -16 -13.6 0.02 -16 18.217 0.02 -16.918 2.217 0.02 -16.918 -13.783 0.02 -16.918 0.918 0.02 -18.217 0 0.02 -18.4 -16 0.02 -18.4 33.697 0.02 -17.697 34.4 0.02 -16 34.217 0.02 -15.082 33.697 0.02 -14.303 32.918 0.02 -13.783 32 0.02 -13.6 30.303 0.02 -14.303 29.6 0.02 -16 29.783 0.02 -16.918 31.082 0.02 -18.217 30.303 8.6 -14.303 31.082 8.6 -13.783 32.918 8.6 -18.217 30.757 0.02 -19.002 28.998 0.02 -17.243 29.702 0.02 -13.702 30.757 0.02 -12.998 33.243 0.02 -12.998 35.249 0.02 -16 32 0.02 -19.249 35.002 8.6 -14.757 32 8.6 -12.751 30.757 8.6 -12.998 29.702 8.6 -13.702 28.998 8.6 -14.757 28.751 8.6 -16 -33.243 8.6 -19.002 -34.298 8.6 -18.298 -35.249 8.6 -16 -35.002 8.6 -14.757 -34.298 8.6 -13.702 -28.998 8.6 -14.757 -28.998 8.6 -17.243 -32 8.6 -19.249 -32 0.02 -19.249 -29.702 0.02 -18.298 -29.702 0.02 -13.702 -32 0.02 -12.751 -33.243 0.02 -12.998 -34.298 0.02 -13.702 -35.249 0.02 -16 -34.298 0.02 -18.298 -33.243 0.02 -19.002 -32 8.6 -18.4 -31.082 8.6 -18.217 -29.783 8.6 -16.918 -29.6 8.6 -16 -29.783 8.6 -15.082 -30.303 8.6 -14.303 -31.082 8.6 -13.783 -32.918 8.6 -18.217 -34.217 0.02 -16.918 -33.697 0.02 -14.303 -29.783 0.02 -15.082 -31.082 0.02 -18.217 -32 0.02 -18.4 -30.303 0.02 -17.697 -29.783 0.02 -16.918 -29.6 0.02 -16 -30.303 0.02 -14.303 -31.082 0.02 -13.783 -32 0.02 -13.6 -32.918 0.02 -13.783 -34.217 0.02 -15.082 -34.4 0.02 -16 -33.697 0.02 -17.697 -32.918 0.02 -18.217 -33.697 8.6 -17.697 -34.217 8.6 -16.918 -34.4 8.6 -16 -34.217 8.6 -15.082 -33.697 8.6 -14.303 -32.918 8.6 -13.783 -32 8.6 -13.6 -30.303 8.6 -17.697 -35.002 0.02 -17.243 -35.002 0.02 -14.757 -30.757 0.02 -12.998 -28.998 0.02 -14.757 -28.751 0.02 -16 -28.998 0.02 -17.243 -30.757 0.02 -19.002 -30.757 8.6 -19.002 -29.702 8.6 -18.298 -28.751 8.6 -16 -29.702 8.6 -13.702 -30.757 8.6 -12.998 -32 8.6 -12.751 -33.243 8.6 -12.998 -35.002 8.6 -17.243 30.757 8.6 -19.002 29.702 8.6 -18.298 28.998 8.6 -17.243 33.243 8.6 -12.998 34.298 8.6 -13.702 35.249 8.6 -16 35.002 8.6 -17.243 34.298 8.6 -18.298 33.243 8.6 -19.002 32 8.6 -19.249 33.243 0.02 -19.002 34.298 0.02 -18.298 35.002 0.02 -17.243 35.002 0.02 -14.757 34.298 0.02 -13.702 32 0.02 -12.751 28.998 0.02 -14.757 28.751 0.02 -16 29.702 0.02 -18.298 32 8.6 -18.4 33.697 8.6 -17.697 34.217 8.6 -16.918 34.4 8.6 -16 34.217 8.6 -15.082 33.697 8.6 -14.303 32.918 8.6 -13.783 32 8.6 -13.6 29.783 8.6 -15.082 29.6 8.6 -16 29.783 8.6 -16.918 30.303 8.6 -17.697 31.082 8.6 -18.217 30.303 0.02 -17.697 29.783 0.02 -15.082 31.082 0.02 -13.783 34.217 0.02 -16.918 32.918 0.02 -18.217 32 0.02 -18.4 16 0.02 -18.4 -15.082 0.02 -18.217 16.918 0.02 -18.217 -14.303 0.02 -17.697 1.697 0.02 -17.697 17.697 0.02 -17.697 18.4 0.02 -16 18.217 0.02 -15.082 -14.303 0.02 -14.303 16.918 0.02 -13.783 16 0.02 -13.6 -16.918 0.02 -13.783 -0.918 0.02 -13.783 15.082 0.02 -13.783 -17.697 0.02 -14.303 -18.217 0.02 -15.082 13.783 0.02 -15.082 -18.4 0.02 -16 -2.217 0.02 -16.918 -16.918 0.02 -18.217 -0.918 0.02 -18.217 15.082 8.6 -18.217 -1.697 8.6 -17.697 -18.217 8.6 -16.918 -18.4 8.6 -16 -1.697 8.6 -14.303 -0.918 8.6 -13.783 15.082 8.6 -13.783 16 8.6 -13.6 -14.303 8.6 -14.303 1.697 8.6 -14.303 17.697 8.6 -14.303 -13.783 8.6 -15.082 18.217 8.6 -15.082 -13.6 8.6 -16 2.4 8.6 -16 -13.783 8.6 -16.918 2.217 8.6 -16.918 -14.303 8.6 -17.697 1.697 8.6 -17.697 17.697 8.6 -17.697 -16 8.6 -18.4 -17.243 0.02 -19.002 -1.243 0.02 -19.002 13.702 0.02 -18.298 12.998 0.02 -17.243 -19.249 0.02 -16 -19.002 0.02 -14.757 -3.002 0.02 -14.757 12.998 0.02 -14.757 -18.298 0.02 -13.702 -2.298 0.02 -13.702 13.702 0.02 -13.702 -17.243 0.02 -12.998 14.757 0.02 -12.998 -16 0.02 -12.751 0 0.02 -12.751 16 0.02 -12.751 1.243 0.02 -12.998 19.002 0.02 -14.757 -12.751 0.02 -16 19.249 0.02 -16 -12.998 0.02 -17.243 19.002 0.02 -17.243 -13.702 0.02 -18.298 2.298 0.02 -18.298 1.243 0.02 -19.002 17.243 0.02 -19.002 -16 0.02 -19.249 0 0.02 -19.249 16 0.02 -19.249 -16 8.6 -19.249 16 8.6 -19.249 1.243 8.6 -19.002 17.243 8.6 -19.002 -13.702 8.6 -18.298 18.298 8.6 -18.298 -12.998 8.6 -17.243 19.002 8.6 -17.243 -12.751 8.6 -16 3.249 8.6 -16 19.002 8.6 -14.757 2.298 8.6 -13.702 1.243 8.6 -12.998 17.243 8.6 -12.998 16 8.6 -12.751 -17.243 8.6 -12.998 -18.298 8.6 -13.702 -2.298 8.6 -13.702 13.702 8.6 -13.702 12.998 8.6 -14.757 -19.249 8.6 -16 12.751 8.6 -16 -18.298 8.6 -18.298 -2.298 8.6 -18.298 -1.243 8.6 -19.002 14.757 8.6 -19.002 12 9.58 9.6 -12 9.58 9.6 -20 9.58 9.6 -28 9.58 9.6 20.918 9.58 9.783 21.697 9.58 10.303 13.697 9.58 10.303 30.217 9.58 11.082 22.217 9.58 11.082 14.217 9.58 11.082 6.217 9.58 11.082 -9.783 9.58 11.082 -17.783 9.58 11.082 22.4 9.58 12 14.4 9.58 12 -1.6 9.58 12 -9.6 9.58 12 -17.6 9.58 12 22.217 9.58 12.918 14.217 9.58 12.918 6.217 9.58 12.918 -1.783 9.58 12.918 -17.783 9.58 12.918 29.697 9.58 13.697 -2.303 9.58 13.697 -10.303 9.58 13.697 -18.303 9.58 13.697 12.918 9.58 14.217 -11.082 9.58 14.217 28 9.58 14.4 20 9.58 14.4 12 9.58 14.4 4 9.58 14.4 -20 9.58 14.4 27.082 9.58 14.217 19.082 9.58 14.217 3.082 9.58 14.217 -20.918 9.58 14.217 26.303 9.58 13.697 10.303 9.58 13.697 2.303 9.58 13.697 -5.697 9.58 13.697 9.783 9.58 12.918 -22.217 9.58 12.918 -30.217 9.58 12.918 25.6 9.58 12 17.6 9.58 12 9.6 9.58 12 1.6 9.58 12 -6.4 9.58 12 25.783 9.58 11.082 17.783 9.58 11.082 9.783 9.58 11.082 1.783 9.58 11.082 -6.217 9.58 11.082 -30.217 9.58 11.082 10.303 9.58 10.303 -29.697 9.58 10.303 19.082 9.58 9.783 11.082 9.58 9.783 -12.918 9.58 9.783 -20.918 9.58 9.783 -28.918 9.58 9.783 27.082 11.4 9.783 19.082 11.4 9.783 -4.918 11.4 9.783 26.303 11.4 10.303 18.303 11.4 10.303 2.303 11.4 10.303 -13.697 11.4 10.303 -21.697 11.4 10.303 17.783 11.4 11.082 9.783 11.4 11.082 -6.217 11.4 11.082 -30.217 11.4 11.082 17.6 11.4 12 -6.4 11.4 12 -22.4 11.4 12 -30.4 11.4 12 17.783 11.4 12.918 -6.217 11.4 12.918 -5.697 11.4 13.697 -29.697 11.4 13.697 27.082 11.4 14.217 11.082 11.4 14.217 3.082 11.4 14.217 -4.918 11.4 14.217 -12.918 11.4 14.217 -28.918 11.4 14.217 28 11.4 14.4 -12 11.4 14.4 -28 11.4 14.4 28.918 11.4 14.217 20.918 11.4 14.217 12.918 11.4 14.217 4.918 11.4 14.217 -3.082 11.4 14.217 13.697 11.4 13.697 5.697 11.4 13.697 -26.303 11.4 13.697 30.217 11.4 12.918 6.217 11.4 12.918 -25.783 11.4 12.918 22.4 11.4 12 14.4 11.4 12 6.4 11.4 12 -1.6 11.4 12 -17.6 11.4 12 -25.6 11.4 12 30.217 11.4 11.082 6.217 11.4 11.082 -17.783 11.4 11.082 21.697 11.4 10.303 5.697 11.4 10.303 -10.303 11.4 10.303 -26.303 11.4 10.303 28.918 11.4 9.783 20.918 11.4 9.783 12.918 11.4 9.783 4.918 11.4 9.783 -27.082 11.4 9.783 28 11.4 9.6 20 11.4 9.6 12 11.4 9.6 -12 11.4 9.6 28 11.4 12 4 11.4 12 -4 11.4 12 -20 11.4 12 -28 11.4 12 36.918 11.4 9.783 38.217 11.4 11.082 38.217 11.4 12.918 36 11.4 14.4 34.303 11.4 13.697 33.783 11.4 12.918 33.6 11.4 12 33.783 11.4 11.082 34.303 11.4 10.303 33.783 9.58 11.082 33.6 9.58 12 35.082 9.58 14.217 36 9.58 14.4 37.697 9.58 13.697 38.4 9.58 12 36 9.58 9.6 -36 9.58 9.6 -34.303 9.58 10.303 -33.6 9.58 12 -33.783 9.58 12.918 -34.303 9.58 13.697 -36 9.58 14.4 -36.918 9.58 14.217 -36.918 11.4 9.783 -37.697 11.4 10.303 -38.217 11.4 11.082 -37.697 11.4 13.697 -36 11.4 14.4 -35.082 11.4 14.217 -33.6 11.4 12 -33.783 11.4 11.082 -44 11.4 12 -44 11.4 9.6 -42.303 11.4 10.303 -41.783 11.4 11.082 -41.783 11.4 12.918 -42.303 11.4 13.697 -43.082 11.4 14.217 -44 11.4 14.4 -44.918 11.4 14.217 -46.217 11.4 12.918 -46.4 11.4 12 -44.918 11.4 9.783 -44.918 9.58 9.783 -45.697 9.58 10.303 -46.4 9.58 12 -46.217 9.58 12.918 -43.082 9.58 14.217 -42.303 9.58 13.697 -41.783 9.58 12.918 -41.6 9.58 12 -42.303 9.58 10.303 -44 9.58 9.6 45.697 9.58 10.303 44.918 9.58 14.217 44 9.58 14.4 43.082 9.58 14.217 41.783 9.58 12.918 41.6 9.58 12 41.783 9.58 11.082 42.303 9.58 10.303 43.082 11.4 9.783 42.303 11.4 10.303 41.783 11.4 11.082 41.783 11.4 12.918 42.303 11.4 13.697 44 11.4 14.4 45.697 11.4 13.697 45.697 11.4 10.303 44 11.4 20 44 11.4 17.6 44.918 11.4 17.783 45.697 11.4 18.303 46.217 11.4 19.082 46.4 11.4 20 46.217 11.4 20.918 45.697 11.4 21.697 44.918 11.4 22.217 44 11.4 22.4 43.082 11.4 22.217 42.303 11.4 21.697 41.783 11.4 20.918 41.6 11.4 20 41.783 11.4 19.082 42.303 11.4 18.303 43.082 11.4 17.783 43.082 9.58 17.783 42.303 9.58 18.303 41.783 9.58 19.082 41.6 9.58 20 41.783 9.58 20.918 42.303 9.58 21.697 43.082 9.58 22.217 44 9.58 22.4 44.918 9.58 22.217 45.697 9.58 21.697 46.217 9.58 20.918 46.4 9.58 20 46.217 9.58 19.082 45.697 9.58 18.303 44.918 9.58 17.783 44 9.58 17.6 -44 9.58 17.6 -43.082 9.58 17.783 -42.303 9.58 18.303 -41.783 9.58 19.082 -41.6 9.58 20 -41.783 9.58 20.918 -42.303 9.58 21.697 -43.082 9.58 22.217 -44 9.58 22.4 -44.918 9.58 22.217 -45.697 9.58 21.697 -46.217 9.58 20.918 -46.4 9.58 20 -46.217 9.58 19.082 -45.697 9.58 18.303 -44.918 9.58 17.783 -44.918 11.4 17.783 -45.697 11.4 18.303 -46.217 11.4 19.082 -46.4 11.4 20 -46.217 11.4 20.918 -45.697 11.4 21.697 -44.918 11.4 22.217 -44 11.4 22.4 -43.082 11.4 22.217 -42.303 11.4 21.697 -41.783 11.4 20.918 -41.6 11.4 20 -41.783 11.4 19.082 -42.303 11.4 18.303 -43.082 11.4 17.783 -44 11.4 17.6 -44 11.4 20 -36 11.4 20 -36 11.4 17.6 -35.082 11.4 17.783 -34.303 11.4 18.303 -33.783 11.4 19.082 -33.6 11.4 20 -33.783 11.4 20.918 -34.303 11.4 21.697 -35.082 11.4 22.217 -36 11.4 22.4 -36.918 11.4 22.217 -37.697 11.4 21.697 -38.217 11.4 20.918 -38.4 11.4 20 -38.217 11.4 19.082 -37.697 11.4 18.303 -36.918 11.4 17.783 -36.918 9.58 17.783 -37.697 9.58 18.303 -38.217 9.58 19.082 -38.4 9.58 20 -38.217 9.58 20.918 -37.697 9.58 21.697 -36.918 9.58 22.217 -36 9.58 22.4 -35.082 9.58 22.217 -34.303 9.58 21.697 -33.783 9.58 20.918 -33.6 9.58 20 -33.783 9.58 19.082 -34.303 9.58 18.303 -35.082 9.58 17.783 -36 9.58 17.6 36 9.58 17.6 36.918 9.58 17.783 37.697 9.58 18.303 38.217 9.58 19.082 38.4 9.58 20 38.217 9.58 20.918 37.697 9.58 21.697 36.918 9.58 22.217 36 9.58 22.4 35.082 9.58 22.217 34.303 9.58 21.697 33.783 9.58 20.918 33.6 9.58 20 33.783 9.58 19.082 34.303 9.58 18.303 35.082 9.58 17.783 35.082 11.4 17.783 34.303 11.4 18.303 33.783 11.4 19.082 33.6 11.4 20 33.783 11.4 20.918 34.303 11.4 21.697 35.082 11.4 22.217 36 11.4 22.4 36.918 11.4 22.217 37.697 11.4 21.697 38.217 11.4 20.918 38.4 11.4 20 38.217 11.4 19.082 37.697 11.4 18.303 36.918 11.4 17.783 36 11.4 17.6 36 11.4 20 -28 11.4 20 -20 11.4 20 -12 11.4 20 -4 11.4 20 4 11.4 20 12 11.4 20 20 11.4 20 28 11.4 20 -28 11.4 17.6 -20 11.4 17.6 -12 11.4 17.6 -4 11.4 17.6 4 11.4 17.6 12 11.4 17.6 20 11.4 17.6 28 11.4 17.6 -27.082 11.4 17.783 -19.082 11.4 17.783 -11.082 11.4 17.783 -3.082 11.4 17.783 4.918 11.4 17.783 12.918 11.4 17.783 20.918 11.4 17.783 28.918 11.4 17.783 -26.303 11.4 18.303 -18.303 11.4 18.303 -10.303 11.4 18.303 -2.303 11.4 18.303 5.697 11.4 18.303 13.697 11.4 18.303 21.697 11.4 18.303 29.697 11.4 18.303 -25.783 11.4 19.082 -17.783 11.4 19.082 -9.783 11.4 19.082 -1.783 11.4 19.082 6.217 11.4 19.082 14.217 11.4 19.082 22.217 11.4 19.082 30.217 11.4 19.082 -25.6 11.4 20 -17.6 11.4 20 -9.6 11.4 20 -1.6 11.4 20 6.4 11.4 20 14.4 11.4 20 22.4 11.4 20 30.4 11.4 20 -25.783 11.4 20.918 -17.783 11.4 20.918 -9.783 11.4 20.918 -1.783 11.4 20.918 6.217 11.4 20.918 14.217 11.4 20.918 22.217 11.4 20.918 30.217 11.4 20.918 -26.303 11.4 21.697 -18.303 11.4 21.697 -10.303 11.4 21.697 -2.303 11.4 21.697 5.697 11.4 21.697 13.697 11.4 21.697 21.697 11.4 21.697 29.697 11.4 21.697 -27.082 11.4 22.217 -19.082 11.4 22.217 -11.082 11.4 22.217 -3.082 11.4 22.217 4.918 11.4 22.217 12.918 11.4 22.217 20.918 11.4 22.217 28.918 11.4 22.217 -28 11.4 22.4 -20 11.4 22.4 -12 11.4 22.4 -4 11.4 22.4 4 11.4 22.4 12 11.4 22.4 20 11.4 22.4 28 11.4 22.4 -28.918 11.4 22.217 -20.918 11.4 22.217 -12.918 11.4 22.217 -4.918 11.4 22.217 3.082 11.4 22.217 11.082 11.4 22.217 19.082 11.4 22.217 27.082 11.4 22.217 -29.697 11.4 21.697 -21.697 11.4 21.697 -13.697 11.4 21.697 -5.697 11.4 21.697 2.303 11.4 21.697 10.303 11.4 21.697 18.303 11.4 21.697 26.303 11.4 21.697 -30.217 11.4 20.918 -22.217 11.4 20.918 -14.217 11.4 20.918 -6.217 11.4 20.918 1.783 11.4 20.918 9.783 11.4 20.918 17.783 11.4 20.918 25.783 11.4 20.918 -30.4 11.4 20 -22.4 11.4 20 -14.4 11.4 20 -6.4 11.4 20 1.6 11.4 20 9.6 11.4 20 17.6 11.4 20 25.6 11.4 20 -30.217 11.4 19.082 -22.217 11.4 19.082 -14.217 11.4 19.082 -6.217 11.4 19.082 1.783 11.4 19.082 9.783 11.4 19.082 17.783 11.4 19.082 25.783 11.4 19.082 -29.697 11.4 18.303 -21.697 11.4 18.303 -13.697 11.4 18.303 -5.697 11.4 18.303 2.303 11.4 18.303 10.303 11.4 18.303 18.303 11.4 18.303 26.303 11.4 18.303 -28.918 11.4 17.783 -20.918 11.4 17.783 -12.918 11.4 17.783 -4.918 11.4 17.783 3.082 11.4 17.783 11.082 11.4 17.783 19.082 11.4 17.783 27.082 11.4 17.783 -28.918 9.58 17.783 -20.918 9.58 17.783 -12.918 9.58 17.783 -4.918 9.58 17.783 3.082 9.58 17.783 11.082 9.58 17.783 19.082 9.58 17.783 27.082 9.58 17.783 -29.697 9.58 18.303 -21.697 9.58 18.303 -13.697 9.58 18.303 -5.697 9.58 18.303 2.303 9.58 18.303 10.303 9.58 18.303 18.303 9.58 18.303 26.303 9.58 18.303 -30.217 9.58 19.082 -22.217 9.58 19.082 -14.217 9.58 19.082 -6.217 9.58 19.082 1.783 9.58 19.082 9.783 9.58 19.082 17.783 9.58 19.082 25.783 9.58 19.082 -30.4 9.58 20 -22.4 9.58 20 -14.4 9.58 20 -6.4 9.58 20 1.6 9.58 20 9.6 9.58 20 17.6 9.58 20 25.6 9.58 20 -30.217 9.58 20.918 -22.217 9.58 20.918 -14.217 9.58 20.918 -6.217 9.58 20.918 1.783 9.58 20.918 9.783 9.58 20.918 17.783 9.58 20.918 25.783 9.58 20.918 -29.697 9.58 21.697 -21.697 9.58 21.697 -13.697 9.58 21.697 -5.697 9.58 21.697 2.303 9.58 21.697 10.303 9.58 21.697 18.303 9.58 21.697 26.303 9.58 21.697 -28.918 9.58 22.217 -20.918 9.58 22.217 -12.918 9.58 22.217 -4.918 9.58 22.217 3.082 9.58 22.217 11.082 9.58 22.217 19.082 9.58 22.217 27.082 9.58 22.217 -28 9.58 22.4 -20 9.58 22.4 -12 9.58 22.4 -4 9.58 22.4 4 9.58 22.4 12 9.58 22.4 20 9.58 22.4 28 9.58 22.4 -27.082 9.58 22.217 -19.082 9.58 22.217 -11.082 9.58 22.217 -3.082 9.58 22.217 4.918 9.58 22.217 12.918 9.58 22.217 20.918 9.58 22.217 28.918 9.58 22.217 -26.303 9.58 21.697 -18.303 9.58 21.697 -10.303 9.58 21.697 -2.303 9.58 21.697 5.697 9.58 21.697 13.697 9.58 21.697 21.697 9.58 21.697 29.697 9.58 21.697 -25.783 9.58 20.918 -17.783 9.58 20.918 -9.783 9.58 20.918 -1.783 9.58 20.918 6.217 9.58 20.918 14.217 9.58 20.918 22.217 9.58 20.918 30.217 9.58 20.918 -25.6 9.58 20 -17.6 9.58 20 -9.6 9.58 20 -1.6 9.58 20 6.4 9.58 20 14.4 9.58 20 22.4 9.58 20 30.4 9.58 20 -25.783 9.58 19.082 -17.783 9.58 19.082 -9.783 9.58 19.082 -1.783 9.58 19.082 6.217 9.58 19.082 14.217 9.58 19.082 22.217 9.58 19.082 30.217 9.58 19.082 -26.303 9.58 18.303 -18.303 9.58 18.303 -10.303 9.58 18.303 -2.303 9.58 18.303 5.697 9.58 18.303 13.697 9.58 18.303 21.697 9.58 18.303 29.697 9.58 18.303 -27.082 9.58 17.783 -19.082 9.58 17.783 -11.082 9.58 17.783 -3.082 9.58 17.783 4.918 9.58 17.783 12.918 9.58 17.783 20.918 9.58 17.783 28.918 9.58 17.783 -28 9.58 17.6 -20 9.58 17.6 -12 9.58 17.6 -4 9.58 17.6 4 9.58 17.6 12 9.58 17.6 20 9.58 17.6 28 9.58 17.6 28 9.58 -22.4 20 9.58 -22.4 12 9.58 -22.4 4 9.58 -22.4 -4 9.58 -22.4 -12 9.58 -22.4 -20 9.58 -22.4 -28 9.58 -22.4 28.918 9.58 -22.217 20.918 9.58 -22.217 12.918 9.58 -22.217 4.918 9.58 -22.217 -3.082 9.58 -22.217 -11.082 9.58 -22.217 -19.082 9.58 -22.217 -27.082 9.58 -22.217 29.697 9.58 -21.697 21.697 9.58 -21.697 13.697 9.58 -21.697 5.697 9.58 -21.697 -2.303 9.58 -21.697 -10.303 9.58 -21.697 -18.303 9.58 -21.697 -26.303 9.58 -21.697 30.217 9.58 -20.918 22.217 9.58 -20.918 14.217 9.58 -20.918 6.217 9.58 -20.918 -1.783 9.58 -20.918 -9.783 9.58 -20.918 -17.783 9.58 -20.918 -25.783 9.58 -20.918 30.4 9.58 -20 22.4 9.58 -20 14.4 9.58 -20 6.4 9.58 -20 -1.6 9.58 -20 -9.6 9.58 -20 -17.6 9.58 -20 -25.6 9.58 -20 30.217 9.58 -19.082 22.217 9.58 -19.082 14.217 9.58 -19.082 6.217 9.58 -19.082 -1.783 9.58 -19.082 -9.783 9.58 -19.082 -17.783 9.58 -19.082 -25.783 9.58 -19.082 29.697 9.58 -18.303 21.697 9.58 -18.303 13.697 9.58 -18.303 5.697 9.58 -18.303 -2.303 9.58 -18.303 -10.303 9.58 -18.303 -18.303 9.58 -18.303 -26.303 9.58 -18.303 28.918 9.58 -17.783 20.918 9.58 -17.783 12.918 9.58 -17.783 4.918 9.58 -17.783 -3.082 9.58 -17.783 -11.082 9.58 -17.783 -19.082 9.58 -17.783 -27.082 9.58 -17.783 28 9.58 -17.6 20 9.58 -17.6 12 9.58 -17.6 4 9.58 -17.6 -4 9.58 -17.6 -12 9.58 -17.6 -20 9.58 -17.6 -28 9.58 -17.6 27.082 9.58 -17.783 19.082 9.58 -17.783 11.082 9.58 -17.783 3.082 9.58 -17.783 -4.918 9.58 -17.783 -12.918 9.58 -17.783 -20.918 9.58 -17.783 -28.918 9.58 -17.783 26.303 9.58 -18.303 18.303 9.58 -18.303 10.303 9.58 -18.303 2.303 9.58 -18.303 -5.697 9.58 -18.303 -13.697 9.58 -18.303 -21.697 9.58 -18.303 -29.697 9.58 -18.303 25.783 9.58 -19.082 17.783 9.58 -19.082 9.783 9.58 -19.082 1.783 9.58 -19.082 -6.217 9.58 -19.082 -14.217 9.58 -19.082 -22.217 9.58 -19.082 -30.217 9.58 -19.082 25.6 9.58 -20 17.6 9.58 -20 9.6 9.58 -20 1.6 9.58 -20 -6.4 9.58 -20 -14.4 9.58 -20 -22.4 9.58 -20 -30.4 9.58 -20 25.783 9.58 -20.918 17.783 9.58 -20.918 9.783 9.58 -20.918 1.783 9.58 -20.918 -6.217 9.58 -20.918 -14.217 9.58 -20.918 -22.217 9.58 -20.918 -30.217 9.58 -20.918 26.303 9.58 -21.697 18.303 9.58 -21.697 10.303 9.58 -21.697 2.303 9.58 -21.697 -5.697 9.58 -21.697 -13.697 9.58 -21.697 -21.697 9.58 -21.697 -29.697 9.58 -21.697 27.082 9.58 -22.217 19.082 9.58 -22.217 11.082 9.58 -22.217 3.082 9.58 -22.217 -4.918 9.58 -22.217 -12.918 9.58 -22.217 -20.918 9.58 -22.217 -28.918 9.58 -22.217 27.082 11.4 -22.217 19.082 11.4 -22.217 11.082 11.4 -22.217 3.082 11.4 -22.217 -4.918 11.4 -22.217 -12.918 11.4 -22.217 -20.918 11.4 -22.217 -28.918 11.4 -22.217 26.303 11.4 -21.697 18.303 11.4 -21.697 10.303 11.4 -21.697 2.303 11.4 -21.697 -5.697 11.4 -21.697 -13.697 11.4 -21.697 -21.697 11.4 -21.697 -29.697 11.4 -21.697 25.783 11.4 -20.918 17.783 11.4 -20.918 9.783 11.4 -20.918 1.783 11.4 -20.918 -6.217 11.4 -20.918 -14.217 11.4 -20.918 -22.217 11.4 -20.918 -30.217 11.4 -20.918 25.6 11.4 -20 17.6 11.4 -20 9.6 11.4 -20 1.6 11.4 -20 -6.4 11.4 -20 -14.4 11.4 -20 -22.4 11.4 -20 -30.4 11.4 -20 25.783 11.4 -19.082 17.783 11.4 -19.082 9.783 11.4 -19.082 1.783 11.4 -19.082 -6.217 11.4 -19.082 -14.217 11.4 -19.082 -22.217 11.4 -19.082 -30.217 11.4 -19.082 26.303 11.4 -18.303 18.303 11.4 -18.303 10.303 11.4 -18.303 2.303 11.4 -18.303 -5.697 11.4 -18.303 -13.697 11.4 -18.303 -21.697 11.4 -18.303 -29.697 11.4 -18.303 27.082 11.4 -17.783 19.082 11.4 -17.783 11.082 11.4 -17.783 3.082 11.4 -17.783 -4.918 11.4 -17.783 -12.918 11.4 -17.783 -20.918 11.4 -17.783 -28.918 11.4 -17.783 28 11.4 -17.6 20 11.4 -17.6 12 11.4 -17.6 4 11.4 -17.6 -4 11.4 -17.6 -12 11.4 -17.6 -20 11.4 -17.6 -28 11.4 -17.6 28.918 11.4 -17.783 20.918 11.4 -17.783 12.918 11.4 -17.783 4.918 11.4 -17.783 -3.082 11.4 -17.783 -11.082 11.4 -17.783 -19.082 11.4 -17.783 -27.082 11.4 -17.783 29.697 11.4 -18.303 21.697 11.4 -18.303 13.697 11.4 -18.303 5.697 11.4 -18.303 -2.303 11.4 -18.303 -10.303 11.4 -18.303 -18.303 11.4 -18.303 -26.303 11.4 -18.303 30.217 11.4 -19.082 22.217 11.4 -19.082 14.217 11.4 -19.082 6.217 11.4 -19.082 -1.783 11.4 -19.082 -9.783 11.4 -19.082 -17.783 11.4 -19.082 -25.783 11.4 -19.082 30.4 11.4 -20 22.4 11.4 -20 14.4 11.4 -20 6.4 11.4 -20 -1.6 11.4 -20 -9.6 11.4 -20 -17.6 11.4 -20 -25.6 11.4 -20 30.217 11.4 -20.918 22.217 11.4 -20.918 14.217 11.4 -20.918 6.217 11.4 -20.918 -1.783 11.4 -20.918 -9.783 11.4 -20.918 -17.783 11.4 -20.918 -25.783 11.4 -20.918 29.697 11.4 -21.697 21.697 11.4 -21.697 13.697 11.4 -21.697 5.697 11.4 -21.697 -2.303 11.4 -21.697 -10.303 11.4 -21.697 -18.303 11.4 -21.697 -26.303 11.4 -21.697 28.918 11.4 -22.217 20.918 11.4 -22.217 12.918 11.4 -22.217 4.918 11.4 -22.217 -3.082 11.4 -22.217 -11.082 11.4 -22.217 -19.082 11.4 -22.217 -27.082 11.4 -22.217 28 11.4 -22.4 20 11.4 -22.4 12 11.4 -22.4 4 11.4 -22.4 -4 11.4 -22.4 -12 11.4 -22.4 -20 11.4 -22.4 -28 11.4 -22.4 28 11.4 -20 20 11.4 -20 12 11.4 -20 4 11.4 -20 -4 11.4 -20 -12 11.4 -20 -20 11.4 -20 -28 11.4 -20 36 11.4 -20 36 11.4 -22.4 36.918 11.4 -22.217 37.697 11.4 -21.697 38.217 11.4 -20.918 38.4 11.4 -20 38.217 11.4 -19.082 37.697 11.4 -18.303 36.918 11.4 -17.783 36 11.4 -17.6 35.082 11.4 -17.783 34.303 11.4 -18.303 33.783 11.4 -19.082 33.6 11.4 -20 33.783 11.4 -20.918 34.303 11.4 -21.697 35.082 11.4 -22.217 35.082 9.58 -22.217 34.303 9.58 -21.697 33.783 9.58 -20.918 33.6 9.58 -20 33.783 9.58 -19.082 34.303 9.58 -18.303 35.082 9.58 -17.783 36 9.58 -17.6 36.918 9.58 -17.783 37.697 9.58 -18.303 38.217 9.58 -19.082 38.4 9.58 -20 38.217 9.58 -20.918 37.697 9.58 -21.697 36.918 9.58 -22.217 36 9.58 -22.4 -36 9.58 -22.4 -35.082 9.58 -22.217 -34.303 9.58 -21.697 -33.783 9.58 -20.918 -33.6 9.58 -20 -33.783 9.58 -19.082 -34.303 9.58 -18.303 -35.082 9.58 -17.783 -36 9.58 -17.6 -36.918 9.58 -17.783 -37.697 9.58 -18.303 -38.217 9.58 -19.082 -38.4 9.58 -20 -38.217 9.58 -20.918 -37.697 9.58 -21.697 -36.918 9.58 -22.217 -36.918 11.4 -22.217 -37.697 11.4 -21.697 -38.217 11.4 -20.918 -38.4 11.4 -20 -38.217 11.4 -19.082 -37.697 11.4 -18.303 -36.918 11.4 -17.783 -36 11.4 -17.6 -35.082 11.4 -17.783 -34.303 11.4 -18.303 -33.783 11.4 -19.082 -33.6 11.4 -20 -33.783 11.4 -20.918 -34.303 11.4 -21.697 -35.082 11.4 -22.217 -36 11.4 -22.4 -36 11.4 -20 -44 11.4 -20 -44 11.4 -22.4 -43.082 11.4 -22.217 -42.303 11.4 -21.697 -41.783 11.4 -20.918 -41.6 11.4 -20 -41.783 11.4 -19.082 -42.303 11.4 -18.303 -43.082 11.4 -17.783 -44 11.4 -17.6 -44.918 11.4 -17.783 -45.697 11.4 -18.303 -46.217 11.4 -19.082 -46.4 11.4 -20 -46.217 11.4 -20.918 -45.697 11.4 -21.697 -44.918 11.4 -22.217 -44.918 9.58 -22.217 -45.697 9.58 -21.697 -46.217 9.58 -20.918 -46.4 9.58 -20 -46.217 9.58 -19.082 -45.697 9.58 -18.303 -44.918 9.58 -17.783 -44 9.58 -17.6 -43.082 9.58 -17.783 -42.303 9.58 -18.303 -41.783 9.58 -19.082 -41.6 9.58 -20 -41.783 9.58 -20.918 -42.303 9.58 -21.697 -43.082 9.58 -22.217 -44 9.58 -22.4 44 9.58 -22.4 44.918 9.58 -22.217 45.697 9.58 -21.697 46.217 9.58 -20.918 46.4 9.58 -20 46.217 9.58 -19.082 45.697 9.58 -18.303 44.918 9.58 -17.783 44 9.58 -17.6 43.082 9.58 -17.783 42.303 9.58 -18.303 41.783 9.58 -19.082 41.6 9.58 -20 41.783 9.58 -20.918 42.303 9.58 -21.697 43.082 9.58 -22.217 43.082 11.4 -22.217 42.303 11.4 -21.697 41.783 11.4 -20.918 41.6 11.4 -20 41.783 11.4 -19.082 42.303 11.4 -18.303 43.082 11.4 -17.783 44 11.4 -17.6 44.918 11.4 -17.783 45.697 11.4 -18.303 46.217 11.4 -19.082 46.4 11.4 -20 46.217 11.4 -20.918 45.697 11.4 -21.697 44.918 11.4 -22.217 44 11.4 -22.4 44 11.4 -20 60 11.4 -20 60 11.4 -22.4 60.918 11.4 -22.217 61.697 11.4 -21.697 62.217 11.4 -20.918 62.4 11.4 -20 62.217 11.4 -19.082 61.697 11.4 -18.303 60.918 11.4 -17.783 60 11.4 -17.6 59.082 11.4 -17.783 58.303 11.4 -18.303 57.783 11.4 -19.082 57.6 11.4 -20 57.783 11.4 -20.918 58.303 11.4 -21.697 59.082 11.4 -22.217 59.082 9.58 -22.217 58.303 9.58 -21.697 57.783 9.58 -20.918 57.6 9.58 -20 57.783 9.58 -19.082 58.303 9.58 -18.303 59.082 9.58 -17.783 60 9.58 -17.6 60.918 9.58 -17.783 61.697 9.58 -18.303 62.217 9.58 -19.082 62.4 9.58 -20 62.217 9.58 -20.918 61.697 9.58 -21.697 60.918 9.58 -22.217 60 9.58 -22.4 52 9.58 -22.4 52.918 9.58 -22.217 53.697 9.58 -21.697 54.217 9.58 -20.918 54.4 9.58 -20 54.217 9.58 -19.082 53.697 9.58 -18.303 52.918 9.58 -17.783 52 9.58 -17.6 51.082 9.58 -17.783 50.303 9.58 -18.303 49.783 9.58 -19.082 49.6 9.58 -20 49.783 9.58 -20.918 50.303 9.58 -21.697 51.082 9.58 -22.217 51.082 11.4 -22.217 50.303 11.4 -21.697 49.783 11.4 -20.918 49.6 11.4 -20 49.783 11.4 -19.082 50.303 11.4 -18.303 51.082 11.4 -17.783 52 11.4 -17.6 52.918 11.4 -17.783 53.697 11.4 -18.303 54.217 11.4 -19.082 54.4 11.4 -20 54.217 11.4 -20.918 53.697 11.4 -21.697 52.918 11.4 -22.217 52 11.4 -22.4 52 11.4 -20 52 11.4 20 52 11.4 17.6 52.918 11.4 17.783 53.697 11.4 18.303 54.217 11.4 19.082 54.4 11.4 20 54.217 11.4 20.918 53.697 11.4 21.697 52.918 11.4 22.217 52 11.4 22.4 51.082 11.4 22.217 50.303 11.4 21.697 49.783 11.4 20.918 49.6 11.4 20 49.783 11.4 19.082 50.303 11.4 18.303 51.082 11.4 17.783 51.082 9.58 17.783 50.303 9.58 18.303 49.783 9.58 19.082 49.6 9.58 20 49.783 9.58 20.918 50.303 9.58 21.697 51.082 9.58 22.217 52 9.58 22.4 52.918 9.58 22.217 53.697 9.58 21.697 54.217 9.58 20.918 54.4 9.58 20 54.217 9.58 19.082 53.697 9.58 18.303 52.918 9.58 17.783 52 9.58 17.6 60 9.58 17.6 60.918 9.58 17.783 61.697 9.58 18.303 62.217 9.58 19.082 62.4 9.58 20 62.217 9.58 20.918 61.697 9.58 21.697 60.918 9.58 22.217 60 9.58 22.4 59.082 9.58 22.217 58.303 9.58 21.697 57.783 9.58 20.918 57.6 9.58 20 57.783 9.58 19.082 58.303 9.58 18.303 59.082 9.58 17.783 59.082 11.4 17.783 58.303 11.4 18.303 57.783 11.4 19.082 57.6 11.4 20 57.783 11.4 20.918 58.303 11.4 21.697 59.082 11.4 22.217 60 11.4 22.4 60.918 11.4 22.217 61.697 11.4 21.697 62.217 11.4 20.918 62.4 11.4 20 62.217 11.4 19.082 61.697 11.4 18.303 60.918 11.4 17.783 60 11.4 17.6 60 11.4 20 61.697 11.4 10.303 61.697 11.4 13.697 60 11.4 14.4 58.303 11.4 13.697 57.783 11.4 12.918 57.783 11.4 11.082 58.303 11.4 10.303 59.082 11.4 9.783 58.303 9.58 10.303 57.783 9.58 11.082 57.6 9.58 12 57.783 9.58 12.918 59.082 9.58 14.217 60 9.58 14.4 60.918 9.58 14.217 61.697 9.58 10.303 52 9.58 9.6 54.4 9.58 12 53.697 9.58 13.697 52 9.58 14.4 51.082 9.58 14.217 49.6 9.58 12 49.783 9.58 11.082 50.303 11.4 10.303 49.783 11.4 11.082 49.6 11.4 12 49.783 11.4 12.918 50.303 11.4 13.697 52 11.4 14.4 54.217 11.4 12.918 54.217 11.4 11.082 52.918 11.4 9.783 60 11.4 -12 60 11.4 -14.4 60.918 11.4 -14.217 61.697 11.4 -13.697 62.217 11.4 -12.918 62.4 11.4 -12 62.217 11.4 -11.082 61.697 11.4 -10.303 60.918 11.4 -9.783 60 11.4 -9.6 59.082 11.4 -9.783 58.303 11.4 -10.303 57.783 11.4 -11.082 57.6 11.4 -12 57.783 11.4 -12.918 58.303 11.4 -13.697 59.082 11.4 -14.217 59.082 9.58 -14.217 58.303 9.58 -13.697 57.783 9.58 -12.918 57.6 9.58 -12 57.783 9.58 -11.082 58.303 9.58 -10.303 59.082 9.58 -9.783 60 9.58 -9.6 60.918 9.58 -9.783 61.697 9.58 -10.303 62.217 9.58 -11.082 62.4 9.58 -12 62.217 9.58 -12.918 61.697 9.58 -13.697 60.918 9.58 -14.217 60 9.58 -14.4 52 9.58 -14.4 52.918 9.58 -14.217 53.697 9.58 -13.697 54.217 9.58 -12.918 54.4 9.58 -12 54.217 9.58 -11.082 53.697 9.58 -10.303 52.918 9.58 -9.783 52 9.58 -9.6 51.082 9.58 -9.783 50.303 9.58 -10.303 49.783 9.58 -11.082 49.6 9.58 -12 49.783 9.58 -12.918 50.303 9.58 -13.697 51.082 9.58 -14.217 51.082 11.4 -14.217 50.303 11.4 -13.697 49.783 11.4 -12.918 49.6 11.4 -12 49.783 11.4 -11.082 50.303 11.4 -10.303 51.082 11.4 -9.783 52 11.4 -9.6 52.918 11.4 -9.783 53.697 11.4 -10.303 54.217 11.4 -11.082 54.4 11.4 -12 54.217 11.4 -12.918 53.697 11.4 -13.697 52.918 11.4 -14.217 52 11.4 -14.4 52 11.4 -12 52 11.4 12 52 11.4 9.6 53.697 11.4 10.303 54.4 11.4 12 53.697 11.4 13.697 52.918 11.4 14.217 51.082 11.4 14.217 51.082 11.4 9.783 51.082 9.58 9.783 50.303 9.58 10.303 49.783 9.58 12.918 50.303 9.58 13.697 52.918 9.58 14.217 54.217 9.58 12.918 54.217 9.58 11.082 53.697 9.58 10.303 52.918 9.58 9.783 60 9.58 9.6 60.918 9.58 9.783 62.217 9.58 11.082 62.4 9.58 12 62.217 9.58 12.918 61.697 9.58 13.697 58.303 9.58 13.697 59.082 9.58 9.783 57.6 11.4 12 59.082 11.4 14.217 60.918 11.4 14.217 62.217 11.4 12.918 62.4 11.4 12 62.217 11.4 11.082 60.918 11.4 9.783 60 11.4 9.6 60 11.4 12 60 9.58 -6.4 60.918 9.58 -6.217 61.697 9.58 -5.697 62.217 9.58 -4.918 62.4 9.58 -4 62.217 9.58 -3.082 61.697 9.58 -2.303 60.918 9.58 -1.783 60 9.58 -1.6 59.082 9.58 -1.783 58.303 9.58 -2.303 57.783 9.58 -3.082 57.6 9.58 -4 57.783 9.58 -4.918 58.303 9.58 -5.697 59.082 9.58 -6.217 59.082 11.4 -6.217 58.303 11.4 -5.697 57.783 11.4 -4.918 57.6 11.4 -4 57.783 11.4 -3.082 58.303 11.4 -2.303 59.082 11.4 -1.783 60 11.4 -1.6 60.918 11.4 -1.783 61.697 11.4 -2.303 62.217 11.4 -3.082 62.4 11.4 -4 62.217 11.4 -4.918 61.697 11.4 -5.697 60.918 11.4 -6.217 60 11.4 -6.4 60 11.4 -4 60 11.4 4 60 11.4 1.6 60.918 11.4 1.783 61.697 11.4 2.303 62.217 11.4 3.082 62.4 11.4 4 62.217 11.4 4.918 61.697 11.4 5.697 60.918 11.4 6.217 60 11.4 6.4 59.082 11.4 6.217 58.303 11.4 5.697 57.783 11.4 4.918 57.6 11.4 4 57.783 11.4 3.082 58.303 11.4 2.303 59.082 11.4 1.783 59.082 9.58 1.783 58.303 9.58 2.303 57.783 9.58 3.082 57.6 9.58 4 57.783 9.58 4.918 58.303 9.58 5.697 59.082 9.58 6.217 60 9.58 6.4 60.918 9.58 6.217 61.697 9.58 5.697 62.217 9.58 4.918 62.4 9.58 4 62.217 9.58 3.082 61.697 9.58 2.303 60.918 9.58 1.783 60 9.58 1.6 52 9.58 1.6 52.918 9.58 1.783 53.697 9.58 2.303 54.217 9.58 3.082 54.4 9.58 4 54.217 9.58 4.918 53.697 9.58 5.697 52.918 9.58 6.217 52 9.58 6.4 51.082 9.58 6.217 50.303 9.58 5.697 49.783 9.58 4.918 49.6 9.58 4 49.783 9.58 3.082 50.303 9.58 2.303 51.082 9.58 1.783 51.082 11.4 1.783 50.303 11.4 2.303 49.783 11.4 3.082 49.6 11.4 4 49.783 11.4 4.918 50.303 11.4 5.697 51.082 11.4 6.217 52 11.4 6.4 52.918 11.4 6.217 53.697 11.4 5.697 54.217 11.4 4.918 54.4 11.4 4 54.217 11.4 3.082 53.697 11.4 2.303 52.918 11.4 1.783 52 11.4 1.6 52 11.4 4 52 11.4 -4 52 11.4 -6.4 52.918 11.4 -6.217 53.697 11.4 -5.697 54.217 11.4 -4.918 54.4 11.4 -4 54.217 11.4 -3.082 53.697 11.4 -2.303 52.918 11.4 -1.783 52 11.4 -1.6 51.082 11.4 -1.783 50.303 11.4 -2.303 49.783 11.4 -3.082 49.6 11.4 -4 49.783 11.4 -4.918 50.303 11.4 -5.697 51.082 11.4 -6.217 51.082 9.58 -6.217 50.303 9.58 -5.697 49.783 9.58 -4.918 49.6 9.58 -4 49.783 9.58 -3.082 50.303 9.58 -2.303 51.082 9.58 -1.783 52 9.58 -1.6 52.918 9.58 -1.783 53.697 9.58 -2.303 54.217 9.58 -3.082 54.4 9.58 -4 54.217 9.58 -4.918 53.697 9.58 -5.697 52.918 9.58 -6.217 52 9.58 -6.4 -60 9.58 -6.4 -59.082 9.58 -6.217 -58.303 9.58 -5.697 -57.783 9.58 -4.918 -57.6 9.58 -4 -57.783 9.58 -3.082 -58.303 9.58 -2.303 -59.082 9.58 -1.783 -60 9.58 -1.6 -60.918 9.58 -1.783 -61.697 9.58 -2.303 -62.217 9.58 -3.082 -62.4 9.58 -4 -62.217 9.58 -4.918 -61.697 9.58 -5.697 -60.918 9.58 -6.217 -60.918 11.4 -6.217 -61.697 11.4 -5.697 -62.217 11.4 -4.918 -62.4 11.4 -4 -62.217 11.4 -3.082 -61.697 11.4 -2.303 -60.918 11.4 -1.783 -60 11.4 -1.6 -59.082 11.4 -1.783 -58.303 11.4 -2.303 -57.783 11.4 -3.082 -57.6 11.4 -4 -57.783 11.4 -4.918 -58.303 11.4 -5.697 -59.082 11.4 -6.217 -60 11.4 -6.4 -60 11.4 -4 -60 11.4 4 -60 11.4 1.6 -59.082 11.4 1.783 -58.303 11.4 2.303 -57.783 11.4 3.082 -57.6 11.4 4 -57.783 11.4 4.918 -58.303 11.4 5.697 -59.082 11.4 6.217 -60 11.4 6.4 -60.918 11.4 6.217 -61.697 11.4 5.697 -62.217 11.4 4.918 -62.4 11.4 4 -62.217 11.4 3.082 -61.697 11.4 2.303 -60.918 11.4 1.783 -60.918 9.58 1.783 -61.697 9.58 2.303 -62.217 9.58 3.082 -62.4 9.58 4 -62.217 9.58 4.918 -61.697 9.58 5.697 -60.918 9.58 6.217 -60 9.58 6.4 -59.082 9.58 6.217 -58.303 9.58 5.697 -57.783 9.58 4.918 -57.6 9.58 4 -57.783 9.58 3.082 -58.303 9.58 2.303 -59.082 9.58 1.783 -60 9.58 1.6 -52 9.58 1.6 -51.082 9.58 1.783 -50.303 9.58 2.303 -49.783 9.58 3.082 -49.6 9.58 4 -49.783 9.58 4.918 -50.303 9.58 5.697 -51.082 9.58 6.217 -52 9.58 6.4 -52.918 9.58 6.217 -53.697 9.58 5.697 -54.217 9.58 4.918 -54.4 9.58 4 -54.217 9.58 3.082 -53.697 9.58 2.303 -52.918 9.58 1.783 -52.918 11.4 1.783 -53.697 11.4 2.303 -54.217 11.4 3.082 -54.4 11.4 4 -54.217 11.4 4.918 -53.697 11.4 5.697 -52.918 11.4 6.217 -52 11.4 6.4 -51.082 11.4 6.217 -50.303 11.4 5.697 -49.783 11.4 4.918 -49.6 11.4 4 -49.783 11.4 3.082 -50.303 11.4 2.303 -51.082 11.4 1.783 -52 11.4 1.6 -52 11.4 4 -52 11.4 -4 -52 11.4 -6.4 -51.082 11.4 -6.217 -50.303 11.4 -5.697 -49.783 11.4 -4.918 -49.6 11.4 -4 -49.783 11.4 -3.082 -50.303 11.4 -2.303 -51.082 11.4 -1.783 -52 11.4 -1.6 -52.918 11.4 -1.783 -53.697 11.4 -2.303 -54.217 11.4 -3.082 -54.4 11.4 -4 -54.217 11.4 -4.918 -53.697 11.4 -5.697 -52.918 11.4 -6.217 -52.918 9.58 -6.217 -53.697 9.58 -5.697 -54.217 9.58 -4.918 -54.4 9.58 -4 -54.217 9.58 -3.082 -53.697 9.58 -2.303 -52.918 9.58 -1.783 -52 9.58 -1.6 -51.082 9.58 -1.783 -50.303 9.58 -2.303 -49.783 9.58 -3.082 -49.6 9.58 -4 -49.783 9.58 -4.918 -50.303 9.58 -5.697 -51.082 9.58 -6.217 -52 9.58 -6.4 -52 11.4 12 -52 11.4 9.6 -51.082 11.4 9.783 -49.783 11.4 11.082 -49.6 11.4 12 -49.783 11.4 12.918 -51.082 11.4 14.217 -52.918 11.4 14.217 -54.4 11.4 12 -52.918 9.58 9.783 -53.697 9.58 13.697 -50.303 9.58 13.697 -49.783 9.58 12.918 -49.6 9.58 12 -49.783 9.58 11.082 -51.082 9.58 9.783 -52 9.58 9.6 -59.082 9.58 9.783 -58.303 9.58 10.303 -57.783 9.58 11.082 -57.783 9.58 12.918 -59.082 9.58 14.217 -61.697 9.58 13.697 -62.217 9.58 12.918 -61.697 9.58 10.303 -60.918 9.58 9.783 -60.918 11.4 9.783 -60.918 11.4 14.217 -59.082 11.4 14.217 -58.303 11.4 13.697 -57.6 11.4 12 -58.303 11.4 10.303 -60 11.4 9.6 -60 11.4 12 -60 11.4 -12 -60 11.4 -14.4 -59.082 11.4 -14.217 -58.303 11.4 -13.697 -57.783 11.4 -12.918 -57.6 11.4 -12 -57.783 11.4 -11.082 -58.303 11.4 -10.303 -59.082 11.4 -9.783 -60 11.4 -9.6 -60.918 11.4 -9.783 -61.697 11.4 -10.303 -62.217 11.4 -11.082 -62.4 11.4 -12 -62.217 11.4 -12.918 -61.697 11.4 -13.697 -60.918 11.4 -14.217 -60.918 9.58 -14.217 -61.697 9.58 -13.697 -62.217 9.58 -12.918 -62.4 9.58 -12 -62.217 9.58 -11.082 -61.697 9.58 -10.303 -60.918 9.58 -9.783 -60 9.58 -9.6 -59.082 9.58 -9.783 -58.303 9.58 -10.303 -57.783 9.58 -11.082 -57.6 9.58 -12 -57.783 9.58 -12.918 -58.303 9.58 -13.697 -59.082 9.58 -14.217 -60 9.58 -14.4 -52 9.58 -14.4 -51.082 9.58 -14.217 -50.303 9.58 -13.697 -49.783 9.58 -12.918 -49.6 9.58 -12 -49.783 9.58 -11.082 -50.303 9.58 -10.303 -51.082 9.58 -9.783 -52 9.58 -9.6 -52.918 9.58 -9.783 -53.697 9.58 -10.303 -54.217 9.58 -11.082 -54.4 9.58 -12 -54.217 9.58 -12.918 -53.697 9.58 -13.697 -52.918 9.58 -14.217 -52.918 11.4 -14.217 -53.697 11.4 -13.697 -54.217 11.4 -12.918 -54.4 11.4 -12 -54.217 11.4 -11.082 -53.697 11.4 -10.303 -52.918 11.4 -9.783 -52 11.4 -9.6 -51.082 11.4 -9.783 -50.303 11.4 -10.303 -49.783 11.4 -11.082 -49.6 11.4 -12 -49.783 11.4 -12.918 -50.303 11.4 -13.697 -51.082 11.4 -14.217 -52 11.4 -14.4 -52 11.4 -12 -59.082 11.4 9.783 -57.783 11.4 11.082 -57.783 11.4 12.918 -60 11.4 14.4 -61.697 11.4 13.697 -62.217 11.4 12.918 -62.4 11.4 12 -62.217 11.4 11.082 -61.697 11.4 10.303 -62.217 9.58 11.082 -62.4 9.58 12 -60.918 9.58 14.217 -60 9.58 14.4 -58.303 9.58 13.697 -57.6 9.58 12 -60 9.58 9.6 -50.303 9.58 10.303 -51.082 9.58 14.217 -52 9.58 14.4 -52.918 9.58 14.217 -54.217 9.58 12.918 -54.4 9.58 12 -54.217 9.58 11.082 -53.697 9.58 10.303 -52.918 11.4 9.783 -53.697 11.4 10.303 -54.217 11.4 11.082 -54.217 11.4 12.918 -53.697 11.4 13.697 -52 11.4 14.4 -50.303 11.4 13.697 -50.303 11.4 10.303 -52 11.4 20 -52 11.4 17.6 -51.082 11.4 17.783 -50.303 11.4 18.303 -49.783 11.4 19.082 -49.6 11.4 20 -49.783 11.4 20.918 -50.303 11.4 21.697 -51.082 11.4 22.217 -52 11.4 22.4 -52.918 11.4 22.217 -53.697 11.4 21.697 -54.217 11.4 20.918 -54.4 11.4 20 -54.217 11.4 19.082 -53.697 11.4 18.303 -52.918 11.4 17.783 -52.918 9.58 17.783 -53.697 9.58 18.303 -54.217 9.58 19.082 -54.4 9.58 20 -54.217 9.58 20.918 -53.697 9.58 21.697 -52.918 9.58 22.217 -52 9.58 22.4 -51.082 9.58 22.217 -50.303 9.58 21.697 -49.783 9.58 20.918 -49.6 9.58 20 -49.783 9.58 19.082 -50.303 9.58 18.303 -51.082 9.58 17.783 -52 9.58 17.6 -60 9.58 17.6 -59.082 9.58 17.783 -58.303 9.58 18.303 -57.783 9.58 19.082 -57.6 9.58 20 -57.783 9.58 20.918 -58.303 9.58 21.697 -59.082 9.58 22.217 -60 9.58 22.4 -60.918 9.58 22.217 -61.697 9.58 21.697 -62.217 9.58 20.918 -62.4 9.58 20 -62.217 9.58 19.082 -61.697 9.58 18.303 -60.918 9.58 17.783 -60.918 11.4 17.783 -61.697 11.4 18.303 -62.217 11.4 19.082 -62.4 11.4 20 -62.217 11.4 20.918 -61.697 11.4 21.697 -60.918 11.4 22.217 -60 11.4 22.4 -59.082 11.4 22.217 -58.303 11.4 21.697 -57.783 11.4 20.918 -57.6 11.4 20 -57.783 11.4 19.082 -58.303 11.4 18.303 -59.082 11.4 17.783 -60 11.4 17.6 -60 11.4 20 -60 11.4 -20 -60 11.4 -22.4 -59.082 11.4 -22.217 -58.303 11.4 -21.697 -57.783 11.4 -20.918 -57.6 11.4 -20 -57.783 11.4 -19.082 -58.303 11.4 -18.303 -59.082 11.4 -17.783 -60 11.4 -17.6 -60.918 11.4 -17.783 -61.697 11.4 -18.303 -62.217 11.4 -19.082 -62.4 11.4 -20 -62.217 11.4 -20.918 -61.697 11.4 -21.697 -60.918 11.4 -22.217 -60.918 9.58 -22.217 -61.697 9.58 -21.697 -62.217 9.58 -20.918 -62.4 9.58 -20 -62.217 9.58 -19.082 -61.697 9.58 -18.303 -60.918 9.58 -17.783 -60 9.58 -17.6 -59.082 9.58 -17.783 -58.303 9.58 -18.303 -57.783 9.58 -19.082 -57.6 9.58 -20 -57.783 9.58 -20.918 -58.303 9.58 -21.697 -59.082 9.58 -22.217 -60 9.58 -22.4 -52 9.58 -22.4 -51.082 9.58 -22.217 -50.303 9.58 -21.697 -49.783 9.58 -20.918 -49.6 9.58 -20 -49.783 9.58 -19.082 -50.303 9.58 -18.303 -51.082 9.58 -17.783 -52 9.58 -17.6 -52.918 9.58 -17.783 -53.697 9.58 -18.303 -54.217 9.58 -19.082 -54.4 9.58 -20 -54.217 9.58 -20.918 -53.697 9.58 -21.697 -52.918 9.58 -22.217 -52.918 11.4 -22.217 -53.697 11.4 -21.697 -54.217 11.4 -20.918 -54.4 11.4 -20 -54.217 11.4 -19.082 -53.697 11.4 -18.303 -52.918 11.4 -17.783 -52 11.4 -17.6 -51.082 11.4 -17.783 -50.303 11.4 -18.303 -49.783 11.4 -19.082 -49.6 11.4 -20 -49.783 11.4 -20.918 -50.303 11.4 -21.697 -51.082 11.4 -22.217 -52 11.4 -22.4 -52 11.4 -20 48 0.02 -18.4 48.918 0.02 -18.217 50.217 0.02 -16.918 47.082 0.02 -13.783 45.783 0.02 -15.082 46.303 0.02 -17.697 47.082 8.6 -18.217 46.303 8.6 -17.697 45.783 8.6 -16.918 45.6 8.6 -16 45.783 8.6 -15.082 48 8.6 -13.6 48.918 8.6 -13.783 49.697 8.6 -14.303 50.217 8.6 -15.082 50.4 8.6 -16 50.217 8.6 -16.918 49.697 8.6 -17.697 48 8.6 -18.4 45.702 0.02 -18.298 44.751 0.02 -16 44.998 0.02 -14.757 48 0.02 -12.751 50.298 0.02 -13.702 51.002 0.02 -14.757 51.002 0.02 -17.243 50.298 0.02 -18.298 49.243 0.02 -19.002 48 8.6 -19.249 49.243 8.6 -19.002 50.298 8.6 -18.298 51.002 8.6 -17.243 51.249 8.6 -16 50.298 8.6 -13.702 49.243 8.6 -12.998 44.998 8.6 -17.243 45.702 8.6 -18.298 46.757 8.6 -19.002 44.751 8.6 -16 44.998 8.6 -14.757 45.702 8.6 -13.702 46.757 8.6 -12.998 48 8.6 -12.751 51.002 8.6 -14.757 48 0.02 -19.249 51.249 0.02 -16 49.243 0.02 -12.998 46.757 0.02 -12.998 45.702 0.02 -13.702 44.998 0.02 -17.243 46.757 0.02 -19.002 48.918 8.6 -18.217 47.082 8.6 -13.783 46.303 8.6 -14.303 47.082 0.02 -18.217 45.783 0.02 -16.918 45.6 0.02 -16 46.303 0.02 -14.303 48 0.02 -13.6 48.918 0.02 -13.783 49.697 0.02 -14.303 50.217 0.02 -15.082 50.4 0.02 -16 49.697 0.02 -17.697 48 0.02 13.6 48.918 0.02 13.783 49.697 0.02 14.303 50.217 0.02 15.082 50.4 0.02 16 50.217 0.02 16.918 49.697 0.02 17.697 48.918 0.02 18.217 48 0.02 18.4 47.082 0.02 18.217 46.303 0.02 17.697 45.783 0.02 16.918 45.6 0.02 16 45.783 0.02 15.082 46.303 0.02 14.303 47.082 0.02 13.783 47.082 8.6 13.783 46.303 8.6 14.303 45.783 8.6 15.082 45.6 8.6 16 45.783 8.6 16.918 46.303 8.6 17.697 47.082 8.6 18.217 48 8.6 18.4 48.918 8.6 18.217 49.697 8.6 17.697 50.217 8.6 16.918 50.4 8.6 16 50.217 8.6 15.082 49.697 8.6 14.303 48.918 8.6 13.783 48 8.6 13.6 46.757 0.02 12.998 45.702 0.02 13.702 44.998 0.02 14.757 44.751 0.02 16 44.998 0.02 17.243 45.702 0.02 18.298 46.757 0.02 19.002 48 0.02 19.249 49.243 0.02 19.002 50.298 0.02 18.298 51.002 0.02 17.243 51.249 0.02 16 51.002 0.02 14.757 50.298 0.02 13.702 49.243 0.02 12.998 48 0.02 12.751 48 8.6 12.751 49.243 8.6 12.998 50.298 8.6 13.702 51.002 8.6 14.757 51.249 8.6 16 51.002 8.6 17.243 50.298 8.6 18.298 49.243 8.6 19.002 48 8.6 19.249 46.757 8.6 19.002 45.702 8.6 18.298 44.998 8.6 17.243 44.751 8.6 16 44.998 8.6 14.757 45.702 8.6 13.702 46.757 8.6 12.998 56 0.02 5.6 56.918 0.02 5.783 57.697 0.02 6.303 58.217 0.02 7.082 58.4 0.02 8 58.217 0.02 8.918 57.697 0.02 9.697 56.918 0.02 10.217 56 0.02 10.4 55.082 0.02 10.217 54.303 0.02 9.697 53.783 0.02 8.918 53.6 0.02 8 53.783 0.02 7.082 54.303 0.02 6.303 55.082 0.02 5.783 55.082 8.6 5.783 54.303 8.6 6.303 53.783 8.6 7.082 53.6 8.6 8 53.783 8.6 8.918 54.303 8.6 9.697 55.082 8.6 10.217 56 8.6 10.4 56.918 8.6 10.217 57.697 8.6 9.697 58.217 8.6 8.918 58.4 8.6 8 58.217 8.6 7.082 57.697 8.6 6.303 56.918 8.6 5.783 56 8.6 5.6 54.757 0.02 4.998 53.702 0.02 5.702 52.998 0.02 6.757 52.751 0.02 8 52.998 0.02 9.243 53.702 0.02 10.298 54.757 0.02 11.002 56 0.02 11.249 57.243 0.02 11.002 58.298 0.02 10.298 59.002 0.02 9.243 59.249 0.02 8 59.002 0.02 6.757 58.298 0.02 5.702 57.243 0.02 4.998 56 0.02 4.751 56 8.6 4.751 57.243 8.6 4.998 58.298 8.6 5.702 59.002 8.6 6.757 59.249 8.6 8 59.002 8.6 9.243 58.298 8.6 10.298 57.243 8.6 11.002 56 8.6 11.249 54.757 8.6 11.002 53.702 8.6 10.298 52.998 8.6 9.243 52.751 8.6 8 52.998 8.6 6.757 53.702 8.6 5.702 54.757 8.6 4.998 54.757 8.6 -11.002 53.702 8.6 -10.298 52.998 8.6 -9.243 52.751 8.6 -8 52.998 8.6 -6.757 53.702 8.6 -5.702 54.757 8.6 -4.998 56 8.6 -4.751 57.243 8.6 -4.998 58.298 8.6 -5.702 59.002 8.6 -6.757 59.249 8.6 -8 59.002 8.6 -9.243 58.298 8.6 -10.298 57.243 8.6 -11.002 56 8.6 -11.249 56 0.02 -11.249 57.243 0.02 -11.002 58.298 0.02 -10.298 59.002 0.02 -9.243 59.249 0.02 -8 59.002 0.02 -6.757 58.298 0.02 -5.702 57.243 0.02 -4.998 56 0.02 -4.751 54.757 0.02 -4.998 53.702 0.02 -5.702 52.998 0.02 -6.757 52.751 0.02 -8 52.998 0.02 -9.243 53.702 0.02 -10.298 54.757 0.02 -11.002 56 8.6 -10.4 56.918 8.6 -10.217 57.697 8.6 -9.697 58.217 8.6 -8.918 58.4 8.6 -8 58.217 8.6 -7.082 57.697 8.6 -6.303 56.918 8.6 -5.783 56 8.6 -5.6 55.082 8.6 -5.783 54.303 8.6 -6.303 53.783 8.6 -7.082 53.6 8.6 -8 53.783 8.6 -8.918 54.303 8.6 -9.697 55.082 8.6 -10.217 55.082 0.02 -10.217 54.303 0.02 -9.697 53.783 0.02 -8.918 53.6 0.02 -8 53.783 0.02 -7.082 54.303 0.02 -6.303 55.082 0.02 -5.783 56 0.02 -5.6 56.918 0.02 -5.783 57.697 0.02 -6.303 58.217 0.02 -7.082 58.4 0.02 -8 58.217 0.02 -8.918 57.697 0.02 -9.697 56.918 0.02 -10.217 56 0.02 -10.4 46.757 8.6 -3.002 45.702 8.6 -2.298 44.998 8.6 -1.243 44.751 8.6 0 44.998 8.6 1.243 45.702 8.6 2.298 46.757 8.6 3.002 48 8.6 3.249 49.243 8.6 3.002 50.298 8.6 2.298 51.002 8.6 1.243 51.249 8.6 0 51.002 8.6 -1.243 50.298 8.6 -2.298 49.243 8.6 -3.002 48 8.6 -3.249 48 0.02 -3.249 49.243 0.02 -3.002 50.298 0.02 -2.298 51.002 0.02 -1.243 51.249 0.02 0 51.002 0.02 1.243 50.298 0.02 2.298 49.243 0.02 3.002 48 0.02 3.249 46.757 0.02 3.002 45.702 0.02 2.298 44.998 0.02 1.243 44.751 0.02 0 44.998 0.02 -1.243 45.702 0.02 -2.298 46.757 0.02 -3.002 48 8.6 -2.4 48.918 8.6 -2.217 49.697 8.6 -1.697 50.217 8.6 -0.918 50.4 8.6 0 50.217 8.6 0.918 49.697 8.6 1.697 48.918 8.6 2.217 48 8.6 2.4 47.082 8.6 2.217 46.303 8.6 1.697 45.783 8.6 0.918 45.6 8.6 0 45.783 8.6 -0.918 46.303 8.6 -1.697 47.082 8.6 -2.217 47.082 0.02 -2.217 46.303 0.02 -1.697 45.783 0.02 -0.918 45.6 0.02 0 45.783 0.02 0.918 46.303 0.02 1.697 47.082 0.02 2.217 48 0.02 2.4 48.918 0.02 2.217 49.697 0.02 1.697 50.217 0.02 0.918 50.4 0.02 0 50.217 0.02 -0.918 49.697 0.02 -1.697 48.918 0.02 -2.217 48 0.02 -2.4 -57.243 8.6 -11.002 -58.298 8.6 -10.298 -59.002 8.6 -9.243 -59.249 8.6 -8 -59.002 8.6 -6.757 -58.298 8.6 -5.702 -57.243 8.6 -4.998 -56 8.6 -4.751 -54.757 8.6 -4.998 -53.702 8.6 -5.702 -52.998 8.6 -6.757 -52.751 8.6 -8 -52.998 8.6 -9.243 -53.702 8.6 -10.298 -54.757 8.6 -11.002 -56 8.6 -11.249 -56 0.02 -11.249 -54.757 0.02 -11.002 -53.702 0.02 -10.298 -52.998 0.02 -9.243 -52.751 0.02 -8 -52.998 0.02 -6.757 -53.702 0.02 -5.702 -54.757 0.02 -4.998 -56 0.02 -4.751 -57.243 0.02 -4.998 -58.298 0.02 -5.702 -59.002 0.02 -6.757 -59.249 0.02 -8 -59.002 0.02 -9.243 -58.298 0.02 -10.298 -57.243 0.02 -11.002 -56 8.6 -10.4 -55.082 8.6 -10.217 -54.303 8.6 -9.697 -53.783 8.6 -8.918 -53.6 8.6 -8 -53.783 8.6 -7.082 -54.303 8.6 -6.303 -55.082 8.6 -5.783 -56 8.6 -5.6 -56.918 8.6 -5.783 -57.697 8.6 -6.303 -58.217 8.6 -7.082 -58.4 8.6 -8 -58.217 8.6 -8.918 -57.697 8.6 -9.697 -56.918 8.6 -10.217 -56.918 0.02 -10.217 -57.697 0.02 -9.697 -58.217 0.02 -8.918 -58.4 0.02 -8 -58.217 0.02 -7.082 -57.697 0.02 -6.303 -56.918 0.02 -5.783 -56 0.02 -5.6 -55.082 0.02 -5.783 -54.303 0.02 -6.303 -53.783 0.02 -7.082 -53.6 0.02 -8 -53.783 0.02 -8.918 -54.303 0.02 -9.697 -55.082 0.02 -10.217 -56 0.02 -10.4 -56 0.02 5.6 -55.082 0.02 5.783 -54.303 0.02 6.303 -53.783 0.02 7.082 -53.6 0.02 8 -53.783 0.02 8.918 -54.303 0.02 9.697 -55.082 0.02 10.217 -56 0.02 10.4 -56.918 0.02 10.217 -57.697 0.02 9.697 -58.217 0.02 8.918 -58.4 0.02 8 -58.217 0.02 7.082 -57.697 0.02 6.303 -56.918 0.02 5.783 -56.918 8.6 5.783 -57.697 8.6 6.303 -58.217 8.6 7.082 -58.4 8.6 8 -58.217 8.6 8.918 -57.697 8.6 9.697 -56.918 8.6 10.217 -56 8.6 10.4 -55.082 8.6 10.217 -54.303 8.6 9.697 -53.783 8.6 8.918 -53.6 8.6 8 -53.783 8.6 7.082 -54.303 8.6 6.303 -55.082 8.6 5.783 -56 8.6 5.6 -57.243 0.02 4.998 -58.298 0.02 5.702 -59.002 0.02 6.757 -59.249 0.02 8 -59.002 0.02 9.243 -58.298 0.02 10.298 -57.243 0.02 11.002 -56 0.02 11.249 -54.757 0.02 11.002 -53.702 0.02 10.298 -52.998 0.02 9.243 -52.751 0.02 8 -52.998 0.02 6.757 -53.702 0.02 5.702 -54.757 0.02 4.998 -56 0.02 4.751 -56 8.6 4.751 -54.757 8.6 4.998 -53.702 8.6 5.702 -52.998 8.6 6.757 -52.751 8.6 8 -52.998 8.6 9.243 -53.702 8.6 10.298 -54.757 8.6 11.002 -56 8.6 11.249 -57.243 8.6 11.002 -58.298 8.6 10.298 -59.002 8.6 9.243 -59.249 8.6 8 -59.002 8.6 6.757 -58.298 8.6 5.702 -57.243 8.6 4.998 -49.243 8.6 -3.002 -50.298 8.6 -2.298 -51.002 8.6 -1.243 -51.249 8.6 0 -51.002 8.6 1.243 -50.298 8.6 2.298 -49.243 8.6 3.002 -48 8.6 3.249 -46.757 8.6 3.002 -45.702 8.6 2.298 -44.998 8.6 1.243 -44.751 8.6 0 -44.998 8.6 -1.243 -45.702 8.6 -2.298 -46.757 8.6 -3.002 -48 8.6 -3.249 -48 0.02 -3.249 -46.757 0.02 -3.002 -45.702 0.02 -2.298 -44.998 0.02 -1.243 -44.751 0.02 0 -44.998 0.02 1.243 -45.702 0.02 2.298 -46.757 0.02 3.002 -48 0.02 3.249 -49.243 0.02 3.002 -50.298 0.02 2.298 -51.002 0.02 1.243 -51.249 0.02 0 -51.002 0.02 -1.243 -50.298 0.02 -2.298 -49.243 0.02 -3.002 -48 8.6 -2.4 -47.082 8.6 -2.217 -46.303 8.6 -1.697 -45.783 8.6 -0.918 -45.6 8.6 0 -45.783 8.6 0.918 -46.303 8.6 1.697 -47.082 8.6 2.217 -48 8.6 2.4 -48.918 8.6 2.217 -49.697 8.6 1.697 -50.217 8.6 0.918 -50.4 8.6 0 -50.217 8.6 -0.918 -49.697 8.6 -1.697 -48.918 8.6 -2.217 -48.918 0.02 -2.217 -49.697 0.02 -1.697 -50.217 0.02 -0.918 -50.4 0.02 0 -50.217 0.02 0.918 -49.697 0.02 1.697 -48.918 0.02 2.217 -48 0.02 2.4 -47.082 0.02 2.217 -46.303 0.02 1.697 -45.783 0.02 0.918 -45.6 0.02 0 -45.783 0.02 -0.918 -46.303 0.02 -1.697 -47.082 0.02 -2.217 -48 0.02 -2.4 -48 0.02 13.6 -47.082 0.02 13.783 -46.303 0.02 14.303 -45.783 0.02 15.082 -45.6 0.02 16 -45.783 0.02 16.918 -46.303 0.02 17.697 -47.082 0.02 18.217 -48 0.02 18.4 -48.918 0.02 18.217 -49.697 0.02 17.697 -50.217 0.02 16.918 -50.4 0.02 16 -50.217 0.02 15.082 -49.697 0.02 14.303 -48.918 0.02 13.783 -48.918 8.6 13.783 -49.697 8.6 14.303 -50.217 8.6 15.082 -50.4 8.6 16 -50.217 8.6 16.918 -49.697 8.6 17.697 -48.918 8.6 18.217 -48 8.6 18.4 -47.082 8.6 18.217 -46.303 8.6 17.697 -45.783 8.6 16.918 -45.6 8.6 16 -45.783 8.6 15.082 -46.303 8.6 14.303 -47.082 8.6 13.783 -48 8.6 13.6 -49.243 0.02 12.998 -50.298 0.02 13.702 -51.002 0.02 14.757 -51.249 0.02 16 -51.002 0.02 17.243 -50.298 0.02 18.298 -49.243 0.02 19.002 -48 0.02 19.249 -46.757 0.02 19.002 -45.702 0.02 18.298 -44.998 0.02 17.243 -44.751 0.02 16 -44.998 0.02 14.757 -45.702 0.02 13.702 -46.757 0.02 12.998 -48 0.02 12.751 -48 8.6 12.751 -46.757 8.6 12.998 -45.702 8.6 13.702 -44.998 8.6 14.757 -44.751 8.6 16 -44.998 8.6 17.243 -45.702 8.6 18.298 -46.757 8.6 19.002 -48 8.6 19.249 -49.243 8.6 19.002 -50.298 8.6 18.298 -51.002 8.6 17.243 -51.249 8.6 16 -51.002 8.6 14.757 -50.298 8.6 13.702 -49.243 8.6 12.998 -49.243 8.6 -19.002 -50.298 8.6 -18.298 -51.002 8.6 -17.243 -51.249 8.6 -16 -50.298 8.6 -13.702 -49.243 8.6 -12.998 -46.757 8.6 -12.998 -44.751 8.6 -16 -45.702 8.6 -18.298 -48 8.6 -19.249 -44.998 0.02 -17.243 -44.751 0.02 -16 -44.998 0.02 -14.757 -48 0.02 -12.751 -51.002 0.02 -14.757 -49.243 0.02 -19.002 -47.082 8.6 -18.217 -46.303 8.6 -17.697 -45.783 8.6 -15.082 -47.082 8.6 -13.783 -48 8.6 -13.6 -48.918 8.6 -13.783 -50.217 8.6 -15.082 -48.918 8.6 -18.217 -48.918 0.02 -18.217 -50.217 0.02 -16.918 -50.217 0.02 -15.082 -48 0.02 -13.6 -46.303 0.02 -14.303 -45.783 0.02 -15.082 -45.6 0.02 -16 -47.082 0.02 -18.217 -48 0.02 -18.4 -46.303 0.02 -17.697 -45.783 0.02 -16.918 -47.082 0.02 -13.783 -48.918 0.02 -13.783 -49.697 0.02 -14.303 -50.4 0.02 -16 -49.697 0.02 -17.697 -49.697 8.6 -17.697 -50.217 8.6 -16.918 -50.4 8.6 -16 -49.697 8.6 -14.303 -46.303 8.6 -14.303 -45.6 8.6 -16 -45.783 8.6 -16.918 -48 8.6 -18.4 -50.298 0.02 -18.298 -51.002 0.02 -17.243 -51.249 0.02 -16 -50.298 0.02 -13.702 -49.243 0.02 -12.998 -46.757 0.02 -12.998 -45.702 0.02 -13.702 -45.702 0.02 -18.298 -46.757 0.02 -19.002 -48 0.02 -19.249 -46.757 8.6 -19.002 -44.998 8.6 -17.243 -44.998 8.6 -14.757 -45.702 8.6 -13.702 -48 8.6 -12.751 -51.002 8.6 -14.757 -60 11.4 28 -60 11.4 25.6 -59.082 11.4 25.783 -58.303 11.4 26.303 -57.783 11.4 27.082 -57.6 11.4 28 -57.783 11.4 28.918 -58.303 11.4 29.697 -59.082 11.4 30.217 -60 11.4 30.4 -60.918 11.4 30.217 -61.697 11.4 29.697 -62.217 11.4 28.918 -62.4 11.4 28 -62.217 11.4 27.082 -61.697 11.4 26.303 -60.918 11.4 25.783 -60.918 9.58 25.783 -61.697 9.58 26.303 -62.217 9.58 27.082 -62.4 9.58 28 -62.217 9.58 28.918 -61.697 9.58 29.697 -60.918 9.58 30.217 -60 9.58 30.4 -59.082 9.58 30.217 -58.303 9.58 29.697 -57.783 9.58 28.918 -57.6 9.58 28 -57.783 9.58 27.082 -58.303 9.58 26.303 -59.082 9.58 25.783 -60 9.58 25.6 -52 9.58 25.6 -51.082 9.58 25.783 -50.303 9.58 26.303 -49.783 9.58 27.082 -49.6 9.58 28 -49.783 9.58 28.918 -50.303 9.58 29.697 -51.082 9.58 30.217 -52 9.58 30.4 -52.918 9.58 30.217 -53.697 9.58 29.697 -54.217 9.58 28.918 -54.4 9.58 28 -54.217 9.58 27.082 -53.697 9.58 26.303 -52.918 9.58 25.783 -52.918 11.4 25.783 -53.697 11.4 26.303 -54.217 11.4 27.082 -54.4 11.4 28 -54.217 11.4 28.918 -53.697 11.4 29.697 -52.918 11.4 30.217 -52 11.4 30.4 -51.082 11.4 30.217 -50.303 11.4 29.697 -49.783 11.4 28.918 -49.6 11.4 28 -49.783 11.4 27.082 -50.303 11.4 26.303 -51.082 11.4 25.783 -52 11.4 25.6 -52 11.4 28 60 11.4 28 60 11.4 25.6 60.918 11.4 25.783 61.697 11.4 26.303 62.217 11.4 27.082 62.4 11.4 28 62.217 11.4 28.918 61.697 11.4 29.697 60.918 11.4 30.217 60 11.4 30.4 59.082 11.4 30.217 58.303 11.4 29.697 57.783 11.4 28.918 57.6 11.4 28 57.783 11.4 27.082 58.303 11.4 26.303 59.082 11.4 25.783 59.082 9.58 25.783 58.303 9.58 26.303 57.783 9.58 27.082 57.6 9.58 28 57.783 9.58 28.918 58.303 9.58 29.697 59.082 9.58 30.217 60 9.58 30.4 60.918 9.58 30.217 61.697 9.58 29.697 62.217 9.58 28.918 62.4 9.58 28 62.217 9.58 27.082 61.697 9.58 26.303 60.918 9.58 25.783 60 9.58 25.6 52 9.58 25.6 52.918 9.58 25.783 53.697 9.58 26.303 54.217 9.58 27.082 54.4 9.58 28 54.217 9.58 28.918 53.697 9.58 29.697 52.918 9.58 30.217 52 9.58 30.4 51.082 9.58 30.217 50.303 9.58 29.697 49.783 9.58 28.918 49.6 9.58 28 49.783 9.58 27.082 50.303 9.58 26.303 51.082 9.58 25.783 51.082 11.4 25.783 50.303 11.4 26.303 49.783 11.4 27.082 49.6 11.4 28 49.783 11.4 28.918 50.303 11.4 29.697 51.082 11.4 30.217 52 11.4 30.4 52.918 11.4 30.217 53.697 11.4 29.697 54.217 11.4 28.918 54.4 11.4 28 54.217 11.4 27.082 53.697 11.4 26.303 52.918 11.4 25.783 52 11.4 25.6 52 11.4 28 28 9.58 25.6 20 9.58 25.6 12 9.58 25.6 4 9.58 25.6 -4 9.58 25.6 -12 9.58 25.6 -20 9.58 25.6 -28 9.58 25.6 28.918 9.58 25.783 20.918 9.58 25.783 12.918 9.58 25.783 4.918 9.58 25.783 -3.082 9.58 25.783 -11.082 9.58 25.783 -19.082 9.58 25.783 -27.082 9.58 25.783 29.697 9.58 26.303 21.697 9.58 26.303 13.697 9.58 26.303 5.697 9.58 26.303 -2.303 9.58 26.303 -10.303 9.58 26.303 -18.303 9.58 26.303 -26.303 9.58 26.303 30.217 9.58 27.082 22.217 9.58 27.082 14.217 9.58 27.082 6.217 9.58 27.082 -1.783 9.58 27.082 -9.783 9.58 27.082 -17.783 9.58 27.082 -25.783 9.58 27.082 30.4 9.58 28 22.4 9.58 28 14.4 9.58 28 6.4 9.58 28 -1.6 9.58 28 -9.6 9.58 28 -17.6 9.58 28 -25.6 9.58 28 30.217 9.58 28.918 22.217 9.58 28.918 14.217 9.58 28.918 6.217 9.58 28.918 -1.783 9.58 28.918 -9.783 9.58 28.918 -17.783 9.58 28.918 -25.783 9.58 28.918 29.697 9.58 29.697 21.697 9.58 29.697 13.697 9.58 29.697 5.697 9.58 29.697 -2.303 9.58 29.697 -10.303 9.58 29.697 -18.303 9.58 29.697 -26.303 9.58 29.697 28.918 9.58 30.217 20.918 9.58 30.217 12.918 9.58 30.217 4.918 9.58 30.217 -3.082 9.58 30.217 -11.082 9.58 30.217 -19.082 9.58 30.217 -27.082 9.58 30.217 28 9.58 30.4 20 9.58 30.4 12 9.58 30.4 4 9.58 30.4 -4 9.58 30.4 -12 9.58 30.4 -20 9.58 30.4 -28 9.58 30.4 27.082 9.58 30.217 19.082 9.58 30.217 11.082 9.58 30.217 3.082 9.58 30.217 -4.918 9.58 30.217 -12.918 9.58 30.217 -20.918 9.58 30.217 -28.918 9.58 30.217 26.303 9.58 29.697 18.303 9.58 29.697 10.303 9.58 29.697 2.303 9.58 29.697 -5.697 9.58 29.697 -13.697 9.58 29.697 -21.697 9.58 29.697 -29.697 9.58 29.697 25.783 9.58 28.918 17.783 9.58 28.918 9.783 9.58 28.918 1.783 9.58 28.918 -6.217 9.58 28.918 -14.217 9.58 28.918 -22.217 9.58 28.918 -30.217 9.58 28.918 25.6 9.58 28 17.6 9.58 28 9.6 9.58 28 1.6 9.58 28 -6.4 9.58 28 -14.4 9.58 28 -22.4 9.58 28 -30.4 9.58 28 25.783 9.58 27.082 17.783 9.58 27.082 9.783 9.58 27.082 1.783 9.58 27.082 -6.217 9.58 27.082 -14.217 9.58 27.082 -22.217 9.58 27.082 -30.217 9.58 27.082 26.303 9.58 26.303 18.303 9.58 26.303 10.303 9.58 26.303 2.303 9.58 26.303 -5.697 9.58 26.303 -13.697 9.58 26.303 -21.697 9.58 26.303 -29.697 9.58 26.303 27.082 9.58 25.783 19.082 9.58 25.783 11.082 9.58 25.783 3.082 9.58 25.783 -4.918 9.58 25.783 -12.918 9.58 25.783 -20.918 9.58 25.783 -28.918 9.58 25.783 27.082 11.4 25.783 19.082 11.4 25.783 11.082 11.4 25.783 3.082 11.4 25.783 -4.918 11.4 25.783 -12.918 11.4 25.783 -20.918 11.4 25.783 -28.918 11.4 25.783 26.303 11.4 26.303 18.303 11.4 26.303 10.303 11.4 26.303 2.303 11.4 26.303 -5.697 11.4 26.303 -13.697 11.4 26.303 -21.697 11.4 26.303 -29.697 11.4 26.303 25.783 11.4 27.082 17.783 11.4 27.082 9.783 11.4 27.082 1.783 11.4 27.082 -6.217 11.4 27.082 -14.217 11.4 27.082 -22.217 11.4 27.082 -30.217 11.4 27.082 25.6 11.4 28 17.6 11.4 28 9.6 11.4 28 1.6 11.4 28 -6.4 11.4 28 -14.4 11.4 28 -22.4 11.4 28 -30.4 11.4 28 25.783 11.4 28.918 17.783 11.4 28.918 9.783 11.4 28.918 1.783 11.4 28.918 -6.217 11.4 28.918 -14.217 11.4 28.918 -22.217 11.4 28.918 -30.217 11.4 28.918 26.303 11.4 29.697 18.303 11.4 29.697 10.303 11.4 29.697 2.303 11.4 29.697 -5.697 11.4 29.697 -13.697 11.4 29.697 -21.697 11.4 29.697 -29.697 11.4 29.697 27.082 11.4 30.217 19.082 11.4 30.217 11.082 11.4 30.217 3.082 11.4 30.217 -4.918 11.4 30.217 -12.918 11.4 30.217 -20.918 11.4 30.217 -28.918 11.4 30.217 28 11.4 30.4 20 11.4 30.4 12 11.4 30.4 4 11.4 30.4 -4 11.4 30.4 -12 11.4 30.4 -20 11.4 30.4 -28 11.4 30.4 28.918 11.4 30.217 20.918 11.4 30.217 12.918 11.4 30.217 4.918 11.4 30.217 -3.082 11.4 30.217 -11.082 11.4 30.217 -19.082 11.4 30.217 -27.082 11.4 30.217 29.697 11.4 29.697 21.697 11.4 29.697 13.697 11.4 29.697 5.697 11.4 29.697 -2.303 11.4 29.697 -10.303 11.4 29.697 -18.303 11.4 29.697 -26.303 11.4 29.697 30.217 11.4 28.918 22.217 11.4 28.918 14.217 11.4 28.918 6.217 11.4 28.918 -1.783 11.4 28.918 -9.783 11.4 28.918 -17.783 11.4 28.918 -25.783 11.4 28.918 30.4 11.4 28 22.4 11.4 28 14.4 11.4 28 6.4 11.4 28 -1.6 11.4 28 -9.6 11.4 28 -17.6 11.4 28 -25.6 11.4 28 30.217 11.4 27.082 22.217 11.4 27.082 14.217 11.4 27.082 6.217 11.4 27.082 -1.783 11.4 27.082 -9.783 11.4 27.082 -17.783 11.4 27.082 -25.783 11.4 27.082 29.697 11.4 26.303 21.697 11.4 26.303 13.697 11.4 26.303 5.697 11.4 26.303 -2.303 11.4 26.303 -10.303 11.4 26.303 -18.303 11.4 26.303 -26.303 11.4 26.303 28.918 11.4 25.783 20.918 11.4 25.783 12.918 11.4 25.783 4.918 11.4 25.783 -3.082 11.4 25.783 -11.082 11.4 25.783 -19.082 11.4 25.783 -27.082 11.4 25.783 28 11.4 25.6 20 11.4 25.6 12 11.4 25.6 4 11.4 25.6 -4 11.4 25.6 -12 11.4 25.6 -20 11.4 25.6 -28 11.4 25.6 28 11.4 28 20 11.4 28 12 11.4 28 4 11.4 28 -4 11.4 28 -12 11.4 28 -20 11.4 28 -28 11.4 28 36 11.4 28 36 11.4 25.6 36.918 11.4 25.783 37.697 11.4 26.303 38.217 11.4 27.082 38.4 11.4 28 38.217 11.4 28.918 37.697 11.4 29.697 36.918 11.4 30.217 36 11.4 30.4 35.082 11.4 30.217 34.303 11.4 29.697 33.783 11.4 28.918 33.6 11.4 28 33.783 11.4 27.082 34.303 11.4 26.303 35.082 11.4 25.783 35.082 9.58 25.783 34.303 9.58 26.303 33.783 9.58 27.082 33.6 9.58 28 33.783 9.58 28.918 34.303 9.58 29.697 35.082 9.58 30.217 36 9.58 30.4 36.918 9.58 30.217 37.697 9.58 29.697 38.217 9.58 28.918 38.4 9.58 28 38.217 9.58 27.082 37.697 9.58 26.303 36.918 9.58 25.783 36 9.58 25.6 -36 9.58 25.6 -35.082 9.58 25.783 -34.303 9.58 26.303 -33.783 9.58 27.082 -33.6 9.58 28 -33.783 9.58 28.918 -34.303 9.58 29.697 -35.082 9.58 30.217 -36 9.58 30.4 -36.918 9.58 30.217 -37.697 9.58 29.697 -38.217 9.58 28.918 -38.4 9.58 28 -38.217 9.58 27.082 -37.697 9.58 26.303 -36.918 9.58 25.783 -36.918 11.4 25.783 -37.697 11.4 26.303 -38.217 11.4 27.082 -38.4 11.4 28 -38.217 11.4 28.918 -37.697 11.4 29.697 -36.918 11.4 30.217 -36 11.4 30.4 -35.082 11.4 30.217 -34.303 11.4 29.697 -33.783 11.4 28.918 -33.6 11.4 28 -33.783 11.4 27.082 -34.303 11.4 26.303 -35.082 11.4 25.783 -36 11.4 25.6 -36 11.4 28 -44 11.4 28 -44 11.4 25.6 -43.082 11.4 25.783 -42.303 11.4 26.303 -41.783 11.4 27.082 -41.6 11.4 28 -41.783 11.4 28.918 -42.303 11.4 29.697 -43.082 11.4 30.217 -44 11.4 30.4 -44.918 11.4 30.217 -45.697 11.4 29.697 -46.217 11.4 28.918 -46.4 11.4 28 -46.217 11.4 27.082 -45.697 11.4 26.303 -44.918 11.4 25.783 -44.918 9.58 25.783 -45.697 9.58 26.303 -46.217 9.58 27.082 -46.4 9.58 28 -46.217 9.58 28.918 -45.697 9.58 29.697 -44.918 9.58 30.217 -44 9.58 30.4 -43.082 9.58 30.217 -42.303 9.58 29.697 -41.783 9.58 28.918 -41.6 9.58 28 -41.783 9.58 27.082 -42.303 9.58 26.303 -43.082 9.58 25.783 -44 9.58 25.6 44 9.58 25.6 44.918 9.58 25.783 45.697 9.58 26.303 46.217 9.58 27.082 46.4 9.58 28 46.217 9.58 28.918 45.697 9.58 29.697 44.918 9.58 30.217 44 9.58 30.4 43.082 9.58 30.217 42.303 9.58 29.697 41.783 9.58 28.918 41.6 9.58 28 41.783 9.58 27.082 42.303 9.58 26.303 43.082 9.58 25.783 43.082 11.4 25.783 42.303 11.4 26.303 41.783 11.4 27.082 41.6 11.4 28 41.783 11.4 28.918 42.303 11.4 29.697 43.082 11.4 30.217 44 11.4 30.4 44.918 11.4 30.217 45.697 11.4 29.697 46.217 11.4 28.918 46.4 11.4 28 46.217 11.4 27.082 45.697 11.4 26.303 44.918 11.4 25.783 44 11.4 25.6 44 11.4 28 44 11.4 -28 44 11.4 -30.4 44.918 11.4 -30.217 45.697 11.4 -29.697 46.217 11.4 -28.918 46.4 11.4 -28 46.217 11.4 -27.082 45.697 11.4 -26.303 44.918 11.4 -25.783 44 11.4 -25.6 43.082 11.4 -25.783 42.303 11.4 -26.303 41.783 11.4 -27.082 41.6 11.4 -28 41.783 11.4 -28.918 42.303 11.4 -29.697 43.082 11.4 -30.217 43.082 9.58 -30.217 42.303 9.58 -29.697 41.783 9.58 -28.918 41.6 9.58 -28 41.783 9.58 -27.082 42.303 9.58 -26.303 43.082 9.58 -25.783 44 9.58 -25.6 44.918 9.58 -25.783 45.697 9.58 -26.303 46.217 9.58 -27.082 46.4 9.58 -28 46.217 9.58 -28.918 45.697 9.58 -29.697 44.918 9.58 -30.217 44 9.58 -30.4 -44 9.58 -30.4 -43.082 9.58 -30.217 -42.303 9.58 -29.697 -41.783 9.58 -28.918 -41.6 9.58 -28 -41.783 9.58 -27.082 -42.303 9.58 -26.303 -43.082 9.58 -25.783 -44 9.58 -25.6 -44.918 9.58 -25.783 -45.697 9.58 -26.303 -46.217 9.58 -27.082 -46.4 9.58 -28 -46.217 9.58 -28.918 -45.697 9.58 -29.697 -44.918 9.58 -30.217 -44.918 11.4 -30.217 -45.697 11.4 -29.697 -46.217 11.4 -28.918 -46.4 11.4 -28 -46.217 11.4 -27.082 -45.697 11.4 -26.303 -44.918 11.4 -25.783 -44 11.4 -25.6 -43.082 11.4 -25.783 -42.303 11.4 -26.303 -41.783 11.4 -27.082 -41.6 11.4 -28 -41.783 11.4 -28.918 -42.303 11.4 -29.697 -43.082 11.4 -30.217 -44 11.4 -30.4 -44 11.4 -28 -36 11.4 -28 -36 11.4 -30.4 -35.082 11.4 -30.217 -34.303 11.4 -29.697 -33.783 11.4 -28.918 -33.6 11.4 -28 -33.783 11.4 -27.082 -34.303 11.4 -26.303 -35.082 11.4 -25.783 -36 11.4 -25.6 -36.918 11.4 -25.783 -37.697 11.4 -26.303 -38.217 11.4 -27.082 -38.4 11.4 -28 -38.217 11.4 -28.918 -37.697 11.4 -29.697 -36.918 11.4 -30.217 -36.918 9.58 -30.217 -37.697 9.58 -29.697 -38.217 9.58 -28.918 -38.4 9.58 -28 -38.217 9.58 -27.082 -37.697 9.58 -26.303 -36.918 9.58 -25.783 -36 9.58 -25.6 -35.082 9.58 -25.783 -34.303 9.58 -26.303 -33.783 9.58 -27.082 -33.6 9.58 -28 -33.783 9.58 -28.918 -34.303 9.58 -29.697 -35.082 9.58 -30.217 -36 9.58 -30.4 36 9.58 -30.4 36.918 9.58 -30.217 37.697 9.58 -29.697 38.217 9.58 -28.918 38.4 9.58 -28 38.217 9.58 -27.082 37.697 9.58 -26.303 36.918 9.58 -25.783 36 9.58 -25.6 35.082 9.58 -25.783 34.303 9.58 -26.303 33.783 9.58 -27.082 33.6 9.58 -28 33.783 9.58 -28.918 34.303 9.58 -29.697 35.082 9.58 -30.217 35.082 11.4 -30.217 34.303 11.4 -29.697 33.783 11.4 -28.918 33.6 11.4 -28 33.783 11.4 -27.082 34.303 11.4 -26.303 35.082 11.4 -25.783 36 11.4 -25.6 36.918 11.4 -25.783 37.697 11.4 -26.303 38.217 11.4 -27.082 38.4 11.4 -28 38.217 11.4 -28.918 37.697 11.4 -29.697 36.918 11.4 -30.217 36 11.4 -30.4 36 11.4 -28 -28 11.4 -28 -20 11.4 -28 -12 11.4 -28 -4 11.4 -28 4 11.4 -28 12 11.4 -28 20 11.4 -28 28 11.4 -28 -28 11.4 -30.4 -20 11.4 -30.4 -12 11.4 -30.4 -4 11.4 -30.4 4 11.4 -30.4 12 11.4 -30.4 20 11.4 -30.4 28 11.4 -30.4 -27.082 11.4 -30.217 -19.082 11.4 -30.217 -11.082 11.4 -30.217 -3.082 11.4 -30.217 4.918 11.4 -30.217 12.918 11.4 -30.217 20.918 11.4 -30.217 28.918 11.4 -30.217 -26.303 11.4 -29.697 -18.303 11.4 -29.697 -10.303 11.4 -29.697 -2.303 11.4 -29.697 5.697 11.4 -29.697 13.697 11.4 -29.697 21.697 11.4 -29.697 29.697 11.4 -29.697 -25.783 11.4 -28.918 -17.783 11.4 -28.918 -9.783 11.4 -28.918 -1.783 11.4 -28.918 6.217 11.4 -28.918 14.217 11.4 -28.918 22.217 11.4 -28.918 30.217 11.4 -28.918 -25.6 11.4 -28 -17.6 11.4 -28 -9.6 11.4 -28 -1.6 11.4 -28 6.4 11.4 -28 14.4 11.4 -28 22.4 11.4 -28 30.4 11.4 -28 -25.783 11.4 -27.082 -17.783 11.4 -27.082 -9.783 11.4 -27.082 -1.783 11.4 -27.082 6.217 11.4 -27.082 14.217 11.4 -27.082 22.217 11.4 -27.082 30.217 11.4 -27.082 -26.303 11.4 -26.303 -18.303 11.4 -26.303 -10.303 11.4 -26.303 -2.303 11.4 -26.303 5.697 11.4 -26.303 13.697 11.4 -26.303 21.697 11.4 -26.303 29.697 11.4 -26.303 -27.082 11.4 -25.783 -19.082 11.4 -25.783 -11.082 11.4 -25.783 -3.082 11.4 -25.783 4.918 11.4 -25.783 12.918 11.4 -25.783 20.918 11.4 -25.783 28.918 11.4 -25.783 -28 11.4 -25.6 -20 11.4 -25.6 -12 11.4 -25.6 -4 11.4 -25.6 4 11.4 -25.6 12 11.4 -25.6 20 11.4 -25.6 28 11.4 -25.6 -28.918 11.4 -25.783 -20.918 11.4 -25.783 -12.918 11.4 -25.783 -4.918 11.4 -25.783 3.082 11.4 -25.783 11.082 11.4 -25.783 19.082 11.4 -25.783 27.082 11.4 -25.783 -29.697 11.4 -26.303 -21.697 11.4 -26.303 -13.697 11.4 -26.303 -5.697 11.4 -26.303 2.303 11.4 -26.303 10.303 11.4 -26.303 18.303 11.4 -26.303 26.303 11.4 -26.303 -30.217 11.4 -27.082 -22.217 11.4 -27.082 -14.217 11.4 -27.082 -6.217 11.4 -27.082 1.783 11.4 -27.082 9.783 11.4 -27.082 17.783 11.4 -27.082 25.783 11.4 -27.082 -30.4 11.4 -28 -22.4 11.4 -28 -14.4 11.4 -28 -6.4 11.4 -28 1.6 11.4 -28 9.6 11.4 -28 17.6 11.4 -28 25.6 11.4 -28 -30.217 11.4 -28.918 -22.217 11.4 -28.918 -14.217 11.4 -28.918 -6.217 11.4 -28.918 1.783 11.4 -28.918 9.783 11.4 -28.918 17.783 11.4 -28.918 25.783 11.4 -28.918 -29.697 11.4 -29.697 -21.697 11.4 -29.697 -13.697 11.4 -29.697 -5.697 11.4 -29.697 2.303 11.4 -29.697 10.303 11.4 -29.697 18.303 11.4 -29.697 26.303 11.4 -29.697 -28.918 11.4 -30.217 -20.918 11.4 -30.217 -12.918 11.4 -30.217 -4.918 11.4 -30.217 3.082 11.4 -30.217 11.082 11.4 -30.217 19.082 11.4 -30.217 27.082 11.4 -30.217 -28.918 9.58 -30.217 -20.918 9.58 -30.217 -12.918 9.58 -30.217 -4.918 9.58 -30.217 3.082 9.58 -30.217 11.082 9.58 -30.217 19.082 9.58 -30.217 27.082 9.58 -30.217 -29.697 9.58 -29.697 -21.697 9.58 -29.697 -13.697 9.58 -29.697 -5.697 9.58 -29.697 2.303 9.58 -29.697 10.303 9.58 -29.697 18.303 9.58 -29.697 26.303 9.58 -29.697 -30.217 9.58 -28.918 -22.217 9.58 -28.918 -14.217 9.58 -28.918 -6.217 9.58 -28.918 1.783 9.58 -28.918 9.783 9.58 -28.918 17.783 9.58 -28.918 25.783 9.58 -28.918 -30.4 9.58 -28 -22.4 9.58 -28 -14.4 9.58 -28 -6.4 9.58 -28 1.6 9.58 -28 9.6 9.58 -28 17.6 9.58 -28 25.6 9.58 -28 -30.217 9.58 -27.082 -22.217 9.58 -27.082 -14.217 9.58 -27.082 -6.217 9.58 -27.082 1.783 9.58 -27.082 9.783 9.58 -27.082 17.783 9.58 -27.082 25.783 9.58 -27.082 -29.697 9.58 -26.303 -21.697 9.58 -26.303 -13.697 9.58 -26.303 -5.697 9.58 -26.303 2.303 9.58 -26.303 10.303 9.58 -26.303 18.303 9.58 -26.303 26.303 9.58 -26.303 -28.918 9.58 -25.783 -20.918 9.58 -25.783 -12.918 9.58 -25.783 -4.918 9.58 -25.783 3.082 9.58 -25.783 11.082 9.58 -25.783 19.082 9.58 -25.783 27.082 9.58 -25.783 -28 9.58 -25.6 -20 9.58 -25.6 -12 9.58 -25.6 -4 9.58 -25.6 4 9.58 -25.6 12 9.58 -25.6 20 9.58 -25.6 28 9.58 -25.6 -27.082 9.58 -25.783 -19.082 9.58 -25.783 -11.082 9.58 -25.783 -3.082 9.58 -25.783 4.918 9.58 -25.783 12.918 9.58 -25.783 20.918 9.58 -25.783 28.918 9.58 -25.783 -26.303 9.58 -26.303 -18.303 9.58 -26.303 -10.303 9.58 -26.303 -2.303 9.58 -26.303 5.697 9.58 -26.303 13.697 9.58 -26.303 21.697 9.58 -26.303 29.697 9.58 -26.303 -25.783 9.58 -27.082 -17.783 9.58 -27.082 -9.783 9.58 -27.082 -1.783 9.58 -27.082 6.217 9.58 -27.082 14.217 9.58 -27.082 22.217 9.58 -27.082 30.217 9.58 -27.082 -25.6 9.58 -28 -17.6 9.58 -28 -9.6 9.58 -28 -1.6 9.58 -28 6.4 9.58 -28 14.4 9.58 -28 22.4 9.58 -28 30.4 9.58 -28 -25.783 9.58 -28.918 -17.783 9.58 -28.918 -9.783 9.58 -28.918 -1.783 9.58 -28.918 6.217 9.58 -28.918 14.217 9.58 -28.918 22.217 9.58 -28.918 30.217 9.58 -28.918 -26.303 9.58 -29.697 -18.303 9.58 -29.697 -10.303 9.58 -29.697 -2.303 9.58 -29.697 5.697 9.58 -29.697 13.697 9.58 -29.697 21.697 9.58 -29.697 29.697 9.58 -29.697 -27.082 9.58 -30.217 -19.082 9.58 -30.217 -11.082 9.58 -30.217 -3.082 9.58 -30.217 4.918 9.58 -30.217 12.918 9.58 -30.217 20.918 9.58 -30.217 28.918 9.58 -30.217 -28 9.58 -30.4 -20 9.58 -30.4 -12 9.58 -30.4 -4 9.58 -30.4 4 9.58 -30.4 12 9.58 -30.4 20 9.58 -30.4 28 9.58 -30.4 52 11.4 -28 52 11.4 -30.4 52.918 11.4 -30.217 53.697 11.4 -29.697 54.217 11.4 -28.918 54.4 11.4 -28 54.217 11.4 -27.082 53.697 11.4 -26.303 52.918 11.4 -25.783 52 11.4 -25.6 51.082 11.4 -25.783 50.303 11.4 -26.303 49.783 11.4 -27.082 49.6 11.4 -28 49.783 11.4 -28.918 50.303 11.4 -29.697 51.082 11.4 -30.217 51.082 9.58 -30.217 50.303 9.58 -29.697 49.783 9.58 -28.918 49.6 9.58 -28 49.783 9.58 -27.082 50.303 9.58 -26.303 51.082 9.58 -25.783 52 9.58 -25.6 52.918 9.58 -25.783 53.697 9.58 -26.303 54.217 9.58 -27.082 54.4 9.58 -28 54.217 9.58 -28.918 53.697 9.58 -29.697 52.918 9.58 -30.217 52 9.58 -30.4 60 9.58 -30.4 60.918 9.58 -30.217 61.697 9.58 -29.697 62.217 9.58 -28.918 62.4 9.58 -28 62.217 9.58 -27.082 61.697 9.58 -26.303 60.918 9.58 -25.783 60 9.58 -25.6 59.082 9.58 -25.783 58.303 9.58 -26.303 57.783 9.58 -27.082 57.6 9.58 -28 57.783 9.58 -28.918 58.303 9.58 -29.697 59.082 9.58 -30.217 59.082 11.4 -30.217 58.303 11.4 -29.697 57.783 11.4 -28.918 57.6 11.4 -28 57.783 11.4 -27.082 58.303 11.4 -26.303 59.082 11.4 -25.783 60 11.4 -25.6 60.918 11.4 -25.783 61.697 11.4 -26.303 62.217 11.4 -27.082 62.4 11.4 -28 62.217 11.4 -28.918 61.697 11.4 -29.697 60.918 11.4 -30.217 60 11.4 -30.4 60 11.4 -28 -52 11.4 -28 -52 11.4 -30.4 -51.082 11.4 -30.217 -50.303 11.4 -29.697 -49.783 11.4 -28.918 -49.6 11.4 -28 -49.783 11.4 -27.082 -50.303 11.4 -26.303 -51.082 11.4 -25.783 -52 11.4 -25.6 -52.918 11.4 -25.783 -53.697 11.4 -26.303 -54.217 11.4 -27.082 -54.4 11.4 -28 -54.217 11.4 -28.918 -53.697 11.4 -29.697 -52.918 11.4 -30.217 -52.918 9.58 -30.217 -53.697 9.58 -29.697 -54.217 9.58 -28.918 -54.4 9.58 -28 -54.217 9.58 -27.082 -53.697 9.58 -26.303 -52.918 9.58 -25.783 -52 9.58 -25.6 -51.082 9.58 -25.783 -50.303 9.58 -26.303 -49.783 9.58 -27.082 -49.6 9.58 -28 -49.783 9.58 -28.918 -50.303 9.58 -29.697 -51.082 9.58 -30.217 -52 9.58 -30.4 -60 9.58 -30.4 -59.082 9.58 -30.217 -58.303 9.58 -29.697 -57.783 9.58 -28.918 -57.6 9.58 -28 -57.783 9.58 -27.082 -58.303 9.58 -26.303 -59.082 9.58 -25.783 -60 9.58 -25.6 -60.918 9.58 -25.783 -61.697 9.58 -26.303 -62.217 9.58 -27.082 -62.4 9.58 -28 -62.217 9.58 -28.918 -61.697 9.58 -29.697 -60.918 9.58 -30.217 -60.918 11.4 -30.217 -61.697 11.4 -29.697 -62.217 11.4 -28.918 -62.4 11.4 -28 -62.217 11.4 -27.082 -61.697 11.4 -26.303 -60.918 11.4 -25.783 -60 11.4 -25.6 -59.082 11.4 -25.783 -58.303 11.4 -26.303 -57.783 11.4 -27.082 -57.6 11.4 -28 -57.783 11.4 -28.918 -58.303 11.4 -29.697 -59.082 11.4 -30.217 -60 11.4 -30.4 -60 11.4 -28 -56 0.02 21.6 -55.082 0.02 21.783 -54.303 0.02 22.303 -53.783 0.02 23.082 -53.6 0.02 24 -53.783 0.02 24.918 -54.303 0.02 25.697 -55.082 0.02 26.217 -56 0.02 26.4 -56.918 0.02 26.217 -57.697 0.02 25.697 -58.217 0.02 24.918 -58.4 0.02 24 -58.217 0.02 23.082 -57.697 0.02 22.303 -56.918 0.02 21.783 -56.918 8.6 21.783 -57.697 8.6 22.303 -58.217 8.6 23.082 -58.4 8.6 24 -58.217 8.6 24.918 -57.697 8.6 25.697 -56.918 8.6 26.217 -56 8.6 26.4 -55.082 8.6 26.217 -54.303 8.6 25.697 -53.783 8.6 24.918 -53.6 8.6 24 -53.783 8.6 23.082 -54.303 8.6 22.303 -55.082 8.6 21.783 -56 8.6 21.6 -57.243 0.02 20.998 -58.298 0.02 21.702 -59.002 0.02 22.757 -59.249 0.02 24 -59.002 0.02 25.243 -58.298 0.02 26.298 -57.243 0.02 27.002 -56 0.02 27.249 -54.757 0.02 27.002 -53.702 0.02 26.298 -52.998 0.02 25.243 -52.751 0.02 24 -52.998 0.02 22.757 -53.702 0.02 21.702 -54.757 0.02 20.998 -56 0.02 20.751 -56 8.6 20.751 -54.757 8.6 20.998 -53.702 8.6 21.702 -52.998 8.6 22.757 -52.751 8.6 24 -52.998 8.6 25.243 -53.702 8.6 26.298 -54.757 8.6 27.002 -56 8.6 27.249 -57.243 8.6 27.002 -58.298 8.6 26.298 -59.002 8.6 25.243 -59.249 8.6 24 -59.002 8.6 22.757 -58.298 8.6 21.702 -57.243 8.6 20.998 56 0.02 21.6 56.918 0.02 21.783 57.697 0.02 22.303 58.217 0.02 23.082 58.4 0.02 24 58.217 0.02 24.918 57.697 0.02 25.697 56.918 0.02 26.217 56 0.02 26.4 55.082 0.02 26.217 54.303 0.02 25.697 53.783 0.02 24.918 53.6 0.02 24 53.783 0.02 23.082 54.303 0.02 22.303 55.082 0.02 21.783 55.082 8.6 21.783 54.303 8.6 22.303 53.783 8.6 23.082 53.6 8.6 24 53.783 8.6 24.918 54.303 8.6 25.697 55.082 8.6 26.217 56 8.6 26.4 56.918 8.6 26.217 57.697 8.6 25.697 58.217 8.6 24.918 58.4 8.6 24 58.217 8.6 23.082 57.697 8.6 22.303 56.918 8.6 21.783 56 8.6 21.6 54.757 0.02 20.998 53.702 0.02 21.702 52.998 0.02 22.757 52.751 0.02 24 52.998 0.02 25.243 53.702 0.02 26.298 54.757 0.02 27.002 56 0.02 27.249 57.243 0.02 27.002 58.298 0.02 26.298 59.002 0.02 25.243 59.249 0.02 24 59.002 0.02 22.757 58.298 0.02 21.702 57.243 0.02 20.998 56 0.02 20.751 56 8.6 20.751 57.243 8.6 20.998 58.298 8.6 21.702 59.002 8.6 22.757 59.249 8.6 24 59.002 8.6 25.243 58.298 8.6 26.298 57.243 8.6 27.002 56 8.6 27.249 54.757 8.6 27.002 53.702 8.6 26.298 52.998 8.6 25.243 52.751 8.6 24 52.998 8.6 22.757 53.702 8.6 21.702 54.757 8.6 20.998 22.757 8.6 20.998 6.757 8.6 20.998 -9.243 8.6 20.998 -25.243 8.6 20.998 21.702 8.6 21.702 5.702 8.6 21.702 -10.298 8.6 21.702 -26.298 8.6 21.702 20.998 8.6 22.757 4.998 8.6 22.757 -11.002 8.6 22.757 -27.002 8.6 22.757 20.751 8.6 24 4.751 8.6 24 -11.249 8.6 24 -27.249 8.6 24 20.998 8.6 25.243 4.998 8.6 25.243 -11.002 8.6 25.243 -27.002 8.6 25.243 21.702 8.6 26.298 5.702 8.6 26.298 -10.298 8.6 26.298 -26.298 8.6 26.298 22.757 8.6 27.002 6.757 8.6 27.002 -9.243 8.6 27.002 -25.243 8.6 27.002 24 8.6 27.249 8 8.6 27.249 -8 8.6 27.249 -24 8.6 27.249 25.243 8.6 27.002 9.243 8.6 27.002 -6.757 8.6 27.002 -22.757 8.6 27.002 26.298 8.6 26.298 10.298 8.6 26.298 -5.702 8.6 26.298 -21.702 8.6 26.298 27.002 8.6 25.243 11.002 8.6 25.243 -4.998 8.6 25.243 -20.998 8.6 25.243 27.249 8.6 24 11.249 8.6 24 -4.751 8.6 24 -20.751 8.6 24 27.002 8.6 22.757 11.002 8.6 22.757 -4.998 8.6 22.757 -20.998 8.6 22.757 26.298 8.6 21.702 10.298 8.6 21.702 -5.702 8.6 21.702 -21.702 8.6 21.702 25.243 8.6 20.998 9.243 8.6 20.998 -6.757 8.6 20.998 -22.757 8.6 20.998 24 8.6 20.751 8 8.6 20.751 -8 8.6 20.751 -24 8.6 20.751 24 0.02 20.751 8 0.02 20.751 -8 0.02 20.751 -24 0.02 20.751 25.243 0.02 20.998 9.243 0.02 20.998 -6.757 0.02 20.998 -22.757 0.02 20.998 26.298 0.02 21.702 10.298 0.02 21.702 -5.702 0.02 21.702 -21.702 0.02 21.702 27.002 0.02 22.757 11.002 0.02 22.757 -4.998 0.02 22.757 -20.998 0.02 22.757 27.249 0.02 24 11.249 0.02 24 -4.751 0.02 24 -20.751 0.02 24 27.002 0.02 25.243 11.002 0.02 25.243 -4.998 0.02 25.243 -20.998 0.02 25.243 26.298 0.02 26.298 10.298 0.02 26.298 -5.702 0.02 26.298 -21.702 0.02 26.298 25.243 0.02 27.002 9.243 0.02 27.002 -6.757 0.02 27.002 -22.757 0.02 27.002 24 0.02 27.249 8 0.02 27.249 -8 0.02 27.249 -24 0.02 27.249 22.757 0.02 27.002 6.757 0.02 27.002 -9.243 0.02 27.002 -25.243 0.02 27.002 21.702 0.02 26.298 5.702 0.02 26.298 -10.298 0.02 26.298 -26.298 0.02 26.298 20.998 0.02 25.243 4.998 0.02 25.243 -11.002 0.02 25.243 -27.002 0.02 25.243 20.751 0.02 24 4.751 0.02 24 -11.249 0.02 24 -27.249 0.02 24 20.998 0.02 22.757 4.998 0.02 22.757 -11.002 0.02 22.757 -27.002 0.02 22.757 21.702 0.02 21.702 5.702 0.02 21.702 -10.298 0.02 21.702 -26.298 0.02 21.702 22.757 0.02 20.998 6.757 0.02 20.998 -9.243 0.02 20.998 -25.243 0.02 20.998 24 8.6 21.6 8 8.6 21.6 -8 8.6 21.6 -24 8.6 21.6 24.918 8.6 21.783 8.918 8.6 21.783 -7.082 8.6 21.783 -23.082 8.6 21.783 25.697 8.6 22.303 9.697 8.6 22.303 -6.303 8.6 22.303 -22.303 8.6 22.303 26.217 8.6 23.082 10.217 8.6 23.082 -5.783 8.6 23.082 -21.783 8.6 23.082 26.4 8.6 24 10.4 8.6 24 -5.6 8.6 24 -21.6 8.6 24 26.217 8.6 24.918 10.217 8.6 24.918 -5.783 8.6 24.918 -21.783 8.6 24.918 25.697 8.6 25.697 9.697 8.6 25.697 -6.303 8.6 25.697 -22.303 8.6 25.697 24.918 8.6 26.217 8.918 8.6 26.217 -7.082 8.6 26.217 -23.082 8.6 26.217 24 8.6 26.4 8 8.6 26.4 -8 8.6 26.4 -24 8.6 26.4 23.082 8.6 26.217 7.082 8.6 26.217 -8.918 8.6 26.217 -24.918 8.6 26.217 22.303 8.6 25.697 6.303 8.6 25.697 -9.697 8.6 25.697 -25.697 8.6 25.697 21.783 8.6 24.918 5.783 8.6 24.918 -10.217 8.6 24.918 -26.217 8.6 24.918 21.6 8.6 24 5.6 8.6 24 -10.4 8.6 24 -26.4 8.6 24 21.783 8.6 23.082 5.783 8.6 23.082 -10.217 8.6 23.082 -26.217 8.6 23.082 22.303 8.6 22.303 6.303 8.6 22.303 -9.697 8.6 22.303 -25.697 8.6 22.303 23.082 8.6 21.783 7.082 8.6 21.783 -8.918 8.6 21.783 -24.918 8.6 21.783 23.082 0.02 21.783 7.082 0.02 21.783 -8.918 0.02 21.783 -24.918 0.02 21.783 22.303 0.02 22.303 6.303 0.02 22.303 -9.697 0.02 22.303 -25.697 0.02 22.303 21.783 0.02 23.082 5.783 0.02 23.082 -10.217 0.02 23.082 -26.217 0.02 23.082 21.6 0.02 24 5.6 0.02 24 -10.4 0.02 24 -26.4 0.02 24 21.783 0.02 24.918 5.783 0.02 24.918 -10.217 0.02 24.918 -26.217 0.02 24.918 22.303 0.02 25.697 6.303 0.02 25.697 -9.697 0.02 25.697 -25.697 0.02 25.697 23.082 0.02 26.217 7.082 0.02 26.217 -8.918 0.02 26.217 -24.918 0.02 26.217 24 0.02 26.4 8 0.02 26.4 -8 0.02 26.4 -24 0.02 26.4 24.918 0.02 26.217 8.918 0.02 26.217 -7.082 0.02 26.217 -23.082 0.02 26.217 25.697 0.02 25.697 9.697 0.02 25.697 -6.303 0.02 25.697 -22.303 0.02 25.697 26.217 0.02 24.918 10.217 0.02 24.918 -5.783 0.02 24.918 -21.783 0.02 24.918 26.4 0.02 24 10.4 0.02 24 -5.6 0.02 24 -21.6 0.02 24 26.217 0.02 23.082 10.217 0.02 23.082 -5.783 0.02 23.082 -21.783 0.02 23.082 25.697 0.02 22.303 9.697 0.02 22.303 -6.303 0.02 22.303 -22.303 0.02 22.303 24.918 0.02 21.783 8.918 0.02 21.783 -7.082 0.02 21.783 -23.082 0.02 21.783 24 0.02 21.6 8 0.02 21.6 -8 0.02 21.6 -24 0.02 21.6 -40 0.02 21.6 -39.082 0.02 21.783 -38.303 0.02 22.303 -37.783 0.02 23.082 -37.6 0.02 24 -37.783 0.02 24.918 -38.303 0.02 25.697 -39.082 0.02 26.217 -40 0.02 26.4 -40.918 0.02 26.217 -41.697 0.02 25.697 -42.217 0.02 24.918 -42.4 0.02 24 -42.217 0.02 23.082 -41.697 0.02 22.303 -40.918 0.02 21.783 -40.918 8.6 21.783 -41.697 8.6 22.303 -42.217 8.6 23.082 -42.4 8.6 24 -42.217 8.6 24.918 -41.697 8.6 25.697 -40.918 8.6 26.217 -40 8.6 26.4 -39.082 8.6 26.217 -38.303 8.6 25.697 -37.783 8.6 24.918 -37.6 8.6 24 -37.783 8.6 23.082 -38.303 8.6 22.303 -39.082 8.6 21.783 -40 8.6 21.6 -41.243 0.02 20.998 -42.298 0.02 21.702 -43.002 0.02 22.757 -43.249 0.02 24 -43.002 0.02 25.243 -42.298 0.02 26.298 -41.243 0.02 27.002 -40 0.02 27.249 -38.757 0.02 27.002 -37.702 0.02 26.298 -36.998 0.02 25.243 -36.751 0.02 24 -36.998 0.02 22.757 -37.702 0.02 21.702 -38.757 0.02 20.998 -40 0.02 20.751 -40 8.6 20.751 -38.757 8.6 20.998 -37.702 8.6 21.702 -36.998 8.6 22.757 -36.751 8.6 24 -36.998 8.6 25.243 -37.702 8.6 26.298 -38.757 8.6 27.002 -40 8.6 27.249 -41.243 8.6 27.002 -42.298 8.6 26.298 -43.002 8.6 25.243 -43.249 8.6 24 -43.002 8.6 22.757 -42.298 8.6 21.702 -41.243 8.6 20.998 38.757 8.6 20.998 37.702 8.6 21.702 36.998 8.6 22.757 36.751 8.6 24 36.998 8.6 25.243 37.702 8.6 26.298 38.757 8.6 27.002 40 8.6 27.249 41.243 8.6 27.002 42.298 8.6 26.298 43.002 8.6 25.243 43.249 8.6 24 43.002 8.6 22.757 42.298 8.6 21.702 41.243 8.6 20.998 40 8.6 20.751 40 0.02 20.751 41.243 0.02 20.998 42.298 0.02 21.702 43.002 0.02 22.757 43.249 0.02 24 43.002 0.02 25.243 42.298 0.02 26.298 41.243 0.02 27.002 40 0.02 27.249 38.757 0.02 27.002 37.702 0.02 26.298 36.998 0.02 25.243 36.751 0.02 24 36.998 0.02 22.757 37.702 0.02 21.702 38.757 0.02 20.998 40 8.6 21.6 40.918 8.6 21.783 41.697 8.6 22.303 42.217 8.6 23.082 42.4 8.6 24 42.217 8.6 24.918 41.697 8.6 25.697 40.918 8.6 26.217 40 8.6 26.4 39.082 8.6 26.217 38.303 8.6 25.697 37.783 8.6 24.918 37.6 8.6 24 37.783 8.6 23.082 38.303 8.6 22.303 39.082 8.6 21.783 39.082 0.02 21.783 38.303 0.02 22.303 37.783 0.02 23.082 37.6 0.02 24 37.783 0.02 24.918 38.303 0.02 25.697 39.082 0.02 26.217 40 0.02 26.4 40.918 0.02 26.217 41.697 0.02 25.697 42.217 0.02 24.918 42.4 0.02 24 42.217 0.02 23.082 41.697 0.02 22.303 40.918 0.02 21.783 40 0.02 21.6 40 0.02 -26.4 40.918 0.02 -26.217 41.697 0.02 -25.697 42.217 0.02 -24.918 42.4 0.02 -24 42.217 0.02 -23.082 41.697 0.02 -22.303 40.918 0.02 -21.783 40 0.02 -21.6 39.082 0.02 -21.783 38.303 0.02 -22.303 37.783 0.02 -23.082 37.6 0.02 -24 37.783 0.02 -24.918 38.303 0.02 -25.697 39.082 0.02 -26.217 39.082 8.6 -26.217 38.303 8.6 -25.697 37.783 8.6 -24.918 37.6 8.6 -24 37.783 8.6 -23.082 38.303 8.6 -22.303 39.082 8.6 -21.783 40 8.6 -21.6 40.918 8.6 -21.783 41.697 8.6 -22.303 42.217 8.6 -23.082 42.4 8.6 -24 42.217 8.6 -24.918 41.697 8.6 -25.697 40.918 8.6 -26.217 40 8.6 -26.4 38.757 0.02 -27.002 37.702 0.02 -26.298 36.998 0.02 -25.243 36.751 0.02 -24 36.998 0.02 -22.757 37.702 0.02 -21.702 38.757 0.02 -20.998 40 0.02 -20.751 41.243 0.02 -20.998 42.298 0.02 -21.702 43.002 0.02 -22.757 43.249 0.02 -24 43.002 0.02 -25.243 42.298 0.02 -26.298 41.243 0.02 -27.002 40 0.02 -27.249 40 8.6 -27.249 41.243 8.6 -27.002 42.298 8.6 -26.298 43.002 8.6 -25.243 43.249 8.6 -24 43.002 8.6 -22.757 42.298 8.6 -21.702 41.243 8.6 -20.998 40 8.6 -20.751 38.757 8.6 -20.998 37.702 8.6 -21.702 36.998 8.6 -22.757 36.751 8.6 -24 36.998 8.6 -25.243 37.702 8.6 -26.298 38.757 8.6 -27.002 -41.243 8.6 -27.002 -42.298 8.6 -26.298 -43.002 8.6 -25.243 -43.249 8.6 -24 -43.002 8.6 -22.757 -42.298 8.6 -21.702 -41.243 8.6 -20.998 -40 8.6 -20.751 -38.757 8.6 -20.998 -37.702 8.6 -21.702 -36.998 8.6 -22.757 -36.751 8.6 -24 -36.998 8.6 -25.243 -37.702 8.6 -26.298 -38.757 8.6 -27.002 -40 8.6 -27.249 -40 0.02 -27.249 -38.757 0.02 -27.002 -37.702 0.02 -26.298 -36.998 0.02 -25.243 -36.751 0.02 -24 -36.998 0.02 -22.757 -37.702 0.02 -21.702 -38.757 0.02 -20.998 -40 0.02 -20.751 -41.243 0.02 -20.998 -42.298 0.02 -21.702 -43.002 0.02 -22.757 -43.249 0.02 -24 -43.002 0.02 -25.243 -42.298 0.02 -26.298 -41.243 0.02 -27.002 -40 8.6 -26.4 -39.082 8.6 -26.217 -38.303 8.6 -25.697 -37.783 8.6 -24.918 -37.6 8.6 -24 -37.783 8.6 -23.082 -38.303 8.6 -22.303 -39.082 8.6 -21.783 -40 8.6 -21.6 -40.918 8.6 -21.783 -41.697 8.6 -22.303 -42.217 8.6 -23.082 -42.4 8.6 -24 -42.217 8.6 -24.918 -41.697 8.6 -25.697 -40.918 8.6 -26.217 -40.918 0.02 -26.217 -41.697 0.02 -25.697 -42.217 0.02 -24.918 -42.4 0.02 -24 -42.217 0.02 -23.082 -41.697 0.02 -22.303 -40.918 0.02 -21.783 -40 0.02 -21.6 -39.082 0.02 -21.783 -38.303 0.02 -22.303 -37.783 0.02 -23.082 -37.6 0.02 -24 -37.783 0.02 -24.918 -38.303 0.02 -25.697 -39.082 0.02 -26.217 -40 0.02 -26.4 -24 0.02 -26.4 -8 0.02 -26.4 8 0.02 -26.4 24 0.02 -26.4 -23.082 0.02 -26.217 -7.082 0.02 -26.217 8.918 0.02 -26.217 24.918 0.02 -26.217 -22.303 0.02 -25.697 -6.303 0.02 -25.697 9.697 0.02 -25.697 25.697 0.02 -25.697 -21.783 0.02 -24.918 -5.783 0.02 -24.918 10.217 0.02 -24.918 26.217 0.02 -24.918 -21.6 0.02 -24 -5.6 0.02 -24 10.4 0.02 -24 26.4 0.02 -24 -21.783 0.02 -23.082 -5.783 0.02 -23.082 10.217 0.02 -23.082 26.217 0.02 -23.082 -22.303 0.02 -22.303 -6.303 0.02 -22.303 9.697 0.02 -22.303 25.697 0.02 -22.303 -23.082 0.02 -21.783 -7.082 0.02 -21.783 8.918 0.02 -21.783 24.918 0.02 -21.783 -24 0.02 -21.6 -8 0.02 -21.6 8 0.02 -21.6 24 0.02 -21.6 -24.918 0.02 -21.783 -8.918 0.02 -21.783 7.082 0.02 -21.783 23.082 0.02 -21.783 -25.697 0.02 -22.303 -9.697 0.02 -22.303 6.303 0.02 -22.303 22.303 0.02 -22.303 -26.217 0.02 -23.082 -10.217 0.02 -23.082 5.783 0.02 -23.082 21.783 0.02 -23.082 -26.4 0.02 -24 -10.4 0.02 -24 5.6 0.02 -24 21.6 0.02 -24 -26.217 0.02 -24.918 -10.217 0.02 -24.918 5.783 0.02 -24.918 21.783 0.02 -24.918 -25.697 0.02 -25.697 -9.697 0.02 -25.697 6.303 0.02 -25.697 22.303 0.02 -25.697 -24.918 0.02 -26.217 -8.918 0.02 -26.217 7.082 0.02 -26.217 23.082 0.02 -26.217 -24.918 8.6 -26.217 -8.918 8.6 -26.217 7.082 8.6 -26.217 23.082 8.6 -26.217 -25.697 8.6 -25.697 -9.697 8.6 -25.697 6.303 8.6 -25.697 22.303 8.6 -25.697 -26.217 8.6 -24.918 -10.217 8.6 -24.918 5.783 8.6 -24.918 21.783 8.6 -24.918 -26.4 8.6 -24 -10.4 8.6 -24 5.6 8.6 -24 21.6 8.6 -24 -26.217 8.6 -23.082 -10.217 8.6 -23.082 5.783 8.6 -23.082 21.783 8.6 -23.082 -25.697 8.6 -22.303 -9.697 8.6 -22.303 6.303 8.6 -22.303 22.303 8.6 -22.303 -24.918 8.6 -21.783 -8.918 8.6 -21.783 7.082 8.6 -21.783 23.082 8.6 -21.783 -24 8.6 -21.6 -8 8.6 -21.6 8 8.6 -21.6 24 8.6 -21.6 -23.082 8.6 -21.783 -7.082 8.6 -21.783 8.918 8.6 -21.783 24.918 8.6 -21.783 -22.303 8.6 -22.303 -6.303 8.6 -22.303 9.697 8.6 -22.303 25.697 8.6 -22.303 -21.783 8.6 -23.082 -5.783 8.6 -23.082 10.217 8.6 -23.082 26.217 8.6 -23.082 -21.6 8.6 -24 -5.6 8.6 -24 10.4 8.6 -24 26.4 8.6 -24 -21.783 8.6 -24.918 -5.783 8.6 -24.918 10.217 8.6 -24.918 26.217 8.6 -24.918 -22.303 8.6 -25.697 -6.303 8.6 -25.697 9.697 8.6 -25.697 25.697 8.6 -25.697 -23.082 8.6 -26.217 -7.082 8.6 -26.217 8.918 8.6 -26.217 24.918 8.6 -26.217 -24 8.6 -26.4 -8 8.6 -26.4 8 8.6 -26.4 24 8.6 -26.4 -25.243 0.02 -27.002 -9.243 0.02 -27.002 6.757 0.02 -27.002 22.757 0.02 -27.002 -26.298 0.02 -26.298 -10.298 0.02 -26.298 5.702 0.02 -26.298 21.702 0.02 -26.298 -27.002 0.02 -25.243 -11.002 0.02 -25.243 4.998 0.02 -25.243 20.998 0.02 -25.243 -27.249 0.02 -24 -11.249 0.02 -24 4.751 0.02 -24 20.751 0.02 -24 -27.002 0.02 -22.757 -11.002 0.02 -22.757 4.998 0.02 -22.757 20.998 0.02 -22.757 -26.298 0.02 -21.702 -10.298 0.02 -21.702 5.702 0.02 -21.702 21.702 0.02 -21.702 -25.243 0.02 -20.998 -9.243 0.02 -20.998 6.757 0.02 -20.998 22.757 0.02 -20.998 -24 0.02 -20.751 -8 0.02 -20.751 8 0.02 -20.751 24 0.02 -20.751 -22.757 0.02 -20.998 -6.757 0.02 -20.998 9.243 0.02 -20.998 25.243 0.02 -20.998 -21.702 0.02 -21.702 -5.702 0.02 -21.702 10.298 0.02 -21.702 26.298 0.02 -21.702 -20.998 0.02 -22.757 -4.998 0.02 -22.757 11.002 0.02 -22.757 27.002 0.02 -22.757 -20.751 0.02 -24 -4.751 0.02 -24 11.249 0.02 -24 27.249 0.02 -24 -20.998 0.02 -25.243 -4.998 0.02 -25.243 11.002 0.02 -25.243 27.002 0.02 -25.243 -21.702 0.02 -26.298 -5.702 0.02 -26.298 10.298 0.02 -26.298 26.298 0.02 -26.298 -22.757 0.02 -27.002 -6.757 0.02 -27.002 9.243 0.02 -27.002 25.243 0.02 -27.002 -24 0.02 -27.249 -8 0.02 -27.249 8 0.02 -27.249 24 0.02 -27.249 -24 8.6 -27.249 -8 8.6 -27.249 8 8.6 -27.249 24 8.6 -27.249 -22.757 8.6 -27.002 -6.757 8.6 -27.002 9.243 8.6 -27.002 25.243 8.6 -27.002 -21.702 8.6 -26.298 -5.702 8.6 -26.298 10.298 8.6 -26.298 26.298 8.6 -26.298 -20.998 8.6 -25.243 -4.998 8.6 -25.243 11.002 8.6 -25.243 27.002 8.6 -25.243 -20.751 8.6 -24 -4.751 8.6 -24 11.249 8.6 -24 27.249 8.6 -24 -20.998 8.6 -22.757 -4.998 8.6 -22.757 11.002 8.6 -22.757 27.002 8.6 -22.757 -21.702 8.6 -21.702 -5.702 8.6 -21.702 10.298 8.6 -21.702 26.298 8.6 -21.702 -22.757 8.6 -20.998 -6.757 8.6 -20.998 9.243 8.6 -20.998 25.243 8.6 -20.998 -24 8.6 -20.751 -8 8.6 -20.751 8 8.6 -20.751 24 8.6 -20.751 -25.243 8.6 -20.998 -9.243 8.6 -20.998 6.757 8.6 -20.998 22.757 8.6 -20.998 -26.298 8.6 -21.702 -10.298 8.6 -21.702 5.702 8.6 -21.702 21.702 8.6 -21.702 -27.002 8.6 -22.757 -11.002 8.6 -22.757 4.998 8.6 -22.757 20.998 8.6 -22.757 -27.249 8.6 -24 -11.249 8.6 -24 4.751 8.6 -24 20.751 8.6 -24 -27.002 8.6 -25.243 -11.002 8.6 -25.243 4.998 8.6 -25.243 20.998 8.6 -25.243 -26.298 8.6 -26.298 -10.298 8.6 -26.298 5.702 8.6 -26.298 21.702 8.6 -26.298 -25.243 8.6 -27.002 -9.243 8.6 -27.002 6.757 8.6 -27.002 22.757 8.6 -27.002 54.757 8.6 -27.002 53.702 8.6 -26.298 52.998 8.6 -25.243 52.751 8.6 -24 52.998 8.6 -22.757 53.702 8.6 -21.702 54.757 8.6 -20.998 56 8.6 -20.751 57.243 8.6 -20.998 58.298 8.6 -21.702 59.002 8.6 -22.757 59.249 8.6 -24 59.002 8.6 -25.243 58.298 8.6 -26.298 57.243 8.6 -27.002 56 8.6 -27.249 56 0.02 -27.249 57.243 0.02 -27.002 58.298 0.02 -26.298 59.002 0.02 -25.243 59.249 0.02 -24 59.002 0.02 -22.757 58.298 0.02 -21.702 57.243 0.02 -20.998 56 0.02 -20.751 54.757 0.02 -20.998 53.702 0.02 -21.702 52.998 0.02 -22.757 52.751 0.02 -24 52.998 0.02 -25.243 53.702 0.02 -26.298 54.757 0.02 -27.002 56 8.6 -26.4 56.918 8.6 -26.217 57.697 8.6 -25.697 58.217 8.6 -24.918 58.4 8.6 -24 58.217 8.6 -23.082 57.697 8.6 -22.303 56.918 8.6 -21.783 56 8.6 -21.6 55.082 8.6 -21.783 54.303 8.6 -22.303 53.783 8.6 -23.082 53.6 8.6 -24 53.783 8.6 -24.918 54.303 8.6 -25.697 55.082 8.6 -26.217 55.082 0.02 -26.217 54.303 0.02 -25.697 53.783 0.02 -24.918 53.6 0.02 -24 53.783 0.02 -23.082 54.303 0.02 -22.303 55.082 0.02 -21.783 56 0.02 -21.6 56.918 0.02 -21.783 57.697 0.02 -22.303 58.217 0.02 -23.082 58.4 0.02 -24 58.217 0.02 -24.918 57.697 0.02 -25.697 56.918 0.02 -26.217 56 0.02 -26.4 -57.243 8.6 -27.002 -58.298 8.6 -26.298 -59.002 8.6 -25.243 -59.249 8.6 -24 -59.002 8.6 -22.757 -58.298 8.6 -21.702 -57.243 8.6 -20.998 -56 8.6 -20.751 -54.757 8.6 -20.998 -53.702 8.6 -21.702 -52.998 8.6 -22.757 -52.751 8.6 -24 -52.998 8.6 -25.243 -53.702 8.6 -26.298 -54.757 8.6 -27.002 -56 8.6 -27.249 -56 0.02 -27.249 -54.757 0.02 -27.002 -53.702 0.02 -26.298 -52.998 0.02 -25.243 -52.751 0.02 -24 -52.998 0.02 -22.757 -53.702 0.02 -21.702 -54.757 0.02 -20.998 -56 0.02 -20.751 -57.243 0.02 -20.998 -58.298 0.02 -21.702 -59.002 0.02 -22.757 -59.249 0.02 -24 -59.002 0.02 -25.243 -58.298 0.02 -26.298 -57.243 0.02 -27.002 -56 8.6 -26.4 -55.082 8.6 -26.217 -54.303 8.6 -25.697 -53.783 8.6 -24.918 -53.6 8.6 -24 -53.783 8.6 -23.082 -54.303 8.6 -22.303 -55.082 8.6 -21.783 -56 8.6 -21.6 -56.918 8.6 -21.783 -57.697 8.6 -22.303 -58.217 8.6 -23.082 -58.4 8.6 -24 -58.217 8.6 -24.918 -57.697 8.6 -25.697 -56.918 8.6 -26.217 -56.918 0.02 -26.217 -57.697 0.02 -25.697 -58.217 0.02 -24.918 -58.4 0.02 -24 -58.217 0.02 -23.082 -57.697 0.02 -22.303 -56.918 0.02 -21.783 -56 0.02 -21.6 -55.082 0.02 -21.783 -54.303 0.02 -22.303 -53.783 0.02 -23.082 -53.6 0.02 -24 -53.783 0.02 -24.918 -54.303 0.02 -25.697 -55.082 0.02 -26.217 -56 0.02 -26.4 -51.082 0.02 15.6 -51.082 0.02 16.4 -62.4 0.02 16.4 -62.4 0.02 15.6 -62.4 8.6 15.6 -51.082 8.6 15.6 -62.4 8.6 16.4 -51.082 8.6 16.4 -59.6 0.02 14.4 -59.6 0.02 17.6 -60.4 0.02 17.6 -60.4 0.02 14.4 -60.4 8.6 14.4 -60.4 8.6 17.6 -59.6 8.6 17.6 -59.6 8.6 14.4 -51.6 8.6 14.4 -51.6 8.6 17.6 -52.4 8.6 17.6 -52.4 8.6 14.4 -52.4 0.02 14.4 -52.4 0.02 17.6 -51.6 0.02 17.6 -51.6 0.02 14.4 -51.6 0.02 -1.6 -51.6 0.02 1.6 -52.4 0.02 1.6 -52.4 0.02 -1.6 -52.4 8.6 -1.6 -52.4 8.6 1.6 -51.6 8.6 1.6 -51.6 8.6 -1.6 -59.6 8.6 -1.6 -59.6 8.6 1.6 -60.4 8.6 1.6 -60.4 8.6 -1.6 -60.4 0.02 -1.6 -60.4 0.02 1.6 -59.6 0.02 1.6 -59.6 0.02 -1.6 -51.082 8.6 0.4 -62.4 8.6 0.4 -51.082 8.6 -0.4 -62.4 8.6 -0.4 -62.4 0.02 -0.4 -62.4 0.02 0.4 -51.082 0.02 0.4 -51.082 0.02 -0.4 -51.082 0.02 -16.4 -51.082 0.02 -15.6 -62.4 0.02 -15.6 -62.4 0.02 -16.4 -62.4 8.6 -16.4 -51.082 8.6 -16.4 -62.4 8.6 -15.6 -51.082 8.6 -15.6 -59.6 0.02 -17.6 -59.6 0.02 -14.4 -60.4 0.02 -14.4 -60.4 0.02 -17.6 -60.4 8.6 -17.6 -60.4 8.6 -14.4 -59.6 8.6 -14.4 -59.6 8.6 -17.6 -51.6 8.6 -17.6 -51.6 8.6 -14.4 -52.4 8.6 -14.4 -52.4 8.6 -17.6 -52.4 0.02 -17.6 -52.4 0.02 -14.4 -51.6 0.02 -14.4 -51.6 0.02 -17.6 51.6 0.02 -14.4 51.6 0.02 -17.6 52.4 0.02 -17.6 52.4 0.02 -14.4 52.4 8.6 -14.4 52.4 8.6 -17.6 51.6 8.6 -17.6 51.6 8.6 -14.4 59.6 8.6 -14.4 59.6 8.6 -17.6 60.4 8.6 -17.6 60.4 8.6 -14.4 60.4 0.02 -14.4 60.4 0.02 -17.6 59.6 0.02 -17.6 59.6 0.02 -14.4 51.082 8.6 -16.4 62.4 8.6 -16.4 51.082 8.6 -15.6 62.4 8.6 -15.6 62.4 0.02 -15.6 62.4 0.02 -16.4 51.082 0.02 -16.4 51.082 0.02 -15.6 51.082 0.02 0.4 51.082 0.02 -0.4 62.4 0.02 -0.4 62.4 0.02 0.4 62.4 8.6 0.4 51.082 8.6 0.4 62.4 8.6 -0.4 51.082 8.6 -0.4 59.6 0.02 1.6 59.6 0.02 -1.6 60.4 0.02 -1.6 60.4 0.02 1.6 60.4 8.6 1.6 60.4 8.6 -1.6 59.6 8.6 -1.6 59.6 8.6 1.6 51.6 8.6 1.6 51.6 8.6 -1.6 52.4 8.6 -1.6 52.4 8.6 1.6 52.4 0.02 1.6 52.4 0.02 -1.6 51.6 0.02 -1.6 51.6 0.02 1.6 49.6 0.02 -19.6 46.4 0.02 -19.6 46.4 0.02 -20.4 49.6 0.02 -20.4 49.6 8.6 -20.4 46.4 8.6 -20.4 46.4 8.6 -19.6 49.6 8.6 -19.6 49.6 8.6 -27.6 46.4 8.6 -27.6 46.4 8.6 -28.4 49.6 8.6 -28.4 49.6 0.02 -28.4 46.4 0.02 -28.4 46.4 0.02 -27.6 49.6 0.02 -27.6 47.6 8.6 -19.082 47.6 8.6 -30.4 48.4 8.6 -19.082 48.4 8.6 -30.4 48.4 0.02 -30.4 47.6 0.02 -30.4 47.6 0.02 -19.082 48.4 0.02 -19.082 32.4 0.02 -19.082 31.6 0.02 -19.082 31.6 0.02 -30.4 32.4 0.02 -30.4 32.4 8.6 -30.4 32.4 8.6 -19.082 31.6 8.6 -30.4 31.6 8.6 -19.082 33.6 0.02 -27.6 30.4 0.02 -27.6 30.4 0.02 -28.4 33.6 0.02 -28.4 33.6 8.6 -28.4 30.4 8.6 -28.4 30.4 8.6 -27.6 33.6 8.6 -27.6 33.6 8.6 -19.6 30.4 8.6 -19.6 30.4 8.6 -20.4 33.6 8.6 -20.4 33.6 0.02 -20.4 30.4 0.02 -20.4 30.4 0.02 -19.6 33.6 0.02 -19.6 17.6 0.02 -19.6 14.4 0.02 -19.6 14.4 0.02 -20.4 17.6 0.02 -20.4 17.6 8.6 -20.4 14.4 8.6 -20.4 14.4 8.6 -19.6 17.6 8.6 -19.6 17.6 8.6 -27.6 14.4 8.6 -27.6 14.4 8.6 -28.4 17.6 8.6 -28.4 17.6 0.02 -28.4 14.4 0.02 -28.4 14.4 0.02 -27.6 17.6 0.02 -27.6 15.6 8.6 -19.082 15.6 8.6 -30.4 16.4 8.6 -19.082 16.4 8.6 -30.4 16.4 0.02 -30.4 15.6 0.02 -30.4 15.6 0.02 -19.082 16.4 0.02 -19.082 0.4 0.02 -19.082 -0.4 0.02 -19.082 -0.4 0.02 -30.4 0.4 0.02 -30.4 0.4 8.6 -30.4 0.4 8.6 -19.082 -0.4 8.6 -30.4 -0.4 8.6 -19.082 1.6 0.02 -27.6 -1.6 0.02 -27.6 -1.6 0.02 -28.4 1.6 0.02 -28.4 1.6 8.6 -28.4 -1.6 8.6 -28.4 -1.6 8.6 -27.6 1.6 8.6 -27.6 1.6 8.6 -19.6 -1.6 8.6 -19.6 -1.6 8.6 -20.4 1.6 8.6 -20.4 1.6 0.02 -20.4 -1.6 0.02 -20.4 -1.6 0.02 -19.6 1.6 0.02 -19.6 -14.4 0.02 -19.6 -17.6 0.02 -19.6 -17.6 0.02 -20.4 -14.4 0.02 -20.4 -14.4 8.6 -20.4 -17.6 8.6 -20.4 -17.6 8.6 -19.6 -14.4 8.6 -19.6 -14.4 8.6 -27.6 -17.6 8.6 -27.6 -17.6 8.6 -28.4 -14.4 8.6 -28.4 -14.4 0.02 -28.4 -17.6 0.02 -28.4 -17.6 0.02 -27.6 -14.4 0.02 -27.6 -16.4 8.6 -19.082 -16.4 8.6 -30.4 -15.6 8.6 -19.082 -15.6 8.6 -30.4 -15.6 0.02 -30.4 -16.4 0.02 -30.4 -16.4 0.02 -19.082 -15.6 0.02 -19.082 -31.6 0.02 -19.082 -32.4 0.02 -19.082 -32.4 0.02 -30.4 -31.6 0.02 -30.4 -31.6 8.6 -30.4 -31.6 8.6 -19.082 -32.4 8.6 -30.4 -32.4 8.6 -19.082 -30.4 0.02 -27.6 -33.6 0.02 -27.6 -33.6 0.02 -28.4 -30.4 0.02 -28.4 -30.4 8.6 -28.4 -33.6 8.6 -28.4 -33.6 8.6 -27.6 -30.4 8.6 -27.6 -30.4 8.6 -19.6 -33.6 8.6 -19.6 -33.6 8.6 -20.4 -30.4 8.6 -20.4 -30.4 0.02 -20.4 -33.6 0.02 -20.4 -33.6 0.02 -19.6 -30.4 0.02 -19.6 -46.4 0.02 -19.6 -49.6 0.02 -19.6 -49.6 0.02 -20.4 -46.4 0.02 -20.4 -46.4 8.6 -20.4 -49.6 8.6 -20.4 -49.6 8.6 -19.6 -46.4 8.6 -19.6 -46.4 8.6 -27.6 -49.6 8.6 -27.6 -49.6 8.6 -28.4 -46.4 8.6 -28.4 -46.4 0.02 -28.4 -49.6 0.02 -28.4 -49.6 0.02 -27.6 -46.4 0.02 -27.6 -48.4 8.6 -19.082 -48.4 8.6 -30.4 -47.6 8.6 -19.082 -47.6 8.6 -30.4 -47.6 0.02 -30.4 -48.4 0.02 -30.4 -48.4 0.02 -19.082 -47.6 0.02 -19.082 -48.4 0.02 19.082 -47.6 0.02 19.082 -47.6 0.02 30.4 -48.4 0.02 30.4 -48.4 8.6 30.4 -48.4 8.6 19.082 -47.6 8.6 30.4 -47.6 8.6 19.082 -49.6 0.02 27.6 -46.4 0.02 27.6 -46.4 0.02 28.4 -49.6 0.02 28.4 -49.6 8.6 28.4 -46.4 8.6 28.4 -46.4 8.6 27.6 -49.6 8.6 27.6 -49.6 8.6 19.6 -46.4 8.6 19.6 -46.4 8.6 20.4 -49.6 8.6 20.4 -49.6 0.02 20.4 -46.4 0.02 20.4 -46.4 0.02 19.6 -49.6 0.02 19.6 -33.6 0.02 19.6 -30.4 0.02 19.6 -30.4 0.02 20.4 -33.6 0.02 20.4 -33.6 8.6 20.4 -30.4 8.6 20.4 -30.4 8.6 19.6 -33.6 8.6 19.6 -33.6 8.6 27.6 -30.4 8.6 27.6 -30.4 8.6 28.4 -33.6 8.6 28.4 -33.6 0.02 28.4 -30.4 0.02 28.4 -30.4 0.02 27.6 -33.6 0.02 27.6 -31.6 8.6 19.082 -31.6 8.6 30.4 -32.4 8.6 19.082 -32.4 8.6 30.4 -32.4 0.02 30.4 -31.6 0.02 30.4 -31.6 0.02 19.082 -32.4 0.02 19.082 -16.4 0.02 19.082 -15.6 0.02 19.082 -15.6 0.02 30.4 -16.4 0.02 30.4 -16.4 8.6 30.4 -16.4 8.6 19.082 -15.6 8.6 30.4 -15.6 8.6 19.082 -17.6 0.02 27.6 -14.4 0.02 27.6 -14.4 0.02 28.4 -17.6 0.02 28.4 -17.6 8.6 28.4 -14.4 8.6 28.4 -14.4 8.6 27.6 -17.6 8.6 27.6 -17.6 8.6 19.6 -14.4 8.6 19.6 -14.4 8.6 20.4 -17.6 8.6 20.4 -17.6 0.02 20.4 -14.4 0.02 20.4 -14.4 0.02 19.6 -17.6 0.02 19.6 -1.6 0.02 19.6 1.6 0.02 19.6 1.6 0.02 20.4 -1.6 0.02 20.4 -1.6 8.6 20.4 1.6 8.6 20.4 1.6 8.6 19.6 -1.6 8.6 19.6 -1.6 8.6 27.6 1.6 8.6 27.6 1.6 8.6 28.4 -1.6 8.6 28.4 -1.6 0.02 28.4 1.6 0.02 28.4 1.6 0.02 27.6 -1.6 0.02 27.6 0.4 8.6 19.082 0.4 8.6 30.4 -0.4 8.6 19.082 -0.4 8.6 30.4 -0.4 0.02 30.4 0.4 0.02 30.4 0.4 0.02 19.082 -0.4 0.02 19.082 15.6 0.02 19.082 16.4 0.02 19.082 16.4 0.02 30.4 15.6 0.02 30.4 15.6 8.6 30.4 15.6 8.6 19.082 16.4 8.6 30.4 16.4 8.6 19.082 14.4 0.02 27.6 17.6 0.02 27.6 17.6 0.02 28.4 14.4 0.02 28.4 14.4 8.6 28.4 17.6 8.6 28.4 17.6 8.6 27.6 14.4 8.6 27.6 14.4 8.6 19.6 17.6 8.6 19.6 17.6 8.6 20.4 14.4 8.6 20.4 14.4 0.02 20.4 17.6 0.02 20.4 17.6 0.02 19.6 14.4 0.02 19.6 30.4 0.02 19.6 33.6 0.02 19.6 33.6 0.02 20.4 30.4 0.02 20.4 30.4 8.6 20.4 33.6 8.6 20.4 33.6 8.6 19.6 30.4 8.6 19.6 30.4 8.6 27.6 33.6 8.6 27.6 33.6 8.6 28.4 30.4 8.6 28.4 30.4 0.02 28.4 33.6 0.02 28.4 33.6 0.02 27.6 30.4 0.02 27.6 32.4 8.6 19.082 32.4 8.6 30.4 31.6 8.6 19.082 31.6 8.6 30.4 31.6 0.02 30.4 32.4 0.02 30.4 32.4 0.02 19.082 31.6 0.02 19.082 47.6 0.02 19.082 48.4 0.02 19.082 48.4 0.02 30.4 47.6 0.02 30.4 47.6 8.6 30.4 47.6 8.6 19.082 48.4 8.6 30.4 48.4 8.6 19.082 46.4 0.02 27.6 49.6 0.02 27.6 49.6 0.02 28.4 46.4 0.02 28.4 46.4 8.6 28.4 49.6 8.6 28.4 49.6 8.6 27.6 46.4 8.6 27.6 46.4 8.6 19.6 49.6 8.6 19.6 49.6 8.6 20.4 46.4 8.6 20.4 46.4 0.02 20.4 49.6 0.02 20.4 49.6 0.02 19.6 46.4 0.02 19.6 30.4 0.02 3.601 33.6 0.02 3.601 33.6 0.02 4.401 30.4 0.02 4.401 30.4 8.6 4.401 33.6 8.6 4.401 33.6 8.6 3.601 30.4 8.6 3.601 30.4 8.6 11.601 33.6 8.6 11.601 33.6 8.6 12.401 30.4 8.6 12.401 30.4 0.02 12.401 33.6 0.02 12.401 33.6 0.02 11.601 30.4 0.02 11.601 32.4 8.6 3.082 32.4 8.6 12.916 31.6 8.6 3.082 31.6 8.6 12.916 31.6 0.02 12.916 32.4 0.02 12.916 32.4 0.02 3.082 31.6 0.02 3.082 31.6 0.02 -12.918 32.4 0.02 -12.918 32.4 0.02 -3.084 31.6 0.02 -3.084 31.6 8.6 -3.084 31.6 8.6 -12.918 32.4 8.6 -3.084 32.4 8.6 -12.918 30.4 0.02 -4.399 33.6 0.02 -4.399 33.6 0.02 -3.599 30.4 0.02 -3.599 30.4 8.6 -3.599 33.6 8.6 -3.599 33.6 8.6 -4.399 30.4 8.6 -4.399 30.4 8.6 -12.399 33.6 8.6 -12.399 33.6 8.6 -11.599 30.4 8.6 -11.599 30.4 0.02 -11.599 33.6 0.02 -11.599 33.6 0.02 -12.399 30.4 0.02 -12.399 14.4 0.02 -12.399 17.6 0.02 -12.399 17.6 0.02 -11.599 14.4 0.02 -11.599 14.4 8.6 -11.599 17.6 8.6 -11.599 17.6 8.6 -12.399 14.4 8.6 -12.399 14.4 8.6 -4.399 17.6 8.6 -4.399 17.6 8.6 -3.599 14.4 8.6 -3.599 14.4 0.02 -3.599 17.6 0.02 -3.599 17.6 0.02 -4.399 14.4 0.02 -4.399 16.4 8.6 -12.918 16.4 8.6 -3.084 15.6 8.6 -12.918 15.6 8.6 -3.084 15.6 0.02 -3.084 16.4 0.02 -3.084 16.4 0.02 -12.918 15.6 0.02 -12.918 -0.4 0.02 -12.918 0.4 0.02 -12.918 0.4 0.02 -3.084 -0.4 0.02 -3.084 -0.4 8.6 -3.084 -0.4 8.6 -12.918 0.4 8.6 -3.084 0.4 8.6 -12.918 -1.6 0.02 -4.399 1.6 0.02 -4.399 1.6 0.02 -3.599 -1.6 0.02 -3.599 -1.6 8.6 -3.599 1.6 8.6 -3.599 1.6 8.6 -4.399 -1.6 8.6 -4.399 -1.6 8.6 -12.399 1.6 8.6 -12.399 1.6 8.6 -11.599 -1.6 8.6 -11.599 -1.6 0.02 -11.599 1.6 0.02 -11.599 1.6 0.02 -12.399 -1.6 0.02 -12.399 -17.6 0.02 -12.399 -14.4 0.02 -12.399 -14.4 0.02 -11.599 -17.6 0.02 -11.599 -17.6 8.6 -11.599 -14.4 8.6 -11.599 -14.4 8.6 -12.399 -17.6 8.6 -12.399 -17.6 8.6 -4.399 -14.4 8.6 -4.399 -14.4 8.6 -3.599 -17.6 8.6 -3.599 -17.6 0.02 -3.599 -14.4 0.02 -3.599 -14.4 0.02 -4.399 -17.6 0.02 -4.399 -15.6 8.6 -12.918 -15.6 8.6 -3.084 -16.4 8.6 -12.918 -16.4 8.6 -3.084 -16.4 0.02 -3.084 -15.6 0.02 -3.084 -15.6 0.02 -12.918 -16.4 0.02 -12.918 -32.4 0.02 -12.918 -31.6 0.02 -12.918 -31.6 0.02 -3.084 -32.4 0.02 -3.084 -32.4 8.6 -3.084 -32.4 8.6 -12.918 -31.6 8.6 -3.084 -31.6 8.6 -12.918 -33.6 0.02 -4.399 -30.4 0.02 -4.399 -30.4 0.02 -3.599 -33.6 0.02 -3.599 -33.6 8.6 -3.599 -30.4 8.6 -3.599 -30.4 8.6 -4.399 -33.6 8.6 -4.399 -33.6 8.6 -12.399 -30.4 8.6 -12.399 -30.4 8.6 -11.599 -33.6 8.6 -11.599 -33.6 0.02 -11.599 -30.4 0.02 -11.599 -30.4 0.02 -12.399 -33.6 0.02 -12.399 -49.6 0.02 -12.399 -46.4 0.02 -12.399 -46.4 0.02 -11.599 -49.6 0.02 -11.599 -49.6 8.6 -11.599 -46.4 8.6 -11.599 -46.4 8.6 -12.399 -49.6 8.6 -12.399 -49.6 8.6 -4.399 -46.4 8.6 -4.399 -46.4 8.6 -3.599 -49.6 8.6 -3.599 -49.6 0.02 -3.599 -46.4 0.02 -3.599 -46.4 0.02 -4.399 -49.6 0.02 -4.399 -47.6 8.6 -12.918 -47.6 8.6 -3.084 -48.4 8.6 -12.918 -48.4 8.6 -3.084 -48.4 0.02 -3.084 -47.6 0.02 -3.084 -47.6 0.02 -12.918 -48.4 0.02 -12.918 -48.4 0.02 3.082 -47.6 0.02 3.082 -47.6 0.02 12.916 -48.4 0.02 12.916 -48.4 8.6 12.916 -48.4 8.6 3.082 -47.6 8.6 12.916 -47.6 8.6 3.082 -49.6 0.02 11.601 -46.4 0.02 11.601 -46.4 0.02 12.401 -49.6 0.02 12.401 -49.6 8.6 12.401 -46.4 8.6 12.401 -46.4 8.6 11.601 -49.6 8.6 11.601 -49.6 8.6 3.601 -46.4 8.6 3.601 -46.4 8.6 4.401 -49.6 8.6 4.401 -49.6 0.02 4.401 -46.4 0.02 4.401 -46.4 0.02 3.601 -49.6 0.02 3.601 -33.6 0.02 3.601 -30.4 0.02 3.601 -30.4 0.02 4.401 -33.6 0.02 4.401 -33.6 8.6 4.401 -30.4 8.6 4.401 -30.4 8.6 3.601 -33.6 8.6 3.601 -33.6 8.6 11.601 -30.4 8.6 11.601 -30.4 8.6 12.401 -33.6 8.6 12.401 -33.6 0.02 12.401 -30.4 0.02 12.401 -30.4 0.02 11.601 -33.6 0.02 11.601 -31.6 8.6 3.082 -31.6 8.6 12.916 -32.4 8.6 3.082 -32.4 8.6 12.916 -32.4 0.02 12.916 -31.6 0.02 12.916 -31.6 0.02 3.082 -32.4 0.02 3.082 -16.4 0.02 3.082 -15.6 0.02 3.082 -15.6 0.02 12.916 -16.4 0.02 12.916 -16.4 8.6 12.916 -16.4 8.6 3.082 -15.6 8.6 12.916 -15.6 8.6 3.082 -17.6 0.02 11.601 -14.4 0.02 11.601 -14.4 0.02 12.401 -17.6 0.02 12.401 -17.6 8.6 12.401 -14.4 8.6 12.401 -14.4 8.6 11.601 -17.6 8.6 11.601 -17.6 8.6 3.601 -14.4 8.6 3.601 -14.4 8.6 4.401 -17.6 8.6 4.401 -17.6 0.02 4.401 -14.4 0.02 4.401 -14.4 0.02 3.601 -17.6 0.02 3.601 -1.6 0.02 3.601 1.6 0.02 3.601 1.6 0.02 4.401 -1.6 0.02 4.401 -1.6 8.6 4.401 1.6 8.6 4.401 1.6 8.6 3.601 -1.6 8.6 3.601 -1.6 8.6 11.601 1.6 8.6 11.601 1.6 8.6 12.401 -1.6 8.6 12.401 -1.6 0.02 12.401 1.6 0.02 12.401 1.6 0.02 11.601 -1.6 0.02 11.601 0.4 8.6 3.082 0.4 8.6 12.916 -0.4 8.6 3.082 -0.4 8.6 12.916 -0.4 0.02 12.916 0.4 0.02 12.916 0.4 0.02 3.082 -0.4 0.02 3.082 15.6 0.02 3.082 16.4 0.02 3.082 16.4 0.02 12.916 15.6 0.02 12.916 15.6 8.6 12.916 15.6 8.6 3.082 16.4 8.6 12.916 16.4 8.6 3.082 14.4 0.02 11.601 17.6 0.02 11.601 17.6 0.02 12.401 14.4 0.02 12.401 14.4 8.6 12.401 17.6 8.6 12.401 17.6 8.6 11.601 14.4 8.6 11.601 14.4 8.6 3.601 17.6 8.6 3.601 17.6 8.6 4.401 14.4 8.6 4.401 14.4 0.02 4.401 17.6 0.02 4.401 17.6 0.02 3.601 14.4 0.02 3.601 46.4 0.02 3.601 49.6 0.02 3.601 49.6 0.02 4.401 46.4 0.02 4.401 46.4 8.6 4.401 49.6 8.6 4.401 49.6 8.6 3.601 46.4 8.6 3.601 46.4 8.6 11.601 49.6 8.6 11.601 49.6 8.6 12.401 46.4 8.6 12.401 46.4 0.02 12.401 49.6 0.02 12.401 49.6 0.02 11.601 46.4 0.02 11.601 48.4 8.6 3.082 48.4 8.6 12.916 47.6 8.6 3.082 47.6 8.6 12.916 47.6 0.02 12.916 48.4 0.02 12.916 48.4 0.02 3.082 47.6 0.02 3.082 47.6 0.02 -12.918 48.4 0.02 -12.918 48.4 0.02 -3.084 47.6 0.02 -3.084 47.6 8.6 -3.084 47.6 8.6 -12.918 48.4 8.6 -3.084 48.4 8.6 -12.918 46.4 0.02 -4.399 49.6 0.02 -4.399 49.6 0.02 -3.599 46.4 0.02 -3.599 46.4 8.6 -3.599 49.6 8.6 -3.599 49.6 8.6 -4.399 46.4 8.6 -4.399 46.4 8.6 -12.399 49.6 8.6 -12.399 49.6 8.6 -11.599 46.4 8.6 -11.599 46.4 0.02 -11.599 49.6 0.02 -11.599 49.6 0.02 -12.399 46.4 0.02 -12.399 35.601 0.02 -14.4 35.601 0.02 -17.6 36.401 0.02 -17.6 36.401 0.02 -14.4 36.401 8.6 -14.4 36.401 8.6 -17.6 35.601 8.6 -17.6 35.601 8.6 -14.4 43.601 8.6 -14.4 43.601 8.6 -17.6 44.401 8.6 -17.6 44.401 8.6 -14.4 44.401 0.02 -14.4 44.401 0.02 -17.6 43.601 0.02 -17.6 43.601 0.02 -14.4 35.082 8.6 -16.4 44.916 8.6 -16.4 35.082 8.6 -15.6 44.916 8.6 -15.6 44.916 0.02 -15.6 44.916 0.02 -16.4 35.082 0.02 -16.4 35.082 0.02 -15.6 35.082 0.02 0.4 35.082 0.02 -0.4 44.916 0.02 -0.4 44.916 0.02 0.4 44.916 8.6 0.4 35.082 8.6 0.4 44.916 8.6 -0.4 35.082 8.6 -0.4 43.601 0.02 1.6 43.601 0.02 -1.6 44.401 0.02 -1.6 44.401 0.02 1.6 44.401 8.6 1.6 44.401 8.6 -1.6 43.601 8.6 -1.6 43.601 8.6 1.6 35.601 8.6 1.6 35.601 8.6 -1.6 36.401 8.6 -1.6 36.401 8.6 1.6 36.401 0.02 1.6 36.401 0.02 -1.6 35.601 0.02 -1.6 35.601 0.02 1.6 35.601 0.02 17.6 35.601 0.02 14.4 36.401 0.02 14.4 36.401 0.02 17.6 36.401 8.6 17.6 36.401 8.6 14.4 35.601 8.6 14.4 35.601 8.6 17.6 43.601 8.6 17.6 43.601 8.6 14.4 44.401 8.6 14.4 44.401 8.6 17.6 44.401 0.02 17.6 44.401 0.02 14.4 43.601 0.02 14.4 43.601 0.02 17.6 35.082 8.6 15.6 44.916 8.6 15.6 35.082 8.6 16.4 44.916 8.6 16.4 44.916 0.02 16.4 44.916 0.02 15.6 35.082 0.02 15.6 35.082 0.02 16.4 19.082 0.02 16.4 19.082 0.02 15.6 28.916 0.02 15.6 28.916 0.02 16.4 28.916 8.6 16.4 19.082 8.6 16.4 28.916 8.6 15.6 19.082 8.6 15.6 27.601 0.02 17.6 27.601 0.02 14.4 28.401 0.02 14.4 28.401 0.02 17.6 28.401 8.6 17.6 28.401 8.6 14.4 27.601 8.6 14.4 27.601 8.6 17.6 19.601 8.6 17.6 19.601 8.6 14.4 20.401 8.6 14.4 20.401 8.6 17.6 20.401 0.02 17.6 20.401 0.02 14.4 19.601 0.02 14.4 19.601 0.02 17.6 19.601 0.02 1.6 19.601 0.02 -1.6 20.401 0.02 -1.6 20.401 0.02 1.6 20.401 8.6 1.6 20.401 8.6 -1.6 19.601 8.6 -1.6 19.601 8.6 1.6 27.601 8.6 1.6 27.601 8.6 -1.6 28.401 8.6 -1.6 28.401 8.6 1.6 28.401 0.02 1.6 28.401 0.02 -1.6 27.601 0.02 -1.6 27.601 0.02 1.6 19.082 8.6 -0.4 28.916 8.6 -0.4 19.082 8.6 0.4 28.916 8.6 0.4 28.916 0.02 0.4 28.916 0.02 -0.4 19.082 0.02 -0.4 19.082 0.02 0.4 19.082 0.02 -15.6 19.082 0.02 -16.4 28.916 0.02 -16.4 28.916 0.02 -15.6 28.916 8.6 -15.6 19.082 8.6 -15.6 28.916 8.6 -16.4 19.082 8.6 -16.4 27.601 0.02 -14.4 27.601 0.02 -17.6 28.401 0.02 -17.6 28.401 0.02 -14.4 28.401 8.6 -14.4 28.401 8.6 -17.6 27.601 8.6 -17.6 27.601 8.6 -14.4 19.601 8.6 -14.4 19.601 8.6 -17.6 20.401 8.6 -17.6 20.401 8.6 -14.4 20.401 0.02 -14.4 20.401 0.02 -17.6 19.601 0.02 -17.6 19.601 0.02 -14.4 3.601 0.02 -14.4 3.601 0.02 -17.6 4.401 0.02 -17.6 4.401 0.02 -14.4 4.401 8.6 -14.4 4.401 8.6 -17.6 3.601 8.6 -17.6 3.601 8.6 -14.4 11.601 8.6 -14.4 11.601 8.6 -17.6 12.401 8.6 -17.6 12.401 8.6 -14.4 12.401 0.02 -14.4 12.401 0.02 -17.6 11.601 0.02 -17.6 11.601 0.02 -14.4 3.082 8.6 -16.4 12.916 8.6 -16.4 3.082 8.6 -15.6 12.916 8.6 -15.6 12.916 0.02 -15.6 12.916 0.02 -16.4 3.082 0.02 -16.4 3.082 0.02 -15.6 -12.918 0.02 -15.6 -12.918 0.02 -16.4 -3.084 0.02 -16.4 -3.084 0.02 -15.6 -3.084 8.6 -15.6 -12.918 8.6 -15.6 -3.084 8.6 -16.4 -12.918 8.6 -16.4 -4.399 0.02 -14.4 -4.399 0.02 -17.6 -3.599 0.02 -17.6 -3.599 0.02 -14.4 -3.599 8.6 -14.4 -3.599 8.6 -17.6 -4.399 8.6 -17.6 -4.399 8.6 -14.4 -12.399 8.6 -14.4 -12.399 8.6 -17.6 -11.599 8.6 -17.6 -11.599 8.6 -14.4 -11.599 0.02 -14.4 -11.599 0.02 -17.6 -12.399 0.02 -17.6 -12.399 0.02 -14.4 -28.399 0.02 -14.4 -28.399 0.02 -17.6 -27.599 0.02 -17.6 -27.599 0.02 -14.4 -27.599 8.6 -14.4 -27.599 8.6 -17.6 -28.399 8.6 -17.6 -28.399 8.6 -14.4 -20.399 8.6 -14.4 -20.399 8.6 -17.6 -19.599 8.6 -17.6 -19.599 8.6 -14.4 -19.599 0.02 -14.4 -19.599 0.02 -17.6 -20.399 0.02 -17.6 -20.399 0.02 -14.4 -28.918 8.6 -16.4 -19.084 8.6 -16.4 -28.918 8.6 -15.6 -19.084 8.6 -15.6 -19.084 0.02 -15.6 -19.084 0.02 -16.4 -28.918 0.02 -16.4 -28.918 0.02 -15.6 -44.918 0.02 -15.6 -44.918 0.02 -16.4 -35.084 0.02 -16.4 -35.084 0.02 -15.6 -35.084 8.6 -15.6 -44.918 8.6 -15.6 -35.084 8.6 -16.4 -44.918 8.6 -16.4 -36.399 0.02 -14.4 -36.399 0.02 -17.6 -35.599 0.02 -17.6 -35.599 0.02 -14.4 -35.599 8.6 -14.4 -35.599 8.6 -17.6 -36.399 8.6 -17.6 -36.399 8.6 -14.4 -44.399 8.6 -14.4 -44.399 8.6 -17.6 -43.599 8.6 -17.6 -43.599 8.6 -14.4 -43.599 0.02 -14.4 -43.599 0.02 -17.6 -44.399 0.02 -17.6 -44.399 0.02 -14.4 -44.399 0.02 1.6 -44.399 0.02 -1.6 -43.599 0.02 -1.6 -43.599 0.02 1.6 -43.599 8.6 1.6 -43.599 8.6 -1.6 -44.399 8.6 -1.6 -44.399 8.6 1.6 -36.399 8.6 1.6 -36.399 8.6 -1.6 -35.599 8.6 -1.6 -35.599 8.6 1.6 -35.599 0.02 1.6 -35.599 0.02 -1.6 -36.399 0.02 -1.6 -36.399 0.02 1.6 -44.918 8.6 -0.4 -35.084 8.6 -0.4 -44.918 8.6 0.4 -35.084 8.6 0.4 -35.084 0.02 0.4 -35.084 0.02 -0.4 -44.918 0.02 -0.4 -44.918 0.02 0.4 -44.918 0.02 16.4 -44.918 0.02 15.6 -35.084 0.02 15.6 -35.084 0.02 16.4 -35.084 8.6 16.4 -44.918 8.6 16.4 -35.084 8.6 15.6 -44.918 8.6 15.6 -36.399 0.02 17.6 -36.399 0.02 14.4 -35.599 0.02 14.4 -35.599 0.02 17.6 -35.599 8.6 17.6 -35.599 8.6 14.4 -36.399 8.6 14.4 -36.399 8.6 17.6 -44.399 8.6 17.6 -44.399 8.6 14.4 -43.599 8.6 14.4 -43.599 8.6 17.6 -43.599 0.02 17.6 -43.599 0.02 14.4 -44.399 0.02 14.4 -44.399 0.02 17.6 -28.399 0.02 17.6 -28.399 0.02 14.4 -27.599 0.02 14.4 -27.599 0.02 17.6 -27.599 8.6 17.6 -27.599 8.6 14.4 -28.399 8.6 14.4 -28.399 8.6 17.6 -20.399 8.6 17.6 -20.399 8.6 14.4 -19.599 8.6 14.4 -19.599 8.6 17.6 -19.599 0.02 17.6 -19.599 0.02 14.4 -20.399 0.02 14.4 -20.399 0.02 17.6 -28.918 8.6 15.6 -19.084 8.6 15.6 -28.918 8.6 16.4 -19.084 8.6 16.4 -19.084 0.02 16.4 -19.084 0.02 15.6 -28.918 0.02 15.6 -28.918 0.02 16.4 -28.918 0.02 0.4 -28.918 0.02 -0.4 -19.084 0.02 -0.4 -19.084 0.02 0.4 -19.084 8.6 0.4 -28.918 8.6 0.4 -19.084 8.6 -0.4 -28.918 8.6 -0.4 -20.399 0.02 1.6 -20.399 0.02 -1.6 -19.599 0.02 -1.6 -19.599 0.02 1.6 -19.599 8.6 1.6 -19.599 8.6 -1.6 -20.399 8.6 -1.6 -20.399 8.6 1.6 -28.399 8.6 1.6 -28.399 8.6 -1.6 -27.599 8.6 -1.6 -27.599 8.6 1.6 -27.599 0.02 1.6 -27.599 0.02 -1.6 -28.399 0.02 -1.6 -28.399 0.02 1.6 -12.399 0.02 1.6 -12.399 0.02 -1.6 -11.599 0.02 -1.6 -11.599 0.02 1.6 -11.599 8.6 1.6 -11.599 8.6 -1.6 -12.399 8.6 -1.6 -12.399 8.6 1.6 -4.399 8.6 1.6 -4.399 8.6 -1.6 -3.599 8.6 -1.6 -3.599 8.6 1.6 -3.599 0.02 1.6 -3.599 0.02 -1.6 -4.399 0.02 -1.6 -4.399 0.02 1.6 -12.918 8.6 -0.4 -3.084 8.6 -0.4 -12.918 8.6 0.4 -3.084 8.6 0.4 -3.084 0.02 0.4 -3.084 0.02 -0.4 -12.918 0.02 -0.4 -12.918 0.02 0.4 -12.918 0.02 16.4 -12.918 0.02 15.6 -3.084 0.02 15.6 -3.084 0.02 16.4 -3.084 8.6 16.4 -12.918 8.6 16.4 -3.084 8.6 15.6 -12.918 8.6 15.6 -4.399 0.02 17.6 -4.399 0.02 14.4 -3.599 0.02 14.4 -3.599 0.02 17.6 -3.599 8.6 17.6 -3.599 8.6 14.4 -4.399 8.6 14.4 -4.399 8.6 17.6 -12.399 8.6 17.6 -12.399 8.6 14.4 -11.599 8.6 14.4 -11.599 8.6 17.6 -11.599 0.02 17.6 -11.599 0.02 14.4 -12.399 0.02 14.4 -12.399 0.02 17.6 3.601 0.02 17.6 3.601 0.02 14.4 4.401 0.02 14.4 4.401 0.02 17.6 4.401 8.6 17.6 4.401 8.6 14.4 3.601 8.6 14.4 3.601 8.6 17.6 11.601 8.6 17.6 11.601 8.6 14.4 12.401 8.6 14.4 12.401 8.6 17.6 12.401 0.02 17.6 12.401 0.02 14.4 11.601 0.02 14.4 11.601 0.02 17.6 3.082 8.6 15.6 12.916 8.6 15.6 3.082 8.6 16.4 12.916 8.6 16.4 12.916 0.02 16.4 12.916 0.02 15.6 3.082 0.02 15.6 3.082 0.02 16.4 3.082 0.02 0.4 3.082 0.02 -0.4 12.916 0.02 -0.4 12.916 0.02 0.4 12.916 8.6 0.4 3.082 8.6 0.4 12.916 8.6 -0.4 3.082 8.6 -0.4 11.601 0.02 1.6 11.601 0.02 -1.6 12.401 0.02 -1.6 12.401 0.02 1.6 12.401 8.6 1.6 12.401 8.6 -1.6 11.601 8.6 -1.6 11.601 8.6 1.6 3.601 8.6 1.6 3.601 8.6 -1.6 4.401 8.6 -1.6 4.401 8.6 1.6 4.401 0.02 1.6 4.401 0.02 -1.6 3.601 0.02 -1.6 3.601 0.02 1.6 51.6 0.02 17.6 51.6 0.02 14.4 52.4 0.02 14.4 52.4 0.02 17.6 52.4 8.6 17.6 52.4 8.6 14.4 51.6 8.6 14.4 51.6 8.6 17.6 59.6 8.6 17.6 59.6 8.6 14.4 60.4 8.6 14.4 60.4 8.6 17.6 60.4 0.02 17.6 60.4 0.02 14.4 59.6 0.02 14.4 59.6 0.02 17.6 51.082 8.6 15.6 62.4 8.6 15.6 51.082 8.6 16.4 62.4 8.6 16.4 62.4 0.02 16.4 62.4 0.02 15.6 51.082 0.02 15.6 51.082 0.02 16.4 16 0.02 -3.249 14.757 0.02 -3.002 13.702 0.02 -2.298 12.998 0.02 -1.243 12.751 0.02 0 12.998 0.02 1.243 13.702 0.02 2.298 14.757 0.02 3.002 16 0.02 3.249 17.243 0.02 3.002 18.298 0.02 2.298 19.002 0.02 1.243 19.249 0.02 0 19.002 0.02 -1.243 18.298 0.02 -2.298 17.243 0.02 -3.002 0 0.02 -3.249 -1.243 0.02 -3.002 -2.298 0.02 -2.298 -3.002 0.02 -1.243 -3.249 0.02 0 -3.002 0.02 1.243 -2.298 0.02 2.298 -1.243 0.02 3.002 0 0.02 3.249 1.243 0.02 3.002 2.298 0.02 2.298 3.002 0.02 1.243 3.249 0.02 0 3.002 0.02 -1.243 2.298 0.02 -2.298 1.243 0.02 -3.002 -16 0.02 -3.249 -17.243 0.02 -3.002 -18.298 0.02 -2.298 -19.002 0.02 -1.243 -19.249 0.02 0 -19.002 0.02 1.243 -18.298 0.02 2.298 -17.243 0.02 3.002 -16 0.02 3.249 -14.757 0.02 3.002 -13.702 0.02 2.298 -12.998 0.02 1.243 -12.751 0.02 0 -12.998 0.02 -1.243 -13.702 0.02 -2.298 -14.757 0.02 -3.002 15.082 0.02 -2.217 14.303 0.02 -1.697 13.783 0.02 -0.918 13.6 0.02 0 13.783 0.02 0.918 14.303 0.02 1.697 15.082 0.02 2.217 16 0.02 2.4 16.918 0.02 2.217 17.697 0.02 1.697 18.217 0.02 0.918 18.4 0.02 0 18.217 0.02 -0.918 17.697 0.02 -1.697 16.918 0.02 -2.217 16 0.02 -2.4 -0.918 0.02 -2.217 -1.697 0.02 -1.697 -2.217 0.02 -0.918 -2.4 0.02 0 -2.217 0.02 0.918 -1.697 0.02 1.697 -0.918 0.02 2.217 0 0.02 2.4 0.918 0.02 2.217 1.697 0.02 1.697 2.217 0.02 0.918 2.4 0.02 0 2.217 0.02 -0.918 1.697 0.02 -1.697 0.918 0.02 -2.217 0 0.02 -2.4 -16.918 0.02 -2.217 -17.697 0.02 -1.697 -18.217 0.02 -0.918 -18.4 0.02 0 -18.217 0.02 0.918 -17.697 0.02 1.697 -16.918 0.02 2.217 -16 0.02 2.4 -15.082 0.02 2.217 -14.303 0.02 1.697 -13.783 0.02 0.918 -13.6 0.02 0 -13.783 0.02 -0.918 -14.303 0.02 -1.697 -15.082 0.02 -2.217 -16 0.02 -2.4 27.082 11.4 1.783 26.303 11.4 2.303 25.783 11.4 3.082 25.6 11.4 4 25.783 11.4 4.918 26.303 11.4 5.697 27.082 11.4 6.217 28 11.4 6.4 28.918 11.4 6.217 29.697 11.4 5.697 30.217 11.4 4.918 30.4 11.4 4 30.217 11.4 3.082 29.697 11.4 2.303 28.918 11.4 1.783 28 11.4 1.6 19.082 11.4 1.783 18.303 11.4 2.303 17.783 11.4 3.082 17.6 11.4 4 17.783 11.4 4.918 18.303 11.4 5.697 19.082 11.4 6.217 20 11.4 6.4 20.918 11.4 6.217 21.697 11.4 5.697 22.217 11.4 4.918 22.4 11.4 4 22.217 11.4 3.082 21.697 11.4 2.303 20.918 11.4 1.783 20 11.4 1.6 11.082 11.4 1.783 10.303 11.4 2.303 9.783 11.4 3.082 9.6 11.4 4 9.783 11.4 4.918 10.303 11.4 5.697 11.082 11.4 6.217 12 11.4 6.4 12.918 11.4 6.217 13.697 11.4 5.697 14.217 11.4 4.918 14.4 11.4 4 14.217 11.4 3.082 13.697 11.4 2.303 12.918 11.4 1.783 12 11.4 1.6 3.082 11.4 1.783 2.303 11.4 2.303 1.783 11.4 3.082 1.6 11.4 4 1.783 11.4 4.918 2.303 11.4 5.697 3.082 11.4 6.217 4 11.4 6.4 4.918 11.4 6.217 5.697 11.4 5.697 6.217 11.4 4.918 6.4 11.4 4 6.217 11.4 3.082 5.697 11.4 2.303 4.918 11.4 1.783 4 11.4 1.6 -4.918 11.4 1.783 -5.697 11.4 2.303 -6.217 11.4 3.082 -6.4 11.4 4 -6.217 11.4 4.918 -5.697 11.4 5.697 -4.918 11.4 6.217 -4 11.4 6.4 -3.082 11.4 6.217 -2.303 11.4 5.697 -1.783 11.4 4.918 -1.6 11.4 4 -1.783 11.4 3.082 -2.303 11.4 2.303 -3.082 11.4 1.783 -4 11.4 1.6 -12.918 11.4 1.783 -13.697 11.4 2.303 -14.217 11.4 3.082 -14.4 11.4 4 -14.217 11.4 4.918 -13.697 11.4 5.697 -12.918 11.4 6.217 -12 11.4 6.4 -11.082 11.4 6.217 -10.303 11.4 5.697 -9.783 11.4 4.918 -9.6 11.4 4 -9.783 11.4 3.082 -10.303 11.4 2.303 -11.082 11.4 1.783 -12 11.4 1.6 -20.918 11.4 1.783 -21.697 11.4 2.303 -22.217 11.4 3.082 -22.4 11.4 4 -22.217 11.4 4.918 -21.697 11.4 5.697 -20.918 11.4 6.217 -20 11.4 6.4 -19.082 11.4 6.217 -18.303 11.4 5.697 -17.783 11.4 4.918 -17.6 11.4 4 -17.783 11.4 3.082 -18.303 11.4 2.303 -19.082 11.4 1.783 -20 11.4 1.6 -28.918 11.4 1.783 -29.697 11.4 2.303 -30.217 11.4 3.082 -30.4 11.4 4 -30.217 11.4 4.918 -29.697 11.4 5.697 -28.918 11.4 6.217 -28 11.4 6.4 -27.082 11.4 6.217 -26.303 11.4 5.697 -25.783 11.4 4.918 -25.6 11.4 4 -25.783 11.4 3.082 -26.303 11.4 2.303 -27.082 11.4 1.783 -28 11.4 1.6 28 11.4 -6.4 27.082 11.4 -6.217 26.303 11.4 -5.697 25.783 11.4 -4.918 25.6 11.4 -4 25.783 11.4 -3.082 26.303 11.4 -2.303 27.082 11.4 -1.783 28 11.4 -1.6 28.918 11.4 -1.783 29.697 11.4 -2.303 30.217 11.4 -3.082 30.4 11.4 -4 30.217 11.4 -4.918 29.697 11.4 -5.697 28.918 11.4 -6.217 20 11.4 -6.4 19.082 11.4 -6.217 18.303 11.4 -5.697 17.783 11.4 -4.918 17.6 11.4 -4 17.783 11.4 -3.082 18.303 11.4 -2.303 19.082 11.4 -1.783 20 11.4 -1.6 20.918 11.4 -1.783 21.697 11.4 -2.303 22.217 11.4 -3.082 22.4 11.4 -4 22.217 11.4 -4.918 21.697 11.4 -5.697 20.918 11.4 -6.217 12 11.4 -6.4 11.082 11.4 -6.217 10.303 11.4 -5.697 9.783 11.4 -4.918 9.6 11.4 -4 9.783 11.4 -3.082 10.303 11.4 -2.303 11.082 11.4 -1.783 12 11.4 -1.6 12.918 11.4 -1.783 13.697 11.4 -2.303 14.217 11.4 -3.082 14.4 11.4 -4 14.217 11.4 -4.918 13.697 11.4 -5.697 12.918 11.4 -6.217 4 11.4 -6.4 3.082 11.4 -6.217 2.303 11.4 -5.697 1.783 11.4 -4.918 1.6 11.4 -4 1.783 11.4 -3.082 2.303 11.4 -2.303 3.082 11.4 -1.783 4 11.4 -1.6 4.918 11.4 -1.783 5.697 11.4 -2.303 6.217 11.4 -3.082 6.4 11.4 -4 6.217 11.4 -4.918 5.697 11.4 -5.697 4.918 11.4 -6.217 -4 11.4 -6.4 -4.918 11.4 -6.217 -5.697 11.4 -5.697 -6.217 11.4 -4.918 -6.4 11.4 -4 -6.217 11.4 -3.082 -5.697 11.4 -2.303 -4.918 11.4 -1.783 -4 11.4 -1.6 -3.082 11.4 -1.783 -2.303 11.4 -2.303 -1.783 11.4 -3.082 -1.6 11.4 -4 -1.783 11.4 -4.918 -2.303 11.4 -5.697 -3.082 11.4 -6.217 -12 11.4 -6.4 -12.918 11.4 -6.217 -13.697 11.4 -5.697 -14.217 11.4 -4.918 -14.4 11.4 -4 -14.217 11.4 -3.082 -13.697 11.4 -2.303 -12.918 11.4 -1.783 -12 11.4 -1.6 -11.082 11.4 -1.783 -10.303 11.4 -2.303 -9.783 11.4 -3.082 -9.6 11.4 -4 -9.783 11.4 -4.918 -10.303 11.4 -5.697 -11.082 11.4 -6.217 -20 11.4 -6.4 -20.918 11.4 -6.217 -21.697 11.4 -5.697 -22.217 11.4 -4.918 -22.4 11.4 -4 -22.217 11.4 -3.082 -21.697 11.4 -2.303 -20.918 11.4 -1.783 -20 11.4 -1.6 -19.082 11.4 -1.783 -18.303 11.4 -2.303 -17.783 11.4 -3.082 -17.6 11.4 -4 -17.783 11.4 -4.918 -18.303 11.4 -5.697 -19.082 11.4 -6.217 -28 11.4 -6.4 -28.918 11.4 -6.217 -29.697 11.4 -5.697 -30.217 11.4 -4.918 -30.4 11.4 -4 -30.217 11.4 -3.082 -29.697 11.4 -2.303 -28.918 11.4 -1.783 -28 11.4 -1.6 -27.082 11.4 -1.783 -26.303 11.4 -2.303 -25.783 11.4 -3.082 -25.6 11.4 -4 -25.783 11.4 -4.918 -26.303 11.4 -5.697 -27.082 11.4 -6.217 63.96 0.02 31.96 63.96 0.02 31.96 63.96 9.58 31.96 63.96 9.58 31.96 63.96 9.58 -31.96 63.96 9.58 -31.96 63.96 0.02 -31.96 -63.96 9.58 -31.96 -63.96 9.58 -31.96 -63.96 0.02 -31.96 -63.96 0.02 -31.96 -63.96 0.02 31.96 63.96 0.02 -31.96 -63.96 9.58 31.96 -63.96 0.02 31.96 -63.96 9.58 31.96 -62.4 0.02 -30.4 -62.4 0.02 -30.4 62.4 0.02 -30.4 62.4 0.02 -30.4 62.4 0.02 30.4 62.4 0.02 30.4 -62.4 0.02 30.4 -62.4 0.02 30.4 -62.4 8.6 30.4 -62.4 8.6 30.4 62.4 8.6 30.4 62.4 8.6 30.4 62.4 8.6 -30.4 62.4 8.6 -30.4 -62.4 8.6 -30.4 -62.4 8.6 -30.4 35.082 11.4 -6.217 34.303 11.4 -5.697 33.783 11.4 -4.918 33.6 11.4 -4 33.783 11.4 -3.082 34.303 11.4 -2.303 35.082 11.4 -1.783 36 11.4 -1.6 36.918 11.4 -1.783 37.697 11.4 -2.303 38.217 11.4 -3.082 38.4 11.4 -4 38.217 11.4 -4.918 37.697 11.4 -5.697 36.918 11.4 -6.217 36 11.4 -6.4 36 11.4 1.6 35.082 11.4 1.783 34.303 11.4 2.303 33.783 11.4 3.082 33.6 11.4 4 33.783 11.4 4.918 34.303 11.4 5.697 35.082 11.4 6.217 36 11.4 6.4 36.918 11.4 6.217 37.697 11.4 5.697 38.217 11.4 4.918 38.4 11.4 4 38.217 11.4 3.082 37.697 11.4 2.303 36.918 11.4 1.783 -36.918 11.4 1.783 -37.697 11.4 2.303 -38.217 11.4 3.082 -38.4 11.4 4 -38.217 11.4 4.918 -37.697 11.4 5.697 -36.918 11.4 6.217 -36 11.4 6.4 -35.082 11.4 6.217 -34.303 11.4 5.697 -33.783 11.4 4.918 -33.6 11.4 4 -33.783 11.4 3.082 -34.303 11.4 2.303 -35.082 11.4 1.783 -36 11.4 1.6 -36 11.4 -6.4 -36.918 11.4 -6.217 -37.697 11.4 -5.697 -38.217 11.4 -4.918 -38.4 11.4 -4 -38.217 11.4 -3.082 -37.697 11.4 -2.303 -36.918 11.4 -1.783 -36 11.4 -1.6 -35.082 11.4 -1.783 -34.303 11.4 -2.303 -33.783 11.4 -3.082 -33.6 11.4 -4 -33.783 11.4 -4.918 -34.303 11.4 -5.697 -35.082 11.4 -6.217 32 0.02 -2.4 31.082 0.02 -2.217 30.303 0.02 -1.697 29.783 0.02 -0.918 29.6 0.02 0 29.783 0.02 0.918 30.303 0.02 1.697 31.082 0.02 2.217 32 0.02 2.4 32.918 0.02 2.217 33.697 0.02 1.697 34.217 0.02 0.918 34.4 0.02 0 34.217 0.02 -0.918 33.697 0.02 -1.697 32.918 0.02 -2.217 30.757 0.02 -3.002 29.702 0.02 -2.298 28.998 0.02 -1.243 28.751 0.02 0 28.998 0.02 1.243 29.702 0.02 2.298 30.757 0.02 3.002 32 0.02 3.249 33.243 0.02 3.002 34.298 0.02 2.298 35.002 0.02 1.243 35.249 0.02 0 35.002 0.02 -1.243 34.298 0.02 -2.298 33.243 0.02 -3.002 32 0.02 -3.249 -32 0.02 -3.249 -33.243 0.02 -3.002 -34.298 0.02 -2.298 -35.002 0.02 -1.243 -35.249 0.02 0 -35.002 0.02 1.243 -34.298 0.02 2.298 -33.243 0.02 3.002 -32 0.02 3.249 -30.757 0.02 3.002 -29.702 0.02 2.298 -28.998 0.02 1.243 -28.751 0.02 0 -28.998 0.02 -1.243 -29.702 0.02 -2.298 -30.757 0.02 -3.002 -32.918 0.02 -2.217 -33.697 0.02 -1.697 -34.217 0.02 -0.918 -34.4 0.02 0 -34.217 0.02 0.918 -33.697 0.02 1.697 -32.918 0.02 2.217 -32 0.02 2.4 -31.082 0.02 2.217 -30.303 0.02 1.697 -29.783 0.02 0.918 -29.6 0.02 0 -29.783 0.02 -0.918 -30.303 0.02 -1.697 -31.082 0.02 -2.217 -32 0.02 -2.4 -24 0.02 -10.4 -24.918 0.02 -10.217 -25.697 0.02 -9.697 -26.217 0.02 -8.918 -26.4 0.02 -8 -26.217 0.02 -7.082 -25.697 0.02 -6.303 -24.918 0.02 -5.783 -24 0.02 -5.6 -23.082 0.02 -5.783 -22.303 0.02 -6.303 -21.783 0.02 -7.082 -21.6 0.02 -8 -21.783 0.02 -8.918 -22.303 0.02 -9.697 -23.082 0.02 -10.217 -8 0.02 -10.4 -8.918 0.02 -10.217 -9.697 0.02 -9.697 -10.217 0.02 -8.918 -10.4 0.02 -8 -10.217 0.02 -7.082 -9.697 0.02 -6.303 -8.918 0.02 -5.783 -8 0.02 -5.6 -7.082 0.02 -5.783 -6.303 0.02 -6.303 -5.783 0.02 -7.082 -5.6 0.02 -8 -5.783 0.02 -8.918 -6.303 0.02 -9.697 -7.082 0.02 -10.217 8 0.02 -10.4 7.082 0.02 -10.217 6.303 0.02 -9.697 5.783 0.02 -8.918 5.6 0.02 -8 5.783 0.02 -7.082 6.303 0.02 -6.303 7.082 0.02 -5.783 8 0.02 -5.6 8.918 0.02 -5.783 9.697 0.02 -6.303 10.217 0.02 -7.082 10.4 0.02 -8 10.217 0.02 -8.918 9.697 0.02 -9.697 8.918 0.02 -10.217 24 0.02 -10.4 23.082 0.02 -10.217 22.303 0.02 -9.697 21.783 0.02 -8.918 21.6 0.02 -8 21.783 0.02 -7.082 22.303 0.02 -6.303 23.082 0.02 -5.783 24 0.02 -5.6 24.918 0.02 -5.783 25.697 0.02 -6.303 26.217 0.02 -7.082 26.4 0.02 -8 26.217 0.02 -8.918 25.697 0.02 -9.697 24.918 0.02 -10.217 -25.243 0.02 -11.002 -26.298 0.02 -10.298 -27.002 0.02 -9.243 -27.249 0.02 -8 -27.002 0.02 -6.757 -26.298 0.02 -5.702 -25.243 0.02 -4.998 -24 0.02 -4.751 -22.757 0.02 -4.998 -21.702 0.02 -5.702 -20.998 0.02 -6.757 -20.751 0.02 -8 -20.998 0.02 -9.243 -21.702 0.02 -10.298 -22.757 0.02 -11.002 -24 0.02 -11.249 -9.243 0.02 -11.002 -10.298 0.02 -10.298 -11.002 0.02 -9.243 -11.249 0.02 -8 -11.002 0.02 -6.757 -10.298 0.02 -5.702 -9.243 0.02 -4.998 -8 0.02 -4.751 -6.757 0.02 -4.998 -5.702 0.02 -5.702 -4.998 0.02 -6.757 -4.751 0.02 -8 -4.998 0.02 -9.243 -5.702 0.02 -10.298 -6.757 0.02 -11.002 -8 0.02 -11.249 6.757 0.02 -11.002 5.702 0.02 -10.298 4.998 0.02 -9.243 4.751 0.02 -8 4.998 0.02 -6.757 5.702 0.02 -5.702 6.757 0.02 -4.998 8 0.02 -4.751 9.243 0.02 -4.998 10.298 0.02 -5.702 11.002 0.02 -6.757 11.249 0.02 -8 11.002 0.02 -9.243 10.298 0.02 -10.298 9.243 0.02 -11.002 8 0.02 -11.249 22.757 0.02 -11.002 21.702 0.02 -10.298 20.998 0.02 -9.243 20.751 0.02 -8 20.998 0.02 -6.757 21.702 0.02 -5.702 22.757 0.02 -4.998 24 0.02 -4.751 25.243 0.02 -4.998 26.298 0.02 -5.702 27.002 0.02 -6.757 27.249 0.02 -8 27.002 0.02 -9.243 26.298 0.02 -10.298 25.243 0.02 -11.002 24 0.02 -11.249 24 0.02 4.751 22.757 0.02 4.998 21.702 0.02 5.702 20.998 0.02 6.757 20.751 0.02 8 20.998 0.02 9.243 21.702 0.02 10.298 22.757 0.02 11.002 24 0.02 11.249 25.243 0.02 11.002 26.298 0.02 10.298 27.002 0.02 9.243 27.249 0.02 8 27.002 0.02 6.757 26.298 0.02 5.702 25.243 0.02 4.998 8 0.02 4.751 6.757 0.02 4.998 5.702 0.02 5.702 4.998 0.02 6.757 4.751 0.02 8 4.998 0.02 9.243 5.702 0.02 10.298 6.757 0.02 11.002 8 0.02 11.249 9.243 0.02 11.002 10.298 0.02 10.298 11.002 0.02 9.243 11.249 0.02 8 11.002 0.02 6.757 10.298 0.02 5.702 9.243 0.02 4.998 -8 0.02 4.751 -9.243 0.02 4.998 -10.298 0.02 5.702 -11.002 0.02 6.757 -11.249 0.02 8 -11.002 0.02 9.243 -10.298 0.02 10.298 -9.243 0.02 11.002 -8 0.02 11.249 -6.757 0.02 11.002 -5.702 0.02 10.298 -4.998 0.02 9.243 -4.751 0.02 8 -4.998 0.02 6.757 -5.702 0.02 5.702 -6.757 0.02 4.998 -24 0.02 4.751 -25.243 0.02 4.998 -26.298 0.02 5.702 -27.002 0.02 6.757 -27.249 0.02 8 -27.002 0.02 9.243 -26.298 0.02 10.298 -25.243 0.02 11.002 -24 0.02 11.249 -22.757 0.02 11.002 -21.702 0.02 10.298 -20.998 0.02 9.243 -20.751 0.02 8 -20.998 0.02 6.757 -21.702 0.02 5.702 -22.757 0.02 4.998 23.082 0.02 5.783 22.303 0.02 6.303 21.783 0.02 7.082 21.6 0.02 8 21.783 0.02 8.918 22.303 0.02 9.697 23.082 0.02 10.217 24 0.02 10.4 24.918 0.02 10.217 25.697 0.02 9.697 26.217 0.02 8.918 26.4 0.02 8 26.217 0.02 7.082 25.697 0.02 6.303 24.918 0.02 5.783 24 0.02 5.6 7.082 0.02 5.783 6.303 0.02 6.303 5.783 0.02 7.082 5.6 0.02 8 5.783 0.02 8.918 6.303 0.02 9.697 7.082 0.02 10.217 8 0.02 10.4 8.918 0.02 10.217 9.697 0.02 9.697 10.217 0.02 8.918 10.4 0.02 8 10.217 0.02 7.082 9.697 0.02 6.303 8.918 0.02 5.783 8 0.02 5.6 -8.918 0.02 5.783 -9.697 0.02 6.303 -10.217 0.02 7.082 -10.4 0.02 8 -10.217 0.02 8.918 -9.697 0.02 9.697 -8.918 0.02 10.217 -8 0.02 10.4 -7.082 0.02 10.217 -6.303 0.02 9.697 -5.783 0.02 8.918 -5.6 0.02 8 -5.783 0.02 7.082 -6.303 0.02 6.303 -7.082 0.02 5.783 -8 0.02 5.6 -24.918 0.02 5.783 -25.697 0.02 6.303 -26.217 0.02 7.082 -26.4 0.02 8 -26.217 0.02 8.918 -25.697 0.02 9.697 -24.918 0.02 10.217 -24 0.02 10.4 -23.082 0.02 10.217 -22.303 0.02 9.697 -21.783 0.02 8.918 -21.6 0.02 8 -21.783 0.02 7.082 -22.303 0.02 6.303 -23.082 0.02 5.783 -24 0.02 5.6 -40 0.02 5.6 -40.918 0.02 5.783 -41.697 0.02 6.303 -42.217 0.02 7.082 -42.4 0.02 8 -42.217 0.02 8.918 -41.697 0.02 9.697 -40.918 0.02 10.217 -40 0.02 10.4 -39.082 0.02 10.217 -38.303 0.02 9.697 -37.783 0.02 8.918 -37.6 0.02 8 -37.783 0.02 7.082 -38.303 0.02 6.303 -39.082 0.02 5.783 -41.243 0.02 4.998 -42.298 0.02 5.702 -43.002 0.02 6.757 -43.249 0.02 8 -43.002 0.02 9.243 -42.298 0.02 10.298 -41.243 0.02 11.002 -40 0.02 11.249 -38.757 0.02 11.002 -37.702 0.02 10.298 -36.998 0.02 9.243 -36.751 0.02 8 -36.998 0.02 6.757 -37.702 0.02 5.702 -38.757 0.02 4.998 -40 0.02 4.751 -40 0.02 -11.249 -41.243 0.02 -11.002 -42.298 0.02 -10.298 -43.002 0.02 -9.243 -43.249 0.02 -8 -43.002 0.02 -6.757 -42.298 0.02 -5.702 -41.243 0.02 -4.998 -40 0.02 -4.751 -38.757 0.02 -4.998 -37.702 0.02 -5.702 -36.998 0.02 -6.757 -36.751 0.02 -8 -36.998 0.02 -9.243 -37.702 0.02 -10.298 -38.757 0.02 -11.002 -40.918 0.02 -10.217 -41.697 0.02 -9.697 -42.217 0.02 -8.918 -42.4 0.02 -8 -42.217 0.02 -7.082 -41.697 0.02 -6.303 -40.918 0.02 -5.783 -40 0.02 -5.6 -39.082 0.02 -5.783 -38.303 0.02 -6.303 -37.783 0.02 -7.082 -37.6 0.02 -8 -37.783 0.02 -8.918 -38.303 0.02 -9.697 -39.082 0.02 -10.217 -40 0.02 -10.4 40 0.02 -10.4 39.082 0.02 -10.217 38.303 0.02 -9.697 37.783 0.02 -8.918 37.6 0.02 -8 37.783 0.02 -7.082 38.303 0.02 -6.303 39.082 0.02 -5.783 40 0.02 -5.6 40.918 0.02 -5.783 41.697 0.02 -6.303 42.217 0.02 -7.082 42.4 0.02 -8 42.217 0.02 -8.918 41.697 0.02 -9.697 40.918 0.02 -10.217 38.757 0.02 -11.002 37.702 0.02 -10.298 36.998 0.02 -9.243 36.751 0.02 -8 36.998 0.02 -6.757 37.702 0.02 -5.702 38.757 0.02 -4.998 40 0.02 -4.751 41.243 0.02 -4.998 42.298 0.02 -5.702 43.002 0.02 -6.757 43.249 0.02 -8 43.002 0.02 -9.243 42.298 0.02 -10.298 41.243 0.02 -11.002 40 0.02 -11.249 40 0.02 4.751 38.757 0.02 4.998 37.702 0.02 5.702 36.998 0.02 6.757 36.751 0.02 8 36.998 0.02 9.243 37.702 0.02 10.298 38.757 0.02 11.002 40 0.02 11.249 41.243 0.02 11.002 42.298 0.02 10.298 43.002 0.02 9.243 43.249 0.02 8 43.002 0.02 6.757 42.298 0.02 5.702 41.243 0.02 4.998 39.082 0.02 5.783 38.303 0.02 6.303 37.783 0.02 7.082 37.6 0.02 8 37.783 0.02 8.918 38.303 0.02 9.697 39.082 0.02 10.217 40 0.02 10.4 40.918 0.02 10.217 41.697 0.02 9.697 42.217 0.02 8.918 42.4 0.02 8 42.217 0.02 7.082 41.697 0.02 6.303 40.918 0.02 5.783 40 0.02 5.6 -44.918 11.4 -6.217 -45.697 11.4 -5.697 -46.217 11.4 -4.918 -46.4 11.4 -4 -46.217 11.4 -3.082 -45.697 11.4 -2.303 -44.918 11.4 -1.783 -44 11.4 -1.6 -43.082 11.4 -1.783 -42.303 11.4 -2.303 -41.783 11.4 -3.082 -41.6 11.4 -4 -41.783 11.4 -4.918 -42.303 11.4 -5.697 -43.082 11.4 -6.217 -44 11.4 -6.4 -44 11.4 1.6 -44.918 11.4 1.783 -45.697 11.4 2.303 -46.217 11.4 3.082 -46.4 11.4 4 -46.217 11.4 4.918 -45.697 11.4 5.697 -44.918 11.4 6.217 -44 11.4 6.4 -43.082 11.4 6.217 -42.303 11.4 5.697 -41.783 11.4 4.918 -41.6 11.4 4 -41.783 11.4 3.082 -42.303 11.4 2.303 -43.082 11.4 1.783 43.082 11.4 1.783 42.303 11.4 2.303 41.783 11.4 3.082 41.6 11.4 4 41.783 11.4 4.918 42.303 11.4 5.697 43.082 11.4 6.217 44 11.4 6.4 44.918 11.4 6.217 45.697 11.4 5.697 46.217 11.4 4.918 46.4 11.4 4 46.217 11.4 3.082 45.697 11.4 2.303 44.918 11.4 1.783 44 11.4 1.6 44 11.4 -6.4 43.082 11.4 -6.217 42.303 11.4 -5.697 41.783 11.4 -4.918 41.6 11.4 -4 41.783 11.4 -3.082 42.303 11.4 -2.303 43.082 11.4 -1.783 44 11.4 -1.6 44.918 11.4 -1.783 45.697 11.4 -2.303 46.217 11.4 -3.082 46.4 11.4 -4 46.217 11.4 -4.918 45.697 11.4 -5.697 44.918 11.4 -6.217 44 11.4 9.6 43.082 11.4 9.783 42.303 11.4 10.303 41.783 11.4 11.082 41.6 11.4 12 41.783 11.4 12.918 42.303 11.4 13.697 43.082 11.4 14.217 44 11.4 14.4 44.918 11.4 14.217 45.697 11.4 13.697 46.217 11.4 12.918 46.4 11.4 12 46.217 11.4 11.082 45.697 11.4 10.303 44.918 11.4 9.783 -45.697 11.4 10.303 -44.918 11.4 9.783 -44 11.4 9.6 -43.082 11.4 9.783 -42.303 11.4 10.303 -41.783 11.4 11.082 -41.6 11.4 12 -41.783 11.4 12.918 -42.303 11.4 13.697 -43.082 11.4 14.217 -44 11.4 14.4 -44.918 11.4 14.217 -45.697 11.4 13.697 -46.217 11.4 12.918 -46.4 11.4 12 -46.217 11.4 11.082 -36 11.4 9.6 -36.918 11.4 9.783 -37.697 11.4 10.303 -38.217 11.4 11.082 -38.4 11.4 12 -38.217 11.4 12.918 -37.697 11.4 13.697 -36.918 11.4 14.217 -36 11.4 14.4 -35.082 11.4 14.217 -34.303 11.4 13.697 -33.783 11.4 12.918 -33.6 11.4 12 -33.783 11.4 11.082 -34.303 11.4 10.303 -35.082 11.4 9.783 35.082 11.4 9.783 34.303 11.4 10.303 33.783 11.4 11.082 33.6 11.4 12 33.783 11.4 12.918 34.303 11.4 13.697 35.082 11.4 14.217 36 11.4 14.4 36.918 11.4 14.217 37.697 11.4 13.697 38.217 11.4 12.918 38.4 11.4 12 38.217 11.4 11.082 37.697 11.4 10.303 36.918 11.4 9.783 36 11.4 9.6 -20 11.4 9.6 -20.918 11.4 9.783 -21.697 11.4 10.303 -22.217 11.4 11.082 -22.4 11.4 12 -22.217 11.4 12.918 -21.697 11.4 13.697 -20.918 11.4 14.217 -20 11.4 14.4 -19.082 11.4 14.217 -18.303 11.4 13.697 -17.783 11.4 12.918 -17.6 11.4 12 -17.783 11.4 11.082 -18.303 11.4 10.303 -19.082 11.4 9.783 -4 11.4 9.6 -4.918 11.4 9.783 -5.697 11.4 10.303 -6.217 11.4 11.082 -6.4 11.4 12 -6.217 11.4 12.918 -5.697 11.4 13.697 -4.918 11.4 14.217 -4 11.4 14.4 -3.082 11.4 14.217 -2.303 11.4 13.697 -1.783 11.4 12.918 -1.6 11.4 12 -1.783 11.4 11.082 -2.303 11.4 10.303 -3.082 11.4 9.783 13.697 11.4 10.303 12.918 11.4 9.783 12 11.4 9.6 11.082 11.4 9.783 10.303 11.4 10.303 9.783 11.4 11.082 9.6 11.4 12 9.783 11.4 12.918 10.303 11.4 13.697 11.082 11.4 14.217 12 11.4 14.4 12.918 11.4 14.217 13.697 11.4 13.697 14.217 11.4 12.918 14.4 11.4 12 14.217 11.4 11.082 -9.783 11.4 11.082 -10.303 11.4 10.303 -11.082 11.4 9.783 -12 11.4 9.6 -12.918 11.4 9.783 -13.697 11.4 10.303 -14.217 11.4 11.082 -14.4 11.4 12 -14.217 11.4 12.918 -13.697 11.4 13.697 -12.918 11.4 14.217 -12 11.4 14.4 -11.082 11.4 14.217 -10.303 11.4 13.697 -9.783 11.4 12.918 -9.6 11.4 12 22.217 11.4 12.918 22.4 11.4 12 22.217 11.4 11.082 21.697 11.4 10.303 20.918 11.4 9.783 20 11.4 9.6 19.082 11.4 9.783 18.303 11.4 10.303 17.783 11.4 11.082 17.6 11.4 12 17.783 11.4 12.918 18.303 11.4 13.697 19.082 11.4 14.217 20 11.4 14.4 20.918 11.4 14.217 21.697 11.4 13.697 2.303 11.4 13.697 3.082 11.4 14.217 4 11.4 14.4 4.918 11.4 14.217 5.697 11.4 13.697 6.217 11.4 12.918 6.4 11.4 12 6.217 11.4 11.082 5.697 11.4 10.303 4.918 11.4 9.783 4 11.4 9.6 3.082 11.4 9.783 2.303 11.4 10.303 1.783 11.4 11.082 1.6 11.4 12 1.783 11.4 12.918 26.303 11.4 13.697 27.082 11.4 14.217 28 11.4 14.4 28.918 11.4 14.217 29.697 11.4 13.697 30.217 11.4 12.918 30.4 11.4 12 30.217 11.4 11.082 29.697 11.4 10.303 28.918 11.4 9.783 28 11.4 9.6 27.082 11.4 9.783 26.303 11.4 10.303 25.783 11.4 11.082 25.6 11.4 12 25.783 11.4 12.918 -29.697 11.4 10.303 -30.217 11.4 11.082 -30.4 11.4 12 -30.217 11.4 12.918 -29.697 11.4 13.697 -28.918 11.4 14.217 -28 11.4 14.4 -27.082 11.4 14.217 -26.303 11.4 13.697 -25.783 11.4 12.918 -25.6 11.4 12 -25.783 11.4 11.082 -26.303 11.4 10.303 -27.082 11.4 9.783 -28 11.4 9.6 -28.918 11.4 9.783 27.082 11.4 -14.217 26.303 11.4 -13.697 25.783 11.4 -12.918 25.6 11.4 -12 25.783 11.4 -11.082 26.303 11.4 -10.303 27.082 11.4 -9.783 28 11.4 -9.6 28.918 11.4 -9.783 29.697 11.4 -10.303 30.217 11.4 -11.082 30.4 11.4 -12 30.217 11.4 -12.918 29.697 11.4 -13.697 28.918 11.4 -14.217 28 11.4 -14.4 19.082 11.4 -14.217 18.303 11.4 -13.697 17.783 11.4 -12.918 17.6 11.4 -12 17.783 11.4 -11.082 18.303 11.4 -10.303 19.082 11.4 -9.783 20 11.4 -9.6 20.918 11.4 -9.783 21.697 11.4 -10.303 22.217 11.4 -11.082 22.4 11.4 -12 22.217 11.4 -12.918 21.697 11.4 -13.697 20.918 11.4 -14.217 20 11.4 -14.4 11.082 11.4 -14.217 10.303 11.4 -13.697 9.783 11.4 -12.918 9.6 11.4 -12 9.783 11.4 -11.082 10.303 11.4 -10.303 11.082 11.4 -9.783 12 11.4 -9.6 12.918 11.4 -9.783 13.697 11.4 -10.303 14.217 11.4 -11.082 14.4 11.4 -12 14.217 11.4 -12.918 13.697 11.4 -13.697 12.918 11.4 -14.217 12 11.4 -14.4 3.082 11.4 -14.217 2.303 11.4 -13.697 1.783 11.4 -12.918 1.6 11.4 -12 1.783 11.4 -11.082 2.303 11.4 -10.303 3.082 11.4 -9.783 4 11.4 -9.6 4.918 11.4 -9.783 5.697 11.4 -10.303 6.217 11.4 -11.082 6.4 11.4 -12 6.217 11.4 -12.918 5.697 11.4 -13.697 4.918 11.4 -14.217 4 11.4 -14.4 -4.918 11.4 -14.217 -5.697 11.4 -13.697 -6.217 11.4 -12.918 -6.4 11.4 -12 -6.217 11.4 -11.082 -5.697 11.4 -10.303 -4.918 11.4 -9.783 -4 11.4 -9.6 -3.082 11.4 -9.783 -2.303 11.4 -10.303 -1.783 11.4 -11.082 -1.6 11.4 -12 -1.783 11.4 -12.918 -2.303 11.4 -13.697 -3.082 11.4 -14.217 -4 11.4 -14.4 -12.918 11.4 -14.217 -13.697 11.4 -13.697 -14.217 11.4 -12.918 -14.4 11.4 -12 -14.217 11.4 -11.082 -13.697 11.4 -10.303 -12.918 11.4 -9.783 -12 11.4 -9.6 -11.082 11.4 -9.783 -10.303 11.4 -10.303 -9.783 11.4 -11.082 -9.6 11.4 -12 -9.783 11.4 -12.918 -10.303 11.4 -13.697 -11.082 11.4 -14.217 -12 11.4 -14.4 -20.918 11.4 -14.217 -21.697 11.4 -13.697 -22.217 11.4 -12.918 -22.4 11.4 -12 -22.217 11.4 -11.082 -21.697 11.4 -10.303 -20.918 11.4 -9.783 -20 11.4 -9.6 -19.082 11.4 -9.783 -18.303 11.4 -10.303 -17.783 11.4 -11.082 -17.6 11.4 -12 -17.783 11.4 -12.918 -18.303 11.4 -13.697 -19.082 11.4 -14.217 -20 11.4 -14.4 -28.918 11.4 -14.217 -29.697 11.4 -13.697 -30.217 11.4 -12.918 -30.4 11.4 -12 -30.217 11.4 -11.082 -29.697 11.4 -10.303 -28.918 11.4 -9.783 -28 11.4 -9.6 -27.082 11.4 -9.783 -26.303 11.4 -10.303 -25.783 11.4 -11.082 -25.6 11.4 -12 -25.783 11.4 -12.918 -26.303 11.4 -13.697 -27.082 11.4 -14.217 -28 11.4 -14.4 36 11.4 -14.4 35.082 11.4 -14.217 34.303 11.4 -13.697 33.783 11.4 -12.918 33.6 11.4 -12 33.783 11.4 -11.082 34.303 11.4 -10.303 35.082 11.4 -9.783 36 11.4 -9.6 36.918 11.4 -9.783 37.697 11.4 -10.303 38.217 11.4 -11.082 38.4 11.4 -12 38.217 11.4 -12.918 37.697 11.4 -13.697 36.918 11.4 -14.217 -36.918 11.4 -14.217 -37.697 11.4 -13.697 -38.217 11.4 -12.918 -38.4 11.4 -12 -38.217 11.4 -11.082 -37.697 11.4 -10.303 -36.918 11.4 -9.783 -36 11.4 -9.6 -35.082 11.4 -9.783 -34.303 11.4 -10.303 -33.783 11.4 -11.082 -33.6 11.4 -12 -33.783 11.4 -12.918 -34.303 11.4 -13.697 -35.082 11.4 -14.217 -36 11.4 -14.4 -44 11.4 -14.4 -44.918 11.4 -14.217 -45.697 11.4 -13.697 -46.217 11.4 -12.918 -46.4 11.4 -12 -46.217 11.4 -11.082 -45.697 11.4 -10.303 -44.918 11.4 -9.783 -44 11.4 -9.6 -43.082 11.4 -9.783 -42.303 11.4 -10.303 -41.783 11.4 -11.082 -41.6 11.4 -12 -41.783 11.4 -12.918 -42.303 11.4 -13.697 -43.082 11.4 -14.217 43.082 11.4 -14.217 42.303 11.4 -13.697 41.783 11.4 -12.918 41.6 11.4 -12 41.783 11.4 -11.082 42.303 11.4 -10.303 43.082 11.4 -9.783 44 11.4 -9.6 44.918 11.4 -9.783 45.697 11.4 -10.303 46.217 11.4 -11.082 46.4 11.4 -12 46.217 11.4 -12.918 45.697 11.4 -13.697 44.918 11.4 -14.217 44 11.4 -14.4 -32 0.02 13.6 -32.918 0.02 13.783 -33.697 0.02 14.303 -34.217 0.02 15.082 -34.4 0.02 16 -34.217 0.02 16.918 -33.697 0.02 17.697 -32.918 0.02 18.217 -32 0.02 18.4 -31.082 0.02 18.217 -30.303 0.02 17.697 -29.783 0.02 16.918 -29.6 0.02 16 -29.783 0.02 15.082 -30.303 0.02 14.303 -31.082 0.02 13.783 -33.243 0.02 12.998 -34.298 0.02 13.702 -35.002 0.02 14.757 -35.249 0.02 16 -35.002 0.02 17.243 -34.298 0.02 18.298 -33.243 0.02 19.002 -32 0.02 19.249 -30.757 0.02 19.002 -29.702 0.02 18.298 -28.998 0.02 17.243 -28.751 0.02 16 -28.998 0.02 14.757 -29.702 0.02 13.702 -30.757 0.02 12.998 -32 0.02 12.751 32 0.02 12.751 30.757 0.02 12.998 29.702 0.02 13.702 28.998 0.02 14.757 28.751 0.02 16 28.998 0.02 17.243 29.702 0.02 18.298 30.757 0.02 19.002 32 0.02 19.249 33.243 0.02 19.002 34.298 0.02 18.298 35.002 0.02 17.243 35.249 0.02 16 35.002 0.02 14.757 34.298 0.02 13.702 33.243 0.02 12.998 31.082 0.02 13.783 30.303 0.02 14.303 29.783 0.02 15.082 29.6 0.02 16 29.783 0.02 16.918 30.303 0.02 17.697 31.082 0.02 18.217 32 0.02 18.4 32.918 0.02 18.217 33.697 0.02 17.697 34.217 0.02 16.918 34.4 0.02 16 34.217 0.02 15.082 33.697 0.02 14.303 32.918 0.02 13.783 32 0.02 13.6 -16 0.02 13.6 -16.918 0.02 13.783 -17.697 0.02 14.303 -18.217 0.02 15.082 -18.4 0.02 16 -18.217 0.02 16.918 -17.697 0.02 17.697 -16.918 0.02 18.217 -16 0.02 18.4 -15.082 0.02 18.217 -14.303 0.02 17.697 -13.783 0.02 16.918 -13.6 0.02 16 -13.783 0.02 15.082 -14.303 0.02 14.303 -15.082 0.02 13.783 0 0.02 13.6 -0.918 0.02 13.783 -1.697 0.02 14.303 -2.217 0.02 15.082 -2.4 0.02 16 -2.217 0.02 16.918 -1.697 0.02 17.697 -0.918 0.02 18.217 0 0.02 18.4 0.918 0.02 18.217 1.697 0.02 17.697 2.217 0.02 16.918 2.4 0.02 16 2.217 0.02 15.082 1.697 0.02 14.303 0.918 0.02 13.783 16 0.02 13.6 15.082 0.02 13.783 14.303 0.02 14.303 13.783 0.02 15.082 13.6 0.02 16 13.783 0.02 16.918 14.303 0.02 17.697 15.082 0.02 18.217 16 0.02 18.4 16.918 0.02 18.217 17.697 0.02 17.697 18.217 0.02 16.918 18.4 0.02 16 18.217 0.02 15.082 17.697 0.02 14.303 16.918 0.02 13.783 -17.243 0.02 12.998 -18.298 0.02 13.702 -19.002 0.02 14.757 -19.249 0.02 16 -19.002 0.02 17.243 -18.298 0.02 18.298 -17.243 0.02 19.002 -16 0.02 19.249 -14.757 0.02 19.002 -13.702 0.02 18.298 -12.998 0.02 17.243 -12.751 0.02 16 -12.998 0.02 14.757 -13.702 0.02 13.702 -14.757 0.02 12.998 -16 0.02 12.751 -1.243 0.02 12.998 -2.298 0.02 13.702 -3.002 0.02 14.757 -3.249 0.02 16 -3.002 0.02 17.243 -2.298 0.02 18.298 -1.243 0.02 19.002 0 0.02 19.249 1.243 0.02 19.002 2.298 0.02 18.298 3.002 0.02 17.243 3.249 0.02 16 3.002 0.02 14.757 2.298 0.02 13.702 1.243 0.02 12.998 0 0.02 12.751 14.757 0.02 12.998 13.702 0.02 13.702 12.998 0.02 14.757 12.751 0.02 16 12.998 0.02 17.243 13.702 0.02 18.298 14.757 0.02 19.002 16 0.02 19.249 17.243 0.02 19.002 18.298 0.02 18.298 19.002 0.02 17.243 19.249 0.02 16 19.002 0.02 14.757 18.298 0.02 13.702 17.243 0.02 12.998 16 0.02 12.751 3.002 0.02 -17.243 2.298 0.02 -18.298 1.243 0.02 -19.002 0 0.02 -19.249 -1.243 0.02 -19.002 -2.298 0.02 -18.298 -3.002 0.02 -17.243 -3.249 0.02 -16 -3.002 0.02 -14.757 -2.298 0.02 -13.702 -1.243 0.02 -12.998 0 0.02 -12.751 1.243 0.02 -12.998 2.298 0.02 -13.702 3.002 0.02 -14.757 3.249 0.02 -16 -12.998 0.02 -14.757 -12.751 0.02 -16 -12.998 0.02 -17.243 -13.702 0.02 -18.298 -14.757 0.02 -19.002 -16 0.02 -19.249 -17.243 0.02 -19.002 -18.298 0.02 -18.298 -19.002 0.02 -17.243 -19.249 0.02 -16 -19.002 0.02 -14.757 -18.298 0.02 -13.702 -17.243 0.02 -12.998 -16 0.02 -12.751 -14.757 0.02 -12.998 -13.702 0.02 -13.702 18.298 0.02 -13.702 19.002 0.02 -14.757 19.249 0.02 -16 19.002 0.02 -17.243 18.298 0.02 -18.298 17.243 0.02 -19.002 16 0.02 -19.249 14.757 0.02 -19.002 13.702 0.02 -18.298 12.998 0.02 -17.243 12.751 0.02 -16 12.998 0.02 -14.757 13.702 0.02 -13.702 14.757 0.02 -12.998 16 0.02 -12.751 17.243 0.02 -12.998 15.082 0.02 -18.217 16 0.02 -18.4 16.918 0.02 -18.217 17.697 0.02 -17.697 18.217 0.02 -16.918 18.4 0.02 -16 18.217 0.02 -15.082 17.697 0.02 -14.303 16.918 0.02 -13.783 16 0.02 -13.6 15.082 0.02 -13.783 14.303 0.02 -14.303 13.783 0.02 -15.082 13.6 0.02 -16 13.783 0.02 -16.918 14.303 0.02 -17.697 -17.697 0.02 -17.697 -16.918 0.02 -18.217 -16 0.02 -18.4 -15.082 0.02 -18.217 -14.303 0.02 -17.697 -13.783 0.02 -16.918 -13.6 0.02 -16 -13.783 0.02 -15.082 -14.303 0.02 -14.303 -15.082 0.02 -13.783 -16 0.02 -13.6 -16.918 0.02 -13.783 -17.697 0.02 -14.303 -18.217 0.02 -15.082 -18.4 0.02 -16 -18.217 0.02 -16.918 -2.4 0.02 -16 -2.217 0.02 -16.918 -1.697 0.02 -17.697 -0.918 0.02 -18.217 0 0.02 -18.4 0.918 0.02 -18.217 1.697 0.02 -17.697 2.217 0.02 -16.918 2.4 0.02 -16 2.217 0.02 -15.082 1.697 0.02 -14.303 0.918 0.02 -13.783 0 0.02 -13.6 -0.918 0.02 -13.783 -1.697 0.02 -14.303 -2.217 0.02 -15.082 34.4 0.02 -16 34.217 0.02 -16.918 33.697 0.02 -17.697 32.918 0.02 -18.217 32 0.02 -18.4 31.082 0.02 -18.217 30.303 0.02 -17.697 29.783 0.02 -16.918 29.6 0.02 -16 29.783 0.02 -15.082 30.303 0.02 -14.303 31.082 0.02 -13.783 32 0.02 -13.6 32.918 0.02 -13.783 33.697 0.02 -14.303 34.217 0.02 -15.082 30.757 0.02 -19.002 29.702 0.02 -18.298 28.998 0.02 -17.243 28.751 0.02 -16 28.998 0.02 -14.757 29.702 0.02 -13.702 30.757 0.02 -12.998 32 0.02 -12.751 33.243 0.02 -12.998 34.298 0.02 -13.702 35.002 0.02 -14.757 35.249 0.02 -16 35.002 0.02 -17.243 34.298 0.02 -18.298 33.243 0.02 -19.002 32 0.02 -19.249 -32 0.02 -12.751 -30.757 0.02 -12.998 -29.702 0.02 -13.702 -28.998 0.02 -14.757 -28.751 0.02 -16 -28.998 0.02 -17.243 -29.702 0.02 -18.298 -30.757 0.02 -19.002 -32 0.02 -19.249 -33.243 0.02 -19.002 -34.298 0.02 -18.298 -35.002 0.02 -17.243 -35.249 0.02 -16 -35.002 0.02 -14.757 -34.298 0.02 -13.702 -33.243 0.02 -12.998 -31.082 0.02 -18.217 -30.303 0.02 -17.697 -29.783 0.02 -16.918 -29.6 0.02 -16 -29.783 0.02 -15.082 -30.303 0.02 -14.303 -31.082 0.02 -13.783 -32 0.02 -13.6 -32.918 0.02 -13.783 -33.697 0.02 -14.303 -34.217 0.02 -15.082 -34.4 0.02 -16 -34.217 0.02 -16.918 -33.697 0.02 -17.697 -32.918 0.02 -18.217 -32 0.02 -18.4 44 11.4 17.6 43.082 11.4 17.783 42.303 11.4 18.303 41.783 11.4 19.082 41.6 11.4 20 41.783 11.4 20.918 42.303 11.4 21.697 43.082 11.4 22.217 44 11.4 22.4 44.918 11.4 22.217 45.697 11.4 21.697 46.217 11.4 20.918 46.4 11.4 20 46.217 11.4 19.082 45.697 11.4 18.303 44.918 11.4 17.783 -44.918 11.4 17.783 -45.697 11.4 18.303 -46.217 11.4 19.082 -46.4 11.4 20 -46.217 11.4 20.918 -45.697 11.4 21.697 -44.918 11.4 22.217 -44 11.4 22.4 -43.082 11.4 22.217 -42.303 11.4 21.697 -41.783 11.4 20.918 -41.6 11.4 20 -41.783 11.4 19.082 -42.303 11.4 18.303 -43.082 11.4 17.783 -44 11.4 17.6 -36 11.4 17.6 -36.918 11.4 17.783 -37.697 11.4 18.303 -38.217 11.4 19.082 -38.4 11.4 20 -38.217 11.4 20.918 -37.697 11.4 21.697 -36.918 11.4 22.217 -36 11.4 22.4 -35.082 11.4 22.217 -34.303 11.4 21.697 -33.783 11.4 20.918 -33.6 11.4 20 -33.783 11.4 19.082 -34.303 11.4 18.303 -35.082 11.4 17.783 35.082 11.4 17.783 34.303 11.4 18.303 33.783 11.4 19.082 33.6 11.4 20 33.783 11.4 20.918 34.303 11.4 21.697 35.082 11.4 22.217 36 11.4 22.4 36.918 11.4 22.217 37.697 11.4 21.697 38.217 11.4 20.918 38.4 11.4 20 38.217 11.4 19.082 37.697 11.4 18.303 36.918 11.4 17.783 36 11.4 17.6 -28 11.4 17.6 -28.918 11.4 17.783 -29.697 11.4 18.303 -30.217 11.4 19.082 -30.4 11.4 20 -30.217 11.4 20.918 -29.697 11.4 21.697 -28.918 11.4 22.217 -28 11.4 22.4 -27.082 11.4 22.217 -26.303 11.4 21.697 -25.783 11.4 20.918 -25.6 11.4 20 -25.783 11.4 19.082 -26.303 11.4 18.303 -27.082 11.4 17.783 -20 11.4 17.6 -20.918 11.4 17.783 -21.697 11.4 18.303 -22.217 11.4 19.082 -22.4 11.4 20 -22.217 11.4 20.918 -21.697 11.4 21.697 -20.918 11.4 22.217 -20 11.4 22.4 -19.082 11.4 22.217 -18.303 11.4 21.697 -17.783 11.4 20.918 -17.6 11.4 20 -17.783 11.4 19.082 -18.303 11.4 18.303 -19.082 11.4 17.783 -12 11.4 17.6 -12.918 11.4 17.783 -13.697 11.4 18.303 -14.217 11.4 19.082 -14.4 11.4 20 -14.217 11.4 20.918 -13.697 11.4 21.697 -12.918 11.4 22.217 -12 11.4 22.4 -11.082 11.4 22.217 -10.303 11.4 21.697 -9.783 11.4 20.918 -9.6 11.4 20 -9.783 11.4 19.082 -10.303 11.4 18.303 -11.082 11.4 17.783 -4 11.4 17.6 -4.918 11.4 17.783 -5.697 11.4 18.303 -6.217 11.4 19.082 -6.4 11.4 20 -6.217 11.4 20.918 -5.697 11.4 21.697 -4.918 11.4 22.217 -4 11.4 22.4 -3.082 11.4 22.217 -2.303 11.4 21.697 -1.783 11.4 20.918 -1.6 11.4 20 -1.783 11.4 19.082 -2.303 11.4 18.303 -3.082 11.4 17.783 4 11.4 17.6 3.082 11.4 17.783 2.303 11.4 18.303 1.783 11.4 19.082 1.6 11.4 20 1.783 11.4 20.918 2.303 11.4 21.697 3.082 11.4 22.217 4 11.4 22.4 4.918 11.4 22.217 5.697 11.4 21.697 6.217 11.4 20.918 6.4 11.4 20 6.217 11.4 19.082 5.697 11.4 18.303 4.918 11.4 17.783 12 11.4 17.6 11.082 11.4 17.783 10.303 11.4 18.303 9.783 11.4 19.082 9.6 11.4 20 9.783 11.4 20.918 10.303 11.4 21.697 11.082 11.4 22.217 12 11.4 22.4 12.918 11.4 22.217 13.697 11.4 21.697 14.217 11.4 20.918 14.4 11.4 20 14.217 11.4 19.082 13.697 11.4 18.303 12.918 11.4 17.783 20 11.4 17.6 19.082 11.4 17.783 18.303 11.4 18.303 17.783 11.4 19.082 17.6 11.4 20 17.783 11.4 20.918 18.303 11.4 21.697 19.082 11.4 22.217 20 11.4 22.4 20.918 11.4 22.217 21.697 11.4 21.697 22.217 11.4 20.918 22.4 11.4 20 22.217 11.4 19.082 21.697 11.4 18.303 20.918 11.4 17.783 28 11.4 17.6 27.082 11.4 17.783 26.303 11.4 18.303 25.783 11.4 19.082 25.6 11.4 20 25.783 11.4 20.918 26.303 11.4 21.697 27.082 11.4 22.217 28 11.4 22.4 28.918 11.4 22.217 29.697 11.4 21.697 30.217 11.4 20.918 30.4 11.4 20 30.217 11.4 19.082 29.697 11.4 18.303 28.918 11.4 17.783 27.082 11.4 -22.217 26.303 11.4 -21.697 25.783 11.4 -20.918 25.6 11.4 -20 25.783 11.4 -19.082 26.303 11.4 -18.303 27.082 11.4 -17.783 28 11.4 -17.6 28.918 11.4 -17.783 29.697 11.4 -18.303 30.217 11.4 -19.082 30.4 11.4 -20 30.217 11.4 -20.918 29.697 11.4 -21.697 28.918 11.4 -22.217 28 11.4 -22.4 19.082 11.4 -22.217 18.303 11.4 -21.697 17.783 11.4 -20.918 17.6 11.4 -20 17.783 11.4 -19.082 18.303 11.4 -18.303 19.082 11.4 -17.783 20 11.4 -17.6 20.918 11.4 -17.783 21.697 11.4 -18.303 22.217 11.4 -19.082 22.4 11.4 -20 22.217 11.4 -20.918 21.697 11.4 -21.697 20.918 11.4 -22.217 20 11.4 -22.4 11.082 11.4 -22.217 10.303 11.4 -21.697 9.783 11.4 -20.918 9.6 11.4 -20 9.783 11.4 -19.082 10.303 11.4 -18.303 11.082 11.4 -17.783 12 11.4 -17.6 12.918 11.4 -17.783 13.697 11.4 -18.303 14.217 11.4 -19.082 14.4 11.4 -20 14.217 11.4 -20.918 13.697 11.4 -21.697 12.918 11.4 -22.217 12 11.4 -22.4 3.082 11.4 -22.217 2.303 11.4 -21.697 1.783 11.4 -20.918 1.6 11.4 -20 1.783 11.4 -19.082 2.303 11.4 -18.303 3.082 11.4 -17.783 4 11.4 -17.6 4.918 11.4 -17.783 5.697 11.4 -18.303 6.217 11.4 -19.082 6.4 11.4 -20 6.217 11.4 -20.918 5.697 11.4 -21.697 4.918 11.4 -22.217 4 11.4 -22.4 -4.918 11.4 -22.217 -5.697 11.4 -21.697 -6.217 11.4 -20.918 -6.4 11.4 -20 -6.217 11.4 -19.082 -5.697 11.4 -18.303 -4.918 11.4 -17.783 -4 11.4 -17.6 -3.082 11.4 -17.783 -2.303 11.4 -18.303 -1.783 11.4 -19.082 -1.6 11.4 -20 -1.783 11.4 -20.918 -2.303 11.4 -21.697 -3.082 11.4 -22.217 -4 11.4 -22.4 -12.918 11.4 -22.217 -13.697 11.4 -21.697 -14.217 11.4 -20.918 -14.4 11.4 -20 -14.217 11.4 -19.082 -13.697 11.4 -18.303 -12.918 11.4 -17.783 -12 11.4 -17.6 -11.082 11.4 -17.783 -10.303 11.4 -18.303 -9.783 11.4 -19.082 -9.6 11.4 -20 -9.783 11.4 -20.918 -10.303 11.4 -21.697 -11.082 11.4 -22.217 -12 11.4 -22.4 -20.918 11.4 -22.217 -21.697 11.4 -21.697 -22.217 11.4 -20.918 -22.4 11.4 -20 -22.217 11.4 -19.082 -21.697 11.4 -18.303 -20.918 11.4 -17.783 -20 11.4 -17.6 -19.082 11.4 -17.783 -18.303 11.4 -18.303 -17.783 11.4 -19.082 -17.6 11.4 -20 -17.783 11.4 -20.918 -18.303 11.4 -21.697 -19.082 11.4 -22.217 -20 11.4 -22.4 -28.918 11.4 -22.217 -29.697 11.4 -21.697 -30.217 11.4 -20.918 -30.4 11.4 -20 -30.217 11.4 -19.082 -29.697 11.4 -18.303 -28.918 11.4 -17.783 -28 11.4 -17.6 -27.082 11.4 -17.783 -26.303 11.4 -18.303 -25.783 11.4 -19.082 -25.6 11.4 -20 -25.783 11.4 -20.918 -26.303 11.4 -21.697 -27.082 11.4 -22.217 -28 11.4 -22.4 36 11.4 -22.4 35.082 11.4 -22.217 34.303 11.4 -21.697 33.783 11.4 -20.918 33.6 11.4 -20 33.783 11.4 -19.082 34.303 11.4 -18.303 35.082 11.4 -17.783 36 11.4 -17.6 36.918 11.4 -17.783 37.697 11.4 -18.303 38.217 11.4 -19.082 38.4 11.4 -20 38.217 11.4 -20.918 37.697 11.4 -21.697 36.918 11.4 -22.217 -36.918 11.4 -22.217 -37.697 11.4 -21.697 -38.217 11.4 -20.918 -38.4 11.4 -20 -38.217 11.4 -19.082 -37.697 11.4 -18.303 -36.918 11.4 -17.783 -36 11.4 -17.6 -35.082 11.4 -17.783 -34.303 11.4 -18.303 -33.783 11.4 -19.082 -33.6 11.4 -20 -33.783 11.4 -20.918 -34.303 11.4 -21.697 -35.082 11.4 -22.217 -36 11.4 -22.4 -44 11.4 -22.4 -44.918 11.4 -22.217 -45.697 11.4 -21.697 -46.217 11.4 -20.918 -46.4 11.4 -20 -46.217 11.4 -19.082 -45.697 11.4 -18.303 -44.918 11.4 -17.783 -44 11.4 -17.6 -43.082 11.4 -17.783 -42.303 11.4 -18.303 -41.783 11.4 -19.082 -41.6 11.4 -20 -41.783 11.4 -20.918 -42.303 11.4 -21.697 -43.082 11.4 -22.217 43.082 11.4 -22.217 42.303 11.4 -21.697 41.783 11.4 -20.918 41.6 11.4 -20 41.783 11.4 -19.082 42.303 11.4 -18.303 43.082 11.4 -17.783 44 11.4 -17.6 44.918 11.4 -17.783 45.697 11.4 -18.303 46.217 11.4 -19.082 46.4 11.4 -20 46.217 11.4 -20.918 45.697 11.4 -21.697 44.918 11.4 -22.217 44 11.4 -22.4 52.918 11.4 9.783 53.697 11.4 10.303 54.217 11.4 11.082 54.4 11.4 12 54.217 11.4 12.918 53.697 11.4 13.697 52.918 11.4 14.217 52 11.4 14.4 51.082 11.4 14.217 50.303 11.4 13.697 49.783 11.4 12.918 49.6 11.4 12 49.783 11.4 11.082 50.303 11.4 10.303 51.082 11.4 9.783 52 11.4 9.6 59.082 11.4 9.783 58.303 11.4 10.303 57.783 11.4 11.082 57.6 11.4 12 57.783 11.4 12.918 58.303 11.4 13.697 59.082 11.4 14.217 60 11.4 14.4 60.918 11.4 14.217 61.697 11.4 13.697 62.217 11.4 12.918 62.4 11.4 12 62.217 11.4 11.082 61.697 11.4 10.303 60.918 11.4 9.783 60 11.4 9.6 60 11.4 -22.4 59.082 11.4 -22.217 58.303 11.4 -21.697 57.783 11.4 -20.918 57.6 11.4 -20 57.783 11.4 -19.082 58.303 11.4 -18.303 59.082 11.4 -17.783 60 11.4 -17.6 60.918 11.4 -17.783 61.697 11.4 -18.303 62.217 11.4 -19.082 62.4 11.4 -20 62.217 11.4 -20.918 61.697 11.4 -21.697 60.918 11.4 -22.217 51.082 11.4 -22.217 50.303 11.4 -21.697 49.783 11.4 -20.918 49.6 11.4 -20 49.783 11.4 -19.082 50.303 11.4 -18.303 51.082 11.4 -17.783 52 11.4 -17.6 52.918 11.4 -17.783 53.697 11.4 -18.303 54.217 11.4 -19.082 54.4 11.4 -20 54.217 11.4 -20.918 53.697 11.4 -21.697 52.918 11.4 -22.217 52 11.4 -22.4 52 11.4 17.6 51.082 11.4 17.783 50.303 11.4 18.303 49.783 11.4 19.082 49.6 11.4 20 49.783 11.4 20.918 50.303 11.4 21.697 51.082 11.4 22.217 52 11.4 22.4 52.918 11.4 22.217 53.697 11.4 21.697 54.217 11.4 20.918 54.4 11.4 20 54.217 11.4 19.082 53.697 11.4 18.303 52.918 11.4 17.783 59.082 11.4 17.783 58.303 11.4 18.303 57.783 11.4 19.082 57.6 11.4 20 57.783 11.4 20.918 58.303 11.4 21.697 59.082 11.4 22.217 60 11.4 22.4 60.918 11.4 22.217 61.697 11.4 21.697 62.217 11.4 20.918 62.4 11.4 20 62.217 11.4 19.082 61.697 11.4 18.303 60.918 11.4 17.783 60 11.4 17.6 60 11.4 -14.4 59.082 11.4 -14.217 58.303 11.4 -13.697 57.783 11.4 -12.918 57.6 11.4 -12 57.783 11.4 -11.082 58.303 11.4 -10.303 59.082 11.4 -9.783 60 11.4 -9.6 60.918 11.4 -9.783 61.697 11.4 -10.303 62.217 11.4 -11.082 62.4 11.4 -12 62.217 11.4 -12.918 61.697 11.4 -13.697 60.918 11.4 -14.217 51.082 11.4 -14.217 50.303 11.4 -13.697 49.783 11.4 -12.918 49.6 11.4 -12 49.783 11.4 -11.082 50.303 11.4 -10.303 51.082 11.4 -9.783 52 11.4 -9.6 52.918 11.4 -9.783 53.697 11.4 -10.303 54.217 11.4 -11.082 54.4 11.4 -12 54.217 11.4 -12.918 53.697 11.4 -13.697 52.918 11.4 -14.217 52 11.4 -14.4 59.082 11.4 -6.217 58.303 11.4 -5.697 57.783 11.4 -4.918 57.6 11.4 -4 57.783 11.4 -3.082 58.303 11.4 -2.303 59.082 11.4 -1.783 60 11.4 -1.6 60.918 11.4 -1.783 61.697 11.4 -2.303 62.217 11.4 -3.082 62.4 11.4 -4 62.217 11.4 -4.918 61.697 11.4 -5.697 60.918 11.4 -6.217 60 11.4 -6.4 60 11.4 1.6 59.082 11.4 1.783 58.303 11.4 2.303 57.783 11.4 3.082 57.6 11.4 4 57.783 11.4 4.918 58.303 11.4 5.697 59.082 11.4 6.217 60 11.4 6.4 60.918 11.4 6.217 61.697 11.4 5.697 62.217 11.4 4.918 62.4 11.4 4 62.217 11.4 3.082 61.697 11.4 2.303 60.918 11.4 1.783 51.082 11.4 1.783 50.303 11.4 2.303 49.783 11.4 3.082 49.6 11.4 4 49.783 11.4 4.918 50.303 11.4 5.697 51.082 11.4 6.217 52 11.4 6.4 52.918 11.4 6.217 53.697 11.4 5.697 54.217 11.4 4.918 54.4 11.4 4 54.217 11.4 3.082 53.697 11.4 2.303 52.918 11.4 1.783 52 11.4 1.6 52 11.4 -6.4 51.082 11.4 -6.217 50.303 11.4 -5.697 49.783 11.4 -4.918 49.6 11.4 -4 49.783 11.4 -3.082 50.303 11.4 -2.303 51.082 11.4 -1.783 52 11.4 -1.6 52.918 11.4 -1.783 53.697 11.4 -2.303 54.217 11.4 -3.082 54.4 11.4 -4 54.217 11.4 -4.918 53.697 11.4 -5.697 52.918 11.4 -6.217 -60.918 11.4 -6.217 -61.697 11.4 -5.697 -62.217 11.4 -4.918 -62.4 11.4 -4 -62.217 11.4 -3.082 -61.697 11.4 -2.303 -60.918 11.4 -1.783 -60 11.4 -1.6 -59.082 11.4 -1.783 -58.303 11.4 -2.303 -57.783 11.4 -3.082 -57.6 11.4 -4 -57.783 11.4 -4.918 -58.303 11.4 -5.697 -59.082 11.4 -6.217 -60 11.4 -6.4 -60 11.4 1.6 -60.918 11.4 1.783 -61.697 11.4 2.303 -62.217 11.4 3.082 -62.4 11.4 4 -62.217 11.4 4.918 -61.697 11.4 5.697 -60.918 11.4 6.217 -60 11.4 6.4 -59.082 11.4 6.217 -58.303 11.4 5.697 -57.783 11.4 4.918 -57.6 11.4 4 -57.783 11.4 3.082 -58.303 11.4 2.303 -59.082 11.4 1.783 -52.918 11.4 1.783 -53.697 11.4 2.303 -54.217 11.4 3.082 -54.4 11.4 4 -54.217 11.4 4.918 -53.697 11.4 5.697 -52.918 11.4 6.217 -52 11.4 6.4 -51.082 11.4 6.217 -50.303 11.4 5.697 -49.783 11.4 4.918 -49.6 11.4 4 -49.783 11.4 3.082 -50.303 11.4 2.303 -51.082 11.4 1.783 -52 11.4 1.6 -52 11.4 -6.4 -52.918 11.4 -6.217 -53.697 11.4 -5.697 -54.217 11.4 -4.918 -54.4 11.4 -4 -54.217 11.4 -3.082 -53.697 11.4 -2.303 -52.918 11.4 -1.783 -52 11.4 -1.6 -51.082 11.4 -1.783 -50.303 11.4 -2.303 -49.783 11.4 -3.082 -49.6 11.4 -4 -49.783 11.4 -4.918 -50.303 11.4 -5.697 -51.082 11.4 -6.217 -52 11.4 9.6 -52.918 11.4 9.783 -53.697 11.4 10.303 -54.217 11.4 11.082 -54.4 11.4 12 -54.217 11.4 12.918 -53.697 11.4 13.697 -52.918 11.4 14.217 -52 11.4 14.4 -51.082 11.4 14.217 -50.303 11.4 13.697 -49.783 11.4 12.918 -49.6 11.4 12 -49.783 11.4 11.082 -50.303 11.4 10.303 -51.082 11.4 9.783 -60.918 11.4 9.783 -61.697 11.4 10.303 -62.217 11.4 11.082 -62.4 11.4 12 -62.217 11.4 12.918 -61.697 11.4 13.697 -60.918 11.4 14.217 -60 11.4 14.4 -59.082 11.4 14.217 -58.303 11.4 13.697 -57.783 11.4 12.918 -57.6 11.4 12 -57.783 11.4 11.082 -58.303 11.4 10.303 -59.082 11.4 9.783 -60 11.4 9.6 -60 11.4 -14.4 -60.918 11.4 -14.217 -61.697 11.4 -13.697 -62.217 11.4 -12.918 -62.4 11.4 -12 -62.217 11.4 -11.082 -61.697 11.4 -10.303 -60.918 11.4 -9.783 -60 11.4 -9.6 -59.082 11.4 -9.783 -58.303 11.4 -10.303 -57.783 11.4 -11.082 -57.6 11.4 -12 -57.783 11.4 -12.918 -58.303 11.4 -13.697 -59.082 11.4 -14.217 -52.918 11.4 -14.217 -53.697 11.4 -13.697 -54.217 11.4 -12.918 -54.4 11.4 -12 -54.217 11.4 -11.082 -53.697 11.4 -10.303 -52.918 11.4 -9.783 -52 11.4 -9.6 -51.082 11.4 -9.783 -50.303 11.4 -10.303 -49.783 11.4 -11.082 -49.6 11.4 -12 -49.783 11.4 -12.918 -50.303 11.4 -13.697 -51.082 11.4 -14.217 -52 11.4 -14.4 -52 11.4 17.6 -52.918 11.4 17.783 -53.697 11.4 18.303 -54.217 11.4 19.082 -54.4 11.4 20 -54.217 11.4 20.918 -53.697 11.4 21.697 -52.918 11.4 22.217 -52 11.4 22.4 -51.082 11.4 22.217 -50.303 11.4 21.697 -49.783 11.4 20.918 -49.6 11.4 20 -49.783 11.4 19.082 -50.303 11.4 18.303 -51.082 11.4 17.783 -60.918 11.4 17.783 -61.697 11.4 18.303 -62.217 11.4 19.082 -62.4 11.4 20 -62.217 11.4 20.918 -61.697 11.4 21.697 -60.918 11.4 22.217 -60 11.4 22.4 -59.082 11.4 22.217 -58.303 11.4 21.697 -57.783 11.4 20.918 -57.6 11.4 20 -57.783 11.4 19.082 -58.303 11.4 18.303 -59.082 11.4 17.783 -60 11.4 17.6 -60 11.4 -22.4 -60.918 11.4 -22.217 -61.697 11.4 -21.697 -62.217 11.4 -20.918 -62.4 11.4 -20 -62.217 11.4 -19.082 -61.697 11.4 -18.303 -60.918 11.4 -17.783 -60 11.4 -17.6 -59.082 11.4 -17.783 -58.303 11.4 -18.303 -57.783 11.4 -19.082 -57.6 11.4 -20 -57.783 11.4 -20.918 -58.303 11.4 -21.697 -59.082 11.4 -22.217 -52.918 11.4 -22.217 -53.697 11.4 -21.697 -54.217 11.4 -20.918 -54.4 11.4 -20 -54.217 11.4 -19.082 -53.697 11.4 -18.303 -52.918 11.4 -17.783 -52 11.4 -17.6 -51.082 11.4 -17.783 -50.303 11.4 -18.303 -49.783 11.4 -19.082 -49.6 11.4 -20 -49.783 11.4 -20.918 -50.303 11.4 -21.697 -51.082 11.4 -22.217 -52 11.4 -22.4 49.243 0.02 -19.002 50.298 0.02 -18.298 51.002 0.02 -17.243 51.249 0.02 -16 51.002 0.02 -14.757 50.298 0.02 -13.702 49.243 0.02 -12.998 48 0.02 -12.751 46.757 0.02 -12.998 45.702 0.02 -13.702 44.998 0.02 -14.757 44.751 0.02 -16 44.998 0.02 -17.243 45.702 0.02 -18.298 46.757 0.02 -19.002 48 0.02 -19.249 48 0.02 -18.4 48.918 0.02 -18.217 49.697 0.02 -17.697 50.217 0.02 -16.918 50.4 0.02 -16 50.217 0.02 -15.082 49.697 0.02 -14.303 48.918 0.02 -13.783 48 0.02 -13.6 47.082 0.02 -13.783 46.303 0.02 -14.303 45.783 0.02 -15.082 45.6 0.02 -16 45.783 0.02 -16.918 46.303 0.02 -17.697 47.082 0.02 -18.217 48 0.02 13.6 47.082 0.02 13.783 46.303 0.02 14.303 45.783 0.02 15.082 45.6 0.02 16 45.783 0.02 16.918 46.303 0.02 17.697 47.082 0.02 18.217 48 0.02 18.4 48.918 0.02 18.217 49.697 0.02 17.697 50.217 0.02 16.918 50.4 0.02 16 50.217 0.02 15.082 49.697 0.02 14.303 48.918 0.02 13.783 46.757 0.02 12.998 45.702 0.02 13.702 44.998 0.02 14.757 44.751 0.02 16 44.998 0.02 17.243 45.702 0.02 18.298 46.757 0.02 19.002 48 0.02 19.249 49.243 0.02 19.002 50.298 0.02 18.298 51.002 0.02 17.243 51.249 0.02 16 51.002 0.02 14.757 50.298 0.02 13.702 49.243 0.02 12.998 48 0.02 12.751 56 0.02 5.6 55.082 0.02 5.783 54.303 0.02 6.303 53.783 0.02 7.082 53.6 0.02 8 53.783 0.02 8.918 54.303 0.02 9.697 55.082 0.02 10.217 56 0.02 10.4 56.918 0.02 10.217 57.697 0.02 9.697 58.217 0.02 8.918 58.4 0.02 8 58.217 0.02 7.082 57.697 0.02 6.303 56.918 0.02 5.783 54.757 0.02 4.998 53.702 0.02 5.702 52.998 0.02 6.757 52.751 0.02 8 52.998 0.02 9.243 53.702 0.02 10.298 54.757 0.02 11.002 56 0.02 11.249 57.243 0.02 11.002 58.298 0.02 10.298 59.002 0.02 9.243 59.249 0.02 8 59.002 0.02 6.757 58.298 0.02 5.702 57.243 0.02 4.998 56 0.02 4.751 56 0.02 -11.249 54.757 0.02 -11.002 53.702 0.02 -10.298 52.998 0.02 -9.243 52.751 0.02 -8 52.998 0.02 -6.757 53.702 0.02 -5.702 54.757 0.02 -4.998 56 0.02 -4.751 57.243 0.02 -4.998 58.298 0.02 -5.702 59.002 0.02 -6.757 59.249 0.02 -8 59.002 0.02 -9.243 58.298 0.02 -10.298 57.243 0.02 -11.002 55.082 0.02 -10.217 54.303 0.02 -9.697 53.783 0.02 -8.918 53.6 0.02 -8 53.783 0.02 -7.082 54.303 0.02 -6.303 55.082 0.02 -5.783 56 0.02 -5.6 56.918 0.02 -5.783 57.697 0.02 -6.303 58.217 0.02 -7.082 58.4 0.02 -8 58.217 0.02 -8.918 57.697 0.02 -9.697 56.918 0.02 -10.217 56 0.02 -10.4 48 0.02 -3.249 46.757 0.02 -3.002 45.702 0.02 -2.298 44.998 0.02 -1.243 44.751 0.02 0 44.998 0.02 1.243 45.702 0.02 2.298 46.757 0.02 3.002 48 0.02 3.249 49.243 0.02 3.002 50.298 0.02 2.298 51.002 0.02 1.243 51.249 0.02 0 51.002 0.02 -1.243 50.298 0.02 -2.298 49.243 0.02 -3.002 47.082 0.02 -2.217 46.303 0.02 -1.697 45.783 0.02 -0.918 45.6 0.02 0 45.783 0.02 0.918 46.303 0.02 1.697 47.082 0.02 2.217 48 0.02 2.4 48.918 0.02 2.217 49.697 0.02 1.697 50.217 0.02 0.918 50.4 0.02 0 50.217 0.02 -0.918 49.697 0.02 -1.697 48.918 0.02 -2.217 48 0.02 -2.4 -56 0.02 -11.249 -57.243 0.02 -11.002 -58.298 0.02 -10.298 -59.002 0.02 -9.243 -59.249 0.02 -8 -59.002 0.02 -6.757 -58.298 0.02 -5.702 -57.243 0.02 -4.998 -56 0.02 -4.751 -54.757 0.02 -4.998 -53.702 0.02 -5.702 -52.998 0.02 -6.757 -52.751 0.02 -8 -52.998 0.02 -9.243 -53.702 0.02 -10.298 -54.757 0.02 -11.002 -56.918 0.02 -10.217 -57.697 0.02 -9.697 -58.217 0.02 -8.918 -58.4 0.02 -8 -58.217 0.02 -7.082 -57.697 0.02 -6.303 -56.918 0.02 -5.783 -56 0.02 -5.6 -55.082 0.02 -5.783 -54.303 0.02 -6.303 -53.783 0.02 -7.082 -53.6 0.02 -8 -53.783 0.02 -8.918 -54.303 0.02 -9.697 -55.082 0.02 -10.217 -56 0.02 -10.4 -56 0.02 5.6 -56.918 0.02 5.783 -57.697 0.02 6.303 -58.217 0.02 7.082 -58.4 0.02 8 -58.217 0.02 8.918 -57.697 0.02 9.697 -56.918 0.02 10.217 -56 0.02 10.4 -55.082 0.02 10.217 -54.303 0.02 9.697 -53.783 0.02 8.918 -53.6 0.02 8 -53.783 0.02 7.082 -54.303 0.02 6.303 -55.082 0.02 5.783 -57.243 0.02 4.998 -58.298 0.02 5.702 -59.002 0.02 6.757 -59.249 0.02 8 -59.002 0.02 9.243 -58.298 0.02 10.298 -57.243 0.02 11.002 -56 0.02 11.249 -54.757 0.02 11.002 -53.702 0.02 10.298 -52.998 0.02 9.243 -52.751 0.02 8 -52.998 0.02 6.757 -53.702 0.02 5.702 -54.757 0.02 4.998 -56 0.02 4.751 -48 0.02 -3.249 -49.243 0.02 -3.002 -50.298 0.02 -2.298 -51.002 0.02 -1.243 -51.249 0.02 0 -51.002 0.02 1.243 -50.298 0.02 2.298 -49.243 0.02 3.002 -48 0.02 3.249 -46.757 0.02 3.002 -45.702 0.02 2.298 -44.998 0.02 1.243 -44.751 0.02 0 -44.998 0.02 -1.243 -45.702 0.02 -2.298 -46.757 0.02 -3.002 -48.918 0.02 -2.217 -49.697 0.02 -1.697 -50.217 0.02 -0.918 -50.4 0.02 0 -50.217 0.02 0.918 -49.697 0.02 1.697 -48.918 0.02 2.217 -48 0.02 2.4 -47.082 0.02 2.217 -46.303 0.02 1.697 -45.783 0.02 0.918 -45.6 0.02 0 -45.783 0.02 -0.918 -46.303 0.02 -1.697 -47.082 0.02 -2.217 -48 0.02 -2.4 -48 0.02 13.6 -48.918 0.02 13.783 -49.697 0.02 14.303 -50.217 0.02 15.082 -50.4 0.02 16 -50.217 0.02 16.918 -49.697 0.02 17.697 -48.918 0.02 18.217 -48 0.02 18.4 -47.082 0.02 18.217 -46.303 0.02 17.697 -45.783 0.02 16.918 -45.6 0.02 16 -45.783 0.02 15.082 -46.303 0.02 14.303 -47.082 0.02 13.783 -49.243 0.02 12.998 -50.298 0.02 13.702 -51.002 0.02 14.757 -51.249 0.02 16 -51.002 0.02 17.243 -50.298 0.02 18.298 -49.243 0.02 19.002 -48 0.02 19.249 -46.757 0.02 19.002 -45.702 0.02 18.298 -44.998 0.02 17.243 -44.751 0.02 16 -44.998 0.02 14.757 -45.702 0.02 13.702 -46.757 0.02 12.998 -48 0.02 12.751 -44.998 0.02 -17.243 -45.702 0.02 -18.298 -46.757 0.02 -19.002 -48 0.02 -19.249 -49.243 0.02 -19.002 -50.298 0.02 -18.298 -51.002 0.02 -17.243 -51.249 0.02 -16 -51.002 0.02 -14.757 -50.298 0.02 -13.702 -49.243 0.02 -12.998 -48 0.02 -12.751 -46.757 0.02 -12.998 -45.702 0.02 -13.702 -44.998 0.02 -14.757 -44.751 0.02 -16 -48.918 0.02 -18.217 -49.697 0.02 -17.697 -50.217 0.02 -16.918 -50.4 0.02 -16 -50.217 0.02 -15.082 -49.697 0.02 -14.303 -48.918 0.02 -13.783 -48 0.02 -13.6 -47.082 0.02 -13.783 -46.303 0.02 -14.303 -45.783 0.02 -15.082 -45.6 0.02 -16 -45.783 0.02 -16.918 -46.303 0.02 -17.697 -47.082 0.02 -18.217 -48 0.02 -18.4 -60 11.4 25.6 -60.918 11.4 25.783 -61.697 11.4 26.303 -62.217 11.4 27.082 -62.4 11.4 28 -62.217 11.4 28.918 -61.697 11.4 29.697 -60.918 11.4 30.217 -60 11.4 30.4 -59.082 11.4 30.217 -58.303 11.4 29.697 -57.783 11.4 28.918 -57.6 11.4 28 -57.783 11.4 27.082 -58.303 11.4 26.303 -59.082 11.4 25.783 -52.918 11.4 25.783 -53.697 11.4 26.303 -54.217 11.4 27.082 -54.4 11.4 28 -54.217 11.4 28.918 -53.697 11.4 29.697 -52.918 11.4 30.217 -52 11.4 30.4 -51.082 11.4 30.217 -50.303 11.4 29.697 -49.783 11.4 28.918 -49.6 11.4 28 -49.783 11.4 27.082 -50.303 11.4 26.303 -51.082 11.4 25.783 -52 11.4 25.6 60 11.4 25.6 59.082 11.4 25.783 58.303 11.4 26.303 57.783 11.4 27.082 57.6 11.4 28 57.783 11.4 28.918 58.303 11.4 29.697 59.082 11.4 30.217 60 11.4 30.4 60.918 11.4 30.217 61.697 11.4 29.697 62.217 11.4 28.918 62.4 11.4 28 62.217 11.4 27.082 61.697 11.4 26.303 60.918 11.4 25.783 51.082 11.4 25.783 50.303 11.4 26.303 49.783 11.4 27.082 49.6 11.4 28 49.783 11.4 28.918 50.303 11.4 29.697 51.082 11.4 30.217 52 11.4 30.4 52.918 11.4 30.217 53.697 11.4 29.697 54.217 11.4 28.918 54.4 11.4 28 54.217 11.4 27.082 53.697 11.4 26.303 52.918 11.4 25.783 52 11.4 25.6 27.082 11.4 25.783 26.303 11.4 26.303 25.783 11.4 27.082 25.6 11.4 28 25.783 11.4 28.918 26.303 11.4 29.697 27.082 11.4 30.217 28 11.4 30.4 28.918 11.4 30.217 29.697 11.4 29.697 30.217 11.4 28.918 30.4 11.4 28 30.217 11.4 27.082 29.697 11.4 26.303 28.918 11.4 25.783 28 11.4 25.6 19.082 11.4 25.783 18.303 11.4 26.303 17.783 11.4 27.082 17.6 11.4 28 17.783 11.4 28.918 18.303 11.4 29.697 19.082 11.4 30.217 20 11.4 30.4 20.918 11.4 30.217 21.697 11.4 29.697 22.217 11.4 28.918 22.4 11.4 28 22.217 11.4 27.082 21.697 11.4 26.303 20.918 11.4 25.783 20 11.4 25.6 11.082 11.4 25.783 10.303 11.4 26.303 9.783 11.4 27.082 9.6 11.4 28 9.783 11.4 28.918 10.303 11.4 29.697 11.082 11.4 30.217 12 11.4 30.4 12.918 11.4 30.217 13.697 11.4 29.697 14.217 11.4 28.918 14.4 11.4 28 14.217 11.4 27.082 13.697 11.4 26.303 12.918 11.4 25.783 12 11.4 25.6 3.082 11.4 25.783 2.303 11.4 26.303 1.783 11.4 27.082 1.6 11.4 28 1.783 11.4 28.918 2.303 11.4 29.697 3.082 11.4 30.217 4 11.4 30.4 4.918 11.4 30.217 5.697 11.4 29.697 6.217 11.4 28.918 6.4 11.4 28 6.217 11.4 27.082 5.697 11.4 26.303 4.918 11.4 25.783 4 11.4 25.6 -4.918 11.4 25.783 -5.697 11.4 26.303 -6.217 11.4 27.082 -6.4 11.4 28 -6.217 11.4 28.918 -5.697 11.4 29.697 -4.918 11.4 30.217 -4 11.4 30.4 -3.082 11.4 30.217 -2.303 11.4 29.697 -1.783 11.4 28.918 -1.6 11.4 28 -1.783 11.4 27.082 -2.303 11.4 26.303 -3.082 11.4 25.783 -4 11.4 25.6 -12.918 11.4 25.783 -13.697 11.4 26.303 -14.217 11.4 27.082 -14.4 11.4 28 -14.217 11.4 28.918 -13.697 11.4 29.697 -12.918 11.4 30.217 -12 11.4 30.4 -11.082 11.4 30.217 -10.303 11.4 29.697 -9.783 11.4 28.918 -9.6 11.4 28 -9.783 11.4 27.082 -10.303 11.4 26.303 -11.082 11.4 25.783 -12 11.4 25.6 -20.918 11.4 25.783 -21.697 11.4 26.303 -22.217 11.4 27.082 -22.4 11.4 28 -22.217 11.4 28.918 -21.697 11.4 29.697 -20.918 11.4 30.217 -20 11.4 30.4 -19.082 11.4 30.217 -18.303 11.4 29.697 -17.783 11.4 28.918 -17.6 11.4 28 -17.783 11.4 27.082 -18.303 11.4 26.303 -19.082 11.4 25.783 -20 11.4 25.6 -28.918 11.4 25.783 -29.697 11.4 26.303 -30.217 11.4 27.082 -30.4 11.4 28 -30.217 11.4 28.918 -29.697 11.4 29.697 -28.918 11.4 30.217 -28 11.4 30.4 -27.082 11.4 30.217 -26.303 11.4 29.697 -25.783 11.4 28.918 -25.6 11.4 28 -25.783 11.4 27.082 -26.303 11.4 26.303 -27.082 11.4 25.783 -28 11.4 25.6 36 11.4 25.6 35.082 11.4 25.783 34.303 11.4 26.303 33.783 11.4 27.082 33.6 11.4 28 33.783 11.4 28.918 34.303 11.4 29.697 35.082 11.4 30.217 36 11.4 30.4 36.918 11.4 30.217 37.697 11.4 29.697 38.217 11.4 28.918 38.4 11.4 28 38.217 11.4 27.082 37.697 11.4 26.303 36.918 11.4 25.783 -36.918 11.4 25.783 -37.697 11.4 26.303 -38.217 11.4 27.082 -38.4 11.4 28 -38.217 11.4 28.918 -37.697 11.4 29.697 -36.918 11.4 30.217 -36 11.4 30.4 -35.082 11.4 30.217 -34.303 11.4 29.697 -33.783 11.4 28.918 -33.6 11.4 28 -33.783 11.4 27.082 -34.303 11.4 26.303 -35.082 11.4 25.783 -36 11.4 25.6 -44 11.4 25.6 -44.918 11.4 25.783 -45.697 11.4 26.303 -46.217 11.4 27.082 -46.4 11.4 28 -46.217 11.4 28.918 -45.697 11.4 29.697 -44.918 11.4 30.217 -44 11.4 30.4 -43.082 11.4 30.217 -42.303 11.4 29.697 -41.783 11.4 28.918 -41.6 11.4 28 -41.783 11.4 27.082 -42.303 11.4 26.303 -43.082 11.4 25.783 43.082 11.4 25.783 42.303 11.4 26.303 41.783 11.4 27.082 41.6 11.4 28 41.783 11.4 28.918 42.303 11.4 29.697 43.082 11.4 30.217 44 11.4 30.4 44.918 11.4 30.217 45.697 11.4 29.697 46.217 11.4 28.918 46.4 11.4 28 46.217 11.4 27.082 45.697 11.4 26.303 44.918 11.4 25.783 44 11.4 25.6 44 11.4 -30.4 43.082 11.4 -30.217 42.303 11.4 -29.697 41.783 11.4 -28.918 41.6 11.4 -28 41.783 11.4 -27.082 42.303 11.4 -26.303 43.082 11.4 -25.783 44 11.4 -25.6 44.918 11.4 -25.783 45.697 11.4 -26.303 46.217 11.4 -27.082 46.4 11.4 -28 46.217 11.4 -28.918 45.697 11.4 -29.697 44.918 11.4 -30.217 -44.918 11.4 -30.217 -45.697 11.4 -29.697 -46.217 11.4 -28.918 -46.4 11.4 -28 -46.217 11.4 -27.082 -45.697 11.4 -26.303 -44.918 11.4 -25.783 -44 11.4 -25.6 -43.082 11.4 -25.783 -42.303 11.4 -26.303 -41.783 11.4 -27.082 -41.6 11.4 -28 -41.783 11.4 -28.918 -42.303 11.4 -29.697 -43.082 11.4 -30.217 -44 11.4 -30.4 -36 11.4 -30.4 -36.918 11.4 -30.217 -37.697 11.4 -29.697 -38.217 11.4 -28.918 -38.4 11.4 -28 -38.217 11.4 -27.082 -37.697 11.4 -26.303 -36.918 11.4 -25.783 -36 11.4 -25.6 -35.082 11.4 -25.783 -34.303 11.4 -26.303 -33.783 11.4 -27.082 -33.6 11.4 -28 -33.783 11.4 -28.918 -34.303 11.4 -29.697 -35.082 11.4 -30.217 35.082 11.4 -30.217 34.303 11.4 -29.697 33.783 11.4 -28.918 33.6 11.4 -28 33.783 11.4 -27.082 34.303 11.4 -26.303 35.082 11.4 -25.783 36 11.4 -25.6 36.918 11.4 -25.783 37.697 11.4 -26.303 38.217 11.4 -27.082 38.4 11.4 -28 38.217 11.4 -28.918 37.697 11.4 -29.697 36.918 11.4 -30.217 36 11.4 -30.4 -28 11.4 -30.4 -28.918 11.4 -30.217 -29.697 11.4 -29.697 -30.217 11.4 -28.918 -30.4 11.4 -28 -30.217 11.4 -27.082 -29.697 11.4 -26.303 -28.918 11.4 -25.783 -28 11.4 -25.6 -27.082 11.4 -25.783 -26.303 11.4 -26.303 -25.783 11.4 -27.082 -25.6 11.4 -28 -25.783 11.4 -28.918 -26.303 11.4 -29.697 -27.082 11.4 -30.217 -20 11.4 -30.4 -20.918 11.4 -30.217 -21.697 11.4 -29.697 -22.217 11.4 -28.918 -22.4 11.4 -28 -22.217 11.4 -27.082 -21.697 11.4 -26.303 -20.918 11.4 -25.783 -20 11.4 -25.6 -19.082 11.4 -25.783 -18.303 11.4 -26.303 -17.783 11.4 -27.082 -17.6 11.4 -28 -17.783 11.4 -28.918 -18.303 11.4 -29.697 -19.082 11.4 -30.217 -12 11.4 -30.4 -12.918 11.4 -30.217 -13.697 11.4 -29.697 -14.217 11.4 -28.918 -14.4 11.4 -28 -14.217 11.4 -27.082 -13.697 11.4 -26.303 -12.918 11.4 -25.783 -12 11.4 -25.6 -11.082 11.4 -25.783 -10.303 11.4 -26.303 -9.783 11.4 -27.082 -9.6 11.4 -28 -9.783 11.4 -28.918 -10.303 11.4 -29.697 -11.082 11.4 -30.217 -4 11.4 -30.4 -4.918 11.4 -30.217 -5.697 11.4 -29.697 -6.217 11.4 -28.918 -6.4 11.4 -28 -6.217 11.4 -27.082 -5.697 11.4 -26.303 -4.918 11.4 -25.783 -4 11.4 -25.6 -3.082 11.4 -25.783 -2.303 11.4 -26.303 -1.783 11.4 -27.082 -1.6 11.4 -28 -1.783 11.4 -28.918 -2.303 11.4 -29.697 -3.082 11.4 -30.217 4 11.4 -30.4 3.082 11.4 -30.217 2.303 11.4 -29.697 1.783 11.4 -28.918 1.6 11.4 -28 1.783 11.4 -27.082 2.303 11.4 -26.303 3.082 11.4 -25.783 4 11.4 -25.6 4.918 11.4 -25.783 5.697 11.4 -26.303 6.217 11.4 -27.082 6.4 11.4 -28 6.217 11.4 -28.918 5.697 11.4 -29.697 4.918 11.4 -30.217 12 11.4 -30.4 11.082 11.4 -30.217 10.303 11.4 -29.697 9.783 11.4 -28.918 9.6 11.4 -28 9.783 11.4 -27.082 10.303 11.4 -26.303 11.082 11.4 -25.783 12 11.4 -25.6 12.918 11.4 -25.783 13.697 11.4 -26.303 14.217 11.4 -27.082 14.4 11.4 -28 14.217 11.4 -28.918 13.697 11.4 -29.697 12.918 11.4 -30.217 20 11.4 -30.4 19.082 11.4 -30.217 18.303 11.4 -29.697 17.783 11.4 -28.918 17.6 11.4 -28 17.783 11.4 -27.082 18.303 11.4 -26.303 19.082 11.4 -25.783 20 11.4 -25.6 20.918 11.4 -25.783 21.697 11.4 -26.303 22.217 11.4 -27.082 22.4 11.4 -28 22.217 11.4 -28.918 21.697 11.4 -29.697 20.918 11.4 -30.217 28 11.4 -30.4 27.082 11.4 -30.217 26.303 11.4 -29.697 25.783 11.4 -28.918 25.6 11.4 -28 25.783 11.4 -27.082 26.303 11.4 -26.303 27.082 11.4 -25.783 28 11.4 -25.6 28.918 11.4 -25.783 29.697 11.4 -26.303 30.217 11.4 -27.082 30.4 11.4 -28 30.217 11.4 -28.918 29.697 11.4 -29.697 28.918 11.4 -30.217 52 11.4 -30.4 51.082 11.4 -30.217 50.303 11.4 -29.697 49.783 11.4 -28.918 49.6 11.4 -28 49.783 11.4 -27.082 50.303 11.4 -26.303 51.082 11.4 -25.783 52 11.4 -25.6 52.918 11.4 -25.783 53.697 11.4 -26.303 54.217 11.4 -27.082 54.4 11.4 -28 54.217 11.4 -28.918 53.697 11.4 -29.697 52.918 11.4 -30.217 59.082 11.4 -30.217 58.303 11.4 -29.697 57.783 11.4 -28.918 57.6 11.4 -28 57.783 11.4 -27.082 58.303 11.4 -26.303 59.082 11.4 -25.783 60 11.4 -25.6 60.918 11.4 -25.783 61.697 11.4 -26.303 62.217 11.4 -27.082 62.4 11.4 -28 62.217 11.4 -28.918 61.697 11.4 -29.697 60.918 11.4 -30.217 60 11.4 -30.4 -52 11.4 -30.4 -52.918 11.4 -30.217 -53.697 11.4 -29.697 -54.217 11.4 -28.918 -54.4 11.4 -28 -54.217 11.4 -27.082 -53.697 11.4 -26.303 -52.918 11.4 -25.783 -52 11.4 -25.6 -51.082 11.4 -25.783 -50.303 11.4 -26.303 -49.783 11.4 -27.082 -49.6 11.4 -28 -49.783 11.4 -28.918 -50.303 11.4 -29.697 -51.082 11.4 -30.217 -60.918 11.4 -30.217 -61.697 11.4 -29.697 -62.217 11.4 -28.918 -62.4 11.4 -28 -62.217 11.4 -27.082 -61.697 11.4 -26.303 -60.918 11.4 -25.783 -60 11.4 -25.6 -59.082 11.4 -25.783 -58.303 11.4 -26.303 -57.783 11.4 -27.082 -57.6 11.4 -28 -57.783 11.4 -28.918 -58.303 11.4 -29.697 -59.082 11.4 -30.217 -60 11.4 -30.4 -56 0.02 21.6 -56.918 0.02 21.783 -57.697 0.02 22.303 -58.217 0.02 23.082 -58.4 0.02 24 -58.217 0.02 24.918 -57.697 0.02 25.697 -56.918 0.02 26.217 -56 0.02 26.4 -55.082 0.02 26.217 -54.303 0.02 25.697 -53.783 0.02 24.918 -53.6 0.02 24 -53.783 0.02 23.082 -54.303 0.02 22.303 -55.082 0.02 21.783 -57.243 0.02 20.998 -58.298 0.02 21.702 -59.002 0.02 22.757 -59.249 0.02 24 -59.002 0.02 25.243 -58.298 0.02 26.298 -57.243 0.02 27.002 -56 0.02 27.249 -54.757 0.02 27.002 -53.702 0.02 26.298 -52.998 0.02 25.243 -52.751 0.02 24 -52.998 0.02 22.757 -53.702 0.02 21.702 -54.757 0.02 20.998 -56 0.02 20.751 56 0.02 21.6 55.082 0.02 21.783 54.303 0.02 22.303 53.783 0.02 23.082 53.6 0.02 24 53.783 0.02 24.918 54.303 0.02 25.697 55.082 0.02 26.217 56 0.02 26.4 56.918 0.02 26.217 57.697 0.02 25.697 58.217 0.02 24.918 58.4 0.02 24 58.217 0.02 23.082 57.697 0.02 22.303 56.918 0.02 21.783 54.757 0.02 20.998 53.702 0.02 21.702 52.998 0.02 22.757 52.751 0.02 24 52.998 0.02 25.243 53.702 0.02 26.298 54.757 0.02 27.002 56 0.02 27.249 57.243 0.02 27.002 58.298 0.02 26.298 59.002 0.02 25.243 59.249 0.02 24 59.002 0.02 22.757 58.298 0.02 21.702 57.243 0.02 20.998 56 0.02 20.751 24 0.02 20.751 22.757 0.02 20.998 21.702 0.02 21.702 20.998 0.02 22.757 20.751 0.02 24 20.998 0.02 25.243 21.702 0.02 26.298 22.757 0.02 27.002 24 0.02 27.249 25.243 0.02 27.002 26.298 0.02 26.298 27.002 0.02 25.243 27.249 0.02 24 27.002 0.02 22.757 26.298 0.02 21.702 25.243 0.02 20.998 8 0.02 20.751 6.757 0.02 20.998 5.702 0.02 21.702 4.998 0.02 22.757 4.751 0.02 24 4.998 0.02 25.243 5.702 0.02 26.298 6.757 0.02 27.002 8 0.02 27.249 9.243 0.02 27.002 10.298 0.02 26.298 11.002 0.02 25.243 11.249 0.02 24 11.002 0.02 22.757 10.298 0.02 21.702 9.243 0.02 20.998 -8 0.02 20.751 -9.243 0.02 20.998 -10.298 0.02 21.702 -11.002 0.02 22.757 -11.249 0.02 24 -11.002 0.02 25.243 -10.298 0.02 26.298 -9.243 0.02 27.002 -8 0.02 27.249 -6.757 0.02 27.002 -5.702 0.02 26.298 -4.998 0.02 25.243 -4.751 0.02 24 -4.998 0.02 22.757 -5.702 0.02 21.702 -6.757 0.02 20.998 -24 0.02 20.751 -25.243 0.02 20.998 -26.298 0.02 21.702 -27.002 0.02 22.757 -27.249 0.02 24 -27.002 0.02 25.243 -26.298 0.02 26.298 -25.243 0.02 27.002 -24 0.02 27.249 -22.757 0.02 27.002 -21.702 0.02 26.298 -20.998 0.02 25.243 -20.751 0.02 24 -20.998 0.02 22.757 -21.702 0.02 21.702 -22.757 0.02 20.998 23.082 0.02 21.783 22.303 0.02 22.303 21.783 0.02 23.082 21.6 0.02 24 21.783 0.02 24.918 22.303 0.02 25.697 23.082 0.02 26.217 24 0.02 26.4 24.918 0.02 26.217 25.697 0.02 25.697 26.217 0.02 24.918 26.4 0.02 24 26.217 0.02 23.082 25.697 0.02 22.303 24.918 0.02 21.783 24 0.02 21.6 7.082 0.02 21.783 6.303 0.02 22.303 5.783 0.02 23.082 5.6 0.02 24 5.783 0.02 24.918 6.303 0.02 25.697 7.082 0.02 26.217 8 0.02 26.4 8.918 0.02 26.217 9.697 0.02 25.697 10.217 0.02 24.918 10.4 0.02 24 10.217 0.02 23.082 9.697 0.02 22.303 8.918 0.02 21.783 8 0.02 21.6 -8.918 0.02 21.783 -9.697 0.02 22.303 -10.217 0.02 23.082 -10.4 0.02 24 -10.217 0.02 24.918 -9.697 0.02 25.697 -8.918 0.02 26.217 -8 0.02 26.4 -7.082 0.02 26.217 -6.303 0.02 25.697 -5.783 0.02 24.918 -5.6 0.02 24 -5.783 0.02 23.082 -6.303 0.02 22.303 -7.082 0.02 21.783 -8 0.02 21.6 -24.918 0.02 21.783 -25.697 0.02 22.303 -26.217 0.02 23.082 -26.4 0.02 24 -26.217 0.02 24.918 -25.697 0.02 25.697 -24.918 0.02 26.217 -24 0.02 26.4 -23.082 0.02 26.217 -22.303 0.02 25.697 -21.783 0.02 24.918 -21.6 0.02 24 -21.783 0.02 23.082 -22.303 0.02 22.303 -23.082 0.02 21.783 -24 0.02 21.6 -40 0.02 21.6 -40.918 0.02 21.783 -41.697 0.02 22.303 -42.217 0.02 23.082 -42.4 0.02 24 -42.217 0.02 24.918 -41.697 0.02 25.697 -40.918 0.02 26.217 -40 0.02 26.4 -39.082 0.02 26.217 -38.303 0.02 25.697 -37.783 0.02 24.918 -37.6 0.02 24 -37.783 0.02 23.082 -38.303 0.02 22.303 -39.082 0.02 21.783 -41.243 0.02 20.998 -42.298 0.02 21.702 -43.002 0.02 22.757 -43.249 0.02 24 -43.002 0.02 25.243 -42.298 0.02 26.298 -41.243 0.02 27.002 -40 0.02 27.249 -38.757 0.02 27.002 -37.702 0.02 26.298 -36.998 0.02 25.243 -36.751 0.02 24 -36.998 0.02 22.757 -37.702 0.02 21.702 -38.757 0.02 20.998 -40 0.02 20.751 40 0.02 20.751 38.757 0.02 20.998 37.702 0.02 21.702 36.998 0.02 22.757 36.751 0.02 24 36.998 0.02 25.243 37.702 0.02 26.298 38.757 0.02 27.002 40 0.02 27.249 41.243 0.02 27.002 42.298 0.02 26.298 43.002 0.02 25.243 43.249 0.02 24 43.002 0.02 22.757 42.298 0.02 21.702 41.243 0.02 20.998 39.082 0.02 21.783 38.303 0.02 22.303 37.783 0.02 23.082 37.6 0.02 24 37.783 0.02 24.918 38.303 0.02 25.697 39.082 0.02 26.217 40 0.02 26.4 40.918 0.02 26.217 41.697 0.02 25.697 42.217 0.02 24.918 42.4 0.02 24 42.217 0.02 23.082 41.697 0.02 22.303 40.918 0.02 21.783 40 0.02 21.6 40 0.02 -26.4 39.082 0.02 -26.217 38.303 0.02 -25.697 37.783 0.02 -24.918 37.6 0.02 -24 37.783 0.02 -23.082 38.303 0.02 -22.303 39.082 0.02 -21.783 40 0.02 -21.6 40.918 0.02 -21.783 41.697 0.02 -22.303 42.217 0.02 -23.082 42.4 0.02 -24 42.217 0.02 -24.918 41.697 0.02 -25.697 40.918 0.02 -26.217 38.757 0.02 -27.002 37.702 0.02 -26.298 36.998 0.02 -25.243 36.751 0.02 -24 36.998 0.02 -22.757 37.702 0.02 -21.702 38.757 0.02 -20.998 40 0.02 -20.751 41.243 0.02 -20.998 42.298 0.02 -21.702 43.002 0.02 -22.757 43.249 0.02 -24 43.002 0.02 -25.243 42.298 0.02 -26.298 41.243 0.02 -27.002 40 0.02 -27.249 -40 0.02 -27.249 -41.243 0.02 -27.002 -42.298 0.02 -26.298 -43.002 0.02 -25.243 -43.249 0.02 -24 -43.002 0.02 -22.757 -42.298 0.02 -21.702 -41.243 0.02 -20.998 -40 0.02 -20.751 -38.757 0.02 -20.998 -37.702 0.02 -21.702 -36.998 0.02 -22.757 -36.751 0.02 -24 -36.998 0.02 -25.243 -37.702 0.02 -26.298 -38.757 0.02 -27.002 -40.918 0.02 -26.217 -41.697 0.02 -25.697 -42.217 0.02 -24.918 -42.4 0.02 -24 -42.217 0.02 -23.082 -41.697 0.02 -22.303 -40.918 0.02 -21.783 -40 0.02 -21.6 -39.082 0.02 -21.783 -38.303 0.02 -22.303 -37.783 0.02 -23.082 -37.6 0.02 -24 -37.783 0.02 -24.918 -38.303 0.02 -25.697 -39.082 0.02 -26.217 -40 0.02 -26.4 -24 0.02 -26.4 -24.918 0.02 -26.217 -25.697 0.02 -25.697 -26.217 0.02 -24.918 -26.4 0.02 -24 -26.217 0.02 -23.082 -25.697 0.02 -22.303 -24.918 0.02 -21.783 -24 0.02 -21.6 -23.082 0.02 -21.783 -22.303 0.02 -22.303 -21.783 0.02 -23.082 -21.6 0.02 -24 -21.783 0.02 -24.918 -22.303 0.02 -25.697 -23.082 0.02 -26.217 -8 0.02 -26.4 -8.918 0.02 -26.217 -9.697 0.02 -25.697 -10.217 0.02 -24.918 -10.4 0.02 -24 -10.217 0.02 -23.082 -9.697 0.02 -22.303 -8.918 0.02 -21.783 -8 0.02 -21.6 -7.082 0.02 -21.783 -6.303 0.02 -22.303 -5.783 0.02 -23.082 -5.6 0.02 -24 -5.783 0.02 -24.918 -6.303 0.02 -25.697 -7.082 0.02 -26.217 8 0.02 -26.4 7.082 0.02 -26.217 6.303 0.02 -25.697 5.783 0.02 -24.918 5.6 0.02 -24 5.783 0.02 -23.082 6.303 0.02 -22.303 7.082 0.02 -21.783 8 0.02 -21.6 8.918 0.02 -21.783 9.697 0.02 -22.303 10.217 0.02 -23.082 10.4 0.02 -24 10.217 0.02 -24.918 9.697 0.02 -25.697 8.918 0.02 -26.217 24 0.02 -26.4 23.082 0.02 -26.217 22.303 0.02 -25.697 21.783 0.02 -24.918 21.6 0.02 -24 21.783 0.02 -23.082 22.303 0.02 -22.303 23.082 0.02 -21.783 24 0.02 -21.6 24.918 0.02 -21.783 25.697 0.02 -22.303 26.217 0.02 -23.082 26.4 0.02 -24 26.217 0.02 -24.918 25.697 0.02 -25.697 24.918 0.02 -26.217 -25.243 0.02 -27.002 -26.298 0.02 -26.298 -27.002 0.02 -25.243 -27.249 0.02 -24 -27.002 0.02 -22.757 -26.298 0.02 -21.702 -25.243 0.02 -20.998 -24 0.02 -20.751 -22.757 0.02 -20.998 -21.702 0.02 -21.702 -20.998 0.02 -22.757 -20.751 0.02 -24 -20.998 0.02 -25.243 -21.702 0.02 -26.298 -22.757 0.02 -27.002 -24 0.02 -27.249 -9.243 0.02 -27.002 -10.298 0.02 -26.298 -11.002 0.02 -25.243 -11.249 0.02 -24 -11.002 0.02 -22.757 -10.298 0.02 -21.702 -9.243 0.02 -20.998 -8 0.02 -20.751 -6.757 0.02 -20.998 -5.702 0.02 -21.702 -4.998 0.02 -22.757 -4.751 0.02 -24 -4.998 0.02 -25.243 -5.702 0.02 -26.298 -6.757 0.02 -27.002 -8 0.02 -27.249 6.757 0.02 -27.002 5.702 0.02 -26.298 4.998 0.02 -25.243 4.751 0.02 -24 4.998 0.02 -22.757 5.702 0.02 -21.702 6.757 0.02 -20.998 8 0.02 -20.751 9.243 0.02 -20.998 10.298 0.02 -21.702 11.002 0.02 -22.757 11.249 0.02 -24 11.002 0.02 -25.243 10.298 0.02 -26.298 9.243 0.02 -27.002 8 0.02 -27.249 22.757 0.02 -27.002 21.702 0.02 -26.298 20.998 0.02 -25.243 20.751 0.02 -24 20.998 0.02 -22.757 21.702 0.02 -21.702 22.757 0.02 -20.998 24 0.02 -20.751 25.243 0.02 -20.998 26.298 0.02 -21.702 27.002 0.02 -22.757 27.249 0.02 -24 27.002 0.02 -25.243 26.298 0.02 -26.298 25.243 0.02 -27.002 24 0.02 -27.249 56 0.02 -27.249 54.757 0.02 -27.002 53.702 0.02 -26.298 52.998 0.02 -25.243 52.751 0.02 -24 52.998 0.02 -22.757 53.702 0.02 -21.702 54.757 0.02 -20.998 56 0.02 -20.751 57.243 0.02 -20.998 58.298 0.02 -21.702 59.002 0.02 -22.757 59.249 0.02 -24 59.002 0.02 -25.243 58.298 0.02 -26.298 57.243 0.02 -27.002 55.082 0.02 -26.217 54.303 0.02 -25.697 53.783 0.02 -24.918 53.6 0.02 -24 53.783 0.02 -23.082 54.303 0.02 -22.303 55.082 0.02 -21.783 56 0.02 -21.6 56.918 0.02 -21.783 57.697 0.02 -22.303 58.217 0.02 -23.082 58.4 0.02 -24 58.217 0.02 -24.918 57.697 0.02 -25.697 56.918 0.02 -26.217 56 0.02 -26.4 -56 0.02 -27.249 -57.243 0.02 -27.002 -58.298 0.02 -26.298 -59.002 0.02 -25.243 -59.249 0.02 -24 -59.002 0.02 -22.757 -58.298 0.02 -21.702 -57.243 0.02 -20.998 -56 0.02 -20.751 -54.757 0.02 -20.998 -53.702 0.02 -21.702 -52.998 0.02 -22.757 -52.751 0.02 -24 -52.998 0.02 -25.243 -53.702 0.02 -26.298 -54.757 0.02 -27.002 -56.918 0.02 -26.217 -57.697 0.02 -25.697 -58.217 0.02 -24.918 -58.4 0.02 -24 -58.217 0.02 -23.082 -57.697 0.02 -22.303 -56.918 0.02 -21.783 -56 0.02 -21.6 -55.082 0.02 -21.783 -54.303 0.02 -22.303 -53.783 0.02 -23.082 -53.6 0.02 -24 -53.783 0.02 -24.918 -54.303 0.02 -25.697 -55.082 0.02 -26.217 -56 0.02 -26.4 -51.082 0.02 16.4 -62.4 0.02 16.4 -51.082 0.02 15.6 -62.4 0.02 15.6 -59.6 0.02 17.6 -59.6 0.02 17.6 -59.6 0.02 14.4 -59.6 0.02 14.4 -60.4 0.02 14.4 -60.4 0.02 14.4 -60.4 0.02 17.6 -60.4 0.02 17.6 -60.4 8.6 17.6 -60.4 8.6 14.4 -59.6 8.6 14.4 -59.6 8.6 17.6 -51.6 8.6 17.6 -51.6 0.02 17.6 -51.6 0.02 17.6 -52.4 0.02 17.6 -52.4 0.02 17.6 -52.4 8.6 17.6 -52.4 0.02 14.4 -52.4 0.02 14.4 -52.4 8.6 14.4 -51.6 0.02 14.4 -51.6 8.6 14.4 -51.6 0.02 14.4 -51.6 0.02 1.6 -51.6 0.02 1.6 -51.6 0.02 -1.6 -51.6 0.02 -1.6 -52.4 0.02 -1.6 -52.4 0.02 -1.6 -52.4 0.02 1.6 -52.4 0.02 1.6 -52.4 8.6 1.6 -52.4 8.6 -1.6 -51.6 8.6 -1.6 -51.6 8.6 1.6 -59.6 8.6 1.6 -59.6 0.02 1.6 -59.6 0.02 1.6 -60.4 0.02 1.6 -60.4 0.02 1.6 -60.4 8.6 1.6 -60.4 0.02 -1.6 -60.4 0.02 -1.6 -60.4 8.6 -1.6 -59.6 0.02 -1.6 -59.6 8.6 -1.6 -59.6 0.02 -1.6 -62.4 0.02 -0.4 -51.082 0.02 -0.4 -62.4 0.02 0.4 -51.082 0.02 0.4 -51.082 0.02 -15.6 -62.4 0.02 -15.6 -51.082 0.02 -16.4 -62.4 0.02 -16.4 -59.6 0.02 -14.4 -59.6 0.02 -14.4 -59.6 0.02 -17.6 -59.6 0.02 -17.6 -60.4 0.02 -17.6 -60.4 0.02 -17.6 -60.4 0.02 -14.4 -60.4 0.02 -14.4 -60.4 8.6 -14.4 -60.4 8.6 -17.6 -59.6 8.6 -17.6 -59.6 8.6 -14.4 -51.6 8.6 -14.4 -51.6 0.02 -14.4 -51.6 0.02 -14.4 -52.4 0.02 -14.4 -52.4 0.02 -14.4 -52.4 8.6 -14.4 -52.4 0.02 -17.6 -52.4 0.02 -17.6 -52.4 8.6 -17.6 -51.6 0.02 -17.6 -51.6 8.6 -17.6 -51.6 0.02 -17.6 51.6 0.02 -17.6 51.6 0.02 -17.6 51.6 0.02 -14.4 51.6 0.02 -14.4 52.4 0.02 -14.4 52.4 0.02 -14.4 52.4 0.02 -17.6 52.4 0.02 -17.6 52.4 8.6 -17.6 52.4 8.6 -14.4 51.6 8.6 -14.4 51.6 8.6 -17.6 59.6 8.6 -17.6 59.6 0.02 -17.6 59.6 0.02 -17.6 60.4 0.02 -17.6 60.4 0.02 -17.6 60.4 8.6 -17.6 60.4 0.02 -14.4 60.4 0.02 -14.4 60.4 8.6 -14.4 59.6 0.02 -14.4 59.6 8.6 -14.4 59.6 0.02 -14.4 62.4 0.02 -15.6 51.082 0.02 -15.6 62.4 0.02 -16.4 51.082 0.02 -16.4 51.082 0.02 -0.4 62.4 0.02 -0.4 51.082 0.02 0.4 62.4 0.02 0.4 59.6 0.02 -1.6 59.6 0.02 -1.6 59.6 0.02 1.6 59.6 0.02 1.6 60.4 0.02 1.6 60.4 0.02 1.6 60.4 0.02 -1.6 60.4 0.02 -1.6 60.4 8.6 -1.6 60.4 8.6 1.6 59.6 8.6 1.6 59.6 8.6 -1.6 51.6 8.6 -1.6 51.6 0.02 -1.6 51.6 0.02 -1.6 52.4 0.02 -1.6 52.4 0.02 -1.6 52.4 8.6 -1.6 52.4 0.02 1.6 52.4 0.02 1.6 52.4 8.6 1.6 51.6 0.02 1.6 51.6 8.6 1.6 51.6 0.02 1.6 46.4 0.02 -19.6 46.4 0.02 -19.6 49.6 0.02 -19.6 49.6 0.02 -19.6 49.6 0.02 -20.4 49.6 0.02 -20.4 46.4 0.02 -20.4 46.4 0.02 -20.4 46.4 8.6 -20.4 49.6 8.6 -20.4 49.6 8.6 -19.6 46.4 8.6 -19.6 46.4 8.6 -27.6 46.4 0.02 -27.6 46.4 0.02 -27.6 46.4 0.02 -28.4 46.4 0.02 -28.4 46.4 8.6 -28.4 49.6 0.02 -28.4 49.6 0.02 -28.4 49.6 8.6 -28.4 49.6 0.02 -27.6 49.6 8.6 -27.6 49.6 0.02 -27.6 48.4 0.02 -30.4 48.4 0.02 -19.082 47.6 0.02 -30.4 47.6 0.02 -19.082 31.6 0.02 -19.082 31.6 0.02 -30.4 32.4 0.02 -19.082 32.4 0.02 -30.4 30.4 0.02 -27.6 30.4 0.02 -27.6 33.6 0.02 -27.6 33.6 0.02 -27.6 33.6 0.02 -28.4 33.6 0.02 -28.4 30.4 0.02 -28.4 30.4 0.02 -28.4 30.4 8.6 -28.4 33.6 8.6 -28.4 33.6 8.6 -27.6 30.4 8.6 -27.6 30.4 8.6 -19.6 30.4 0.02 -19.6 30.4 0.02 -19.6 30.4 0.02 -20.4 30.4 0.02 -20.4 30.4 8.6 -20.4 33.6 0.02 -20.4 33.6 0.02 -20.4 33.6 8.6 -20.4 33.6 0.02 -19.6 33.6 8.6 -19.6 33.6 0.02 -19.6 14.4 0.02 -19.6 14.4 0.02 -19.6 17.6 0.02 -19.6 17.6 0.02 -19.6 17.6 0.02 -20.4 17.6 0.02 -20.4 14.4 0.02 -20.4 14.4 0.02 -20.4 14.4 8.6 -20.4 17.6 8.6 -20.4 17.6 8.6 -19.6 14.4 8.6 -19.6 14.4 8.6 -27.6 14.4 0.02 -27.6 14.4 0.02 -27.6 14.4 0.02 -28.4 14.4 0.02 -28.4 14.4 8.6 -28.4 17.6 0.02 -28.4 17.6 0.02 -28.4 17.6 8.6 -28.4 17.6 0.02 -27.6 17.6 8.6 -27.6 17.6 0.02 -27.6 16.4 0.02 -30.4 16.4 0.02 -19.082 15.6 0.02 -30.4 15.6 0.02 -19.082 -0.4 0.02 -19.082 -0.4 0.02 -30.4 0.4 0.02 -19.082 0.4 0.02 -30.4 -1.6 0.02 -27.6 -1.6 0.02 -27.6 1.6 0.02 -27.6 1.6 0.02 -27.6 1.6 0.02 -28.4 1.6 0.02 -28.4 -1.6 0.02 -28.4 -1.6 0.02 -28.4 -1.6 8.6 -28.4 1.6 8.6 -28.4 1.6 8.6 -27.6 -1.6 8.6 -27.6 -1.6 8.6 -19.6 -1.6 0.02 -19.6 -1.6 0.02 -19.6 -1.6 0.02 -20.4 -1.6 0.02 -20.4 -1.6 8.6 -20.4 1.6 0.02 -20.4 1.6 0.02 -20.4 1.6 8.6 -20.4 1.6 0.02 -19.6 1.6 8.6 -19.6 1.6 0.02 -19.6 -17.6 0.02 -19.6 -17.6 0.02 -19.6 -14.4 0.02 -19.6 -14.4 0.02 -19.6 -14.4 0.02 -20.4 -14.4 0.02 -20.4 -17.6 0.02 -20.4 -17.6 0.02 -20.4 -17.6 8.6 -20.4 -14.4 8.6 -20.4 -14.4 8.6 -19.6 -17.6 8.6 -19.6 -17.6 8.6 -27.6 -17.6 0.02 -27.6 -17.6 0.02 -27.6 -17.6 0.02 -28.4 -17.6 0.02 -28.4 -17.6 8.6 -28.4 -14.4 0.02 -28.4 -14.4 0.02 -28.4 -14.4 8.6 -28.4 -14.4 0.02 -27.6 -14.4 8.6 -27.6 -14.4 0.02 -27.6 -15.6 0.02 -30.4 -15.6 0.02 -19.082 -16.4 0.02 -30.4 -16.4 0.02 -19.082 -32.4 0.02 -19.082 -32.4 0.02 -30.4 -31.6 0.02 -19.082 -31.6 0.02 -30.4 -33.6 0.02 -27.6 -33.6 0.02 -27.6 -30.4 0.02 -27.6 -30.4 0.02 -27.6 -30.4 0.02 -28.4 -30.4 0.02 -28.4 -33.6 0.02 -28.4 -33.6 0.02 -28.4 -33.6 8.6 -28.4 -30.4 8.6 -28.4 -30.4 8.6 -27.6 -33.6 8.6 -27.6 -33.6 8.6 -19.6 -33.6 0.02 -19.6 -33.6 0.02 -19.6 -33.6 0.02 -20.4 -33.6 0.02 -20.4 -33.6 8.6 -20.4 -30.4 0.02 -20.4 -30.4 0.02 -20.4 -30.4 8.6 -20.4 -30.4 0.02 -19.6 -30.4 8.6 -19.6 -30.4 0.02 -19.6 -49.6 0.02 -19.6 -49.6 0.02 -19.6 -46.4 0.02 -19.6 -46.4 0.02 -19.6 -46.4 0.02 -20.4 -46.4 0.02 -20.4 -49.6 0.02 -20.4 -49.6 0.02 -20.4 -49.6 8.6 -20.4 -46.4 8.6 -20.4 -46.4 8.6 -19.6 -49.6 8.6 -19.6 -49.6 8.6 -27.6 -49.6 0.02 -27.6 -49.6 0.02 -27.6 -49.6 0.02 -28.4 -49.6 0.02 -28.4 -49.6 8.6 -28.4 -46.4 0.02 -28.4 -46.4 0.02 -28.4 -46.4 8.6 -28.4 -46.4 0.02 -27.6 -46.4 8.6 -27.6 -46.4 0.02 -27.6 -47.6 0.02 -30.4 -47.6 0.02 -19.082 -48.4 0.02 -30.4 -48.4 0.02 -19.082 -47.6 0.02 19.082 -47.6 0.02 30.4 -48.4 0.02 19.082 -48.4 0.02 30.4 -46.4 0.02 27.6 -46.4 0.02 27.6 -49.6 0.02 27.6 -49.6 0.02 27.6 -49.6 0.02 28.4 -49.6 0.02 28.4 -46.4 0.02 28.4 -46.4 0.02 28.4 -46.4 8.6 28.4 -49.6 8.6 28.4 -49.6 8.6 27.6 -46.4 8.6 27.6 -46.4 8.6 19.6 -46.4 0.02 19.6 -46.4 0.02 19.6 -46.4 0.02 20.4 -46.4 0.02 20.4 -46.4 8.6 20.4 -49.6 0.02 20.4 -49.6 0.02 20.4 -49.6 8.6 20.4 -49.6 0.02 19.6 -49.6 8.6 19.6 -49.6 0.02 19.6 -30.4 0.02 19.6 -30.4 0.02 19.6 -33.6 0.02 19.6 -33.6 0.02 19.6 -33.6 0.02 20.4 -33.6 0.02 20.4 -30.4 0.02 20.4 -30.4 0.02 20.4 -30.4 8.6 20.4 -33.6 8.6 20.4 -33.6 8.6 19.6 -30.4 8.6 19.6 -30.4 8.6 27.6 -30.4 0.02 27.6 -30.4 0.02 27.6 -30.4 0.02 28.4 -30.4 0.02 28.4 -30.4 8.6 28.4 -33.6 0.02 28.4 -33.6 0.02 28.4 -33.6 8.6 28.4 -33.6 0.02 27.6 -33.6 8.6 27.6 -33.6 0.02 27.6 -32.4 0.02 30.4 -32.4 0.02 19.082 -31.6 0.02 30.4 -31.6 0.02 19.082 -15.6 0.02 19.082 -15.6 0.02 30.4 -16.4 0.02 19.082 -16.4 0.02 30.4 -14.4 0.02 27.6 -14.4 0.02 27.6 -17.6 0.02 27.6 -17.6 0.02 27.6 -17.6 0.02 28.4 -17.6 0.02 28.4 -14.4 0.02 28.4 -14.4 0.02 28.4 -14.4 8.6 28.4 -17.6 8.6 28.4 -17.6 8.6 27.6 -14.4 8.6 27.6 -14.4 8.6 19.6 -14.4 0.02 19.6 -14.4 0.02 19.6 -14.4 0.02 20.4 -14.4 0.02 20.4 -14.4 8.6 20.4 -17.6 0.02 20.4 -17.6 0.02 20.4 -17.6 8.6 20.4 -17.6 0.02 19.6 -17.6 8.6 19.6 -17.6 0.02 19.6 1.6 0.02 19.6 1.6 0.02 19.6 -1.6 0.02 19.6 -1.6 0.02 19.6 -1.6 0.02 20.4 -1.6 0.02 20.4 1.6 0.02 20.4 1.6 0.02 20.4 1.6 8.6 20.4 -1.6 8.6 20.4 -1.6 8.6 19.6 1.6 8.6 19.6 1.6 8.6 27.6 1.6 0.02 27.6 1.6 0.02 27.6 1.6 0.02 28.4 1.6 0.02 28.4 1.6 8.6 28.4 -1.6 0.02 28.4 -1.6 0.02 28.4 -1.6 8.6 28.4 -1.6 0.02 27.6 -1.6 8.6 27.6 -1.6 0.02 27.6 -0.4 0.02 30.4 -0.4 0.02 19.082 0.4 0.02 30.4 0.4 0.02 19.082 16.4 0.02 19.082 16.4 0.02 30.4 15.6 0.02 19.082 15.6 0.02 30.4 17.6 0.02 27.6 17.6 0.02 27.6 14.4 0.02 27.6 14.4 0.02 27.6 14.4 0.02 28.4 14.4 0.02 28.4 17.6 0.02 28.4 17.6 0.02 28.4 17.6 8.6 28.4 14.4 8.6 28.4 14.4 8.6 27.6 17.6 8.6 27.6 17.6 8.6 19.6 17.6 0.02 19.6 17.6 0.02 19.6 17.6 0.02 20.4 17.6 0.02 20.4 17.6 8.6 20.4 14.4 0.02 20.4 14.4 0.02 20.4 14.4 8.6 20.4 14.4 0.02 19.6 14.4 8.6 19.6 14.4 0.02 19.6 33.6 0.02 19.6 33.6 0.02 19.6 30.4 0.02 19.6 30.4 0.02 19.6 30.4 0.02 20.4 30.4 0.02 20.4 33.6 0.02 20.4 33.6 0.02 20.4 33.6 8.6 20.4 30.4 8.6 20.4 30.4 8.6 19.6 33.6 8.6 19.6 33.6 8.6 27.6 33.6 0.02 27.6 33.6 0.02 27.6 33.6 0.02 28.4 33.6 0.02 28.4 33.6 8.6 28.4 30.4 0.02 28.4 30.4 0.02 28.4 30.4 8.6 28.4 30.4 0.02 27.6 30.4 8.6 27.6 30.4 0.02 27.6 31.6 0.02 30.4 31.6 0.02 19.082 32.4 0.02 30.4 32.4 0.02 19.082 48.4 0.02 19.082 48.4 0.02 30.4 47.6 0.02 19.082 47.6 0.02 30.4 49.6 0.02 27.6 49.6 0.02 27.6 46.4 0.02 27.6 46.4 0.02 27.6 46.4 0.02 28.4 46.4 0.02 28.4 49.6 0.02 28.4 49.6 0.02 28.4 49.6 8.6 28.4 46.4 8.6 28.4 46.4 8.6 27.6 49.6 8.6 27.6 49.6 8.6 19.6 49.6 0.02 19.6 49.6 0.02 19.6 49.6 0.02 20.4 49.6 0.02 20.4 49.6 8.6 20.4 46.4 0.02 20.4 46.4 0.02 20.4 46.4 8.6 20.4 46.4 0.02 19.6 46.4 8.6 19.6 46.4 0.02 19.6 33.6 0.02 3.601 33.6 0.02 3.601 30.4 0.02 3.601 30.4 0.02 3.601 30.4 0.02 4.401 30.4 0.02 4.401 33.6 0.02 4.401 33.6 0.02 4.401 33.6 8.6 4.401 30.4 8.6 4.401 30.4 8.6 3.601 33.6 8.6 3.601 33.6 8.6 11.601 33.6 0.02 11.601 33.6 0.02 11.601 33.6 0.02 12.401 33.6 0.02 12.401 33.6 8.6 12.401 30.4 0.02 12.401 30.4 0.02 12.401 30.4 8.6 12.401 30.4 0.02 11.601 30.4 8.6 11.601 30.4 0.02 11.601 31.6 0.02 12.916 31.6 0.02 3.082 32.4 0.02 12.916 32.4 0.02 3.082 32.4 0.02 -12.918 32.4 0.02 -3.084 31.6 0.02 -12.918 31.6 0.02 -3.084 33.6 0.02 -4.399 33.6 0.02 -4.399 30.4 0.02 -4.399 30.4 0.02 -4.399 30.4 0.02 -3.599 30.4 0.02 -3.599 33.6 0.02 -3.599 33.6 0.02 -3.599 33.6 8.6 -3.599 30.4 8.6 -3.599 30.4 8.6 -4.399 33.6 8.6 -4.399 33.6 8.6 -12.399 33.6 0.02 -12.399 33.6 0.02 -12.399 33.6 0.02 -11.599 33.6 0.02 -11.599 33.6 8.6 -11.599 30.4 0.02 -11.599 30.4 0.02 -11.599 30.4 8.6 -11.599 30.4 0.02 -12.399 30.4 8.6 -12.399 30.4 0.02 -12.399 17.6 0.02 -12.399 17.6 0.02 -12.399 14.4 0.02 -12.399 14.4 0.02 -12.399 14.4 0.02 -11.599 14.4 0.02 -11.599 17.6 0.02 -11.599 17.6 0.02 -11.599 17.6 8.6 -11.599 14.4 8.6 -11.599 14.4 8.6 -12.399 17.6 8.6 -12.399 17.6 8.6 -4.399 17.6 0.02 -4.399 17.6 0.02 -4.399 17.6 0.02 -3.599 17.6 0.02 -3.599 17.6 8.6 -3.599 14.4 0.02 -3.599 14.4 0.02 -3.599 14.4 8.6 -3.599 14.4 0.02 -4.399 14.4 8.6 -4.399 14.4 0.02 -4.399 15.6 0.02 -3.084 15.6 0.02 -12.918 16.4 0.02 -3.084 16.4 0.02 -12.918 0.4 0.02 -12.918 0.4 0.02 -3.084 -0.4 0.02 -12.918 -0.4 0.02 -3.084 1.6 0.02 -4.399 1.6 0.02 -4.399 -1.6 0.02 -4.399 -1.6 0.02 -4.399 -1.6 0.02 -3.599 -1.6 0.02 -3.599 1.6 0.02 -3.599 1.6 0.02 -3.599 1.6 8.6 -3.599 -1.6 8.6 -3.599 -1.6 8.6 -4.399 1.6 8.6 -4.399 1.6 8.6 -12.399 1.6 0.02 -12.399 1.6 0.02 -12.399 1.6 0.02 -11.599 1.6 0.02 -11.599 1.6 8.6 -11.599 -1.6 0.02 -11.599 -1.6 0.02 -11.599 -1.6 8.6 -11.599 -1.6 0.02 -12.399 -1.6 8.6 -12.399 -1.6 0.02 -12.399 -14.4 0.02 -12.399 -14.4 0.02 -12.399 -17.6 0.02 -12.399 -17.6 0.02 -12.399 -17.6 0.02 -11.599 -17.6 0.02 -11.599 -14.4 0.02 -11.599 -14.4 0.02 -11.599 -14.4 8.6 -11.599 -17.6 8.6 -11.599 -17.6 8.6 -12.399 -14.4 8.6 -12.399 -14.4 8.6 -4.399 -14.4 0.02 -4.399 -14.4 0.02 -4.399 -14.4 0.02 -3.599 -14.4 0.02 -3.599 -14.4 8.6 -3.599 -17.6 0.02 -3.599 -17.6 0.02 -3.599 -17.6 8.6 -3.599 -17.6 0.02 -4.399 -17.6 8.6 -4.399 -17.6 0.02 -4.399 -16.4 0.02 -3.084 -16.4 0.02 -12.918 -15.6 0.02 -3.084 -15.6 0.02 -12.918 -31.6 0.02 -12.918 -31.6 0.02 -3.084 -32.4 0.02 -12.918 -32.4 0.02 -3.084 -30.4 0.02 -4.399 -30.4 0.02 -4.399 -33.6 0.02 -4.399 -33.6 0.02 -4.399 -33.6 0.02 -3.599 -33.6 0.02 -3.599 -30.4 0.02 -3.599 -30.4 0.02 -3.599 -30.4 8.6 -3.599 -33.6 8.6 -3.599 -33.6 8.6 -4.399 -30.4 8.6 -4.399 -30.4 8.6 -12.399 -30.4 0.02 -12.399 -30.4 0.02 -12.399 -30.4 0.02 -11.599 -30.4 0.02 -11.599 -30.4 8.6 -11.599 -33.6 0.02 -11.599 -33.6 0.02 -11.599 -33.6 8.6 -11.599 -33.6 0.02 -12.399 -33.6 8.6 -12.399 -33.6 0.02 -12.399 -46.4 0.02 -12.399 -46.4 0.02 -12.399 -49.6 0.02 -12.399 -49.6 0.02 -12.399 -49.6 0.02 -11.599 -49.6 0.02 -11.599 -46.4 0.02 -11.599 -46.4 0.02 -11.599 -46.4 8.6 -11.599 -49.6 8.6 -11.599 -49.6 8.6 -12.399 -46.4 8.6 -12.399 -46.4 8.6 -4.399 -46.4 0.02 -4.399 -46.4 0.02 -4.399 -46.4 0.02 -3.599 -46.4 0.02 -3.599 -46.4 8.6 -3.599 -49.6 0.02 -3.599 -49.6 0.02 -3.599 -49.6 8.6 -3.599 -49.6 0.02 -4.399 -49.6 8.6 -4.399 -49.6 0.02 -4.399 -48.4 0.02 -3.084 -48.4 0.02 -12.918 -47.6 0.02 -3.084 -47.6 0.02 -12.918 -47.6 0.02 3.082 -47.6 0.02 12.916 -48.4 0.02 3.082 -48.4 0.02 12.916 -46.4 0.02 11.601 -46.4 0.02 11.601 -49.6 0.02 11.601 -49.6 0.02 11.601 -49.6 0.02 12.401 -49.6 0.02 12.401 -46.4 0.02 12.401 -46.4 0.02 12.401 -46.4 8.6 12.401 -49.6 8.6 12.401 -49.6 8.6 11.601 -46.4 8.6 11.601 -46.4 8.6 3.601 -46.4 0.02 3.601 -46.4 0.02 3.601 -46.4 0.02 4.401 -46.4 0.02 4.401 -46.4 8.6 4.401 -49.6 0.02 4.401 -49.6 0.02 4.401 -49.6 8.6 4.401 -49.6 0.02 3.601 -49.6 8.6 3.601 -49.6 0.02 3.601 -30.4 0.02 3.601 -30.4 0.02 3.601 -33.6 0.02 3.601 -33.6 0.02 3.601 -33.6 0.02 4.401 -33.6 0.02 4.401 -30.4 0.02 4.401 -30.4 0.02 4.401 -30.4 8.6 4.401 -33.6 8.6 4.401 -33.6 8.6 3.601 -30.4 8.6 3.601 -30.4 8.6 11.601 -30.4 0.02 11.601 -30.4 0.02 11.601 -30.4 0.02 12.401 -30.4 0.02 12.401 -30.4 8.6 12.401 -33.6 0.02 12.401 -33.6 0.02 12.401 -33.6 8.6 12.401 -33.6 0.02 11.601 -33.6 8.6 11.601 -33.6 0.02 11.601 -32.4 0.02 12.916 -32.4 0.02 3.082 -31.6 0.02 12.916 -31.6 0.02 3.082 -15.6 0.02 3.082 -15.6 0.02 12.916 -16.4 0.02 3.082 -16.4 0.02 12.916 -14.4 0.02 11.601 -14.4 0.02 11.601 -17.6 0.02 11.601 -17.6 0.02 11.601 -17.6 0.02 12.401 -17.6 0.02 12.401 -14.4 0.02 12.401 -14.4 0.02 12.401 -14.4 8.6 12.401 -17.6 8.6 12.401 -17.6 8.6 11.601 -14.4 8.6 11.601 -14.4 8.6 3.601 -14.4 0.02 3.601 -14.4 0.02 3.601 -14.4 0.02 4.401 -14.4 0.02 4.401 -14.4 8.6 4.401 -17.6 0.02 4.401 -17.6 0.02 4.401 -17.6 8.6 4.401 -17.6 0.02 3.601 -17.6 8.6 3.601 -17.6 0.02 3.601 1.6 0.02 3.601 1.6 0.02 3.601 -1.6 0.02 3.601 -1.6 0.02 3.601 -1.6 0.02 4.401 -1.6 0.02 4.401 1.6 0.02 4.401 1.6 0.02 4.401 1.6 8.6 4.401 -1.6 8.6 4.401 -1.6 8.6 3.601 1.6 8.6 3.601 1.6 8.6 11.601 1.6 0.02 11.601 1.6 0.02 11.601 1.6 0.02 12.401 1.6 0.02 12.401 1.6 8.6 12.401 -1.6 0.02 12.401 -1.6 0.02 12.401 -1.6 8.6 12.401 -1.6 0.02 11.601 -1.6 8.6 11.601 -1.6 0.02 11.601 -0.4 0.02 12.916 -0.4 0.02 3.082 0.4 0.02 12.916 0.4 0.02 3.082 16.4 0.02 3.082 16.4 0.02 12.916 15.6 0.02 3.082 15.6 0.02 12.916 17.6 0.02 11.601 17.6 0.02 11.601 14.4 0.02 11.601 14.4 0.02 11.601 14.4 0.02 12.401 14.4 0.02 12.401 17.6 0.02 12.401 17.6 0.02 12.401 17.6 8.6 12.401 14.4 8.6 12.401 14.4 8.6 11.601 17.6 8.6 11.601 17.6 8.6 3.601 17.6 0.02 3.601 17.6 0.02 3.601 17.6 0.02 4.401 17.6 0.02 4.401 17.6 8.6 4.401 14.4 0.02 4.401 14.4 0.02 4.401 14.4 8.6 4.401 14.4 0.02 3.601 14.4 8.6 3.601 14.4 0.02 3.601 49.6 0.02 3.601 49.6 0.02 3.601 46.4 0.02 3.601 46.4 0.02 3.601 46.4 0.02 4.401 46.4 0.02 4.401 49.6 0.02 4.401 49.6 0.02 4.401 49.6 8.6 4.401 46.4 8.6 4.401 46.4 8.6 3.601 49.6 8.6 3.601 49.6 8.6 11.601 49.6 0.02 11.601 49.6 0.02 11.601 49.6 0.02 12.401 49.6 0.02 12.401 49.6 8.6 12.401 46.4 0.02 12.401 46.4 0.02 12.401 46.4 8.6 12.401 46.4 0.02 11.601 46.4 8.6 11.601 46.4 0.02 11.601 47.6 0.02 12.916 47.6 0.02 3.082 48.4 0.02 12.916 48.4 0.02 3.082 48.4 0.02 -12.918 48.4 0.02 -3.084 47.6 0.02 -12.918 47.6 0.02 -3.084 49.6 0.02 -4.399 49.6 0.02 -4.399 46.4 0.02 -4.399 46.4 0.02 -4.399 46.4 0.02 -3.599 46.4 0.02 -3.599 49.6 0.02 -3.599 49.6 0.02 -3.599 49.6 8.6 -3.599 46.4 8.6 -3.599 46.4 8.6 -4.399 49.6 8.6 -4.399 49.6 8.6 -12.399 49.6 0.02 -12.399 49.6 0.02 -12.399 49.6 0.02 -11.599 49.6 0.02 -11.599 49.6 8.6 -11.599 46.4 0.02 -11.599 46.4 0.02 -11.599 46.4 8.6 -11.599 46.4 0.02 -12.399 46.4 8.6 -12.399 46.4 0.02 -12.399 35.601 0.02 -17.6 35.601 0.02 -17.6 35.601 0.02 -14.4 35.601 0.02 -14.4 36.401 0.02 -14.4 36.401 0.02 -14.4 36.401 0.02 -17.6 36.401 0.02 -17.6 36.401 8.6 -17.6 36.401 8.6 -14.4 35.601 8.6 -14.4 35.601 8.6 -17.6 43.601 8.6 -17.6 43.601 0.02 -17.6 43.601 0.02 -17.6 44.401 0.02 -17.6 44.401 0.02 -17.6 44.401 8.6 -17.6 44.401 0.02 -14.4 44.401 0.02 -14.4 44.401 8.6 -14.4 43.601 0.02 -14.4 43.601 8.6 -14.4 43.601 0.02 -14.4 44.916 0.02 -15.6 35.082 0.02 -15.6 44.916 0.02 -16.4 35.082 0.02 -16.4 35.082 0.02 -0.4 44.916 0.02 -0.4 35.082 0.02 0.4 44.916 0.02 0.4 43.601 0.02 -1.6 43.601 0.02 -1.6 43.601 0.02 1.6 43.601 0.02 1.6 44.401 0.02 1.6 44.401 0.02 1.6 44.401 0.02 -1.6 44.401 0.02 -1.6 44.401 8.6 -1.6 44.401 8.6 1.6 43.601 8.6 1.6 43.601 8.6 -1.6 35.601 8.6 -1.6 35.601 0.02 -1.6 35.601 0.02 -1.6 36.401 0.02 -1.6 36.401 0.02 -1.6 36.401 8.6 -1.6 36.401 0.02 1.6 36.401 0.02 1.6 36.401 8.6 1.6 35.601 0.02 1.6 35.601 8.6 1.6 35.601 0.02 1.6 35.601 0.02 14.4 35.601 0.02 14.4 35.601 0.02 17.6 35.601 0.02 17.6 36.401 0.02 17.6 36.401 0.02 17.6 36.401 0.02 14.4 36.401 0.02 14.4 36.401 8.6 14.4 36.401 8.6 17.6 35.601 8.6 17.6 35.601 8.6 14.4 43.601 8.6 14.4 43.601 0.02 14.4 43.601 0.02 14.4 44.401 0.02 14.4 44.401 0.02 14.4 44.401 8.6 14.4 44.401 0.02 17.6 44.401 0.02 17.6 44.401 8.6 17.6 43.601 0.02 17.6 43.601 8.6 17.6 43.601 0.02 17.6 44.916 0.02 16.4 35.082 0.02 16.4 44.916 0.02 15.6 35.082 0.02 15.6 19.082 0.02 15.6 28.916 0.02 15.6 19.082 0.02 16.4 28.916 0.02 16.4 27.601 0.02 14.4 27.601 0.02 14.4 27.601 0.02 17.6 27.601 0.02 17.6 28.401 0.02 17.6 28.401 0.02 17.6 28.401 0.02 14.4 28.401 0.02 14.4 28.401 8.6 14.4 28.401 8.6 17.6 27.601 8.6 17.6 27.601 8.6 14.4 19.601 8.6 14.4 19.601 0.02 14.4 19.601 0.02 14.4 20.401 0.02 14.4 20.401 0.02 14.4 20.401 8.6 14.4 20.401 0.02 17.6 20.401 0.02 17.6 20.401 8.6 17.6 19.601 0.02 17.6 19.601 8.6 17.6 19.601 0.02 17.6 19.601 0.02 -1.6 19.601 0.02 -1.6 19.601 0.02 1.6 19.601 0.02 1.6 20.401 0.02 1.6 20.401 0.02 1.6 20.401 0.02 -1.6 20.401 0.02 -1.6 20.401 8.6 -1.6 20.401 8.6 1.6 19.601 8.6 1.6 19.601 8.6 -1.6 27.601 8.6 -1.6 27.601 0.02 -1.6 27.601 0.02 -1.6 28.401 0.02 -1.6 28.401 0.02 -1.6 28.401 8.6 -1.6 28.401 0.02 1.6 28.401 0.02 1.6 28.401 8.6 1.6 27.601 0.02 1.6 27.601 8.6 1.6 27.601 0.02 1.6 28.916 0.02 0.4 19.082 0.02 0.4 28.916 0.02 -0.4 19.082 0.02 -0.4 19.082 0.02 -16.4 28.916 0.02 -16.4 19.082 0.02 -15.6 28.916 0.02 -15.6 27.601 0.02 -17.6 27.601 0.02 -17.6 27.601 0.02 -14.4 27.601 0.02 -14.4 28.401 0.02 -14.4 28.401 0.02 -14.4 28.401 0.02 -17.6 28.401 0.02 -17.6 28.401 8.6 -17.6 28.401 8.6 -14.4 27.601 8.6 -14.4 27.601 8.6 -17.6 19.601 8.6 -17.6 19.601 0.02 -17.6 19.601 0.02 -17.6 20.401 0.02 -17.6 20.401 0.02 -17.6 20.401 8.6 -17.6 20.401 0.02 -14.4 20.401 0.02 -14.4 20.401 8.6 -14.4 19.601 0.02 -14.4 19.601 8.6 -14.4 19.601 0.02 -14.4 3.601 0.02 -17.6 3.601 0.02 -17.6 3.601 0.02 -14.4 3.601 0.02 -14.4 4.401 0.02 -14.4 4.401 0.02 -14.4 4.401 0.02 -17.6 4.401 0.02 -17.6 4.401 8.6 -17.6 4.401 8.6 -14.4 3.601 8.6 -14.4 3.601 8.6 -17.6 11.601 8.6 -17.6 11.601 0.02 -17.6 11.601 0.02 -17.6 12.401 0.02 -17.6 12.401 0.02 -17.6 12.401 8.6 -17.6 12.401 0.02 -14.4 12.401 0.02 -14.4 12.401 8.6 -14.4 11.601 0.02 -14.4 11.601 8.6 -14.4 11.601 0.02 -14.4 12.916 0.02 -15.6 3.082 0.02 -15.6 12.916 0.02 -16.4 3.082 0.02 -16.4 -12.918 0.02 -16.4 -3.084 0.02 -16.4 -12.918 0.02 -15.6 -3.084 0.02 -15.6 -4.399 0.02 -17.6 -4.399 0.02 -17.6 -4.399 0.02 -14.4 -4.399 0.02 -14.4 -3.599 0.02 -14.4 -3.599 0.02 -14.4 -3.599 0.02 -17.6 -3.599 0.02 -17.6 -3.599 8.6 -17.6 -3.599 8.6 -14.4 -4.399 8.6 -14.4 -4.399 8.6 -17.6 -12.399 8.6 -17.6 -12.399 0.02 -17.6 -12.399 0.02 -17.6 -11.599 0.02 -17.6 -11.599 0.02 -17.6 -11.599 8.6 -17.6 -11.599 0.02 -14.4 -11.599 0.02 -14.4 -11.599 8.6 -14.4 -12.399 0.02 -14.4 -12.399 8.6 -14.4 -12.399 0.02 -14.4 -28.399 0.02 -17.6 -28.399 0.02 -17.6 -28.399 0.02 -14.4 -28.399 0.02 -14.4 -27.599 0.02 -14.4 -27.599 0.02 -14.4 -27.599 0.02 -17.6 -27.599 0.02 -17.6 -27.599 8.6 -17.6 -27.599 8.6 -14.4 -28.399 8.6 -14.4 -28.399 8.6 -17.6 -20.399 8.6 -17.6 -20.399 0.02 -17.6 -20.399 0.02 -17.6 -19.599 0.02 -17.6 -19.599 0.02 -17.6 -19.599 8.6 -17.6 -19.599 0.02 -14.4 -19.599 0.02 -14.4 -19.599 8.6 -14.4 -20.399 0.02 -14.4 -20.399 8.6 -14.4 -20.399 0.02 -14.4 -19.084 0.02 -15.6 -28.918 0.02 -15.6 -19.084 0.02 -16.4 -28.918 0.02 -16.4 -44.918 0.02 -16.4 -35.084 0.02 -16.4 -44.918 0.02 -15.6 -35.084 0.02 -15.6 -36.399 0.02 -17.6 -36.399 0.02 -17.6 -36.399 0.02 -14.4 -36.399 0.02 -14.4 -35.599 0.02 -14.4 -35.599 0.02 -14.4 -35.599 0.02 -17.6 -35.599 0.02 -17.6 -35.599 8.6 -17.6 -35.599 8.6 -14.4 -36.399 8.6 -14.4 -36.399 8.6 -17.6 -44.399 8.6 -17.6 -44.399 0.02 -17.6 -44.399 0.02 -17.6 -43.599 0.02 -17.6 -43.599 0.02 -17.6 -43.599 8.6 -17.6 -43.599 0.02 -14.4 -43.599 0.02 -14.4 -43.599 8.6 -14.4 -44.399 0.02 -14.4 -44.399 8.6 -14.4 -44.399 0.02 -14.4 -44.399 0.02 -1.6 -44.399 0.02 -1.6 -44.399 0.02 1.6 -44.399 0.02 1.6 -43.599 0.02 1.6 -43.599 0.02 1.6 -43.599 0.02 -1.6 -43.599 0.02 -1.6 -43.599 8.6 -1.6 -43.599 8.6 1.6 -44.399 8.6 1.6 -44.399 8.6 -1.6 -36.399 8.6 -1.6 -36.399 0.02 -1.6 -36.399 0.02 -1.6 -35.599 0.02 -1.6 -35.599 0.02 -1.6 -35.599 8.6 -1.6 -35.599 0.02 1.6 -35.599 0.02 1.6 -35.599 8.6 1.6 -36.399 0.02 1.6 -36.399 8.6 1.6 -36.399 0.02 1.6 -35.084 0.02 0.4 -44.918 0.02 0.4 -35.084 0.02 -0.4 -44.918 0.02 -0.4 -44.918 0.02 15.6 -35.084 0.02 15.6 -44.918 0.02 16.4 -35.084 0.02 16.4 -36.399 0.02 14.4 -36.399 0.02 14.4 -36.399 0.02 17.6 -36.399 0.02 17.6 -35.599 0.02 17.6 -35.599 0.02 17.6 -35.599 0.02 14.4 -35.599 0.02 14.4 -35.599 8.6 14.4 -35.599 8.6 17.6 -36.399 8.6 17.6 -36.399 8.6 14.4 -44.399 8.6 14.4 -44.399 0.02 14.4 -44.399 0.02 14.4 -43.599 0.02 14.4 -43.599 0.02 14.4 -43.599 8.6 14.4 -43.599 0.02 17.6 -43.599 0.02 17.6 -43.599 8.6 17.6 -44.399 0.02 17.6 -44.399 8.6 17.6 -44.399 0.02 17.6 -28.399 0.02 14.4 -28.399 0.02 14.4 -28.399 0.02 17.6 -28.399 0.02 17.6 -27.599 0.02 17.6 -27.599 0.02 17.6 -27.599 0.02 14.4 -27.599 0.02 14.4 -27.599 8.6 14.4 -27.599 8.6 17.6 -28.399 8.6 17.6 -28.399 8.6 14.4 -20.399 8.6 14.4 -20.399 0.02 14.4 -20.399 0.02 14.4 -19.599 0.02 14.4 -19.599 0.02 14.4 -19.599 8.6 14.4 -19.599 0.02 17.6 -19.599 0.02 17.6 -19.599 8.6 17.6 -20.399 0.02 17.6 -20.399 8.6 17.6 -20.399 0.02 17.6 -19.084 0.02 16.4 -28.918 0.02 16.4 -19.084 0.02 15.6 -28.918 0.02 15.6 -28.918 0.02 -0.4 -19.084 0.02 -0.4 -28.918 0.02 0.4 -19.084 0.02 0.4 -20.399 0.02 -1.6 -20.399 0.02 -1.6 -20.399 0.02 1.6 -20.399 0.02 1.6 -19.599 0.02 1.6 -19.599 0.02 1.6 -19.599 0.02 -1.6 -19.599 0.02 -1.6 -19.599 8.6 -1.6 -19.599 8.6 1.6 -20.399 8.6 1.6 -20.399 8.6 -1.6 -28.399 8.6 -1.6 -28.399 0.02 -1.6 -28.399 0.02 -1.6 -27.599 0.02 -1.6 -27.599 0.02 -1.6 -27.599 8.6 -1.6 -27.599 0.02 1.6 -27.599 0.02 1.6 -27.599 8.6 1.6 -28.399 0.02 1.6 -28.399 8.6 1.6 -28.399 0.02 1.6 -12.399 0.02 -1.6 -12.399 0.02 -1.6 -12.399 0.02 1.6 -12.399 0.02 1.6 -11.599 0.02 1.6 -11.599 0.02 1.6 -11.599 0.02 -1.6 -11.599 0.02 -1.6 -11.599 8.6 -1.6 -11.599 8.6 1.6 -12.399 8.6 1.6 -12.399 8.6 -1.6 -4.399 8.6 -1.6 -4.399 0.02 -1.6 -4.399 0.02 -1.6 -3.599 0.02 -1.6 -3.599 0.02 -1.6 -3.599 8.6 -1.6 -3.599 0.02 1.6 -3.599 0.02 1.6 -3.599 8.6 1.6 -4.399 0.02 1.6 -4.399 8.6 1.6 -4.399 0.02 1.6 -3.084 0.02 0.4 -12.918 0.02 0.4 -3.084 0.02 -0.4 -12.918 0.02 -0.4 -12.918 0.02 15.6 -3.084 0.02 15.6 -12.918 0.02 16.4 -3.084 0.02 16.4 -4.399 0.02 14.4 -4.399 0.02 14.4 -4.399 0.02 17.6 -4.399 0.02 17.6 -3.599 0.02 17.6 -3.599 0.02 17.6 -3.599 0.02 14.4 -3.599 0.02 14.4 -3.599 8.6 14.4 -3.599 8.6 17.6 -4.399 8.6 17.6 -4.399 8.6 14.4 -12.399 8.6 14.4 -12.399 0.02 14.4 -12.399 0.02 14.4 -11.599 0.02 14.4 -11.599 0.02 14.4 -11.599 8.6 14.4 -11.599 0.02 17.6 -11.599 0.02 17.6 -11.599 8.6 17.6 -12.399 0.02 17.6 -12.399 8.6 17.6 -12.399 0.02 17.6 3.601 0.02 14.4 3.601 0.02 14.4 3.601 0.02 17.6 3.601 0.02 17.6 4.401 0.02 17.6 4.401 0.02 17.6 4.401 0.02 14.4 4.401 0.02 14.4 4.401 8.6 14.4 4.401 8.6 17.6 3.601 8.6 17.6 3.601 8.6 14.4 11.601 8.6 14.4 11.601 0.02 14.4 11.601 0.02 14.4 12.401 0.02 14.4 12.401 0.02 14.4 12.401 8.6 14.4 12.401 0.02 17.6 12.401 0.02 17.6 12.401 8.6 17.6 11.601 0.02 17.6 11.601 8.6 17.6 11.601 0.02 17.6 12.916 0.02 16.4 3.082 0.02 16.4 12.916 0.02 15.6 3.082 0.02 15.6 3.082 0.02 -0.4 12.916 0.02 -0.4 3.082 0.02 0.4 12.916 0.02 0.4 11.601 0.02 -1.6 11.601 0.02 -1.6 11.601 0.02 1.6 11.601 0.02 1.6 12.401 0.02 1.6 12.401 0.02 1.6 12.401 0.02 -1.6 12.401 0.02 -1.6 12.401 8.6 -1.6 12.401 8.6 1.6 11.601 8.6 1.6 11.601 8.6 -1.6 3.601 8.6 -1.6 3.601 0.02 -1.6 3.601 0.02 -1.6 4.401 0.02 -1.6 4.401 0.02 -1.6 4.401 8.6 -1.6 4.401 0.02 1.6 4.401 0.02 1.6 4.401 8.6 1.6 3.601 0.02 1.6 3.601 8.6 1.6 3.601 0.02 1.6 51.6 0.02 14.4 51.6 0.02 14.4 51.6 0.02 17.6 51.6 0.02 17.6 52.4 0.02 17.6 52.4 0.02 17.6 52.4 0.02 14.4 52.4 0.02 14.4 52.4 8.6 14.4 52.4 8.6 17.6 51.6 8.6 17.6 51.6 8.6 14.4 59.6 8.6 14.4 59.6 0.02 14.4 59.6 0.02 14.4 60.4 0.02 14.4 60.4 0.02 14.4 60.4 8.6 14.4 60.4 0.02 17.6 60.4 0.02 17.6 60.4 8.6 17.6 59.6 0.02 17.6 59.6 8.6 17.6 59.6 0.02 17.6 62.4 0.02 16.4 51.082 0.02 16.4 62.4 0.02 15.6 51.082 0.02 15.6</float_array>
					<technique_common>
						<accessor source="#4204.json-mesh-positions-array" count="14112" stride="3">
							<param name="X" type="float"/>
							<param name="Y" type="float"/>
							<param name="Z" type="float"/>
						</accessor>
					</technique_common>
				</source>
				<vertices id="4204.json-mesh-vertices">
					<input semantic="POSITION" source="#4204.json-mesh-positions"/>
				</vertices>
				<triangles material="MB|5-material" count="12612">
					<input semantic="VERTEX" source="#4204.json-mesh-vertices" offset="0"/>
					<p>0 45 93 45 48 93 1 46 94 46 49 94 2 47 95 47 50 95 3 0 90 0 93 90 4 1 91 1 94 91 5 2 92 2 95 92 90 87 3 87 6 3 91 88 4 88 7 4 92 89 5 89 8 5 87 84 6 84 9 6 88 85 7 85 10 7 89 86 8 86 11 8 84 81 9 81 12 9 85 82 10 82 13 10 86 83 11 83 14 11 78 15 81 15 12 81 79 16 82 16 13 82 80 17 83 17 14 83 75 18 78 18 15 78 76 19 79 19 16 79 77 20 80 20 17 80 75 72 18 72 21 18 76 73 19 73 22 19 77 74 20 74 23 20 69 24 72 24 21 72 70 25 73 25 22 73 71 26 74 26 23 74 69 66 24 66 27 24 70 67 25 67 28 25 71 68 26 68 29 26 63 30 66 30 27 66 64 31 67 31 28 67 65 32 68 32 29 68 60 33 63 33 30 63 61 34 64 34 31 64 62 35 65 35 32 65 57 36 60 36 33 60 58 37 61 37 34 61 59 38 62 38 35 62 57 54 36 54 39 36 58 55 37 55 40 37 59 56 38 56 41 38 51 42 54 42 39 54 52 43 55 43 40 55 53 44 56 44 41 56 48 45 51 45 42 51 49 46 52 46 43 52 50 47 53 47 44 53 189 8880 186 8880 8895 186 190 8896 187 8896 8911 187 191 8912 188 8912 8927 188 186 8895 183 8895 8894 183 187 8911 184 8911 8910 184 188 8927 185 8927 8926 185 180 183 8893 183 8894 8893 181 184 8909 184 8910 8909 182 185 8925 185 8926 8925 180 8893 177 8893 8892 177 181 8909 178 8909 8908 178 182 8925 179 8925 8924 179 177 8892 174 8892 8891 174 178 8908 175 8908 8907 175 179 8924 176 8924 8923 176 174 8891 171 8891 8890 171 175 8907 172 8907 8906 172 176 8923 173 8923 8922 173 168 171 8889 171 8890 8889 169 172 8905 172 8906 8905 170 173 8921 173 8922 8921 168 8889 165 8889 8888 165 169 8905 166 8905 8904 166 170 8921 167 8921 8920 167 162 165 8887 165 8888 8887 163 166 8903 166 8904 8903 164 167 8919 167 8920 8919 162 8887 159 8887 8886 159 163 8903 160 8903 8902 160 164 8919 161 8919 8918 161 159 8886 156 8886 8885 156 160 8902 157 8902 8901 157 161 8918 158 8918 8917 158 153 156 8884 156 8885 8884 154 157 8900 157 8901 8900 155 158 8916 158 8917 8916 150 153 8883 153 8884 8883 151 154 8899 154 8900 8899 152 155 8915 155 8916 8915 147 150 8882 150 8883 8882 148 151 8898 151 8899 8898 149 152 8914 152 8915 8914 144 147 8881 147 8882 8881 145 148 8897 148 8898 8897 146 149 8913 149 8914 8913 189 144 8880 144 8881 8880 190 145 8896 145 8897 8896 191 146 8912 146 8913 8912 96 8943 99 8943 8942 99 97 8959 100 8959 8958 100 98 8975 101 8975 8974 101 8941 102 8942 102 99 8942 8957 103 8958 103 100 8958 8973 104 8974 104 101 8974 8941 8940 102 8940 105 102 8957 8956 103 8956 106 103 8973 8972 104 8972 107 104 8939 108 8940 108 105 8940 8955 109 8956 109 106 8956 8971 110 8972 110 107 8972 8938 111 8939 111 108 8939 8954 112 8955 112 109 8955 8970 113 8971 113 110 8971 8937 114 8938 114 111 8938 8953 115 8954 115 112 8954 8969 116 8970 116 113 8970 8937 8936 114 8936 117 114 8953 8952 115 8952 118 115 8969 8968 116 8968 119 116 8935 120 8936 120 117 8936 8951 121 8952 121 118 8952 8967 122 8968 122 119 8968 8935 8934 120 8934 123 120 8951 8950 121 8950 124 121 8967 8966 122 8966 125 122 8933 126 8934 126 123 8934 8949 127 8950 127 124 8950 8965 128 8966 128 125 8966 8932 129 8933 129 126 8933 8948 130 8949 130 127 8949 8964 131 8965 131 128 8965 8932 8931 129 8931 132 129 8948 8947 130 8947 133 130 8964 8963 131 8963 134 131 8931 8930 132 8930 135 132 8947 8946 133 8946 136 133 8963 8962 134 8962 137 134 8930 8929 135 8929 138 135 8946 8945 136 8945 139 136 8962 8961 137 8961 140 137 8929 8928 138 8928 141 138 8945 8944 139 8944 142 139 8961 8960 140 8960 143 140 8928 8943 141 8943 96 141 8944 8959 142 8959 97 142 8960 8975 143 8975 98 143 192 312 440 312 320 440 193 313 441 313 321 441 194 314 442 314 322 442 195 315 443 315 323 443 196 316 444 316 324 444 197 317 445 317 325 445 198 318 446 318 326 446 199 319 447 319 327 447 312 304 320 304 328 320 313 305 321 305 329 321 314 306 322 306 330 322 315 307 323 307 331 323 316 308 324 308 332 324 317 309 325 309 333 325 318 310 326 310 334 326 319 311 327 311 335 327 304 296 328 296 336 328 305 297 329 297 337 329 306 298 330 298 338 330 307 299 331 299 339 331 308 300 332 300 340 332 309 301 333 301 341 333 310 302 334 302 342 334 311 303 335 303 343 335 296 288 336 288 344 336 297 289 337 289 345 337 298 290 338 290 346 338 299 291 339 291 347 339 300 292 340 292 348 340 301 293 341 293 349 341 302 294 342 294 350 342 303 295 343 295 351 343 288 280 344 280 352 344 289 281 345 281 353 345 290 282 346 282 354 346 291 283 347 283 355 347 292 284 348 284 356 348 293 285 349 285 357 349 294 286 350 286 358 350 295 287 351 287 359 351 280 272 352 272 360 352 281 273 353 273 361 353 282 274 354 274 362 354 283 275 355 275 363 355 284 276 356 276 364 356 285 277 357 277 365 357 286 278 358 278 366 358 287 279 359 279 367 359 272 264 360 264 368 360 273 265 361 265 369 361 274 266 362 266 370 362 275 267 363 267 371 363 276 268 364 268 372 364 277 269 365 269 373 365 278 270 366 270 374 366 279 271 367 271 375 367 264 256 368 256 376 368 265 257 369 257 377 369 266 258 370 258 378 370 267 259 371 259 379 371 268 260 372 260 380 372 269 261 373 261 381 373 270 262 374 262 382 374 271 263 375 263 383 375 256 248 376 248 384 376 257 249 377 249 385 377 258 250 378 250 386 378 259 251 379 251 387 379 260 252 380 252 388 380 261 253 381 253 389 381 262 254 382 254 390 382 263 255 383 255 391 383 248 240 384 240 392 384 249 241 385 241 393 385 250 242 386 242 394 386 251 243 387 243 395 387 252 244 388 244 396 388 253 245 389 245 397 389 254 246 390 246 398 390 255 247 391 247 399 391 240 232 392 232 400 392 241 233 393 233 401 393 242 234 394 234 402 394 243 235 395 235 403 395 244 236 396 236 404 396 245 237 397 237 405 397 246 238 398 238 406 398 247 239 399 239 407 399 232 224 400 224 408 400 233 225 401 225 409 401 234 226 402 226 410 402 235 227 403 227 411 403 236 228 404 228 412 404 237 229 405 229 413 405 238 230 406 230 414 406 239 231 407 231 415 407 224 216 408 216 416 408 225 217 409 217 417 409 226 218 410 218 418 410 227 219 411 219 419 411 228 220 412 220 420 412 229 221 413 221 421 413 230 222 414 222 422 414 231 223 415 223 423 415 216 208 416 208 424 416 217 209 417 209 425 417 218 210 418 210 426 418 219 211 419 211 427 419 220 212 420 212 428 420 221 213 421 213 429 421 222 214 422 214 430 422 223 215 423 215 431 423 208 200 424 200 432 424 209 201 425 201 433 425 210 202 426 202 434 426 211 203 427 203 435 427 212 204 428 204 436 428 213 205 429 205 437 429 214 206 430 206 438 430 215 207 431 207 439 431 200 192 432 192 440 432 201 193 433 193 441 433 202 194 434 194 442 434 203 195 435 195 443 435 204 196 436 196 444 436 205 197 437 197 445 437 206 198 438 198 446 438 207 199 439 199 447 439 8990 8991 448 9006 9007 449 9022 9023 450 9038 9039 451 9054 9055 452 9070 9071 453 9086 9087 454 9102 9103 455 8989 8990 448 9005 9006 449 9021 9022 450 9037 9038 451 9053 9054 452 9069 9070 453 9085 9086 454 9101 9102 455 8988 8989 448 9004 9005 449 9020 9021 450 9036 9037 451 9052 9053 452 9068 9069 453 9084 9085 454 9100 9101 455 8987 8988 448 9003 9004 449 9019 9020 450 9035 9036 451 9051 9052 452 9067 9068 453 9083 9084 454 9099 9100 455 8986 8987 448 9002 9003 449 9018 9019 450 9034 9035 451 9050 9051 452 9066 9067 453 9082 9083 454 9098 9099 455 8985 8986 448 9001 9002 449 9017 9018 450 9033 9034 451 9049 9050 452 9065 9066 453 9081 9082 454 9097 9098 455 8984 8985 448 9000 9001 449 9016 9017 450 9032 9033 451 9048 9049 452 9064 9065 453 9080 9081 454 9096 9097 455 8983 8984 448 8999 9000 449 9015 9016 450 9031 9032 451 9047 9048 452 9063 9064 453 9079 9080 454 9095 9096 455 8982 8983 448 8998 8999 449 9014 9015 450 9030 9031 451 9046 9047 452 9062 9063 453 9078 9079 454 9094 9095 455 8981 8982 448 8997 8998 449 9013 9014 450 9029 9030 451 9045 9046 452 9061 9062 453 9077 9078 454 9093 9094 455 8980 8981 448 8996 8997 449 9012 9013 450 9028 9029 451 9044 9045 452 9060 9061 453 9076 9077 454 9092 9093 455 8979 8980 448 8995 8996 449 9011 9012 450 9027 9028 451 9043 9044 452 9059 9060 453 9075 9076 454 9091 9092 455 8978 8979 448 8994 8995 449 9010 9011 450 9026 9027 451 9042 9043 452 9058 9059 453 9074 9075 454 9090 9091 455 8977 8978 448 8993 8994 449 9009 9010 450 9025 9026 451 9041 9042 452 9057 9058 453 9073 9074 454 9089 9090 455 8976 8977 448 8992 8993 449 9008 9009 450 9024 9025 451 9040 9041 452 9056 9057 453 9072 9073 454 9088 9089 455 8991 8976 448 9007 8992 449 9023 9008 450 9039 9024 451 9055 9040 452 9071 9056 453 9087 9072 454 9103 9088 455 464 584 456 465 585 457 466 586 458 467 587 459 468 588 460 469 589 461 470 590 462 471 591 463 584 576 456 585 577 457 586 578 458 587 579 459 588 580 460 589 581 461 590 582 462 591 583 463 576 568 456 577 569 457 578 570 458 579 571 459 580 572 460 581 573 461 582 574 462 583 575 463 568 560 456 569 561 457 570 562 458 571 563 459 572 564 460 573 565 461 574 566 462 575 567 463 560 552 456 561 553 457 562 554 458 563 555 459 564 556 460 565 557 461 566 558 462 567 559 463 552 544 456 553 545 457 554 546 458 555 547 459 556 548 460 557 549 461 558 550 462 559 551 463 544 536 456 545 537 457 546 538 458 547 539 459 548 540 460 549 541 461 550 542 462 551 543 463 536 528 456 537 529 457 538 530 458 539 531 459 540 532 460 541 533 461 542 534 462 543 535 463 528 520 456 529 521 457 530 522 458 531 523 459 532 524 460 533 525 461 534 526 462 535 527 463 520 512 456 521 513 457 522 514 458 523 515 459 524 516 460 525 517 461 526 518 462 527 519 463 512 504 456 513 505 457 514 506 458 515 507 459 516 508 460 517 509 461 518 510 462 519 511 463 504 496 456 505 497 457 506 498 458 507 499 459 508 500 460 509 501 461 510 502 462 511 503 463 496 488 456 497 489 457 498 490 458 499 491 459 500 492 460 501 493 461 502 494 462 503 495 463 488 480 456 489 481 457 490 482 458 491 483 459 492 484 460 493 485 461 494 486 462 495 487 463 480 472 456 481 473 457 482 474 458 483 475 459 484 476 460 485 477 461 486 478 462 487 479 463 472 464 456 473 465 457 474 466 458 475 467 459 476 468 460 477 469 461 478 470 462 479 471 463 704 712 9119 712 9104 9119 705 713 9135 713 9120 9135 706 714 9151 714 9136 9151 707 715 9167 715 9152 9167 708 716 9183 716 9168 9183 709 717 9199 717 9184 9199 710 718 9215 718 9200 9215 711 719 9231 719 9216 9231 696 704 9118 704 9119 9118 697 705 9134 705 9135 9134 698 706 9150 706 9151 9150 699 707 9166 707 9167 9166 700 708 9182 708 9183 9182 701 709 9198 709 9199 9198 702 710 9214 710 9215 9214 703 711 9230 711 9231 9230 688 696 9117 696 9118 9117 689 697 9133 697 9134 9133 690 698 9149 698 9150 9149 691 699 9165 699 9166 9165 692 700 9181 700 9182 9181 693 701 9197 701 9198 9197 694 702 9213 702 9214 9213 695 703 9229 703 9230 9229 680 688 9116 688 9117 9116 681 689 9132 689 9133 9132 682 690 9148 690 9149 9148 683 691 9164 691 9165 9164 684 692 9180 692 9181 9180 685 693 9196 693 9197 9196 686 694 9212 694 9213 9212 687 695 9228 695 9229 9228 672 680 9115 680 9116 9115 673 681 9131 681 9132 9131 674 682 9147 682 9148 9147 675 683 9163 683 9164 9163 676 684 9179 684 9180 9179 677 685 9195 685 9196 9195 678 686 9211 686 9212 9211 679 687 9227 687 9228 9227 664 672 9114 672 9115 9114 665 673 9130 673 9131 9130 666 674 9146 674 9147 9146 667 675 9162 675 9163 9162 668 676 9178 676 9179 9178 669 677 9194 677 9195 9194 670 678 9210 678 9211 9210 671 679 9226 679 9227 9226 656 664 9113 664 9114 9113 657 665 9129 665 9130 9129 658 666 9145 666 9146 9145 659 667 9161 667 9162 9161 660 668 9177 668 9178 9177 661 669 9193 669 9194 9193 662 670 9209 670 9210 9209 663 671 9225 671 9226 9225 648 656 9112 656 9113 9112 649 657 9128 657 9129 9128 650 658 9144 658 9145 9144 651 659 9160 659 9161 9160 652 660 9176 660 9177 9176 653 661 9192 661 9193 9192 654 662 9208 662 9209 9208 655 663 9224 663 9225 9224 640 648 9111 648 9112 9111 641 649 9127 649 9128 9127 642 650 9143 650 9144 9143 643 651 9159 651 9160 9159 644 652 9175 652 9176 9175 645 653 9191 653 9192 9191 646 654 9207 654 9208 9207 647 655 9223 655 9224 9223 632 640 9110 640 9111 9110 633 641 9126 641 9127 9126 634 642 9142 642 9143 9142 635 643 9158 643 9159 9158 636 644 9174 644 9175 9174 637 645 9190 645 9191 9190 638 646 9206 646 9207 9206 639 647 9222 647 9223 9222 624 632 9109 632 9110 9109 625 633 9125 633 9126 9125 626 634 9141 634 9142 9141 627 635 9157 635 9158 9157 628 636 9173 636 9174 9173 629 637 9189 637 9190 9189 630 638 9205 638 9206 9205 631 639 9221 639 9222 9221 616 624 9108 624 9109 9108 617 625 9124 625 9125 9124 618 626 9140 626 9141 9140 619 627 9156 627 9157 9156 620 628 9172 628 9173 9172 621 629 9188 629 9189 9188 622 630 9204 630 9205 9204 623 631 9220 631 9221 9220 608 616 9107 616 9108 9107 609 617 9123 617 9124 9123 610 618 9139 618 9140 9139 611 619 9155 619 9156 9155 612 620 9171 620 9172 9171 613 621 9187 621 9188 9187 614 622 9203 622 9204 9203 615 623 9219 623 9220 9219 600 608 9106 608 9107 9106 601 609 9122 609 9123 9122 602 610 9138 610 9139 9138 603 611 9154 611 9155 9154 604 612 9170 612 9171 9170 605 613 9186 613 9187 9186 606 614 9202 614 9203 9202 607 615 9218 615 9219 9218 592 600 9105 600 9106 9105 593 601 9121 601 9122 9121 594 602 9137 602 9138 9137 595 603 9153 603 9154 9153 596 604 9169 604 9170 9169 597 605 9185 605 9186 9185 598 606 9201 606 9202 9201 599 607 9217 607 9218 9217 712 592 9104 592 9105 9104 713 593 9120 593 9121 9120 714 594 9136 594 9137 9136 715 595 9152 595 9153 9152 716 596 9168 596 9169 9168 717 597 9184 597 9185 9184 718 598 9200 598 9201 9200 719 599 9216 599 9217 9216 722 725 723 725 724 723 9242 9240 720 9240 727 720 9238 9237 721 9237 726 721 9233 9235 9246 9235 9247 9246 9245 9234 9239 9234 9236 9239 9241 728 9243 728 729 9243 9244 731 9241 731 728 9241 9232 730 9244 730 731 9244 9243 729 9232 729 730 9232 9255 734 9253 734 733 9253 9252 9259 9251 9259 732 9251 9250 9261 9249 9261 735 9249 9248 9263 9254 9263 9257 9254 9260 9258 9262 9258 9256 9262 736 751 767 751 752 767 751 750 752 750 753 752 750 749 753 749 754 753 749 748 754 748 755 754 748 747 755 747 756 755 747 746 756 746 757 756 746 745 757 745 758 757 745 744 758 744 759 758 744 743 759 743 760 759 743 742 760 742 761 760 742 741 761 741 762 761 741 740 762 740 763 762 740 739 763 739 764 763 739 738 764 738 765 764 738 737 765 737 766 765 737 736 766 736 767 766 9278 9279 768 9277 9278 768 9276 9277 768 9275 9276 768 9274 9275 768 9273 9274 768 9272 9273 768 9271 9272 768 9270 9271 768 9269 9270 768 9268 9269 768 9267 9268 768 9266 9267 768 9265 9266 768 9264 9265 768 9279 9264 768 770 785 769 785 784 769 784 783 769 783 782 769 782 781 769 781 780 769 780 779 769 779 778 769 778 777 769 777 776 769 776 775 769 775 774 769 774 773 769 773 772 769 772 771 769 771 770 769 800 801 9295 801 9280 9295 799 800 9294 800 9295 9294 798 799 9293 799 9294 9293 797 798 9292 798 9293 9292 796 797 9291 797 9292 9291 795 796 9290 796 9291 9290 794 795 9289 795 9290 9289 793 794 9288 794 9289 9288 792 793 9287 793 9288 9287 791 792 9286 792 9287 9286 790 791 9285 791 9286 9285 789 790 9284 790 9285 9284 788 789 9283 789 9284 9283 787 788 9282 788 9283 9282 786 787 9281 787 9282 9281 801 786 9280 786 9281 9280 802 817 833 817 818 833 817 816 818 816 819 818 816 815 819 815 820 819 815 814 820 814 821 820 814 813 821 813 822 821 813 812 822 812 823 822 812 811 823 811 824 823 811 810 824 810 825 824 810 809 825 809 826 825 809 808 826 808 827 826 808 807 827 807 828 827 807 806 828 806 829 828 806 805 829 805 830 829 805 804 830 804 831 830 804 803 831 803 832 831 803 802 832 802 833 832 9310 9311 834 9309 9310 834 9308 9309 834 9307 9308 834 9306 9307 834 9305 9306 834 9304 9305 834 9303 9304 834 9302 9303 834 9301 9302 834 9300 9301 834 9299 9300 834 9298 9299 834 9297 9298 834 9296 9297 834 9311 9296 834 836 851 835 851 850 835 850 849 835 849 848 835 848 847 835 847 846 835 846 845 835 845 844 835 844 843 835 843 842 835 842 841 835 841 840 835 840 839 835 839 838 835 838 837 835 837 836 835 866 867 9327 867 9312 9327 865 866 9326 866 9327 9326 864 865 9325 865 9326 9325 863 864 9324 864 9325 9324 862 863 9323 863 9324 9323 861 862 9322 862 9323 9322 860 861 9321 861 9322 9321 859 860 9320 860 9321 9320 858 859 9319 859 9320 9319 857 858 9318 858 9319 9318 856 857 9317 857 9318 9317 855 856 9316 856 9317 9316 854 855 9315 855 9316 9315 853 854 9314 854 9315 9314 852 853 9313 853 9314 9313 867 852 9312 852 9313 9312 883 868 884 868 899 884 882 883 885 883 884 885 881 882 886 882 885 886 880 881 887 881 886 887 879 880 888 880 887 888 879 888 878 888 889 878 878 889 877 889 890 877 876 877 891 877 890 891 876 891 875 891 892 875 874 875 893 875 892 893 874 893 873 893 894 873 873 894 872 894 895 872 872 895 871 895 896 871 870 871 897 871 896 897 870 897 869 897 898 869 899 868 898 868 869 898 9328 9329 915 9329 900 915 9329 9330 900 9330 901 900 9330 9331 901 9331 902 901 9331 9332 902 9332 903 902 9332 9333 903 9333 904 903 9334 905 9333 905 904 9333 9335 906 9334 906 905 9334 9335 9336 906 9336 907 906 9337 908 9336 908 907 9336 9337 9338 908 9338 909 908 9339 910 9338 910 909 9338 9340 911 9339 911 910 9339 9341 912 9340 912 911 9340 9341 9342 912 9342 913 912 9343 914 9342 914 913 9342 9328 915 9343 915 914 9343 9359 916 9358 916 917 9358 9358 917 9357 917 918 9357 9356 9357 919 9357 918 919 9356 919 9355 919 920 9355 9355 920 9354 920 921 9354 9354 921 9353 921 922 9353 9352 9353 923 9353 922 923 9352 923 9351 923 924 9351 9350 9351 925 9351 924 925 9350 925 9349 925 926 9349 9349 926 9348 926 927 9348 9347 9348 928 9348 927 928 9346 9347 929 9347 928 929 9345 9346 930 9346 929 930 930 931 9345 931 9344 9345 931 916 9344 916 9359 9344 932 947 963 947 948 963 933 932 962 932 963 962 962 961 933 961 934 933 961 960 934 960 935 934 960 959 935 959 936 935 958 937 959 937 936 959 957 938 958 938 937 958 957 956 938 956 939 938 955 940 956 940 939 956 955 954 940 954 941 940 953 942 954 942 941 954 952 943 953 943 942 953 951 944 952 944 943 952 951 950 944 950 945 944 949 946 950 946 945 950 948 947 949 947 946 949 995 9360 994 9360 9375 994 994 9375 993 9375 9374 993 992 993 9373 993 9374 9373 992 9373 991 9373 9372 991 991 9372 990 9372 9371 990 990 9371 989 9371 9370 989 988 989 9369 989 9370 9369 988 9369 987 9369 9368 987 986 987 9367 987 9368 9367 986 9367 985 9367 9366 985 985 9366 984 9366 9365 984 983 984 9364 984 9365 9364 982 983 9363 983 9364 9363 981 982 9362 982 9363 9362 980 981 9361 981 9362 9361 995 980 9360 980 9361 9360 964 9391 965 9391 9390 965 9389 966 9390 966 965 9390 9389 9388 966 9388 967 966 9387 968 9388 968 967 9388 9386 969 9387 969 968 9387 9385 970 9386 970 969 9386 9385 9384 970 9384 971 970 9383 972 9384 972 971 9384 9383 9382 972 9382 973 972 9381 974 9382 974 973 9382 9380 975 9381 975 974 9381 9380 9379 975 9379 976 975 9379 9378 976 9378 977 976 9378 9377 977 9377 978 977 9377 9376 978 9376 979 978 9376 9391 979 9391 964 979 1056 996 1060 996 1120 1060 1057 997 1061 997 1121 1061 1058 998 1062 998 1122 1062 1059 999 1063 999 1123 1063 1052 1056 1064 1056 1060 1064 1053 1057 1065 1057 1061 1065 1054 1058 1066 1058 1062 1066 1055 1059 1067 1059 1063 1067 1048 1052 1068 1052 1064 1068 1049 1053 1069 1053 1065 1069 1050 1054 1070 1054 1066 1070 1051 1055 1071 1055 1067 1071 1044 1048 1072 1048 1068 1072 1045 1049 1073 1049 1069 1073 1046 1050 1074 1050 1070 1074 1047 1051 1075 1051 1071 1075 1040 1044 1076 1044 1072 1076 1041 1045 1077 1045 1073 1077 1042 1046 1078 1046 1074 1078 1043 1047 1079 1047 1075 1079 1040 1076 1036 1076 1080 1036 1041 1077 1037 1077 1081 1037 1042 1078 1038 1078 1082 1038 1043 1079 1039 1079 1083 1039 1036 1080 1032 1080 1084 1032 1037 1081 1033 1081 1085 1033 1038 1082 1034 1082 1086 1034 1039 1083 1035 1083 1087 1035 1028 1032 1088 1032 1084 1088 1029 1033 1089 1033 1085 1089 1030 1034 1090 1034 1086 1090 1031 1035 1091 1035 1087 1091 1028 1088 1024 1088 1092 1024 1029 1089 1025 1089 1093 1025 1030 1090 1026 1090 1094 1026 1031 1091 1027 1091 1095 1027 1020 1024 1096 1024 1092 1096 1021 1025 1097 1025 1093 1097 1022 1026 1098 1026 1094 1098 1023 1027 1099 1027 1095 1099 1020 1096 1016 1096 1100 1016 1021 1097 1017 1097 1101 1017 1022 1098 1018 1098 1102 1018 1023 1099 1019 1099 1103 1019 1016 1100 1012 1100 1104 1012 1017 1101 1013 1101 1105 1013 1018 1102 1014 1102 1106 1014 1019 1103 1015 1103 1107 1015 1012 1104 1008 1104 1108 1008 1013 1105 1009 1105 1109 1009 1014 1106 1010 1106 1110 1010 1015 1107 1011 1107 1111 1011 1004 1008 1112 1008 1108 1112 1005 1009 1113 1009 1109 1113 1006 1010 1114 1010 1110 1114 1007 1011 1115 1011 1111 1115 1004 1112 1000 1112 1116 1000 1005 1113 1001 1113 1117 1001 1006 1114 1002 1114 1118 1002 1007 1115 1003 1115 1119 1003 1120 996 1116 996 1000 1116 1121 997 1117 997 1001 1117 1122 998 1118 998 1002 1118 1123 999 1119 999 1003 1119 9392 9393 1184 9393 1124 1184 9408 9409 1185 9409 1125 1185 9424 9425 1186 9425 1126 1186 9440 9441 1187 9441 1127 1187 9393 9394 1124 9394 1128 1124 9409 9410 1125 9410 1129 1125 9425 9426 1126 9426 1130 1126 9441 9442 1127 9442 1131 1127 9394 9395 1128 9395 1132 1128 9410 9411 1129 9411 1133 1129 9426 9427 1130 9427 1134 1130 9442 9443 1131 9443 1135 1131 9395 9396 1132 9396 1136 1132 9411 9412 1133 9412 1137 1133 9427 9428 1134 9428 1138 1134 9443 9444 1135 9444 1139 1135 9396 9397 1136 9397 1140 1136 9412 9413 1137 9413 1141 1137 9428 9429 1138 9429 1142 1138 9444 9445 1139 9445 1143 1139 9398 1144 9397 1144 1140 9397 9414 1145 9413 1145 1141 9413 9430 1146 9429 1146 1142 9429 9446 1147 9445 1147 1143 9445 9399 1148 9398 1148 1144 9398 9415 1149 9414 1149 1145 9414 9431 1150 9430 1150 1146 9430 9447 1151 9446 1151 1147 9446 9399 9400 1148 9400 1152 1148 9415 9416 1149 9416 1153 1149 9431 9432 1150 9432 1154 1150 9447 9448 1151 9448 1155 1151 9401 1156 9400 1156 1152 9400 9417 1157 9416 1157 1153 9416 9433 1158 9432 1158 1154 9432 9449 1159 9448 1159 1155 9448 9401 9402 1156 9402 1160 1156 9417 9418 1157 9418 1161 1157 9433 9434 1158 9434 1162 1158 9449 9450 1159 9450 1163 1159 9403 1164 9402 1164 1160 9402 9419 1165 9418 1165 1161 9418 9435 1166 9434 1166 1162 9434 9451 1167 9450 1167 1163 9450 9404 1168 9403 1168 1164 9403 9420 1169 9419 1169 1165 9419 9436 1170 9435 1170 1166 9435 9452 1171 9451 1171 1167 9451 9405 1172 9404 1172 1168 9404 9421 1173 9420 1173 1169 9420 9437 1174 9436 1174 1170 9436 9453 1175 9452 1175 1171 9452 9405 9406 1172 9406 1176 1172 9421 9422 1173 9422 1177 1173 9437 9438 1174 9438 1178 1174 9453 9454 1175 9454 1179 1175 9407 1180 9406 1180 1176 9406 9423 1181 9422 1181 1177 9422 9439 1182 9438 1182 1178 9438 9455 1183 9454 1183 1179 9454 9392 1184 9407 1184 1180 9407 9408 1185 9423 1185 1181 9423 9424 1186 9439 1186 1182 9439 9440 1187 9455 1187 1183 9455 9471 1188 9470 1188 1192 9470 9487 1189 9486 1189 1193 9486 9503 1190 9502 1190 1194 9502 9519 1191 9518 1191 1195 9518 9470 1192 9469 1192 1196 9469 9486 1193 9485 1193 1197 9485 9502 1194 9501 1194 1198 9501 9518 1195 9517 1195 1199 9517 9468 9469 1200 9469 1196 1200 9484 9485 1201 9485 1197 1201 9500 9501 1202 9501 1198 1202 9516 9517 1203 9517 1199 1203 9468 1200 9467 1200 1204 9467 9484 1201 9483 1201 1205 9483 9500 1202 9499 1202 1206 9499 9516 1203 9515 1203 1207 9515 9467 1204 9466 1204 1208 9466 9483 1205 9482 1205 1209 9482 9499 1206 9498 1206 1210 9498 9515 1207 9514 1207 1211 9514 9466 1208 9465 1208 1212 9465 9482 1209 9481 1209 1213 9481 9498 1210 9497 1210 1214 9497 9514 1211 9513 1211 1215 9513 9464 9465 1216 9465 1212 1216 9480 9481 1217 9481 1213 1217 9496 9497 1218 9497 1214 1218 9512 9513 1219 9513 1215 1219 9464 1216 9463 1216 1220 9463 9480 1217 9479 1217 1221 9479 9496 1218 9495 1218 1222 9495 9512 1219 9511 1219 1223 9511 9462 9463 1224 9463 1220 1224 9478 9479 1225 9479 1221 1225 9494 9495 1226 9495 1222 1226 9510 9511 1227 9511 1223 1227 9462 1224 9461 1224 1228 9461 9478 1225 9477 1225 1229 9477 9494 1226 9493 1226 1230 9493 9510 1227 9509 1227 1231 9509 9461 1228 9460 1228 1232 9460 9477 1229 9476 1229 1233 9476 9493 1230 9492 1230 1234 9492 9509 1231 9508 1231 1235 9508 9459 9460 1236 9460 1232 1236 9475 9476 1237 9476 1233 1237 9491 9492 1238 9492 1234 1238 9507 9508 1239 9508 1235 1239 9458 9459 1240 9459 1236 1240 9474 9475 1241 9475 1237 1241 9490 9491 1242 9491 1238 1242 9506 9507 1243 9507 1239 1243 9457 9458 1244 9458 1240 1244 9473 9474 1245 9474 1241 1245 9489 9490 1246 9490 1242 1246 9505 9506 1247 9506 1243 1247 1244 1248 9457 1248 9456 9457 1245 1249 9473 1249 9472 9473 1246 1250 9489 1250 9488 9489 1247 1251 9505 1251 9504 9505 1248 1188 9456 1188 9471 9456 1249 1189 9472 1189 9487 9472 1250 1190 9488 1190 9503 9488 1251 1191 9504 1191 9519 9504 1252 1312 1376 1312 1316 1376 1253 1313 1377 1313 1317 1377 1254 1314 1378 1314 1318 1378 1255 1315 1379 1315 1319 1379 1256 1252 1372 1252 1376 1372 1257 1253 1373 1253 1377 1373 1258 1254 1374 1254 1378 1374 1259 1255 1375 1255 1379 1375 1372 1368 1256 1368 1260 1256 1373 1369 1257 1369 1261 1257 1374 1370 1258 1370 1262 1258 1375 1371 1259 1371 1263 1259 1368 1364 1260 1364 1264 1260 1369 1365 1261 1365 1265 1261 1370 1366 1262 1366 1266 1262 1371 1367 1263 1367 1267 1263 1364 1360 1264 1360 1268 1264 1365 1361 1265 1361 1269 1265 1366 1362 1266 1362 1270 1266 1367 1363 1267 1363 1271 1267 1356 1272 1360 1272 1268 1360 1357 1273 1361 1273 1269 1361 1358 1274 1362 1274 1270 1362 1359 1275 1363 1275 1271 1363 1352 1276 1356 1276 1272 1356 1353 1277 1357 1277 1273 1357 1354 1278 1358 1278 1274 1358 1355 1279 1359 1279 1275 1359 1352 1348 1276 1348 1280 1276 1353 1349 1277 1349 1281 1277 1354 1350 1278 1350 1282 1278 1355 1351 1279 1351 1283 1279 1344 1284 1348 1284 1280 1348 1345 1285 1349 1285 1281 1349 1346 1286 1350 1286 1282 1350 1347 1287 1351 1287 1283 1351 1344 1340 1284 1340 1288 1284 1345 1341 1285 1341 1289 1285 1346 1342 1286 1342 1290 1286 1347 1343 1287 1343 1291 1287 1336 1292 1340 1292 1288 1340 1337 1293 1341 1293 1289 1341 1338 1294 1342 1294 1290 1342 1339 1295 1343 1295 1291 1343 1332 1296 1336 1296 1292 1336 1333 1297 1337 1297 1293 1337 1334 1298 1338 1298 1294 1338 1335 1299 1339 1299 1295 1339 1328 1300 1332 1300 1296 1332 1329 1301 1333 1301 1297 1333 1330 1302 1334 1302 1298 1334 1331 1303 1335 1303 1299 1335 1328 1324 1300 1324 1304 1300 1329 1325 1301 1325 1305 1301 1330 1326 1302 1326 1306 1302 1331 1327 1303 1327 1307 1303 1320 1308 1324 1308 1304 1324 1321 1309 1325 1309 1305 1325 1322 1310 1326 1310 1306 1326 1323 1311 1327 1311 1307 1327 1316 1312 1320 1312 1308 1320 1317 1313 1321 1313 1309 1321 1318 1314 1322 1314 1310 1322 1319 1315 1323 1315 1311 1323 1504 9520 1500 9520 9535 1500 1505 9536 1501 9536 9551 1501 1506 9552 1502 9552 9567 1502 1507 9568 1503 9568 9583 1503 1500 9535 1496 9535 9534 1496 1501 9551 1497 9551 9550 1497 1502 9567 1498 9567 9566 1498 1503 9583 1499 9583 9582 1499 1492 1496 9533 1496 9534 9533 1493 1497 9549 1497 9550 9549 1494 1498 9565 1498 9566 9565 1495 1499 9581 1499 9582 9581 1492 9533 1488 9533 9532 1488 1493 9549 1489 9549 9548 1489 1494 9565 1490 9565 9564 1490 1495 9581 1491 9581 9580 1491 1488 9532 1484 9532 9531 1484 1489 9548 1485 9548 9547 1485 1490 9564 1486 9564 9563 1486 1491 9580 1487 9580 9579 1487 1484 9531 1480 9531 9530 1480 1485 9547 1481 9547 9546 1481 1486 9563 1482 9563 9562 1482 1487 9579 1483 9579 9578 1483 1476 1480 9529 1480 9530 9529 1477 1481 9545 1481 9546 9545 1478 1482 9561 1482 9562 9561 1479 1483 9577 1483 9578 9577 1476 9529 1472 9529 9528 1472 1477 9545 1473 9545 9544 1473 1478 9561 1474 9561 9560 1474 1479 9577 1475 9577 9576 1475 1468 1472 9527 1472 9528 9527 1469 1473 9543 1473 9544 9543 1470 1474 9559 1474 9560 9559 1471 1475 9575 1475 9576 9575 1468 9527 1464 9527 9526 1464 1469 9543 1465 9543 9542 1465 1470 9559 1466 9559 9558 1466 1471 9575 1467 9575 9574 1467 1464 9526 1460 9526 9525 1460 1465 9542 1461 9542 9541 1461 1466 9558 1462 9558 9557 1462 1467 9574 1463 9574 9573 1463 1456 1460 9524 1460 9525 9524 1457 1461 9540 1461 9541 9540 1458 1462 9556 1462 9557 9556 1459 1463 9572 1463 9573 9572 1452 1456 9523 1456 9524 9523 1453 1457 9539 1457 9540 9539 1454 1458 9555 1458 9556 9555 1455 1459 9571 1459 9572 9571 1448 1452 9522 1452 9523 9522 1449 1453 9538 1453 9539 9538 1450 1454 9554 1454 9555 9554 1451 1455 9570 1455 9571 9570 1444 1448 9521 1448 9522 9521 1445 1449 9537 1449 9538 9537 1446 1450 9553 1450 9554 9553 1447 1451 9569 1451 9570 9569 1504 1444 9520 1444 9521 9520 1505 1445 9536 1445 9537 9536 1506 1446 9552 1446 9553 9552 1507 1447 9568 1447 9569 9568 1380 9599 1384 9599 9598 1384 1381 9615 1385 9615 9614 1385 1382 9631 1386 9631 9630 1386 1383 9647 1387 9647 9646 1387 9597 1388 9598 1388 1384 9598 9613 1389 9614 1389 1385 9614 9629 1390 9630 1390 1386 9630 9645 1391 9646 1391 1387 9646 9597 9596 1388 9596 1392 1388 9613 9612 1389 9612 1393 1389 9629 9628 1390 9628 1394 1390 9645 9644 1391 9644 1395 1391 9595 1396 9596 1396 1392 9596 9611 1397 9612 1397 1393 9612 9627 1398 9628 1398 1394 9628 9643 1399 9644 1399 1395 9644 9594 1400 9595 1400 1396 9595 9610 1401 9611 1401 1397 9611 9626 1402 9627 1402 1398 9627 9642 1403 9643 1403 1399 9643 9593 1404 9594 1404 1400 9594 9609 1405 9610 1405 1401 9610 9625 1406 9626 1406 1402 9626 9641 1407 9642 1407 1403 9642 9593 9592 1404 9592 1408 1404 9609 9608 1405 9608 1409 1405 9625 9624 1406 9624 1410 1406 9641 9640 1407 9640 1411 1407 9591 1412 9592 1412 1408 9592 9607 1413 9608 1413 1409 9608 9623 1414 9624 1414 1410 9624 9639 1415 9640 1415 1411 9640 9591 9590 1412 9590 1416 1412 9607 9606 1413 9606 1417 1413 9623 9622 1414 9622 1418 1414 9639 9638 1415 9638 1419 1415 9589 1420 9590 1420 1416 9590 9605 1421 9606 1421 1417 9606 9621 1422 9622 1422 1418 9622 9637 1423 9638 1423 1419 9638 9588 1424 9589 1424 1420 9589 9604 1425 9605 1425 1421 9605 9620 1426 9621 1426 1422 9621 9636 1427 9637 1427 1423 9637 9588 9587 1424 9587 1428 1424 9604 9603 1425 9603 1429 1425 9620 9619 1426 9619 1430 1426 9636 9635 1427 9635 1431 1427 9587 9586 1428 9586 1432 1428 9603 9602 1429 9602 1433 1429 9619 9618 1430 9618 1434 1430 9635 9634 1431 9634 1435 1431 9586 9585 1432 9585 1436 1432 9602 9601 1433 9601 1437 1433 9618 9617 1434 9617 1438 1434 9634 9633 1435 9633 1439 1435 9585 9584 1436 9584 1440 1436 9601 9600 1437 9600 1441 1437 9617 9616 1438 9616 1442 1438 9633 9632 1439 9632 1443 1439 9584 9599 1440 9599 1380 1440 9600 9615 1441 9615 1381 1441 9616 9631 1442 9631 1382 1442 9632 9647 1443 9647 1383 1443 1523 1508 1524 1508 1539 1524 1522 1523 1525 1523 1524 1525 1521 1522 1526 1522 1525 1526 1520 1521 1527 1521 1526 1527 1519 1520 1528 1520 1527 1528 1519 1528 1518 1528 1529 1518 1518 1529 1517 1529 1530 1517 1516 1517 1531 1517 1530 1531 1516 1531 1515 1531 1532 1515 1514 1515 1533 1515 1532 1533 1514 1533 1513 1533 1534 1513 1513 1534 1512 1534 1535 1512 1512 1535 1511 1535 1536 1511 1510 1511 1537 1511 1536 1537 1510 1537 1509 1537 1538 1509 1539 1508 1538 1508 1509 1538 9648 9649 1555 9649 1540 1555 9649 9650 1540 9650 1541 1540 9650 9651 1541 9651 1542 1541 9651 9652 1542 9652 1543 1542 9652 9653 1543 9653 1544 1543 9654 1545 9653 1545 1544 9653 9655 1546 9654 1546 1545 9654 9655 9656 1546 9656 1547 1546 9657 1548 9656 1548 1547 9656 9657 9658 1548 9658 1549 1548 9659 1550 9658 1550 1549 9658 9660 1551 9659 1551 1550 9659 9661 1552 9660 1552 1551 9660 9661 9662 1552 9662 1553 1552 9663 1554 9662 1554 1553 9662 9648 1555 9663 1555 1554 9663 9679 1556 9678 1556 1557 9678 9678 1557 9677 1557 1558 9677 9676 9677 1559 9677 1558 1559 9676 1559 9675 1559 1560 9675 9675 1560 9674 1560 1561 9674 9674 1561 9673 1561 1562 9673 9672 9673 1563 9673 1562 1563 9672 1563 9671 1563 1564 9671 9670 9671 1565 9671 1564 1565 9670 1565 9669 1565 1566 9669 9669 1566 9668 1566 1567 9668 9667 9668 1568 9668 1567 1568 9666 9667 1569 9667 1568 1569 9665 9666 1570 9666 1569 1570 1570 1571 9665 1571 9664 9665 1571 1556 9664 1556 9679 9664 1572 1587 1603 1587 1588 1603 1573 1572 1602 1572 1603 1602 1602 1601 1573 1601 1574 1573 1601 1600 1574 1600 1575 1574 1600 1599 1575 1599 1576 1575 1598 1577 1599 1577 1576 1599 1597 1578 1598 1578 1577 1598 1597 1596 1578 1596 1579 1578 1595 1580 1596 1580 1579 1596 1595 1594 1580 1594 1581 1580 1593 1582 1594 1582 1581 1594 1592 1583 1593 1583 1582 1593 1591 1584 1592 1584 1583 1592 1591 1590 1584 1590 1585 1584 1589 1586 1590 1586 1585 1590 1588 1587 1589 1587 1586 1589 1635 9680 1634 9680 9695 1634 1634 9695 1633 9695 9694 1633 1632 1633 9693 1633 9694 9693 1632 9693 1631 9693 9692 1631 1631 9692 1630 9692 9691 1630 1630 9691 1629 9691 9690 1629 1628 1629 9689 1629 9690 9689 1628 9689 1627 9689 9688 1627 1626 1627 9687 1627 9688 9687 1626 9687 1625 9687 9686 1625 1625 9686 1624 9686 9685 1624 1623 1624 9684 1624 9685 9684 1622 1623 9683 1623 9684 9683 1621 1622 9682 1622 9683 9682 1620 1621 9681 1621 9682 9681 1635 1620 9680 1620 9681 9680 1604 9711 1605 9711 9710 1605 9709 1606 9710 1606 1605 9710 9709 9708 1606 9708 1607 1606 9707 1608 9708 1608 1607 9708 9706 1609 9707 1609 1608 9707 9705 1610 9706 1610 1609 9706 9705 9704 1610 9704 1611 1610 9703 1612 9704 1612 1611 9704 9703 9702 1612 9702 1613 1612 9701 1614 9702 1614 1613 9702 9700 1615 9701 1615 1614 9701 9700 9699 1615 9699 1616 1615 9699 9698 1616 9698 1617 1616 9698 9697 1617 9697 1618 1617 9697 9696 1618 9696 1619 1618 9696 9711 1619 9711 1604 1619 1651 1636 1652 1636 1667 1652 1650 1651 1653 1651 1652 1653 1649 1650 1654 1650 1653 1654 1648 1649 1655 1649 1654 1655 1647 1648 1656 1648 1655 1656 1647 1656 1646 1656 1657 1646 1646 1657 1645 1657 1658 1645 1644 1645 1659 1645 1658 1659 1644 1659 1643 1659 1660 1643 1642 1643 1661 1643 1660 1661 1642 1661 1641 1661 1662 1641 1641 1662 1640 1662 1663 1640 1640 1663 1639 1663 1664 1639 1638 1639 1665 1639 1664 1665 1638 1665 1637 1665 1666 1637 1667 1636 1666 1636 1637 1666 9712 9713 1683 9713 1668 1683 9713 9714 1668 9714 1669 1668 9714 9715 1669 9715 1670 1669 9715 9716 1670 9716 1671 1670 9716 9717 1671 9717 1672 1671 9718 1673 9717 1673 1672 9717 9719 1674 9718 1674 1673 9718 9719 9720 1674 9720 1675 1674 9721 1676 9720 1676 1675 9720 9721 9722 1676 9722 1677 1676 9723 1678 9722 1678 1677 9722 9724 1679 9723 1679 1678 9723 9725 1680 9724 1680 1679 9724 9725 9726 1680 9726 1681 1680 9727 1682 9726 1682 1681 9726 9712 1683 9727 1683 1682 9727 9743 1684 9742 1684 1685 9742 9742 1685 9741 1685 1686 9741 9740 9741 1687 9741 1686 1687 9740 1687 9739 1687 1688 9739 9739 1688 9738 1688 1689 9738 9738 1689 9737 1689 1690 9737 9736 9737 1691 9737 1690 1691 9736 1691 9735 1691 1692 9735 9734 9735 1693 9735 1692 1693 9734 1693 9733 1693 1694 9733 9733 1694 9732 1694 1695 9732 9731 9732 1696 9732 1695 1696 9730 9731 1697 9731 1696 1697 9729 9730 1698 9730 1697 1698 1698 1699 9729 1699 9728 9729 1699 1684 9728 1684 9743 9728 1700 1715 1731 1715 1716 1731 1701 1700 1730 1700 1731 1730 1730 1729 1701 1729 1702 1701 1729 1728 1702 1728 1703 1702 1728 1727 1703 1727 1704 1703 1726 1705 1727 1705 1704 1727 1725 1706 1726 1706 1705 1726 1725 1724 1706 1724 1707 1706 1723 1708 1724 1708 1707 1724 1723 1722 1708 1722 1709 1708 1721 1710 1722 1710 1709 1722 1720 1711 1721 1711 1710 1721 1719 1712 1720 1712 1711 1720 1719 1718 1712 1718 1713 1712 1717 1714 1718 1714 1713 1718 1716 1715 1717 1715 1714 1717 1763 9744 1762 9744 9759 1762 1762 9759 1761 9759 9758 1761 1760 1761 9757 1761 9758 9757 1760 9757 1759 9757 9756 1759 1759 9756 1758 9756 9755 1758 1758 9755 1757 9755 9754 1757 1756 1757 9753 1757 9754 9753 1756 9753 1755 9753 9752 1755 1754 1755 9751 1755 9752 9751 1754 9751 1753 9751 9750 1753 1753 9750 1752 9750 9749 1752 1751 1752 9748 1752 9749 9748 1750 1751 9747 1751 9748 9747 1749 1750 9746 1750 9747 9746 1748 1749 9745 1749 9746 9745 1763 1748 9744 1748 9745 9744 1732 9775 1733 9775 9774 1733 9773 1734 9774 1734 1733 9774 9773 9772 1734 9772 1735 1734 9771 1736 9772 1736 1735 9772 9770 1737 9771 1737 1736 9771 9769 1738 9770 1738 1737 9770 9769 9768 1738 9768 1739 1738 9767 1740 9768 1740 1739 9768 9767 9766 1740 9766 1741 1740 9765 1742 9766 1742 1741 9766 9764 1743 9765 1743 1742 9765 9764 9763 1743 9763 1744 1743 9763 9762 1744 9762 1745 1744 9762 9761 1745 9761 1746 1745 9761 9760 1746 9760 1747 1746 9760 9775 1747 9775 1732 1747 1764 1779 1795 1779 1780 1795 1779 1778 1780 1778 1781 1780 1778 1777 1781 1777 1782 1781 1777 1776 1782 1776 1783 1782 1776 1775 1783 1775 1784 1783 1775 1774 1784 1774 1785 1784 1774 1773 1785 1773 1786 1785 1773 1772 1786 1772 1787 1786 1772 1771 1787 1771 1788 1787 1771 1770 1788 1770 1789 1788 1770 1769 1789 1769 1790 1789 1769 1768 1790 1768 1791 1790 1768 1767 1791 1767 1792 1791 1767 1766 1792 1766 1793 1792 1766 1765 1793 1765 1794 1793 1765 1764 1794 1764 1795 1794 9790 9791 1796 9789 9790 1796 9788 9789 1796 9787 9788 1796 9786 9787 1796 9785 9786 1796 9784 9785 1796 9783 9784 1796 9782 9783 1796 9781 9782 1796 9780 9781 1796 9779 9780 1796 9778 9779 1796 9777 9778 1796 9776 9777 1796 9791 9776 1796 1798 1813 1797 1813 1812 1797 1812 1811 1797 1811 1810 1797 1810 1809 1797 1809 1808 1797 1808 1807 1797 1807 1806 1797 1806 1805 1797 1805 1804 1797 1804 1803 1797 1803 1802 1797 1802 1801 1797 1801 1800 1797 1800 1799 1797 1799 1798 1797 1828 1829 9807 1829 9792 9807 1827 1828 9806 1828 9807 9806 1826 1827 9805 1827 9806 9805 1825 1826 9804 1826 9805 9804 1824 1825 9803 1825 9804 9803 1823 1824 9802 1824 9803 9802 1822 1823 9801 1823 9802 9801 1821 1822 9800 1822 9801 9800 1820 1821 9799 1821 9800 9799 1819 1820 9798 1820 9799 9798 1818 1819 9797 1819 9798 9797 1817 1818 9796 1818 9797 9796 1816 1817 9795 1817 9796 9795 1815 1816 9794 1816 9795 9794 1814 1815 9793 1815 9794 9793 1829 1814 9792 1814 9793 9792 1830 1845 1861 1845 1846 1861 1845 1844 1846 1844 1847 1846 1844 1843 1847 1843 1848 1847 1843 1842 1848 1842 1849 1848 1842 1841 1849 1841 1850 1849 1841 1840 1850 1840 1851 1850 1840 1839 1851 1839 1852 1851 1839 1838 1852 1838 1853 1852 1838 1837 1853 1837 1854 1853 1837 1836 1854 1836 1855 1854 1836 1835 1855 1835 1856 1855 1835 1834 1856 1834 1857 1856 1834 1833 1857 1833 1858 1857 1833 1832 1858 1832 1859 1858 1832 1831 1859 1831 1860 1859 1831 1830 1860 1830 1861 1860 9822 9823 1862 9821 9822 1862 9820 9821 1862 9819 9820 1862 9818 9819 1862 9817 9818 1862 9816 9817 1862 9815 9816 1862 9814 9815 1862 9813 9814 1862 9812 9813 1862 9811 9812 1862 9810 9811 1862 9809 9810 1862 9808 9809 1862 9823 9808 1862 1864 1879 1863 1879 1878 1863 1878 1877 1863 1877 1876 1863 1876 1875 1863 1875 1874 1863 1874 1873 1863 1873 1872 1863 1872 1871 1863 1871 1870 1863 1870 1869 1863 1869 1868 1863 1868 1867 1863 1867 1866 1863 1866 1865 1863 1865 1864 1863 1894 1895 9839 1895 9824 9839 1893 1894 9838 1894 9839 9838 1892 1893 9837 1893 9838 9837 1891 1892 9836 1892 9837 9836 1890 1891 9835 1891 9836 9835 1889 1890 9834 1890 9835 9834 1888 1889 9833 1889 9834 9833 1887 1888 9832 1888 9833 9832 1886 1887 9831 1887 9832 9831 1885 1886 9830 1886 9831 9830 1884 1885 9829 1885 9830 9829 1883 1884 9828 1884 9829 9828 1882 1883 9827 1883 9828 9827 1881 1882 9826 1882 9827 9826 1880 1881 9825 1881 9826 9825 1895 1880 9824 1880 9825 9824 1897 3320 1896 3320 3321 1896 3321 3322 1896 3322 1904 1896 1904 3323 1896 3323 3324 1896 3324 1903 1896 1903 3325 1896 3325 1902 1896 1902 3326 1896 3326 1901 1896 1901 1900 1896 1900 1899 1896 1899 3327 1896 3327 1898 1896 1898 1897 1896 1910 3312 9853 3312 9854 9853 1908 1909 9851 1909 9852 9851 3313 1907 9849 1907 9850 9849 3319 3318 9842 3318 9843 9842 1912 1905 9840 1905 9841 9840 3311 3302 9858 3302 3301 9858 1918 3304 1920 3304 3300 1920 3305 1917 9869 1917 1921 9869 1917 1916 1921 1916 3298 1921 1916 1915 3298 1915 3297 3298 3306 3307 9865 3307 3295 9865 3309 1914 9862 1914 3293 9862 1914 3310 3293 3310 3292 3293 9860 1923 3290 1922 9861 3290 3294 1922 3290 3299 9868 3290 9871 9870 3290 9857 1919 3290 1925 3282 1924 3282 3283 1924 3283 3284 1924 3284 1932 1924 1932 1931 1924 1931 3285 1924 3285 1930 1924 1930 3286 1924 3286 3287 1924 3287 1929 1924 1929 1928 1924 1928 3288 1924 3288 3289 1924 3289 1927 1924 1927 1926 1924 1926 1925 1924 3276 1941 9886 1941 9887 9886 1940 3276 9885 3276 9886 9885 3277 1940 9884 1940 9885 9884 3279 3278 9882 3278 9883 9882 1939 3279 9881 3279 9882 9881 3280 1939 9880 1939 9881 9880 3281 3280 9879 3280 9880 9879 1936 1937 9876 1937 9877 9876 1933 1934 9873 1934 9874 9873 3275 1933 9872 1933 9873 9872 3274 1950 9903 1950 1951 9903 1950 1949 1951 1949 3267 1951 1949 3268 3267 3268 3266 3267 3268 3269 3266 3269 3265 3266 3269 1948 3265 1948 3264 3265 1948 1947 3264 1947 9893 3264 3270 3271 1952 3271 3262 1952 3271 1946 3262 1946 9896 3262 3272 1945 1954 1945 9898 1954 3273 1944 1955 1944 3260 1955 1944 1943 3260 1943 1956 3260 1943 1942 1956 1942 9902 1956 3259 1957 1958 9899 9900 1958 9897 3261 1958 1953 9897 1958 9894 9895 1958 9892 3263 1958 9890 9891 1958 9889 9890 1958 1962 2023 3258 3253 2025 1959 9920 9921 3256 1965 9995 3255 2023 2020 3258 2024 3199 3257 2025 3198 1959 2027 9940 1960 3193 9975 1961 2020 3203 3258 3199 2016 3257 3198 2017 1959 2021 9923 3256 3195 10013 3254 3203 3207 3258 2016 9908 3257 2017 2012 1959 2018 2013 3255 3201 2014 1960 3200 3204 1961 3207 2006 3258 2012 2008 1959 2013 2009 3255 2014 2010 1960 3204 3208 1961 2015 2011 3254 2006 3211 3258 2008 2001 1959 2010 2003 1960 3208 2004 1961 3211 10021 3258 2001 3216 1959 3210 3215 3256 9984 3214 3255 2003 9945 1960 2004 1999 1961 3216 3219 1959 3215 1994 3256 3214 9986 3255 1999 1997 1961 3220 10023 3258 1993 9913 3257 3219 1992 1959 1994 9929 3256 1997 3222 1961 3218 3221 3254 1992 1986 1959 3222 1988 1961 3221 1989 3254 1985 9915 3257 1986 1981 1959 3227 9989 3255 1988 1984 1961 1989 10005 3254 3231 10026 3258 1981 1978 1959 1982 3235 3256 1978 1974 1959 3235 9933 3256 3234 3239 3255 3233 1976 1960 3232 9970 1961 1974 3243 1959 3239 9992 3255 1976 1971 1960 3243 1967 1959 1971 9937 1960 3241 3246 1961 1972 10009 3254 3249 1962 3258 1967 3253 1959 3246 9973 1961 2082 3132 10029 3132 10030 10029 2084 3130 9954 3130 9955 9954 3133 2091 9972 2091 3251 9972 2076 2082 3244 2082 10029 3244 2079 2085 1970 2085 1968 1970 2080 2086 3242 2086 3248 3242 3134 3133 9971 3133 9972 9971 2081 2088 10008 2088 3245 10008 2074 2076 1973 2076 3244 1973 3140 2078 9952 2078 9953 9952 3139 2080 9991 2080 3242 9991 3138 3135 9951 3135 9936 9951 2071 2074 3237 2074 1973 3237 3145 3140 9967 3140 9952 9967 3144 2075 9932 2075 1975 9932 3143 3138 9950 3138 9951 9950 2068 2071 10025 2071 3237 10025 3149 2072 3230 2072 9990 3230 2066 3148 3226 3148 1983 3226 2067 3147 9983 3147 9968 9983 2058 2064 1990 2064 3228 1990 2059 3155 1991 3155 9914 1991 3157 3154 9964 3154 9965 9964 2060 3153 3225 3153 1987 3225 2061 2065 3224 2065 9988 3224 3156 2066 3223 2066 3226 3223 2063 3152 10003 3152 10004 10003 2057 2060 9928 2060 3225 9928 3160 3156 1996 3156 3223 1996 2051 2055 3217 2055 10022 3217 3166 3162 1998 3162 9912 1998 3165 3161 9985 3161 1995 9985 2054 3160 3213 3160 1996 3213 3164 3159 9980 3159 9981 9980 2047 2051 10020 2051 3217 10020 3170 2053 9926 2053 9927 9926 3169 3165 2002 3165 9985 2002 3168 2054 9944 2054 3213 9944 2050 3164 9979 3164 9980 9979 3173 2047 10019 2047 10020 10019 2043 3170 3209 3170 9926 3209 2044 3169 9999 3169 2002 9999 2039 3173 10018 3173 10019 10018 2040 3172 3206 3172 2007 3206 3177 2044 9998 2044 9999 9998 3175 2045 9977 2045 9978 9977 3183 3178 3202 3178 3205 3202 3182 3177 9997 3177 9998 9997 3180 3175 9976 3175 9977 9976 3179 3174 2019 3174 10014 2019 3186 3184 10016 3184 10017 10016 2032 2038 9957 2038 9958 9957 2033 3183 9922 3183 3202 9922 3185 3181 2022 3181 9941 2022 2036 3179 10012 3179 2019 10012 3191 3186 10031 3186 10016 10031 2028 2033 3194 2033 9922 3194 2029 2034 2026 2034 3197 2026 3187 2035 9974 2035 3196 9974 2030 2036 3192 2036 10012 3192 3132 3191 10030 3191 10031 10030 3130 3189 9955 3189 9956 9955 2090 2029 9994 2029 2026 9994 3129 3188 3252 3188 9939 3252 2091 3187 3251 3187 9974 3251 2092 2030 3250 2030 3192 3250 2093 2213 2341 2213 2221 2341 2094 2214 2342 2214 2222 2342 2095 2215 2343 2215 2223 2343 2096 2216 2344 2216 2224 2344 2097 2217 2345 2217 2225 2345 2098 2218 2346 2218 2226 2346 2099 2219 2347 2219 2227 2347 2100 2220 2348 2220 2228 2348 2213 2205 2221 2205 2229 2221 2214 2206 2222 2206 2230 2222 2215 2207 2223 2207 2231 2223 2216 2208 2224 2208 2232 2224 2217 2209 2225 2209 2233 2225 2218 2210 2226 2210 2234 2226 2219 2211 2227 2211 2235 2227 2220 2212 2228 2212 2236 2228 2205 2197 2229 2197 2237 2229 2206 2198 2230 2198 2238 2230 2207 2199 2231 2199 2239 2231 2208 2200 2232 2200 2240 2232 2209 2201 2233 2201 2241 2233 2210 2202 2234 2202 2242 2234 2211 2203 2235 2203 2243 2235 2212 2204 2236 2204 2244 2236 2197 2189 2237 2189 2245 2237 2198 2190 2238 2190 2246 2238 2199 2191 2239 2191 2247 2239 2200 2192 2240 2192 2248 2240 2201 2193 2241 2193 2249 2241 2202 2194 2242 2194 2250 2242 2203 2195 2243 2195 2251 2243 2204 2196 2244 2196 2252 2244 2189 2181 2245 2181 2253 2245 2190 2182 2246 2182 2254 2246 2191 2183 2247 2183 2255 2247 2192 2184 2248 2184 2256 2248 2193 2185 2249 2185 2257 2249 2194 2186 2250 2186 2258 2250 2195 2187 2251 2187 2259 2251 2196 2188 2252 2188 2260 2252 2181 2173 2253 2173 2261 2253 2182 2174 2254 2174 2262 2254 2183 2175 2255 2175 2263 2255 2184 2176 2256 2176 2264 2256 2185 2177 2257 2177 2265 2257 2186 2178 2258 2178 2266 2258 2187 2179 2259 2179 2267 2259 2188 2180 2260 2180 2268 2260 2173 2165 2261 2165 2269 2261 2174 2166 2262 2166 2270 2262 2175 2167 2263 2167 2271 2263 2176 2168 2264 2168 2272 2264 2177 2169 2265 2169 2273 2265 2178 2170 2266 2170 2274 2266 2179 2171 2267 2171 2275 2267 2180 2172 2268 2172 2276 2268 2165 2157 2269 2157 2277 2269 2166 2158 2270 2158 2278 2270 2167 2159 2271 2159 2279 2271 2168 2160 2272 2160 2280 2272 2169 2161 2273 2161 2281 2273 2170 2162 2274 2162 2282 2274 2171 2163 2275 2163 2283 2275 2172 2164 2276 2164 2284 2276 2157 2149 2277 2149 2285 2277 2158 2150 2278 2150 2286 2278 2159 2151 2279 2151 2287 2279 2160 2152 2280 2152 2288 2280 2161 2153 2281 2153 2289 2281 2162 2154 2282 2154 2290 2282 2163 2155 2283 2155 2291 2283 2164 2156 2284 2156 2292 2284 2149 2141 2285 2141 2293 2285 2150 2142 2286 2142 2294 2286 2151 2143 2287 2143 2295 2287 2152 2144 2288 2144 2296 2288 2153 2145 2289 2145 2297 2289 2154 2146 2290 2146 2298 2290 2155 2147 2291 2147 2299 2291 2156 2148 2292 2148 2300 2292 2141 2133 2293 2133 2301 2293 2142 2134 2294 2134 2302 2294 2143 2135 2295 2135 2303 2295 2144 2136 2296 2136 2304 2296 2145 2137 2297 2137 2305 2297 2146 2138 2298 2138 2306 2298 2147 2139 2299 2139 2307 2299 2148 2140 2300 2140 2308 2300 2133 2125 2301 2125 2309 2301 2134 2126 2302 2126 2310 2302 2135 2127 2303 2127 2311 2303 2136 2128 2304 2128 2312 2304 2137 2129 2305 2129 2313 2305 2138 2130 2306 2130 2314 2306 2139 2131 2307 2131 2315 2307 2140 2132 2308 2132 2316 2308 2125 2117 2309 2117 2317 2309 2126 2118 2310 2118 2318 2310 2127 2119 2311 2119 2319 2311 2128 2120 2312 2120 2320 2312 2129 2121 2313 2121 2321 2313 2130 2122 2314 2122 2322 2314 2131 2123 2315 2123 2323 2315 2132 2124 2316 2124 2324 2316 2117 2109 2317 2109 2325 2317 2118 2110 2318 2110 2326 2318 2119 2111 2319 2111 2327 2319 2120 2112 2320 2112 2328 2320 2121 2113 2321 2113 2329 2321 2122 2114 2322 2114 2330 2322 2123 2115 2323 2115 2331 2323 2124 2116 2324 2116 2332 2324 2109 2101 2325 2101 2333 2325 2110 2102 2326 2102 2334 2326 2111 2103 2327 2103 2335 2327 2112 2104 2328 2104 2336 2328 2113 2105 2329 2105 2337 2329 2114 2106 2330 2106 2338 2330 2115 2107 2331 2107 2339 2331 2116 2108 2332 2108 2340 2332 2101 2093 2333 2093 2341 2333 2102 2094 2334 2094 2342 2334 2103 2095 2335 2095 2343 2335 2104 2096 2336 2096 2344 2336 2105 2097 2337 2097 2345 2337 2106 2098 2338 2098 2346 2338 2107 2099 2339 2099 2347 2339 2108 2100 2340 2100 2348 2340 10046 10047 2349 10062 10063 2350 10078 10079 2351 10094 10095 2352 10110 10111 2353 10126 10127 2354 10142 10143 2355 10158 10159 2356 10045 10046 2349 10061 10062 2350 10077 10078 2351 10093 10094 2352 10109 10110 2353 10125 10126 2354 10141 10142 2355 10157 10158 2356 10044 10045 2349 10060 10061 2350 10076 10077 2351 10092 10093 2352 10108 10109 2353 10124 10125 2354 10140 10141 2355 10156 10157 2356 10043 10044 2349 10059 10060 2350 10075 10076 2351 10091 10092 2352 10107 10108 2353 10123 10124 2354 10139 10140 2355 10155 10156 2356 10042 10043 2349 10058 10059 2350 10074 10075 2351 10090 10091 2352 10106 10107 2353 10122 10123 2354 10138 10139 2355 10154 10155 2356 10041 10042 2349 10057 10058 2350 10073 10074 2351 10089 10090 2352 10105 10106 2353 10121 10122 2354 10137 10138 2355 10153 10154 2356 10040 10041 2349 10056 10057 2350 10072 10073 2351 10088 10089 2352 10104 10105 2353 10120 10121 2354 10136 10137 2355 10152 10153 2356 10039 10040 2349 10055 10056 2350 10071 10072 2351 10087 10088 2352 10103 10104 2353 10119 10120 2354 10135 10136 2355 10151 10152 2356 10038 10039 2349 10054 10055 2350 10070 10071 2351 10086 10087 2352 10102 10103 2353 10118 10119 2354 10134 10135 2355 10150 10151 2356 10037 10038 2349 10053 10054 2350 10069 10070 2351 10085 10086 2352 10101 10102 2353 10117 10118 2354 10133 10134 2355 10149 10150 2356 10036 10037 2349 10052 10053 2350 10068 10069 2351 10084 10085 2352 10100 10101 2353 10116 10117 2354 10132 10133 2355 10148 10149 2356 10035 10036 2349 10051 10052 2350 10067 10068 2351 10083 10084 2352 10099 10100 2353 10115 10116 2354 10131 10132 2355 10147 10148 2356 10034 10035 2349 10050 10051 2350 10066 10067 2351 10082 10083 2352 10098 10099 2353 10114 10115 2354 10130 10131 2355 10146 10147 2356 10033 10034 2349 10049 10050 2350 10065 10066 2351 10081 10082 2352 10097 10098 2353 10113 10114 2354 10129 10130 2355 10145 10146 2356 10032 10033 2349 10048 10049 2350 10064 10065 2351 10080 10081 2352 10096 10097 2353 10112 10113 2354 10128 10129 2355 10144 10145 2356 10047 10032 2349 10063 10048 2350 10079 10064 2351 10095 10080 2352 10111 10096 2353 10127 10112 2354 10143 10128 2355 10159 10144 2356 2358 2373 2357 2373 2372 2357 2372 2371 2357 2371 2370 2357 2370 2369 2357 2369 2368 2357 2368 2367 2357 2367 2366 2357 2366 2365 2357 2365 2364 2357 2364 2363 2357 2363 2362 2357 2362 2361 2357 2361 2360 2357 2360 2359 2357 2359 2358 2357 2388 2389 10175 2389 10160 10175 2387 2388 10174 2388 10175 10174 2386 2387 10173 2387 10174 10173 2385 2386 10172 2386 10173 10172 2384 2385 10171 2385 10172 10171 2383 2384 10170 2384 10171 10170 2382 2383 10169 2383 10170 10169 2381 2382 10168 2382 10169 10168 2380 2381 10167 2381 10168 10167 2379 2380 10166 2380 10167 10166 2378 2379 10165 2379 10166 10165 2377 2378 10164 2378 10165 10164 2376 2377 10163 2377 10164 10163 2375 2376 10162 2376 10163 10162 2374 2375 10161 2375 10162 10161 2389 2374 10160 2374 10161 10160 2390 2405 2421 2405 2406 2421 2405 2404 2406 2404 2407 2406 2404 2403 2407 2403 2408 2407 2403 2402 2408 2402 2409 2408 2402 2401 2409 2401 2410 2409 2401 2400 2410 2400 2411 2410 2400 2399 2411 2399 2412 2411 2399 2398 2412 2398 2413 2412 2398 2397 2413 2397 2414 2413 2397 2396 2414 2396 2415 2414 2396 2395 2415 2395 2416 2415 2395 2394 2416 2394 2417 2416 2394 2393 2417 2393 2418 2417 2393 2392 2418 2392 2419 2418 2392 2391 2419 2391 2420 2419 2391 2390 2420 2390 2421 2420 10190 10191 2422 10189 10190 2422 10188 10189 2422 10187 10188 2422 10186 10187 2422 10185 10186 2422 10184 10185 2422 10183 10184 2422 10182 10183 2422 10181 10182 2422 10180 10181 2422 10179 10180 2422 10178 10179 2422 10177 10178 2422 10176 10177 2422 10191 10176 2422 2424 2439 2423 2439 2438 2423 2438 2437 2423 2437 2436 2423 2436 2435 2423 2435 2434 2423 2434 2433 2423 2433 2432 2423 2432 2431 2423 2431 2430 2423 2430 2429 2423 2429 2428 2423 2428 2427 2423 2427 2426 2423 2426 2425 2423 2425 2424 2423 2454 2455 10207 2455 10192 10207 2453 2454 10206 2454 10207 10206 2452 2453 10205 2453 10206 10205 2451 2452 10204 2452 10205 10204 2450 2451 10203 2451 10204 10203 2449 2450 10202 2450 10203 10202 2448 2449 10201 2449 10202 10201 2447 2448 10200 2448 10201 10200 2446 2447 10199 2447 10200 10199 2445 2446 10198 2446 10199 10198 2444 2445 10197 2445 10198 10197 2443 2444 10196 2444 10197 10196 2442 2443 10195 2443 10196 10195 2441 2442 10194 2442 10195 10194 2440 2441 10193 2441 10194 10193 2455 2440 10192 2440 10193 10192 2456 2471 2487 2471 2472 2487 2471 2470 2472 2470 2473 2472 2470 2469 2473 2469 2474 2473 2469 2468 2474 2468 2475 2474 2468 2467 2475 2467 2476 2475 2467 2466 2476 2466 2477 2476 2466 2465 2477 2465 2478 2477 2465 2464 2478 2464 2479 2478 2464 2463 2479 2463 2480 2479 2463 2462 2480 2462 2481 2480 2462 2461 2481 2461 2482 2481 2461 2460 2482 2460 2483 2482 2460 2459 2483 2459 2484 2483 2459 2458 2484 2458 2485 2484 2458 2457 2485 2457 2486 2485 2457 2456 2486 2456 2487 2486 10222 10223 2488 10221 10222 2488 10220 10221 2488 10219 10220 2488 10218 10219 2488 10217 10218 2488 10216 10217 2488 10215 10216 2488 10214 10215 2488 10213 10214 2488 10212 10213 2488 10211 10212 2488 10210 10211 2488 10209 10210 2488 10208 10209 2488 10223 10208 2488 2504 2489 2505 2489 2520 2505 2503 2504 2506 2504 2505 2506 2502 2503 2507 2503 2506 2507 2501 2502 2508 2502 2507 2508 2500 2501 2509 2501 2508 2509 2500 2509 2499 2509 2510 2499 2499 2510 2498 2510 2511 2498 2497 2498 2512 2498 2511 2512 2497 2512 2496 2512 2513 2496 2495 2496 2514 2496 2513 2514 2495 2514 2494 2514 2515 2494 2494 2515 2493 2515 2516 2493 2493 2516 2492 2516 2517 2492 2491 2492 2518 2492 2517 2518 2491 2518 2490 2518 2519 2490 2520 2489 2519 2489 2490 2519 10224 10225 2536 10225 2521 2536 10225 10226 2521 10226 2522 2521 10226 10227 2522 10227 2523 2522 10227 10228 2523 10228 2524 2523 10228 10229 2524 10229 2525 2524 10230 2526 10229 2526 2525 10229 10231 2527 10230 2527 2526 10230 10231 10232 2527 10232 2528 2527 10233 2529 10232 2529 2528 10232 10233 10234 2529 10234 2530 2529 10235 2531 10234 2531 2530 10234 10236 2532 10235 2532 2531 10235 10237 2533 10236 2533 2532 10236 10237 10238 2533 10238 2534 2533 10239 2535 10238 2535 2534 10238 10224 2536 10239 2536 2535 10239 10255 2537 10254 2537 2538 10254 10254 2538 10253 2538 2539 10253 10252 10253 2540 10253 2539 2540 10252 2540 10251 2540 2541 10251 10251 2541 10250 2541 2542 10250 10250 2542 10249 2542 2543 10249 10248 10249 2544 10249 2543 2544 10248 2544 10247 2544 2545 10247 10246 10247 2546 10247 2545 2546 10246 2546 10245 2546 2547 10245 10245 2547 10244 2547 2548 10244 10243 10244 2549 10244 2548 2549 10242 10243 2550 10243 2549 2550 10241 10242 2551 10242 2550 2551 2551 2552 10241 2552 10240 10241 2552 2537 10240 2537 10255 10240 2553 2568 2584 2568 2569 2584 2554 2553 2583 2553 2584 2583 2583 2582 2554 2582 2555 2554 2582 2581 2555 2581 2556 2555 2581 2580 2556 2580 2557 2556 2579 2558 2580 2558 2557 2580 2578 2559 2579 2559 2558 2579 2578 2577 2559 2577 2560 2559 2576 2561 2577 2561 2560 2577 2576 2575 2561 2575 2562 2561 2574 2563 2575 2563 2562 2575 2573 2564 2574 2564 2563 2574 2572 2565 2573 2565 2564 2573 2572 2571 2565 2571 2566 2565 2570 2567 2571 2567 2566 2571 2569 2568 2570 2568 2567 2570 2616 10256 2615 10256 10271 2615 2615 10271 2614 10271 10270 2614 2613 2614 10269 2614 10270 10269 2613 10269 2612 10269 10268 2612 2612 10268 2611 10268 10267 2611 2611 10267 2610 10267 10266 2610 2609 2610 10265 2610 10266 10265 2609 10265 2608 10265 10264 2608 2607 2608 10263 2608 10264 10263 2607 10263 2606 10263 10262 2606 2606 10262 2605 10262 10261 2605 2604 2605 10260 2605 10261 10260 2603 2604 10259 2604 10260 10259 2602 2603 10258 2603 10259 10258 2601 2602 10257 2602 10258 10257 2616 2601 10256 2601 10257 10256 2585 10287 2586 10287 10286 2586 10285 2587 10286 2587 2586 10286 10285 10284 2587 10284 2588 2587 10283 2589 10284 2589 2588 10284 10282 2590 10283 2590 2589 10283 10281 2591 10282 2591 2590 10282 10281 10280 2591 10280 2592 2591 10279 2593 10280 2593 2592 10280 10279 10278 2593 10278 2594 2593 10277 2595 10278 2595 2594 10278 10276 2596 10277 2596 2595 10277 10276 10275 2596 10275 2597 2596 10275 10274 2597 10274 2598 2597 10274 10273 2598 10273 2599 2598 10273 10272 2599 10272 2600 2599 10272 10287 2600 10287 2585 2600 2662 2617 2665 2617 2710 2665 2663 2618 2666 2618 2711 2666 2664 2619 2667 2619 2712 2667 2659 2662 2668 2662 2665 2668 2660 2663 2669 2663 2666 2669 2661 2664 2670 2664 2667 2670 2656 2659 2671 2659 2668 2671 2657 2660 2672 2660 2669 2672 2658 2661 2673 2661 2670 2673 2653 2656 2674 2656 2671 2674 2654 2657 2675 2657 2672 2675 2655 2658 2676 2658 2673 2676 2650 2653 2677 2653 2674 2677 2651 2654 2678 2654 2675 2678 2652 2655 2679 2655 2676 2679 2650 2677 2647 2677 2680 2647 2651 2678 2648 2678 2681 2648 2652 2679 2649 2679 2682 2649 2647 2680 2644 2680 2683 2644 2648 2681 2645 2681 2684 2645 2649 2682 2646 2682 2685 2646 2641 2644 2686 2644 2683 2686 2642 2645 2687 2645 2684 2687 2643 2646 2688 2646 2685 2688 2641 2686 2638 2686 2689 2638 2642 2687 2639 2687 2690 2639 2643 2688 2640 2688 2691 2640 2635 2638 2692 2638 2689 2692 2636 2639 2693 2639 2690 2693 2637 2640 2694 2640 2691 2694 2635 2692 2632 2692 2695 2632 2636 2693 2633 2693 2696 2633 2637 2694 2634 2694 2697 2634 2632 2695 2629 2695 2698 2629 2633 2696 2630 2696 2699 2630 2634 2697 2631 2697 2700 2631 2629 2698 2626 2698 2701 2626 2630 2699 2627 2699 2702 2627 2631 2700 2628 2700 2703 2628 2623 2626 2704 2626 2701 2704 2624 2627 2705 2627 2702 2705 2625 2628 2706 2628 2703 2706 2623 2704 2620 2704 2707 2620 2624 2705 2621 2705 2708 2621 2625 2706 2622 2706 2709 2622 2710 2617 2707 2617 2620 2707 2711 2618 2708 2618 2621 2708 2712 2619 2709 2619 2622 2709 10288 10289 2758 10289 2713 2758 10304 10305 2759 10305 2714 2759 10320 10321 2760 10321 2715 2760 10289 10290 2713 10290 2716 2713 10305 10306 2714 10306 2717 2714 10321 10322 2715 10322 2718 2715 10290 10291 2716 10291 2719 2716 10306 10307 2717 10307 2720 2717 10322 10323 2718 10323 2721 2718 10291 10292 2719 10292 2722 2719 10307 10308 2720 10308 2723 2720 10323 10324 2721 10324 2724 2721 10292 10293 2722 10293 2725 2722 10308 10309 2723 10309 2726 2723 10324 10325 2724 10325 2727 2724 10294 2728 10293 2728 2725 10293 10310 2729 10309 2729 2726 10309 10326 2730 10325 2730 2727 10325 10295 2731 10294 2731 2728 10294 10311 2732 10310 2732 2729 10310 10327 2733 10326 2733 2730 10326 10295 10296 2731 10296 2734 2731 10311 10312 2732 10312 2735 2732 10327 10328 2733 10328 2736 2733 10297 2737 10296 2737 2734 10296 10313 2738 10312 2738 2735 10312 10329 2739 10328 2739 2736 10328 10297 10298 2737 10298 2740 2737 10313 10314 2738 10314 2741 2738 10329 10330 2739 10330 2742 2739 10299 2743 10298 2743 2740 10298 10315 2744 10314 2744 2741 10314 10331 2745 10330 2745 2742 10330 10300 2746 10299 2746 2743 10299 10316 2747 10315 2747 2744 10315 10332 2748 10331 2748 2745 10331 10301 2749 10300 2749 2746 10300 10317 2750 10316 2750 2747 10316 10333 2751 10332 2751 2748 10332 10301 10302 2749 10302 2752 2749 10317 10318 2750 10318 2753 2750 10333 10334 2751 10334 2754 2751 10303 2755 10302 2755 2752 10302 10319 2756 10318 2756 2753 10318 10335 2757 10334 2757 2754 10334 10288 2758 10303 2758 2755 10303 10304 2759 10319 2759 2756 10319 10320 2760 10335 2760 2757 10335 10351 2761 10350 2761 2764 10350 10367 2762 10366 2762 2765 10366 10383 2763 10382 2763 2766 10382 10350 2764 10349 2764 2767 10349 10366 2765 10365 2765 2768 10365 10382 2766 10381 2766 2769 10381 10348 10349 2770 10349 2767 2770 10364 10365 2771 10365 2768 2771 10380 10381 2772 10381 2769 2772 10348 2770 10347 2770 2773 10347 10364 2771 10363 2771 2774 10363 10380 2772 10379 2772 2775 10379 10347 2773 10346 2773 2776 10346 10363 2774 10362 2774 2777 10362 10379 2775 10378 2775 2778 10378 10346 2776 10345 2776 2779 10345 10362 2777 10361 2777 2780 10361 10378 2778 10377 2778 2781 10377 10344 10345 2782 10345 2779 2782 10360 10361 2783 10361 2780 2783 10376 10377 2784 10377 2781 2784 10344 2782 10343 2782 2785 10343 10360 2783 10359 2783 2786 10359 10376 2784 10375 2784 2787 10375 10342 10343 2788 10343 2785 2788 10358 10359 2789 10359 2786 2789 10374 10375 2790 10375 2787 2790 10342 2788 10341 2788 2791 10341 10358 2789 10357 2789 2792 10357 10374 2790 10373 2790 2793 10373 10341 2791 10340 2791 2794 10340 10357 2792 10356 2792 2795 10356 10373 2793 10372 2793 2796 10372 10339 10340 2797 10340 2794 2797 10355 10356 2798 10356 2795 2798 10371 10372 2799 10372 2796 2799 10338 10339 2800 10339 2797 2800 10354 10355 2801 10355 2798 2801 10370 10371 2802 10371 2799 2802 10337 10338 2803 10338 2800 2803 10353 10354 2804 10354 2801 2804 10369 10370 2805 10370 2802 2805 2803 2806 10337 2806 10336 10337 2804 2807 10353 2807 10352 10353 2805 2808 10369 2808 10368 10369 2806 2761 10336 2761 10351 10336 2807 2762 10352 2762 10367 10352 2808 2763 10368 2763 10383 10368 3127 2830 10388 2830 3101 10388 2809 3103 10406 3103 3100 10406 2848 10408 3125 10408 2813 3125 2843 3081 3124 3081 3122 3124 2844 10392 2814 10392 2815 2814 3084 3121 3081 3121 3122 3081 10411 3119 3079 3119 2816 3079 10429 2817 3084 2817 3121 3084 2842 2818 3083 2818 3120 3083 2842 3088 2818 3088 2819 2818 3085 3087 3118 3087 2820 3118 3090 3115 3088 3115 2819 3088 10414 2821 3087 2821 2820 3087 10431 2837 3116 2837 2822 3116 3090 10397 3115 10397 3114 3115 2836 2825 10415 2825 2823 10415 10401 3111 2836 3111 2825 2836 3095 3110 3093 3110 2826 3093 2833 2827 10399 2827 3112 10399 3095 10420 3110 10420 3108 3110 3094 3096 3109 3096 3107 3109 10404 2829 3096 2829 3107 3096 10422 3104 3099 3104 3106 3099 3101 2830 3098 2830 3105 3098 2903 10405 3033 10405 2831 3033 3034 10421 10435 10421 2832 10435 3033 2831 3035 2831 10403 3035 10453 3035 10402 3035 10403 10402 2898 10419 3038 10419 10418 3038 3038 10418 10438 10418 3091 10438 2897 3092 10455 3092 10400 10455 10440 2892 2840 2892 10416 2840 2890 2893 10396 2893 2838 10396 2890 10396 10476 10396 10395 10476 2891 2841 2889 2841 10413 2889 3043 2889 10412 2889 10413 10412 3045 3086 2886 3086 10428 2886 3043 10412 3046 10412 3082 3046 2886 10428 10444 10428 10427 10444 2887 10393 2885 10393 3080 2885 3046 3082 3047 3082 10410 3047 3049 3047 3078 3047 10410 3078 2881 2883 3077 2883 10426 3077 2882 3049 2846 3049 3078 2846 2878 2881 3076 2881 3077 3076 3052 2879 3075 2879 2847 3075 3051 10448 3074 10448 10407 3074 10433 10432 3102 10432 2849 3102 10468 3052 10387 3052 3075 10387 2903 3051 10405 3051 3074 10405 2850 3032 2852 3032 10434 2852 2851 2902 2853 2902 2901 2853 3037 3072 10434 3072 2852 10434 3036 3071 2901 3071 2853 2901 10452 3070 10451 3070 2854 10451 3037 10436 3072 10436 2855 3072 10452 2900 3070 2900 3068 3070 10437 2856 10436 2856 2855 10436 3039 3065 10437 3065 2856 10437 10439 3063 3039 3063 3065 3039 3040 3061 2895 3061 3064 2895 3040 10457 3061 10457 2860 3061 3042 3060 3041 3060 2858 3041 2888 2861 10475 2861 2859 10475 10458 2862 10457 2862 2860 10457 3042 10442 3060 10442 3059 3060 10443 2864 10442 2864 3059 10442 10478 3057 3044 3057 3058 3044 10460 2865 10459 2865 2863 10459 10479 2867 10478 2867 3057 10478 3048 10445 2866 10445 2869 2866 10445 10446 2869 10446 2871 2869 10446 10447 2871 10447 2873 2871 3050 10466 2872 10466 3054 2872 10463 2880 3055 2880 2874 3055 10447 2877 2873 2877 3053 2873 10466 10467 3054 10467 2875 3054 2880 10449 2874 10449 2876 2874 2877 3032 3053 3032 2850 3053 10467 2902 2875 2902 2851 2875 10449 10450 2876 10450 3073 2876 10486 2913 3024 2913 3025 3024 2911 2912 3022 2912 3023 3022 3027 2911 3021 2911 3022 3021 3027 3021 2910 3021 2914 2910 2910 2914 3028 2914 2915 3028 10492 3028 3020 3028 2915 3020 10494 2908 3018 2908 3019 3018 10495 3017 2905 3017 3016 2905 2905 3016 10481 3016 3015 10481 2904 3014 3030 3014 2916 3030 3013 10484 2916 10484 3030 2916 10488 10489 3011 10489 3010 3011 10490 2919 10489 2919 3010 10489 10491 10502 10490 10502 2919 10490 10493 2907 2921 2907 10505 2921 2923 3003 3004 3003 3002 3004 3004 3002 3005 3002 3001 3005 3006 3000 2922 3000 2999 2922 2922 2999 3007 2999 2924 3007 10504 2997 3009 2997 2925 3009 2920 2926 10501 2926 2927 10501 10499 10500 2929 10500 2928 2929 3012 2918 2995 2918 2996 2995 2994 3003 2917 3003 2923 2917 2945 10523 2931 10523 2993 2931 2942 2992 2943 2992 2934 2943 2942 2941 2992 2941 2991 2992 2984 2936 2983 2936 2988 2983 2984 10518 2936 10518 2987 2936 10520 2937 2985 2937 2986 2985 2959 2938 2958 2938 10519 2958 2961 2960 10517 2960 2939 10517 2961 10517 2962 10517 10516 2962 2962 10516 2957 10516 2982 2957 2957 2982 10533 2982 2940 10533 2966 10527 10537 10527 10526 10537 10540 2968 2979 2968 2944 2979 2959 2970 2938 2970 2946 2938 10529 2978 10528 2978 2948 10528 10531 2950 10530 2950 2949 10530 2963 2952 10532 2952 2951 10532 2963 2964 2952 2964 2953 2952 2967 2974 2956 2974 2975 2956 2967 10539 2974 10539 2973 2974 10539 2955 2973 2955 2972 2973 2955 2969 2972 2969 2971 2972 10542 10543 2954 10543 2947 2954 2969 10542 2971 10542 2954 2971 2956 2975 10536 2975 2976 10536 2965 10536 2977 10536 2976 2977 2965 2977 2964 2977 2953 2964 10532 2951 10531 2951 2950 10531 10529 10530 2978 10530 2949 2978 2947 10543 2948 10543 10528 2948 2970 10541 2946 10541 10522 2946 10541 10540 10522 10540 2979 10522 2968 10538 2944 10538 2980 2944 10537 10526 10538 10526 2980 10538 2966 10535 10527 10535 10512 10527 10534 2981 10535 2981 10512 10535 10534 10533 2981 10533 2940 2981 2958 10519 2960 10519 2939 2960 2985 2986 10518 2986 2987 10518 2983 2988 10515 2988 2935 10515 10515 2935 10514 2935 2989 10514 10513 10514 2990 10514 2989 2990 10513 2990 2941 2990 2991 2941 2943 2934 10525 2934 2933 10525 10524 10525 2932 10525 2933 2932 10523 10524 2993 10524 2932 2993 2931 2930 2945 2930 10521 2945 2930 2937 10521 2937 10520 10521 2995 2994 3012 2994 2917 3012 2918 10499 2996 10499 2929 2996 10501 2927 10500 2927 2928 10500 2920 3009 2926 3009 2925 2926 10504 3008 2997 3008 2998 2997 3007 2924 3008 2924 2998 3008 3006 3005 3000 3005 3001 3000 3031 10511 10483 10511 10510 10483 10483 10510 10482 10510 10509 10482 3029 10482 10508 10482 10509 10508 3029 10508 10480 10508 10507 10480 10480 10507 2906 10507 10506 2906 2906 10506 2907 10506 10505 2907 10493 2921 2909 2921 10503 2909 10491 2909 10502 2909 10503 10502 10487 10488 10498 10488 3011 10498 3026 10487 10497 10487 10498 10497 10485 3026 10496 3026 10497 10496 3031 10485 10511 10485 10496 10511 2904 10481 3014 10481 3015 3014 10494 3018 10495 3018 3017 10495 10492 3020 2908 3020 3019 2908 2912 10486 3023 10486 3024 3023 2913 10484 3025 10484 3013 3025 10462 10463 3056 10463 3055 3056 2884 3050 2870 3050 2872 2870 10461 10462 2868 10462 3056 2868 10479 2884 2867 2884 2870 2867 10461 2868 10460 2868 2865 10460 3048 2866 10443 2866 2864 10443 10458 10459 2862 10459 2863 2862 2888 3044 2861 3044 3058 2861 10474 10475 3062 10475 2859 3062 10439 3041 3063 3041 2858 3063 10474 3062 2894 3062 2857 2894 2895 3064 10454 3064 3066 10454 2894 2857 2896 2857 3067 2896 10454 3066 2900 3066 3068 2900 2896 3067 2899 3067 3069 2899 3036 2899 3071 2899 3069 3071 3073 10450 2854 10450 10451 2854 10432 2878 2849 2878 3076 2849 10448 2882 10407 2882 2846 10407 2879 10465 2847 10465 2845 2847 10465 10464 2845 10464 10391 2845 10464 2885 10391 2885 3080 10391 2883 10444 10426 10444 10427 10426 10477 10394 2887 10394 10393 2887 10477 10476 10394 10476 10395 10394 3045 10441 3086 10441 3089 3086 10440 2840 10441 2840 3089 10441 2891 10456 2841 10456 2839 2841 10455 10400 10456 10400 2839 10456 10473 2835 2893 2835 2838 2893 10438 3091 2892 3091 10416 2892 10472 2834 10473 2834 2835 10473 10453 10402 2897 10402 3092 2897 10471 10384 10472 10384 2834 10472 10471 10470 10384 10470 3097 10384 2898 10435 10419 10435 2832 10419 10469 10386 10470 10386 3097 10470 10468 10387 10469 10387 10386 10469 10433 3102 3034 3102 10421 3034 3100 3103 10404 3103 2829 10404 3098 3105 10385 3105 2828 10385 3099 3106 10420 3106 3108 10420 2833 10385 2827 10385 2828 2827 3094 3109 10401 3109 3111 10401 10399 3112 10398 3112 2824 10398 3093 2826 10417 2826 3113 10417 10398 2824 10397 2824 3114 10397 10417 3113 2837 3113 2822 2837 10414 10415 2821 10415 2823 2821 10431 3116 10430 3116 3117 10430 10429 10430 2817 10430 3117 2817 3085 3118 10411 3118 3119 10411 3083 3120 10392 3120 2815 10392 10409 3079 3123 3079 2816 3123 10408 10409 2813 10409 3123 2813 10390 2844 2812 2844 2814 2812 10425 2843 2811 2843 3124 2811 10389 10390 3126 10390 2812 3126 10424 10425 2810 10425 2811 2810 3125 2809 2848 2809 10406 2848 3126 3127 10389 3127 10388 10389 2810 3128 10424 3128 10423 10424 3128 3104 10423 3104 10422 10423 2089 2028 1964 2028 3194 1964 3131 3190 1963 3190 9905 1963 3188 3185 9939 3185 2022 9939 3189 2032 9956 2032 9957 9956 3190 2031 9905 2031 9906 9905 2035 3180 3196 3180 9976 3196 2034 3182 3197 3182 9997 3197 2031 2037 9906 2037 9907 9906 3181 3176 9941 3176 9942 9941 2038 2041 9958 2041 9959 9958 2037 2040 9907 2040 3206 9907 3184 2039 10017 2039 10018 10017 3174 2046 10014 2046 10015 10014 3176 3171 9942 3171 9943 9942 3178 2043 3205 2043 3209 3205 2041 2042 9959 2042 9960 9959 2046 3167 10015 3167 2005 10015 2045 2050 9978 2050 9979 9978 3171 3168 9943 3168 9944 9943 2042 2049 9960 2049 9961 9960 3172 2048 2007 2048 2000 2007 3167 3163 2005 3163 3212 2005 2049 2052 9961 2052 9962 9961 2048 3166 2000 3166 1998 2000 3163 3158 3212 3158 10002 3212 2053 2057 9927 2057 9928 9927 2052 2056 9962 2056 9963 9962 3158 2063 10002 2063 10003 10002 3159 2062 9981 2062 9982 9981 3161 2061 1995 2061 3224 1995 2056 3157 9963 3157 9964 9963 3162 2059 9912 2059 1991 9912 2055 2058 10022 2058 1990 10022 2062 2067 9982 2067 9983 9982 3152 2070 10004 2070 3229 10004 2065 3149 9988 3149 3230 9988 3153 3150 1987 3150 9931 1987 3154 2069 9965 2069 9966 9965 3155 3151 9914 3151 1980 9914 2064 2068 3228 2068 10025 3228 2070 2073 3229 2073 1979 3229 3147 3142 9968 3142 9969 9968 3148 3143 1983 3143 9950 1983 3150 3144 9931 3144 9932 9931 2069 3145 9966 3145 9967 9966 3151 3146 1980 3146 3236 1980 2073 3136 1979 3136 3238 1979 3142 3137 9969 3137 1977 9969 2072 3139 9990 3139 9991 9990 3146 3141 3236 3141 3240 3236 3136 2081 3238 2081 10008 3238 3137 3134 1977 3134 9971 1977 2075 2079 1975 2079 1970 1975 3141 2077 3240 2077 1969 3240 3135 2087 9936 2087 3247 9936 2078 2084 9953 2084 9954 9953 2077 2083 1969 2083 1966 1969 2088 2092 3245 2092 3250 3245 2087 3129 3247 3129 3252 3247 2086 2090 3248 2090 9994 3248 2085 2089 1968 2089 1964 1968 2083 3131 1966 3131 1963 1966 10009 10010 3254 9937 9938 1960 9993 1965 3255 9935 9920 3256 9919 9904 3257 9992 9993 3255 9934 9935 3256 9918 9919 3257 10028 3249 3258 10007 1972 3254 9970 3241 1961 9933 9934 3256 9917 9918 3257 10027 10028 3258 10006 10007 3254 9916 9917 3257 10026 10027 3258 10005 10006 3254 1984 3232 1961 9949 3233 1960 9989 3234 3255 9915 9916 3257 9948 9949 1960 9930 1982 3256 10024 3231 3258 9947 9948 1960 9987 3227 3255 9929 9930 3256 9913 1985 3257 10023 10024 3258 9946 9947 1960 9986 9987 3255 10001 3218 3254 9945 9946 1960 9911 1993 3257 10021 3220 3258 10000 10001 3254 9910 9911 3257 2011 10000 3254 2009 9984 3255 9925 3210 3256 9909 9910 3257 9924 9925 3256 9908 9909 3257 10013 2015 3254 9923 9924 3256 9975 3200 1961 9940 3201 1960 9996 2018 3255 10011 3195 3254 9995 9996 3255 9921 2021 3256 10010 10011 3254 9973 3193 1961 9938 2027 1960 9904 2024 3257 1957 9888 1958 9888 9889 1958 9891 9892 1958 3263 9894 1958 9895 1953 1958 3261 9899 1958 9900 9901 1958 9901 3259 1958 1942 3274 9902 3274 9903 9902 1945 3273 9898 3273 1955 9898 1946 3272 9896 3272 1954 9896 1947 3270 9893 3270 1952 9893 1934 1935 9874 1935 9875 9874 1935 1936 9875 1936 9876 9875 1937 1938 9877 1938 9878 9877 1938 3281 9878 3281 9879 9878 3278 3277 9883 3277 9884 9883 1941 3275 9887 3275 9872 9887 3291 9857 3290 1919 9871 3290 9870 3299 3290 9868 9867 3290 9867 9866 3290 9866 3296 3290 3296 9864 3290 9864 3294 3290 9861 9860 3290 1923 3291 3290 1913 3311 9859 3311 9858 9859 3310 1913 3292 1913 9859 3292 3308 3309 9863 3309 9862 9863 3307 3308 3295 3308 9863 3295 1915 3306 3297 3306 9865 3297 3304 3305 3300 3305 9869 3300 3303 1918 9856 1918 1920 9856 3302 3303 3301 3303 9856 3301 1905 3319 9841 3319 9842 9841 3318 3317 9843 3317 9844 9843 3317 3316 9844 3316 9845 9844 3316 1906 9845 1906 9846 9845 1906 3315 9846 3315 9847 9846 3315 3314 9847 3314 9848 9847 3314 3313 9848 3313 9849 9848 1907 1908 9850 1908 9851 9850 1909 1910 9852 1910 9853 9852 3312 1911 9854 1911 9855 9854 1911 1912 9855 1912 9840 9855 3329 3344 3328 3344 3343 3328 3343 3342 3328 3342 3341 3328 3341 3340 3328 3340 3339 3328 3339 3338 3328 3338 3337 3328 3337 3336 3328 3336 3335 3328 3335 3334 3328 3334 3333 3328 3333 3332 3328 3332 3331 3328 3331 3330 3328 3330 3329 3328 3359 3360 10559 3360 10544 10559 3358 3359 10558 3359 10559 10558 3357 3358 10557 3358 10558 10557 3356 3357 10556 3357 10557 10556 3355 3356 10555 3356 10556 10555 3354 3355 10554 3355 10555 10554 3353 3354 10553 3354 10554 10553 3352 3353 10552 3353 10553 10552 3351 3352 10551 3352 10552 10551 3350 3351 10550 3351 10551 10550 3349 3350 10549 3350 10550 10549 3348 3349 10548 3349 10549 10548 3347 3348 10547 3348 10548 10547 3346 3347 10546 3347 10547 10546 3345 3346 10545 3346 10546 10545 3360 3345 10544 3345 10545 10544 3361 3376 3392 3376 3377 3392 3376 3375 3377 3375 3378 3377 3375 3374 3378 3374 3379 3378 3374 3373 3379 3373 3380 3379 3373 3372 3380 3372 3381 3380 3372 3371 3381 3371 3382 3381 3371 3370 3382 3370 3383 3382 3370 3369 3383 3369 3384 3383 3369 3368 3384 3368 3385 3384 3368 3367 3385 3367 3386 3385 3367 3366 3386 3366 3387 3386 3366 3365 3387 3365 3388 3387 3365 3364 3388 3364 3389 3388 3364 3363 3389 3363 3390 3389 3363 3362 3390 3362 3391 3390 3362 3361 3391 3361 3392 3391 10574 10575 3393 10573 10574 3393 10572 10573 3393 10571 10572 3393 10570 10571 3393 10569 10570 3393 10568 10569 3393 10567 10568 3393 10566 10567 3393 10565 10566 3393 10564 10565 3393 10563 10564 3393 10562 10563 3393 10561 10562 3393 10560 10561 3393 10575 10560 3393 3395 3410 3394 3410 3409 3394 3409 3408 3394 3408 3407 3394 3407 3406 3394 3406 3405 3394 3405 3404 3394 3404 3403 3394 3403 3402 3394 3402 3401 3394 3401 3400 3394 3400 3399 3394 3399 3398 3394 3398 3397 3394 3397 3396 3394 3396 3395 3394 3425 3426 10591 3426 10576 10591 3424 3425 10590 3425 10591 10590 3423 3424 10589 3424 10590 10589 3422 3423 10588 3423 10589 10588 3421 3422 10587 3422 10588 10587 3420 3421 10586 3421 10587 10586 3419 3420 10585 3420 10586 10585 3418 3419 10584 3419 10585 10584 3417 3418 10583 3418 10584 10583 3416 3417 10582 3417 10583 10582 3415 3416 10581 3416 10582 10581 3414 3415 10580 3415 10581 10580 3413 3414 10579 3414 10580 10579 3412 3413 10578 3413 10579 10578 3411 3412 10577 3412 10578 10577 3426 3411 10576 3411 10577 10576 3427 3442 3458 3442 3443 3458 3442 3441 3443 3441 3444 3443 3441 3440 3444 3440 3445 3444 3440 3439 3445 3439 3446 3445 3439 3438 3446 3438 3447 3446 3438 3437 3447 3437 3448 3447 3437 3436 3448 3436 3449 3448 3436 3435 3449 3435 3450 3449 3435 3434 3450 3434 3451 3450 3434 3433 3451 3433 3452 3451 3433 3432 3452 3432 3453 3452 3432 3431 3453 3431 3454 3453 3431 3430 3454 3430 3455 3454 3430 3429 3455 3429 3456 3455 3429 3428 3456 3428 3457 3456 3428 3427 3457 3427 3458 3457 10606 10607 3459 10605 10606 3459 10604 10605 3459 10603 10604 3459 10602 10603 3459 10601 10602 3459 10600 10601 3459 10599 10600 3459 10598 10599 3459 10597 10598 3459 10596 10597 3459 10595 10596 3459 10594 10595 3459 10593 10594 3459 10592 10593 3459 10607 10592 3459 3468 3588 3460 3469 3589 3461 3470 3590 3462 3471 3591 3463 3472 3592 3464 3473 3593 3465 3474 3594 3466 3475 3595 3467 3588 3580 3460 3589 3581 3461 3590 3582 3462 3591 3583 3463 3592 3584 3464 3593 3585 3465 3594 3586 3466 3595 3587 3467 3580 3572 3460 3581 3573 3461 3582 3574 3462 3583 3575 3463 3584 3576 3464 3585 3577 3465 3586 3578 3466 3587 3579 3467 3572 3564 3460 3573 3565 3461 3574 3566 3462 3575 3567 3463 3576 3568 3464 3577 3569 3465 3578 3570 3466 3579 3571 3467 3564 3556 3460 3565 3557 3461 3566 3558 3462 3567 3559 3463 3568 3560 3464 3569 3561 3465 3570 3562 3466 3571 3563 3467 3556 3548 3460 3557 3549 3461 3558 3550 3462 3559 3551 3463 3560 3552 3464 3561 3553 3465 3562 3554 3466 3563 3555 3467 3548 3540 3460 3549 3541 3461 3550 3542 3462 3551 3543 3463 3552 3544 3464 3553 3545 3465 3554 3546 3466 3555 3547 3467 3540 3532 3460 3541 3533 3461 3542 3534 3462 3543 3535 3463 3544 3536 3464 3545 3537 3465 3546 3538 3466 3547 3539 3467 3532 3524 3460 3533 3525 3461 3534 3526 3462 3535 3527 3463 3536 3528 3464 3537 3529 3465 3538 3530 3466 3539 3531 3467 3524 3516 3460 3525 3517 3461 3526 3518 3462 3527 3519 3463 3528 3520 3464 3529 3521 3465 3530 3522 3466 3531 3523 3467 3516 3508 3460 3517 3509 3461 3518 3510 3462 3519 3511 3463 3520 3512 3464 3521 3513 3465 3522 3514 3466 3523 3515 3467 3508 3500 3460 3509 3501 3461 3510 3502 3462 3511 3503 3463 3512 3504 3464 3513 3505 3465 3514 3506 3466 3515 3507 3467 3500 3492 3460 3501 3493 3461 3502 3494 3462 3503 3495 3463 3504 3496 3464 3505 3497 3465 3506 3498 3466 3507 3499 3467 3492 3484 3460 3493 3485 3461 3494 3486 3462 3495 3487 3463 3496 3488 3464 3497 3489 3465 3498 3490 3466 3499 3491 3467 3484 3476 3460 3485 3477 3461 3486 3478 3462 3487 3479 3463 3488 3480 3464 3489 3481 3465 3490 3482 3466 3491 3483 3467 3476 3468 3460 3477 3469 3461 3478 3470 3462 3479 3471 3463 3480 3472 3464 3481 3473 3465 3482 3474 3466 3483 3475 3467 3708 3716 10623 3716 10608 10623 3709 3717 10639 3717 10624 10639 3710 3718 10655 3718 10640 10655 3711 3719 10671 3719 10656 10671 3712 3720 10687 3720 10672 10687 3713 3721 10703 3721 10688 10703 3714 3722 10719 3722 10704 10719 3715 3723 10735 3723 10720 10735 3700 3708 10622 3708 10623 10622 3701 3709 10638 3709 10639 10638 3702 3710 10654 3710 10655 10654 3703 3711 10670 3711 10671 10670 3704 3712 10686 3712 10687 10686 3705 3713 10702 3713 10703 10702 3706 3714 10718 3714 10719 10718 3707 3715 10734 3715 10735 10734 3692 3700 10621 3700 10622 10621 3693 3701 10637 3701 10638 10637 3694 3702 10653 3702 10654 10653 3695 3703 10669 3703 10670 10669 3696 3704 10685 3704 10686 10685 3697 3705 10701 3705 10702 10701 3698 3706 10717 3706 10718 10717 3699 3707 10733 3707 10734 10733 3684 3692 10620 3692 10621 10620 3685 3693 10636 3693 10637 10636 3686 3694 10652 3694 10653 10652 3687 3695 10668 3695 10669 10668 3688 3696 10684 3696 10685 10684 3689 3697 10700 3697 10701 10700 3690 3698 10716 3698 10717 10716 3691 3699 10732 3699 10733 10732 3676 3684 10619 3684 10620 10619 3677 3685 10635 3685 10636 10635 3678 3686 10651 3686 10652 10651 3679 3687 10667 3687 10668 10667 3680 3688 10683 3688 10684 10683 3681 3689 10699 3689 10700 10699 3682 3690 10715 3690 10716 10715 3683 3691 10731 3691 10732 10731 3668 3676 10618 3676 10619 10618 3669 3677 10634 3677 10635 10634 3670 3678 10650 3678 10651 10650 3671 3679 10666 3679 10667 10666 3672 3680 10682 3680 10683 10682 3673 3681 10698 3681 10699 10698 3674 3682 10714 3682 10715 10714 3675 3683 10730 3683 10731 10730 3660 3668 10617 3668 10618 10617 3661 3669 10633 3669 10634 10633 3662 3670 10649 3670 10650 10649 3663 3671 10665 3671 10666 10665 3664 3672 10681 3672 10682 10681 3665 3673 10697 3673 10698 10697 3666 3674 10713 3674 10714 10713 3667 3675 10729 3675 10730 10729 3652 3660 10616 3660 10617 10616 3653 3661 10632 3661 10633 10632 3654 3662 10648 3662 10649 10648 3655 3663 10664 3663 10665 10664 3656 3664 10680 3664 10681 10680 3657 3665 10696 3665 10697 10696 3658 3666 10712 3666 10713 10712 3659 3667 10728 3667 10729 10728 3644 3652 10615 3652 10616 10615 3645 3653 10631 3653 10632 10631 3646 3654 10647 3654 10648 10647 3647 3655 10663 3655 10664 10663 3648 3656 10679 3656 10680 10679 3649 3657 10695 3657 10696 10695 3650 3658 10711 3658 10712 10711 3651 3659 10727 3659 10728 10727 3636 3644 10614 3644 10615 10614 3637 3645 10630 3645 10631 10630 3638 3646 10646 3646 10647 10646 3639 3647 10662 3647 10663 10662 3640 3648 10678 3648 10679 10678 3641 3649 10694 3649 10695 10694 3642 3650 10710 3650 10711 10710 3643 3651 10726 3651 10727 10726 3628 3636 10613 3636 10614 10613 3629 3637 10629 3637 10630 10629 3630 3638 10645 3638 10646 10645 3631 3639 10661 3639 10662 10661 3632 3640 10677 3640 10678 10677 3633 3641 10693 3641 10694 10693 3634 3642 10709 3642 10710 10709 3635 3643 10725 3643 10726 10725 3620 3628 10612 3628 10613 10612 3621 3629 10628 3629 10629 10628 3622 3630 10644 3630 10645 10644 3623 3631 10660 3631 10661 10660 3624 3632 10676 3632 10677 10676 3625 3633 10692 3633 10693 10692 3626 3634 10708 3634 10709 10708 3627 3635 10724 3635 10725 10724 3612 3620 10611 3620 10612 10611 3613 3621 10627 3621 10628 10627 3614 3622 10643 3622 10644 10643 3615 3623 10659 3623 10660 10659 3616 3624 10675 3624 10676 10675 3617 3625 10691 3625 10692 10691 3618 3626 10707 3626 10708 10707 3619 3627 10723 3627 10724 10723 3604 3612 10610 3612 10611 10610 3605 3613 10626 3613 10627 10626 3606 3614 10642 3614 10643 10642 3607 3615 10658 3615 10659 10658 3608 3616 10674 3616 10675 10674 3609 3617 10690 3617 10691 10690 3610 3618 10706 3618 10707 10706 3611 3619 10722 3619 10723 10722 3596 3604 10609 3604 10610 10609 3597 3605 10625 3605 10626 10625 3598 3606 10641 3606 10642 10641 3599 3607 10657 3607 10658 10657 3600 3608 10673 3608 10674 10673 3601 3609 10689 3609 10690 10689 3602 3610 10705 3610 10706 10705 3603 3611 10721 3611 10722 10721 3716 3596 10608 3596 10609 10608 3717 3597 10624 3597 10625 10624 3718 3598 10640 3598 10641 10640 3719 3599 10656 3599 10657 10656 3720 3600 10672 3600 10673 10672 3721 3601 10688 3601 10689 10688 3722 3602 10704 3602 10705 10704 3723 3603 10720 3603 10721 10720 3724 3844 3972 3844 3852 3972 3725 3845 3973 3845 3853 3973 3726 3846 3974 3846 3854 3974 3727 3847 3975 3847 3855 3975 3728 3848 3976 3848 3856 3976 3729 3849 3977 3849 3857 3977 3730 3850 3978 3850 3858 3978 3731 3851 3979 3851 3859 3979 3844 3836 3852 3836 3860 3852 3845 3837 3853 3837 3861 3853 3846 3838 3854 3838 3862 3854 3847 3839 3855 3839 3863 3855 3848 3840 3856 3840 3864 3856 3849 3841 3857 3841 3865 3857 3850 3842 3858 3842 3866 3858 3851 3843 3859 3843 3867 3859 3836 3828 3860 3828 3868 3860 3837 3829 3861 3829 3869 3861 3838 3830 3862 3830 3870 3862 3839 3831 3863 3831 3871 3863 3840 3832 3864 3832 3872 3864 3841 3833 3865 3833 3873 3865 3842 3834 3866 3834 3874 3866 3843 3835 3867 3835 3875 3867 3828 3820 3868 3820 3876 3868 3829 3821 3869 3821 3877 3869 3830 3822 3870 3822 3878 3870 3831 3823 3871 3823 3879 3871 3832 3824 3872 3824 3880 3872 3833 3825 3873 3825 3881 3873 3834 3826 3874 3826 3882 3874 3835 3827 3875 3827 3883 3875 3820 3812 3876 3812 3884 3876 3821 3813 3877 3813 3885 3877 3822 3814 3878 3814 3886 3878 3823 3815 3879 3815 3887 3879 3824 3816 3880 3816 3888 3880 3825 3817 3881 3817 3889 3881 3826 3818 3882 3818 3890 3882 3827 3819 3883 3819 3891 3883 3812 3804 3884 3804 3892 3884 3813 3805 3885 3805 3893 3885 3814 3806 3886 3806 3894 3886 3815 3807 3887 3807 3895 3887 3816 3808 3888 3808 3896 3888 3817 3809 3889 3809 3897 3889 3818 3810 3890 3810 3898 3890 3819 3811 3891 3811 3899 3891 3804 3796 3892 3796 3900 3892 3805 3797 3893 3797 3901 3893 3806 3798 3894 3798 3902 3894 3807 3799 3895 3799 3903 3895 3808 3800 3896 3800 3904 3896 3809 3801 3897 3801 3905 3897 3810 3802 3898 3802 3906 3898 3811 3803 3899 3803 3907 3899 3796 3788 3900 3788 3908 3900 3797 3789 3901 3789 3909 3901 3798 3790 3902 3790 3910 3902 3799 3791 3903 3791 3911 3903 3800 3792 3904 3792 3912 3904 3801 3793 3905 3793 3913 3905 3802 3794 3906 3794 3914 3906 3803 3795 3907 3795 3915 3907 3788 3780 3908 3780 3916 3908 3789 3781 3909 3781 3917 3909 3790 3782 3910 3782 3918 3910 3791 3783 3911 3783 3919 3911 3792 3784 3912 3784 3920 3912 3793 3785 3913 3785 3921 3913 3794 3786 3914 3786 3922 3914 3795 3787 3915 3787 3923 3915 3780 3772 3916 3772 3924 3916 3781 3773 3917 3773 3925 3917 3782 3774 3918 3774 3926 3918 3783 3775 3919 3775 3927 3919 3784 3776 3920 3776 3928 3920 3785 3777 3921 3777 3929 3921 3786 3778 3922 3778 3930 3922 3787 3779 3923 3779 3931 3923 3772 3764 3924 3764 3932 3924 3773 3765 3925 3765 3933 3925 3774 3766 3926 3766 3934 3926 3775 3767 3927 3767 3935 3927 3776 3768 3928 3768 3936 3928 3777 3769 3929 3769 3937 3929 3778 3770 3930 3770 3938 3930 3779 3771 3931 3771 3939 3931 3764 3756 3932 3756 3940 3932 3765 3757 3933 3757 3941 3933 3766 3758 3934 3758 3942 3934 3767 3759 3935 3759 3943 3935 3768 3760 3936 3760 3944 3936 3769 3761 3937 3761 3945 3937 3770 3762 3938 3762 3946 3938 3771 3763 3939 3763 3947 3939 3756 3748 3940 3748 3948 3940 3757 3749 3941 3749 3949 3941 3758 3750 3942 3750 3950 3942 3759 3751 3943 3751 3951 3943 3760 3752 3944 3752 3952 3944 3761 3753 3945 3753 3953 3945 3762 3754 3946 3754 3954 3946 3763 3755 3947 3755 3955 3947 3748 3740 3948 3740 3956 3948 3749 3741 3949 3741 3957 3949 3750 3742 3950 3742 3958 3950 3751 3743 3951 3743 3959 3951 3752 3744 3952 3744 3960 3952 3753 3745 3953 3745 3961 3953 3754 3746 3954 3746 3962 3954 3755 3747 3955 3747 3963 3955 3740 3732 3956 3732 3964 3956 3741 3733 3957 3733 3965 3957 3742 3734 3958 3734 3966 3958 3743 3735 3959 3735 3967 3959 3744 3736 3960 3736 3968 3960 3745 3737 3961 3737 3969 3961 3746 3738 3962 3738 3970 3962 3747 3739 3963 3739 3971 3963 3732 3724 3964 3724 3972 3964 3733 3725 3965 3725 3973 3965 3734 3726 3966 3726 3974 3966 3735 3727 3967 3727 3975 3967 3736 3728 3968 3728 3976 3968 3737 3729 3969 3729 3977 3969 3738 3730 3970 3730 3978 3970 3739 3731 3971 3731 3979 3971 10750 10751 3980 10766 10767 3981 10782 10783 3982 10798 10799 3983 10814 10815 3984 10830 10831 3985 10846 10847 3986 10862 10863 3987 10749 10750 3980 10765 10766 3981 10781 10782 3982 10797 10798 3983 10813 10814 3984 10829 10830 3985 10845 10846 3986 10861 10862 3987 10748 10749 3980 10764 10765 3981 10780 10781 3982 10796 10797 3983 10812 10813 3984 10828 10829 3985 10844 10845 3986 10860 10861 3987 10747 10748 3980 10763 10764 3981 10779 10780 3982 10795 10796 3983 10811 10812 3984 10827 10828 3985 10843 10844 3986 10859 10860 3987 10746 10747 3980 10762 10763 3981 10778 10779 3982 10794 10795 3983 10810 10811 3984 10826 10827 3985 10842 10843 3986 10858 10859 3987 10745 10746 3980 10761 10762 3981 10777 10778 3982 10793 10794 3983 10809 10810 3984 10825 10826 3985 10841 10842 3986 10857 10858 3987 10744 10745 3980 10760 10761 3981 10776 10777 3982 10792 10793 3983 10808 10809 3984 10824 10825 3985 10840 10841 3986 10856 10857 3987 10743 10744 3980 10759 10760 3981 10775 10776 3982 10791 10792 3983 10807 10808 3984 10823 10824 3985 10839 10840 3986 10855 10856 3987 10742 10743 3980 10758 10759 3981 10774 10775 3982 10790 10791 3983 10806 10807 3984 10822 10823 3985 10838 10839 3986 10854 10855 3987 10741 10742 3980 10757 10758 3981 10773 10774 3982 10789 10790 3983 10805 10806 3984 10821 10822 3985 10837 10838 3986 10853 10854 3987 10740 10741 3980 10756 10757 3981 10772 10773 3982 10788 10789 3983 10804 10805 3984 10820 10821 3985 10836 10837 3986 10852 10853 3987 10739 10740 3980 10755 10756 3981 10771 10772 3982 10787 10788 3983 10803 10804 3984 10819 10820 3985 10835 10836 3986 10851 10852 3987 10738 10739 3980 10754 10755 3981 10770 10771 3982 10786 10787 3983 10802 10803 3984 10818 10819 3985 10834 10835 3986 10850 10851 3987 10737 10738 3980 10753 10754 3981 10769 10770 3982 10785 10786 3983 10801 10802 3984 10817 10818 3985 10833 10834 3986 10849 10850 3987 10736 10737 3980 10752 10753 3981 10768 10769 3982 10784 10785 3983 10800 10801 3984 10816 10817 3985 10832 10833 3986 10848 10849 3987 10751 10736 3980 10767 10752 3981 10783 10768 3982 10799 10784 3983 10815 10800 3984 10831 10816 3985 10847 10832 3986 10863 10848 3987 3989 4004 3988 4004 4003 3988 4003 4002 3988 4002 4001 3988 4001 4000 3988 4000 3999 3988 3999 3998 3988 3998 3997 3988 3997 3996 3988 3996 3995 3988 3995 3994 3988 3994 3993 3988 3993 3992 3988 3992 3991 3988 3991 3990 3988 3990 3989 3988 4019 4020 10879 4020 10864 10879 4018 4019 10878 4019 10879 10878 4017 4018 10877 4018 10878 10877 4016 4017 10876 4017 10877 10876 4015 4016 10875 4016 10876 10875 4014 4015 10874 4015 10875 10874 4013 4014 10873 4014 10874 10873 4012 4013 10872 4013 10873 10872 4011 4012 10871 4012 10872 10871 4010 4011 10870 4011 10871 10870 4009 4010 10869 4010 10870 10869 4008 4009 10868 4009 10869 10868 4007 4008 10867 4008 10868 10867 4006 4007 10866 4007 10867 10866 4005 4006 10865 4006 10866 10865 4020 4005 10864 4005 10865 10864 4021 4036 4052 4036 4037 4052 4036 4035 4037 4035 4038 4037 4035 4034 4038 4034 4039 4038 4034 4033 4039 4033 4040 4039 4033 4032 4040 4032 4041 4040 4032 4031 4041 4031 4042 4041 4031 4030 4042 4030 4043 4042 4030 4029 4043 4029 4044 4043 4029 4028 4044 4028 4045 4044 4028 4027 4045 4027 4046 4045 4027 4026 4046 4026 4047 4046 4026 4025 4047 4025 4048 4047 4025 4024 4048 4024 4049 4048 4024 4023 4049 4023 4050 4049 4023 4022 4050 4022 4051 4050 4022 4021 4051 4021 4052 4051 10894 10895 4053 10893 10894 4053 10892 10893 4053 10891 10892 4053 10890 10891 4053 10889 10890 4053 10888 10889 4053 10887 10888 4053 10886 10887 4053 10885 10886 4053 10884 10885 4053 10883 10884 4053 10882 10883 4053 10881 10882 4053 10880 10881 4053 10895 10880 4053 4055 4070 4054 4070 4069 4054 4069 4068 4054 4068 4067 4054 4067 4066 4054 4066 4065 4054 4065 4064 4054 4064 4063 4054 4063 4062 4054 4062 4061 4054 4061 4060 4054 4060 4059 4054 4059 4058 4054 4058 4057 4054 4057 4056 4054 4056 4055 4054 4085 4086 10911 4086 10896 10911 4084 4085 10910 4085 10911 10910 4083 4084 10909 4084 10910 10909 4082 4083 10908 4083 10909 10908 4081 4082 10907 4082 10908 10907 4080 4081 10906 4081 10907 10906 4079 4080 10905 4080 10906 10905 4078 4079 10904 4079 10905 10904 4077 4078 10903 4078 10904 10903 4076 4077 10902 4077 10903 10902 4075 4076 10901 4076 10902 10901 4074 4075 10900 4075 10901 10900 4073 4074 10899 4074 10900 10899 4072 4073 10898 4073 10899 10898 4071 4072 10897 4072 10898 10897 4086 4071 10896 4071 10897 10896 4087 4102 4118 4102 4103 4118 4102 4101 4103 4101 4104 4103 4101 4100 4104 4100 4105 4104 4100 4099 4105 4099 4106 4105 4099 4098 4106 4098 4107 4106 4098 4097 4107 4097 4108 4107 4097 4096 4108 4096 4109 4108 4096 4095 4109 4095 4110 4109 4095 4094 4110 4094 4111 4110 4094 4093 4111 4093 4112 4111 4093 4092 4112 4092 4113 4112 4092 4091 4113 4091 4114 4113 4091 4090 4114 4090 4115 4114 4090 4089 4115 4089 4116 4115 4089 4088 4116 4088 4117 4116 4088 4087 4117 4087 4118 4117 10926 10927 4119 10925 10926 4119 10924 10925 4119 10923 10924 4119 10922 10923 4119 10921 10922 4119 10920 10921 4119 10919 10920 4119 10918 10919 4119 10917 10918 4119 10916 10917 4119 10915 10916 4119 10914 10915 4119 10913 10914 4119 10912 10913 4119 10927 10912 4119 4121 4136 4120 4136 4135 4120 4135 4134 4120 4134 4133 4120 4133 4132 4120 4132 4131 4120 4131 4130 4120 4130 4129 4120 4129 4128 4120 4128 4127 4120 4127 4126 4120 4126 4125 4120 4125 4124 4120 4124 4123 4120 4123 4122 4120 4122 4121 4120 4151 4152 10975 4152 10960 10975 4150 4151 10974 4151 10975 10974 4149 4150 10973 4150 10974 10973 4148 4149 10972 4149 10973 10972 4147 4148 10971 4148 10972 10971 4146 4147 10970 4147 10971 10970 4145 4146 10969 4146 10970 10969 4144 4145 10968 4145 10969 10968 4143 4144 10967 4144 10968 10967 4142 4143 10966 4143 10967 10966 4141 4142 10965 4142 10966 10965 4140 4141 10964 4141 10965 10964 4139 4140 10963 4140 10964 10963 4138 4139 10962 4139 10963 10962 4137 4138 10961 4138 10962 10961 4152 4137 10960 4137 10961 10960 4153 4168 4184 4168 4169 4184 4168 4167 4169 4167 4170 4169 4167 4166 4170 4166 4171 4170 4166 4165 4171 4165 4172 4171 4165 4164 4172 4164 4173 4172 4164 4163 4173 4163 4174 4173 4163 4162 4174 4162 4175 4174 4162 4161 4175 4161 4176 4175 4161 4160 4176 4160 4177 4176 4160 4159 4177 4159 4178 4177 4159 4158 4178 4158 4179 4178 4158 4157 4179 4157 4180 4179 4157 4156 4180 4156 4181 4180 4156 4155 4181 4155 4182 4181 4155 4154 4182 4154 4183 4182 4154 4153 4183 4153 4184 4183 10990 10991 4185 10989 10990 4185 10988 10989 4185 10987 10988 4185 10986 10987 4185 10985 10986 4185 10984 10985 4185 10983 10984 4185 10982 10983 4185 10981 10982 4185 10980 10981 4185 10979 10980 4185 10978 10979 4185 10977 10978 4185 10976 10977 4185 10991 10976 4185 4187 4202 4186 4202 4201 4186 4201 4200 4186 4200 4199 4186 4199 4198 4186 4198 4197 4186 4197 4196 4186 4196 4195 4186 4195 4194 4186 4194 4193 4186 4193 4192 4186 4192 4191 4186 4191 4190 4186 4190 4189 4186 4189 4188 4186 4188 4187 4186 4217 4218 11007 4218 10992 11007 4216 4217 11006 4217 11007 11006 4215 4216 11005 4216 11006 11005 4214 4215 11004 4215 11005 11004 4213 4214 11003 4214 11004 11003 4212 4213 11002 4213 11003 11002 4211 4212 11001 4212 11002 11001 4210 4211 11000 4211 11001 11000 4209 4210 10999 4210 11000 10999 4208 4209 10998 4209 10999 10998 4207 4208 10997 4208 10998 10997 4206 4207 10996 4207 10997 10996 4205 4206 10995 4206 10996 10995 4204 4205 10994 4205 10995 10994 4203 4204 10993 4204 10994 10993 4218 4203 10992 4203 10993 10992 4219 4234 4250 4234 4235 4250 4234 4233 4235 4233 4236 4235 4233 4232 4236 4232 4237 4236 4232 4231 4237 4231 4238 4237 4231 4230 4238 4230 4239 4238 4230 4229 4239 4229 4240 4239 4229 4228 4240 4228 4241 4240 4228 4227 4241 4227 4242 4241 4227 4226 4242 4226 4243 4242 4226 4225 4243 4225 4244 4243 4225 4224 4244 4224 4245 4244 4224 4223 4245 4223 4246 4245 4223 4222 4246 4222 4247 4246 4222 4221 4247 4221 4248 4247 4221 4220 4248 4220 4249 4248 4220 4219 4249 4219 4250 4249 11022 11023 4251 11021 11022 4251 11020 11021 4251 11019 11020 4251 11018 11019 4251 11017 11018 4251 11016 11017 4251 11015 11016 4251 11014 11015 4251 11013 11014 4251 11012 11013 4251 11011 11012 4251 11010 11011 4251 11009 11010 4251 11008 11009 4251 11023 11008 4251 4368 4367 4381 4367 4382 4381 4267 4368 4252 4368 4381 4252 4370 4369 4379 4369 4380 4379 4372 4371 4253 4371 4378 4253 4265 4266 4254 4266 4377 4254 4264 4265 4376 4265 4254 4376 4373 4264 4255 4264 4376 4255 4263 4373 4256 4373 4255 4256 4262 4263 4375 4263 4256 4375 4261 4262 4257 4262 4375 4257 4374 4260 4259 4260 4258 4259 4361 4272 10937 4272 4356 10937 4362 4270 10934 4270 4354 10934 4363 4269 10932 4269 4353 10932 4366 4268 4283 4268 10943 4283 4352 10928 4350 4282 4352 4350 4281 10931 4350 4280 4355 4350 4279 10936 4350 4277 4278 4350 4357 4275 4350 4351 4357 4350 4285 4300 4284 4300 4299 4284 4299 4298 4284 4298 4297 4284 4297 4296 4284 4296 4295 4284 4295 4294 4284 4294 4293 4284 4293 4292 4284 4292 4291 4284 4291 4290 4284 4290 4289 4284 4289 4288 4284 4288 4287 4284 4287 4286 4284 4286 4285 4284 4315 4316 11039 4316 11024 11039 4314 4315 11038 4315 11039 11038 4313 4314 11037 4314 11038 11037 4312 4313 11036 4313 11037 11036 4311 4312 11035 4312 11036 11035 4310 4311 11034 4311 11035 11034 4309 4310 11033 4310 11034 11033 4308 4309 11032 4309 11033 11032 4307 4308 11031 4308 11032 11031 4306 4307 11030 4307 11031 11030 4305 4306 11029 4306 11030 11029 4304 4305 11028 4305 11029 11028 4303 4304 11027 4304 11028 11027 4302 4303 11026 4303 11027 11026 4301 4302 11025 4302 11026 11025 4316 4301 11024 4301 11025 11024 4317 4332 4348 4332 4333 4348 4332 4331 4333 4331 4334 4333 4331 4330 4334 4330 4335 4334 4330 4329 4335 4329 4336 4335 4329 4328 4336 4328 4337 4336 4328 4327 4337 4327 4338 4337 4327 4326 4338 4326 4339 4338 4326 4325 4339 4325 4340 4339 4325 4324 4340 4324 4341 4340 4324 4323 4341 4323 4342 4341 4323 4322 4342 4322 4343 4342 4322 4321 4343 4321 4344 4343 4321 4320 4344 4320 4345 4344 4320 4319 4345 4319 4346 4345 4319 4318 4346 4318 4347 4346 4318 4317 4347 4317 4348 4347 11054 11055 4349 11053 11054 4349 11052 11053 4349 11051 11052 4349 11050 11051 4349 11049 11050 4349 11048 11049 4349 11047 11048 4349 11046 11047 4349 11045 11046 4349 11044 11045 4349 11043 11044 4349 11042 11043 4349 11041 11042 4349 11040 11041 4349 11055 11040 4349 4275 4276 4350 4276 4277 4350 4278 4279 4350 10936 4280 4350 4355 10933 4350 10933 4281 4350 10931 4282 4350 10928 4351 4350 4365 4366 10929 4366 4283 10929 4364 4365 10930 4365 10929 10930 4269 4364 4353 4364 10930 4353 4270 4363 4354 4363 10932 4354 4271 4362 10935 4362 10934 10935 4272 4271 4356 4271 10935 4356 4360 4361 10938 4361 10937 10938 4273 4360 10939 4360 10938 10939 4274 4273 10940 4273 10939 10940 4359 4274 10941 4274 10940 10941 4358 4359 10942 4359 10941 10942 4268 4358 10943 4358 10942 10943 4367 4374 4382 4374 4259 4382 4260 4261 4258 4261 4257 4258 4266 4372 4377 4372 4253 4377 4371 4370 4378 4370 4379 4378 4369 4267 4380 4267 4252 4380 10958 10959 4383 10957 10958 4383 10956 10957 4383 10955 10956 4383 10954 10955 4383 10953 10954 4383 10952 10953 4383 10951 10952 4383 10950 10951 4383 10949 10950 4383 10948 10949 4383 10947 10948 4383 10946 10947 4383 10945 10946 4383 10944 10945 4383 10959 10944 4383 4384 4399 4415 4399 4400 4415 4399 4398 4400 4398 4401 4400 4398 4397 4401 4397 4402 4401 4397 4396 4402 4396 4403 4402 4396 4395 4403 4395 4404 4403 4395 4394 4404 4394 4405 4404 4394 4393 4405 4393 4406 4405 4393 4392 4406 4392 4407 4406 4392 4391 4407 4391 4408 4407 4391 4390 4408 4390 4409 4408 4390 4389 4409 4389 4410 4409 4389 4388 4410 4388 4411 4410 4388 4387 4411 4387 4412 4411 4387 4386 4412 4386 4413 4412 4386 4385 4413 4385 4414 4413 4385 4384 4414 4384 4415 4414 11070 11071 4416 11069 11070 4416 11068 11069 4416 11067 11068 4416 11066 11067 4416 11065 11066 4416 11064 11065 4416 11063 11064 4416 11062 11063 4416 11061 11062 4416 11060 11061 4416 11059 11060 4416 11058 11059 4416 11057 11058 4416 11056 11057 4416 11071 11056 4416 4418 4433 4417 4433 4432 4417 4432 4431 4417 4431 4430 4417 4430 4429 4417 4429 4428 4417 4428 4427 4417 4427 4426 4417 4426 4425 4417 4425 4424 4417 4424 4423 4417 4423 4422 4417 4422 4421 4417 4421 4420 4417 4420 4419 4417 4419 4418 4417 4448 4449 11087 4449 11072 11087 4447 4448 11086 4448 11087 11086 4446 4447 11085 4447 11086 11085 4445 4446 11084 4446 11085 11084 4444 4445 11083 4445 11084 11083 4443 4444 11082 4444 11083 11082 4442 4443 11081 4443 11082 11081 4441 4442 11080 4442 11081 11080 4440 4441 11079 4441 11080 11079 4439 4440 11078 4440 11079 11078 4438 4439 11077 4439 11078 11077 4437 4438 11076 4438 11077 11076 4436 4437 11075 4437 11076 11075 4435 4436 11074 4436 11075 11074 4434 4435 11073 4435 11074 11073 4449 4434 11072 4434 11073 11072 4450 4465 4481 4465 4466 4481 4465 4464 4466 4464 4467 4466 4464 4463 4467 4463 4468 4467 4463 4462 4468 4462 4469 4468 4462 4461 4469 4461 4470 4469 4461 4460 4470 4460 4471 4470 4460 4459 4471 4459 4472 4471 4459 4458 4472 4458 4473 4472 4458 4457 4473 4457 4474 4473 4457 4456 4474 4456 4475 4474 4456 4455 4475 4455 4476 4475 4455 4454 4476 4454 4477 4476 4454 4453 4477 4453 4478 4477 4453 4452 4478 4452 4479 4478 4452 4451 4479 4451 4480 4479 4451 4450 4480 4450 4481 4480 11102 11103 4482 11101 11102 4482 11100 11101 4482 11099 11100 4482 11098 11099 4482 11097 11098 4482 11096 11097 4482 11095 11096 4482 11094 11095 4482 11093 11094 4482 11092 11093 4482 11091 11092 4482 11090 11091 4482 11089 11090 4482 11088 11089 4482 11103 11088 4482 4484 4499 4483 4499 4498 4483 4498 4497 4483 4497 4496 4483 4496 4495 4483 4495 4494 4483 4494 4493 4483 4493 4492 4483 4492 4491 4483 4491 4490 4483 4490 4489 4483 4489 4488 4483 4488 4487 4483 4487 4486 4483 4486 4485 4483 4485 4484 4483 4514 4515 11119 4515 11104 11119 4513 4514 11118 4514 11119 11118 4512 4513 11117 4513 11118 11117 4511 4512 11116 4512 11117 11116 4510 4511 11115 4511 11116 11115 4509 4510 11114 4510 11115 11114 4508 4509 11113 4509 11114 11113 4507 4508 11112 4508 11113 11112 4506 4507 11111 4507 11112 11111 4505 4506 11110 4506 11111 11110 4504 4505 11109 4505 11110 11109 4503 4504 11108 4504 11109 11108 4502 4503 11107 4503 11108 11107 4501 4502 11106 4502 11107 11106 4500 4501 11105 4501 11106 11105 4515 4500 11104 4500 11105 11104 4516 4531 4547 4531 4532 4547 4531 4530 4532 4530 4533 4532 4530 4529 4533 4529 4534 4533 4529 4528 4534 4528 4535 4534 4528 4527 4535 4527 4536 4535 4527 4526 4536 4526 4537 4536 4526 4525 4537 4525 4538 4537 4525 4524 4538 4524 4539 4538 4524 4523 4539 4523 4540 4539 4523 4522 4540 4522 4541 4540 4522 4521 4541 4521 4542 4541 4521 4520 4542 4520 4543 4542 4520 4519 4543 4519 4544 4543 4519 4518 4544 4518 4545 4544 4518 4517 4545 4517 4546 4545 4517 4516 4546 4516 4547 4546 11134 11135 4548 11133 11134 4548 11132 11133 4548 11131 11132 4548 11130 11131 4548 11129 11130 4548 11128 11129 4548 11127 11128 4548 11126 11127 4548 11125 11126 4548 11124 11125 4548 11123 11124 4548 11122 11123 4548 11121 11122 4548 11120 11121 4548 11135 11120 4548 4550 4565 4549 4565 4564 4549 4564 4563 4549 4563 4562 4549 4562 4561 4549 4561 4560 4549 4560 4559 4549 4559 4558 4549 4558 4557 4549 4557 4556 4549 4556 4555 4549 4555 4554 4549 4554 4553 4549 4553 4552 4549 4552 4551 4549 4551 4550 4549 4580 4581 11151 4581 11136 11151 4579 4580 11150 4580 11151 11150 4578 4579 11149 4579 11150 11149 4577 4578 11148 4578 11149 11148 4576 4577 11147 4577 11148 11147 4575 4576 11146 4576 11147 11146 4574 4575 11145 4575 11146 11145 4573 4574 11144 4574 11145 11144 4572 4573 11143 4573 11144 11143 4571 4572 11142 4572 11143 11142 4570 4571 11141 4571 11142 11141 4569 4570 11140 4570 11141 11140 4568 4569 11139 4569 11140 11139 4567 4568 11138 4568 11139 11138 4566 4567 11137 4567 11138 11137 4581 4566 11136 4566 11137 11136 4582 4597 4613 4597 4598 4613 4597 4596 4598 4596 4599 4598 4596 4595 4599 4595 4600 4599 4595 4594 4600 4594 4601 4600 4594 4593 4601 4593 4602 4601 4593 4592 4602 4592 4603 4602 4592 4591 4603 4591 4604 4603 4591 4590 4604 4590 4605 4604 4590 4589 4605 4589 4606 4605 4589 4588 4606 4588 4607 4606 4588 4587 4607 4587 4608 4607 4587 4586 4608 4586 4609 4608 4586 4585 4609 4585 4610 4609 4585 4584 4610 4584 4611 4610 4584 4583 4611 4583 4612 4611 4583 4582 4612 4582 4613 4612 11166 11167 4614 11165 11166 4614 11164 11165 4614 11163 11164 4614 11162 11163 4614 11161 11162 4614 11160 11161 4614 11159 11160 4614 11158 11159 4614 11157 11158 4614 11156 11157 4614 11155 11156 4614 11154 11155 4614 11153 11154 4614 11152 11153 4614 11167 11152 4614 4616 4631 4615 4631 4630 4615 4630 4629 4615 4629 4628 4615 4628 4627 4615 4627 4626 4615 4626 4625 4615 4625 4624 4615 4624 4623 4615 4623 4622 4615 4622 4621 4615 4621 4620 4615 4620 4619 4615 4619 4618 4615 4618 4617 4615 4617 4616 4615 4646 4647 11183 4647 11168 11183 4645 4646 11182 4646 11183 11182 4644 4645 11181 4645 11182 11181 4643 4644 11180 4644 11181 11180 4642 4643 11179 4643 11180 11179 4641 4642 11178 4642 11179 11178 4640 4641 11177 4641 11178 11177 4639 4640 11176 4640 11177 11176 4638 4639 11175 4639 11176 11175 4637 4638 11174 4638 11175 11174 4636 4637 11173 4637 11174 11173 4635 4636 11172 4636 11173 11172 4634 4635 11171 4635 11172 11171 4633 4634 11170 4634 11171 11170 4632 4633 11169 4633 11170 11169 4647 4632 11168 4632 11169 11168 4649 4772 4648 4772 4773 4648 4773 4774 4648 4774 4656 4648 4656 4775 4648 4775 4776 4648 4776 4655 4648 4655 4777 4648 4777 4654 4648 4654 4778 4648 4778 4653 4648 4653 4652 4648 4652 4651 4648 4651 4779 4648 4779 4650 4648 4650 4649 4648 4662 4764 11197 4764 11198 11197 4660 4661 11195 4661 11196 11195 4765 4659 11193 4659 11194 11193 4771 4770 11186 4770 11187 11186 4664 4657 11184 4657 11185 11184 4763 4673 11215 4673 4674 11215 4673 4672 4674 4672 4756 4674 4672 4757 4756 4757 4755 4756 4757 4758 4755 4758 4754 4755 4758 4671 4754 4671 4753 4754 4671 4670 4753 4670 11205 4753 4759 4760 4675 4760 4751 4675 4760 4669 4751 4669 11208 4751 4761 4668 4677 4668 11210 4677 4762 4667 4678 4667 4749 4678 4667 4666 4749 4666 4679 4749 4666 4665 4679 4665 11214 4679 4748 4680 4681 11211 11212 4681 11209 4750 4681 4676 11209 4681 11206 11207 4681 11204 4752 4681 11202 11203 4681 11201 11202 4681 4683 4698 4682 4698 4697 4682 4697 4696 4682 4696 4695 4682 4695 4694 4682 4694 4693 4682 4693 4692 4682 4692 4691 4682 4691 4690 4682 4690 4689 4682 4689 4688 4682 4688 4687 4682 4687 4686 4682 4686 4685 4682 4685 4684 4682 4684 4683 4682 4713 4714 11231 4714 11216 11231 4712 4713 11230 4713 11231 11230 4711 4712 11229 4712 11230 11229 4710 4711 11228 4711 11229 11228 4709 4710 11227 4710 11228 11227 4708 4709 11226 4709 11227 11226 4707 4708 11225 4708 11226 11225 4706 4707 11224 4707 11225 11224 4705 4706 11223 4706 11224 11223 4704 4705 11222 4705 11223 11222 4703 4704 11221 4704 11222 11221 4702 4703 11220 4703 11221 11220 4701 4702 11219 4702 11220 11219 4700 4701 11218 4701 11219 11218 4699 4700 11217 4700 11218 11217 4714 4699 11216 4699 11217 11216 4715 4730 4746 4730 4731 4746 4730 4729 4731 4729 4732 4731 4729 4728 4732 4728 4733 4732 4728 4727 4733 4727 4734 4733 4727 4726 4734 4726 4735 4734 4726 4725 4735 4725 4736 4735 4725 4724 4736 4724 4737 4736 4724 4723 4737 4723 4738 4737 4723 4722 4738 4722 4739 4738 4722 4721 4739 4721 4740 4739 4721 4720 4740 4720 4741 4740 4720 4719 4741 4719 4742 4741 4719 4718 4742 4718 4743 4742 4718 4717 4743 4717 4744 4743 4717 4716 4744 4716 4745 4744 4716 4715 4745 4715 4746 4745 11246 11247 4747 11245 11246 4747 11244 11245 4747 11243 11244 4747 11242 11243 4747 11241 11242 4747 11240 11241 4747 11239 11240 4747 11238 11239 4747 11237 11238 4747 11236 11237 4747 11235 11236 4747 11234 11235 4747 11233 11234 4747 11232 11233 4747 11247 11232 4747 4680 11200 4681 11200 11201 4681 11203 11204 4681 4752 11206 4681 11207 4676 4681 4750 11211 4681 11212 11213 4681 11213 4748 4681 4665 4763 11214 4763 11215 11214 4668 4762 11210 4762 4678 11210 4669 4761 11208 4761 4677 11208 4670 4759 11205 4759 4675 11205 4657 4771 11185 4771 11186 11185 4770 4769 11187 4769 11188 11187 4769 4768 11188 4768 11189 11188 4768 4658 11189 4658 11190 11189 4658 4767 11190 4767 11191 11190 4767 4766 11191 4766 11192 11191 4766 4765 11192 4765 11193 11192 4659 4660 11194 4660 11195 11194 4661 4662 11196 4662 11197 11196 4764 4663 11198 4663 11199 11198 4663 4664 11199 4664 11184 11199 4781 4796 4780 4796 4795 4780 4795 4794 4780 4794 4793 4780 4793 4792 4780 4792 4791 4780 4791 4790 4780 4790 4789 4780 4789 4788 4780 4788 4787 4780 4787 4786 4780 4786 4785 4780 4785 4784 4780 4784 4783 4780 4783 4782 4780 4782 4781 4780 4811 4812 11263 4812 11248 11263 4810 4811 11262 4811 11263 11262 4809 4810 11261 4810 11262 11261 4808 4809 11260 4809 11261 11260 4807 4808 11259 4808 11260 11259 4806 4807 11258 4807 11259 11258 4805 4806 11257 4806 11258 11257 4804 4805 11256 4805 11257 11256 4803 4804 11255 4804 11256 11255 4802 4803 11254 4803 11255 11254 4801 4802 11253 4802 11254 11253 4800 4801 11252 4801 11253 11252 4799 4800 11251 4800 11252 11251 4798 4799 11250 4799 11251 11250 4797 4798 11249 4798 11250 11249 4812 4797 11248 4797 11249 11248 4813 4828 4844 4828 4829 4844 4828 4827 4829 4827 4830 4829 4827 4826 4830 4826 4831 4830 4826 4825 4831 4825 4832 4831 4825 4824 4832 4824 4833 4832 4824 4823 4833 4823 4834 4833 4823 4822 4834 4822 4835 4834 4822 4821 4835 4821 4836 4835 4821 4820 4836 4820 4837 4836 4820 4819 4837 4819 4838 4837 4819 4818 4838 4818 4839 4838 4818 4817 4839 4817 4840 4839 4817 4816 4840 4816 4841 4840 4816 4815 4841 4815 4842 4841 4815 4814 4842 4814 4843 4842 4814 4813 4843 4813 4844 4843 11278 11279 4845 11277 11278 4845 11276 11277 4845 11275 11276 4845 11274 11275 4845 11273 11274 4845 11272 11273 4845 11271 11272 4845 11270 11271 4845 11269 11270 4845 11268 11269 4845 11267 11268 4845 11266 11267 4845 11265 11266 4845 11264 11265 4845 11279 11264 4845 4847 4862 4846 4862 4861 4846 4861 4860 4846 4860 4859 4846 4859 4858 4846 4858 4857 4846 4857 4856 4846 4856 4855 4846 4855 4854 4846 4854 4853 4846 4853 4852 4846 4852 4851 4846 4851 4850 4846 4850 4849 4846 4849 4848 4846 4848 4847 4846 4877 4878 11295 4878 11280 11295 4876 4877 11294 4877 11295 11294 4875 4876 11293 4876 11294 11293 4874 4875 11292 4875 11293 11292 4873 4874 11291 4874 11292 11291 4872 4873 11290 4873 11291 11290 4871 4872 11289 4872 11290 11289 4870 4871 11288 4871 11289 11288 4869 4870 11287 4870 11288 11287 4868 4869 11286 4869 11287 11286 4867 4868 11285 4868 11286 11285 4866 4867 11284 4867 11285 11284 4865 4866 11283 4866 11284 11283 4864 4865 11282 4865 11283 11282 4863 4864 11281 4864 11282 11281 4878 4863 11280 4863 11281 11280 4879 4894 4910 4894 4895 4910 4894 4893 4895 4893 4896 4895 4893 4892 4896 4892 4897 4896 4892 4891 4897 4891 4898 4897 4891 4890 4898 4890 4899 4898 4890 4889 4899 4889 4900 4899 4889 4888 4900 4888 4901 4900 4888 4887 4901 4887 4902 4901 4887 4886 4902 4886 4903 4902 4886 4885 4903 4885 4904 4903 4885 4884 4904 4884 4905 4904 4884 4883 4905 4883 4906 4905 4883 4882 4906 4882 4907 4906 4882 4881 4907 4881 4908 4907 4881 4880 4908 4880 4909 4908 4880 4879 4909 4879 4910 4909 11310 11311 4911 11309 11310 4911 11308 11309 4911 11307 11308 4911 11306 11307 4911 11305 11306 4911 11304 11305 4911 11303 11304 4911 11302 11303 4911 11301 11302 4911 11300 11301 4911 11299 11300 4911 11298 11299 4911 11297 11298 4911 11296 11297 4911 11311 11296 4911 11343 4912 4918 4912 4930 4918 4967 11342 4920 11342 4919 4920 11336 4923 4971 4923 4924 4971 11334 4925 4973 4925 4926 4973 4975 11331 4929 11331 4928 4929 11328 4966 4956 4966 4962 4956 4966 4917 4962 4917 4931 4962 4917 11341 4931 11341 4961 4931 11341 4968 4961 4968 4932 4961 4915 4970 11320 4970 4934 11320 11335 4958 4970 4958 4934 4970 11333 4936 4972 4936 11317 4972 4974 4957 11333 4957 4936 11333 4914 4937 4974 4937 4957 4974 4914 11330 4937 11330 4938 4937 4913 4939 11330 4939 4938 11330 11328 4956 4913 4956 4939 4913 11314 11313 4943 11313 4942 4943 11316 4955 4935 4955 4945 4935 11318 4935 4946 4935 4945 4946 4959 11319 4953 11319 4954 4953 4960 4952 4933 4952 4951 4933 11324 11323 4947 11323 4950 4947 4948 4949 11325 4949 11326 11325 4949 4940 11326 4940 11327 11326 11325 11324 4948 11324 4947 4948 11323 4933 4950 4933 4951 4950 4959 4953 4960 4953 4952 4960 11318 4946 11319 4946 4954 11319 11315 4944 11316 4944 4955 11316 11314 4943 11315 4943 4944 11315 11312 4941 11313 4941 4942 11313 11327 4940 11312 4940 4941 11312 11335 4972 4958 4972 11317 4958 4915 11320 4969 11320 11321 4969 4969 11321 4916 11321 11322 4916 4968 4916 4932 4916 11322 4932 4930 4912 4963 4912 11329 4963 4975 4929 11329 4929 4963 11329 11332 4927 11331 4927 4928 11331 4973 4926 11332 4926 4927 11332 11334 4971 4925 4971 4924 4925 11336 11337 4923 11337 4964 4923 11338 4965 11337 4965 4964 11337 11339 4922 11338 4922 4965 11338 11339 11340 4922 11340 4921 4922 11340 4967 4921 4967 4920 4921 11342 11343 4919 11343 4918 4919 4991 4976 4992 4976 5007 4992 4990 4991 4993 4991 4992 4993 4989 4990 4994 4990 4993 4994 4988 4989 4995 4989 4994 4995 4987 4988 4996 4988 4995 4996 4987 4996 4986 4996 4997 4986 4986 4997 4985 4997 4998 4985 4984 4985 4999 4985 4998 4999 4984 4999 4983 4999 5000 4983 4982 4983 5001 4983 5000 5001 4982 5001 4981 5001 5002 4981 4981 5002 4980 5002 5003 4980 4980 5003 4979 5003 5004 4979 4978 4979 5005 4979 5004 5005 4978 5005 4977 5005 5006 4977 5007 4976 5006 4976 4977 5006 11344 11345 5023 11345 5008 5023 11345 11346 5008 11346 5009 5008 11346 11347 5009 11347 5010 5009 11347 11348 5010 11348 5011 5010 11348 11349 5011 11349 5012 5011 11350 5013 11349 5013 5012 11349 11351 5014 11350 5014 5013 11350 11351 11352 5014 11352 5015 5014 11353 5016 11352 5016 5015 11352 11353 11354 5016 11354 5017 5016 11355 5018 11354 5018 5017 11354 11356 5019 11355 5019 5018 11355 11357 5020 11356 5020 5019 11356 11357 11358 5020 11358 5021 5020 11359 5022 11358 5022 5021 11358 11344 5023 11359 5023 5022 11359 11375 5024 11374 5024 5025 11374 11374 5025 11373 5025 5026 11373 11372 11373 5027 11373 5026 5027 11372 5027 11371 5027 5028 11371 11371 5028 11370 5028 5029 11370 11370 5029 11369 5029 5030 11369 11368 11369 5031 11369 5030 5031 11368 5031 11367 5031 5032 11367 11366 11367 5033 11367 5032 5033 11366 5033 11365 5033 5034 11365 11365 5034 11364 5034 5035 11364 11363 11364 5036 11364 5035 5036 11362 11363 5037 11363 5036 5037 11361 11362 5038 11362 5037 5038 5038 5039 11361 5039 11360 11361 5039 5024 11360 5024 11375 11360 5055 5040 5056 5040 5071 5056 5054 5055 5057 5055 5056 5057 5053 5054 5058 5054 5057 5058 5052 5053 5059 5053 5058 5059 5051 5052 5060 5052 5059 5060 5051 5060 5050 5060 5061 5050 5050 5061 5049 5061 5062 5049 5048 5049 5063 5049 5062 5063 5048 5063 5047 5063 5064 5047 5046 5047 5065 5047 5064 5065 5046 5065 5045 5065 5066 5045 5045 5066 5044 5066 5067 5044 5044 5067 5043 5067 5068 5043 5042 5043 5069 5043 5068 5069 5042 5069 5041 5069 5070 5041 5071 5040 5070 5040 5041 5070 11376 11377 5087 11377 5072 5087 11377 11378 5072 11378 5073 5072 11378 11379 5073 11379 5074 5073 11379 11380 5074 11380 5075 5074 11380 11381 5075 11381 5076 5075 11382 5077 11381 5077 5076 11381 11383 5078 11382 5078 5077 11382 11383 11384 5078 11384 5079 5078 11385 5080 11384 5080 5079 11384 11385 11386 5080 11386 5081 5080 11387 5082 11386 5082 5081 11386 11388 5083 11387 5083 5082 11387 11389 5084 11388 5084 5083 11388 11389 11390 5084 11390 5085 5084 11391 5086 11390 5086 5085 11390 11376 5087 11391 5087 5086 11391 11407 5088 11406 5088 5089 11406 11406 5089 11405 5089 5090 11405 11404 11405 5091 11405 5090 5091 11404 5091 11403 5091 5092 11403 11403 5092 11402 5092 5093 11402 11402 5093 11401 5093 5094 11401 11400 11401 5095 11401 5094 5095 11400 5095 11399 5095 5096 11399 11398 11399 5097 11399 5096 5097 11398 5097 11397 5097 5098 11397 11397 5098 11396 5098 5099 11396 11395 11396 5100 11396 5099 5100 11394 11395 5101 11395 5100 5101 11393 11394 5102 11394 5101 5102 5102 5103 11393 5103 11392 11393 5103 5088 11392 5088 11407 11392 5104 5119 5135 5119 5120 5135 5105 5104 5134 5104 5135 5134 5134 5133 5105 5133 5106 5105 5133 5132 5106 5132 5107 5106 5132 5131 5107 5131 5108 5107 5130 5109 5131 5109 5108 5131 5129 5110 5130 5110 5109 5130 5129 5128 5110 5128 5111 5110 5127 5112 5128 5112 5111 5128 5127 5126 5112 5126 5113 5112 5125 5114 5126 5114 5113 5126 5124 5115 5125 5115 5114 5125 5123 5116 5124 5116 5115 5124 5123 5122 5116 5122 5117 5116 5121 5118 5122 5118 5117 5122 5120 5119 5121 5119 5118 5121 5167 11408 5166 11408 11423 5166 5166 11423 5165 11423 11422 5165 5164 5165 11421 5165 11422 11421 5164 11421 5163 11421 11420 5163 5163 11420 5162 11420 11419 5162 5162 11419 5161 11419 11418 5161 5160 5161 11417 5161 11418 11417 5160 11417 5159 11417 11416 5159 5158 5159 11415 5159 11416 11415 5158 11415 5157 11415 11414 5157 5157 11414 5156 11414 11413 5156 5155 5156 11412 5156 11413 11412 5154 5155 11411 5155 11412 11411 5153 5154 11410 5154 11411 11410 5152 5153 11409 5153 11410 11409 5167 5152 11408 5152 11409 11408 5136 11439 5137 11439 11438 5137 11437 5138 11438 5138 5137 11438 11437 11436 5138 11436 5139 5138 11435 5140 11436 5140 5139 11436 11434 5141 11435 5141 5140 11435 11433 5142 11434 5142 5141 11434 11433 11432 5142 11432 5143 5142 11431 5144 11432 5144 5143 11432 11431 11430 5144 11430 5145 5144 11429 5146 11430 5146 5145 11430 11428 5147 11429 5147 5146 11429 11428 11427 5147 11427 5148 5147 11427 11426 5148 11426 5149 5148 11426 11425 5149 11425 5150 5149 11425 11424 5150 11424 5151 5150 11424 11439 5151 11439 5136 5151 5168 5183 5199 5183 5184 5199 5169 5168 5198 5168 5199 5198 5198 5197 5169 5197 5170 5169 5197 5196 5170 5196 5171 5170 5196 5195 5171 5195 5172 5171 5194 5173 5195 5173 5172 5195 5193 5174 5194 5174 5173 5194 5193 5192 5174 5192 5175 5174 5191 5176 5192 5176 5175 5192 5191 5190 5176 5190 5177 5176 5189 5178 5190 5178 5177 5190 5188 5179 5189 5179 5178 5189 5187 5180 5188 5180 5179 5188 5187 5186 5180 5186 5181 5180 5185 5182 5186 5182 5181 5186 5184 5183 5185 5183 5182 5185 5231 11440 5230 11440 11455 5230 5230 11455 5229 11455 11454 5229 5228 5229 11453 5229 11454 11453 5228 11453 5227 11453 11452 5227 5227 11452 5226 11452 11451 5226 5226 11451 5225 11451 11450 5225 5224 5225 11449 5225 11450 11449 5224 11449 5223 11449 11448 5223 5222 5223 11447 5223 11448 11447 5222 11447 5221 11447 11446 5221 5221 11446 5220 11446 11445 5220 5219 5220 11444 5220 11445 11444 5218 5219 11443 5219 11444 11443 5217 5218 11442 5218 11443 11442 5216 5217 11441 5217 11442 11441 5231 5216 11440 5216 11441 11440 5200 11471 5201 11471 11470 5201 11469 5202 11470 5202 5201 11470 11469 11468 5202 11468 5203 5202 11467 5204 11468 5204 5203 11468 11466 5205 11467 5205 5204 11467 11465 5206 11466 5206 5205 11466 11465 11464 5206 11464 5207 5206 11463 5208 11464 5208 5207 11464 11463 11462 5208 11462 5209 5208 11461 5210 11462 5210 5209 11462 11460 5211 11461 5211 5210 11461 11460 11459 5211 11459 5212 5211 11459 11458 5212 11458 5213 5212 11458 11457 5213 11457 5214 5213 11457 11456 5214 11456 5215 5214 11456 11471 5215 11471 5200 5215 5232 5247 5263 5247 5248 5263 5233 5232 5262 5232 5263 5262 5262 5261 5233 5261 5234 5233 5261 5260 5234 5260 5235 5234 5260 5259 5235 5259 5236 5235 5258 5237 5259 5237 5236 5259 5257 5238 5258 5238 5237 5258 5257 5256 5238 5256 5239 5238 5255 5240 5256 5240 5239 5256 5255 5254 5240 5254 5241 5240 5253 5242 5254 5242 5241 5254 5252 5243 5253 5243 5242 5253 5251 5244 5252 5244 5243 5252 5251 5250 5244 5250 5245 5244 5249 5246 5250 5246 5245 5250 5248 5247 5249 5247 5246 5249 5295 11472 5294 11472 11487 5294 5294 11487 5293 11487 11486 5293 5292 5293 11485 5293 11486 11485 5292 11485 5291 11485 11484 5291 5291 11484 5290 11484 11483 5290 5290 11483 5289 11483 11482 5289 5288 5289 11481 5289 11482 11481 5288 11481 5287 11481 11480 5287 5286 5287 11479 5287 11480 11479 5286 11479 5285 11479 11478 5285 5285 11478 5284 11478 11477 5284 5283 5284 11476 5284 11477 11476 5282 5283 11475 5283 11476 11475 5281 5282 11474 5282 11475 11474 5280 5281 11473 5281 11474 11473 5295 5280 11472 5280 11473 11472 5264 11503 5265 11503 11502 5265 11501 5266 11502 5266 5265 11502 11501 11500 5266 11500 5267 5266 11499 5268 11500 5268 5267 11500 11498 5269 11499 5269 5268 11499 11497 5270 11498 5270 5269 11498 11497 11496 5270 11496 5271 5270 11495 5272 11496 5272 5271 11496 11495 11494 5272 11494 5273 5272 11493 5274 11494 5274 5273 11494 11492 5275 11493 5275 5274 11493 11492 11491 5275 11491 5276 5275 11491 11490 5276 11490 5277 5276 11490 11489 5277 11489 5278 5277 11489 11488 5278 11488 5279 5278 11488 11503 5279 11503 5264 5279 5311 5296 5312 5296 5327 5312 5310 5311 5313 5311 5312 5313 5309 5310 5314 5310 5313 5314 5308 5309 5315 5309 5314 5315 5307 5308 5316 5308 5315 5316 5307 5316 5306 5316 5317 5306 5306 5317 5305 5317 5318 5305 5304 5305 5319 5305 5318 5319 5304 5319 5303 5319 5320 5303 5302 5303 5321 5303 5320 5321 5302 5321 5301 5321 5322 5301 5301 5322 5300 5322 5323 5300 5300 5323 5299 5323 5324 5299 5298 5299 5325 5299 5324 5325 5298 5325 5297 5325 5326 5297 5327 5296 5326 5296 5297 5326 11504 11505 5343 11505 5328 5343 11505 11506 5328 11506 5329 5328 11506 11507 5329 11507 5330 5329 11507 11508 5330 11508 5331 5330 11508 11509 5331 11509 5332 5331 11510 5333 11509 5333 5332 11509 11511 5334 11510 5334 5333 11510 11511 11512 5334 11512 5335 5334 11513 5336 11512 5336 5335 11512 11513 11514 5336 11514 5337 5336 11515 5338 11514 5338 5337 11514 11516 5339 11515 5339 5338 11515 11517 5340 11516 5340 5339 11516 11517 11518 5340 11518 5341 5340 11519 5342 11518 5342 5341 11518 11504 5343 11519 5343 5342 11519 11535 5344 11534 5344 5345 11534 11534 5345 11533 5345 5346 11533 11532 11533 5347 11533 5346 5347 11532 5347 11531 5347 5348 11531 11531 5348 11530 5348 5349 11530 11530 5349 11529 5349 5350 11529 11528 11529 5351 11529 5350 5351 11528 5351 11527 5351 5352 11527 11526 11527 5353 11527 5352 5353 11526 5353 11525 5353 5354 11525 11525 5354 11524 5354 5355 11524 11523 11524 5356 11524 5355 5356 11522 11523 5357 11523 5356 5357 11521 11522 5358 11522 5357 5358 5358 5359 11521 5359 11520 11521 5359 5344 11520 5344 11535 11520 5360 5375 5391 5375 5376 5391 5361 5360 5390 5360 5391 5390 5390 5389 5361 5389 5362 5361 5389 5388 5362 5388 5363 5362 5388 5387 5363 5387 5364 5363 5386 5365 5387 5365 5364 5387 5385 5366 5386 5366 5365 5386 5385 5384 5366 5384 5367 5366 5383 5368 5384 5368 5367 5384 5383 5382 5368 5382 5369 5368 5381 5370 5382 5370 5369 5382 5380 5371 5381 5371 5370 5381 5379 5372 5380 5372 5371 5380 5379 5378 5372 5378 5373 5372 5377 5374 5378 5374 5373 5378 5376 5375 5377 5375 5374 5377 5423 11536 5422 11536 11551 5422 5422 11551 5421 11551 11550 5421 5420 5421 11549 5421 11550 11549 5420 11549 5419 11549 11548 5419 5419 11548 5418 11548 11547 5418 5418 11547 5417 11547 11546 5417 5416 5417 11545 5417 11546 11545 5416 11545 5415 11545 11544 5415 5414 5415 11543 5415 11544 11543 5414 11543 5413 11543 11542 5413 5413 11542 5412 11542 11541 5412 5411 5412 11540 5412 11541 11540 5410 5411 11539 5411 11540 11539 5409 5410 11538 5410 11539 11538 5408 5409 11537 5409 11538 11537 5423 5408 11536 5408 11537 11536 5392 11567 5393 11567 11566 5393 11565 5394 11566 5394 5393 11566 11565 11564 5394 11564 5395 5394 11563 5396 11564 5396 5395 11564 11562 5397 11563 5397 5396 11563 11561 5398 11562 5398 5397 11562 11561 11560 5398 11560 5399 5398 11559 5400 11560 5400 5399 11560 11559 11558 5400 11558 5401 5400 11557 5402 11558 5402 5401 11558 11556 5403 11557 5403 5402 11557 11556 11555 5403 11555 5404 5403 11555 11554 5404 11554 5405 5404 11554 11553 5405 11553 5406 5405 11553 11552 5406 11552 5407 5406 11552 11567 5407 11567 5392 5407 5439 5424 5440 5424 5455 5440 5438 5439 5441 5439 5440 5441 5437 5438 5442 5438 5441 5442 5436 5437 5443 5437 5442 5443 5435 5436 5444 5436 5443 5444 5435 5444 5434 5444 5445 5434 5434 5445 5433 5445 5446 5433 5432 5433 5447 5433 5446 5447 5432 5447 5431 5447 5448 5431 5430 5431 5449 5431 5448 5449 5430 5449 5429 5449 5450 5429 5429 5450 5428 5450 5451 5428 5428 5451 5427 5451 5452 5427 5426 5427 5453 5427 5452 5453 5426 5453 5425 5453 5454 5425 5455 5424 5454 5424 5425 5454 11568 11569 5471 11569 5456 5471 11569 11570 5456 11570 5457 5456 11570 11571 5457 11571 5458 5457 11571 11572 5458 11572 5459 5458 11572 11573 5459 11573 5460 5459 11574 5461 11573 5461 5460 11573 11575 5462 11574 5462 5461 11574 11575 11576 5462 11576 5463 5462 11577 5464 11576 5464 5463 11576 11577 11578 5464 11578 5465 5464 11579 5466 11578 5466 5465 11578 11580 5467 11579 5467 5466 11579 11581 5468 11580 5468 5467 11580 11581 11582 5468 11582 5469 5468 11583 5470 11582 5470 5469 11582 11568 5471 11583 5471 5470 11583 11599 5472 11598 5472 5473 11598 11598 5473 11597 5473 5474 11597 11596 11597 5475 11597 5474 5475 11596 5475 11595 5475 5476 11595 11595 5476 11594 5476 5477 11594 11594 5477 11593 5477 5478 11593 11592 11593 5479 11593 5478 5479 11592 5479 11591 5479 5480 11591 11590 11591 5481 11591 5480 5481 11590 5481 11589 5481 5482 11589 11589 5482 11588 5482 5483 11588 11587 11588 5484 11588 5483 5484 11586 11587 5485 11587 5484 5485 11585 11586 5486 11586 5485 5486 5486 5487 11585 5487 11584 11585 5487 5472 11584 5472 11599 11584 5488 5497 5503 5497 5545 5503 5489 5488 5536 5488 5503 5536 5536 5537 5489 5537 5490 5489 5537 5538 5490 5538 5491 5490 5538 11608 5491 11608 5551 5491 11610 5493 5539 5493 5492 5539 11614 5548 5542 5548 5549 5542 5498 5547 11615 5547 5495 11615 5498 11601 5547 11601 5496 5547 5522 11629 11600 11629 5543 11600 5522 11600 5518 11600 5499 5518 5518 5499 5517 5499 5500 5517 11622 5540 5525 5540 11609 5525 5526 11620 11607 11620 5502 11607 5513 5526 11606 5526 11607 11606 5527 5513 11605 5513 11606 11605 5512 5527 11604 5527 11605 11604 11631 5512 11603 5512 11604 11603 5535 5520 5504 5520 5519 5504 5516 5523 5532 5523 5507 5532 5515 5508 5523 5508 5507 5523 5514 5510 11621 5510 5531 11621 5514 11619 5510 11619 5530 5510 11618 11617 5529 11617 5528 5529 11617 11616 5528 11616 5511 5528 11616 5520 5511 5520 5535 5511 11619 11618 5530 11618 5529 5530 11621 5531 5524 5531 5509 5524 5515 5524 5508 5524 5509 5508 5516 5532 11626 5532 5506 11626 11626 5506 11627 5506 5533 11627 11627 5533 11628 5533 5534 11628 5521 11628 5505 11628 5534 5505 5521 5505 5519 5505 5504 5519 5525 11609 11620 11609 5502 11620 11622 11623 5540 11623 5501 5540 11624 5541 11623 5541 5501 11623 11624 11625 5541 11625 11613 5541 5517 5500 11625 5500 11613 11625 11630 5544 11629 5544 5543 11629 11631 11603 11630 11603 5544 11630 5545 5497 11602 5497 5546 11602 11602 5546 11601 5546 5496 11601 11615 5495 11614 5495 5548 11614 11612 5542 5494 5542 5549 5494 11612 5494 11611 5494 5550 11611 11610 11611 5493 11611 5550 5493 5539 5492 11608 5492 5551 11608 5553 5568 5552 5568 5567 5552 5567 5566 5552 5566 5565 5552 5565 5564 5552 5564 5563 5552 5563 5562 5552 5562 5561 5552 5561 5560 5552 5560 5559 5552 5559 5558 5552 5558 5557 5552 5557 5556 5552 5556 5555 5552 5555 5554 5552 5554 5553 5552 5583 5584 11647 5584 11632 11647 5582 5583 11646 5583 11647 11646 5581 5582 11645 5582 11646 11645 5580 5581 11644 5581 11645 11644 5579 5580 11643 5580 11644 11643 5578 5579 11642 5579 11643 11642 5577 5578 11641 5578 11642 11641 5576 5577 11640 5577 11641 11640 5575 5576 11639 5576 11640 11639 5574 5575 11638 5575 11639 11638 5573 5574 11637 5574 11638 11637 5572 5573 11636 5573 11637 11636 5571 5572 11635 5572 11636 11635 5570 5571 11634 5571 11635 11634 5569 5570 11633 5570 11634 11633 5584 5569 11632 5569 11633 11632 5585 5600 5616 5600 5601 5616 5600 5599 5601 5599 5602 5601 5599 5598 5602 5598 5603 5602 5598 5597 5603 5597 5604 5603 5597 5596 5604 5596 5605 5604 5596 5595 5605 5595 5606 5605 5595 5594 5606 5594 5607 5606 5594 5593 5607 5593 5608 5607 5593 5592 5608 5592 5609 5608 5592 5591 5609 5591 5610 5609 5591 5590 5610 5590 5611 5610 5590 5589 5611 5589 5612 5611 5589 5588 5612 5588 5613 5612 5588 5587 5613 5587 5614 5613 5587 5586 5614 5586 5615 5614 5586 5585 5615 5585 5616 5615 11662 11663 5617 11661 11662 5617 11660 11661 5617 11659 11660 5617 11658 11659 5617 11657 11658 5617 11656 11657 5617 11655 11656 5617 11654 11655 5617 11653 11654 5617 11652 11653 5617 11651 11652 5617 11650 11651 5617 11649 11650 5617 11648 11649 5617 11663 11648 5617 5619 5634 5618 5634 5633 5618 5633 5632 5618 5632 5631 5618 5631 5630 5618 5630 5629 5618 5629 5628 5618 5628 5627 5618 5627 5626 5618 5626 5625 5618 5625 5624 5618 5624 5623 5618 5623 5622 5618 5622 5621 5618 5621 5620 5618 5620 5619 5618 5649 5650 11679 5650 11664 11679 5648 5649 11678 5649 11679 11678 5647 5648 11677 5648 11678 11677 5646 5647 11676 5647 11677 11676 5645 5646 11675 5646 11676 11675 5644 5645 11674 5645 11675 11674 5643 5644 11673 5644 11674 11673 5642 5643 11672 5643 11673 11672 5641 5642 11671 5642 11672 11671 5640 5641 11670 5641 11671 11670 5639 5640 11669 5640 11670 11669 5638 5639 11668 5639 11669 11668 5637 5638 11667 5638 11668 11667 5636 5637 11666 5637 11667 11666 5635 5636 11665 5636 11666 11665 5650 5635 11664 5635 11665 11664 5651 5666 5682 5666 5667 5682 5666 5665 5667 5665 5668 5667 5665 5664 5668 5664 5669 5668 5664 5663 5669 5663 5670 5669 5663 5662 5670 5662 5671 5670 5662 5661 5671 5661 5672 5671 5661 5660 5672 5660 5673 5672 5660 5659 5673 5659 5674 5673 5659 5658 5674 5658 5675 5674 5658 5657 5675 5657 5676 5675 5657 5656 5676 5656 5677 5676 5656 5655 5677 5655 5678 5677 5655 5654 5678 5654 5679 5678 5654 5653 5679 5653 5680 5679 5653 5652 5680 5652 5681 5680 5652 5651 5681 5651 5682 5681 11694 11695 5683 11693 11694 5683 11692 11693 5683 11691 11692 5683 11690 11691 5683 11689 11690 5683 11688 11689 5683 11687 11688 5683 11686 11687 5683 11685 11686 5683 11684 11685 5683 11683 11684 5683 11682 11683 5683 11681 11682 5683 11680 11681 5683 11695 11680 5683 5684 5804 5932 5804 5812 5932 5685 5805 5933 5805 5813 5933 5686 5806 5934 5806 5814 5934 5687 5807 5935 5807 5815 5935 5688 5808 5936 5808 5816 5936 5689 5809 5937 5809 5817 5937 5690 5810 5938 5810 5818 5938 5691 5811 5939 5811 5819 5939 5804 5796 5812 5796 5820 5812 5805 5797 5813 5797 5821 5813 5806 5798 5814 5798 5822 5814 5807 5799 5815 5799 5823 5815 5808 5800 5816 5800 5824 5816 5809 5801 5817 5801 5825 5817 5810 5802 5818 5802 5826 5818 5811 5803 5819 5803 5827 5819 5796 5788 5820 5788 5828 5820 5797 5789 5821 5789 5829 5821 5798 5790 5822 5790 5830 5822 5799 5791 5823 5791 5831 5823 5800 5792 5824 5792 5832 5824 5801 5793 5825 5793 5833 5825 5802 5794 5826 5794 5834 5826 5803 5795 5827 5795 5835 5827 5788 5780 5828 5780 5836 5828 5789 5781 5829 5781 5837 5829 5790 5782 5830 5782 5838 5830 5791 5783 5831 5783 5839 5831 5792 5784 5832 5784 5840 5832 5793 5785 5833 5785 5841 5833 5794 5786 5834 5786 5842 5834 5795 5787 5835 5787 5843 5835 5780 5772 5836 5772 5844 5836 5781 5773 5837 5773 5845 5837 5782 5774 5838 5774 5846 5838 5783 5775 5839 5775 5847 5839 5784 5776 5840 5776 5848 5840 5785 5777 5841 5777 5849 5841 5786 5778 5842 5778 5850 5842 5787 5779 5843 5779 5851 5843 5772 5764 5844 5764 5852 5844 5773 5765 5845 5765 5853 5845 5774 5766 5846 5766 5854 5846 5775 5767 5847 5767 5855 5847 5776 5768 5848 5768 5856 5848 5777 5769 5849 5769 5857 5849 5778 5770 5850 5770 5858 5850 5779 5771 5851 5771 5859 5851 5764 5756 5852 5756 5860 5852 5765 5757 5853 5757 5861 5853 5766 5758 5854 5758 5862 5854 5767 5759 5855 5759 5863 5855 5768 5760 5856 5760 5864 5856 5769 5761 5857 5761 5865 5857 5770 5762 5858 5762 5866 5858 5771 5763 5859 5763 5867 5859 5756 5748 5860 5748 5868 5860 5757 5749 5861 5749 5869 5861 5758 5750 5862 5750 5870 5862 5759 5751 5863 5751 5871 5863 5760 5752 5864 5752 5872 5864 5761 5753 5865 5753 5873 5865 5762 5754 5866 5754 5874 5866 5763 5755 5867 5755 5875 5867 5748 5740 5868 5740 5876 5868 5749 5741 5869 5741 5877 5869 5750 5742 5870 5742 5878 5870 5751 5743 5871 5743 5879 5871 5752 5744 5872 5744 5880 5872 5753 5745 5873 5745 5881 5873 5754 5746 5874 5746 5882 5874 5755 5747 5875 5747 5883 5875 5740 5732 5876 5732 5884 5876 5741 5733 5877 5733 5885 5877 5742 5734 5878 5734 5886 5878 5743 5735 5879 5735 5887 5879 5744 5736 5880 5736 5888 5880 5745 5737 5881 5737 5889 5881 5746 5738 5882 5738 5890 5882 5747 5739 5883 5739 5891 5883 5732 5724 5884 5724 5892 5884 5733 5725 5885 5725 5893 5885 5734 5726 5886 5726 5894 5886 5735 5727 5887 5727 5895 5887 5736 5728 5888 5728 5896 5888 5737 5729 5889 5729 5897 5889 5738 5730 5890 5730 5898 5890 5739 5731 5891 5731 5899 5891 5724 5716 5892 5716 5900 5892 5725 5717 5893 5717 5901 5893 5726 5718 5894 5718 5902 5894 5727 5719 5895 5719 5903 5895 5728 5720 5896 5720 5904 5896 5729 5721 5897 5721 5905 5897 5730 5722 5898 5722 5906 5898 5731 5723 5899 5723 5907 5899 5716 5708 5900 5708 5908 5900 5717 5709 5901 5709 5909 5901 5718 5710 5902 5710 5910 5902 5719 5711 5903 5711 5911 5903 5720 5712 5904 5712 5912 5904 5721 5713 5905 5713 5913 5905 5722 5714 5906 5714 5914 5906 5723 5715 5907 5715 5915 5907 5708 5700 5908 5700 5916 5908 5709 5701 5909 5701 5917 5909 5710 5702 5910 5702 5918 5910 5711 5703 5911 5703 5919 5911 5712 5704 5912 5704 5920 5912 5713 5705 5913 5705 5921 5913 5714 5706 5914 5706 5922 5914 5715 5707 5915 5707 5923 5915 5700 5692 5916 5692 5924 5916 5701 5693 5917 5693 5925 5917 5702 5694 5918 5694 5926 5918 5703 5695 5919 5695 5927 5919 5704 5696 5920 5696 5928 5920 5705 5697 5921 5697 5929 5921 5706 5698 5922 5698 5930 5922 5707 5699 5923 5699 5931 5923 5692 5684 5924 5684 5932 5924 5693 5685 5925 5685 5933 5925 5694 5686 5926 5686 5934 5926 5695 5687 5927 5687 5935 5927 5696 5688 5928 5688 5936 5928 5697 5689 5929 5689 5937 5929 5698 5690 5930 5690 5938 5930 5699 5691 5931 5691 5939 5931 11710 11711 5940 11726 11727 5941 11742 11743 5942 11758 11759 5943 11774 11775 5944 11790 11791 5945 11806 11807 5946 11822 11823 5947 11709 11710 5940 11725 11726 5941 11741 11742 5942 11757 11758 5943 11773 11774 5944 11789 11790 5945 11805 11806 5946 11821 11822 5947 11708 11709 5940 11724 11725 5941 11740 11741 5942 11756 11757 5943 11772 11773 5944 11788 11789 5945 11804 11805 5946 11820 11821 5947 11707 11708 5940 11723 11724 5941 11739 11740 5942 11755 11756 5943 11771 11772 5944 11787 11788 5945 11803 11804 5946 11819 11820 5947 11706 11707 5940 11722 11723 5941 11738 11739 5942 11754 11755 5943 11770 11771 5944 11786 11787 5945 11802 11803 5946 11818 11819 5947 11705 11706 5940 11721 11722 5941 11737 11738 5942 11753 11754 5943 11769 11770 5944 11785 11786 5945 11801 11802 5946 11817 11818 5947 11704 11705 5940 11720 11721 5941 11736 11737 5942 11752 11753 5943 11768 11769 5944 11784 11785 5945 11800 11801 5946 11816 11817 5947 11703 11704 5940 11719 11720 5941 11735 11736 5942 11751 11752 5943 11767 11768 5944 11783 11784 5945 11799 11800 5946 11815 11816 5947 11702 11703 5940 11718 11719 5941 11734 11735 5942 11750 11751 5943 11766 11767 5944 11782 11783 5945 11798 11799 5946 11814 11815 5947 11701 11702 5940 11717 11718 5941 11733 11734 5942 11749 11750 5943 11765 11766 5944 11781 11782 5945 11797 11798 5946 11813 11814 5947 11700 11701 5940 11716 11717 5941 11732 11733 5942 11748 11749 5943 11764 11765 5944 11780 11781 5945 11796 11797 5946 11812 11813 5947 11699 11700 5940 11715 11716 5941 11731 11732 5942 11747 11748 5943 11763 11764 5944 11779 11780 5945 11795 11796 5946 11811 11812 5947 11698 11699 5940 11714 11715 5941 11730 11731 5942 11746 11747 5943 11762 11763 5944 11778 11779 5945 11794 11795 5946 11810 11811 5947 11697 11698 5940 11713 11714 5941 11729 11730 5942 11745 11746 5943 11761 11762 5944 11777 11778 5945 11793 11794 5946 11809 11810 5947 11696 11697 5940 11712 11713 5941 11728 11729 5942 11744 11745 5943 11760 11761 5944 11776 11777 5945 11792 11793 5946 11808 11809 5947 11711 11696 5940 11727 11712 5941 11743 11728 5942 11759 11744 5943 11775 11760 5944 11791 11776 5945 11807 11792 5946 11823 11808 5947 5949 5964 5948 5964 5963 5948 5963 5962 5948 5962 5961 5948 5961 5960 5948 5960 5959 5948 5959 5958 5948 5958 5957 5948 5957 5956 5948 5956 5955 5948 5955 5954 5948 5954 5953 5948 5953 5952 5948 5952 5951 5948 5951 5950 5948 5950 5949 5948 5979 5980 11839 5980 11824 11839 5978 5979 11838 5979 11839 11838 5977 5978 11837 5978 11838 11837 5976 5977 11836 5977 11837 11836 5975 5976 11835 5976 11836 11835 5974 5975 11834 5975 11835 11834 5973 5974 11833 5974 11834 11833 5972 5973 11832 5973 11833 11832 5971 5972 11831 5972 11832 11831 5970 5971 11830 5971 11831 11830 5969 5970 11829 5970 11830 11829 5968 5969 11828 5969 11829 11828 5967 5968 11827 5968 11828 11827 5966 5967 11826 5967 11827 11826 5965 5966 11825 5966 11826 11825 5980 5965 11824 5965 11825 11824 5981 5996 6012 5996 5997 6012 5996 5995 5997 5995 5998 5997 5995 5994 5998 5994 5999 5998 5994 5993 5999 5993 6000 5999 5993 5992 6000 5992 6001 6000 5992 5991 6001 5991 6002 6001 5991 5990 6002 5990 6003 6002 5990 5989 6003 5989 6004 6003 5989 5988 6004 5988 6005 6004 5988 5987 6005 5987 6006 6005 5987 5986 6006 5986 6007 6006 5986 5985 6007 5985 6008 6007 5985 5984 6008 5984 6009 6008 5984 5983 6009 5983 6010 6009 5983 5982 6010 5982 6011 6010 5982 5981 6011 5981 6012 6011 11854 11855 6013 11853 11854 6013 11852 11853 6013 11851 11852 6013 11850 11851 6013 11849 11850 6013 11848 11849 6013 11847 11848 6013 11846 11847 6013 11845 11846 6013 11844 11845 6013 11843 11844 6013 11842 11843 6013 11841 11842 6013 11840 11841 6013 11855 11840 6013 6015 6030 6014 6030 6029 6014 6029 6028 6014 6028 6027 6014 6027 6026 6014 6026 6025 6014 6025 6024 6014 6024 6023 6014 6023 6022 6014 6022 6021 6014 6021 6020 6014 6020 6019 6014 6019 6018 6014 6018 6017 6014 6017 6016 6014 6016 6015 6014 6045 6046 11871 6046 11856 11871 6044 6045 11870 6045 11871 11870 6043 6044 11869 6044 11870 11869 6042 6043 11868 6043 11869 11868 6041 6042 11867 6042 11868 11867 6040 6041 11866 6041 11867 11866 6039 6040 11865 6040 11866 11865 6038 6039 11864 6039 11865 11864 6037 6038 11863 6038 11864 11863 6036 6037 11862 6037 11863 11862 6035 6036 11861 6036 11862 11861 6034 6035 11860 6035 11861 11860 6033 6034 11859 6034 11860 11859 6032 6033 11858 6033 11859 11858 6031 6032 11857 6032 11858 11857 6046 6031 11856 6031 11857 11856 6047 6062 6078 6062 6063 6078 6062 6061 6063 6061 6064 6063 6061 6060 6064 6060 6065 6064 6060 6059 6065 6059 6066 6065 6059 6058 6066 6058 6067 6066 6058 6057 6067 6057 6068 6067 6057 6056 6068 6056 6069 6068 6056 6055 6069 6055 6070 6069 6055 6054 6070 6054 6071 6070 6054 6053 6071 6053 6072 6071 6053 6052 6072 6052 6073 6072 6052 6051 6073 6051 6074 6073 6051 6050 6074 6050 6075 6074 6050 6049 6075 6049 6076 6075 6049 6048 6076 6048 6077 6076 6048 6047 6077 6047 6078 6077 11886 11887 6079 11885 11886 6079 11884 11885 6079 11883 11884 6079 11882 11883 6079 11881 11882 6079 11880 11881 6079 11879 11880 6079 11878 11879 6079 11877 11878 6079 11876 11877 6079 11875 11876 6079 11874 11875 6079 11873 11874 6079 11872 11873 6079 11887 11872 6079 6081 6096 6080 6096 6095 6080 6095 6094 6080 6094 6093 6080 6093 6092 6080 6092 6091 6080 6091 6090 6080 6090 6089 6080 6089 6088 6080 6088 6087 6080 6087 6086 6080 6086 6085 6080 6085 6084 6080 6084 6083 6080 6083 6082 6080 6082 6081 6080 6111 6112 11903 6112 11888 11903 6110 6111 11902 6111 11903 11902 6109 6110 11901 6110 11902 11901 6108 6109 11900 6109 11901 11900 6107 6108 11899 6108 11900 11899 6106 6107 11898 6107 11899 11898 6105 6106 11897 6106 11898 11897 6104 6105 11896 6105 11897 11896 6103 6104 11895 6104 11896 11895 6102 6103 11894 6103 11895 11894 6101 6102 11893 6102 11894 11893 6100 6101 11892 6101 11893 11892 6099 6100 11891 6100 11892 11891 6098 6099 11890 6099 11891 11890 6097 6098 11889 6098 11890 11889 6112 6097 11888 6097 11889 11888 6113 6128 6144 6128 6129 6144 6128 6127 6129 6127 6130 6129 6127 6126 6130 6126 6131 6130 6126 6125 6131 6125 6132 6131 6125 6124 6132 6124 6133 6132 6124 6123 6133 6123 6134 6133 6123 6122 6134 6122 6135 6134 6122 6121 6135 6121 6136 6135 6121 6120 6136 6120 6137 6136 6120 6119 6137 6119 6138 6137 6119 6118 6138 6118 6139 6138 6118 6117 6139 6117 6140 6139 6117 6116 6140 6116 6141 6140 6116 6115 6141 6115 6142 6141 6115 6114 6142 6114 6143 6142 6114 6113 6143 6113 6144 6143 11918 11919 6145 11917 11918 6145 11916 11917 6145 11915 11916 6145 11914 11915 6145 11913 11914 6145 11912 11913 6145 11911 11912 6145 11910 11911 6145 11909 11910 6145 11908 11909 6145 11907 11908 6145 11906 11907 6145 11905 11906 6145 11904 11905 6145 11919 11904 6145 6147 6162 6146 6162 6161 6146 6161 6160 6146 6160 6159 6146 6159 6158 6146 6158 6157 6146 6157 6156 6146 6156 6155 6146 6155 6154 6146 6154 6153 6146 6153 6152 6146 6152 6151 6146 6151 6150 6146 6150 6149 6146 6149 6148 6146 6148 6147 6146 6177 6178 11935 6178 11920 11935 6176 6177 11934 6177 11935 11934 6175 6176 11933 6176 11934 11933 6174 6175 11932 6175 11933 11932 6173 6174 11931 6174 11932 11931 6172 6173 11930 6173 11931 11930 6171 6172 11929 6172 11930 11929 6170 6171 11928 6171 11929 11928 6169 6170 11927 6170 11928 11927 6168 6169 11926 6169 11927 11926 6167 6168 11925 6168 11926 11925 6166 6167 11924 6167 11925 11924 6165 6166 11923 6166 11924 11923 6164 6165 11922 6165 11923 11922 6163 6164 11921 6164 11922 11921 6178 6163 11920 6163 11921 11920 6179 6194 6210 6194 6195 6210 6194 6193 6195 6193 6196 6195 6193 6192 6196 6192 6197 6196 6192 6191 6197 6191 6198 6197 6191 6190 6198 6190 6199 6198 6190 6189 6199 6189 6200 6199 6189 6188 6200 6188 6201 6200 6188 6187 6201 6187 6202 6201 6187 6186 6202 6186 6203 6202 6186 6185 6203 6185 6204 6203 6185 6184 6204 6184 6205 6204 6184 6183 6205 6183 6206 6205 6183 6182 6206 6182 6207 6206 6182 6181 6207 6181 6208 6207 6181 6180 6208 6180 6209 6208 6180 6179 6209 6179 6210 6209 11950 11951 6211 11949 11950 6211 11948 11949 6211 11947 11948 6211 11946 11947 6211 11945 11946 6211 11944 11945 6211 11943 11944 6211 11942 11943 6211 11941 11942 6211 11940 11941 6211 11939 11940 6211 11938 11939 6211 11937 11938 6211 11936 11937 6211 11951 11936 6211 6220 6340 6212 6221 6341 6213 6222 6342 6214 6223 6343 6215 6224 6344 6216 6225 6345 6217 6226 6346 6218 6227 6347 6219 6340 6332 6212 6341 6333 6213 6342 6334 6214 6343 6335 6215 6344 6336 6216 6345 6337 6217 6346 6338 6218 6347 6339 6219 6332 6324 6212 6333 6325 6213 6334 6326 6214 6335 6327 6215 6336 6328 6216 6337 6329 6217 6338 6330 6218 6339 6331 6219 6324 6316 6212 6325 6317 6213 6326 6318 6214 6327 6319 6215 6328 6320 6216 6329 6321 6217 6330 6322 6218 6331 6323 6219 6316 6308 6212 6317 6309 6213 6318 6310 6214 6319 6311 6215 6320 6312 6216 6321 6313 6217 6322 6314 6218 6323 6315 6219 6308 6300 6212 6309 6301 6213 6310 6302 6214 6311 6303 6215 6312 6304 6216 6313 6305 6217 6314 6306 6218 6315 6307 6219 6300 6292 6212 6301 6293 6213 6302 6294 6214 6303 6295 6215 6304 6296 6216 6305 6297 6217 6306 6298 6218 6307 6299 6219 6292 6284 6212 6293 6285 6213 6294 6286 6214 6295 6287 6215 6296 6288 6216 6297 6289 6217 6298 6290 6218 6299 6291 6219 6284 6276 6212 6285 6277 6213 6286 6278 6214 6287 6279 6215 6288 6280 6216 6289 6281 6217 6290 6282 6218 6291 6283 6219 6276 6268 6212 6277 6269 6213 6278 6270 6214 6279 6271 6215 6280 6272 6216 6281 6273 6217 6282 6274 6218 6283 6275 6219 6268 6260 6212 6269 6261 6213 6270 6262 6214 6271 6263 6215 6272 6264 6216 6273 6265 6217 6274 6266 6218 6275 6267 6219 6260 6252 6212 6261 6253 6213 6262 6254 6214 6263 6255 6215 6264 6256 6216 6265 6257 6217 6266 6258 6218 6267 6259 6219 6252 6244 6212 6253 6245 6213 6254 6246 6214 6255 6247 6215 6256 6248 6216 6257 6249 6217 6258 6250 6218 6259 6251 6219 6244 6236 6212 6245 6237 6213 6246 6238 6214 6247 6239 6215 6248 6240 6216 6249 6241 6217 6250 6242 6218 6251 6243 6219 6236 6228 6212 6237 6229 6213 6238 6230 6214 6239 6231 6215 6240 6232 6216 6241 6233 6217 6242 6234 6218 6243 6235 6219 6228 6220 6212 6229 6221 6213 6230 6222 6214 6231 6223 6215 6232 6224 6216 6233 6225 6217 6234 6226 6218 6235 6227 6219 6460 6468 11967 6468 11952 11967 6461 6469 11983 6469 11968 11983 6462 6470 11999 6470 11984 11999 6463 6471 12015 6471 12000 12015 6464 6472 12031 6472 12016 12031 6465 6473 12047 6473 12032 12047 6466 6474 12063 6474 12048 12063 6467 6475 12079 6475 12064 12079 6452 6460 11966 6460 11967 11966 6453 6461 11982 6461 11983 11982 6454 6462 11998 6462 11999 11998 6455 6463 12014 6463 12015 12014 6456 6464 12030 6464 12031 12030 6457 6465 12046 6465 12047 12046 6458 6466 12062 6466 12063 12062 6459 6467 12078 6467 12079 12078 6444 6452 11965 6452 11966 11965 6445 6453 11981 6453 11982 11981 6446 6454 11997 6454 11998 11997 6447 6455 12013 6455 12014 12013 6448 6456 12029 6456 12030 12029 6449 6457 12045 6457 12046 12045 6450 6458 12061 6458 12062 12061 6451 6459 12077 6459 12078 12077 6436 6444 11964 6444 11965 11964 6437 6445 11980 6445 11981 11980 6438 6446 11996 6446 11997 11996 6439 6447 12012 6447 12013 12012 6440 6448 12028 6448 12029 12028 6441 6449 12044 6449 12045 12044 6442 6450 12060 6450 12061 12060 6443 6451 12076 6451 12077 12076 6428 6436 11963 6436 11964 11963 6429 6437 11979 6437 11980 11979 6430 6438 11995 6438 11996 11995 6431 6439 12011 6439 12012 12011 6432 6440 12027 6440 12028 12027 6433 6441 12043 6441 12044 12043 6434 6442 12059 6442 12060 12059 6435 6443 12075 6443 12076 12075 6420 6428 11962 6428 11963 11962 6421 6429 11978 6429 11979 11978 6422 6430 11994 6430 11995 11994 6423 6431 12010 6431 12011 12010 6424 6432 12026 6432 12027 12026 6425 6433 12042 6433 12043 12042 6426 6434 12058 6434 12059 12058 6427 6435 12074 6435 12075 12074 6412 6420 11961 6420 11962 11961 6413 6421 11977 6421 11978 11977 6414 6422 11993 6422 11994 11993 6415 6423 12009 6423 12010 12009 6416 6424 12025 6424 12026 12025 6417 6425 12041 6425 12042 12041 6418 6426 12057 6426 12058 12057 6419 6427 12073 6427 12074 12073 6404 6412 11960 6412 11961 11960 6405 6413 11976 6413 11977 11976 6406 6414 11992 6414 11993 11992 6407 6415 12008 6415 12009 12008 6408 6416 12024 6416 12025 12024 6409 6417 12040 6417 12041 12040 6410 6418 12056 6418 12057 12056 6411 6419 12072 6419 12073 12072 6396 6404 11959 6404 11960 11959 6397 6405 11975 6405 11976 11975 6398 6406 11991 6406 11992 11991 6399 6407 12007 6407 12008 12007 6400 6408 12023 6408 12024 12023 6401 6409 12039 6409 12040 12039 6402 6410 12055 6410 12056 12055 6403 6411 12071 6411 12072 12071 6388 6396 11958 6396 11959 11958 6389 6397 11974 6397 11975 11974 6390 6398 11990 6398 11991 11990 6391 6399 12006 6399 12007 12006 6392 6400 12022 6400 12023 12022 6393 6401 12038 6401 12039 12038 6394 6402 12054 6402 12055 12054 6395 6403 12070 6403 12071 12070 6380 6388 11957 6388 11958 11957 6381 6389 11973 6389 11974 11973 6382 6390 11989 6390 11990 11989 6383 6391 12005 6391 12006 12005 6384 6392 12021 6392 12022 12021 6385 6393 12037 6393 12038 12037 6386 6394 12053 6394 12054 12053 6387 6395 12069 6395 12070 12069 6372 6380 11956 6380 11957 11956 6373 6381 11972 6381 11973 11972 6374 6382 11988 6382 11989 11988 6375 6383 12004 6383 12005 12004 6376 6384 12020 6384 12021 12020 6377 6385 12036 6385 12037 12036 6378 6386 12052 6386 12053 12052 6379 6387 12068 6387 12069 12068 6364 6372 11955 6372 11956 11955 6365 6373 11971 6373 11972 11971 6366 6374 11987 6374 11988 11987 6367 6375 12003 6375 12004 12003 6368 6376 12019 6376 12020 12019 6369 6377 12035 6377 12036 12035 6370 6378 12051 6378 12052 12051 6371 6379 12067 6379 12068 12067 6356 6364 11954 6364 11955 11954 6357 6365 11970 6365 11971 11970 6358 6366 11986 6366 11987 11986 6359 6367 12002 6367 12003 12002 6360 6368 12018 6368 12019 12018 6361 6369 12034 6369 12035 12034 6362 6370 12050 6370 12051 12050 6363 6371 12066 6371 12067 12066 6348 6356 11953 6356 11954 11953 6349 6357 11969 6357 11970 11969 6350 6358 11985 6358 11986 11985 6351 6359 12001 6359 12002 12001 6352 6360 12017 6360 12018 12017 6353 6361 12033 6361 12034 12033 6354 6362 12049 6362 12050 12049 6355 6363 12065 6363 12066 12065 6468 6348 11952 6348 11953 11952 6469 6349 11968 6349 11969 11968 6470 6350 11984 6350 11985 11984 6471 6351 12000 6351 12001 12000 6472 6352 12016 6352 12017 12016 6473 6353 12032 6353 12033 12032 6474 6354 12048 6354 12049 12048 6475 6355 12064 6355 12065 12064 6477 6492 6476 6492 6491 6476 6491 6490 6476 6490 6489 6476 6489 6488 6476 6488 6487 6476 6487 6486 6476 6486 6485 6476 6485 6484 6476 6484 6483 6476 6483 6482 6476 6482 6481 6476 6481 6480 6476 6480 6479 6476 6479 6478 6476 6478 6477 6476 6507 6508 12095 6508 12080 12095 6506 6507 12094 6507 12095 12094 6505 6506 12093 6506 12094 12093 6504 6505 12092 6505 12093 12092 6503 6504 12091 6504 12092 12091 6502 6503 12090 6503 12091 12090 6501 6502 12089 6502 12090 12089 6500 6501 12088 6501 12089 12088 6499 6500 12087 6500 12088 12087 6498 6499 12086 6499 12087 12086 6497 6498 12085 6498 12086 12085 6496 6497 12084 6497 12085 12084 6495 6496 12083 6496 12084 12083 6494 6495 12082 6495 12083 12082 6493 6494 12081 6494 12082 12081 6508 6493 12080 6493 12081 12080 6509 6524 6540 6524 6525 6540 6524 6523 6525 6523 6526 6525 6523 6522 6526 6522 6527 6526 6522 6521 6527 6521 6528 6527 6521 6520 6528 6520 6529 6528 6520 6519 6529 6519 6530 6529 6519 6518 6530 6518 6531 6530 6518 6517 6531 6517 6532 6531 6517 6516 6532 6516 6533 6532 6516 6515 6533 6515 6534 6533 6515 6514 6534 6514 6535 6534 6514 6513 6535 6513 6536 6535 6513 6512 6536 6512 6537 6536 6512 6511 6537 6511 6538 6537 6511 6510 6538 6510 6539 6538 6510 6509 6539 6509 6540 6539 12110 12111 6541 12109 12110 6541 12108 12109 6541 12107 12108 6541 12106 12107 6541 12105 12106 6541 12104 12105 6541 12103 12104 6541 12102 12103 6541 12101 12102 6541 12100 12101 6541 12099 12100 6541 12098 12099 6541 12097 12098 6541 12096 12097 6541 12111 12096 6541 6543 6558 6542 6558 6557 6542 6557 6556 6542 6556 6555 6542 6555 6554 6542 6554 6553 6542 6553 6552 6542 6552 6551 6542 6551 6550 6542 6550 6549 6542 6549 6548 6542 6548 6547 6542 6547 6546 6542 6546 6545 6542 6545 6544 6542 6544 6543 6542 6573 6574 12127 6574 12112 12127 6572 6573 12126 6573 12127 12126 6571 6572 12125 6572 12126 12125 6570 6571 12124 6571 12125 12124 6569 6570 12123 6570 12124 12123 6568 6569 12122 6569 12123 12122 6567 6568 12121 6568 12122 12121 6566 6567 12120 6567 12121 12120 6565 6566 12119 6566 12120 12119 6564 6565 12118 6565 12119 12118 6563 6564 12117 6564 12118 12117 6562 6563 12116 6563 12117 12116 6561 6562 12115 6562 12116 12115 6560 6561 12114 6561 12115 12114 6559 6560 12113 6560 12114 12113 6574 6559 12112 6559 12113 12112 6575 6590 6606 6590 6591 6606 6590 6589 6591 6589 6592 6591 6589 6588 6592 6588 6593 6592 6588 6587 6593 6587 6594 6593 6587 6586 6594 6586 6595 6594 6586 6585 6595 6585 6596 6595 6585 6584 6596 6584 6597 6596 6584 6583 6597 6583 6598 6597 6583 6582 6598 6582 6599 6598 6582 6581 6599 6581 6600 6599 6581 6580 6600 6580 6601 6600 6580 6579 6601 6579 6602 6601 6579 6578 6602 6578 6603 6602 6578 6577 6603 6577 6604 6603 6577 6576 6604 6576 6605 6604 6576 6575 6605 6575 6606 6605 12142 12143 6607 12141 12142 6607 12140 12141 6607 12139 12140 6607 12138 12139 6607 12137 12138 6607 12136 12137 6607 12135 12136 6607 12134 12135 6607 12133 12134 6607 12132 12133 6607 12131 12132 6607 12130 12131 6607 12129 12130 6607 12128 12129 6607 12143 12128 6607 6623 6608 6624 6608 6639 6624 6622 6623 6625 6623 6624 6625 6621 6622 6626 6622 6625 6626 6620 6621 6627 6621 6626 6627 6619 6620 6628 6620 6627 6628 6619 6628 6618 6628 6629 6618 6618 6629 6617 6629 6630 6617 6616 6617 6631 6617 6630 6631 6616 6631 6615 6631 6632 6615 6614 6615 6633 6615 6632 6633 6614 6633 6613 6633 6634 6613 6613 6634 6612 6634 6635 6612 6612 6635 6611 6635 6636 6611 6610 6611 6637 6611 6636 6637 6610 6637 6609 6637 6638 6609 6639 6608 6638 6608 6609 6638 12144 12145 6655 12145 6640 6655 12145 12146 6640 12146 6641 6640 12146 12147 6641 12147 6642 6641 12147 12148 6642 12148 6643 6642 12148 12149 6643 12149 6644 6643 12150 6645 12149 6645 6644 12149 12151 6646 12150 6646 6645 12150 12151 12152 6646 12152 6647 6646 12153 6648 12152 6648 6647 12152 12153 12154 6648 12154 6649 6648 12155 6650 12154 6650 6649 12154 12156 6651 12155 6651 6650 12155 12157 6652 12156 6652 6651 12156 12157 12158 6652 12158 6653 6652 12159 6654 12158 6654 6653 12158 12144 6655 12159 6655 6654 12159 12175 6656 12174 6656 6657 12174 12174 6657 12173 6657 6658 12173 12172 12173 6659 12173 6658 6659 12172 6659 12171 6659 6660 12171 12171 6660 12170 6660 6661 12170 12170 6661 12169 6661 6662 12169 12168 12169 6663 12169 6662 6663 12168 6663 12167 6663 6664 12167 12166 12167 6665 12167 6664 6665 12166 6665 12165 6665 6666 12165 12165 6666 12164 6666 6667 12164 12163 12164 6668 12164 6667 6668 12162 12163 6669 12163 6668 6669 12161 12162 6670 12162 6669 6670 6670 6671 12161 6671 12160 12161 6671 6656 12160 6656 12175 12160 6687 6672 6688 6672 6703 6688 6686 6687 6689 6687 6688 6689 6685 6686 6690 6686 6689 6690 6684 6685 6691 6685 6690 6691 6683 6684 6692 6684 6691 6692 6683 6692 6682 6692 6693 6682 6682 6693 6681 6693 6694 6681 6680 6681 6695 6681 6694 6695 6680 6695 6679 6695 6696 6679 6678 6679 6697 6679 6696 6697 6678 6697 6677 6697 6698 6677 6677 6698 6676 6698 6699 6676 6676 6699 6675 6699 6700 6675 6674 6675 6701 6675 6700 6701 6674 6701 6673 6701 6702 6673 6703 6672 6702 6672 6673 6702 12176 12177 6719 12177 6704 6719 12177 12178 6704 12178 6705 6704 12178 12179 6705 12179 6706 6705 12179 12180 6706 12180 6707 6706 12180 12181 6707 12181 6708 6707 12182 6709 12181 6709 6708 12181 12183 6710 12182 6710 6709 12182 12183 12184 6710 12184 6711 6710 12185 6712 12184 6712 6711 12184 12185 12186 6712 12186 6713 6712 12187 6714 12186 6714 6713 12186 12188 6715 12187 6715 6714 12187 12189 6716 12188 6716 6715 12188 12189 12190 6716 12190 6717 6716 12191 6718 12190 6718 6717 12190 12176 6719 12191 6719 6718 12191 12207 6720 12206 6720 6721 12206 12206 6721 12205 6721 6722 12205 12204 12205 6723 12205 6722 6723 12204 6723 12203 6723 6724 12203 12203 6724 12202 6724 6725 12202 12202 6725 12201 6725 6726 12201 12200 12201 6727 12201 6726 6727 12200 6727 12199 6727 6728 12199 12198 12199 6729 12199 6728 6729 12198 6729 12197 6729 6730 12197 12197 6730 12196 6730 6731 12196 12195 12196 6732 12196 6731 6732 12194 12195 6733 12195 6732 6733 12193 12194 6734 12194 6733 6734 6734 6735 12193 6735 12192 12193 6735 6720 12192 6720 12207 12192 6736 6796 6860 6796 6800 6860 6737 6797 6861 6797 6801 6861 6738 6798 6862 6798 6802 6862 6739 6799 6863 6799 6803 6863 6740 6736 6856 6736 6860 6856 6741 6737 6857 6737 6861 6857 6742 6738 6858 6738 6862 6858 6743 6739 6859 6739 6863 6859 6856 6852 6740 6852 6744 6740 6857 6853 6741 6853 6745 6741 6858 6854 6742 6854 6746 6742 6859 6855 6743 6855 6747 6743 6852 6848 6744 6848 6748 6744 6853 6849 6745 6849 6749 6745 6854 6850 6746 6850 6750 6746 6855 6851 6747 6851 6751 6747 6848 6844 6748 6844 6752 6748 6849 6845 6749 6845 6753 6749 6850 6846 6750 6846 6754 6750 6851 6847 6751 6847 6755 6751 6840 6756 6844 6756 6752 6844 6841 6757 6845 6757 6753 6845 6842 6758 6846 6758 6754 6846 6843 6759 6847 6759 6755 6847 6836 6760 6840 6760 6756 6840 6837 6761 6841 6761 6757 6841 6838 6762 6842 6762 6758 6842 6839 6763 6843 6763 6759 6843 6836 6832 6760 6832 6764 6760 6837 6833 6761 6833 6765 6761 6838 6834 6762 6834 6766 6762 6839 6835 6763 6835 6767 6763 6828 6768 6832 6768 6764 6832 6829 6769 6833 6769 6765 6833 6830 6770 6834 6770 6766 6834 6831 6771 6835 6771 6767 6835 6828 6824 6768 6824 6772 6768 6829 6825 6769 6825 6773 6769 6830 6826 6770 6826 6774 6770 6831 6827 6771 6827 6775 6771 6820 6776 6824 6776 6772 6824 6821 6777 6825 6777 6773 6825 6822 6778 6826 6778 6774 6826 6823 6779 6827 6779 6775 6827 6816 6780 6820 6780 6776 6820 6817 6781 6821 6781 6777 6821 6818 6782 6822 6782 6778 6822 6819 6783 6823 6783 6779 6823 6812 6784 6816 6784 6780 6816 6813 6785 6817 6785 6781 6817 6814 6786 6818 6786 6782 6818 6815 6787 6819 6787 6783 6819 6812 6808 6784 6808 6788 6784 6813 6809 6785 6809 6789 6785 6814 6810 6786 6810 6790 6786 6815 6811 6787 6811 6791 6787 6804 6792 6808 6792 6788 6808 6805 6793 6809 6793 6789 6809 6806 6794 6810 6794 6790 6810 6807 6795 6811 6795 6791 6811 6800 6796 6804 6796 6792 6804 6801 6797 6805 6797 6793 6805 6802 6798 6806 6798 6794 6806 6803 6799 6807 6799 6795 6807 6988 12208 6984 12208 12223 6984 6989 12224 6985 12224 12239 6985 6990 12240 6986 12240 12255 6986 6991 12256 6987 12256 12271 6987 6984 12223 6980 12223 12222 6980 6985 12239 6981 12239 12238 6981 6986 12255 6982 12255 12254 6982 6987 12271 6983 12271 12270 6983 6976 6980 12221 6980 12222 12221 6977 6981 12237 6981 12238 12237 6978 6982 12253 6982 12254 12253 6979 6983 12269 6983 12270 12269 6976 12221 6972 12221 12220 6972 6977 12237 6973 12237 12236 6973 6978 12253 6974 12253 12252 6974 6979 12269 6975 12269 12268 6975 6972 12220 6968 12220 12219 6968 6973 12236 6969 12236 12235 6969 6974 12252 6970 12252 12251 6970 6975 12268 6971 12268 12267 6971 6968 12219 6964 12219 12218 6964 6969 12235 6965 12235 12234 6965 6970 12251 6966 12251 12250 6966 6971 12267 6967 12267 12266 6967 6960 6964 12217 6964 12218 12217 6961 6965 12233 6965 12234 12233 6962 6966 12249 6966 12250 12249 6963 6967 12265 6967 12266 12265 6960 12217 6956 12217 12216 6956 6961 12233 6957 12233 12232 6957 6962 12249 6958 12249 12248 6958 6963 12265 6959 12265 12264 6959 6952 6956 12215 6956 12216 12215 6953 6957 12231 6957 12232 12231 6954 6958 12247 6958 12248 12247 6955 6959 12263 6959 12264 12263 6952 12215 6948 12215 12214 6948 6953 12231 6949 12231 12230 6949 6954 12247 6950 12247 12246 6950 6955 12263 6951 12263 12262 6951 6948 12214 6944 12214 12213 6944 6949 12230 6945 12230 12229 6945 6950 12246 6946 12246 12245 6946 6951 12262 6947 12262 12261 6947 6940 6944 12212 6944 12213 12212 6941 6945 12228 6945 12229 12228 6942 6946 12244 6946 12245 12244 6943 6947 12260 6947 12261 12260 6936 6940 12211 6940 12212 12211 6937 6941 12227 6941 12228 12227 6938 6942 12243 6942 12244 12243 6939 6943 12259 6943 12260 12259 6932 6936 12210 6936 12211 12210 6933 6937 12226 6937 12227 12226 6934 6938 12242 6938 12243 12242 6935 6939 12258 6939 12259 12258 6928 6932 12209 6932 12210 12209 6929 6933 12225 6933 12226 12225 6930 6934 12241 6934 12242 12241 6931 6935 12257 6935 12258 12257 6988 6928 12208 6928 12209 12208 6989 6929 12224 6929 12225 12224 6990 6930 12240 6930 12241 12240 6991 6931 12256 6931 12257 12256 6864 12287 6868 12287 12286 6868 6865 12303 6869 12303 12302 6869 6866 12319 6870 12319 12318 6870 6867 12335 6871 12335 12334 6871 12285 6872 12286 6872 6868 12286 12301 6873 12302 6873 6869 12302 12317 6874 12318 6874 6870 12318 12333 6875 12334 6875 6871 12334 12285 12284 6872 12284 6876 6872 12301 12300 6873 12300 6877 6873 12317 12316 6874 12316 6878 6874 12333 12332 6875 12332 6879 6875 12283 6880 12284 6880 6876 12284 12299 6881 12300 6881 6877 12300 12315 6882 12316 6882 6878 12316 12331 6883 12332 6883 6879 12332 12282 6884 12283 6884 6880 12283 12298 6885 12299 6885 6881 12299 12314 6886 12315 6886 6882 12315 12330 6887 12331 6887 6883 12331 12281 6888 12282 6888 6884 12282 12297 6889 12298 6889 6885 12298 12313 6890 12314 6890 6886 12314 12329 6891 12330 6891 6887 12330 12281 12280 6888 12280 6892 6888 12297 12296 6889 12296 6893 6889 12313 12312 6890 12312 6894 6890 12329 12328 6891 12328 6895 6891 12279 6896 12280 6896 6892 12280 12295 6897 12296 6897 6893 12296 12311 6898 12312 6898 6894 12312 12327 6899 12328 6899 6895 12328 12279 12278 6896 12278 6900 6896 12295 12294 6897 12294 6901 6897 12311 12310 6898 12310 6902 6898 12327 12326 6899 12326 6903 6899 12277 6904 12278 6904 6900 12278 12293 6905 12294 6905 6901 12294 12309 6906 12310 6906 6902 12310 12325 6907 12326 6907 6903 12326 12276 6908 12277 6908 6904 12277 12292 6909 12293 6909 6905 12293 12308 6910 12309 6910 6906 12309 12324 6911 12325 6911 6907 12325 12276 12275 6908 12275 6912 6908 12292 12291 6909 12291 6913 6909 12308 12307 6910 12307 6914 6910 12324 12323 6911 12323 6915 6911 12275 12274 6912 12274 6916 6912 12291 12290 6913 12290 6917 6913 12307 12306 6914 12306 6918 6914 12323 12322 6915 12322 6919 6915 12274 12273 6916 12273 6920 6916 12290 12289 6917 12289 6921 6917 12306 12305 6918 12305 6922 6918 12322 12321 6919 12321 6923 6919 12273 12272 6920 12272 6924 6920 12289 12288 6921 12288 6925 6921 12305 12304 6922 12304 6926 6922 12321 12320 6923 12320 6927 6923 12272 12287 6924 12287 6864 6924 12288 12303 6925 12303 6865 6925 12304 12319 6926 12319 6866 6926 12320 12335 6927 12335 6867 6927 7007 6992 7008 6992 7023 7008 7006 7007 7009 7007 7008 7009 7005 7006 7010 7006 7009 7010 7004 7005 7011 7005 7010 7011 7003 7004 7012 7004 7011 7012 7003 7012 7002 7012 7013 7002 7002 7013 7001 7013 7014 7001 7000 7001 7015 7001 7014 7015 7000 7015 6999 7015 7016 6999 6998 6999 7017 6999 7016 7017 6998 7017 6997 7017 7018 6997 6997 7018 6996 7018 7019 6996 6996 7019 6995 7019 7020 6995 6994 6995 7021 6995 7020 7021 6994 7021 6993 7021 7022 6993 7023 6992 7022 6992 6993 7022 12336 12337 7039 12337 7024 7039 12337 12338 7024 12338 7025 7024 12338 12339 7025 12339 7026 7025 12339 12340 7026 12340 7027 7026 12340 12341 7027 12341 7028 7027 12342 7029 12341 7029 7028 12341 12343 7030 12342 7030 7029 12342 12343 12344 7030 12344 7031 7030 12345 7032 12344 7032 7031 12344 12345 12346 7032 12346 7033 7032 12347 7034 12346 7034 7033 12346 12348 7035 12347 7035 7034 12347 12349 7036 12348 7036 7035 12348 12349 12350 7036 12350 7037 7036 12351 7038 12350 7038 7037 12350 12336 7039 12351 7039 7038 12351 12367 7040 12366 7040 7041 12366 12366 7041 12365 7041 7042 12365 12364 12365 7043 12365 7042 7043 12364 7043 12363 7043 7044 12363 12363 7044 12362 7044 7045 12362 12362 7045 12361 7045 7046 12361 12360 12361 7047 12361 7046 7047 12360 7047 12359 7047 7048 12359 12358 12359 7049 12359 7048 7049 12358 7049 12357 7049 7050 12357 12357 7050 12356 7050 7051 12356 12355 12356 7052 12356 7051 7052 12354 12355 7053 12355 7052 7053 12353 12354 7054 12354 7053 7054 7054 7055 12353 7055 12352 12353 7055 7040 12352 7040 12367 12352 7056 7071 7087 7071 7072 7087 7057 7056 7086 7056 7087 7086 7086 7085 7057 7085 7058 7057 7085 7084 7058 7084 7059 7058 7084 7083 7059 7083 7060 7059 7082 7061 7083 7061 7060 7083 7081 7062 7082 7062 7061 7082 7081 7080 7062 7080 7063 7062 7079 7064 7080 7064 7063 7080 7079 7078 7064 7078 7065 7064 7077 7066 7078 7066 7065 7078 7076 7067 7077 7067 7066 7077 7075 7068 7076 7068 7067 7076 7075 7074 7068 7074 7069 7068 7073 7070 7074 7070 7069 7074 7072 7071 7073 7071 7070 7073 7119 12368 7118 12368 12383 7118 7118 12383 7117 12383 12382 7117 7116 7117 12381 7117 12382 12381 7116 12381 7115 12381 12380 7115 7115 12380 7114 12380 12379 7114 7114 12379 7113 12379 12378 7113 7112 7113 12377 7113 12378 12377 7112 12377 7111 12377 12376 7111 7110 7111 12375 7111 12376 12375 7110 12375 7109 12375 12374 7109 7109 12374 7108 12374 12373 7108 7107 7108 12372 7108 12373 12372 7106 7107 12371 7107 12372 12371 7105 7106 12370 7106 12371 12370 7104 7105 12369 7105 12370 12369 7119 7104 12368 7104 12369 12368 7088 12399 7089 12399 12398 7089 12397 7090 12398 7090 7089 12398 12397 12396 7090 12396 7091 7090 12395 7092 12396 7092 7091 12396 12394 7093 12395 7093 7092 12395 12393 7094 12394 7094 7093 12394 12393 12392 7094 12392 7095 7094 12391 7096 12392 7096 7095 12392 12391 12390 7096 12390 7097 7096 12389 7098 12390 7098 7097 12390 12388 7099 12389 7099 7098 12389 12388 12387 7099 12387 7100 7099 12387 12386 7100 12386 7101 7100 12386 12385 7101 12385 7102 7101 12385 12384 7102 12384 7103 7102 12384 12399 7103 12399 7088 7103 7135 7120 7136 7120 7151 7136 7134 7135 7137 7135 7136 7137 7133 7134 7138 7134 7137 7138 7132 7133 7139 7133 7138 7139 7131 7132 7140 7132 7139 7140 7131 7140 7130 7140 7141 7130 7130 7141 7129 7141 7142 7129 7128 7129 7143 7129 7142 7143 7128 7143 7127 7143 7144 7127 7126 7127 7145 7127 7144 7145 7126 7145 7125 7145 7146 7125 7125 7146 7124 7146 7147 7124 7124 7147 7123 7147 7148 7123 7122 7123 7149 7123 7148 7149 7122 7149 7121 7149 7150 7121 7151 7120 7150 7120 7121 7150 12400 12401 7167 12401 7152 7167 12401 12402 7152 12402 7153 7152 12402 12403 7153 12403 7154 7153 12403 12404 7154 12404 7155 7154 12404 12405 7155 12405 7156 7155 12406 7157 12405 7157 7156 12405 12407 7158 12406 7158 7157 12406 12407 12408 7158 12408 7159 7158 12409 7160 12408 7160 7159 12408 12409 12410 7160 12410 7161 7160 12411 7162 12410 7162 7161 12410 12412 7163 12411 7163 7162 12411 12413 7164 12412 7164 7163 12412 12413 12414 7164 12414 7165 7164 12415 7166 12414 7166 7165 12414 12400 7167 12415 7167 7166 12415 12431 7168 12430 7168 7169 12430 12430 7169 12429 7169 7170 12429 12428 12429 7171 12429 7170 7171 12428 7171 12427 7171 7172 12427 12427 7172 12426 7172 7173 12426 12426 7173 12425 7173 7174 12425 12424 12425 7175 12425 7174 7175 12424 7175 12423 7175 7176 12423 12422 12423 7177 12423 7176 7177 12422 7177 12421 7177 7178 12421 12421 7178 12420 7178 7179 12420 12419 12420 7180 12420 7179 7180 12418 12419 7181 12419 7180 7181 12417 12418 7182 12418 7181 7182 7182 7183 12417 7183 12416 12417 7183 7168 12416 7168 12431 12416 7184 7199 7215 7199 7200 7215 7185 7184 7214 7184 7215 7214 7214 7213 7185 7213 7186 7185 7213 7212 7186 7212 7187 7186 7212 7211 7187 7211 7188 7187 7210 7189 7211 7189 7188 7211 7209 7190 7210 7190 7189 7210 7209 7208 7190 7208 7191 7190 7207 7192 7208 7192 7191 7208 7207 7206 7192 7206 7193 7192 7205 7194 7206 7194 7193 7206 7204 7195 7205 7195 7194 7205 7203 7196 7204 7196 7195 7204 7203 7202 7196 7202 7197 7196 7201 7198 7202 7198 7197 7202 7200 7199 7201 7199 7198 7201 7247 12432 7246 12432 12447 7246 7246 12447 7245 12447 12446 7245 7244 7245 12445 7245 12446 12445 7244 12445 7243 12445 12444 7243 7243 12444 7242 12444 12443 7242 7242 12443 7241 12443 12442 7241 7240 7241 12441 7241 12442 12441 7240 12441 7239 12441 12440 7239 7238 7239 12439 7239 12440 12439 7238 12439 7237 12439 12438 7237 7237 12438 7236 12438 12437 7236 7235 7236 12436 7236 12437 12436 7234 7235 12435 7235 12436 12435 7233 7234 12434 7234 12435 12434 7232 7233 12433 7233 12434 12433 7247 7232 12432 7232 12433 12432 7216 12463 7217 12463 12462 7217 12461 7218 12462 7218 7217 12462 12461 12460 7218 12460 7219 7218 12459 7220 12460 7220 7219 12460 12458 7221 12459 7221 7220 12459 12457 7222 12458 7222 7221 12458 12457 12456 7222 12456 7223 7222 12455 7224 12456 7224 7223 12456 12455 12454 7224 12454 7225 7224 12453 7226 12454 7226 7225 12454 12452 7227 12453 7227 7226 12453 12452 12451 7227 12451 7228 7227 12451 12450 7228 12450 7229 7228 12450 12449 7229 12449 7230 7229 12449 12448 7230 12448 7231 7230 12448 12463 7231 12463 7216 7231 7308 7248 7312 7248 7372 7312 7309 7249 7313 7249 7373 7313 7310 7250 7314 7250 7374 7314 7311 7251 7315 7251 7375 7315 7304 7308 7316 7308 7312 7316 7305 7309 7317 7309 7313 7317 7306 7310 7318 7310 7314 7318 7307 7311 7319 7311 7315 7319 7300 7304 7320 7304 7316 7320 7301 7305 7321 7305 7317 7321 7302 7306 7322 7306 7318 7322 7303 7307 7323 7307 7319 7323 7296 7300 7324 7300 7320 7324 7297 7301 7325 7301 7321 7325 7298 7302 7326 7302 7322 7326 7299 7303 7327 7303 7323 7327 7292 7296 7328 7296 7324 7328 7293 7297 7329 7297 7325 7329 7294 7298 7330 7298 7326 7330 7295 7299 7331 7299 7327 7331 7292 7328 7288 7328 7332 7288 7293 7329 7289 7329 7333 7289 7294 7330 7290 7330 7334 7290 7295 7331 7291 7331 7335 7291 7288 7332 7284 7332 7336 7284 7289 7333 7285 7333 7337 7285 7290 7334 7286 7334 7338 7286 7291 7335 7287 7335 7339 7287 7280 7284 7340 7284 7336 7340 7281 7285 7341 7285 7337 7341 7282 7286 7342 7286 7338 7342 7283 7287 7343 7287 7339 7343 7280 7340 7276 7340 7344 7276 7281 7341 7277 7341 7345 7277 7282 7342 7278 7342 7346 7278 7283 7343 7279 7343 7347 7279 7272 7276 7348 7276 7344 7348 7273 7277 7349 7277 7345 7349 7274 7278 7350 7278 7346 7350 7275 7279 7351 7279 7347 7351 7272 7348 7268 7348 7352 7268 7273 7349 7269 7349 7353 7269 7274 7350 7270 7350 7354 7270 7275 7351 7271 7351 7355 7271 7268 7352 7264 7352 7356 7264 7269 7353 7265 7353 7357 7265 7270 7354 7266 7354 7358 7266 7271 7355 7267 7355 7359 7267 7264 7356 7260 7356 7360 7260 7265 7357 7261 7357 7361 7261 7266 7358 7262 7358 7362 7262 7267 7359 7263 7359 7363 7263 7256 7260 7364 7260 7360 7364 7257 7261 7365 7261 7361 7365 7258 7262 7366 7262 7362 7366 7259 7263 7367 7263 7363 7367 7256 7364 7252 7364 7368 7252 7257 7365 7253 7365 7369 7253 7258 7366 7254 7366 7370 7254 7259 7367 7255 7367 7371 7255 7372 7248 7368 7248 7252 7368 7373 7249 7369 7249 7253 7369 7374 7250 7370 7250 7254 7370 7375 7251 7371 7251 7255 7371 12464 12465 7436 12465 7376 7436 12480 12481 7437 12481 7377 7437 12496 12497 7438 12497 7378 7438 12512 12513 7439 12513 7379 7439 12465 12466 7376 12466 7380 7376 12481 12482 7377 12482 7381 7377 12497 12498 7378 12498 7382 7378 12513 12514 7379 12514 7383 7379 12466 12467 7380 12467 7384 7380 12482 12483 7381 12483 7385 7381 12498 12499 7382 12499 7386 7382 12514 12515 7383 12515 7387 7383 12467 12468 7384 12468 7388 7384 12483 12484 7385 12484 7389 7385 12499 12500 7386 12500 7390 7386 12515 12516 7387 12516 7391 7387 12468 12469 7388 12469 7392 7388 12484 12485 7389 12485 7393 7389 12500 12501 7390 12501 7394 7390 12516 12517 7391 12517 7395 7391 12470 7396 12469 7396 7392 12469 12486 7397 12485 7397 7393 12485 12502 7398 12501 7398 7394 12501 12518 7399 12517 7399 7395 12517 12471 7400 12470 7400 7396 12470 12487 7401 12486 7401 7397 12486 12503 7402 12502 7402 7398 12502 12519 7403 12518 7403 7399 12518 12471 12472 7400 12472 7404 7400 12487 12488 7401 12488 7405 7401 12503 12504 7402 12504 7406 7402 12519 12520 7403 12520 7407 7403 12473 7408 12472 7408 7404 12472 12489 7409 12488 7409 7405 12488 12505 7410 12504 7410 7406 12504 12521 7411 12520 7411 7407 12520 12473 12474 7408 12474 7412 7408 12489 12490 7409 12490 7413 7409 12505 12506 7410 12506 7414 7410 12521 12522 7411 12522 7415 7411 12475 7416 12474 7416 7412 12474 12491 7417 12490 7417 7413 12490 12507 7418 12506 7418 7414 12506 12523 7419 12522 7419 7415 12522 12476 7420 12475 7420 7416 12475 12492 7421 12491 7421 7417 12491 12508 7422 12507 7422 7418 12507 12524 7423 12523 7423 7419 12523 12477 7424 12476 7424 7420 12476 12493 7425 12492 7425 7421 12492 12509 7426 12508 7426 7422 12508 12525 7427 12524 7427 7423 12524 12477 12478 7424 12478 7428 7424 12493 12494 7425 12494 7429 7425 12509 12510 7426 12510 7430 7426 12525 12526 7427 12526 7431 7427 12479 7432 12478 7432 7428 12478 12495 7433 12494 7433 7429 12494 12511 7434 12510 7434 7430 12510 12527 7435 12526 7435 7431 12526 12464 7436 12479 7436 7432 12479 12480 7437 12495 7437 7433 12495 12496 7438 12511 7438 7434 12511 12512 7439 12527 7439 7435 12527 12543 7440 12542 7440 7444 12542 12559 7441 12558 7441 7445 12558 12575 7442 12574 7442 7446 12574 12591 7443 12590 7443 7447 12590 12542 7444 12541 7444 7448 12541 12558 7445 12557 7445 7449 12557 12574 7446 12573 7446 7450 12573 12590 7447 12589 7447 7451 12589 12540 12541 7452 12541 7448 7452 12556 12557 7453 12557 7449 7453 12572 12573 7454 12573 7450 7454 12588 12589 7455 12589 7451 7455 12540 7452 12539 7452 7456 12539 12556 7453 12555 7453 7457 12555 12572 7454 12571 7454 7458 12571 12588 7455 12587 7455 7459 12587 12539 7456 12538 7456 7460 12538 12555 7457 12554 7457 7461 12554 12571 7458 12570 7458 7462 12570 12587 7459 12586 7459 7463 12586 12538 7460 12537 7460 7464 12537 12554 7461 12553 7461 7465 12553 12570 7462 12569 7462 7466 12569 12586 7463 12585 7463 7467 12585 12536 12537 7468 12537 7464 7468 12552 12553 7469 12553 7465 7469 12568 12569 7470 12569 7466 7470 12584 12585 7471 12585 7467 7471 12536 7468 12535 7468 7472 12535 12552 7469 12551 7469 7473 12551 12568 7470 12567 7470 7474 12567 12584 7471 12583 7471 7475 12583 12534 12535 7476 12535 7472 7476 12550 12551 7477 12551 7473 7477 12566 12567 7478 12567 7474 7478 12582 12583 7479 12583 7475 7479 12534 7476 12533 7476 7480 12533 12550 7477 12549 7477 7481 12549 12566 7478 12565 7478 7482 12565 12582 7479 12581 7479 7483 12581 12533 7480 12532 7480 7484 12532 12549 7481 12548 7481 7485 12548 12565 7482 12564 7482 7486 12564 12581 7483 12580 7483 7487 12580 12531 12532 7488 12532 7484 7488 12547 12548 7489 12548 7485 7489 12563 12564 7490 12564 7486 7490 12579 12580 7491 12580 7487 7491 12530 12531 7492 12531 7488 7492 12546 12547 7493 12547 7489 7493 12562 12563 7494 12563 7490 7494 12578 12579 7495 12579 7491 7495 12529 12530 7496 12530 7492 7496 12545 12546 7497 12546 7493 7497 12561 12562 7498 12562 7494 7498 12577 12578 7499 12578 7495 7499 7496 7500 12529 7500 12528 12529 7497 7501 12545 7501 12544 12545 7498 7502 12561 7502 12560 12561 7499 7503 12577 7503 12576 12577 7500 7440 12528 7440 12543 12528 7501 7441 12544 7441 12559 12544 7502 7442 12560 7442 12575 12560 7503 7443 12576 7443 12591 12576 7504 7519 7535 7519 7520 7535 7505 7504 7534 7504 7535 7534 7534 7533 7505 7533 7506 7505 7533 7532 7506 7532 7507 7506 7532 7531 7507 7531 7508 7507 7530 7509 7531 7509 7508 7531 7529 7510 7530 7510 7509 7530 7529 7528 7510 7528 7511 7510 7527 7512 7528 7512 7511 7528 7527 7526 7512 7526 7513 7512 7525 7514 7526 7514 7513 7526 7524 7515 7525 7515 7514 7525 7523 7516 7524 7516 7515 7524 7523 7522 7516 7522 7517 7516 7521 7518 7522 7518 7517 7522 7520 7519 7521 7519 7518 7521 7567 12592 7566 12592 12607 7566 7566 12607 7565 12607 12606 7565 7564 7565 12605 7565 12606 12605 7564 12605 7563 12605 12604 7563 7563 12604 7562 12604 12603 7562 7562 12603 7561 12603 12602 7561 7560 7561 12601 7561 12602 12601 7560 12601 7559 12601 12600 7559 7558 7559 12599 7559 12600 12599 7558 12599 7557 12599 12598 7557 7557 12598 7556 12598 12597 7556 7555 7556 12596 7556 12597 12596 7554 7555 12595 7555 12596 12595 7553 7554 12594 7554 12595 12594 7552 7553 12593 7553 12594 12593 7567 7552 12592 7552 12593 12592 7536 12623 7537 12623 12622 7537 12621 7538 12622 7538 7537 12622 12621 12620 7538 12620 7539 7538 12619 7540 12620 7540 7539 12620 12618 7541 12619 7541 7540 12619 12617 7542 12618 7542 7541 12618 12617 12616 7542 12616 7543 7542 12615 7544 12616 7544 7543 12616 12615 12614 7544 12614 7545 7544 12613 7546 12614 7546 7545 12614 12612 7547 12613 7547 7546 12613 12612 12611 7547 12611 7548 7547 12611 12610 7548 12610 7549 7548 12610 12609 7549 12609 7550 7549 12609 12608 7550 12608 7551 7550 12608 12623 7551 12623 7536 7551 7568 7583 7599 7583 7584 7599 7569 7568 7598 7568 7599 7598 7598 7597 7569 7597 7570 7569 7597 7596 7570 7596 7571 7570 7596 7595 7571 7595 7572 7571 7594 7573 7595 7573 7572 7595 7593 7574 7594 7574 7573 7594 7593 7592 7574 7592 7575 7574 7591 7576 7592 7576 7575 7592 7591 7590 7576 7590 7577 7576 7589 7578 7590 7578 7577 7590 7588 7579 7589 7579 7578 7589 7587 7580 7588 7580 7579 7588 7587 7586 7580 7586 7581 7580 7585 7582 7586 7582 7581 7586 7584 7583 7585 7583 7582 7585 7631 12624 7630 12624 12639 7630 7630 12639 7629 12639 12638 7629 7628 7629 12637 7629 12638 12637 7628 12637 7627 12637 12636 7627 7627 12636 7626 12636 12635 7626 7626 12635 7625 12635 12634 7625 7624 7625 12633 7625 12634 12633 7624 12633 7623 12633 12632 7623 7622 7623 12631 7623 12632 12631 7622 12631 7621 12631 12630 7621 7621 12630 7620 12630 12629 7620 7619 7620 12628 7620 12629 12628 7618 7619 12627 7619 12628 12627 7617 7618 12626 7618 12627 12626 7616 7617 12625 7617 12626 12625 7631 7616 12624 7616 12625 12624 7600 12655 7601 12655 12654 7601 12653 7602 12654 7602 7601 12654 12653 12652 7602 12652 7603 7602 12651 7604 12652 7604 7603 12652 12650 7605 12651 7605 7604 12651 12649 7606 12650 7606 7605 12650 12649 12648 7606 12648 7607 7606 12647 7608 12648 7608 7607 12648 12647 12646 7608 12646 7609 7608 12645 7610 12646 7610 7609 12646 12644 7611 12645 7611 7610 12645 12644 12643 7611 12643 7612 7611 12643 12642 7612 12642 7613 7612 12642 12641 7613 12641 7614 7613 12641 12640 7614 12640 7615 7614 12640 12655 7615 12655 7600 7615 7634 7635 7633 7635 7632 7633 12659 7636 12658 7636 7637 12658 12656 7639 12657 7639 7638 12657 7642 7643 7641 7643 7640 7641 12667 7645 12665 7645 7644 12665 12664 12669 12663 12669 7647 12663 12662 12670 12661 12670 7646 12661 12660 12671 12666 12671 12668 12666 7654 7649 7653 7649 7650 7653 7655 7648 12674 7648 12672 12674 7652 7651 12683 7651 12682 12683 12676 12677 12679 12677 12680 12679 12675 12678 12673 12678 12681 12673 7658 7659 7657 7659 7656 7657 12691 7661 12689 7661 7660 12689 12688 12693 12687 12693 7663 12687 12686 12694 12685 12694 7662 12685 12684 12695 12690 12695 12692 12690 7670 7665 7669 7665 7666 7669 7671 7664 12698 7664 12696 12698 7668 7667 12707 7667 12706 12707 12700 12701 12703 12701 12704 12703 12699 12702 12697 12702 12705 12697 7678 7672 7677 7672 7673 7677 7676 7675 7679 7675 7674 7679 12710 12708 12711 12708 12709 12711 7682 7683 7681 7683 7680 7681 12715 7684 12714 7684 7685 12714 12712 7687 12713 7687 7686 12713 7690 7691 7689 7691 7688 7689 12723 7693 12721 7693 7692 12721 12720 12725 12719 12725 7695 12719 12718 12726 12717 12726 7694 12717 12716 12727 12722 12727 12724 12722 7702 7697 7701 7697 7698 7701 7703 7696 12730 7696 12728 12730 7700 7699 12739 7699 12738 12739 12732 12733 12735 12733 12736 12735 12731 12734 12729 12734 12737 12729 7706 7707 7705 7707 7704 7705 12747 7709 12745 7709 7708 12745 12744 12749 12743 12749 7711 12743 12742 12750 12741 12750 7710 12741 12740 12751 12746 12751 12748 12746 7718 7713 7717 7713 7714 7717 7719 7712 12754 7712 12752 12754 7716 7715 12763 7715 12762 12763 12756 12757 12759 12757 12760 12759 12755 12758 12753 12758 12761 12753 7726 7720 7725 7720 7721 7725 7724 7723 7727 7723 7722 7727 12766 12764 12767 12764 12765 12767 7730 7731 7729 7731 7728 7729 12771 7732 12770 7732 7733 12770 12768 7735 12769 7735 7734 12769 7738 7739 7737 7739 7736 7737 12779 7741 12777 7741 7740 12777 12776 12781 12775 12781 7743 12775 12774 12782 12773 12782 7742 12773 12772 12783 12778 12783 12780 12778 7750 7745 7749 7745 7746 7749 7751 7744 12786 7744 12784 12786 7748 7747 12795 7747 12794 12795 12788 12789 12791 12789 12792 12791 12787 12790 12785 12790 12793 12785 7754 7755 7753 7755 7752 7753 12803 7757 12801 7757 7756 12801 12800 12805 12799 12805 7759 12799 12798 12806 12797 12806 7758 12797 12796 12807 12802 12807 12804 12802 7766 7761 7765 7761 7762 7765 7767 7760 12810 7760 12808 12810 7764 7763 12819 7763 12818 12819 12812 12813 12815 12813 12816 12815 12811 12814 12809 12814 12817 12809 7774 7768 7773 7768 7769 7773 7772 7771 7775 7771 7770 7775 12822 12820 12823 12820 12821 12823 7778 7779 7777 7779 7776 7777 12827 7780 12826 7780 7781 12826 12824 7783 12825 7783 7782 12825 7786 7787 7785 7787 7784 7785 12835 7789 12833 7789 7788 12833 12832 12837 12831 12837 7791 12831 12830 12838 12829 12838 7790 12829 12828 12839 12834 12839 12836 12834 7798 7793 7797 7793 7794 7797 7799 7792 12842 7792 12840 12842 7796 7795 12851 7795 12850 12851 12844 12845 12847 12845 12848 12847 12843 12846 12841 12846 12849 12841 7802 7803 7801 7803 7800 7801 12859 7805 12857 7805 7804 12857 12856 12861 12855 12861 7807 12855 12854 12862 12853 12862 7806 12853 12852 12863 12858 12863 12860 12858 7814 7809 7813 7809 7810 7813 7815 7808 12866 7808 12864 12866 7812 7811 12875 7811 12874 12875 12868 12869 12871 12869 12872 12871 12867 12870 12865 12870 12873 12865 7822 7816 7821 7816 7817 7821 7820 7819 7823 7819 7818 7823 12878 12876 12879 12876 12877 12879 7826 7827 7825 7827 7824 7825 12883 7828 12882 7828 7829 12882 12880 7831 12881 7831 7830 12881 7834 7835 7833 7835 7832 7833 12891 7837 12889 7837 7836 12889 12888 12893 12887 12893 7839 12887 12886 12894 12885 12894 7838 12885 12884 12895 12890 12895 12892 12890 7846 7841 7845 7841 7842 7845 7847 7840 12898 7840 12896 12898 7844 7843 12907 7843 12906 12907 12900 12901 12903 12901 12904 12903 12899 12902 12897 12902 12905 12897 7850 7851 7849 7851 7848 7849 12915 7853 12913 7853 7852 12913 12912 12917 12911 12917 7855 12911 12910 12918 12909 12918 7854 12909 12908 12919 12914 12919 12916 12914 7862 7857 7861 7857 7858 7861 7863 7856 12922 7856 12920 12922 7860 7859 12931 7859 12930 12931 12924 12925 12927 12925 12928 12927 12923 12926 12921 12926 12929 12921 7870 7864 7869 7864 7865 7869 7868 7867 7871 7867 7866 7871 12934 12932 12935 12932 12933 12935 7874 7875 7873 7875 7872 7873 12939 7876 12938 7876 7877 12938 12936 7879 12937 7879 7878 12937 7882 7883 7881 7883 7880 7881 12947 7885 12945 7885 7884 12945 12944 12949 12943 12949 7887 12943 12942 12950 12941 12950 7886 12941 12940 12951 12946 12951 12948 12946 7894 7889 7893 7889 7890 7893 7895 7888 12954 7888 12952 12954 7892 7891 12963 7891 12962 12963 12956 12957 12959 12957 12960 12959 12955 12958 12953 12958 12961 12953 7898 7899 7897 7899 7896 7897 12971 7901 12969 7901 7900 12969 12968 12973 12967 12973 7903 12967 12966 12974 12965 12974 7902 12965 12964 12975 12970 12975 12972 12970 7910 7905 7909 7905 7906 7909 7911 7904 12978 7904 12976 12978 7908 7907 12987 7907 12986 12987 12980 12981 12983 12981 12984 12983 12979 12982 12977 12982 12985 12977 7918 7912 7917 7912 7913 7917 7916 7915 7919 7915 7914 7919 12990 12988 12991 12988 12989 12991 7922 7923 7921 7923 7920 7921 12995 7924 12994 7924 7925 12994 12992 7927 12993 7927 7926 12993 7930 7931 7929 7931 7928 7929 13003 7933 13001 7933 7932 13001 13000 13005 12999 13005 7935 12999 12998 13006 12997 13006 7934 12997 12996 13007 13002 13007 13004 13002 7942 7937 7941 7937 7938 7941 7943 7936 13010 7936 13008 13010 7940 7939 13019 7939 13018 13019 13012 13013 13015 13013 13016 13015 13011 13014 13009 13014 13017 13009 7946 7947 7945 7947 7944 7945 13027 7949 13025 7949 7948 13025 13024 13029 13023 13029 7951 13023 13022 13030 13021 13030 7950 13021 13020 13031 13026 13031 13028 13026 7958 7953 7957 7953 7954 7957 7959 7952 13034 7952 13032 13034 7956 7955 13043 7955 13042 13043 13036 13037 13039 13037 13040 13039 13035 13038 13033 13038 13041 13033 7966 7960 7965 7960 7961 7965 7964 7963 7967 7963 7962 7967 13046 13044 13047 13044 13045 13047 7970 7971 7969 7971 7968 7969 13051 7972 13050 7972 7973 13050 13048 7975 13049 7975 7974 13049 7978 7979 7977 7979 7976 7977 13059 7981 13057 7981 7980 13057 13056 13061 13055 13061 7983 13055 13054 13062 13053 13062 7982 13053 13052 13063 13058 13063 13060 13058 7990 7985 7989 7985 7986 7989 7991 7984 13066 7984 13064 13066 7988 7987 13075 7987 13074 13075 13068 13069 13071 13069 13072 13071 13067 13070 13065 13070 13073 13065 7994 7995 7993 7995 7992 7993 13083 7997 13081 7997 7996 13081 13080 13085 13079 13085 7999 13079 13078 13086 13077 13086 7998 13077 13076 13087 13082 13087 13084 13082 8006 8001 8005 8001 8002 8005 8007 8000 13090 8000 13088 13090 8004 8003 13099 8003 13098 13099 13092 13093 13095 13093 13096 13095 13091 13094 13089 13094 13097 13089 8014 8008 8013 8008 8009 8013 8012 8011 8015 8011 8010 8015 13102 13100 13103 13100 13101 13103 8018 8019 8017 8019 8016 8017 13107 8020 13106 8020 8021 13106 13104 8023 13105 8023 8022 13105 8026 8027 8025 8027 8024 8025 13115 8029 13113 8029 8028 13113 13112 13117 13111 13117 8031 13111 13110 13118 13109 13118 8030 13109 13108 13119 13114 13119 13116 13114 8038 8033 8037 8033 8034 8037 8039 8032 13122 8032 13120 13122 8036 8035 13131 8035 13130 13131 13124 13125 13127 13125 13128 13127 13123 13126 13121 13126 13129 13121 8042 8043 8041 8043 8040 8041 13139 8045 13137 8045 8044 13137 13136 13141 13135 13141 8047 13135 13134 13142 13133 13142 8046 13133 13132 13143 13138 13143 13140 13138 8054 8049 8053 8049 8050 8053 8055 8048 13146 8048 13144 13146 8052 8051 13155 8051 13154 13155 13148 13149 13151 13149 13152 13151 13147 13150 13145 13150 13153 13145 8062 8056 8061 8056 8057 8061 8060 8059 8063 8059 8058 8063 13158 13156 13159 13156 13157 13159 8066 8067 8065 8067 8064 8065 13163 8068 13162 8068 8069 13162 13160 8071 13161 8071 8070 13161 8074 8075 8073 8075 8072 8073 13171 8077 13169 8077 8076 13169 13168 13173 13167 13173 8079 13167 13166 13174 13165 13174 8078 13165 13164 13175 13170 13175 13172 13170 8086 8081 8085 8081 8082 8085 8087 8080 13178 8080 13176 13178 8084 8083 13187 8083 13186 13187 13180 13181 13183 13181 13184 13183 13179 13182 13177 13182 13185 13177 8090 8091 8089 8091 8088 8089 13195 8093 13193 8093 8092 13193 13192 13197 13191 13197 8095 13191 13190 13198 13189 13198 8094 13189 13188 13199 13194 13199 13196 13194 8102 8097 8101 8097 8098 8101 8103 8096 13202 8096 13200 13202 8100 8099 13211 8099 13210 13211 13204 13205 13207 13205 13208 13207 13203 13206 13201 13206 13209 13201 8110 8104 8109 8104 8105 8109 8108 8107 8111 8107 8106 8111 13214 13212 13215 13212 13213 13215 8114 8115 8113 8115 8112 8113 13219 8116 13218 8116 8117 13218 13216 8119 13217 8119 8118 13217 8122 8123 8121 8123 8120 8121 13227 8125 13225 8125 8124 13225 13224 13229 13223 13229 8127 13223 13222 13230 13221 13230 8126 13221 13220 13231 13226 13231 13228 13226 8134 8129 8133 8129 8130 8133 8135 8128 13234 8128 13232 13234 8132 8131 13243 8131 13242 13243 13236 13237 13239 13237 13240 13239 13235 13238 13233 13238 13241 13233 8138 8139 8137 8139 8136 8137 13251 8141 13249 8141 8140 13249 13248 13253 13247 13253 8143 13247 13246 13254 13245 13254 8142 13245 13244 13255 13250 13255 13252 13250 8150 8145 8149 8145 8146 8149 8151 8144 13258 8144 13256 13258 8148 8147 13267 8147 13266 13267 13260 13261 13263 13261 13264 13263 13259 13262 13257 13262 13265 13257 8158 8152 8157 8152 8153 8157 8156 8155 8159 8155 8154 8159 13270 13268 13271 13268 13269 13271 8162 8163 8161 8163 8160 8161 13275 8164 13274 8164 8165 13274 13272 8167 13273 8167 8166 13273 8170 8171 8169 8171 8168 8169 13283 8173 13281 8173 8172 13281 13280 13285 13279 13285 8175 13279 13278 13286 13277 13286 8174 13277 13276 13287 13282 13287 13284 13282 8182 8177 8181 8177 8178 8181 8183 8176 13290 8176 13288 13290 8180 8179 13299 8179 13298 13299 13292 13293 13295 13293 13296 13295 13291 13294 13289 13294 13297 13289 8186 8187 8185 8187 8184 8185 13307 8189 13305 8189 8188 13305 13304 13309 13303 13309 8191 13303 13302 13310 13301 13310 8190 13301 13300 13311 13306 13311 13308 13306 8198 8193 8197 8193 8194 8197 8199 8192 13314 8192 13312 13314 8196 8195 13323 8195 13322 13323 13316 13317 13319 13317 13320 13319 13315 13318 13313 13318 13321 13313 8206 8200 8205 8200 8201 8205 8204 8203 8207 8203 8202 8207 13326 13324 13327 13324 13325 13327 8210 8211 8209 8211 8208 8209 13331 8212 13330 8212 8213 13330 13328 8215 13329 8215 8214 13329 8218 8219 8217 8219 8216 8217 13339 8221 13337 8221 8220 13337 13336 13341 13335 13341 8223 13335 13334 13342 13333 13342 8222 13333 13332 13343 13338 13343 13340 13338 8230 8225 8229 8225 8226 8229 8231 8224 13346 8224 13344 13346 8228 8227 13355 8227 13354 13355 13348 13349 13351 13349 13352 13351 13347 13350 13345 13350 13353 13345 8234 8235 8233 8235 8232 8233 13363 8237 13361 8237 8236 13361 13360 13365 13359 13365 8239 13359 13358 13366 13357 13366 8238 13357 13356 13367 13362 13367 13364 13362 8246 8241 8245 8241 8242 8245 8247 8240 13370 8240 13368 13370 8244 8243 13379 8243 13378 13379 13372 13373 13375 13373 13376 13375 13371 13374 13369 13374 13377 13369 8254 8248 8253 8248 8249 8253 8252 8251 8255 8251 8250 8255 13382 13380 13383 13380 13381 13383 8258 8259 8257 8259 8256 8257 13387 8260 13386 8260 8261 13386 13384 8263 13385 8263 8262 13385 8266 8267 8265 8267 8264 8265 13395 8269 13393 8269 8268 13393 13392 13397 13391 13397 8271 13391 13390 13398 13389 13398 8270 13389 13388 13399 13394 13399 13396 13394 8278 8273 8277 8273 8274 8277 8279 8272 13402 8272 13400 13402 8276 8275 13411 8275 13410 13411 13404 13405 13407 13405 13408 13407 13403 13406 13401 13406 13409 13401 8282 8283 8281 8283 8280 8281 13419 8285 13417 8285 8284 13417 13416 13421 13415 13421 8287 13415 13414 13422 13413 13422 8286 13413 13412 13423 13418 13423 13420 13418 8294 8289 8293 8289 8290 8293 8295 8288 13426 8288 13424 13426 8292 8291 13435 8291 13434 13435 13428 13429 13431 13429 13432 13431 13427 13430 13425 13430 13433 13425 8302 8296 8301 8296 8297 8301 8300 8299 8303 8299 8298 8303 13438 13436 13439 13436 13437 13439 8306 8307 8305 8307 8304 8305 13443 8308 13442 8308 8309 13442 13440 8311 13441 8311 8310 13441 8314 8315 8313 8315 8312 8313 13451 8317 13449 8317 8316 13449 13448 13453 13447 13453 8319 13447 13446 13454 13445 13454 8318 13445 13444 13455 13450 13455 13452 13450 8326 8321 8325 8321 8322 8325 8327 8320 13458 8320 13456 13458 8324 8323 13467 8323 13466 13467 13460 13461 13463 13461 13464 13463 13459 13462 13457 13462 13465 13457 8330 8331 8329 8331 8328 8329 13475 8333 13473 8333 8332 13473 13472 13477 13471 13477 8335 13471 13470 13478 13469 13478 8334 13469 13468 13479 13474 13479 13476 13474 8342 8337 8341 8337 8338 8341 8343 8336 13482 8336 13480 13482 8340 8339 13491 8339 13490 13491 13484 13485 13487 13485 13488 13487 13483 13486 13481 13486 13489 13481 8350 8344 8349 8344 8345 8349 8348 8347 8351 8347 8346 8351 13494 13492 13495 13492 13493 13495 8354 8355 8353 8355 8352 8353 13499 8356 13498 8356 8357 13498 13496 8359 13497 8359 8358 13497 8362 8363 8361 8363 8360 8361 13507 8365 13505 8365 8364 13505 13504 13509 13503 13509 8367 13503 13502 13510 13501 13510 8366 13501 13500 13511 13506 13511 13508 13506 8374 8369 8373 8369 8370 8373 8375 8368 13514 8368 13512 13514 8372 8371 13523 8371 13522 13523 13516 13517 13519 13517 13520 13519 13515 13518 13513 13518 13521 13513 8378 8379 8377 8379 8376 8377 13531 8381 13529 8381 8380 13529 13528 13533 13527 13533 8383 13527 13526 13534 13525 13534 8382 13525 13524 13535 13530 13535 13532 13530 8390 8385 8389 8385 8386 8389 8391 8384 13538 8384 13536 13538 8388 8387 13547 8387 13546 13547 13540 13541 13543 13541 13544 13543 13539 13542 13537 13542 13545 13537 8398 8392 8397 8392 8393 8397 8396 8395 8399 8395 8394 8399 13550 13548 13551 13548 13549 13551 8402 8403 8401 8403 8400 8401 13555 8404 13554 8404 8405 13554 13552 8407 13553 8407 8406 13553 8410 8411 8409 8411 8408 8409 13563 8413 13561 8413 8412 13561 13560 13565 13559 13565 8415 13559 13558 13566 13557 13566 8414 13557 13556 13567 13562 13567 13564 13562 8422 8417 8421 8417 8418 8421 8423 8416 13570 8416 13568 13570 8420 8419 13579 8419 13578 13579 13572 13573 13575 13573 13576 13575 13571 13574 13569 13574 13577 13569 8426 8427 8425 8427 8424 8425 13587 8429 13585 8429 8428 13585 13584 13589 13583 13589 8431 13583 13582 13590 13581 13590 8430 13581 13580 13591 13586 13591 13588 13586 8438 8433 8437 8433 8434 8437 8439 8432 13594 8432 13592 13594 8436 8435 13603 8435 13602 13603 13596 13597 13599 13597 13600 13599 13595 13598 13593 13598 13601 13593 8446 8440 8445 8440 8441 8445 8444 8443 8447 8443 8442 8447 13606 13604 13607 13604 13605 13607 8450 8451 8449 8451 8448 8449 13611 8452 13610 8452 8453 13610 13608 8455 13609 8455 8454 13609 8458 8459 8457 8459 8456 8457 13619 8461 13617 8461 8460 13617 13616 13621 13615 13621 8463 13615 13614 13622 13613 13622 8462 13613 13612 13623 13618 13623 13620 13618 8470 8465 8469 8465 8466 8469 8471 8464 13626 8464 13624 13626 8468 8467 13635 8467 13634 13635 13628 13629 13631 13629 13632 13631 13627 13630 13625 13630 13633 13625 8474 8475 8473 8475 8472 8473 13643 8477 13641 8477 8476 13641 13640 13645 13639 13645 8479 13639 13638 13646 13637 13646 8478 13637 13636 13647 13642 13647 13644 13642 8486 8481 8485 8481 8482 8485 8487 8480 13650 8480 13648 13650 8484 8483 13659 8483 13658 13659 13652 13653 13655 13653 13656 13655 13651 13654 13649 13654 13657 13649 8494 8488 8493 8488 8489 8493 8492 8491 8495 8491 8490 8495 13662 13660 13663 13660 13661 13663 8498 8499 8497 8499 8496 8497 13667 8500 13666 8500 8501 13666 13664 8503 13665 8503 8502 13665 8506 8507 8505 8507 8504 8505 13675 8509 13673 8509 8508 13673 13672 13677 13671 13677 8511 13671 13670 13678 13669 13678 8510 13669 13668 13679 13674 13679 13676 13674 8518 8513 8517 8513 8514 8517 8519 8512 13682 8512 13680 13682 8516 8515 13691 8515 13690 13691 13684 13685 13687 13685 13688 13687 13683 13686 13681 13686 13689 13681 8522 8523 8521 8523 8520 8521 13699 8525 13697 8525 8524 13697 13696 13701 13695 13701 8527 13695 13694 13702 13693 13702 8526 13693 13692 13703 13698 13703 13700 13698 8534 8529 8533 8529 8530 8533 8535 8528 13706 8528 13704 13706 8532 8531 13715 8531 13714 13715 13708 13709 13711 13709 13712 13711 13707 13710 13705 13710 13713 13705 8542 8536 8541 8536 8537 8541 8540 8539 8543 8539 8538 8543 13718 13716 13719 13716 13717 13719 8546 8547 8545 8547 8544 8545 13723 8548 13722 8548 8549 13722 13720 8551 13721 8551 8550 13721 8554 8555 8553 8555 8552 8553 13731 8557 13729 8557 8556 13729 13728 13733 13727 13733 8559 13727 13726 13734 13725 13734 8558 13725 13724 13735 13730 13735 13732 13730 8566 8561 8565 8561 8562 8565 8567 8560 13738 8560 13736 13738 8564 8563 13747 8563 13746 13747 13740 13741 13743 13741 13744 13743 13739 13742 13737 13742 13745 13737 8570 8571 8569 8571 8568 8569 13755 8573 13753 8573 8572 13753 13752 13757 13751 13757 8575 13751 13750 13758 13749 13758 8574 13749 13748 13759 13754 13759 13756 13754 8582 8577 8581 8577 8578 8581 8583 8576 13762 8576 13760 13762 8580 8579 13771 8579 13770 13771 13764 13765 13767 13765 13768 13767 13763 13766 13761 13766 13769 13761 8590 8584 8589 8584 8585 8589 8588 8587 8591 8587 8586 8591 13774 13772 13775 13772 13773 13775 8594 8595 8593 8595 8592 8593 13779 8596 13778 8596 8597 13778 13776 8599 13777 8599 8598 13777 8602 8603 8601 8603 8600 8601 13787 8605 13785 8605 8604 13785 13784 13789 13783 13789 8607 13783 13782 13790 13781 13790 8606 13781 13780 13791 13786 13791 13788 13786 8614 8609 8613 8609 8610 8613 8615 8608 13794 8608 13792 13794 8612 8611 13803 8611 13802 13803 13796 13797 13799 13797 13800 13799 13795 13798 13793 13798 13801 13793 8618 8619 8617 8619 8616 8617 13811 8621 13809 8621 8620 13809 13808 13813 13807 13813 8623 13807 13806 13814 13805 13814 8622 13805 13804 13815 13810 13815 13812 13810 8630 8625 8629 8625 8626 8629 8631 8624 13818 8624 13816 13818 8628 8627 13827 8627 13826 13827 13820 13821 13823 13821 13824 13823 13819 13822 13817 13822 13825 13817 8638 8632 8637 8632 8633 8637 8636 8635 8639 8635 8634 8639 13830 13828 13831 13828 13829 13831 8642 8643 8641 8643 8640 8641 13835 8644 13834 8644 8645 13834 13832 8647 13833 8647 8646 13833 8650 8651 8649 8651 8648 8649 13843 8653 13841 8653 8652 13841 13840 13845 13839 13845 8655 13839 13838 13846 13837 13846 8654 13837 13836 13847 13842 13847 13844 13842 8662 8657 8661 8657 8658 8661 8663 8656 13850 8656 13848 13850 8660 8659 13859 8659 13858 13859 13852 13853 13855 13853 13856 13855 13851 13854 13849 13854 13857 13849 8666 8667 8665 8667 8664 8665 13867 8669 13865 8669 8668 13865 13864 13869 13863 13869 8671 13863 13862 13870 13861 13870 8670 13861 13860 13871 13866 13871 13868 13866 8678 8673 8677 8673 8674 8677 8679 8672 13874 8672 13872 13874 8676 8675 13883 8675 13882 13883 13876 13877 13879 13877 13880 13879 13875 13878 13873 13878 13881 13873 8686 8680 8685 8680 8681 8685 8684 8683 8687 8683 8682 8687 13886 13884 13887 13884 13885 13887 8690 8691 8689 8691 8688 8689 13891 8692 13890 8692 8693 13890 13888 8695 13889 8695 8694 13889 8698 8699 8697 8699 8696 8697 13899 8701 13897 8701 8700 13897 13896 13901 13895 13901 8703 13895 13894 13902 13893 13902 8702 13893 13892 13903 13898 13903 13900 13898 8710 8705 8709 8705 8706 8709 8711 8704 13906 8704 13904 13906 8708 8707 13915 8707 13914 13915 13908 13909 13911 13909 13912 13911 13907 13910 13905 13910 13913 13905 8714 8715 8713 8715 8712 8713 13923 8717 13921 8717 8716 13921 13920 13925 13919 13925 8719 13919 13918 13926 13917 13926 8718 13917 13916 13927 13922 13927 13924 13922 8726 8721 8725 8721 8722 8725 8727 8720 13930 8720 13928 13930 8724 8723 13939 8723 13938 13939 13932 13933 13935 13933 13936 13935 13931 13934 13929 13934 13937 13929 8734 8728 8733 8728 8729 8733 8732 8731 8735 8731 8730 8735 13942 13940 13943 13940 13941 13943 8738 8739 8737 8739 8736 8737 13947 8740 13946 8740 8741 13946 13944 8743 13945 8743 8742 13945 8746 8747 8745 8747 8744 8745 13955 8749 13953 8749 8748 13953 13952 13957 13951 13957 8751 13951 13950 13958 13949 13958 8750 13949 13948 13959 13954 13959 13956 13954 8758 8753 8757 8753 8754 8757 8759 8752 13962 8752 13960 13962 8756 8755 13971 8755 13970 13971 13964 13965 13967 13965 13968 13967 13963 13966 13961 13966 13969 13961 8762 8763 8761 8763 8760 8761 13979 8765 13977 8765 8764 13977 13976 13981 13975 13981 8767 13975 13974 13982 13973 13982 8766 13973 13972 13983 13978 13983 13980 13978 8774 8769 8773 8769 8770 8773 8775 8768 13986 8768 13984 13986 8772 8771 13995 8771 13994 13995 13988 13989 13991 13989 13992 13991 13987 13990 13985 13990 13993 13985 8782 8776 8781 8776 8777 8781 8780 8779 8783 8779 8778 8783 13998 13996 13999 13996 13997 13999 8786 8787 8785 8787 8784 8785 14003 8788 14002 8788 8789 14002 14000 8791 14001 8791 8790 14001 8794 8795 8793 8795 8792 8793 14011 8797 14009 8797 8796 14009 14008 14013 14007 14013 8799 14007 14006 14014 14005 14014 8798 14005 14004 14015 14010 14015 14012 14010 8806 8801 8805 8801 8802 8805 8807 8800 14018 8800 14016 14018 8804 8803 14027 8803 14026 14027 14020 14021 14023 14021 14024 14023 14019 14022 14017 14022 14025 14017 8810 8811 8809 8811 8808 8809 14035 8813 14033 8813 8812 14033 14032 14037 14031 14037 8815 14031 14030 14038 14029 14038 8814 14029 14028 14039 14034 14039 14036 14034 8822 8817 8821 8817 8818 8821 8823 8816 14042 8816 14040 14042 8820 8819 14051 8819 14050 14051 14044 14045 14047 14045 14048 14047 14043 14046 14041 14046 14049 14041 8830 8824 8829 8824 8825 8829 8828 8827 8831 8827 8826 8831 14054 14052 14055 14052 14053 14055 8834 8835 8833 8835 8832 8833 14059 8836 14058 8836 8837 14058 14056 8839 14057 8839 8838 14057 8842 8843 8841 8843 8840 8841 14067 8845 14065 8845 8844 14065 14064 14069 14063 14069 8847 14063 14062 14070 14061 14070 8846 14061 14060 14071 14066 14071 14068 14066 8854 8849 8853 8849 8850 8853 8855 8848 14074 8848 14072 14074 8852 8851 14083 8851 14082 14083 14076 14077 14079 14077 14080 14079 14075 14078 14073 14078 14081 14073 8858 8859 8857 8859 8856 8857 14091 8861 14089 8861 8860 14089 14088 14093 14087 14093 8863 14087 14086 14094 14085 14094 8862 14085 14084 14095 14090 14095 14092 14090 8870 8865 8869 8865 8866 8869 8871 8864 14098 8864 14096 14098 8868 8867 14107 8867 14106 14107 14100 14101 14103 14101 14104 14103 14099 14102 14097 14102 14105 14097 8878 8872 8877 8872 8873 8877 8876 8875 8879 8875 8874 8879 14110 14108 14111 14108 14109 14111</p>
				</triangles>
			</mesh>
		</geometry>
		<geometry id="2454.json-mesh" name="2454.json">
			<mesh>
				<source id="2454.json-mesh-positions">
					<float_array id="2454.json-mesh-positions-array" count="1350">1.6 47 2.4 2.8 47 2.4 2.2 47 1.6 1.6 47 1.6 1.6 0.15 1.6 2.2 0.15 1.6 2.8 0.15 2.4 1.6 0.15 2.4 7.96 0.02 3.96 7.96 47.98 3.96 6.4 0.02 2.4 6.4 47 2.4 5.497 47 0.5 2.501 47 0.5 2.501 47.8 0.5 5.497 47.8 0.5 6.217 47.98 0.918 5.697 47.98 1.697 4.918 47.98 2.217 4 47.98 2.4 3.082 47.98 2.217 2.303 47.98 1.697 1.783 47.98 0.918 1.783 49.8 0.918 2.303 49.8 1.697 3.082 49.8 2.217 4 49.8 2.4 4.918 49.8 2.217 5.697 49.8 1.697 6.217 49.8 0.918 5.478 49.8 0.612 5.131 49.8 1.131 4.612 49.8 1.478 4 49.8 1.6 3.388 49.8 1.478 2.869 49.8 1.131 2.522 49.8 0.612 2.522 47 0.612 2.869 47 1.131 3.388 47 1.478 4 47 1.6 4.612 47 1.478 5.131 47 1.131 5.478 47 0.612 -1.6 47 2.4 -2.8 47 2.4 -2.2 47 1.6 -1.6 47 1.6 -1.6 0.15 1.6 -2.2 0.15 1.6 -2.8 0.15 2.4 -1.6 0.15 2.4 -7.96 0.02 3.96 -7.96 47.98 3.96 -6.4 0.02 2.4 -6.4 47 2.4 -5.497 47 0.5 -2.501 47 0.5 -2.501 47.8 0.5 -5.497 47.8 0.5 -6.217 47.98 0.918 -5.697 47.98 1.697 -4.918 47.98 2.217 -4 47.98 2.4 -3.082 47.98 2.217 -2.303 47.98 1.697 -1.783 47.98 0.918 -1.783 49.8 0.918 -2.303 49.8 1.697 -3.082 49.8 2.217 -4 49.8 2.4 -4.918 49.8 2.217 -5.697 49.8 1.697 -6.217 49.8 0.918 -5.478 49.8 0.612 -5.131 49.8 1.131 -4.612 49.8 1.478 -4 49.8 1.6 -3.388 49.8 1.478 -2.869 49.8 1.131 -2.522 49.8 0.612 -2.522 47 0.612 -2.869 47 1.131 -3.388 47 1.478 -4 47 1.6 -4.612 47 1.478 -5.131 47 1.131 -5.478 47 0.612 0 0.02 3.96 0 47.98 3.96 0 0.02 2.4 0 47 2.4 1.6 47 -2.4 2.8 47 -2.4 2.2 47 -1.6 1.6 47 -1.6 1.6 0.15 -1.6 2.2 0.15 -1.6 2.8 0.15 -2.4 1.6 0.15 -2.4 7.96 0.02 -3.96 5.6 47.8 0 2.4 47.8 0 6.4 47 0 7.96 47.98 -3.96 6.4 0.02 0 6.4 0.02 -2.4 6.4 47 -2.4 7.96 47.98 0 7.96 0.02 0 5.497 47 -0.5 2.501 47 -0.5 2.501 47.8 -0.5 5.497 47.8 -0.5 6.4 47.98 0 6.217 47.98 -0.918 5.697 47.98 -1.697 4.918 47.98 -2.217 4 47.98 -2.4 3.082 47.98 -2.217 2.303 47.98 -1.697 1.783 47.98 -0.918 1.6 47.98 0 1.6 49.8 0 1.783 49.8 -0.918 2.303 49.8 -1.697 3.082 49.8 -2.217 4 49.8 -2.4 4.918 49.8 -2.217 5.697 49.8 -1.697 6.217 49.8 -0.918 6.4 49.8 0 5.6 49.8 0 5.478 49.8 -0.612 5.131 49.8 -1.131 4.612 49.8 -1.478 4 49.8 -1.6 3.388 49.8 -1.478 2.869 49.8 -1.131 2.522 49.8 -0.612 2.4 49.8 0 2.522 47 -0.612 2.869 47 -1.131 3.388 47 -1.478 4 47 -1.6 4.612 47 -1.478 5.131 47 -1.131 5.478 47 -0.612 -1.6 47 -2.4 -2.8 47 -2.4 -2.2 47 -1.6 -1.6 47 -1.6 -1.6 0.15 -1.6 -2.2 0.15 -1.6 -2.8 0.15 -2.4 -1.6 0.15 -2.4 -7.96 0.02 -3.96 -5.6 47.8 0 -2.4 47.8 0 0 47 0 -6.4 47 0 -7.96 47.98 -3.96 -6.4 0.02 0 -6.4 0.02 -2.4 -6.4 47 -2.4 -7.96 47.98 0 -7.96 0.02 0 -5.497 47 -0.5 -2.501 47 -0.5 -2.501 47.8 -0.5 -5.497 47.8 -0.5 -6.4 47.98 0 -6.217 47.98 -0.918 -5.697 47.98 -1.697 -4.918 47.98 -2.217 -4 47.98 -2.4 -3.082 47.98 -2.217 -2.303 47.98 -1.697 -1.783 47.98 -0.918 -1.6 47.98 0 -1.6 49.8 0 -1.783 49.8 -0.918 -2.303 49.8 -1.697 -3.082 49.8 -2.217 -4 49.8 -2.4 -4.918 49.8 -2.217 -5.697 49.8 -1.697 -6.217 49.8 -0.918 -6.4 49.8 0 -5.6 49.8 0 -5.478 49.8 -0.612 -5.131 49.8 -1.131 -4.612 49.8 -1.478 -4 49.8 -1.6 -3.388 49.8 -1.478 -2.869 49.8 -1.131 -2.522 49.8 -0.612 -2.4 49.8 0 -2.522 47 -0.612 -2.869 47 -1.131 -3.388 47 -1.478 -4 47 -1.6 -4.612 47 -1.478 -5.131 47 -1.131 -5.478 47 -0.612 0 0.02 -3.96 0 47.98 -3.96 0 0.02 -2.4 0 47 -2.4 0 47.98 0 6.4 47 2.4 6.4 47 2.4 6.4 47 0 2.2 47 1.6 2.2 0.15 1.6 2.2 0.15 1.6 1.6 47 1.6 1.6 0.15 1.6 1.6 0.15 1.6 1.6 0.15 2.4 2.8 0.15 2.4 7.96 0.02 0 7.96 0.02 3.96 7.96 0.02 3.96 5.497 47 0.5 5.497 47 0.5 5.478 47 0.612 5.497 47.8 0.5 5.497 47.8 0.5 5.6 47.8 0 7.96 47.98 3.96 7.96 47.98 3.96 0 47.98 3.96 0 0.02 2.4 6.4 0.02 2.4 6.4 0.02 2.4 6.4 0.02 0 7.96 47.98 0 2.501 47 0.5 2.501 47 0.5 2.4 47.8 0 2.501 47.8 0.5 2.501 47.8 0.5 6.4 47.98 0 6.217 47.98 0.918 5.697 47.98 1.697 4.918 47.98 2.217 4 47.98 2.4 3.082 47.98 2.217 2.303 47.98 1.697 1.783 47.98 0.918 1.6 47.98 0 1.6 49.8 0 1.783 49.8 0.918 2.303 49.8 1.697 3.082 49.8 2.217 4 49.8 2.4 4.918 49.8 2.217 5.697 49.8 1.697 6.217 49.8 0.918 6.4 49.8 0 5.6 49.8 0 5.478 49.8 0.612 5.131 49.8 1.131 4.612 49.8 1.478 4 49.8 1.6 3.388 49.8 1.478 2.869 49.8 1.131 2.522 49.8 0.612 2.4 49.8 0 2.522 47 0.612 2.869 47 1.131 3.388 47 1.478 4 47 1.6 4.612 47 1.478 5.131 47 1.131 0 0.02 3.96 0 47 2.4 -6.4 47 2.4 -6.4 47 2.4 -6.4 47 0 -2.2 47 1.6 -2.2 0.15 1.6 -2.2 0.15 1.6 -1.6 47 1.6 -1.6 0.15 1.6 -1.6 0.15 1.6 -1.6 0.15 2.4 -2.8 0.15 2.4 -7.96 0.02 0 -7.96 0.02 3.96 -7.96 0.02 3.96 -5.497 47 0.5 -5.497 47 0.5 -5.478 47 0.612 -5.497 47.8 0.5 -5.497 47.8 0.5 -5.6 47.8 0 -7.96 47.98 3.96 -7.96 47.98 3.96 -6.4 0.02 2.4 -6.4 0.02 2.4 -6.4 0.02 0 -7.96 47.98 0 -2.501 47 0.5 -2.501 47 0.5 -2.4 47.8 0 -2.501 47.8 0.5 -2.501 47.8 0.5 -6.4 47.98 0 -6.217 47.98 0.918 -5.697 47.98 1.697 -4.918 47.98 2.217 -4 47.98 2.4 -3.082 47.98 2.217 -2.303 47.98 1.697 -1.783 47.98 0.918 -1.6 47.98 0 -1.6 49.8 0 -1.783 49.8 0.918 -2.303 49.8 1.697 -3.082 49.8 2.217 -4 49.8 2.4 -4.918 49.8 2.217 -5.697 49.8 1.697 -6.217 49.8 0.918 -6.4 49.8 0 -5.6 49.8 0 -5.478 49.8 0.612 -5.131 49.8 1.131 -4.612 49.8 1.478 -4 49.8 1.6 -3.388 49.8 1.478 -2.869 49.8 1.131 -2.522 49.8 0.612 -2.4 49.8 0 -2.522 47 0.612 -2.869 47 1.131 -3.388 47 1.478 -4 47 1.6 -4.612 47 1.478 -5.131 47 1.131 6.4 47 -2.4 6.4 47 -2.4 2.2 47 -1.6 2.2 0.15 -1.6 2.2 0.15 -1.6 1.6 47 -1.6 1.6 0.15 -1.6 1.6 0.15 -1.6 1.6 0.15 -2.4 2.8 0.15 -2.4 7.96 0.02 -3.96 7.96 0.02 -3.96 5.497 47 -0.5 5.497 47 -0.5 5.478 47 -0.612 5.497 47.8 -0.5 5.497 47.8 -0.5 7.96 47.98 -3.96 7.96 47.98 -3.96 0 47.98 -3.96 0 0.02 -2.4 6.4 0.02 -2.4 6.4 0.02 -2.4 2.501 47 -0.5 2.501 47 -0.5 2.501 47.8 -0.5 2.501 47.8 -0.5 6.217 47.98 -0.918 5.697 47.98 -1.697 4.918 47.98 -2.217 4 47.98 -2.4 3.082 47.98 -2.217 2.303 47.98 -1.697 1.783 47.98 -0.918 1.783 49.8 -0.918 2.303 49.8 -1.697 3.082 49.8 -2.217 4 49.8 -2.4 4.918 49.8 -2.217 5.697 49.8 -1.697 6.217 49.8 -0.918 5.478 49.8 -0.612 5.131 49.8 -1.131 4.612 49.8 -1.478 4 49.8 -1.6 3.388 49.8 -1.478 2.869 49.8 -1.131 2.522 49.8 -0.612 2.522 47 -0.612 2.869 47 -1.131 3.388 47 -1.478 4 47 -1.6 4.612 47 -1.478 5.131 47 -1.131 0 0.02 -3.96 0 47 -2.4 -6.4 47 -2.4 -6.4 47 -2.4 -2.2 47 -1.6 -2.2 0.15 -1.6 -2.2 0.15 -1.6 -1.6 47 -1.6 -1.6 0.15 -1.6 -1.6 0.15 -1.6 -1.6 0.15 -2.4 -2.8 0.15 -2.4 -7.96 0.02 -3.96 -7.96 0.02 -3.96 -5.497 47 -0.5 -5.497 47 -0.5 -5.478 47 -0.612 -5.497 47.8 -0.5 -5.497 47.8 -0.5 -7.96 47.98 -3.96 -7.96 47.98 -3.96 -6.4 0.02 -2.4 -6.4 0.02 -2.4 -2.501 47 -0.5 -2.501 47 -0.5 -2.501 47.8 -0.5 -2.501 47.8 -0.5 -6.217 47.98 -0.918 -5.697 47.98 -1.697 -4.918 47.98 -2.217 -4 47.98 -2.4 -3.082 47.98 -2.217 -2.303 47.98 -1.697 -1.783 47.98 -0.918 -1.783 49.8 -0.918 -2.303 49.8 -1.697 -3.082 49.8 -2.217 -4 49.8 -2.4 -4.918 49.8 -2.217 -5.697 49.8 -1.697 -6.217 49.8 -0.918 -5.478 49.8 -0.612 -5.131 49.8 -1.131 -4.612 49.8 -1.478 -4 49.8 -1.6 -3.388 49.8 -1.478 -2.869 49.8 -1.131 -2.522 49.8 -0.612 -2.522 47 -0.612 -2.869 47 -1.131 -3.388 47 -1.478 -4 47 -1.6 -4.612 47 -1.478 -5.131 47 -1.131</float_array>
					<technique_common>
						<accessor source="#2454.json-mesh-positions-array" count="450" stride="3">
							<param name="X" type="float"/>
							<param name="Y" type="float"/>
							<param name="Z" type="float"/>
						</accessor>
					</technique_common>
				</source>
				<vertices id="2454.json-mesh-vertices">
					<input semantic="POSITION" source="#2454.json-mesh-positions"/>
				</vertices>
				<triangles material="MB|5-material" count="400">
					<input semantic="VERTEX" source="#2454.json-mesh-vertices" offset="0"/>
					<p>237 243 230 2 1 5 1 6 5 89 230 247 0 3 7 3 4 7 216 213 217 213 214 217 215 220 218 220 219 218 109 108 8 108 9 8 13 159 224 159 212 224 88 90 222 90 10 222 233 91 234 91 210 234 222 10 221 10 105 221 43 30 12 30 227 12 225 228 238 228 241 238 101 102 15 102 14 15 131 29 114 29 16 114 29 28 16 28 17 16 28 27 17 27 18 17 27 26 18 26 19 18 26 25 19 25 20 19 25 24 20 24 249 20 24 23 249 23 250 249 23 123 250 123 122 250 33 256 32 256 257 32 32 257 31 257 258 31 34 255 33 255 256 33 35 254 34 254 255 34 36 253 35 253 254 35 262 31 259 31 258 259 132 262 260 262 259 260 140 252 36 252 253 36 89 21 22 42 263 43 263 30 43 41 264 42 264 263 42 40 265 41 265 264 41 39 266 40 266 265 40 38 267 39 267 266 39 37 268 38 268 267 38 239 242 37 242 268 37 211 273 274 211 274 275 211 275 226 235 11 236 11 103 236 240 269 242 269 268 242 227 30 229 30 261 229 230 246 247 230 245 246 230 244 245 230 243 244 89 22 209 22 251 209 223 231 276 231 232 276 224 212 226 212 211 226 89 247 248 89 248 21 277 273 211 277 272 273 277 271 272 277 270 271 13 270 159 270 277 159 303 298 309 46 49 45 49 50 45 89 313 298 44 51 47 51 48 47 284 285 281 285 282 281 283 286 288 286 287 288 166 52 165 52 53 165 57 292 159 292 280 159 88 290 90 290 54 90 233 300 91 300 278 91 290 289 54 289 162 54 87 56 74 56 295 74 293 304 296 304 307 296 157 59 158 59 58 158 188 171 73 171 60 73 73 60 72 60 61 72 72 61 71 61 62 71 71 62 70 62 63 70 70 63 69 63 64 69 69 64 68 64 315 68 68 315 67 315 316 67 67 316 180 316 179 180 77 76 322 76 323 322 76 75 323 75 324 323 78 77 321 77 322 321 79 78 320 78 321 320 80 79 319 79 320 319 328 325 75 325 324 75 189 326 328 326 325 328 197 80 318 80 319 318 89 66 65 86 87 329 87 74 329 85 86 330 86 329 330 84 85 331 85 330 331 83 84 332 84 331 332 82 83 333 83 332 333 81 82 334 82 333 334 305 81 308 81 334 308 279 340 339 279 341 340 279 294 341 301 302 55 302 160 55 306 308 335 308 334 335 295 297 74 297 327 74 298 313 312 298 312 311 298 311 310 298 310 309 89 209 66 209 317 66 291 276 299 276 232 299 292 294 280 294 279 280 89 314 313 89 65 314 277 279 339 277 339 338 277 338 337 277 337 336 57 159 336 159 277 336 237 359 243 94 97 93 97 98 93 206 372 359 92 99 95 99 96 95 347 348 344 348 345 344 346 349 351 349 350 351 109 100 108 100 104 108 111 354 159 354 212 159 205 352 207 352 106 207 362 363 208 363 342 208 352 221 106 221 105 106 147 110 133 110 357 133 355 365 358 365 367 358 101 113 102 113 112 102 131 114 130 114 115 130 130 115 129 115 116 129 129 116 128 116 117 128 128 117 127 117 118 127 127 118 126 118 119 126 126 119 125 119 374 125 125 374 124 374 375 124 124 375 123 375 122 123 136 135 379 135 380 379 135 134 380 134 381 380 137 136 378 136 379 378 138 137 377 137 378 377 139 138 376 138 377 376 383 382 134 382 381 134 132 260 383 260 382 383 140 139 252 139 376 252 206 121 120 146 147 384 147 133 384 145 146 385 146 384 385 144 145 386 145 385 386 143 144 387 144 386 387 142 143 388 143 387 388 141 142 389 142 388 389 366 141 368 141 389 368 343 394 393 343 395 394 343 356 395 364 236 107 236 103 107 240 368 269 368 389 269 357 229 133 229 261 133 359 372 371 359 371 370 359 370 369 359 369 243 206 209 121 209 251 121 353 396 360 396 361 360 354 356 212 356 343 212 206 373 372 206 120 373 397 343 393 397 393 392 397 392 391 397 391 390 111 159 390 159 397 390 303 309 415 150 149 153 149 154 153 206 415 426 148 151 155 151 152 155 403 400 404 400 401 404 402 407 405 407 406 405 166 165 156 165 161 156 168 159 410 159 280 410 205 207 408 207 163 408 362 208 417 208 398 417 408 163 289 163 162 289 204 190 167 190 413 167 411 414 419 414 421 419 157 158 170 158 169 170 188 187 171 187 172 171 187 186 172 186 173 172 186 185 173 185 174 173 185 184 174 184 175 174 184 183 175 183 176 175 183 182 176 182 428 176 182 181 428 181 429 428 181 180 429 180 179 429 193 433 192 433 434 192 192 434 191 434 435 191 194 432 193 432 433 193 195 431 194 431 432 194 196 430 195 430 431 195 437 191 436 191 435 436 189 437 326 437 436 326 197 318 196 318 430 196 206 177 178 203 438 204 438 190 204 202 439 203 439 438 203 201 440 202 440 439 202 200 441 201 441 440 201 199 442 200 442 441 200 198 443 199 443 442 199 420 422 198 422 443 198 399 447 448 399 448 449 399 449 412 418 164 302 164 160 302 306 335 422 335 443 422 413 190 297 190 327 297 415 425 426 415 424 425 415 423 424 415 309 423 206 178 209 178 317 209 409 416 396 416 361 396 410 280 412 280 399 412 206 426 427 206 427 177 397 447 399 397 446 447 397 445 446 397 444 445 168 444 159 444 397 159</p>
				</triangles>
			</mesh>
		</geometry>
		<geometry id="43802.json-mesh" name="43802.json">
			<mesh>
				<source id="43802.json-mesh-positions">
					<float_array id="43802.json-mesh-positions-array" count="23802">2.298 8.6 2.298 4.5 8.6 1.6 3.5 8.6 1.6 3.002 0.15 1.243 2.217 8.6 0.918 2.217 0.15 0.918 3.151 0.15 0.5 4.5 8.6 0.5 3.5 8.6 0.5 4.5 0.15 1.6 3.5 0.15 1.6 3.5 0.15 0.5 4.5 0.15 0.5 3.151 8.6 0.5 3.002 8.6 1.243 2.298 0.15 2.298 1.243 0.15 3.002 1.697 8.6 1.697 0.918 8.6 2.217 0.918 0.15 2.217 1.697 0.15 1.697 0.5 0.15 3.151 0.5 0.15 4.5 0.5 0.15 3.5 1.6 0.15 3.5 1.6 0.15 4.5 1.6 8.6 4.5 1.6 8.6 3.5 0.5 8.6 3.5 0.5 8.6 4.5 0.5 8.6 3.151 1.243 8.6 3.002 13.702 8.6 2.298 18.298 8.6 2.298 20.5 8.6 1.6 19.5 8.6 1.6 19.002 0.15 1.243 18.217 8.6 0.918 18.217 0.15 0.918 19.151 0.15 0.5 20.5 8.6 0.5 19.5 8.6 0.5 20.5 0.15 1.6 19.5 0.15 1.6 19.5 0.15 0.5 20.5 0.15 0.5 19.151 8.6 0.5 19.002 8.6 1.243 14.4 8.6 4.5 14.4 8.6 3.5 14.757 0.15 3.002 13.702 0.15 2.298 18.298 0.15 2.298 17.243 0.15 3.002 16 8.6 2.4 15.082 8.6 2.217 14.303 8.6 1.697 17.697 8.6 1.697 16.918 8.6 2.217 16.918 0.15 2.217 17.697 0.15 1.697 14.303 0.15 1.697 15.082 0.15 2.217 16 0.15 2.4 16.5 0.15 3.151 15.5 0.15 3.151 15.5 8.6 4.5 16.5 0.15 8 15.5 0.15 8 15.5 8.6 3.5 16.5 0.15 4.5 16.5 0.15 3.5 17.6 0.15 3.5 17.6 0.15 4.5 14.4 0.15 4.5 14.4 0.15 3.5 15.5 0.15 3.5 15.5 0.15 4.5 17.6 8.6 4.5 17.6 8.6 3.5 16.5 8.6 3.5 16.5 8.6 4.5 15.5 8.6 8 16.5 8.6 8 15.5 8.6 3.151 16.5 8.6 3.151 17.243 8.6 3.002 14.757 8.6 3.002 12.998 0.15 1.243 13.783 8.6 0.918 13.783 0.15 0.918 12.849 0.15 0.5 11.5 0.15 0.5 12.5 0.15 0.5 12.5 0.15 1.6 11.5 0.15 1.6 11.5 8.6 1.6 12.5 8.6 1.6 12.5 8.6 0.5 11.5 8.6 0.5 12.849 8.6 0.5 12.998 8.6 1.243 30.4 0.15 0.5 27.5 0.15 0.5 28.5 0.15 0.5 28.5 0.15 1.6 27.5 0.15 1.6 27.5 8.6 1.6 28.5 8.6 1.6 28.5 8.6 0.5 27.5 8.6 0.5 30.4 8.6 0.5 1.243 8.6 12.998 0.5 8.6 12.849 0.5 0.15 11.5 0.5 0.15 12.5 1.6 0.15 12.5 1.6 0.15 11.5 0.5 8.6 12.5 0.5 8.6 11.5 0.5 0.15 12.849 0.918 0.15 13.783 2.298 8.6 18.298 2.298 8.6 13.702 4.5 8.6 17.6 3.5 8.6 17.6 3.002 0.15 17.243 2.298 0.15 13.702 3.002 0.15 14.757 2.4 8.6 16 2.217 8.6 16.918 1.697 8.6 14.303 2.217 8.6 15.082 2.217 0.15 15.082 1.697 0.15 14.303 2.217 0.15 16.918 2.4 0.15 16 3.151 0.15 15.5 3.151 0.15 16.5 0.918 8.6 13.783 4.5 8.6 16.5 3.5 8.6 16.5 4.5 0.15 15.5 3.5 0.15 15.5 3.5 0.15 14.4 4.5 0.15 14.4 4.5 0.15 17.6 3.5 0.15 17.6 3.5 0.15 16.5 1.243 0.15 12.998 1.6 8.6 12.5 1.6 8.6 11.5 4.5 0.15 16.5 4.5 8.6 14.4 3.5 8.6 14.4 3.5 8.6 15.5 4.5 8.6 15.5 3.151 8.6 16.5 3.151 8.6 15.5 3.002 8.6 14.757 3.002 8.6 17.243 2.298 0.15 18.298 1.243 0.15 19.002 1.697 8.6 17.697 0.918 8.6 18.217 0.918 0.15 18.217 1.697 0.15 17.697 0.5 0.15 19.151 0.5 0.15 20.5 0.5 0.15 19.5 1.6 0.15 19.5 1.6 0.15 20.5 1.6 8.6 20.5 1.6 8.6 19.5 0.5 8.6 19.5 0.5 8.6 20.5 0.5 8.6 19.151 1.243 8.6 19.002 17.243 8.6 12.998 14.757 8.6 12.998 15.5 8.6 12.849 16.5 8.6 12.849 15.5 8.6 11.5 15.5 8.6 12.5 14.4 8.6 12.5 14.4 8.6 11.5 16.5 0.15 11.5 16.5 0.15 12.5 17.6 0.15 12.5 17.6 0.15 11.5 14.4 0.15 11.5 14.4 0.15 12.5 15.5 0.15 12.5 15.5 0.15 11.5 16.5 8.6 12.5 16.5 8.6 11.5 16.5 0.15 12.849 15.5 0.15 12.849 16 0.15 13.6 16.918 0.15 13.783 13.702 8.6 18.298 18.298 8.6 18.298 18.298 8.6 13.702 20.5 8.6 17.6 19.5 8.6 17.6 19.002 0.15 17.243 18.298 0.15 13.702 19.002 0.15 14.757 18.4 8.6 16 15.082 0.15 13.783 15.082 8.6 13.783 18.217 8.6 16.918 17.697 8.6 14.303 18.217 8.6 15.082 18.217 0.15 15.082 17.697 0.15 14.303 18.217 0.15 16.918 18.4 0.15 16 19.151 0.15 15.5 19.151 0.15 16.5 16.918 8.6 13.783 16 8.6 13.6 14.757 0.15 12.998 20.5 8.6 16.5 19.5 8.6 16.5 20.5 0.15 15.5 19.5 0.15 15.5 19.5 0.15 14.4 20.5 0.15 14.4 20.5 0.15 17.6 19.5 0.15 17.6 19.5 0.15 16.5 17.243 0.15 12.998 17.6 8.6 12.5 17.6 8.6 11.5 20.5 0.15 16.5 20.5 8.6 14.4 19.5 8.6 14.4 19.5 8.6 15.5 20.5 8.6 15.5 19.151 8.6 16.5 19.151 8.6 15.5 19.002 8.6 14.757 19.002 8.6 17.243 14.4 8.6 20.5 14.4 8.6 19.5 14.757 0.15 19.002 13.702 0.15 18.298 18.298 0.15 18.298 17.243 0.15 19.002 16 8.6 18.4 15.082 8.6 18.217 14.303 8.6 17.697 17.697 8.6 17.697 16.918 8.6 18.217 16.918 0.15 18.217 17.697 0.15 17.697 14.303 0.15 17.697 15.082 0.15 18.217 16 0.15 18.4 16.5 0.15 19.151 15.5 0.15 19.151 15.5 8.6 20.5 15.5 8.6 19.5 16.5 0.15 20.5 16.5 0.15 19.5 17.6 0.15 19.5 17.6 0.15 20.5 14.4 0.15 20.5 14.4 0.15 19.5 15.5 0.15 19.5 15.5 0.15 20.5 17.6 8.6 20.5 17.6 8.6 19.5 16.5 8.6 19.5 16.5 8.6 20.5 15.5 8.6 19.151 16.5 8.6 19.151 17.243 8.6 19.002 14.757 8.6 19.002 13.702 8.6 13.702 11.5 8.6 14.4 12.5 8.6 14.4 12.998 0.15 14.757 13.702 0.15 13.702 12.998 0.15 17.243 13.6 8.6 16 13.783 8.6 15.082 14.303 8.6 14.303 13.783 8.6 16.918 13.783 0.15 16.918 14.303 0.15 14.303 13.783 0.15 15.082 13.6 0.15 16 12.849 0.15 16.5 12.849 0.15 15.5 11.5 8.6 15.5 12.5 8.6 15.5 11.5 0.15 16.5 12.5 0.15 16.5 12.5 0.15 17.6 11.5 0.15 17.6 11.5 0.15 14.4 12.5 0.15 14.4 12.5 0.15 15.5 11.5 0.15 15.5 11.5 8.6 17.6 12.5 8.6 17.6 12.5 8.6 16.5 11.5 8.6 16.5 12.849 8.6 15.5 12.849 8.6 16.5 12.998 8.6 17.243 12.998 8.6 14.757 27.5 8.6 14.4 28.5 8.6 14.4 30.4 0.15 16.5 30.4 0.15 15.5 27.5 8.6 15.5 28.5 8.6 15.5 27.5 0.15 16.5 28.5 0.15 16.5 28.5 0.15 17.6 27.5 0.15 17.6 27.5 0.15 14.4 28.5 0.15 14.4 28.5 0.15 15.5 27.5 0.15 15.5 27.5 8.6 17.6 28.5 8.6 17.6 28.5 8.6 16.5 27.5 8.6 16.5 30.4 8.6 15.5 30.4 8.6 16.5 0.5 8.6 30.4 0.5 0.15 27.5 0.5 0.15 28.5 1.6 0.15 28.5 1.6 0.15 27.5 0.5 8.6 28.5 0.5 8.6 27.5 0.5 0.15 30.4 1.6 8.6 28.5 1.6 8.6 27.5 15.5 8.6 30.4 16.5 8.6 30.4 15.5 8.6 27.5 15.5 8.6 28.5 14.4 8.6 28.5 14.4 8.6 27.5 16.5 0.15 27.5 16.5 0.15 28.5 17.6 0.15 28.5 17.6 0.15 27.5 14.4 0.15 27.5 14.4 0.15 28.5 15.5 0.15 28.5 15.5 0.15 27.5 16.5 8.6 28.5 16.5 8.6 27.5 16.5 0.15 30.4 15.5 0.15 30.4 17.6 8.6 28.5 17.6 8.6 27.5 6.757 8.6 4.998 5.702 8.6 5.702 4.998 8.6 6.757 4.751 8.6 8 4.998 8.6 9.243 5.702 8.6 10.298 6.757 8.6 11.002 8 8.6 11.249 9.243 8.6 11.002 10.298 8.6 10.298 11.002 8.6 9.243 11.249 8.6 8 11.002 8.6 6.757 10.298 8.6 5.702 9.243 8.6 4.998 8 8.6 4.751 8 0.15 4.751 9.243 0.15 4.998 10.298 0.15 5.702 11.002 0.15 6.757 11.249 0.15 8 11.002 0.15 9.243 10.298 0.15 10.298 9.243 0.15 11.002 8 0.15 11.249 6.757 0.15 11.002 5.702 0.15 10.298 4.998 0.15 9.243 4.751 0.15 8 4.998 0.15 6.757 5.702 0.15 5.702 6.757 0.15 4.998 8 8.6 5.6 8.918 8.6 5.783 9.697 8.6 6.303 10.217 8.6 7.082 10.4 8.6 8 10.217 8.6 8.918 9.697 8.6 9.697 8.918 8.6 10.217 8 8.6 10.4 7.082 8.6 10.217 6.303 8.6 9.697 5.783 8.6 8.918 5.6 8.6 8 5.783 8.6 7.082 6.303 8.6 6.303 7.082 8.6 5.783 7.082 0.15 5.783 6.303 0.15 6.303 5.783 0.15 7.082 5.6 0.15 8 5.783 0.15 8.918 6.303 0.15 9.697 7.082 0.15 10.217 8 0.15 10.4 8.918 0.15 10.217 9.697 0.15 9.697 10.217 0.15 8.918 10.4 0.15 8 10.217 0.15 7.082 9.697 0.15 6.303 8.918 0.15 5.783 8 0.15 5.6 22.757 8.6 4.998 21.702 8.6 5.702 20.998 8.6 6.757 20.751 8.6 8 20.998 8.6 9.243 21.702 8.6 10.298 22.757 8.6 11.002 24 8.6 11.249 25.243 8.6 11.002 26.298 8.6 10.298 27.002 8.6 9.243 27.249 8.6 8 27.002 8.6 6.757 26.298 8.6 5.702 25.243 8.6 4.998 24 8.6 4.751 24 0.15 4.751 25.243 0.15 4.998 26.298 0.15 5.702 27.002 0.15 6.757 27.249 0.15 8 27.002 0.15 9.243 26.298 0.15 10.298 25.243 0.15 11.002 24 0.15 11.249 22.757 0.15 11.002 21.702 0.15 10.298 20.998 0.15 9.243 20.751 0.15 8 20.998 0.15 6.757 21.702 0.15 5.702 22.757 0.15 4.998 24 8.6 5.6 24.918 8.6 5.783 25.697 8.6 6.303 26.217 8.6 7.082 26.4 8.6 8 26.217 8.6 8.918 25.697 8.6 9.697 24.918 8.6 10.217 24 8.6 10.4 23.082 8.6 10.217 22.303 8.6 9.697 21.783 8.6 8.918 21.6 8.6 8 21.783 8.6 7.082 22.303 8.6 6.303 23.082 8.6 5.783 23.082 0.15 5.783 22.303 0.15 6.303 21.783 0.15 7.082 21.6 0.15 8 21.783 0.15 8.918 22.303 0.15 9.697 23.082 0.15 10.217 24 0.15 10.4 24.918 0.15 10.217 25.697 0.15 9.697 26.217 0.15 8.918 26.4 0.15 8 26.217 0.15 7.082 25.697 0.15 6.303 24.918 0.15 5.783 24 0.15 5.6 6.757 8.6 20.998 5.702 8.6 21.702 4.998 8.6 22.757 4.751 8.6 24 4.998 8.6 25.243 5.702 8.6 26.298 6.757 8.6 27.002 8 8.6 27.249 9.243 8.6 27.002 10.298 8.6 26.298 11.002 8.6 25.243 11.249 8.6 24 11.002 8.6 22.757 10.298 8.6 21.702 9.243 8.6 20.998 8 8.6 20.751 8 0.15 20.751 9.243 0.15 20.998 10.298 0.15 21.702 11.002 0.15 22.757 11.249 0.15 24 11.002 0.15 25.243 10.298 0.15 26.298 9.243 0.15 27.002 8 0.15 27.249 6.757 0.15 27.002 5.702 0.15 26.298 4.998 0.15 25.243 4.751 0.15 24 4.998 0.15 22.757 5.702 0.15 21.702 6.757 0.15 20.998 8 8.6 21.6 8.918 8.6 21.783 9.697 8.6 22.303 10.217 8.6 23.082 10.4 8.6 24 10.217 8.6 24.918 9.697 8.6 25.697 8.918 8.6 26.217 8 8.6 26.4 7.082 8.6 26.217 6.303 8.6 25.697 5.783 8.6 24.918 5.6 8.6 24 5.783 8.6 23.082 6.303 8.6 22.303 7.082 8.6 21.783 7.082 0.15 21.783 6.303 0.15 22.303 5.783 0.15 23.082 5.6 0.15 24 5.783 0.15 24.918 6.303 0.15 25.697 7.082 0.15 26.217 8 0.15 26.4 8.918 0.15 26.217 9.697 0.15 25.697 10.217 0.15 24.918 10.4 0.15 24 10.217 0.15 23.082 9.697 0.15 22.303 8.918 0.15 21.783 8 0.15 21.6 22.757 8.6 20.998 21.702 8.6 21.702 20.998 8.6 22.757 20.751 8.6 24 20.998 8.6 25.243 21.702 8.6 26.298 22.757 8.6 27.002 24 8.6 27.249 25.243 8.6 27.002 26.298 8.6 26.298 27.002 8.6 25.243 27.249 8.6 24 27.002 8.6 22.757 26.298 8.6 21.702 25.243 8.6 20.998 24 8.6 20.751 24 0.15 20.751 25.243 0.15 20.998 26.298 0.15 21.702 27.002 0.15 22.757 27.249 0.15 24 27.002 0.15 25.243 26.298 0.15 26.298 25.243 0.15 27.002 24 0.15 27.249 22.757 0.15 27.002 21.702 0.15 26.298 20.998 0.15 25.243 20.751 0.15 24 20.998 0.15 22.757 21.702 0.15 21.702 22.757 0.15 20.998 24 8.6 21.6 24.918 8.6 21.783 25.697 8.6 22.303 26.217 8.6 23.082 26.4 8.6 24 26.217 8.6 24.918 25.697 8.6 25.697 24.918 8.6 26.217 24 8.6 26.4 23.082 8.6 26.217 22.303 8.6 25.697 21.783 8.6 24.918 21.6 8.6 24 21.783 8.6 23.082 22.303 8.6 22.303 23.082 8.6 21.783 23.082 0.15 21.783 22.303 0.15 22.303 21.783 0.15 23.082 21.6 0.15 24 21.783 0.15 24.918 22.303 0.15 25.697 23.082 0.15 26.217 24 0.15 26.4 24.918 0.15 26.217 25.697 0.15 25.697 26.217 0.15 24.918 26.4 0.15 24 26.217 0.15 23.082 25.697 0.15 22.303 24.918 0.15 21.783 24 0.15 21.6 31.96 0.02 31.96 31.96 9.58 31.96 30.4 0.02 30.4 30.4 8.6 30.4 28 11.4 28 20 11.4 28 12 11.4 28 4 11.4 28 28 11.4 25.6 20 11.4 25.6 12 11.4 25.6 4 11.4 25.6 28.918 11.4 25.783 20.918 11.4 25.783 12.918 11.4 25.783 4.918 11.4 25.783 29.697 11.4 26.303 21.697 11.4 26.303 13.697 11.4 26.303 5.697 11.4 26.303 30.217 11.4 27.082 22.217 11.4 27.082 14.217 11.4 27.082 6.217 11.4 27.082 30.4 11.4 28 22.4 11.4 28 14.4 11.4 28 6.4 11.4 28 30.217 11.4 28.918 22.217 11.4 28.918 14.217 11.4 28.918 6.217 11.4 28.918 29.697 11.4 29.697 21.697 11.4 29.697 13.697 11.4 29.697 5.697 11.4 29.697 28.918 11.4 30.217 20.918 11.4 30.217 12.918 11.4 30.217 4.918 11.4 30.217 28 11.4 30.4 20 11.4 30.4 12 11.4 30.4 4 11.4 30.4 27.082 11.4 30.217 19.082 11.4 30.217 11.082 11.4 30.217 3.082 11.4 30.217 26.303 11.4 29.697 18.303 11.4 29.697 10.303 11.4 29.697 2.303 11.4 29.697 25.783 11.4 28.918 17.783 11.4 28.918 9.783 11.4 28.918 1.783 11.4 28.918 25.6 11.4 28 17.6 11.4 28 9.6 11.4 28 1.6 11.4 28 25.783 11.4 27.082 17.783 11.4 27.082 9.783 11.4 27.082 1.783 11.4 27.082 26.303 11.4 26.303 18.303 11.4 26.303 10.303 11.4 26.303 2.303 11.4 26.303 27.082 11.4 25.783 19.082 11.4 25.783 11.082 11.4 25.783 3.082 11.4 25.783 27.082 9.58 25.783 19.082 9.58 25.783 11.082 9.58 25.783 3.082 9.58 25.783 26.303 9.58 26.303 18.303 9.58 26.303 10.303 9.58 26.303 2.303 9.58 26.303 25.783 9.58 27.082 17.783 9.58 27.082 9.783 9.58 27.082 1.783 9.58 27.082 25.6 9.58 28 17.6 9.58 28 9.6 9.58 28 1.6 9.58 28 25.783 9.58 28.918 17.783 9.58 28.918 9.783 9.58 28.918 1.783 9.58 28.918 26.303 9.58 29.697 18.303 9.58 29.697 10.303 9.58 29.697 2.303 9.58 29.697 27.082 9.58 30.217 19.082 9.58 30.217 11.082 9.58 30.217 3.082 9.58 30.217 28 9.58 30.4 20 9.58 30.4 12 9.58 30.4 4 9.58 30.4 28.918 9.58 30.217 20.918 9.58 30.217 12.918 9.58 30.217 4.918 9.58 30.217 29.697 9.58 29.697 21.697 9.58 29.697 13.697 9.58 29.697 5.697 9.58 29.697 30.217 9.58 28.918 22.217 9.58 28.918 14.217 9.58 28.918 6.217 9.58 28.918 30.4 9.58 28 22.4 9.58 28 14.4 9.58 28 6.4 9.58 28 30.217 9.58 27.082 22.217 9.58 27.082 14.217 9.58 27.082 6.217 9.58 27.082 29.697 9.58 26.303 21.697 9.58 26.303 13.697 9.58 26.303 5.697 9.58 26.303 28.918 9.58 25.783 20.918 9.58 25.783 12.918 9.58 25.783 4.918 9.58 25.783 28 9.58 25.6 20 9.58 25.6 12 9.58 25.6 4 9.58 25.6 28 9.58 17.6 20 9.58 17.6 12 9.58 17.6 4 9.58 17.6 28.918 9.58 17.783 20.918 9.58 17.783 12.918 9.58 17.783 4.918 9.58 17.783 29.697 9.58 18.303 21.697 9.58 18.303 13.697 9.58 18.303 5.697 9.58 18.303 30.217 9.58 19.082 22.217 9.58 19.082 14.217 9.58 19.082 6.217 9.58 19.082 30.4 9.58 20 22.4 9.58 20 14.4 9.58 20 6.4 9.58 20 30.217 9.58 20.918 22.217 9.58 20.918 14.217 9.58 20.918 6.217 9.58 20.918 29.697 9.58 21.697 21.697 9.58 21.697 13.697 9.58 21.697 5.697 9.58 21.697 28.918 9.58 22.217 20.918 9.58 22.217 12.918 9.58 22.217 4.918 9.58 22.217 28 9.58 22.4 20 9.58 22.4 12 9.58 22.4 4 9.58 22.4 27.082 9.58 22.217 19.082 9.58 22.217 11.082 9.58 22.217 3.082 9.58 22.217 26.303 9.58 21.697 18.303 9.58 21.697 10.303 9.58 21.697 2.303 9.58 21.697 25.783 9.58 20.918 17.783 9.58 20.918 9.783 9.58 20.918 1.783 9.58 20.918 25.6 9.58 20 17.6 9.58 20 9.6 9.58 20 1.6 9.58 20 25.783 9.58 19.082 17.783 9.58 19.082 9.783 9.58 19.082 1.783 9.58 19.082 26.303 9.58 18.303 18.303 9.58 18.303 10.303 9.58 18.303 2.303 9.58 18.303 27.082 9.58 17.783 19.082 9.58 17.783 11.082 9.58 17.783 3.082 9.58 17.783 27.082 11.4 17.783 19.082 11.4 17.783 11.082 11.4 17.783 3.082 11.4 17.783 26.303 11.4 18.303 18.303 11.4 18.303 10.303 11.4 18.303 2.303 11.4 18.303 25.783 11.4 19.082 17.783 11.4 19.082 9.783 11.4 19.082 1.783 11.4 19.082 25.6 11.4 20 17.6 11.4 20 9.6 11.4 20 1.6 11.4 20 25.783 11.4 20.918 17.783 11.4 20.918 9.783 11.4 20.918 1.783 11.4 20.918 26.303 11.4 21.697 18.303 11.4 21.697 10.303 11.4 21.697 2.303 11.4 21.697 27.082 11.4 22.217 19.082 11.4 22.217 11.082 11.4 22.217 3.082 11.4 22.217 28 11.4 22.4 20 11.4 22.4 12 11.4 22.4 4 11.4 22.4 28.918 11.4 22.217 20.918 11.4 22.217 12.918 11.4 22.217 4.918 11.4 22.217 29.697 11.4 21.697 21.697 11.4 21.697 13.697 11.4 21.697 5.697 11.4 21.697 30.217 11.4 20.918 22.217 11.4 20.918 14.217 11.4 20.918 6.217 11.4 20.918 30.4 11.4 20 22.4 11.4 20 14.4 11.4 20 6.4 11.4 20 30.217 11.4 19.082 22.217 11.4 19.082 14.217 11.4 19.082 6.217 11.4 19.082 29.697 11.4 18.303 21.697 11.4 18.303 13.697 11.4 18.303 5.697 11.4 18.303 28.918 11.4 17.783 20.918 11.4 17.783 12.918 11.4 17.783 4.918 11.4 17.783 28 11.4 17.6 20 11.4 17.6 12 11.4 17.6 4 11.4 17.6 28 11.4 20 20 11.4 20 12 11.4 20 4 11.4 20 28 9.58 9.6 20 9.58 9.6 12 9.58 9.6 4 9.58 9.6 28.918 9.58 9.783 20.918 9.58 9.783 12.918 9.58 9.783 4.918 9.58 9.783 29.697 9.58 10.303 21.697 9.58 10.303 13.697 9.58 10.303 5.697 9.58 10.303 30.217 9.58 11.082 22.217 9.58 11.082 14.217 9.58 11.082 6.217 9.58 11.082 30.4 9.58 12 22.4 9.58 12 14.4 9.58 12 6.4 9.58 12 30.217 9.58 12.918 22.217 9.58 12.918 14.217 9.58 12.918 6.217 9.58 12.918 29.697 9.58 13.697 21.697 9.58 13.697 13.697 9.58 13.697 5.697 9.58 13.697 28.918 9.58 14.217 20.918 9.58 14.217 12.918 9.58 14.217 4.918 9.58 14.217 28 9.58 14.4 20 9.58 14.4 12 9.58 14.4 4 9.58 14.4 27.082 9.58 14.217 19.082 9.58 14.217 11.082 9.58 14.217 3.082 9.58 14.217 26.303 9.58 13.697 18.303 9.58 13.697 10.303 9.58 13.697 2.303 9.58 13.697 25.783 9.58 12.918 17.783 9.58 12.918 9.783 9.58 12.918 1.783 9.58 12.918 25.6 9.58 12 17.6 9.58 12 9.6 9.58 12 1.6 9.58 12 25.783 9.58 11.082 17.783 9.58 11.082 9.783 9.58 11.082 1.783 9.58 11.082 26.303 9.58 10.303 18.303 9.58 10.303 10.303 9.58 10.303 2.303 9.58 10.303 27.082 9.58 9.783 19.082 9.58 9.783 11.082 9.58 9.783 3.082 9.58 9.783 27.082 11.4 9.783 19.082 11.4 9.783 11.082 11.4 9.783 3.082 11.4 9.783 26.303 11.4 10.303 18.303 11.4 10.303 10.303 11.4 10.303 2.303 11.4 10.303 25.783 11.4 11.082 17.783 11.4 11.082 9.783 11.4 11.082 1.783 11.4 11.082 25.6 11.4 12 17.6 11.4 12 9.6 11.4 12 1.6 11.4 12 25.783 11.4 12.918 17.783 11.4 12.918 9.783 11.4 12.918 1.783 11.4 12.918 26.303 11.4 13.697 18.303 11.4 13.697 10.303 11.4 13.697 2.303 11.4 13.697 27.082 11.4 14.217 19.082 11.4 14.217 11.082 11.4 14.217 3.082 11.4 14.217 28 11.4 14.4 20 11.4 14.4 12 11.4 14.4 4 11.4 14.4 28.918 11.4 14.217 20.918 11.4 14.217 12.918 11.4 14.217 4.918 11.4 14.217 29.697 11.4 13.697 21.697 11.4 13.697 13.697 11.4 13.697 5.697 11.4 13.697 30.217 11.4 12.918 22.217 11.4 12.918 14.217 11.4 12.918 6.217 11.4 12.918 30.4 11.4 12 22.4 11.4 12 14.4 11.4 12 6.4 11.4 12 30.217 11.4 11.082 22.217 11.4 11.082 14.217 11.4 11.082 6.217 11.4 11.082 29.697 11.4 10.303 21.697 11.4 10.303 13.697 11.4 10.303 5.697 11.4 10.303 28.918 11.4 9.783 20.918 11.4 9.783 12.918 11.4 9.783 4.918 11.4 9.783 28 11.4 9.6 20 11.4 9.6 12 11.4 9.6 4 11.4 9.6 28 11.4 12 20 11.4 12 12 11.4 12 4 11.4 12 4 11.4 4 12 11.4 4 20 11.4 4 28 11.4 4 4 11.4 1.6 12 11.4 1.6 20 11.4 1.6 28 11.4 1.6 4.918 11.4 1.783 12.918 11.4 1.783 20.918 11.4 1.783 28.918 11.4 1.783 5.697 11.4 2.303 13.697 11.4 2.303 21.697 11.4 2.303 29.697 11.4 2.303 6.217 11.4 3.082 14.217 11.4 3.082 22.217 11.4 3.082 30.217 11.4 3.082 6.4 11.4 4 14.4 11.4 4 22.4 11.4 4 30.4 11.4 4 6.217 11.4 4.918 14.217 11.4 4.918 22.217 11.4 4.918 30.217 11.4 4.918 5.697 11.4 5.697 13.697 11.4 5.697 21.697 11.4 5.697 29.697 11.4 5.697 4.918 11.4 6.217 12.918 11.4 6.217 20.918 11.4 6.217 28.918 11.4 6.217 4 11.4 6.4 12 11.4 6.4 20 11.4 6.4 28 11.4 6.4 3.082 11.4 6.217 11.082 11.4 6.217 19.082 11.4 6.217 27.082 11.4 6.217 2.303 11.4 5.697 10.303 11.4 5.697 18.303 11.4 5.697 26.303 11.4 5.697 1.783 11.4 4.918 9.783 11.4 4.918 17.783 11.4 4.918 25.783 11.4 4.918 1.6 11.4 4 9.6 11.4 4 17.6 11.4 4 25.6 11.4 4 1.783 11.4 3.082 9.783 11.4 3.082 17.783 11.4 3.082 25.783 11.4 3.082 2.303 11.4 2.303 10.303 11.4 2.303 18.303 11.4 2.303 26.303 11.4 2.303 3.082 11.4 1.783 11.082 11.4 1.783 19.082 11.4 1.783 27.082 11.4 1.783 3.082 9.58 1.783 11.082 9.58 1.783 19.082 9.58 1.783 27.082 9.58 1.783 2.303 9.58 2.303 10.303 9.58 2.303 18.303 9.58 2.303 26.303 9.58 2.303 1.783 9.58 3.082 9.783 9.58 3.082 17.783 9.58 3.082 25.783 9.58 3.082 1.6 9.58 4 9.6 9.58 4 17.6 9.58 4 25.6 9.58 4 1.783 9.58 4.918 9.783 9.58 4.918 17.783 9.58 4.918 25.783 9.58 4.918 2.303 9.58 5.697 10.303 9.58 5.697 18.303 9.58 5.697 26.303 9.58 5.697 3.082 9.58 6.217 11.082 9.58 6.217 19.082 9.58 6.217 27.082 9.58 6.217 4 9.58 6.4 12 9.58 6.4 20 9.58 6.4 28 9.58 6.4 4.918 9.58 6.217 12.918 9.58 6.217 20.918 9.58 6.217 28.918 9.58 6.217 5.697 9.58 5.697 13.697 9.58 5.697 21.697 9.58 5.697 29.697 9.58 5.697 6.217 9.58 4.918 14.217 9.58 4.918 22.217 9.58 4.918 30.217 9.58 4.918 6.4 9.58 4 14.4 9.58 4 22.4 9.58 4 30.4 9.58 4 6.217 9.58 3.082 14.217 9.58 3.082 22.217 9.58 3.082 30.217 9.58 3.082 5.697 9.58 2.303 13.697 9.58 2.303 21.697 9.58 2.303 29.697 9.58 2.303 4.918 9.58 1.783 12.918 9.58 1.783 20.918 9.58 1.783 28.918 9.58 1.783 4 9.58 1.6 12 9.58 1.6 20 9.58 1.6 28 9.58 1.6 -2.298 8.6 2.298 -4.5 8.6 1.6 -3.5 8.6 1.6 -3.002 0.15 1.243 -2.217 8.6 0.918 -2.217 0.15 0.918 -3.151 0.15 0.5 -4.5 8.6 0.5 -3.5 8.6 0.5 -4.5 0.15 1.6 -3.5 0.15 1.6 -3.5 0.15 0.5 -4.5 0.15 0.5 -3.151 8.6 0.5 -3.002 8.6 1.243 -2.298 0.15 2.298 -1.243 0.15 3.002 0 8.6 2.4 -1.697 8.6 1.697 -0.918 8.6 2.217 -0.918 0.15 2.217 -1.697 0.15 1.697 0 0.15 2.4 -0.5 0.15 3.151 -0.5 0.15 4.5 -0.5 0.15 3.5 -1.6 0.15 3.5 -1.6 0.15 4.5 -1.6 8.6 4.5 -1.6 8.6 3.5 -0.5 8.6 3.5 -0.5 8.6 4.5 -0.5 8.6 3.151 -1.243 8.6 3.002 -13.702 8.6 2.298 -18.298 8.6 2.298 -20.5 8.6 1.6 -19.5 8.6 1.6 -19.002 0.15 1.243 -18.217 8.6 0.918 -18.217 0.15 0.918 -19.151 0.15 0.5 -20.5 8.6 0.5 -19.5 8.6 0.5 -20.5 0.15 1.6 -19.5 0.15 1.6 -19.5 0.15 0.5 -20.5 0.15 0.5 -19.151 8.6 0.5 -19.002 8.6 1.243 -14.4 8.6 4.5 -14.4 8.6 3.5 -14.757 0.15 3.002 -13.702 0.15 2.298 -18.298 0.15 2.298 -17.243 0.15 3.002 -16 8.6 2.4 -15.082 8.6 2.217 -14.303 8.6 1.697 -17.697 8.6 1.697 -16.918 8.6 2.217 -16.918 0.15 2.217 -17.697 0.15 1.697 -14.303 0.15 1.697 -15.082 0.15 2.217 -16 0.15 2.4 -16.5 0.15 3.151 -15.5 0.15 3.151 -15.5 8.6 4.5 -16.5 0.15 8 -15.5 0.15 8 -15.5 8.6 3.5 -16.5 0.15 4.5 -16.5 0.15 3.5 -17.6 0.15 3.5 -17.6 0.15 4.5 -14.4 0.15 4.5 -14.4 0.15 3.5 -15.5 0.15 3.5 -15.5 0.15 4.5 -17.6 8.6 4.5 -17.6 8.6 3.5 -16.5 8.6 3.5 -16.5 8.6 4.5 -15.5 8.6 8 -16.5 8.6 8 -15.5 8.6 3.151 -16.5 8.6 3.151 -17.243 8.6 3.002 -14.757 8.6 3.002 -12.998 0.15 1.243 -13.783 8.6 0.918 -13.783 0.15 0.918 -12.849 0.15 0.5 -11.5 0.15 0.5 -12.5 0.15 0.5 -12.5 0.15 1.6 -11.5 0.15 1.6 -11.5 8.6 1.6 -12.5 8.6 1.6 -12.5 8.6 0.5 -11.5 8.6 0.5 -12.849 8.6 0.5 -12.998 8.6 1.243 -30.4 0.15 0.5 -27.5 0.15 0.5 -28.5 0.15 0.5 -28.5 0.15 1.6 -27.5 0.15 1.6 -27.5 8.6 1.6 -28.5 8.6 1.6 -28.5 8.6 0.5 -27.5 8.6 0.5 -30.4 8.6 0.5 -1.243 8.6 12.998 -0.5 8.6 12.849 -0.5 0.15 11.5 -0.5 0.15 12.5 -1.6 0.15 12.5 -1.6 0.15 11.5 -0.5 8.6 12.5 -0.5 8.6 11.5 -0.5 0.15 12.849 0 0.15 13.6 -0.918 0.15 13.783 -2.298 8.6 18.298 -2.298 8.6 13.702 -4.5 8.6 17.6 -3.5 8.6 17.6 -3.002 0.15 17.243 -2.298 0.15 13.702 -3.002 0.15 14.757 -2.4 8.6 16 -2.217 8.6 16.918 -1.697 8.6 14.303 -2.217 8.6 15.082 -2.217 0.15 15.082 -1.697 0.15 14.303 -2.217 0.15 16.918 -2.4 0.15 16 -3.151 0.15 15.5 -3.151 0.15 16.5 -0.918 8.6 13.783 0 8.6 13.6 -4.5 8.6 16.5 -3.5 8.6 16.5 -4.5 0.15 15.5 -3.5 0.15 15.5 -3.5 0.15 14.4 -4.5 0.15 14.4 -4.5 0.15 17.6 -3.5 0.15 17.6 -3.5 0.15 16.5 -1.243 0.15 12.998 -1.6 8.6 12.5 -1.6 8.6 11.5 -4.5 0.15 16.5 -4.5 8.6 14.4 -3.5 8.6 14.4 -3.5 8.6 15.5 -4.5 8.6 15.5 -3.151 8.6 16.5 -3.151 8.6 15.5 -3.002 8.6 14.757 -3.002 8.6 17.243 -2.298 0.15 18.298 -1.243 0.15 19.002 0 8.6 18.4 -1.697 8.6 17.697 -0.918 8.6 18.217 -0.918 0.15 18.217 -1.697 0.15 17.697 0 0.15 18.4 -0.5 0.15 19.151 -0.5 0.15 20.5 -0.5 0.15 19.5 -1.6 0.15 19.5 -1.6 0.15 20.5 -1.6 8.6 20.5 -1.6 8.6 19.5 -0.5 8.6 19.5 -0.5 8.6 20.5 -0.5 8.6 19.151 -1.243 8.6 19.002 -17.243 8.6 12.998 -14.757 8.6 12.998 -15.5 8.6 12.849 -16.5 8.6 12.849 -15.5 8.6 11.5 -15.5 8.6 12.5 -14.4 8.6 12.5 -14.4 8.6 11.5 -16.5 0.15 11.5 -16.5 0.15 12.5 -17.6 0.15 12.5 -17.6 0.15 11.5 -14.4 0.15 11.5 -14.4 0.15 12.5 -15.5 0.15 12.5 -15.5 0.15 11.5 -16.5 8.6 12.5 -16.5 8.6 11.5 -16.5 0.15 12.849 -15.5 0.15 12.849 -16 0.15 13.6 -16.918 0.15 13.783 -13.702 8.6 18.298 -18.298 8.6 18.298 -18.298 8.6 13.702 -20.5 8.6 17.6 -19.5 8.6 17.6 -19.002 0.15 17.243 -18.298 0.15 13.702 -19.002 0.15 14.757 -18.4 8.6 16 -15.082 0.15 13.783 -15.082 8.6 13.783 -18.217 8.6 16.918 -17.697 8.6 14.303 -18.217 8.6 15.082 -18.217 0.15 15.082 -17.697 0.15 14.303 -18.217 0.15 16.918 -18.4 0.15 16 -19.151 0.15 15.5 -19.151 0.15 16.5 -16.918 8.6 13.783 -16 8.6 13.6 -14.757 0.15 12.998 -20.5 8.6 16.5 -19.5 8.6 16.5 -20.5 0.15 15.5 -19.5 0.15 15.5 -19.5 0.15 14.4 -20.5 0.15 14.4 -20.5 0.15 17.6 -19.5 0.15 17.6 -19.5 0.15 16.5 -17.243 0.15 12.998 -17.6 8.6 12.5 -17.6 8.6 11.5 -20.5 0.15 16.5 -20.5 8.6 14.4 -19.5 8.6 14.4 -19.5 8.6 15.5 -20.5 8.6 15.5 -19.151 8.6 16.5 -19.151 8.6 15.5 -19.002 8.6 14.757 -19.002 8.6 17.243 -14.4 8.6 20.5 -14.4 8.6 19.5 -14.757 0.15 19.002 -13.702 0.15 18.298 -18.298 0.15 18.298 -17.243 0.15 19.002 -16 8.6 18.4 -15.082 8.6 18.217 -14.303 8.6 17.697 -17.697 8.6 17.697 -16.918 8.6 18.217 -16.918 0.15 18.217 -17.697 0.15 17.697 -14.303 0.15 17.697 -15.082 0.15 18.217 -16 0.15 18.4 -16.5 0.15 19.151 -15.5 0.15 19.151 -15.5 8.6 20.5 -15.5 8.6 19.5 -16.5 0.15 20.5 -16.5 0.15 19.5 -17.6 0.15 19.5 -17.6 0.15 20.5 -14.4 0.15 20.5 -14.4 0.15 19.5 -15.5 0.15 19.5 -15.5 0.15 20.5 -17.6 8.6 20.5 -17.6 8.6 19.5 -16.5 8.6 19.5 -16.5 8.6 20.5 -15.5 8.6 19.151 -16.5 8.6 19.151 -17.243 8.6 19.002 -14.757 8.6 19.002 -13.702 8.6 13.702 -11.5 8.6 14.4 -12.5 8.6 14.4 -12.998 0.15 14.757 -13.702 0.15 13.702 -12.998 0.15 17.243 -13.6 8.6 16 -13.783 8.6 15.082 -14.303 8.6 14.303 -13.783 8.6 16.918 -13.783 0.15 16.918 -14.303 0.15 14.303 -13.783 0.15 15.082 -13.6 0.15 16 -12.849 0.15 16.5 -12.849 0.15 15.5 -11.5 8.6 15.5 -12.5 8.6 15.5 -11.5 0.15 16.5 -12.5 0.15 16.5 -12.5 0.15 17.6 -11.5 0.15 17.6 -11.5 0.15 14.4 -12.5 0.15 14.4 -12.5 0.15 15.5 -11.5 0.15 15.5 -11.5 8.6 17.6 -12.5 8.6 17.6 -12.5 8.6 16.5 -11.5 8.6 16.5 -12.849 8.6 15.5 -12.849 8.6 16.5 -12.998 8.6 17.243 -12.998 8.6 14.757 -27.5 8.6 14.4 -28.5 8.6 14.4 -30.4 0.15 16.5 -30.4 0.15 15.5 -27.5 8.6 15.5 -28.5 8.6 15.5 -27.5 0.15 16.5 -28.5 0.15 16.5 -28.5 0.15 17.6 -27.5 0.15 17.6 -27.5 0.15 14.4 -28.5 0.15 14.4 -28.5 0.15 15.5 -27.5 0.15 15.5 -27.5 8.6 17.6 -28.5 8.6 17.6 -28.5 8.6 16.5 -27.5 8.6 16.5 -30.4 8.6 15.5 -30.4 8.6 16.5 -0.5 8.6 30.4 -0.5 0.15 27.5 -0.5 0.15 28.5 -1.6 0.15 28.5 -1.6 0.15 27.5 -0.5 8.6 28.5 -0.5 8.6 27.5 -0.5 0.15 30.4 -1.6 8.6 28.5 -1.6 8.6 27.5 -15.5 8.6 30.4 -16.5 8.6 30.4 -15.5 8.6 27.5 -15.5 8.6 28.5 -14.4 8.6 28.5 -14.4 8.6 27.5 -16.5 0.15 27.5 -16.5 0.15 28.5 -17.6 0.15 28.5 -17.6 0.15 27.5 -14.4 0.15 27.5 -14.4 0.15 28.5 -15.5 0.15 28.5 -15.5 0.15 27.5 -16.5 8.6 28.5 -16.5 8.6 27.5 -16.5 0.15 30.4 -15.5 0.15 30.4 -17.6 8.6 28.5 -17.6 8.6 27.5 0 0.15 11.5 0 0.15 12.5 0 0.15 12.849 0 0.15 4.5 0 0.15 3.5 0 0.15 3.151 0 0.15 27.5 0 0.15 28.5 0 0.15 30.4 0 0.15 20.5 0 0.15 19.5 0 0.15 19.151 -6.757 8.6 4.998 -5.702 8.6 5.702 -4.998 8.6 6.757 -4.751 8.6 8 -4.998 8.6 9.243 -5.702 8.6 10.298 -6.757 8.6 11.002 -8 8.6 11.249 -9.243 8.6 11.002 -10.298 8.6 10.298 -11.002 8.6 9.243 -11.249 8.6 8 -11.002 8.6 6.757 -10.298 8.6 5.702 -9.243 8.6 4.998 -8 8.6 4.751 -8 0.15 4.751 -9.243 0.15 4.998 -10.298 0.15 5.702 -11.002 0.15 6.757 -11.249 0.15 8 -11.002 0.15 9.243 -10.298 0.15 10.298 -9.243 0.15 11.002 -8 0.15 11.249 -6.757 0.15 11.002 -5.702 0.15 10.298 -4.998 0.15 9.243 -4.751 0.15 8 -4.998 0.15 6.757 -5.702 0.15 5.702 -6.757 0.15 4.998 -8 8.6 5.6 -8.918 8.6 5.783 -9.697 8.6 6.303 -10.217 8.6 7.082 -10.4 8.6 8 -10.217 8.6 8.918 -9.697 8.6 9.697 -8.918 8.6 10.217 -8 8.6 10.4 -7.082 8.6 10.217 -6.303 8.6 9.697 -5.783 8.6 8.918 -5.6 8.6 8 -5.783 8.6 7.082 -6.303 8.6 6.303 -7.082 8.6 5.783 -7.082 0.15 5.783 -6.303 0.15 6.303 -5.783 0.15 7.082 -5.6 0.15 8 -5.783 0.15 8.918 -6.303 0.15 9.697 -7.082 0.15 10.217 -8 0.15 10.4 -8.918 0.15 10.217 -9.697 0.15 9.697 -10.217 0.15 8.918 -10.4 0.15 8 -10.217 0.15 7.082 -9.697 0.15 6.303 -8.918 0.15 5.783 -8 0.15 5.6 -22.757 8.6 4.998 -21.702 8.6 5.702 -20.998 8.6 6.757 -20.751 8.6 8 -20.998 8.6 9.243 -21.702 8.6 10.298 -22.757 8.6 11.002 -24 8.6 11.249 -25.243 8.6 11.002 -26.298 8.6 10.298 -27.002 8.6 9.243 -27.249 8.6 8 -27.002 8.6 6.757 -26.298 8.6 5.702 -25.243 8.6 4.998 -24 8.6 4.751 -24 0.15 4.751 -25.243 0.15 4.998 -26.298 0.15 5.702 -27.002 0.15 6.757 -27.249 0.15 8 -27.002 0.15 9.243 -26.298 0.15 10.298 -25.243 0.15 11.002 -24 0.15 11.249 -22.757 0.15 11.002 -21.702 0.15 10.298 -20.998 0.15 9.243 -20.751 0.15 8 -20.998 0.15 6.757 -21.702 0.15 5.702 -22.757 0.15 4.998 -24 8.6 5.6 -24.918 8.6 5.783 -25.697 8.6 6.303 -26.217 8.6 7.082 -26.4 8.6 8 -26.217 8.6 8.918 -25.697 8.6 9.697 -24.918 8.6 10.217 -24 8.6 10.4 -23.082 8.6 10.217 -22.303 8.6 9.697 -21.783 8.6 8.918 -21.6 8.6 8 -21.783 8.6 7.082 -22.303 8.6 6.303 -23.082 8.6 5.783 -23.082 0.15 5.783 -22.303 0.15 6.303 -21.783 0.15 7.082 -21.6 0.15 8 -21.783 0.15 8.918 -22.303 0.15 9.697 -23.082 0.15 10.217 -24 0.15 10.4 -24.918 0.15 10.217 -25.697 0.15 9.697 -26.217 0.15 8.918 -26.4 0.15 8 -26.217 0.15 7.082 -25.697 0.15 6.303 -24.918 0.15 5.783 -24 0.15 5.6 -6.757 8.6 20.998 -5.702 8.6 21.702 -4.998 8.6 22.757 -4.751 8.6 24 -4.998 8.6 25.243 -5.702 8.6 26.298 -6.757 8.6 27.002 -8 8.6 27.249 -9.243 8.6 27.002 -10.298 8.6 26.298 -11.002 8.6 25.243 -11.249 8.6 24 -11.002 8.6 22.757 -10.298 8.6 21.702 -9.243 8.6 20.998 -8 8.6 20.751 -8 0.15 20.751 -9.243 0.15 20.998 -10.298 0.15 21.702 -11.002 0.15 22.757 -11.249 0.15 24 -11.002 0.15 25.243 -10.298 0.15 26.298 -9.243 0.15 27.002 -8 0.15 27.249 -6.757 0.15 27.002 -5.702 0.15 26.298 -4.998 0.15 25.243 -4.751 0.15 24 -4.998 0.15 22.757 -5.702 0.15 21.702 -6.757 0.15 20.998 -8 8.6 21.6 -8.918 8.6 21.783 -9.697 8.6 22.303 -10.217 8.6 23.082 -10.4 8.6 24 -10.217 8.6 24.918 -9.697 8.6 25.697 -8.918 8.6 26.217 -8 8.6 26.4 -7.082 8.6 26.217 -6.303 8.6 25.697 -5.783 8.6 24.918 -5.6 8.6 24 -5.783 8.6 23.082 -6.303 8.6 22.303 -7.082 8.6 21.783 -7.082 0.15 21.783 -6.303 0.15 22.303 -5.783 0.15 23.082 -5.6 0.15 24 -5.783 0.15 24.918 -6.303 0.15 25.697 -7.082 0.15 26.217 -8 0.15 26.4 -8.918 0.15 26.217 -9.697 0.15 25.697 -10.217 0.15 24.918 -10.4 0.15 24 -10.217 0.15 23.082 -9.697 0.15 22.303 -8.918 0.15 21.783 -8 0.15 21.6 -22.757 8.6 20.998 -21.702 8.6 21.702 -20.998 8.6 22.757 -20.751 8.6 24 -20.998 8.6 25.243 -21.702 8.6 26.298 -22.757 8.6 27.002 -24 8.6 27.249 -25.243 8.6 27.002 -26.298 8.6 26.298 -27.002 8.6 25.243 -27.249 8.6 24 -27.002 8.6 22.757 -26.298 8.6 21.702 -25.243 8.6 20.998 -24 8.6 20.751 -24 0.15 20.751 -25.243 0.15 20.998 -26.298 0.15 21.702 -27.002 0.15 22.757 -27.249 0.15 24 -27.002 0.15 25.243 -26.298 0.15 26.298 -25.243 0.15 27.002 -24 0.15 27.249 -22.757 0.15 27.002 -21.702 0.15 26.298 -20.998 0.15 25.243 -20.751 0.15 24 -20.998 0.15 22.757 -21.702 0.15 21.702 -22.757 0.15 20.998 -24 8.6 21.6 -24.918 8.6 21.783 -25.697 8.6 22.303 -26.217 8.6 23.082 -26.4 8.6 24 -26.217 8.6 24.918 -25.697 8.6 25.697 -24.918 8.6 26.217 -24 8.6 26.4 -23.082 8.6 26.217 -22.303 8.6 25.697 -21.783 8.6 24.918 -21.6 8.6 24 -21.783 8.6 23.082 -22.303 8.6 22.303 -23.082 8.6 21.783 -23.082 0.15 21.783 -22.303 0.15 22.303 -21.783 0.15 23.082 -21.6 0.15 24 -21.783 0.15 24.918 -22.303 0.15 25.697 -23.082 0.15 26.217 -24 0.15 26.4 -24.918 0.15 26.217 -25.697 0.15 25.697 -26.217 0.15 24.918 -26.4 0.15 24 -26.217 0.15 23.082 -25.697 0.15 22.303 -24.918 0.15 21.783 -24 0.15 21.6 -31.96 0.02 31.96 -31.96 9.58 31.96 -30.4 0.02 30.4 -30.4 8.6 30.4 -28 11.4 28 -20 11.4 28 -12 11.4 28 -4 11.4 28 -28 11.4 25.6 -20 11.4 25.6 -12 11.4 25.6 -4 11.4 25.6 -28.918 11.4 25.783 -20.918 11.4 25.783 -12.918 11.4 25.783 -4.918 11.4 25.783 -29.697 11.4 26.303 -21.697 11.4 26.303 -13.697 11.4 26.303 -5.697 11.4 26.303 -30.217 11.4 27.082 -22.217 11.4 27.082 -14.217 11.4 27.082 -6.217 11.4 27.082 -30.4 11.4 28 -22.4 11.4 28 -14.4 11.4 28 -6.4 11.4 28 -30.217 11.4 28.918 -22.217 11.4 28.918 -14.217 11.4 28.918 -6.217 11.4 28.918 -29.697 11.4 29.697 -21.697 11.4 29.697 -13.697 11.4 29.697 -5.697 11.4 29.697 -28.918 11.4 30.217 -20.918 11.4 30.217 -12.918 11.4 30.217 -4.918 11.4 30.217 -28 11.4 30.4 -20 11.4 30.4 -12 11.4 30.4 -4 11.4 30.4 -27.082 11.4 30.217 -19.082 11.4 30.217 -11.082 11.4 30.217 -3.082 11.4 30.217 -26.303 11.4 29.697 -18.303 11.4 29.697 -10.303 11.4 29.697 -2.303 11.4 29.697 -25.783 11.4 28.918 -17.783 11.4 28.918 -9.783 11.4 28.918 -1.783 11.4 28.918 -25.6 11.4 28 -17.6 11.4 28 -9.6 11.4 28 -1.6 11.4 28 -25.783 11.4 27.082 -17.783 11.4 27.082 -9.783 11.4 27.082 -1.783 11.4 27.082 -26.303 11.4 26.303 -18.303 11.4 26.303 -10.303 11.4 26.303 -2.303 11.4 26.303 -27.082 11.4 25.783 -19.082 11.4 25.783 -11.082 11.4 25.783 -3.082 11.4 25.783 -27.082 9.58 25.783 -19.082 9.58 25.783 -11.082 9.58 25.783 -3.082 9.58 25.783 -26.303 9.58 26.303 -18.303 9.58 26.303 -10.303 9.58 26.303 -2.303 9.58 26.303 -25.783 9.58 27.082 -17.783 9.58 27.082 -9.783 9.58 27.082 -1.783 9.58 27.082 -25.6 9.58 28 -17.6 9.58 28 -9.6 9.58 28 -1.6 9.58 28 -25.783 9.58 28.918 -17.783 9.58 28.918 -9.783 9.58 28.918 -1.783 9.58 28.918 -26.303 9.58 29.697 -18.303 9.58 29.697 -10.303 9.58 29.697 -2.303 9.58 29.697 -27.082 9.58 30.217 -19.082 9.58 30.217 -11.082 9.58 30.217 -3.082 9.58 30.217 -28 9.58 30.4 -20 9.58 30.4 -12 9.58 30.4 -4 9.58 30.4 -28.918 9.58 30.217 -20.918 9.58 30.217 -12.918 9.58 30.217 -4.918 9.58 30.217 -29.697 9.58 29.697 -21.697 9.58 29.697 -13.697 9.58 29.697 -5.697 9.58 29.697 -30.217 9.58 28.918 -22.217 9.58 28.918 -14.217 9.58 28.918 -6.217 9.58 28.918 -30.4 9.58 28 -22.4 9.58 28 -14.4 9.58 28 -6.4 9.58 28 -30.217 9.58 27.082 -22.217 9.58 27.082 -14.217 9.58 27.082 -6.217 9.58 27.082 -29.697 9.58 26.303 -21.697 9.58 26.303 -13.697 9.58 26.303 -5.697 9.58 26.303 -28.918 9.58 25.783 -20.918 9.58 25.783 -12.918 9.58 25.783 -4.918 9.58 25.783 -28 9.58 25.6 -20 9.58 25.6 -12 9.58 25.6 -4 9.58 25.6 -28 9.58 17.6 -20 9.58 17.6 -12 9.58 17.6 -4 9.58 17.6 -28.918 9.58 17.783 -20.918 9.58 17.783 -12.918 9.58 17.783 -4.918 9.58 17.783 -29.697 9.58 18.303 -21.697 9.58 18.303 -13.697 9.58 18.303 -5.697 9.58 18.303 -30.217 9.58 19.082 -22.217 9.58 19.082 -14.217 9.58 19.082 -6.217 9.58 19.082 -30.4 9.58 20 -22.4 9.58 20 -14.4 9.58 20 -6.4 9.58 20 -30.217 9.58 20.918 -22.217 9.58 20.918 -14.217 9.58 20.918 -6.217 9.58 20.918 -29.697 9.58 21.697 -21.697 9.58 21.697 -13.697 9.58 21.697 -5.697 9.58 21.697 -28.918 9.58 22.217 -20.918 9.58 22.217 -12.918 9.58 22.217 -4.918 9.58 22.217 -28 9.58 22.4 -20 9.58 22.4 -12 9.58 22.4 -4 9.58 22.4 -27.082 9.58 22.217 -19.082 9.58 22.217 -11.082 9.58 22.217 -3.082 9.58 22.217 -26.303 9.58 21.697 -18.303 9.58 21.697 -10.303 9.58 21.697 -2.303 9.58 21.697 -25.783 9.58 20.918 -17.783 9.58 20.918 -9.783 9.58 20.918 -1.783 9.58 20.918 -25.6 9.58 20 -17.6 9.58 20 -9.6 9.58 20 -1.6 9.58 20 -25.783 9.58 19.082 -17.783 9.58 19.082 -9.783 9.58 19.082 -1.783 9.58 19.082 -26.303 9.58 18.303 -18.303 9.58 18.303 -10.303 9.58 18.303 -2.303 9.58 18.303 -27.082 9.58 17.783 -19.082 9.58 17.783 -11.082 9.58 17.783 -3.082 9.58 17.783 -27.082 11.4 17.783 -19.082 11.4 17.783 -11.082 11.4 17.783 -3.082 11.4 17.783 -26.303 11.4 18.303 -18.303 11.4 18.303 -10.303 11.4 18.303 -2.303 11.4 18.303 -25.783 11.4 19.082 -17.783 11.4 19.082 -9.783 11.4 19.082 -1.783 11.4 19.082 -25.6 11.4 20 -17.6 11.4 20 -9.6 11.4 20 -1.6 11.4 20 -25.783 11.4 20.918 -17.783 11.4 20.918 -9.783 11.4 20.918 -1.783 11.4 20.918 -26.303 11.4 21.697 -18.303 11.4 21.697 -10.303 11.4 21.697 -2.303 11.4 21.697 -27.082 11.4 22.217 -19.082 11.4 22.217 -11.082 11.4 22.217 -3.082 11.4 22.217 -28 11.4 22.4 -20 11.4 22.4 -12 11.4 22.4 -4 11.4 22.4 -28.918 11.4 22.217 -20.918 11.4 22.217 -12.918 11.4 22.217 -4.918 11.4 22.217 -29.697 11.4 21.697 -21.697 11.4 21.697 -13.697 11.4 21.697 -5.697 11.4 21.697 -30.217 11.4 20.918 -22.217 11.4 20.918 -14.217 11.4 20.918 -6.217 11.4 20.918 -30.4 11.4 20 -22.4 11.4 20 -14.4 11.4 20 -6.4 11.4 20 -30.217 11.4 19.082 -22.217 11.4 19.082 -14.217 11.4 19.082 -6.217 11.4 19.082 -29.697 11.4 18.303 -21.697 11.4 18.303 -13.697 11.4 18.303 -5.697 11.4 18.303 -28.918 11.4 17.783 -20.918 11.4 17.783 -12.918 11.4 17.783 -4.918 11.4 17.783 -28 11.4 17.6 -20 11.4 17.6 -12 11.4 17.6 -4 11.4 17.6 -28 11.4 20 -20 11.4 20 -12 11.4 20 -4 11.4 20 -28 9.58 9.6 -20 9.58 9.6 -12 9.58 9.6 -4 9.58 9.6 -28.918 9.58 9.783 -20.918 9.58 9.783 -12.918 9.58 9.783 -4.918 9.58 9.783 -29.697 9.58 10.303 -21.697 9.58 10.303 -13.697 9.58 10.303 -5.697 9.58 10.303 -30.217 9.58 11.082 -22.217 9.58 11.082 -14.217 9.58 11.082 -6.217 9.58 11.082 -30.4 9.58 12 -22.4 9.58 12 -14.4 9.58 12 -6.4 9.58 12 -30.217 9.58 12.918 -22.217 9.58 12.918 -14.217 9.58 12.918 -6.217 9.58 12.918 -29.697 9.58 13.697 -21.697 9.58 13.697 -13.697 9.58 13.697 -5.697 9.58 13.697 -28.918 9.58 14.217 -20.918 9.58 14.217 -12.918 9.58 14.217 -4.918 9.58 14.217 -28 9.58 14.4 -20 9.58 14.4 -12 9.58 14.4 -4 9.58 14.4 -27.082 9.58 14.217 -19.082 9.58 14.217 -11.082 9.58 14.217 -3.082 9.58 14.217 -26.303 9.58 13.697 -18.303 9.58 13.697 -10.303 9.58 13.697 -2.303 9.58 13.697 -25.783 9.58 12.918 -17.783 9.58 12.918 -9.783 9.58 12.918 -1.783 9.58 12.918 -25.6 9.58 12 -17.6 9.58 12 -9.6 9.58 12 -1.6 9.58 12 -25.783 9.58 11.082 -17.783 9.58 11.082 -9.783 9.58 11.082 -1.783 9.58 11.082 -26.303 9.58 10.303 -18.303 9.58 10.303 -10.303 9.58 10.303 -2.303 9.58 10.303 -27.082 9.58 9.783 -19.082 9.58 9.783 -11.082 9.58 9.783 -3.082 9.58 9.783 -27.082 11.4 9.783 -19.082 11.4 9.783 -11.082 11.4 9.783 -3.082 11.4 9.783 -26.303 11.4 10.303 -18.303 11.4 10.303 -10.303 11.4 10.303 -2.303 11.4 10.303 -25.783 11.4 11.082 -17.783 11.4 11.082 -9.783 11.4 11.082 -1.783 11.4 11.082 -25.6 11.4 12 -17.6 11.4 12 -9.6 11.4 12 -1.6 11.4 12 -25.783 11.4 12.918 -17.783 11.4 12.918 -9.783 11.4 12.918 -1.783 11.4 12.918 -26.303 11.4 13.697 -18.303 11.4 13.697 -10.303 11.4 13.697 -2.303 11.4 13.697 -27.082 11.4 14.217 -19.082 11.4 14.217 -11.082 11.4 14.217 -3.082 11.4 14.217 -28 11.4 14.4 -20 11.4 14.4 -12 11.4 14.4 -4 11.4 14.4 -28.918 11.4 14.217 -20.918 11.4 14.217 -12.918 11.4 14.217 -4.918 11.4 14.217 -29.697 11.4 13.697 -21.697 11.4 13.697 -13.697 11.4 13.697 -5.697 11.4 13.697 -30.217 11.4 12.918 -22.217 11.4 12.918 -14.217 11.4 12.918 -6.217 11.4 12.918 -30.4 11.4 12 -22.4 11.4 12 -14.4 11.4 12 -6.4 11.4 12 -30.217 11.4 11.082 -22.217 11.4 11.082 -14.217 11.4 11.082 -6.217 11.4 11.082 -29.697 11.4 10.303 -21.697 11.4 10.303 -13.697 11.4 10.303 -5.697 11.4 10.303 -28.918 11.4 9.783 -20.918 11.4 9.783 -12.918 11.4 9.783 -4.918 11.4 9.783 -28 11.4 9.6 -20 11.4 9.6 -12 11.4 9.6 -4 11.4 9.6 -28 11.4 12 -20 11.4 12 -12 11.4 12 -4 11.4 12 -4 11.4 4 -12 11.4 4 -20 11.4 4 -28 11.4 4 -4 11.4 1.6 -12 11.4 1.6 -20 11.4 1.6 -28 11.4 1.6 -4.918 11.4 1.783 -12.918 11.4 1.783 -20.918 11.4 1.783 -28.918 11.4 1.783 -5.697 11.4 2.303 -13.697 11.4 2.303 -21.697 11.4 2.303 -29.697 11.4 2.303 -6.217 11.4 3.082 -14.217 11.4 3.082 -22.217 11.4 3.082 -30.217 11.4 3.082 -6.4 11.4 4 -14.4 11.4 4 -22.4 11.4 4 -30.4 11.4 4 -6.217 11.4 4.918 -14.217 11.4 4.918 -22.217 11.4 4.918 -30.217 11.4 4.918 -5.697 11.4 5.697 -13.697 11.4 5.697 -21.697 11.4 5.697 -29.697 11.4 5.697 -4.918 11.4 6.217 -12.918 11.4 6.217 -20.918 11.4 6.217 -28.918 11.4 6.217 -4 11.4 6.4 -12 11.4 6.4 -20 11.4 6.4 -28 11.4 6.4 -3.082 11.4 6.217 -11.082 11.4 6.217 -19.082 11.4 6.217 -27.082 11.4 6.217 -2.303 11.4 5.697 -10.303 11.4 5.697 -18.303 11.4 5.697 -26.303 11.4 5.697 -1.783 11.4 4.918 -9.783 11.4 4.918 -17.783 11.4 4.918 -25.783 11.4 4.918 -1.6 11.4 4 -9.6 11.4 4 -17.6 11.4 4 -25.6 11.4 4 -1.783 11.4 3.082 -9.783 11.4 3.082 -17.783 11.4 3.082 -25.783 11.4 3.082 -2.303 11.4 2.303 -10.303 11.4 2.303 -18.303 11.4 2.303 -26.303 11.4 2.303 -3.082 11.4 1.783 -11.082 11.4 1.783 -19.082 11.4 1.783 -27.082 11.4 1.783 -3.082 9.58 1.783 -11.082 9.58 1.783 -19.082 9.58 1.783 -27.082 9.58 1.783 -2.303 9.58 2.303 -10.303 9.58 2.303 -18.303 9.58 2.303 -26.303 9.58 2.303 -1.783 9.58 3.082 -9.783 9.58 3.082 -17.783 9.58 3.082 -25.783 9.58 3.082 -1.6 9.58 4 -9.6 9.58 4 -17.6 9.58 4 -25.6 9.58 4 -1.783 9.58 4.918 -9.783 9.58 4.918 -17.783 9.58 4.918 -25.783 9.58 4.918 -2.303 9.58 5.697 -10.303 9.58 5.697 -18.303 9.58 5.697 -26.303 9.58 5.697 -3.082 9.58 6.217 -11.082 9.58 6.217 -19.082 9.58 6.217 -27.082 9.58 6.217 -4 9.58 6.4 -12 9.58 6.4 -20 9.58 6.4 -28 9.58 6.4 -4.918 9.58 6.217 -12.918 9.58 6.217 -20.918 9.58 6.217 -28.918 9.58 6.217 -5.697 9.58 5.697 -13.697 9.58 5.697 -21.697 9.58 5.697 -29.697 9.58 5.697 -6.217 9.58 4.918 -14.217 9.58 4.918 -22.217 9.58 4.918 -30.217 9.58 4.918 -6.4 9.58 4 -14.4 9.58 4 -22.4 9.58 4 -30.4 9.58 4 -6.217 9.58 3.082 -14.217 9.58 3.082 -22.217 9.58 3.082 -30.217 9.58 3.082 -5.697 9.58 2.303 -13.697 9.58 2.303 -21.697 9.58 2.303 -29.697 9.58 2.303 -4.918 9.58 1.783 -12.918 9.58 1.783 -20.918 9.58 1.783 -28.918 9.58 1.783 -4 9.58 1.6 -12 9.58 1.6 -20 9.58 1.6 -28 9.58 1.6 0 0.02 31.96 0 9.58 31.96 0 0.02 30.4 0 8.6 30.4 2.298 8.6 -2.298 4.5 8.6 -1.6 3.5 8.6 -1.6 3.002 0.15 -1.243 2.4 8.6 0 2.217 8.6 -0.918 2.217 0.15 -0.918 2.4 0.15 0 3.151 0.15 -0.5 4.5 8.6 -0.5 3.5 8.6 -0.5 4.5 0.15 -1.6 3.5 0.15 -1.6 3.5 0.15 -0.5 4.5 0.15 -0.5 3.151 8.6 -0.5 3.002 8.6 -1.243 2.298 0.15 -2.298 1.243 0.15 -3.002 1.697 8.6 -1.697 0.918 8.6 -2.217 0.918 0.15 -2.217 1.697 0.15 -1.697 0.5 0.15 -3.151 0.5 0.15 -4.5 0.5 0.15 -3.5 1.6 0.15 -3.5 1.6 0.15 -4.5 1.6 8.6 -4.5 1.6 8.6 -3.5 0.5 8.6 -3.5 0.5 8.6 -4.5 0.5 8.6 -3.151 1.243 8.6 -3.002 13.702 8.6 -2.298 18.298 8.6 -2.298 20.5 8.6 -1.6 19.5 8.6 -1.6 19.002 0.15 -1.243 18.4 8.6 0 18.217 8.6 -0.918 18.217 0.15 -0.918 18.4 0.15 0 19.151 0.15 -0.5 20.5 8.6 -0.5 19.5 8.6 -0.5 20.5 0.15 -1.6 19.5 0.15 -1.6 19.5 0.15 -0.5 20.5 0.15 -0.5 19.151 8.6 -0.5 19.002 8.6 -1.243 14.4 8.6 -4.5 14.4 8.6 -3.5 14.757 0.15 -3.002 13.702 0.15 -2.298 18.298 0.15 -2.298 17.243 0.15 -3.002 16 8.6 -2.4 15.082 8.6 -2.217 14.303 8.6 -1.697 17.697 8.6 -1.697 16.918 8.6 -2.217 16.918 0.15 -2.217 17.697 0.15 -1.697 14.303 0.15 -1.697 15.082 0.15 -2.217 16 0.15 -2.4 16.5 0.15 -3.151 15.5 0.15 -3.151 15.5 8.6 -4.5 16.5 0.15 -8 15.5 0.15 -8 15.5 8.6 -3.5 16.5 0.15 -4.5 16.5 0.15 -3.5 17.6 0.15 -3.5 17.6 0.15 -4.5 14.4 0.15 -4.5 14.4 0.15 -3.5 15.5 0.15 -3.5 15.5 0.15 -4.5 17.6 8.6 -4.5 17.6 8.6 -3.5 16.5 8.6 -3.5 16.5 8.6 -4.5 15.5 8.6 -8 16.5 8.6 -8 15.5 8.6 -3.151 16.5 8.6 -3.151 17.243 8.6 -3.002 14.757 8.6 -3.002 12.998 0.15 -1.243 13.6 8.6 0 13.783 8.6 -0.918 13.783 0.15 -0.918 13.6 0.15 0 12.849 0.15 -0.5 11.5 0.15 -0.5 12.5 0.15 -0.5 12.5 0.15 -1.6 11.5 0.15 -1.6 11.5 8.6 -1.6 12.5 8.6 -1.6 12.5 8.6 -0.5 11.5 8.6 -0.5 12.849 8.6 -0.5 12.998 8.6 -1.243 30.4 0.15 -0.5 27.5 0.15 -0.5 28.5 0.15 -0.5 28.5 0.15 -1.6 27.5 0.15 -1.6 27.5 8.6 -1.6 28.5 8.6 -1.6 28.5 8.6 -0.5 27.5 8.6 -0.5 30.4 8.6 -0.5 1.243 8.6 -12.998 0.5 8.6 -12.849 0.5 0.15 -11.5 0.5 0.15 -12.5 1.6 0.15 -12.5 1.6 0.15 -11.5 0.5 8.6 -12.5 0.5 8.6 -11.5 0.5 0.15 -12.849 0.918 0.15 -13.783 2.298 8.6 -18.298 2.298 8.6 -13.702 4.5 8.6 -17.6 3.5 8.6 -17.6 3.002 0.15 -17.243 2.298 0.15 -13.702 3.002 0.15 -14.757 2.4 8.6 -16 2.217 8.6 -16.918 1.697 8.6 -14.303 2.217 8.6 -15.082 2.217 0.15 -15.082 1.697 0.15 -14.303 2.217 0.15 -16.918 2.4 0.15 -16 3.151 0.15 -15.5 3.151 0.15 -16.5 0.918 8.6 -13.783 4.5 8.6 -16.5 3.5 8.6 -16.5 4.5 0.15 -15.5 3.5 0.15 -15.5 3.5 0.15 -14.4 4.5 0.15 -14.4 4.5 0.15 -17.6 3.5 0.15 -17.6 3.5 0.15 -16.5 1.243 0.15 -12.998 1.6 8.6 -12.5 1.6 8.6 -11.5 4.5 0.15 -16.5 4.5 8.6 -14.4 3.5 8.6 -14.4 3.5 8.6 -15.5 4.5 8.6 -15.5 3.151 8.6 -16.5 3.151 8.6 -15.5 3.002 8.6 -14.757 3.002 8.6 -17.243 2.298 0.15 -18.298 1.243 0.15 -19.002 1.697 8.6 -17.697 0.918 8.6 -18.217 0.918 0.15 -18.217 1.697 0.15 -17.697 0.5 0.15 -19.151 0.5 0.15 -20.5 0.5 0.15 -19.5 1.6 0.15 -19.5 1.6 0.15 -20.5 1.6 8.6 -20.5 1.6 8.6 -19.5 0.5 8.6 -19.5 0.5 8.6 -20.5 0.5 8.6 -19.151 1.243 8.6 -19.002 17.243 8.6 -12.998 14.757 8.6 -12.998 15.5 8.6 -12.849 16.5 8.6 -12.849 15.5 8.6 -11.5 15.5 8.6 -12.5 14.4 8.6 -12.5 14.4 8.6 -11.5 16.5 0.15 -11.5 16.5 0.15 -12.5 17.6 0.15 -12.5 17.6 0.15 -11.5 14.4 0.15 -11.5 14.4 0.15 -12.5 15.5 0.15 -12.5 15.5 0.15 -11.5 16.5 8.6 -12.5 16.5 8.6 -11.5 16.5 0.15 -12.849 15.5 0.15 -12.849 16 0.15 -13.6 16.918 0.15 -13.783 13.702 8.6 -18.298 18.298 8.6 -18.298 18.298 8.6 -13.702 20.5 8.6 -17.6 19.5 8.6 -17.6 19.002 0.15 -17.243 18.298 0.15 -13.702 19.002 0.15 -14.757 18.4 8.6 -16 15.082 0.15 -13.783 15.082 8.6 -13.783 18.217 8.6 -16.918 17.697 8.6 -14.303 18.217 8.6 -15.082 18.217 0.15 -15.082 17.697 0.15 -14.303 18.217 0.15 -16.918 18.4 0.15 -16 19.151 0.15 -15.5 19.151 0.15 -16.5 16.918 8.6 -13.783 16 8.6 -13.6 14.757 0.15 -12.998 20.5 8.6 -16.5 19.5 8.6 -16.5 20.5 0.15 -15.5 19.5 0.15 -15.5 19.5 0.15 -14.4 20.5 0.15 -14.4 20.5 0.15 -17.6 19.5 0.15 -17.6 19.5 0.15 -16.5 17.243 0.15 -12.998 17.6 8.6 -12.5 17.6 8.6 -11.5 20.5 0.15 -16.5 20.5 8.6 -14.4 19.5 8.6 -14.4 19.5 8.6 -15.5 20.5 8.6 -15.5 19.151 8.6 -16.5 19.151 8.6 -15.5 19.002 8.6 -14.757 19.002 8.6 -17.243 14.4 8.6 -20.5 14.4 8.6 -19.5 14.757 0.15 -19.002 13.702 0.15 -18.298 18.298 0.15 -18.298 17.243 0.15 -19.002 16 8.6 -18.4 15.082 8.6 -18.217 14.303 8.6 -17.697 17.697 8.6 -17.697 16.918 8.6 -18.217 16.918 0.15 -18.217 17.697 0.15 -17.697 14.303 0.15 -17.697 15.082 0.15 -18.217 16 0.15 -18.4 16.5 0.15 -19.151 15.5 0.15 -19.151 15.5 8.6 -20.5 15.5 8.6 -19.5 16.5 0.15 -20.5 16.5 0.15 -19.5 17.6 0.15 -19.5 17.6 0.15 -20.5 14.4 0.15 -20.5 14.4 0.15 -19.5 15.5 0.15 -19.5 15.5 0.15 -20.5 17.6 8.6 -20.5 17.6 8.6 -19.5 16.5 8.6 -19.5 16.5 8.6 -20.5 15.5 8.6 -19.151 16.5 8.6 -19.151 17.243 8.6 -19.002 14.757 8.6 -19.002 13.702 8.6 -13.702 11.5 8.6 -14.4 12.5 8.6 -14.4 12.998 0.15 -14.757 13.702 0.15 -13.702 12.998 0.15 -17.243 13.6 8.6 -16 13.783 8.6 -15.082 14.303 8.6 -14.303 13.783 8.6 -16.918 13.783 0.15 -16.918 14.303 0.15 -14.303 13.783 0.15 -15.082 13.6 0.15 -16 12.849 0.15 -16.5 12.849 0.15 -15.5 11.5 8.6 -15.5 12.5 8.6 -15.5 11.5 0.15 -16.5 12.5 0.15 -16.5 12.5 0.15 -17.6 11.5 0.15 -17.6 11.5 0.15 -14.4 12.5 0.15 -14.4 12.5 0.15 -15.5 11.5 0.15 -15.5 11.5 8.6 -17.6 12.5 8.6 -17.6 12.5 8.6 -16.5 11.5 8.6 -16.5 12.849 8.6 -15.5 12.849 8.6 -16.5 12.998 8.6 -17.243 12.998 8.6 -14.757 27.5 8.6 -14.4 28.5 8.6 -14.4 30.4 0.15 -16.5 30.4 0.15 -15.5 27.5 8.6 -15.5 28.5 8.6 -15.5 27.5 0.15 -16.5 28.5 0.15 -16.5 28.5 0.15 -17.6 27.5 0.15 -17.6 27.5 0.15 -14.4 28.5 0.15 -14.4 28.5 0.15 -15.5 27.5 0.15 -15.5 27.5 8.6 -17.6 28.5 8.6 -17.6 28.5 8.6 -16.5 27.5 8.6 -16.5 30.4 8.6 -15.5 30.4 8.6 -16.5 0.5 8.6 -30.4 0.5 0.15 -27.5 0.5 0.15 -28.5 1.6 0.15 -28.5 1.6 0.15 -27.5 0.5 8.6 -28.5 0.5 8.6 -27.5 0.5 0.15 -30.4 1.6 8.6 -28.5 1.6 8.6 -27.5 15.5 8.6 -30.4 16.5 8.6 -30.4 15.5 8.6 -27.5 15.5 8.6 -28.5 14.4 8.6 -28.5 14.4 8.6 -27.5 16.5 0.15 -27.5 16.5 0.15 -28.5 17.6 0.15 -28.5 17.6 0.15 -27.5 14.4 0.15 -27.5 14.4 0.15 -28.5 15.5 0.15 -28.5 15.5 0.15 -27.5 16.5 8.6 -28.5 16.5 8.6 -27.5 16.5 0.15 -30.4 15.5 0.15 -30.4 17.6 8.6 -28.5 17.6 8.6 -27.5 27.5 0.15 0 28.5 0.15 0 30.4 0.15 0 20.5 0.15 0 19.5 0.15 0 19.151 0.15 0 11.5 0.15 0 12.5 0.15 0 12.849 0.15 0 4.5 0.15 0 3.5 0.15 0 3.151 0.15 0 6.757 8.6 -4.998 5.702 8.6 -5.702 4.998 8.6 -6.757 4.751 8.6 -8 4.998 8.6 -9.243 5.702 8.6 -10.298 6.757 8.6 -11.002 8 8.6 -11.249 9.243 8.6 -11.002 10.298 8.6 -10.298 11.002 8.6 -9.243 11.249 8.6 -8 11.002 8.6 -6.757 10.298 8.6 -5.702 9.243 8.6 -4.998 8 8.6 -4.751 8 0.15 -4.751 9.243 0.15 -4.998 10.298 0.15 -5.702 11.002 0.15 -6.757 11.249 0.15 -8 11.002 0.15 -9.243 10.298 0.15 -10.298 9.243 0.15 -11.002 8 0.15 -11.249 6.757 0.15 -11.002 5.702 0.15 -10.298 4.998 0.15 -9.243 4.751 0.15 -8 4.998 0.15 -6.757 5.702 0.15 -5.702 6.757 0.15 -4.998 8 8.6 -5.6 8.918 8.6 -5.783 9.697 8.6 -6.303 10.217 8.6 -7.082 10.4 8.6 -8 10.217 8.6 -8.918 9.697 8.6 -9.697 8.918 8.6 -10.217 8 8.6 -10.4 7.082 8.6 -10.217 6.303 8.6 -9.697 5.783 8.6 -8.918 5.6 8.6 -8 5.783 8.6 -7.082 6.303 8.6 -6.303 7.082 8.6 -5.783 7.082 0.15 -5.783 6.303 0.15 -6.303 5.783 0.15 -7.082 5.6 0.15 -8 5.783 0.15 -8.918 6.303 0.15 -9.697 7.082 0.15 -10.217 8 0.15 -10.4 8.918 0.15 -10.217 9.697 0.15 -9.697 10.217 0.15 -8.918 10.4 0.15 -8 10.217 0.15 -7.082 9.697 0.15 -6.303 8.918 0.15 -5.783 8 0.15 -5.6 22.757 8.6 -4.998 21.702 8.6 -5.702 20.998 8.6 -6.757 20.751 8.6 -8 20.998 8.6 -9.243 21.702 8.6 -10.298 22.757 8.6 -11.002 24 8.6 -11.249 25.243 8.6 -11.002 26.298 8.6 -10.298 27.002 8.6 -9.243 27.249 8.6 -8 27.002 8.6 -6.757 26.298 8.6 -5.702 25.243 8.6 -4.998 24 8.6 -4.751 24 0.15 -4.751 25.243 0.15 -4.998 26.298 0.15 -5.702 27.002 0.15 -6.757 27.249 0.15 -8 27.002 0.15 -9.243 26.298 0.15 -10.298 25.243 0.15 -11.002 24 0.15 -11.249 22.757 0.15 -11.002 21.702 0.15 -10.298 20.998 0.15 -9.243 20.751 0.15 -8 20.998 0.15 -6.757 21.702 0.15 -5.702 22.757 0.15 -4.998 24 8.6 -5.6 24.918 8.6 -5.783 25.697 8.6 -6.303 26.217 8.6 -7.082 26.4 8.6 -8 26.217 8.6 -8.918 25.697 8.6 -9.697 24.918 8.6 -10.217 24 8.6 -10.4 23.082 8.6 -10.217 22.303 8.6 -9.697 21.783 8.6 -8.918 21.6 8.6 -8 21.783 8.6 -7.082 22.303 8.6 -6.303 23.082 8.6 -5.783 23.082 0.15 -5.783 22.303 0.15 -6.303 21.783 0.15 -7.082 21.6 0.15 -8 21.783 0.15 -8.918 22.303 0.15 -9.697 23.082 0.15 -10.217 24 0.15 -10.4 24.918 0.15 -10.217 25.697 0.15 -9.697 26.217 0.15 -8.918 26.4 0.15 -8 26.217 0.15 -7.082 25.697 0.15 -6.303 24.918 0.15 -5.783 24 0.15 -5.6 6.757 8.6 -20.998 5.702 8.6 -21.702 4.998 8.6 -22.757 4.751 8.6 -24 4.998 8.6 -25.243 5.702 8.6 -26.298 6.757 8.6 -27.002 8 8.6 -27.249 9.243 8.6 -27.002 10.298 8.6 -26.298 11.002 8.6 -25.243 11.249 8.6 -24 11.002 8.6 -22.757 10.298 8.6 -21.702 9.243 8.6 -20.998 8 8.6 -20.751 8 0.15 -20.751 9.243 0.15 -20.998 10.298 0.15 -21.702 11.002 0.15 -22.757 11.249 0.15 -24 11.002 0.15 -25.243 10.298 0.15 -26.298 9.243 0.15 -27.002 8 0.15 -27.249 6.757 0.15 -27.002 5.702 0.15 -26.298 4.998 0.15 -25.243 4.751 0.15 -24 4.998 0.15 -22.757 5.702 0.15 -21.702 6.757 0.15 -20.998 8 8.6 -21.6 8.918 8.6 -21.783 9.697 8.6 -22.303 10.217 8.6 -23.082 10.4 8.6 -24 10.217 8.6 -24.918 9.697 8.6 -25.697 8.918 8.6 -26.217 8 8.6 -26.4 7.082 8.6 -26.217 6.303 8.6 -25.697 5.783 8.6 -24.918 5.6 8.6 -24 5.783 8.6 -23.082 6.303 8.6 -22.303 7.082 8.6 -21.783 7.082 0.15 -21.783 6.303 0.15 -22.303 5.783 0.15 -23.082 5.6 0.15 -24 5.783 0.15 -24.918 6.303 0.15 -25.697 7.082 0.15 -26.217 8 0.15 -26.4 8.918 0.15 -26.217 9.697 0.15 -25.697 10.217 0.15 -24.918 10.4 0.15 -24 10.217 0.15 -23.082 9.697 0.15 -22.303 8.918 0.15 -21.783 8 0.15 -21.6 22.757 8.6 -20.998 21.702 8.6 -21.702 20.998 8.6 -22.757 20.751 8.6 -24 20.998 8.6 -25.243 21.702 8.6 -26.298 22.757 8.6 -27.002 24 8.6 -27.249 25.243 8.6 -27.002 26.298 8.6 -26.298 27.002 8.6 -25.243 27.249 8.6 -24 27.002 8.6 -22.757 26.298 8.6 -21.702 25.243 8.6 -20.998 24 8.6 -20.751 24 0.15 -20.751 25.243 0.15 -20.998 26.298 0.15 -21.702 27.002 0.15 -22.757 27.249 0.15 -24 27.002 0.15 -25.243 26.298 0.15 -26.298 25.243 0.15 -27.002 24 0.15 -27.249 22.757 0.15 -27.002 21.702 0.15 -26.298 20.998 0.15 -25.243 20.751 0.15 -24 20.998 0.15 -22.757 21.702 0.15 -21.702 22.757 0.15 -20.998 24 8.6 -21.6 24.918 8.6 -21.783 25.697 8.6 -22.303 26.217 8.6 -23.082 26.4 8.6 -24 26.217 8.6 -24.918 25.697 8.6 -25.697 24.918 8.6 -26.217 24 8.6 -26.4 23.082 8.6 -26.217 22.303 8.6 -25.697 21.783 8.6 -24.918 21.6 8.6 -24 21.783 8.6 -23.082 22.303 8.6 -22.303 23.082 8.6 -21.783 23.082 0.15 -21.783 22.303 0.15 -22.303 21.783 0.15 -23.082 21.6 0.15 -24 21.783 0.15 -24.918 22.303 0.15 -25.697 23.082 0.15 -26.217 24 0.15 -26.4 24.918 0.15 -26.217 25.697 0.15 -25.697 26.217 0.15 -24.918 26.4 0.15 -24 26.217 0.15 -23.082 25.697 0.15 -22.303 24.918 0.15 -21.783 24 0.15 -21.6 31.96 0.02 -31.96 31.96 9.58 -31.96 30.4 0.02 -30.4 30.4 8.6 -30.4 28 11.4 -28 20 11.4 -28 12 11.4 -28 4 11.4 -28 28 11.4 -25.6 20 11.4 -25.6 12 11.4 -25.6 4 11.4 -25.6 28.918 11.4 -25.783 20.918 11.4 -25.783 12.918 11.4 -25.783 4.918 11.4 -25.783 29.697 11.4 -26.303 21.697 11.4 -26.303 13.697 11.4 -26.303 5.697 11.4 -26.303 30.217 11.4 -27.082 22.217 11.4 -27.082 14.217 11.4 -27.082 6.217 11.4 -27.082 30.4 11.4 -28 22.4 11.4 -28 14.4 11.4 -28 6.4 11.4 -28 30.217 11.4 -28.918 22.217 11.4 -28.918 14.217 11.4 -28.918 6.217 11.4 -28.918 29.697 11.4 -29.697 21.697 11.4 -29.697 13.697 11.4 -29.697 5.697 11.4 -29.697 28.918 11.4 -30.217 20.918 11.4 -30.217 12.918 11.4 -30.217 4.918 11.4 -30.217 28 11.4 -30.4 20 11.4 -30.4 12 11.4 -30.4 4 11.4 -30.4 27.082 11.4 -30.217 19.082 11.4 -30.217 11.082 11.4 -30.217 3.082 11.4 -30.217 26.303 11.4 -29.697 18.303 11.4 -29.697 10.303 11.4 -29.697 2.303 11.4 -29.697 25.783 11.4 -28.918 17.783 11.4 -28.918 9.783 11.4 -28.918 1.783 11.4 -28.918 25.6 11.4 -28 17.6 11.4 -28 9.6 11.4 -28 1.6 11.4 -28 25.783 11.4 -27.082 17.783 11.4 -27.082 9.783 11.4 -27.082 1.783 11.4 -27.082 26.303 11.4 -26.303 18.303 11.4 -26.303 10.303 11.4 -26.303 2.303 11.4 -26.303 27.082 11.4 -25.783 19.082 11.4 -25.783 11.082 11.4 -25.783 3.082 11.4 -25.783 27.082 9.58 -25.783 19.082 9.58 -25.783 11.082 9.58 -25.783 3.082 9.58 -25.783 26.303 9.58 -26.303 18.303 9.58 -26.303 10.303 9.58 -26.303 2.303 9.58 -26.303 25.783 9.58 -27.082 17.783 9.58 -27.082 9.783 9.58 -27.082 1.783 9.58 -27.082 25.6 9.58 -28 17.6 9.58 -28 9.6 9.58 -28 1.6 9.58 -28 25.783 9.58 -28.918 17.783 9.58 -28.918 9.783 9.58 -28.918 1.783 9.58 -28.918 26.303 9.58 -29.697 18.303 9.58 -29.697 10.303 9.58 -29.697 2.303 9.58 -29.697 27.082 9.58 -30.217 19.082 9.58 -30.217 11.082 9.58 -30.217 3.082 9.58 -30.217 28 9.58 -30.4 20 9.58 -30.4 12 9.58 -30.4 4 9.58 -30.4 28.918 9.58 -30.217 20.918 9.58 -30.217 12.918 9.58 -30.217 4.918 9.58 -30.217 29.697 9.58 -29.697 21.697 9.58 -29.697 13.697 9.58 -29.697 5.697 9.58 -29.697 30.217 9.58 -28.918 22.217 9.58 -28.918 14.217 9.58 -28.918 6.217 9.58 -28.918 30.4 9.58 -28 22.4 9.58 -28 14.4 9.58 -28 6.4 9.58 -28 30.217 9.58 -27.082 22.217 9.58 -27.082 14.217 9.58 -27.082 6.217 9.58 -27.082 29.697 9.58 -26.303 21.697 9.58 -26.303 13.697 9.58 -26.303 5.697 9.58 -26.303 28.918 9.58 -25.783 20.918 9.58 -25.783 12.918 9.58 -25.783 4.918 9.58 -25.783 28 9.58 -25.6 20 9.58 -25.6 12 9.58 -25.6 4 9.58 -25.6 28 9.58 -17.6 20 9.58 -17.6 12 9.58 -17.6 4 9.58 -17.6 28.918 9.58 -17.783 20.918 9.58 -17.783 12.918 9.58 -17.783 4.918 9.58 -17.783 29.697 9.58 -18.303 21.697 9.58 -18.303 13.697 9.58 -18.303 5.697 9.58 -18.303 30.217 9.58 -19.082 22.217 9.58 -19.082 14.217 9.58 -19.082 6.217 9.58 -19.082 30.4 9.58 -20 22.4 9.58 -20 14.4 9.58 -20 6.4 9.58 -20 30.217 9.58 -20.918 22.217 9.58 -20.918 14.217 9.58 -20.918 6.217 9.58 -20.918 29.697 9.58 -21.697 21.697 9.58 -21.697 13.697 9.58 -21.697 5.697 9.58 -21.697 28.918 9.58 -22.217 20.918 9.58 -22.217 12.918 9.58 -22.217 4.918 9.58 -22.217 28 9.58 -22.4 20 9.58 -22.4 12 9.58 -22.4 4 9.58 -22.4 27.082 9.58 -22.217 19.082 9.58 -22.217 11.082 9.58 -22.217 3.082 9.58 -22.217 26.303 9.58 -21.697 18.303 9.58 -21.697 10.303 9.58 -21.697 2.303 9.58 -21.697 25.783 9.58 -20.918 17.783 9.58 -20.918 9.783 9.58 -20.918 1.783 9.58 -20.918 25.6 9.58 -20 17.6 9.58 -20 9.6 9.58 -20 1.6 9.58 -20 25.783 9.58 -19.082 17.783 9.58 -19.082 9.783 9.58 -19.082 1.783 9.58 -19.082 26.303 9.58 -18.303 18.303 9.58 -18.303 10.303 9.58 -18.303 2.303 9.58 -18.303 27.082 9.58 -17.783 19.082 9.58 -17.783 11.082 9.58 -17.783 3.082 9.58 -17.783 27.082 11.4 -17.783 19.082 11.4 -17.783 11.082 11.4 -17.783 3.082 11.4 -17.783 26.303 11.4 -18.303 18.303 11.4 -18.303 10.303 11.4 -18.303 2.303 11.4 -18.303 25.783 11.4 -19.082 17.783 11.4 -19.082 9.783 11.4 -19.082 1.783 11.4 -19.082 25.6 11.4 -20 17.6 11.4 -20 9.6 11.4 -20 1.6 11.4 -20 25.783 11.4 -20.918 17.783 11.4 -20.918 9.783 11.4 -20.918 1.783 11.4 -20.918 26.303 11.4 -21.697 18.303 11.4 -21.697 10.303 11.4 -21.697 2.303 11.4 -21.697 27.082 11.4 -22.217 19.082 11.4 -22.217 11.082 11.4 -22.217 3.082 11.4 -22.217 28 11.4 -22.4 20 11.4 -22.4 12 11.4 -22.4 4 11.4 -22.4 28.918 11.4 -22.217 20.918 11.4 -22.217 12.918 11.4 -22.217 4.918 11.4 -22.217 29.697 11.4 -21.697 21.697 11.4 -21.697 13.697 11.4 -21.697 5.697 11.4 -21.697 30.217 11.4 -20.918 22.217 11.4 -20.918 14.217 11.4 -20.918 6.217 11.4 -20.918 30.4 11.4 -20 22.4 11.4 -20 14.4 11.4 -20 6.4 11.4 -20 30.217 11.4 -19.082 22.217 11.4 -19.082 14.217 11.4 -19.082 6.217 11.4 -19.082 29.697 11.4 -18.303 21.697 11.4 -18.303 13.697 11.4 -18.303 5.697 11.4 -18.303 28.918 11.4 -17.783 20.918 11.4 -17.783 12.918 11.4 -17.783 4.918 11.4 -17.783 28 11.4 -17.6 20 11.4 -17.6 12 11.4 -17.6 4 11.4 -17.6 28 11.4 -20 20 11.4 -20 12 11.4 -20 4 11.4 -20 28 9.58 -9.6 20 9.58 -9.6 12 9.58 -9.6 4 9.58 -9.6 28.918 9.58 -9.783 20.918 9.58 -9.783 12.918 9.58 -9.783 4.918 9.58 -9.783 29.697 9.58 -10.303 21.697 9.58 -10.303 13.697 9.58 -10.303 5.697 9.58 -10.303 30.217 9.58 -11.082 22.217 9.58 -11.082 14.217 9.58 -11.082 6.217 9.58 -11.082 30.4 9.58 -12 22.4 9.58 -12 14.4 9.58 -12 6.4 9.58 -12 30.217 9.58 -12.918 22.217 9.58 -12.918 14.217 9.58 -12.918 6.217 9.58 -12.918 29.697 9.58 -13.697 21.697 9.58 -13.697 13.697 9.58 -13.697 5.697 9.58 -13.697 28.918 9.58 -14.217 20.918 9.58 -14.217 12.918 9.58 -14.217 4.918 9.58 -14.217 28 9.58 -14.4 20 9.58 -14.4 12 9.58 -14.4 4 9.58 -14.4 27.082 9.58 -14.217 19.082 9.58 -14.217 11.082 9.58 -14.217 3.082 9.58 -14.217 26.303 9.58 -13.697 18.303 9.58 -13.697 10.303 9.58 -13.697 2.303 9.58 -13.697 25.783 9.58 -12.918 17.783 9.58 -12.918 9.783 9.58 -12.918 1.783 9.58 -12.918 25.6 9.58 -12 17.6 9.58 -12 9.6 9.58 -12 1.6 9.58 -12 25.783 9.58 -11.082 17.783 9.58 -11.082 9.783 9.58 -11.082 1.783 9.58 -11.082 26.303 9.58 -10.303 18.303 9.58 -10.303 10.303 9.58 -10.303 2.303 9.58 -10.303 27.082 9.58 -9.783 19.082 9.58 -9.783 11.082 9.58 -9.783 3.082 9.58 -9.783 27.082 11.4 -9.783 19.082 11.4 -9.783 11.082 11.4 -9.783 3.082 11.4 -9.783 26.303 11.4 -10.303 18.303 11.4 -10.303 10.303 11.4 -10.303 2.303 11.4 -10.303 25.783 11.4 -11.082 17.783 11.4 -11.082 9.783 11.4 -11.082 1.783 11.4 -11.082 25.6 11.4 -12 17.6 11.4 -12 9.6 11.4 -12 1.6 11.4 -12 25.783 11.4 -12.918 17.783 11.4 -12.918 9.783 11.4 -12.918 1.783 11.4 -12.918 26.303 11.4 -13.697 18.303 11.4 -13.697 10.303 11.4 -13.697 2.303 11.4 -13.697 27.082 11.4 -14.217 19.082 11.4 -14.217 11.082 11.4 -14.217 3.082 11.4 -14.217 28 11.4 -14.4 20 11.4 -14.4 12 11.4 -14.4 4 11.4 -14.4 28.918 11.4 -14.217 20.918 11.4 -14.217 12.918 11.4 -14.217 4.918 11.4 -14.217 29.697 11.4 -13.697 21.697 11.4 -13.697 13.697 11.4 -13.697 5.697 11.4 -13.697 30.217 11.4 -12.918 22.217 11.4 -12.918 14.217 11.4 -12.918 6.217 11.4 -12.918 30.4 11.4 -12 22.4 11.4 -12 14.4 11.4 -12 6.4 11.4 -12 30.217 11.4 -11.082 22.217 11.4 -11.082 14.217 11.4 -11.082 6.217 11.4 -11.082 29.697 11.4 -10.303 21.697 11.4 -10.303 13.697 11.4 -10.303 5.697 11.4 -10.303 28.918 11.4 -9.783 20.918 11.4 -9.783 12.918 11.4 -9.783 4.918 11.4 -9.783 28 11.4 -9.6 20 11.4 -9.6 12 11.4 -9.6 4 11.4 -9.6 28 11.4 -12 20 11.4 -12 12 11.4 -12 4 11.4 -12 4 11.4 -4 12 11.4 -4 20 11.4 -4 28 11.4 -4 4 11.4 -1.6 12 11.4 -1.6 20 11.4 -1.6 28 11.4 -1.6 4.918 11.4 -1.783 12.918 11.4 -1.783 20.918 11.4 -1.783 28.918 11.4 -1.783 5.697 11.4 -2.303 13.697 11.4 -2.303 21.697 11.4 -2.303 29.697 11.4 -2.303 6.217 11.4 -3.082 14.217 11.4 -3.082 22.217 11.4 -3.082 30.217 11.4 -3.082 6.4 11.4 -4 14.4 11.4 -4 22.4 11.4 -4 30.4 11.4 -4 6.217 11.4 -4.918 14.217 11.4 -4.918 22.217 11.4 -4.918 30.217 11.4 -4.918 5.697 11.4 -5.697 13.697 11.4 -5.697 21.697 11.4 -5.697 29.697 11.4 -5.697 4.918 11.4 -6.217 12.918 11.4 -6.217 20.918 11.4 -6.217 28.918 11.4 -6.217 4 11.4 -6.4 12 11.4 -6.4 20 11.4 -6.4 28 11.4 -6.4 3.082 11.4 -6.217 11.082 11.4 -6.217 19.082 11.4 -6.217 27.082 11.4 -6.217 2.303 11.4 -5.697 10.303 11.4 -5.697 18.303 11.4 -5.697 26.303 11.4 -5.697 1.783 11.4 -4.918 9.783 11.4 -4.918 17.783 11.4 -4.918 25.783 11.4 -4.918 1.6 11.4 -4 9.6 11.4 -4 17.6 11.4 -4 25.6 11.4 -4 1.783 11.4 -3.082 9.783 11.4 -3.082 17.783 11.4 -3.082 25.783 11.4 -3.082 2.303 11.4 -2.303 10.303 11.4 -2.303 18.303 11.4 -2.303 26.303 11.4 -2.303 3.082 11.4 -1.783 11.082 11.4 -1.783 19.082 11.4 -1.783 27.082 11.4 -1.783 3.082 9.58 -1.783 11.082 9.58 -1.783 19.082 9.58 -1.783 27.082 9.58 -1.783 2.303 9.58 -2.303 10.303 9.58 -2.303 18.303 9.58 -2.303 26.303 9.58 -2.303 1.783 9.58 -3.082 9.783 9.58 -3.082 17.783 9.58 -3.082 25.783 9.58 -3.082 1.6 9.58 -4 9.6 9.58 -4 17.6 9.58 -4 25.6 9.58 -4 1.783 9.58 -4.918 9.783 9.58 -4.918 17.783 9.58 -4.918 25.783 9.58 -4.918 2.303 9.58 -5.697 10.303 9.58 -5.697 18.303 9.58 -5.697 26.303 9.58 -5.697 3.082 9.58 -6.217 11.082 9.58 -6.217 19.082 9.58 -6.217 27.082 9.58 -6.217 4 9.58 -6.4 12 9.58 -6.4 20 9.58 -6.4 28 9.58 -6.4 4.918 9.58 -6.217 12.918 9.58 -6.217 20.918 9.58 -6.217 28.918 9.58 -6.217 5.697 9.58 -5.697 13.697 9.58 -5.697 21.697 9.58 -5.697 29.697 9.58 -5.697 6.217 9.58 -4.918 14.217 9.58 -4.918 22.217 9.58 -4.918 30.217 9.58 -4.918 6.4 9.58 -4 14.4 9.58 -4 22.4 9.58 -4 30.4 9.58 -4 6.217 9.58 -3.082 14.217 9.58 -3.082 22.217 9.58 -3.082 30.217 9.58 -3.082 5.697 9.58 -2.303 13.697 9.58 -2.303 21.697 9.58 -2.303 29.697 9.58 -2.303 4.918 9.58 -1.783 12.918 9.58 -1.783 20.918 9.58 -1.783 28.918 9.58 -1.783 4 9.58 -1.6 12 9.58 -1.6 20 9.58 -1.6 28 9.58 -1.6 30.4 8.6 0 30.4 0.02 0 31.96 9.58 0 31.96 0.02 0 -2.298 8.6 -2.298 -4.5 8.6 -1.6 -3.5 8.6 -1.6 -3.002 0.15 -1.243 -2.4 8.6 0 -2.217 8.6 -0.918 -2.217 0.15 -0.918 -2.4 0.15 0 -3.151 0.15 -0.5 -4.5 8.6 -0.5 -3.5 8.6 -0.5 -4.5 0.15 -1.6 -3.5 0.15 -1.6 -3.5 0.15 -0.5 -4.5 0.15 -0.5 -3.151 8.6 -0.5 -3.002 8.6 -1.243 -2.298 0.15 -2.298 -1.243 0.15 -3.002 0 8.6 -2.4 -1.697 8.6 -1.697 -0.918 8.6 -2.217 -0.918 0.15 -2.217 -1.697 0.15 -1.697 0 0.15 -2.4 -0.5 0.15 -3.151 -0.5 0.15 -4.5 -0.5 0.15 -3.5 -1.6 0.15 -3.5 -1.6 0.15 -4.5 -1.6 8.6 -4.5 -1.6 8.6 -3.5 -0.5 8.6 -3.5 -0.5 8.6 -4.5 -0.5 8.6 -3.151 -1.243 8.6 -3.002 -13.702 8.6 -2.298 -18.298 8.6 -2.298 -20.5 8.6 -1.6 -19.5 8.6 -1.6 -19.002 0.15 -1.243 -18.4 8.6 0 -18.217 8.6 -0.918 -18.217 0.15 -0.918 -18.4 0.15 0 -19.151 0.15 -0.5 -20.5 8.6 -0.5 -19.5 8.6 -0.5 -20.5 0.15 -1.6 -19.5 0.15 -1.6 -19.5 0.15 -0.5 -20.5 0.15 -0.5 -19.151 8.6 -0.5 -19.002 8.6 -1.243 -14.4 8.6 -4.5 -14.4 8.6 -3.5 -14.757 0.15 -3.002 -13.702 0.15 -2.298 -18.298 0.15 -2.298 -17.243 0.15 -3.002 -16 8.6 -2.4 -15.082 8.6 -2.217 -14.303 8.6 -1.697 -17.697 8.6 -1.697 -16.918 8.6 -2.217 -16.918 0.15 -2.217 -17.697 0.15 -1.697 -14.303 0.15 -1.697 -15.082 0.15 -2.217 -16 0.15 -2.4 -16.5 0.15 -3.151 -15.5 0.15 -3.151 -15.5 8.6 -4.5 -16.5 0.15 -8 -15.5 0.15 -8 -15.5 8.6 -3.5 -16.5 0.15 -4.5 -16.5 0.15 -3.5 -17.6 0.15 -3.5 -17.6 0.15 -4.5 -14.4 0.15 -4.5 -14.4 0.15 -3.5 -15.5 0.15 -3.5 -15.5 0.15 -4.5 -17.6 8.6 -4.5 -17.6 8.6 -3.5 -16.5 8.6 -3.5 -16.5 8.6 -4.5 -15.5 8.6 -8 -16.5 8.6 -8 -15.5 8.6 -3.151 -16.5 8.6 -3.151 -17.243 8.6 -3.002 -14.757 8.6 -3.002 -12.998 0.15 -1.243 -13.6 8.6 0 -13.783 8.6 -0.918 -13.783 0.15 -0.918 -13.6 0.15 0 -12.849 0.15 -0.5 -11.5 0.15 -0.5 -12.5 0.15 -0.5 -12.5 0.15 -1.6 -11.5 0.15 -1.6 -11.5 8.6 -1.6 -12.5 8.6 -1.6 -12.5 8.6 -0.5 -11.5 8.6 -0.5 -12.849 8.6 -0.5 -12.998 8.6 -1.243 -30.4 0.15 -0.5 -27.5 0.15 -0.5 -28.5 0.15 -0.5 -28.5 0.15 -1.6 -27.5 0.15 -1.6 -27.5 8.6 -1.6 -28.5 8.6 -1.6 -28.5 8.6 -0.5 -27.5 8.6 -0.5 -30.4 8.6 -0.5 -1.243 8.6 -12.998 -0.5 8.6 -12.849 -0.5 0.15 -11.5 -0.5 0.15 -12.5 -1.6 0.15 -12.5 -1.6 0.15 -11.5 -0.5 8.6 -12.5 -0.5 8.6 -11.5 -0.5 0.15 -12.849 0 0.15 -13.6 -0.918 0.15 -13.783 -2.298 8.6 -18.298 -2.298 8.6 -13.702 -4.5 8.6 -17.6 -3.5 8.6 -17.6 -3.002 0.15 -17.243 -2.298 0.15 -13.702 -3.002 0.15 -14.757 -2.4 8.6 -16 -2.217 8.6 -16.918 -1.697 8.6 -14.303 -2.217 8.6 -15.082 -2.217 0.15 -15.082 -1.697 0.15 -14.303 -2.217 0.15 -16.918 -2.4 0.15 -16 -3.151 0.15 -15.5 -3.151 0.15 -16.5 -0.918 8.6 -13.783 0 8.6 -13.6 -4.5 8.6 -16.5 -3.5 8.6 -16.5 -4.5 0.15 -15.5 -3.5 0.15 -15.5 -3.5 0.15 -14.4 -4.5 0.15 -14.4 -4.5 0.15 -17.6 -3.5 0.15 -17.6 -3.5 0.15 -16.5 -1.243 0.15 -12.998 -1.6 8.6 -12.5 -1.6 8.6 -11.5 -4.5 0.15 -16.5 -4.5 8.6 -14.4 -3.5 8.6 -14.4 -3.5 8.6 -15.5 -4.5 8.6 -15.5 -3.151 8.6 -16.5 -3.151 8.6 -15.5 -3.002 8.6 -14.757 -3.002 8.6 -17.243 -2.298 0.15 -18.298 -1.243 0.15 -19.002 0 8.6 -18.4 -1.697 8.6 -17.697 -0.918 8.6 -18.217 -0.918 0.15 -18.217 -1.697 0.15 -17.697 0 0.15 -18.4 -0.5 0.15 -19.151 -0.5 0.15 -20.5 -0.5 0.15 -19.5 -1.6 0.15 -19.5 -1.6 0.15 -20.5 -1.6 8.6 -20.5 -1.6 8.6 -19.5 -0.5 8.6 -19.5 -0.5 8.6 -20.5 -0.5 8.6 -19.151 -1.243 8.6 -19.002 -17.243 8.6 -12.998 -14.757 8.6 -12.998 -15.5 8.6 -12.849 -16.5 8.6 -12.849 -15.5 8.6 -11.5 -15.5 8.6 -12.5 -14.4 8.6 -12.5 -14.4 8.6 -11.5 -16.5 0.15 -11.5 -16.5 0.15 -12.5 -17.6 0.15 -12.5 -17.6 0.15 -11.5 -14.4 0.15 -11.5 -14.4 0.15 -12.5 -15.5 0.15 -12.5 -15.5 0.15 -11.5 -16.5 8.6 -12.5 -16.5 8.6 -11.5 -16.5 0.15 -12.849 -15.5 0.15 -12.849 -16 0.15 -13.6 -16.918 0.15 -13.783 -13.702 8.6 -18.298 -18.298 8.6 -18.298 -18.298 8.6 -13.702 -20.5 8.6 -17.6 -19.5 8.6 -17.6 -19.002 0.15 -17.243 -18.298 0.15 -13.702 -19.002 0.15 -14.757 -18.4 8.6 -16 -15.082 0.15 -13.783 -15.082 8.6 -13.783 -18.217 8.6 -16.918 -17.697 8.6 -14.303 -18.217 8.6 -15.082 -18.217 0.15 -15.082 -17.697 0.15 -14.303 -18.217 0.15 -16.918 -18.4 0.15 -16 -19.151 0.15 -15.5 -19.151 0.15 -16.5 -16.918 8.6 -13.783 -16 8.6 -13.6 -14.757 0.15 -12.998 -20.5 8.6 -16.5 -19.5 8.6 -16.5 -20.5 0.15 -15.5 -19.5 0.15 -15.5 -19.5 0.15 -14.4 -20.5 0.15 -14.4 -20.5 0.15 -17.6 -19.5 0.15 -17.6 -19.5 0.15 -16.5 -17.243 0.15 -12.998 -17.6 8.6 -12.5 -17.6 8.6 -11.5 -20.5 0.15 -16.5 -20.5 8.6 -14.4 -19.5 8.6 -14.4 -19.5 8.6 -15.5 -20.5 8.6 -15.5 -19.151 8.6 -16.5 -19.151 8.6 -15.5 -19.002 8.6 -14.757 -19.002 8.6 -17.243 -14.4 8.6 -20.5 -14.4 8.6 -19.5 -14.757 0.15 -19.002 -13.702 0.15 -18.298 -18.298 0.15 -18.298 -17.243 0.15 -19.002 -16 8.6 -18.4 -15.082 8.6 -18.217 -14.303 8.6 -17.697 -17.697 8.6 -17.697 -16.918 8.6 -18.217 -16.918 0.15 -18.217 -17.697 0.15 -17.697 -14.303 0.15 -17.697 -15.082 0.15 -18.217 -16 0.15 -18.4 -16.5 0.15 -19.151 -15.5 0.15 -19.151 -15.5 8.6 -20.5 -15.5 8.6 -19.5 -16.5 0.15 -20.5 -16.5 0.15 -19.5 -17.6 0.15 -19.5 -17.6 0.15 -20.5 -14.4 0.15 -20.5 -14.4 0.15 -19.5 -15.5 0.15 -19.5 -15.5 0.15 -20.5 -17.6 8.6 -20.5 -17.6 8.6 -19.5 -16.5 8.6 -19.5 -16.5 8.6 -20.5 -15.5 8.6 -19.151 -16.5 8.6 -19.151 -17.243 8.6 -19.002 -14.757 8.6 -19.002 -13.702 8.6 -13.702 -11.5 8.6 -14.4 -12.5 8.6 -14.4 -12.998 0.15 -14.757 -13.702 0.15 -13.702 -12.998 0.15 -17.243 -13.6 8.6 -16 -13.783 8.6 -15.082 -14.303 8.6 -14.303 -13.783 8.6 -16.918 -13.783 0.15 -16.918 -14.303 0.15 -14.303 -13.783 0.15 -15.082 -13.6 0.15 -16 -12.849 0.15 -16.5 -12.849 0.15 -15.5 -11.5 8.6 -15.5 -12.5 8.6 -15.5 -11.5 0.15 -16.5 -12.5 0.15 -16.5 -12.5 0.15 -17.6 -11.5 0.15 -17.6 -11.5 0.15 -14.4 -12.5 0.15 -14.4 -12.5 0.15 -15.5 -11.5 0.15 -15.5 -11.5 8.6 -17.6 -12.5 8.6 -17.6 -12.5 8.6 -16.5 -11.5 8.6 -16.5 -12.849 8.6 -15.5 -12.849 8.6 -16.5 -12.998 8.6 -17.243 -12.998 8.6 -14.757 -27.5 8.6 -14.4 -28.5 8.6 -14.4 -30.4 0.15 -16.5 -30.4 0.15 -15.5 -27.5 8.6 -15.5 -28.5 8.6 -15.5 -27.5 0.15 -16.5 -28.5 0.15 -16.5 -28.5 0.15 -17.6 -27.5 0.15 -17.6 -27.5 0.15 -14.4 -28.5 0.15 -14.4 -28.5 0.15 -15.5 -27.5 0.15 -15.5 -27.5 8.6 -17.6 -28.5 8.6 -17.6 -28.5 8.6 -16.5 -27.5 8.6 -16.5 -30.4 8.6 -15.5 -30.4 8.6 -16.5 -0.5 8.6 -30.4 -0.5 0.15 -27.5 -0.5 0.15 -28.5 -1.6 0.15 -28.5 -1.6 0.15 -27.5 -0.5 8.6 -28.5 -0.5 8.6 -27.5 -0.5 0.15 -30.4 -1.6 8.6 -28.5 -1.6 8.6 -27.5 -15.5 8.6 -30.4 -16.5 8.6 -30.4 -15.5 8.6 -27.5 -15.5 8.6 -28.5 -14.4 8.6 -28.5 -14.4 8.6 -27.5 -16.5 0.15 -27.5 -16.5 0.15 -28.5 -17.6 0.15 -28.5 -17.6 0.15 -27.5 -14.4 0.15 -27.5 -14.4 0.15 -28.5 -15.5 0.15 -28.5 -15.5 0.15 -27.5 -16.5 8.6 -28.5 -16.5 8.6 -27.5 -16.5 0.15 -30.4 -15.5 0.15 -30.4 -17.6 8.6 -28.5 -17.6 8.6 -27.5 -27.5 0.15 0 -28.5 0.15 0 -30.4 0.15 0 -20.5 0.15 0 -19.5 0.15 0 -19.151 0.15 0 -11.5 0.15 0 -12.5 0.15 0 -12.849 0.15 0 -4.5 0.15 0 -3.5 0.15 0 -3.151 0.15 0 0 0.15 -11.5 0 0.15 -12.5 0 0.15 -12.849 0 0.15 -4.5 0 0.15 -3.5 0 0.15 -3.151 0 0.15 -27.5 0 0.15 -28.5 0 0.15 -30.4 0 0.15 -20.5 0 0.15 -19.5 0 0.15 -19.151 -6.757 8.6 -4.998 -5.702 8.6 -5.702 -4.998 8.6 -6.757 -4.751 8.6 -8 -4.998 8.6 -9.243 -5.702 8.6 -10.298 -6.757 8.6 -11.002 -8 8.6 -11.249 -9.243 8.6 -11.002 -10.298 8.6 -10.298 -11.002 8.6 -9.243 -11.249 8.6 -8 -11.002 8.6 -6.757 -10.298 8.6 -5.702 -9.243 8.6 -4.998 -8 8.6 -4.751 -8 0.15 -4.751 -9.243 0.15 -4.998 -10.298 0.15 -5.702 -11.002 0.15 -6.757 -11.249 0.15 -8 -11.002 0.15 -9.243 -10.298 0.15 -10.298 -9.243 0.15 -11.002 -8 0.15 -11.249 -6.757 0.15 -11.002 -5.702 0.15 -10.298 -4.998 0.15 -9.243 -4.751 0.15 -8 -4.998 0.15 -6.757 -5.702 0.15 -5.702 -6.757 0.15 -4.998 -8 8.6 -5.6 -8.918 8.6 -5.783 -9.697 8.6 -6.303 -10.217 8.6 -7.082 -10.4 8.6 -8 -10.217 8.6 -8.918 -9.697 8.6 -9.697 -8.918 8.6 -10.217 -8 8.6 -10.4 -7.082 8.6 -10.217 -6.303 8.6 -9.697 -5.783 8.6 -8.918 -5.6 8.6 -8 -5.783 8.6 -7.082 -6.303 8.6 -6.303 -7.082 8.6 -5.783 -7.082 0.15 -5.783 -6.303 0.15 -6.303 -5.783 0.15 -7.082 -5.6 0.15 -8 -5.783 0.15 -8.918 -6.303 0.15 -9.697 -7.082 0.15 -10.217 -8 0.15 -10.4 -8.918 0.15 -10.217 -9.697 0.15 -9.697 -10.217 0.15 -8.918 -10.4 0.15 -8 -10.217 0.15 -7.082 -9.697 0.15 -6.303 -8.918 0.15 -5.783 -8 0.15 -5.6 -22.757 8.6 -4.998 -21.702 8.6 -5.702 -20.998 8.6 -6.757 -20.751 8.6 -8 -20.998 8.6 -9.243 -21.702 8.6 -10.298 -22.757 8.6 -11.002 -24 8.6 -11.249 -25.243 8.6 -11.002 -26.298 8.6 -10.298 -27.002 8.6 -9.243 -27.249 8.6 -8 -27.002 8.6 -6.757 -26.298 8.6 -5.702 -25.243 8.6 -4.998 -24 8.6 -4.751 -24 0.15 -4.751 -25.243 0.15 -4.998 -26.298 0.15 -5.702 -27.002 0.15 -6.757 -27.249 0.15 -8 -27.002 0.15 -9.243 -26.298 0.15 -10.298 -25.243 0.15 -11.002 -24 0.15 -11.249 -22.757 0.15 -11.002 -21.702 0.15 -10.298 -20.998 0.15 -9.243 -20.751 0.15 -8 -20.998 0.15 -6.757 -21.702 0.15 -5.702 -22.757 0.15 -4.998 -24 8.6 -5.6 -24.918 8.6 -5.783 -25.697 8.6 -6.303 -26.217 8.6 -7.082 -26.4 8.6 -8 -26.217 8.6 -8.918 -25.697 8.6 -9.697 -24.918 8.6 -10.217 -24 8.6 -10.4 -23.082 8.6 -10.217 -22.303 8.6 -9.697 -21.783 8.6 -8.918 -21.6 8.6 -8 -21.783 8.6 -7.082 -22.303 8.6 -6.303 -23.082 8.6 -5.783 -23.082 0.15 -5.783 -22.303 0.15 -6.303 -21.783 0.15 -7.082 -21.6 0.15 -8 -21.783 0.15 -8.918 -22.303 0.15 -9.697 -23.082 0.15 -10.217 -24 0.15 -10.4 -24.918 0.15 -10.217 -25.697 0.15 -9.697 -26.217 0.15 -8.918 -26.4 0.15 -8 -26.217 0.15 -7.082 -25.697 0.15 -6.303 -24.918 0.15 -5.783 -24 0.15 -5.6 -6.757 8.6 -20.998 -5.702 8.6 -21.702 -4.998 8.6 -22.757 -4.751 8.6 -24 -4.998 8.6 -25.243 -5.702 8.6 -26.298 -6.757 8.6 -27.002 -8 8.6 -27.249 -9.243 8.6 -27.002 -10.298 8.6 -26.298 -11.002 8.6 -25.243 -11.249 8.6 -24 -11.002 8.6 -22.757 -10.298 8.6 -21.702 -9.243 8.6 -20.998 -8 8.6 -20.751 -8 0.15 -20.751 -9.243 0.15 -20.998 -10.298 0.15 -21.702 -11.002 0.15 -22.757 -11.249 0.15 -24 -11.002 0.15 -25.243 -10.298 0.15 -26.298 -9.243 0.15 -27.002 -8 0.15 -27.249 -6.757 0.15 -27.002 -5.702 0.15 -26.298 -4.998 0.15 -25.243 -4.751 0.15 -24 -4.998 0.15 -22.757 -5.702 0.15 -21.702 -6.757 0.15 -20.998 -8 8.6 -21.6 -8.918 8.6 -21.783 -9.697 8.6 -22.303 -10.217 8.6 -23.082 -10.4 8.6 -24 -10.217 8.6 -24.918 -9.697 8.6 -25.697 -8.918 8.6 -26.217 -8 8.6 -26.4 -7.082 8.6 -26.217 -6.303 8.6 -25.697 -5.783 8.6 -24.918 -5.6 8.6 -24 -5.783 8.6 -23.082 -6.303 8.6 -22.303 -7.082 8.6 -21.783 -7.082 0.15 -21.783 -6.303 0.15 -22.303 -5.783 0.15 -23.082 -5.6 0.15 -24 -5.783 0.15 -24.918 -6.303 0.15 -25.697 -7.082 0.15 -26.217 -8 0.15 -26.4 -8.918 0.15 -26.217 -9.697 0.15 -25.697 -10.217 0.15 -24.918 -10.4 0.15 -24 -10.217 0.15 -23.082 -9.697 0.15 -22.303 -8.918 0.15 -21.783 -8 0.15 -21.6 -22.757 8.6 -20.998 -21.702 8.6 -21.702 -20.998 8.6 -22.757 -20.751 8.6 -24 -20.998 8.6 -25.243 -21.702 8.6 -26.298 -22.757 8.6 -27.002 -24 8.6 -27.249 -25.243 8.6 -27.002 -26.298 8.6 -26.298 -27.002 8.6 -25.243 -27.249 8.6 -24 -27.002 8.6 -22.757 -26.298 8.6 -21.702 -25.243 8.6 -20.998 -24 8.6 -20.751 -24 0.15 -20.751 -25.243 0.15 -20.998 -26.298 0.15 -21.702 -27.002 0.15 -22.757 -27.249 0.15 -24 -27.002 0.15 -25.243 -26.298 0.15 -26.298 -25.243 0.15 -27.002 -24 0.15 -27.249 -22.757 0.15 -27.002 -21.702 0.15 -26.298 -20.998 0.15 -25.243 -20.751 0.15 -24 -20.998 0.15 -22.757 -21.702 0.15 -21.702 -22.757 0.15 -20.998 -24 8.6 -21.6 -24.918 8.6 -21.783 -25.697 8.6 -22.303 -26.217 8.6 -23.082 -26.4 8.6 -24 -26.217 8.6 -24.918 -25.697 8.6 -25.697 -24.918 8.6 -26.217 -24 8.6 -26.4 -23.082 8.6 -26.217 -22.303 8.6 -25.697 -21.783 8.6 -24.918 -21.6 8.6 -24 -21.783 8.6 -23.082 -22.303 8.6 -22.303 -23.082 8.6 -21.783 -23.082 0.15 -21.783 -22.303 0.15 -22.303 -21.783 0.15 -23.082 -21.6 0.15 -24 -21.783 0.15 -24.918 -22.303 0.15 -25.697 -23.082 0.15 -26.217 -24 0.15 -26.4 -24.918 0.15 -26.217 -25.697 0.15 -25.697 -26.217 0.15 -24.918 -26.4 0.15 -24 -26.217 0.15 -23.082 -25.697 0.15 -22.303 -24.918 0.15 -21.783 -24 0.15 -21.6 -31.96 0.02 -31.96 -31.96 9.58 -31.96 -30.4 0.02 -30.4 -30.4 8.6 -30.4 -28 11.4 -28 -20 11.4 -28 -12 11.4 -28 -4 11.4 -28 -28 11.4 -25.6 -20 11.4 -25.6 -12 11.4 -25.6 -4 11.4 -25.6 -28.918 11.4 -25.783 -20.918 11.4 -25.783 -12.918 11.4 -25.783 -4.918 11.4 -25.783 -29.697 11.4 -26.303 -21.697 11.4 -26.303 -13.697 11.4 -26.303 -5.697 11.4 -26.303 -30.217 11.4 -27.082 -22.217 11.4 -27.082 -14.217 11.4 -27.082 -6.217 11.4 -27.082 -30.4 11.4 -28 -22.4 11.4 -28 -14.4 11.4 -28 -6.4 11.4 -28 -30.217 11.4 -28.918 -22.217 11.4 -28.918 -14.217 11.4 -28.918 -6.217 11.4 -28.918 -29.697 11.4 -29.697 -21.697 11.4 -29.697 -13.697 11.4 -29.697 -5.697 11.4 -29.697 -28.918 11.4 -30.217 -20.918 11.4 -30.217 -12.918 11.4 -30.217 -4.918 11.4 -30.217 -28 11.4 -30.4 -20 11.4 -30.4 -12 11.4 -30.4 -4 11.4 -30.4 -27.082 11.4 -30.217 -19.082 11.4 -30.217 -11.082 11.4 -30.217 -3.082 11.4 -30.217 -26.303 11.4 -29.697 -18.303 11.4 -29.697 -10.303 11.4 -29.697 -2.303 11.4 -29.697 -25.783 11.4 -28.918 -17.783 11.4 -28.918 -9.783 11.4 -28.918 -1.783 11.4 -28.918 -25.6 11.4 -28 -17.6 11.4 -28 -9.6 11.4 -28 -1.6 11.4 -28 -25.783 11.4 -27.082 -17.783 11.4 -27.082 -9.783 11.4 -27.082 -1.783 11.4 -27.082 -26.303 11.4 -26.303 -18.303 11.4 -26.303 -10.303 11.4 -26.303 -2.303 11.4 -26.303 -27.082 11.4 -25.783 -19.082 11.4 -25.783 -11.082 11.4 -25.783 -3.082 11.4 -25.783 -27.082 9.58 -25.783 -19.082 9.58 -25.783 -11.082 9.58 -25.783 -3.082 9.58 -25.783 -26.303 9.58 -26.303 -18.303 9.58 -26.303 -10.303 9.58 -26.303 -2.303 9.58 -26.303 -25.783 9.58 -27.082 -17.783 9.58 -27.082 -9.783 9.58 -27.082 -1.783 9.58 -27.082 -25.6 9.58 -28 -17.6 9.58 -28 -9.6 9.58 -28 -1.6 9.58 -28 -25.783 9.58 -28.918 -17.783 9.58 -28.918 -9.783 9.58 -28.918 -1.783 9.58 -28.918 -26.303 9.58 -29.697 -18.303 9.58 -29.697 -10.303 9.58 -29.697 -2.303 9.58 -29.697 -27.082 9.58 -30.217 -19.082 9.58 -30.217 -11.082 9.58 -30.217 -3.082 9.58 -30.217 -28 9.58 -30.4 -20 9.58 -30.4 -12 9.58 -30.4 -4 9.58 -30.4 -28.918 9.58 -30.217 -20.918 9.58 -30.217 -12.918 9.58 -30.217 -4.918 9.58 -30.217 -29.697 9.58 -29.697 -21.697 9.58 -29.697 -13.697 9.58 -29.697 -5.697 9.58 -29.697 -30.217 9.58 -28.918 -22.217 9.58 -28.918 -14.217 9.58 -28.918 -6.217 9.58 -28.918 -30.4 9.58 -28 -22.4 9.58 -28 -14.4 9.58 -28 -6.4 9.58 -28 -30.217 9.58 -27.082 -22.217 9.58 -27.082 -14.217 9.58 -27.082 -6.217 9.58 -27.082 -29.697 9.58 -26.303 -21.697 9.58 -26.303 -13.697 9.58 -26.303 -5.697 9.58 -26.303 -28.918 9.58 -25.783 -20.918 9.58 -25.783 -12.918 9.58 -25.783 -4.918 9.58 -25.783 -28 9.58 -25.6 -20 9.58 -25.6 -12 9.58 -25.6 -4 9.58 -25.6 -28 9.58 -17.6 -20 9.58 -17.6 -12 9.58 -17.6 -4 9.58 -17.6 -28.918 9.58 -17.783 -20.918 9.58 -17.783 -12.918 9.58 -17.783 -4.918 9.58 -17.783 -29.697 9.58 -18.303 -21.697 9.58 -18.303 -13.697 9.58 -18.303 -5.697 9.58 -18.303 -30.217 9.58 -19.082 -22.217 9.58 -19.082 -14.217 9.58 -19.082 -6.217 9.58 -19.082 -30.4 9.58 -20 -22.4 9.58 -20 -14.4 9.58 -20 -6.4 9.58 -20 -30.217 9.58 -20.918 -22.217 9.58 -20.918 -14.217 9.58 -20.918 -6.217 9.58 -20.918 -29.697 9.58 -21.697 -21.697 9.58 -21.697 -13.697 9.58 -21.697 -5.697 9.58 -21.697 -28.918 9.58 -22.217 -20.918 9.58 -22.217 -12.918 9.58 -22.217 -4.918 9.58 -22.217 -28 9.58 -22.4 -20 9.58 -22.4 -12 9.58 -22.4 -4 9.58 -22.4 -27.082 9.58 -22.217 -19.082 9.58 -22.217 -11.082 9.58 -22.217 -3.082 9.58 -22.217 -26.303 9.58 -21.697 -18.303 9.58 -21.697 -10.303 9.58 -21.697 -2.303 9.58 -21.697 -25.783 9.58 -20.918 -17.783 9.58 -20.918 -9.783 9.58 -20.918 -1.783 9.58 -20.918 -25.6 9.58 -20 -17.6 9.58 -20 -9.6 9.58 -20 -1.6 9.58 -20 -25.783 9.58 -19.082 -17.783 9.58 -19.082 -9.783 9.58 -19.082 -1.783 9.58 -19.082 -26.303 9.58 -18.303 -18.303 9.58 -18.303 -10.303 9.58 -18.303 -2.303 9.58 -18.303 -27.082 9.58 -17.783 -19.082 9.58 -17.783 -11.082 9.58 -17.783 -3.082 9.58 -17.783 -27.082 11.4 -17.783 -19.082 11.4 -17.783 -11.082 11.4 -17.783 -3.082 11.4 -17.783 -26.303 11.4 -18.303 -18.303 11.4 -18.303 -10.303 11.4 -18.303 -2.303 11.4 -18.303 -25.783 11.4 -19.082 -17.783 11.4 -19.082 -9.783 11.4 -19.082 -1.783 11.4 -19.082 -25.6 11.4 -20 -17.6 11.4 -20 -9.6 11.4 -20 -1.6 11.4 -20 -25.783 11.4 -20.918 -17.783 11.4 -20.918 -9.783 11.4 -20.918 -1.783 11.4 -20.918 -26.303 11.4 -21.697 -18.303 11.4 -21.697 -10.303 11.4 -21.697 -2.303 11.4 -21.697 -27.082 11.4 -22.217 -19.082 11.4 -22.217 -11.082 11.4 -22.217 -3.082 11.4 -22.217 -28 11.4 -22.4 -20 11.4 -22.4 -12 11.4 -22.4 -4 11.4 -22.4 -28.918 11.4 -22.217 -20.918 11.4 -22.217 -12.918 11.4 -22.217 -4.918 11.4 -22.217 -29.697 11.4 -21.697 -21.697 11.4 -21.697 -13.697 11.4 -21.697 -5.697 11.4 -21.697 -30.217 11.4 -20.918 -22.217 11.4 -20.918 -14.217 11.4 -20.918 -6.217 11.4 -20.918 -30.4 11.4 -20 -22.4 11.4 -20 -14.4 11.4 -20 -6.4 11.4 -20 -30.217 11.4 -19.082 -22.217 11.4 -19.082 -14.217 11.4 -19.082 -6.217 11.4 -19.082 -29.697 11.4 -18.303 -21.697 11.4 -18.303 -13.697 11.4 -18.303 -5.697 11.4 -18.303 -28.918 11.4 -17.783 -20.918 11.4 -17.783 -12.918 11.4 -17.783 -4.918 11.4 -17.783 -28 11.4 -17.6 -20 11.4 -17.6 -12 11.4 -17.6 -4 11.4 -17.6 -28 11.4 -20 -20 11.4 -20 -12 11.4 -20 -4 11.4 -20 -28 9.58 -9.6 -20 9.58 -9.6 -12 9.58 -9.6 -4 9.58 -9.6 -28.918 9.58 -9.783 -20.918 9.58 -9.783 -12.918 9.58 -9.783 -4.918 9.58 -9.783 -29.697 9.58 -10.303 -21.697 9.58 -10.303 -13.697 9.58 -10.303 -5.697 9.58 -10.303 -30.217 9.58 -11.082 -22.217 9.58 -11.082 -14.217 9.58 -11.082 -6.217 9.58 -11.082 -30.4 9.58 -12 -22.4 9.58 -12 -14.4 9.58 -12 -6.4 9.58 -12 -30.217 9.58 -12.918 -22.217 9.58 -12.918 -14.217 9.58 -12.918 -6.217 9.58 -12.918 -29.697 9.58 -13.697 -21.697 9.58 -13.697 -13.697 9.58 -13.697 -5.697 9.58 -13.697 -28.918 9.58 -14.217 -20.918 9.58 -14.217 -12.918 9.58 -14.217 -4.918 9.58 -14.217 -28 9.58 -14.4 -20 9.58 -14.4 -12 9.58 -14.4 -4 9.58 -14.4 -27.082 9.58 -14.217 -19.082 9.58 -14.217 -11.082 9.58 -14.217 -3.082 9.58 -14.217 -26.303 9.58 -13.697 -18.303 9.58 -13.697 -10.303 9.58 -13.697 -2.303 9.58 -13.697 -25.783 9.58 -12.918 -17.783 9.58 -12.918 -9.783 9.58 -12.918 -1.783 9.58 -12.918 -25.6 9.58 -12 -17.6 9.58 -12 -9.6 9.58 -12 -1.6 9.58 -12 -25.783 9.58 -11.082 -17.783 9.58 -11.082 -9.783 9.58 -11.082 -1.783 9.58 -11.082 -26.303 9.58 -10.303 -18.303 9.58 -10.303 -10.303 9.58 -10.303 -2.303 9.58 -10.303 -27.082 9.58 -9.783 -19.082 9.58 -9.783 -11.082 9.58 -9.783 -3.082 9.58 -9.783 -27.082 11.4 -9.783 -19.082 11.4 -9.783 -11.082 11.4 -9.783 -3.082 11.4 -9.783 -26.303 11.4 -10.303 -18.303 11.4 -10.303 -10.303 11.4 -10.303 -2.303 11.4 -10.303 -25.783 11.4 -11.082 -17.783 11.4 -11.082 -9.783 11.4 -11.082 -1.783 11.4 -11.082 -25.6 11.4 -12 -17.6 11.4 -12 -9.6 11.4 -12 -1.6 11.4 -12 -25.783 11.4 -12.918 -17.783 11.4 -12.918 -9.783 11.4 -12.918 -1.783 11.4 -12.918 -26.303 11.4 -13.697 -18.303 11.4 -13.697 -10.303 11.4 -13.697 -2.303 11.4 -13.697 -27.082 11.4 -14.217 -19.082 11.4 -14.217 -11.082 11.4 -14.217 -3.082 11.4 -14.217 -28 11.4 -14.4 -20 11.4 -14.4 -12 11.4 -14.4 -4 11.4 -14.4 -28.918 11.4 -14.217 -20.918 11.4 -14.217 -12.918 11.4 -14.217 -4.918 11.4 -14.217 -29.697 11.4 -13.697 -21.697 11.4 -13.697 -13.697 11.4 -13.697 -5.697 11.4 -13.697 -30.217 11.4 -12.918 -22.217 11.4 -12.918 -14.217 11.4 -12.918 -6.217 11.4 -12.918 -30.4 11.4 -12 -22.4 11.4 -12 -14.4 11.4 -12 -6.4 11.4 -12 -30.217 11.4 -11.082 -22.217 11.4 -11.082 -14.217 11.4 -11.082 -6.217 11.4 -11.082 -29.697 11.4 -10.303 -21.697 11.4 -10.303 -13.697 11.4 -10.303 -5.697 11.4 -10.303 -28.918 11.4 -9.783 -20.918 11.4 -9.783 -12.918 11.4 -9.783 -4.918 11.4 -9.783 -28 11.4 -9.6 -20 11.4 -9.6 -12 11.4 -9.6 -4 11.4 -9.6 -28 11.4 -12 -20 11.4 -12 -12 11.4 -12 -4 11.4 -12 -4 11.4 -4 -12 11.4 -4 -20 11.4 -4 -28 11.4 -4 -4 11.4 -1.6 -12 11.4 -1.6 -20 11.4 -1.6 -28 11.4 -1.6 -4.918 11.4 -1.783 -12.918 11.4 -1.783 -20.918 11.4 -1.783 -28.918 11.4 -1.783 -5.697 11.4 -2.303 -13.697 11.4 -2.303 -21.697 11.4 -2.303 -29.697 11.4 -2.303 -6.217 11.4 -3.082 -14.217 11.4 -3.082 -22.217 11.4 -3.082 -30.217 11.4 -3.082 -6.4 11.4 -4 -14.4 11.4 -4 -22.4 11.4 -4 -30.4 11.4 -4 -6.217 11.4 -4.918 -14.217 11.4 -4.918 -22.217 11.4 -4.918 -30.217 11.4 -4.918 -5.697 11.4 -5.697 -13.697 11.4 -5.697 -21.697 11.4 -5.697 -29.697 11.4 -5.697 -4.918 11.4 -6.217 -12.918 11.4 -6.217 -20.918 11.4 -6.217 -28.918 11.4 -6.217 -4 11.4 -6.4 -12 11.4 -6.4 -20 11.4 -6.4 -28 11.4 -6.4 -3.082 11.4 -6.217 -11.082 11.4 -6.217 -19.082 11.4 -6.217 -27.082 11.4 -6.217 -2.303 11.4 -5.697 -10.303 11.4 -5.697 -18.303 11.4 -5.697 -26.303 11.4 -5.697 -1.783 11.4 -4.918 -9.783 11.4 -4.918 -17.783 11.4 -4.918 -25.783 11.4 -4.918 -1.6 11.4 -4 -9.6 11.4 -4 -17.6 11.4 -4 -25.6 11.4 -4 -1.783 11.4 -3.082 -9.783 11.4 -3.082 -17.783 11.4 -3.082 -25.783 11.4 -3.082 -2.303 11.4 -2.303 -10.303 11.4 -2.303 -18.303 11.4 -2.303 -26.303 11.4 -2.303 -3.082 11.4 -1.783 -11.082 11.4 -1.783 -19.082 11.4 -1.783 -27.082 11.4 -1.783 -3.082 9.58 -1.783 -11.082 9.58 -1.783 -19.082 9.58 -1.783 -27.082 9.58 -1.783 -2.303 9.58 -2.303 -10.303 9.58 -2.303 -18.303 9.58 -2.303 -26.303 9.58 -2.303 -1.783 9.58 -3.082 -9.783 9.58 -3.082 -17.783 9.58 -3.082 -25.783 9.58 -3.082 -1.6 9.58 -4 -9.6 9.58 -4 -17.6 9.58 -4 -25.6 9.58 -4 -1.783 9.58 -4.918 -9.783 9.58 -4.918 -17.783 9.58 -4.918 -25.783 9.58 -4.918 -2.303 9.58 -5.697 -10.303 9.58 -5.697 -18.303 9.58 -5.697 -26.303 9.58 -5.697 -3.082 9.58 -6.217 -11.082 9.58 -6.217 -19.082 9.58 -6.217 -27.082 9.58 -6.217 -4 9.58 -6.4 -12 9.58 -6.4 -20 9.58 -6.4 -28 9.58 -6.4 -4.918 9.58 -6.217 -12.918 9.58 -6.217 -20.918 9.58 -6.217 -28.918 9.58 -6.217 -5.697 9.58 -5.697 -13.697 9.58 -5.697 -21.697 9.58 -5.697 -29.697 9.58 -5.697 -6.217 9.58 -4.918 -14.217 9.58 -4.918 -22.217 9.58 -4.918 -30.217 9.58 -4.918 -6.4 9.58 -4 -14.4 9.58 -4 -22.4 9.58 -4 -30.4 9.58 -4 -6.217 9.58 -3.082 -14.217 9.58 -3.082 -22.217 9.58 -3.082 -30.217 9.58 -3.082 -5.697 9.58 -2.303 -13.697 9.58 -2.303 -21.697 9.58 -2.303 -29.697 9.58 -2.303 -4.918 9.58 -1.783 -12.918 9.58 -1.783 -20.918 9.58 -1.783 -28.918 9.58 -1.783 -4 9.58 -1.6 -12 9.58 -1.6 -20 9.58 -1.6 -28 9.58 -1.6 -30.4 8.6 0 -30.4 0.02 0 -31.96 9.58 0 -31.96 0.02 0 0 0.02 -31.96 0 9.58 -31.96 0 0.02 -30.4 0 8.6 -30.4 0 8.6 0 0 9.58 0 1.697 0.15 1.697 0.918 0.15 2.217 2.4 0.15 0 2.217 0.15 0.918 0 0.15 2.4 3.5 0.15 0.5 3.5 0.15 0.5 3.5 8.6 0.5 3.151 0.15 0.5 3.151 0.15 0.5 3.151 8.6 0.5 4.5 0.15 1.6 4.5 0.15 1.6 4.5 8.6 1.6 3.5 0.15 1.6 3.5 0.15 1.6 4.5 0.15 0.5 4.5 0.15 0.5 4.5 8.6 0.5 3.5 8.6 1.6 3.002 0.15 1.243 1.243 0.15 3.002 0.5 0.15 3.151 0.5 0.15 3.151 0.5 0.15 3.5 0.5 0.15 3.5 2.298 0.15 2.298 0.5 0.15 4.5 0.5 0.15 4.5 1.6 0.15 4.5 1.6 0.15 4.5 0.5 8.6 3.151 1.6 8.6 4.5 1.6 0.15 3.5 1.6 0.15 3.5 1.6 8.6 3.5 0.5 8.6 3.5 0.5 8.6 4.5 17.697 0.15 1.697 16.918 0.15 2.217 18.4 0.15 0 18.217 0.15 0.918 16 0.15 2.4 19.5 0.15 0.5 19.5 0.15 0.5 19.5 8.6 0.5 19.151 0.15 0.5 19.151 0.15 0.5 19.151 8.6 0.5 20.5 0.15 1.6 20.5 0.15 1.6 20.5 8.6 1.6 13.702 0.15 2.298 14.757 0.15 3.002 19.5 0.15 1.6 19.5 0.15 1.6 20.5 0.15 0.5 20.5 0.15 0.5 20.5 8.6 0.5 19.5 8.6 1.6 19.002 0.15 1.243 15.082 0.15 2.217 14.303 0.15 1.697 17.243 0.15 3.002 16.5 0.15 3.151 16.5 0.15 3.151 16.5 0.15 3.5 16.5 0.15 3.5 15.5 0.15 3.5 15.5 0.15 3.5 15.5 8.6 3.5 15.5 0.15 3.151 15.5 0.15 3.151 15.5 8.6 3.151 14.4 0.15 4.5 14.4 0.15 4.5 14.4 8.6 4.5 18.298 0.15 2.298 16.5 0.15 4.5 16.5 0.15 4.5 17.6 0.15 4.5 17.6 0.15 4.5 16.5 8.6 3.151 14.4 0.15 3.5 14.4 0.15 3.5 16.5 0.15 8 15.5 0.15 4.5 15.5 0.15 4.5 15.5 0.15 8 17.6 8.6 4.5 15.5 8.6 4.5 17.6 0.15 3.5 17.6 0.15 3.5 17.6 8.6 3.5 16.5 8.6 3.5 14.4 8.6 3.5 16.5 8.6 4.5 13.6 0.15 0 13.783 0.15 0.918 12.998 0.15 1.243 12.849 0.15 0.5 12.849 0.15 0.5 12.5 0.15 0.5 12.5 0.15 0.5 11.5 0.15 0.5 11.5 0.15 0.5 11.5 0.15 1.6 11.5 0.15 1.6 12.849 8.6 0.5 11.5 8.6 1.6 12.5 0.15 1.6 12.5 0.15 1.6 12.5 8.6 1.6 12.5 8.6 0.5 11.5 8.6 0.5 30.4 0.15 0.5 28.5 0.15 0.5 28.5 0.15 0.5 27.5 0.15 0.5 27.5 0.15 0.5 27.5 0.15 1.6 27.5 0.15 1.6 27.5 8.6 1.6 28.5 0.15 1.6 28.5 0.15 1.6 28.5 8.6 1.6 28.5 8.6 0.5 27.5 8.6 0.5 1.6 8.6 12.5 1.6 0.15 12.5 1.6 0.15 12.5 0.5 8.6 11.5 0.5 0.15 11.5 0.5 0.15 11.5 1.6 0.15 11.5 1.6 0.15 11.5 0.5 0.15 12.5 0.5 0.15 12.5 0.5 0.15 12.849 0.5 0.15 12.849 1.6 8.6 11.5 0.5 8.6 12.849 1.243 0.15 12.998 0.5 8.6 12.5 0 0.15 13.6 0.918 0.15 13.783 1.697 0.15 17.697 0.918 0.15 18.217 2.4 0.15 16 2.217 0.15 15.082 1.697 0.15 14.303 2.217 0.15 16.918 3.002 0.15 14.757 3.151 0.15 15.5 3.151 0.15 15.5 3.5 0.15 15.5 3.5 0.15 15.5 0 0.15 18.4 3.5 0.15 16.5 3.5 0.15 16.5 3.5 8.6 16.5 3.151 0.15 16.5 3.151 0.15 16.5 3.151 8.6 16.5 4.5 0.15 17.6 4.5 0.15 17.6 4.5 8.6 17.6 2.298 0.15 13.702 4.5 0.15 15.5 4.5 0.15 15.5 4.5 0.15 14.4 4.5 0.15 14.4 3.151 8.6 15.5 3.5 0.15 17.6 3.5 0.15 17.6 4.5 0.15 16.5 4.5 0.15 16.5 4.5 8.6 14.4 4.5 8.6 16.5 3.5 0.15 14.4 3.5 0.15 14.4 3.5 8.6 14.4 3.5 8.6 15.5 3.5 8.6 17.6 4.5 8.6 15.5 3.002 0.15 17.243 1.243 0.15 19.002 0.5 0.15 19.151 0.5 0.15 19.151 0.5 0.15 19.5 0.5 0.15 19.5 2.298 0.15 18.298 0.5 0.15 20.5 0.5 0.15 20.5 1.6 0.15 20.5 1.6 0.15 20.5 0.5 8.6 19.151 1.6 8.6 20.5 1.6 0.15 19.5 1.6 0.15 19.5 1.6 8.6 19.5 0.5 8.6 19.5 0.5 8.6 20.5 17.6 8.6 12.5 17.6 0.15 12.5 17.6 0.15 12.5 15.5 0.15 12.5 15.5 0.15 12.5 15.5 8.6 12.5 16.5 8.6 11.5 16.5 0.15 11.5 16.5 0.15 11.5 14.4 8.6 11.5 14.4 0.15 11.5 14.4 0.15 11.5 17.6 0.15 11.5 17.6 0.15 11.5 16.5 0.15 12.5 16.5 0.15 12.5 16.5 0.15 12.849 16.5 0.15 12.849 15.5 0.15 12.849 15.5 0.15 12.849 15.5 8.6 12.849 14.4 0.15 12.5 14.4 0.15 12.5 15.5 0.15 11.5 15.5 0.15 11.5 14.4 8.6 12.5 17.6 8.6 11.5 15.5 8.6 11.5 16.5 8.6 12.849 17.243 0.15 12.998 16.5 8.6 12.5 14.757 0.15 12.998 16 0.15 13.6 16.918 0.15 13.783 17.697 0.15 17.697 16.918 0.15 18.217 15.082 0.15 13.783 18.4 0.15 16 18.217 0.15 15.082 17.697 0.15 14.303 18.217 0.15 16.918 19.002 0.15 14.757 19.151 0.15 15.5 19.151 0.15 15.5 19.5 0.15 15.5 19.5 0.15 15.5 16 0.15 18.4 19.5 0.15 16.5 19.5 0.15 16.5 19.5 8.6 16.5 19.151 0.15 16.5 19.151 0.15 16.5 19.151 8.6 16.5 20.5 0.15 17.6 20.5 0.15 17.6 20.5 8.6 17.6 18.298 0.15 13.702 20.5 0.15 15.5 20.5 0.15 15.5 20.5 0.15 14.4 20.5 0.15 14.4 19.151 8.6 15.5 13.702 0.15 18.298 14.757 0.15 19.002 19.5 0.15 17.6 19.5 0.15 17.6 20.5 0.15 16.5 20.5 0.15 16.5 20.5 8.6 14.4 20.5 8.6 16.5 19.5 0.15 14.4 19.5 0.15 14.4 19.5 8.6 14.4 19.5 8.6 15.5 19.5 8.6 17.6 20.5 8.6 15.5 19.002 0.15 17.243 15.082 0.15 18.217 14.303 0.15 17.697 17.243 0.15 19.002 16.5 0.15 19.151 16.5 0.15 19.151 16.5 0.15 19.5 16.5 0.15 19.5 15.5 0.15 19.5 15.5 0.15 19.5 15.5 8.6 19.5 15.5 0.15 19.151 15.5 0.15 19.151 15.5 8.6 19.151 14.4 0.15 20.5 14.4 0.15 20.5 14.4 8.6 20.5 18.298 0.15 18.298 16.5 0.15 20.5 16.5 0.15 20.5 17.6 0.15 20.5 17.6 0.15 20.5 16.5 8.6 19.151 14.4 0.15 19.5 14.4 0.15 19.5 15.5 0.15 20.5 15.5 0.15 20.5 17.6 8.6 20.5 15.5 8.6 20.5 17.6 0.15 19.5 17.6 0.15 19.5 17.6 8.6 19.5 16.5 8.6 19.5 14.4 8.6 19.5 16.5 8.6 20.5 13.6 0.15 16 13.783 0.15 16.918 13.702 0.15 13.702 12.998 0.15 14.757 13.783 0.15 15.082 14.303 0.15 14.303 12.998 0.15 17.243 12.849 0.15 16.5 12.849 0.15 16.5 12.5 0.15 16.5 12.5 0.15 16.5 12.5 0.15 15.5 12.5 0.15 15.5 12.5 8.6 15.5 12.849 0.15 15.5 12.849 0.15 15.5 12.849 8.6 15.5 11.5 0.15 14.4 11.5 0.15 14.4 11.5 8.6 14.4 11.5 0.15 16.5 11.5 0.15 16.5 11.5 0.15 17.6 11.5 0.15 17.6 12.849 8.6 16.5 12.5 0.15 14.4 12.5 0.15 14.4 11.5 0.15 15.5 11.5 0.15 15.5 11.5 8.6 17.6 11.5 8.6 15.5 12.5 0.15 17.6 12.5 0.15 17.6 12.5 8.6 17.6 12.5 8.6 16.5 12.5 8.6 14.4 11.5 8.6 16.5 30.4 0.15 16.5 28.5 0.15 16.5 28.5 0.15 16.5 28.5 0.15 15.5 28.5 0.15 15.5 28.5 8.6 15.5 27.5 0.15 14.4 27.5 0.15 14.4 27.5 8.6 14.4 27.5 0.15 16.5 27.5 0.15 16.5 27.5 0.15 17.6 27.5 0.15 17.6 28.5 0.15 14.4 28.5 0.15 14.4 27.5 0.15 15.5 27.5 0.15 15.5 30.4 0.15 15.5 27.5 8.6 17.6 27.5 8.6 15.5 28.5 0.15 17.6 28.5 0.15 17.6 28.5 8.6 17.6 28.5 8.6 16.5 28.5 8.6 14.4 27.5 8.6 16.5 1.6 8.6 28.5 1.6 0.15 28.5 1.6 0.15 28.5 0.5 8.6 27.5 0.5 0.15 27.5 0.5 0.15 27.5 1.6 0.15 27.5 1.6 0.15 27.5 0.5 0.15 28.5 0.5 0.15 28.5 0.5 0.15 30.4 1.6 8.6 27.5 0.5 8.6 28.5 17.6 8.6 28.5 17.6 0.15 28.5 17.6 0.15 28.5 15.5 0.15 28.5 15.5 0.15 28.5 15.5 8.6 28.5 16.5 8.6 27.5 16.5 0.15 27.5 16.5 0.15 27.5 14.4 8.6 27.5 14.4 0.15 27.5 14.4 0.15 27.5 17.6 0.15 27.5 17.6 0.15 27.5 16.5 0.15 28.5 16.5 0.15 28.5 16.5 0.15 30.4 14.4 0.15 28.5 14.4 0.15 28.5 15.5 0.15 27.5 15.5 0.15 27.5 14.4 8.6 28.5 17.6 8.6 27.5 15.5 8.6 27.5 16.5 8.6 28.5 15.5 0.15 30.4 8 0.15 4.751 9.243 0.15 4.998 10.298 0.15 5.702 11.002 0.15 6.757 11.249 0.15 8 11.002 0.15 9.243 10.298 0.15 10.298 9.243 0.15 11.002 8 0.15 11.249 6.757 0.15 11.002 5.702 0.15 10.298 4.998 0.15 9.243 4.751 0.15 8 4.998 0.15 6.757 5.702 0.15 5.702 6.757 0.15 4.998 7.082 0.15 5.783 8 0.15 5.6 6.303 0.15 6.303 5.783 0.15 7.082 5.6 0.15 8 5.783 0.15 8.918 6.303 0.15 9.697 7.082 0.15 10.217 8 0.15 10.4 8.918 0.15 10.217 9.697 0.15 9.697 10.217 0.15 8.918 10.4 0.15 8 10.217 0.15 7.082 9.697 0.15 6.303 8.918 0.15 5.783 24 0.15 4.751 25.243 0.15 4.998 26.298 0.15 5.702 27.002 0.15 6.757 27.249 0.15 8 27.002 0.15 9.243 26.298 0.15 10.298 25.243 0.15 11.002 24 0.15 11.249 22.757 0.15 11.002 21.702 0.15 10.298 20.998 0.15 9.243 20.751 0.15 8 20.998 0.15 6.757 21.702 0.15 5.702 22.757 0.15 4.998 23.082 0.15 5.783 24 0.15 5.6 22.303 0.15 6.303 21.783 0.15 7.082 21.6 0.15 8 21.783 0.15 8.918 22.303 0.15 9.697 23.082 0.15 10.217 24 0.15 10.4 24.918 0.15 10.217 25.697 0.15 9.697 26.217 0.15 8.918 26.4 0.15 8 26.217 0.15 7.082 25.697 0.15 6.303 24.918 0.15 5.783 8 0.15 20.751 9.243 0.15 20.998 10.298 0.15 21.702 11.002 0.15 22.757 11.249 0.15 24 11.002 0.15 25.243 10.298 0.15 26.298 9.243 0.15 27.002 8 0.15 27.249 6.757 0.15 27.002 5.702 0.15 26.298 4.998 0.15 25.243 4.751 0.15 24 4.998 0.15 22.757 5.702 0.15 21.702 6.757 0.15 20.998 7.082 0.15 21.783 8 0.15 21.6 6.303 0.15 22.303 5.783 0.15 23.082 5.6 0.15 24 5.783 0.15 24.918 6.303 0.15 25.697 7.082 0.15 26.217 8 0.15 26.4 8.918 0.15 26.217 9.697 0.15 25.697 10.217 0.15 24.918 10.4 0.15 24 10.217 0.15 23.082 9.697 0.15 22.303 8.918 0.15 21.783 24 0.15 20.751 25.243 0.15 20.998 26.298 0.15 21.702 27.002 0.15 22.757 27.249 0.15 24 27.002 0.15 25.243 26.298 0.15 26.298 25.243 0.15 27.002 24 0.15 27.249 22.757 0.15 27.002 21.702 0.15 26.298 20.998 0.15 25.243 20.751 0.15 24 20.998 0.15 22.757 21.702 0.15 21.702 22.757 0.15 20.998 23.082 0.15 21.783 24 0.15 21.6 22.303 0.15 22.303 21.783 0.15 23.082 21.6 0.15 24 21.783 0.15 24.918 22.303 0.15 25.697 23.082 0.15 26.217 24 0.15 26.4 24.918 0.15 26.217 25.697 0.15 25.697 26.217 0.15 24.918 26.4 0.15 24 26.217 0.15 23.082 25.697 0.15 22.303 24.918 0.15 21.783 31.96 0.02 31.96 31.96 0.02 31.96 31.96 9.58 31.96 31.96 9.58 31.96 30.4 0.02 30.4 30.4 0.02 30.4 30.4 8.6 30.4 30.4 8.6 30.4 28 11.4 25.6 28.918 11.4 25.783 20 11.4 25.6 20.918 11.4 25.783 12 11.4 25.6 12.918 11.4 25.783 4 11.4 25.6 4.918 11.4 25.783 29.697 11.4 26.303 21.697 11.4 26.303 13.697 11.4 26.303 5.697 11.4 26.303 30.217 11.4 27.082 22.217 11.4 27.082 14.217 11.4 27.082 6.217 11.4 27.082 30.4 11.4 28 22.4 11.4 28 14.4 11.4 28 6.4 11.4 28 30.217 11.4 28.918 22.217 11.4 28.918 14.217 11.4 28.918 6.217 11.4 28.918 29.697 11.4 29.697 21.697 11.4 29.697 13.697 11.4 29.697 5.697 11.4 29.697 28.918 11.4 30.217 20.918 11.4 30.217 12.918 11.4 30.217 4.918 11.4 30.217 28 11.4 30.4 20 11.4 30.4 12 11.4 30.4 4 11.4 30.4 27.082 11.4 30.217 19.082 11.4 30.217 11.082 11.4 30.217 3.082 11.4 30.217 26.303 11.4 29.697 18.303 11.4 29.697 10.303 11.4 29.697 2.303 11.4 29.697 25.783 11.4 28.918 17.783 11.4 28.918 9.783 11.4 28.918 1.783 11.4 28.918 25.6 11.4 28 17.6 11.4 28 9.6 11.4 28 1.6 11.4 28 25.783 11.4 27.082 17.783 11.4 27.082 9.783 11.4 27.082 1.783 11.4 27.082 26.303 11.4 26.303 18.303 11.4 26.303 10.303 11.4 26.303 2.303 11.4 26.303 27.082 11.4 25.783 19.082 11.4 25.783 11.082 11.4 25.783 3.082 11.4 25.783 27.082 11.4 17.783 28 11.4 17.6 19.082 11.4 17.783 20 11.4 17.6 11.082 11.4 17.783 12 11.4 17.6 3.082 11.4 17.783 4 11.4 17.6 26.303 11.4 18.303 18.303 11.4 18.303 10.303 11.4 18.303 2.303 11.4 18.303 25.783 11.4 19.082 17.783 11.4 19.082 9.783 11.4 19.082 1.783 11.4 19.082 25.6 11.4 20 17.6 11.4 20 9.6 11.4 20 1.6 11.4 20 25.783 11.4 20.918 17.783 11.4 20.918 9.783 11.4 20.918 1.783 11.4 20.918 26.303 11.4 21.697 18.303 11.4 21.697 10.303 11.4 21.697 2.303 11.4 21.697 27.082 11.4 22.217 19.082 11.4 22.217 11.082 11.4 22.217 3.082 11.4 22.217 28 11.4 22.4 20 11.4 22.4 12 11.4 22.4 4 11.4 22.4 28.918 11.4 22.217 20.918 11.4 22.217 12.918 11.4 22.217 4.918 11.4 22.217 29.697 11.4 21.697 21.697 11.4 21.697 13.697 11.4 21.697 5.697 11.4 21.697 30.217 11.4 20.918 22.217 11.4 20.918 14.217 11.4 20.918 6.217 11.4 20.918 30.4 11.4 20 22.4 11.4 20 14.4 11.4 20 6.4 11.4 20 30.217 11.4 19.082 22.217 11.4 19.082 14.217 11.4 19.082 6.217 11.4 19.082 29.697 11.4 18.303 21.697 11.4 18.303 13.697 11.4 18.303 5.697 11.4 18.303 28.918 11.4 17.783 20.918 11.4 17.783 12.918 11.4 17.783 4.918 11.4 17.783 27.082 11.4 9.783 28 11.4 9.6 19.082 11.4 9.783 20 11.4 9.6 11.082 11.4 9.783 12 11.4 9.6 3.082 11.4 9.783 4 11.4 9.6 26.303 11.4 10.303 18.303 11.4 10.303 10.303 11.4 10.303 2.303 11.4 10.303 25.783 11.4 11.082 17.783 11.4 11.082 9.783 11.4 11.082 1.783 11.4 11.082 25.6 11.4 12 17.6 11.4 12 9.6 11.4 12 1.6 11.4 12 25.783 11.4 12.918 17.783 11.4 12.918 9.783 11.4 12.918 1.783 11.4 12.918 26.303 11.4 13.697 18.303 11.4 13.697 10.303 11.4 13.697 2.303 11.4 13.697 27.082 11.4 14.217 19.082 11.4 14.217 11.082 11.4 14.217 3.082 11.4 14.217 28 11.4 14.4 20 11.4 14.4 12 11.4 14.4 4 11.4 14.4 28.918 11.4 14.217 20.918 11.4 14.217 12.918 11.4 14.217 4.918 11.4 14.217 29.697 11.4 13.697 21.697 11.4 13.697 13.697 11.4 13.697 5.697 11.4 13.697 30.217 11.4 12.918 22.217 11.4 12.918 14.217 11.4 12.918 6.217 11.4 12.918 30.4 11.4 12 22.4 11.4 12 14.4 11.4 12 6.4 11.4 12 30.217 11.4 11.082 22.217 11.4 11.082 14.217 11.4 11.082 6.217 11.4 11.082 29.697 11.4 10.303 21.697 11.4 10.303 13.697 11.4 10.303 5.697 11.4 10.303 28.918 11.4 9.783 20.918 11.4 9.783 12.918 11.4 9.783 4.918 11.4 9.783 4 11.4 1.6 4.918 11.4 1.783 12 11.4 1.6 12.918 11.4 1.783 20 11.4 1.6 20.918 11.4 1.783 28 11.4 1.6 28.918 11.4 1.783 5.697 11.4 2.303 13.697 11.4 2.303 21.697 11.4 2.303 29.697 11.4 2.303 6.217 11.4 3.082 14.217 11.4 3.082 22.217 11.4 3.082 30.217 11.4 3.082 6.4 11.4 4 14.4 11.4 4 22.4 11.4 4 30.4 11.4 4 6.217 11.4 4.918 14.217 11.4 4.918 22.217 11.4 4.918 30.217 11.4 4.918 5.697 11.4 5.697 13.697 11.4 5.697 21.697 11.4 5.697 29.697 11.4 5.697 4.918 11.4 6.217 12.918 11.4 6.217 20.918 11.4 6.217 28.918 11.4 6.217 4 11.4 6.4 12 11.4 6.4 20 11.4 6.4 28 11.4 6.4 3.082 11.4 6.217 11.082 11.4 6.217 19.082 11.4 6.217 27.082 11.4 6.217 2.303 11.4 5.697 10.303 11.4 5.697 18.303 11.4 5.697 26.303 11.4 5.697 1.783 11.4 4.918 9.783 11.4 4.918 17.783 11.4 4.918 25.783 11.4 4.918 1.6 11.4 4 9.6 11.4 4 17.6 11.4 4 25.6 11.4 4 1.783 11.4 3.082 9.783 11.4 3.082 17.783 11.4 3.082 25.783 11.4 3.082 2.303 11.4 2.303 10.303 11.4 2.303 18.303 11.4 2.303 26.303 11.4 2.303 3.082 11.4 1.783 11.082 11.4 1.783 19.082 11.4 1.783 27.082 11.4 1.783 31.96 9.58 0 30.4 0.02 0 31.96 0.02 0 30.4 8.6 0 0 0.02 30.4 0 8.6 30.4 0 0.02 31.96 0 9.58 31.96 -1.697 0.15 1.697 -0.918 0.15 2.217 -2.4 0.15 0 -2.217 0.15 0.918 -3.5 0.15 0.5 -3.5 0.15 0.5 -3.5 8.6 0.5 -3.151 0.15 0.5 -3.151 0.15 0.5 -3.151 8.6 0.5 -4.5 0.15 1.6 -4.5 0.15 1.6 -4.5 8.6 1.6 -3.5 0.15 1.6 -3.5 0.15 1.6 -4.5 0.15 0.5 -4.5 0.15 0.5 -4.5 8.6 0.5 -3.5 8.6 1.6 -3.002 0.15 1.243 -1.243 0.15 3.002 -0.5 0.15 3.151 -0.5 0.15 3.151 -0.5 0.15 3.5 -0.5 0.15 3.5 -2.298 0.15 2.298 -0.5 0.15 4.5 -0.5 0.15 4.5 -1.6 0.15 4.5 -1.6 0.15 4.5 -0.5 8.6 3.151 -1.6 8.6 4.5 -1.6 0.15 3.5 -1.6 0.15 3.5 -1.6 8.6 3.5 -0.5 8.6 3.5 -0.5 8.6 4.5 -17.697 0.15 1.697 -16.918 0.15 2.217 -18.4 0.15 0 -18.217 0.15 0.918 -16 0.15 2.4 -19.5 0.15 0.5 -19.5 0.15 0.5 -19.5 8.6 0.5 -19.151 0.15 0.5 -19.151 0.15 0.5 -19.151 8.6 0.5 -20.5 0.15 1.6 -20.5 0.15 1.6 -20.5 8.6 1.6 -13.702 0.15 2.298 -14.757 0.15 3.002 -19.5 0.15 1.6 -19.5 0.15 1.6 -20.5 0.15 0.5 -20.5 0.15 0.5 -20.5 8.6 0.5 -19.5 8.6 1.6 -19.002 0.15 1.243 -15.082 0.15 2.217 -14.303 0.15 1.697 -17.243 0.15 3.002 -16.5 0.15 3.151 -16.5 0.15 3.151 -16.5 0.15 3.5 -16.5 0.15 3.5 -15.5 0.15 3.5 -15.5 0.15 3.5 -15.5 8.6 3.5 -15.5 0.15 3.151 -15.5 0.15 3.151 -15.5 8.6 3.151 -14.4 0.15 4.5 -14.4 0.15 4.5 -14.4 8.6 4.5 -18.298 0.15 2.298 -16.5 0.15 4.5 -16.5 0.15 4.5 -17.6 0.15 4.5 -17.6 0.15 4.5 -16.5 8.6 3.151 -14.4 0.15 3.5 -14.4 0.15 3.5 -16.5 0.15 8 -15.5 0.15 4.5 -15.5 0.15 4.5 -15.5 0.15 8 -17.6 8.6 4.5 -15.5 8.6 4.5 -17.6 0.15 3.5 -17.6 0.15 3.5 -17.6 8.6 3.5 -16.5 8.6 3.5 -14.4 8.6 3.5 -16.5 8.6 4.5 -13.6 0.15 0 -13.783 0.15 0.918 -12.998 0.15 1.243 -12.849 0.15 0.5 -12.849 0.15 0.5 -12.5 0.15 0.5 -12.5 0.15 0.5 -11.5 0.15 0.5 -11.5 0.15 0.5 -11.5 0.15 1.6 -11.5 0.15 1.6 -12.849 8.6 0.5 -11.5 8.6 1.6 -12.5 0.15 1.6 -12.5 0.15 1.6 -12.5 8.6 1.6 -12.5 8.6 0.5 -11.5 8.6 0.5 -30.4 0.15 0.5 -28.5 0.15 0.5 -28.5 0.15 0.5 -27.5 0.15 0.5 -27.5 0.15 0.5 -27.5 0.15 1.6 -27.5 0.15 1.6 -27.5 8.6 1.6 -28.5 0.15 1.6 -28.5 0.15 1.6 -28.5 8.6 1.6 -28.5 8.6 0.5 -27.5 8.6 0.5 -1.6 8.6 12.5 -1.6 0.15 12.5 -1.6 0.15 12.5 -0.5 8.6 11.5 -0.5 0.15 11.5 -0.5 0.15 11.5 -1.6 0.15 11.5 -1.6 0.15 11.5 -0.5 0.15 12.5 -0.5 0.15 12.5 -0.5 0.15 12.849 -0.5 0.15 12.849 -1.6 8.6 11.5 -0.5 8.6 12.849 -1.243 0.15 12.998 -0.5 8.6 12.5 -0.918 0.15 13.783 -1.697 0.15 17.697 -0.918 0.15 18.217 -2.4 0.15 16 -2.217 0.15 15.082 -1.697 0.15 14.303 -2.217 0.15 16.918 -3.002 0.15 14.757 -3.151 0.15 15.5 -3.151 0.15 15.5 -3.5 0.15 15.5 -3.5 0.15 15.5 -3.5 0.15 16.5 -3.5 0.15 16.5 -3.5 8.6 16.5 -3.151 0.15 16.5 -3.151 0.15 16.5 -3.151 8.6 16.5 -4.5 0.15 17.6 -4.5 0.15 17.6 -4.5 8.6 17.6 -2.298 0.15 13.702 -4.5 0.15 15.5 -4.5 0.15 15.5 -4.5 0.15 14.4 -4.5 0.15 14.4 -3.151 8.6 15.5 -3.5 0.15 17.6 -3.5 0.15 17.6 -4.5 0.15 16.5 -4.5 0.15 16.5 -4.5 8.6 14.4 -4.5 8.6 16.5 -3.5 0.15 14.4 -3.5 0.15 14.4 -3.5 8.6 14.4 -3.5 8.6 15.5 -3.5 8.6 17.6 -4.5 8.6 15.5 -3.002 0.15 17.243 -1.243 0.15 19.002 -0.5 0.15 19.151 -0.5 0.15 19.151 -0.5 0.15 19.5 -0.5 0.15 19.5 -2.298 0.15 18.298 -0.5 0.15 20.5 -0.5 0.15 20.5 -1.6 0.15 20.5 -1.6 0.15 20.5 -0.5 8.6 19.151 -1.6 8.6 20.5 -1.6 0.15 19.5 -1.6 0.15 19.5 -1.6 8.6 19.5 -0.5 8.6 19.5 -0.5 8.6 20.5 -17.6 8.6 12.5 -17.6 0.15 12.5 -17.6 0.15 12.5 -15.5 0.15 12.5 -15.5 0.15 12.5 -15.5 8.6 12.5 -16.5 8.6 11.5 -16.5 0.15 11.5 -16.5 0.15 11.5 -14.4 8.6 11.5 -14.4 0.15 11.5 -14.4 0.15 11.5 -17.6 0.15 11.5 -17.6 0.15 11.5 -16.5 0.15 12.5 -16.5 0.15 12.5 -16.5 0.15 12.849 -16.5 0.15 12.849 -15.5 0.15 12.849 -15.5 0.15 12.849 -15.5 8.6 12.849 -14.4 0.15 12.5 -14.4 0.15 12.5 -15.5 0.15 11.5 -15.5 0.15 11.5 -14.4 8.6 12.5 -17.6 8.6 11.5 -15.5 8.6 11.5 -16.5 8.6 12.849 -17.243 0.15 12.998 -16.5 8.6 12.5 -14.757 0.15 12.998 -16 0.15 13.6 -16.918 0.15 13.783 -17.697 0.15 17.697 -16.918 0.15 18.217 -15.082 0.15 13.783 -18.4 0.15 16 -18.217 0.15 15.082 -17.697 0.15 14.303 -18.217 0.15 16.918 -19.002 0.15 14.757 -19.151 0.15 15.5 -19.151 0.15 15.5 -19.5 0.15 15.5 -19.5 0.15 15.5 -16 0.15 18.4 -19.5 0.15 16.5 -19.5 0.15 16.5 -19.5 8.6 16.5 -19.151 0.15 16.5 -19.151 0.15 16.5 -19.151 8.6 16.5 -20.5 0.15 17.6 -20.5 0.15 17.6 -20.5 8.6 17.6 -18.298 0.15 13.702 -20.5 0.15 15.5 -20.5 0.15 15.5 -20.5 0.15 14.4 -20.5 0.15 14.4 -19.151 8.6 15.5 -13.702 0.15 18.298 -14.757 0.15 19.002 -19.5 0.15 17.6 -19.5 0.15 17.6 -20.5 0.15 16.5 -20.5 0.15 16.5 -20.5 8.6 14.4 -20.5 8.6 16.5 -19.5 0.15 14.4 -19.5 0.15 14.4 -19.5 8.6 14.4 -19.5 8.6 15.5 -19.5 8.6 17.6 -20.5 8.6 15.5 -19.002 0.15 17.243 -15.082 0.15 18.217 -14.303 0.15 17.697 -17.243 0.15 19.002 -16.5 0.15 19.151 -16.5 0.15 19.151 -16.5 0.15 19.5 -16.5 0.15 19.5 -15.5 0.15 19.5 -15.5 0.15 19.5 -15.5 8.6 19.5 -15.5 0.15 19.151 -15.5 0.15 19.151 -15.5 8.6 19.151 -14.4 0.15 20.5 -14.4 0.15 20.5 -14.4 8.6 20.5 -18.298 0.15 18.298 -16.5 0.15 20.5 -16.5 0.15 20.5 -17.6 0.15 20.5 -17.6 0.15 20.5 -16.5 8.6 19.151 -14.4 0.15 19.5 -14.4 0.15 19.5 -15.5 0.15 20.5 -15.5 0.15 20.5 -17.6 8.6 20.5 -15.5 8.6 20.5 -17.6 0.15 19.5 -17.6 0.15 19.5 -17.6 8.6 19.5 -16.5 8.6 19.5 -14.4 8.6 19.5 -16.5 8.6 20.5 -13.6 0.15 16 -13.783 0.15 16.918 -13.702 0.15 13.702 -12.998 0.15 14.757 -13.783 0.15 15.082 -14.303 0.15 14.303 -12.998 0.15 17.243 -12.849 0.15 16.5 -12.849 0.15 16.5 -12.5 0.15 16.5 -12.5 0.15 16.5 -12.5 0.15 15.5 -12.5 0.15 15.5 -12.5 8.6 15.5 -12.849 0.15 15.5 -12.849 0.15 15.5 -12.849 8.6 15.5 -11.5 0.15 14.4 -11.5 0.15 14.4 -11.5 8.6 14.4 -11.5 0.15 16.5 -11.5 0.15 16.5 -11.5 0.15 17.6 -11.5 0.15 17.6 -12.849 8.6 16.5 -12.5 0.15 14.4 -12.5 0.15 14.4 -11.5 0.15 15.5 -11.5 0.15 15.5 -11.5 8.6 17.6 -11.5 8.6 15.5 -12.5 0.15 17.6 -12.5 0.15 17.6 -12.5 8.6 17.6 -12.5 8.6 16.5 -12.5 8.6 14.4 -11.5 8.6 16.5 -30.4 0.15 16.5 -28.5 0.15 16.5 -28.5 0.15 16.5 -28.5 0.15 15.5 -28.5 0.15 15.5 -28.5 8.6 15.5 -27.5 0.15 14.4 -27.5 0.15 14.4 -27.5 8.6 14.4 -27.5 0.15 16.5 -27.5 0.15 16.5 -27.5 0.15 17.6 -27.5 0.15 17.6 -28.5 0.15 14.4 -28.5 0.15 14.4 -27.5 0.15 15.5 -27.5 0.15 15.5 -30.4 0.15 15.5 -27.5 8.6 17.6 -27.5 8.6 15.5 -28.5 0.15 17.6 -28.5 0.15 17.6 -28.5 8.6 17.6 -28.5 8.6 16.5 -28.5 8.6 14.4 -27.5 8.6 16.5 -1.6 8.6 28.5 -1.6 0.15 28.5 -1.6 0.15 28.5 -0.5 8.6 27.5 -0.5 0.15 27.5 -0.5 0.15 27.5 -1.6 0.15 27.5 -1.6 0.15 27.5 -0.5 0.15 28.5 -0.5 0.15 28.5 -0.5 0.15 30.4 -1.6 8.6 27.5 -0.5 8.6 28.5 -17.6 8.6 28.5 -17.6 0.15 28.5 -17.6 0.15 28.5 -15.5 0.15 28.5 -15.5 0.15 28.5 -15.5 8.6 28.5 -16.5 8.6 27.5 -16.5 0.15 27.5 -16.5 0.15 27.5 -14.4 8.6 27.5 -14.4 0.15 27.5 -14.4 0.15 27.5 -17.6 0.15 27.5 -17.6 0.15 27.5 -16.5 0.15 28.5 -16.5 0.15 28.5 -16.5 0.15 30.4 -14.4 0.15 28.5 -14.4 0.15 28.5 -15.5 0.15 27.5 -15.5 0.15 27.5 -14.4 8.6 28.5 -17.6 8.6 27.5 -15.5 8.6 27.5 -16.5 8.6 28.5 -15.5 0.15 30.4 -8 0.15 4.751 -9.243 0.15 4.998 -10.298 0.15 5.702 -11.002 0.15 6.757 -11.249 0.15 8 -11.002 0.15 9.243 -10.298 0.15 10.298 -9.243 0.15 11.002 -8 0.15 11.249 -6.757 0.15 11.002 -5.702 0.15 10.298 -4.998 0.15 9.243 -4.751 0.15 8 -4.998 0.15 6.757 -5.702 0.15 5.702 -6.757 0.15 4.998 -7.082 0.15 5.783 -8 0.15 5.6 -6.303 0.15 6.303 -5.783 0.15 7.082 -5.6 0.15 8 -5.783 0.15 8.918 -6.303 0.15 9.697 -7.082 0.15 10.217 -8 0.15 10.4 -8.918 0.15 10.217 -9.697 0.15 9.697 -10.217 0.15 8.918 -10.4 0.15 8 -10.217 0.15 7.082 -9.697 0.15 6.303 -8.918 0.15 5.783 -24 0.15 4.751 -25.243 0.15 4.998 -26.298 0.15 5.702 -27.002 0.15 6.757 -27.249 0.15 8 -27.002 0.15 9.243 -26.298 0.15 10.298 -25.243 0.15 11.002 -24 0.15 11.249 -22.757 0.15 11.002 -21.702 0.15 10.298 -20.998 0.15 9.243 -20.751 0.15 8 -20.998 0.15 6.757 -21.702 0.15 5.702 -22.757 0.15 4.998 -23.082 0.15 5.783 -24 0.15 5.6 -22.303 0.15 6.303 -21.783 0.15 7.082 -21.6 0.15 8 -21.783 0.15 8.918 -22.303 0.15 9.697 -23.082 0.15 10.217 -24 0.15 10.4 -24.918 0.15 10.217 -25.697 0.15 9.697 -26.217 0.15 8.918 -26.4 0.15 8 -26.217 0.15 7.082 -25.697 0.15 6.303 -24.918 0.15 5.783 -8 0.15 20.751 -9.243 0.15 20.998 -10.298 0.15 21.702 -11.002 0.15 22.757 -11.249 0.15 24 -11.002 0.15 25.243 -10.298 0.15 26.298 -9.243 0.15 27.002 -8 0.15 27.249 -6.757 0.15 27.002 -5.702 0.15 26.298 -4.998 0.15 25.243 -4.751 0.15 24 -4.998 0.15 22.757 -5.702 0.15 21.702 -6.757 0.15 20.998 -7.082 0.15 21.783 -8 0.15 21.6 -6.303 0.15 22.303 -5.783 0.15 23.082 -5.6 0.15 24 -5.783 0.15 24.918 -6.303 0.15 25.697 -7.082 0.15 26.217 -8 0.15 26.4 -8.918 0.15 26.217 -9.697 0.15 25.697 -10.217 0.15 24.918 -10.4 0.15 24 -10.217 0.15 23.082 -9.697 0.15 22.303 -8.918 0.15 21.783 -24 0.15 20.751 -25.243 0.15 20.998 -26.298 0.15 21.702 -27.002 0.15 22.757 -27.249 0.15 24 -27.002 0.15 25.243 -26.298 0.15 26.298 -25.243 0.15 27.002 -24 0.15 27.249 -22.757 0.15 27.002 -21.702 0.15 26.298 -20.998 0.15 25.243 -20.751 0.15 24 -20.998 0.15 22.757 -21.702 0.15 21.702 -22.757 0.15 20.998 -23.082 0.15 21.783 -24 0.15 21.6 -22.303 0.15 22.303 -21.783 0.15 23.082 -21.6 0.15 24 -21.783 0.15 24.918 -22.303 0.15 25.697 -23.082 0.15 26.217 -24 0.15 26.4 -24.918 0.15 26.217 -25.697 0.15 25.697 -26.217 0.15 24.918 -26.4 0.15 24 -26.217 0.15 23.082 -25.697 0.15 22.303 -24.918 0.15 21.783 -31.96 0.02 31.96 -31.96 0.02 31.96 -31.96 9.58 31.96 -31.96 9.58 31.96 -30.4 0.02 30.4 -30.4 0.02 30.4 -30.4 8.6 30.4 -30.4 8.6 30.4 -28 11.4 25.6 -28.918 11.4 25.783 -20 11.4 25.6 -20.918 11.4 25.783 -12 11.4 25.6 -12.918 11.4 25.783 -4 11.4 25.6 -4.918 11.4 25.783 -29.697 11.4 26.303 -21.697 11.4 26.303 -13.697 11.4 26.303 -5.697 11.4 26.303 -30.217 11.4 27.082 -22.217 11.4 27.082 -14.217 11.4 27.082 -6.217 11.4 27.082 -30.4 11.4 28 -22.4 11.4 28 -14.4 11.4 28 -6.4 11.4 28 -30.217 11.4 28.918 -22.217 11.4 28.918 -14.217 11.4 28.918 -6.217 11.4 28.918 -29.697 11.4 29.697 -21.697 11.4 29.697 -13.697 11.4 29.697 -5.697 11.4 29.697 -28.918 11.4 30.217 -20.918 11.4 30.217 -12.918 11.4 30.217 -4.918 11.4 30.217 -28 11.4 30.4 -20 11.4 30.4 -12 11.4 30.4 -4 11.4 30.4 -27.082 11.4 30.217 -19.082 11.4 30.217 -11.082 11.4 30.217 -3.082 11.4 30.217 -26.303 11.4 29.697 -18.303 11.4 29.697 -10.303 11.4 29.697 -2.303 11.4 29.697 -25.783 11.4 28.918 -17.783 11.4 28.918 -9.783 11.4 28.918 -1.783 11.4 28.918 -25.6 11.4 28 -17.6 11.4 28 -9.6 11.4 28 -1.6 11.4 28 -25.783 11.4 27.082 -17.783 11.4 27.082 -9.783 11.4 27.082 -1.783 11.4 27.082 -26.303 11.4 26.303 -18.303 11.4 26.303 -10.303 11.4 26.303 -2.303 11.4 26.303 -27.082 11.4 25.783 -19.082 11.4 25.783 -11.082 11.4 25.783 -3.082 11.4 25.783 -27.082 11.4 17.783 -28 11.4 17.6 -19.082 11.4 17.783 -20 11.4 17.6 -11.082 11.4 17.783 -12 11.4 17.6 -3.082 11.4 17.783 -4 11.4 17.6 -26.303 11.4 18.303 -18.303 11.4 18.303 -10.303 11.4 18.303 -2.303 11.4 18.303 -25.783 11.4 19.082 -17.783 11.4 19.082 -9.783 11.4 19.082 -1.783 11.4 19.082 -25.6 11.4 20 -17.6 11.4 20 -9.6 11.4 20 -1.6 11.4 20 -25.783 11.4 20.918 -17.783 11.4 20.918 -9.783 11.4 20.918 -1.783 11.4 20.918 -26.303 11.4 21.697 -18.303 11.4 21.697 -10.303 11.4 21.697 -2.303 11.4 21.697 -27.082 11.4 22.217 -19.082 11.4 22.217 -11.082 11.4 22.217 -3.082 11.4 22.217 -28 11.4 22.4 -20 11.4 22.4 -12 11.4 22.4 -4 11.4 22.4 -28.918 11.4 22.217 -20.918 11.4 22.217 -12.918 11.4 22.217 -4.918 11.4 22.217 -29.697 11.4 21.697 -21.697 11.4 21.697 -13.697 11.4 21.697 -5.697 11.4 21.697 -30.217 11.4 20.918 -22.217 11.4 20.918 -14.217 11.4 20.918 -6.217 11.4 20.918 -30.4 11.4 20 -22.4 11.4 20 -14.4 11.4 20 -6.4 11.4 20 -30.217 11.4 19.082 -22.217 11.4 19.082 -14.217 11.4 19.082 -6.217 11.4 19.082 -29.697 11.4 18.303 -21.697 11.4 18.303 -13.697 11.4 18.303 -5.697 11.4 18.303 -28.918 11.4 17.783 -20.918 11.4 17.783 -12.918 11.4 17.783 -4.918 11.4 17.783 -27.082 11.4 9.783 -28 11.4 9.6 -19.082 11.4 9.783 -20 11.4 9.6 -11.082 11.4 9.783 -12 11.4 9.6 -3.082 11.4 9.783 -4 11.4 9.6 -26.303 11.4 10.303 -18.303 11.4 10.303 -10.303 11.4 10.303 -2.303 11.4 10.303 -25.783 11.4 11.082 -17.783 11.4 11.082 -9.783 11.4 11.082 -1.783 11.4 11.082 -25.6 11.4 12 -17.6 11.4 12 -9.6 11.4 12 -1.6 11.4 12 -25.783 11.4 12.918 -17.783 11.4 12.918 -9.783 11.4 12.918 -1.783 11.4 12.918 -26.303 11.4 13.697 -18.303 11.4 13.697 -10.303 11.4 13.697 -2.303 11.4 13.697 -27.082 11.4 14.217 -19.082 11.4 14.217 -11.082 11.4 14.217 -3.082 11.4 14.217 -28 11.4 14.4 -20 11.4 14.4 -12 11.4 14.4 -4 11.4 14.4 -28.918 11.4 14.217 -20.918 11.4 14.217 -12.918 11.4 14.217 -4.918 11.4 14.217 -29.697 11.4 13.697 -21.697 11.4 13.697 -13.697 11.4 13.697 -5.697 11.4 13.697 -30.217 11.4 12.918 -22.217 11.4 12.918 -14.217 11.4 12.918 -6.217 11.4 12.918 -30.4 11.4 12 -22.4 11.4 12 -14.4 11.4 12 -6.4 11.4 12 -30.217 11.4 11.082 -22.217 11.4 11.082 -14.217 11.4 11.082 -6.217 11.4 11.082 -29.697 11.4 10.303 -21.697 11.4 10.303 -13.697 11.4 10.303 -5.697 11.4 10.303 -28.918 11.4 9.783 -20.918 11.4 9.783 -12.918 11.4 9.783 -4.918 11.4 9.783 -4 11.4 1.6 -4.918 11.4 1.783 -12 11.4 1.6 -12.918 11.4 1.783 -20 11.4 1.6 -20.918 11.4 1.783 -28 11.4 1.6 -28.918 11.4 1.783 -5.697 11.4 2.303 -13.697 11.4 2.303 -21.697 11.4 2.303 -29.697 11.4 2.303 -6.217 11.4 3.082 -14.217 11.4 3.082 -22.217 11.4 3.082 -30.217 11.4 3.082 -6.4 11.4 4 -14.4 11.4 4 -22.4 11.4 4 -30.4 11.4 4 -6.217 11.4 4.918 -14.217 11.4 4.918 -22.217 11.4 4.918 -30.217 11.4 4.918 -5.697 11.4 5.697 -13.697 11.4 5.697 -21.697 11.4 5.697 -29.697 11.4 5.697 -4.918 11.4 6.217 -12.918 11.4 6.217 -20.918 11.4 6.217 -28.918 11.4 6.217 -4 11.4 6.4 -12 11.4 6.4 -20 11.4 6.4 -28 11.4 6.4 -3.082 11.4 6.217 -11.082 11.4 6.217 -19.082 11.4 6.217 -27.082 11.4 6.217 -2.303 11.4 5.697 -10.303 11.4 5.697 -18.303 11.4 5.697 -26.303 11.4 5.697 -1.783 11.4 4.918 -9.783 11.4 4.918 -17.783 11.4 4.918 -25.783 11.4 4.918 -1.6 11.4 4 -9.6 11.4 4 -17.6 11.4 4 -25.6 11.4 4 -1.783 11.4 3.082 -9.783 11.4 3.082 -17.783 11.4 3.082 -25.783 11.4 3.082 -2.303 11.4 2.303 -10.303 11.4 2.303 -18.303 11.4 2.303 -26.303 11.4 2.303 -3.082 11.4 1.783 -11.082 11.4 1.783 -19.082 11.4 1.783 -27.082 11.4 1.783 -31.96 9.58 0 -30.4 0.02 0 -31.96 0.02 0 -30.4 8.6 0 1.697 0.15 -1.697 0.918 0.15 -2.217 2.217 0.15 -0.918 0 0.15 -2.4 3.5 0.15 -0.5 3.5 0.15 -0.5 3.5 8.6 -0.5 3.151 0.15 -0.5 3.151 0.15 -0.5 3.151 8.6 -0.5 4.5 0.15 -1.6 4.5 0.15 -1.6 4.5 8.6 -1.6 3.5 0.15 -1.6 3.5 0.15 -1.6 4.5 0.15 -0.5 4.5 0.15 -0.5 4.5 8.6 -0.5 3.5 8.6 -1.6 3.002 0.15 -1.243 1.243 0.15 -3.002 0.5 0.15 -3.151 0.5 0.15 -3.151 0.5 0.15 -3.5 0.5 0.15 -3.5 2.298 0.15 -2.298 0.5 0.15 -4.5 0.5 0.15 -4.5 1.6 0.15 -4.5 1.6 0.15 -4.5 0.5 8.6 -3.151 1.6 8.6 -4.5 1.6 0.15 -3.5 1.6 0.15 -3.5 1.6 8.6 -3.5 0.5 8.6 -3.5 0.5 8.6 -4.5 17.697 0.15 -1.697 16.918 0.15 -2.217 18.217 0.15 -0.918 16 0.15 -2.4 19.5 0.15 -0.5 19.5 0.15 -0.5 19.5 8.6 -0.5 19.151 0.15 -0.5 19.151 0.15 -0.5 19.151 8.6 -0.5 20.5 0.15 -1.6 20.5 0.15 -1.6 20.5 8.6 -1.6 13.702 0.15 -2.298 14.757 0.15 -3.002 19.5 0.15 -1.6 19.5 0.15 -1.6 20.5 0.15 -0.5 20.5 0.15 -0.5 20.5 8.6 -0.5 19.5 8.6 -1.6 19.002 0.15 -1.243 15.082 0.15 -2.217 14.303 0.15 -1.697 17.243 0.15 -3.002 16.5 0.15 -3.151 16.5 0.15 -3.151 16.5 0.15 -3.5 16.5 0.15 -3.5 15.5 0.15 -3.5 15.5 0.15 -3.5 15.5 8.6 -3.5 15.5 0.15 -3.151 15.5 0.15 -3.151 15.5 8.6 -3.151 14.4 0.15 -4.5 14.4 0.15 -4.5 14.4 8.6 -4.5 18.298 0.15 -2.298 16.5 0.15 -4.5 16.5 0.15 -4.5 17.6 0.15 -4.5 17.6 0.15 -4.5 16.5 8.6 -3.151 14.4 0.15 -3.5 14.4 0.15 -3.5 16.5 0.15 -8 15.5 0.15 -4.5 15.5 0.15 -4.5 15.5 0.15 -8 17.6 8.6 -4.5 15.5 8.6 -4.5 17.6 0.15 -3.5 17.6 0.15 -3.5 17.6 8.6 -3.5 16.5 8.6 -3.5 14.4 8.6 -3.5 16.5 8.6 -4.5 13.783 0.15 -0.918 12.998 0.15 -1.243 12.849 0.15 -0.5 12.849 0.15 -0.5 12.5 0.15 -0.5 12.5 0.15 -0.5 11.5 0.15 -0.5 11.5 0.15 -0.5 11.5 0.15 -1.6 11.5 0.15 -1.6 12.849 8.6 -0.5 11.5 8.6 -1.6 12.5 0.15 -1.6 12.5 0.15 -1.6 12.5 8.6 -1.6 12.5 8.6 -0.5 11.5 8.6 -0.5 30.4 0.15 -0.5 28.5 0.15 -0.5 28.5 0.15 -0.5 27.5 0.15 -0.5 27.5 0.15 -0.5 27.5 0.15 -1.6 27.5 0.15 -1.6 27.5 8.6 -1.6 28.5 0.15 -1.6 28.5 0.15 -1.6 28.5 8.6 -1.6 28.5 8.6 -0.5 27.5 8.6 -0.5 1.6 8.6 -12.5 1.6 0.15 -12.5 1.6 0.15 -12.5 0.5 8.6 -11.5 0.5 0.15 -11.5 0.5 0.15 -11.5 1.6 0.15 -11.5 1.6 0.15 -11.5 0.5 0.15 -12.5 0.5 0.15 -12.5 0.5 0.15 -12.849 0.5 0.15 -12.849 1.6 8.6 -11.5 0.5 8.6 -12.849 1.243 0.15 -12.998 0.5 8.6 -12.5 0 0.15 -13.6 0.918 0.15 -13.783 1.697 0.15 -17.697 0.918 0.15 -18.217 2.4 0.15 -16 2.217 0.15 -15.082 1.697 0.15 -14.303 2.217 0.15 -16.918 3.002 0.15 -14.757 3.151 0.15 -15.5 3.151 0.15 -15.5 3.5 0.15 -15.5 3.5 0.15 -15.5 0 0.15 -18.4 3.5 0.15 -16.5 3.5 0.15 -16.5 3.5 8.6 -16.5 3.151 0.15 -16.5 3.151 0.15 -16.5 3.151 8.6 -16.5 4.5 0.15 -17.6 4.5 0.15 -17.6 4.5 8.6 -17.6 2.298 0.15 -13.702 4.5 0.15 -15.5 4.5 0.15 -15.5 4.5 0.15 -14.4 4.5 0.15 -14.4 3.151 8.6 -15.5 3.5 0.15 -17.6 3.5 0.15 -17.6 4.5 0.15 -16.5 4.5 0.15 -16.5 4.5 8.6 -14.4 4.5 8.6 -16.5 3.5 0.15 -14.4 3.5 0.15 -14.4 3.5 8.6 -14.4 3.5 8.6 -15.5 3.5 8.6 -17.6 4.5 8.6 -15.5 3.002 0.15 -17.243 1.243 0.15 -19.002 0.5 0.15 -19.151 0.5 0.15 -19.151 0.5 0.15 -19.5 0.5 0.15 -19.5 2.298 0.15 -18.298 0.5 0.15 -20.5 0.5 0.15 -20.5 1.6 0.15 -20.5 1.6 0.15 -20.5 0.5 8.6 -19.151 1.6 8.6 -20.5 1.6 0.15 -19.5 1.6 0.15 -19.5 1.6 8.6 -19.5 0.5 8.6 -19.5 0.5 8.6 -20.5 17.6 8.6 -12.5 17.6 0.15 -12.5 17.6 0.15 -12.5 15.5 0.15 -12.5 15.5 0.15 -12.5 15.5 8.6 -12.5 16.5 8.6 -11.5 16.5 0.15 -11.5 16.5 0.15 -11.5 14.4 8.6 -11.5 14.4 0.15 -11.5 14.4 0.15 -11.5 17.6 0.15 -11.5 17.6 0.15 -11.5 16.5 0.15 -12.5 16.5 0.15 -12.5 16.5 0.15 -12.849 16.5 0.15 -12.849 15.5 0.15 -12.849 15.5 0.15 -12.849 15.5 8.6 -12.849 14.4 0.15 -12.5 14.4 0.15 -12.5 15.5 0.15 -11.5 15.5 0.15 -11.5 14.4 8.6 -12.5 17.6 8.6 -11.5 15.5 8.6 -11.5 16.5 8.6 -12.849 17.243 0.15 -12.998 16.5 8.6 -12.5 14.757 0.15 -12.998 16 0.15 -13.6 16.918 0.15 -13.783 17.697 0.15 -17.697 16.918 0.15 -18.217 15.082 0.15 -13.783 18.4 0.15 -16 18.217 0.15 -15.082 17.697 0.15 -14.303 18.217 0.15 -16.918 19.002 0.15 -14.757 19.151 0.15 -15.5 19.151 0.15 -15.5 19.5 0.15 -15.5 19.5 0.15 -15.5 16 0.15 -18.4 19.5 0.15 -16.5 19.5 0.15 -16.5 19.5 8.6 -16.5 19.151 0.15 -16.5 19.151 0.15 -16.5 19.151 8.6 -16.5 20.5 0.15 -17.6 20.5 0.15 -17.6 20.5 8.6 -17.6 18.298 0.15 -13.702 20.5 0.15 -15.5 20.5 0.15 -15.5 20.5 0.15 -14.4 20.5 0.15 -14.4 19.151 8.6 -15.5 13.702 0.15 -18.298 14.757 0.15 -19.002 19.5 0.15 -17.6 19.5 0.15 -17.6 20.5 0.15 -16.5 20.5 0.15 -16.5 20.5 8.6 -14.4 20.5 8.6 -16.5 19.5 0.15 -14.4 19.5 0.15 -14.4 19.5 8.6 -14.4 19.5 8.6 -15.5 19.5 8.6 -17.6 20.5 8.6 -15.5 19.002 0.15 -17.243 15.082 0.15 -18.217 14.303 0.15 -17.697 17.243 0.15 -19.002 16.5 0.15 -19.151 16.5 0.15 -19.151 16.5 0.15 -19.5 16.5 0.15 -19.5 15.5 0.15 -19.5 15.5 0.15 -19.5 15.5 8.6 -19.5 15.5 0.15 -19.151 15.5 0.15 -19.151 15.5 8.6 -19.151 14.4 0.15 -20.5 14.4 0.15 -20.5 14.4 8.6 -20.5 18.298 0.15 -18.298 16.5 0.15 -20.5 16.5 0.15 -20.5 17.6 0.15 -20.5 17.6 0.15 -20.5 16.5 8.6 -19.151 14.4 0.15 -19.5 14.4 0.15 -19.5 15.5 0.15 -20.5 15.5 0.15 -20.5 17.6 8.6 -20.5 15.5 8.6 -20.5 17.6 0.15 -19.5 17.6 0.15 -19.5 17.6 8.6 -19.5 16.5 8.6 -19.5 14.4 8.6 -19.5 16.5 8.6 -20.5 13.6 0.15 -16 13.783 0.15 -16.918 13.702 0.15 -13.702 12.998 0.15 -14.757 13.783 0.15 -15.082 14.303 0.15 -14.303 12.998 0.15 -17.243 12.849 0.15 -16.5 12.849 0.15 -16.5 12.5 0.15 -16.5 12.5 0.15 -16.5 12.5 0.15 -15.5 12.5 0.15 -15.5 12.5 8.6 -15.5 12.849 0.15 -15.5 12.849 0.15 -15.5 12.849 8.6 -15.5 11.5 0.15 -14.4 11.5 0.15 -14.4 11.5 8.6 -14.4 11.5 0.15 -16.5 11.5 0.15 -16.5 11.5 0.15 -17.6 11.5 0.15 -17.6 12.849 8.6 -16.5 12.5 0.15 -14.4 12.5 0.15 -14.4 11.5 0.15 -15.5 11.5 0.15 -15.5 11.5 8.6 -17.6 11.5 8.6 -15.5 12.5 0.15 -17.6 12.5 0.15 -17.6 12.5 8.6 -17.6 12.5 8.6 -16.5 12.5 8.6 -14.4 11.5 8.6 -16.5 30.4 0.15 -16.5 28.5 0.15 -16.5 28.5 0.15 -16.5 28.5 0.15 -15.5 28.5 0.15 -15.5 28.5 8.6 -15.5 27.5 0.15 -14.4 27.5 0.15 -14.4 27.5 8.6 -14.4 27.5 0.15 -16.5 27.5 0.15 -16.5 27.5 0.15 -17.6 27.5 0.15 -17.6 28.5 0.15 -14.4 28.5 0.15 -14.4 27.5 0.15 -15.5 27.5 0.15 -15.5 30.4 0.15 -15.5 27.5 8.6 -17.6 27.5 8.6 -15.5 28.5 0.15 -17.6 28.5 0.15 -17.6 28.5 8.6 -17.6 28.5 8.6 -16.5 28.5 8.6 -14.4 27.5 8.6 -16.5 1.6 8.6 -28.5 1.6 0.15 -28.5 1.6 0.15 -28.5 0.5 8.6 -27.5 0.5 0.15 -27.5 0.5 0.15 -27.5 1.6 0.15 -27.5 1.6 0.15 -27.5 0.5 0.15 -28.5 0.5 0.15 -28.5 0.5 0.15 -30.4 1.6 8.6 -27.5 0.5 8.6 -28.5 17.6 8.6 -28.5 17.6 0.15 -28.5 17.6 0.15 -28.5 15.5 0.15 -28.5 15.5 0.15 -28.5 15.5 8.6 -28.5 16.5 8.6 -27.5 16.5 0.15 -27.5 16.5 0.15 -27.5 14.4 8.6 -27.5 14.4 0.15 -27.5 14.4 0.15 -27.5 17.6 0.15 -27.5 17.6 0.15 -27.5 16.5 0.15 -28.5 16.5 0.15 -28.5 16.5 0.15 -30.4 14.4 0.15 -28.5 14.4 0.15 -28.5 15.5 0.15 -27.5 15.5 0.15 -27.5 14.4 8.6 -28.5 17.6 8.6 -27.5 15.5 8.6 -27.5 16.5 8.6 -28.5 15.5 0.15 -30.4 8 0.15 -4.751 9.243 0.15 -4.998 10.298 0.15 -5.702 11.002 0.15 -6.757 11.249 0.15 -8 11.002 0.15 -9.243 10.298 0.15 -10.298 9.243 0.15 -11.002 8 0.15 -11.249 6.757 0.15 -11.002 5.702 0.15 -10.298 4.998 0.15 -9.243 4.751 0.15 -8 4.998 0.15 -6.757 5.702 0.15 -5.702 6.757 0.15 -4.998 7.082 0.15 -5.783 8 0.15 -5.6 6.303 0.15 -6.303 5.783 0.15 -7.082 5.6 0.15 -8 5.783 0.15 -8.918 6.303 0.15 -9.697 7.082 0.15 -10.217 8 0.15 -10.4 8.918 0.15 -10.217 9.697 0.15 -9.697 10.217 0.15 -8.918 10.4 0.15 -8 10.217 0.15 -7.082 9.697 0.15 -6.303 8.918 0.15 -5.783 24 0.15 -4.751 25.243 0.15 -4.998 26.298 0.15 -5.702 27.002 0.15 -6.757 27.249 0.15 -8 27.002 0.15 -9.243 26.298 0.15 -10.298 25.243 0.15 -11.002 24 0.15 -11.249 22.757 0.15 -11.002 21.702 0.15 -10.298 20.998 0.15 -9.243 20.751 0.15 -8 20.998 0.15 -6.757 21.702 0.15 -5.702 22.757 0.15 -4.998 23.082 0.15 -5.783 24 0.15 -5.6 22.303 0.15 -6.303 21.783 0.15 -7.082 21.6 0.15 -8 21.783 0.15 -8.918 22.303 0.15 -9.697 23.082 0.15 -10.217 24 0.15 -10.4 24.918 0.15 -10.217 25.697 0.15 -9.697 26.217 0.15 -8.918 26.4 0.15 -8 26.217 0.15 -7.082 25.697 0.15 -6.303 24.918 0.15 -5.783 8 0.15 -20.751 9.243 0.15 -20.998 10.298 0.15 -21.702 11.002 0.15 -22.757 11.249 0.15 -24 11.002 0.15 -25.243 10.298 0.15 -26.298 9.243 0.15 -27.002 8 0.15 -27.249 6.757 0.15 -27.002 5.702 0.15 -26.298 4.998 0.15 -25.243 4.751 0.15 -24 4.998 0.15 -22.757 5.702 0.15 -21.702 6.757 0.15 -20.998 7.082 0.15 -21.783 8 0.15 -21.6 6.303 0.15 -22.303 5.783 0.15 -23.082 5.6 0.15 -24 5.783 0.15 -24.918 6.303 0.15 -25.697 7.082 0.15 -26.217 8 0.15 -26.4 8.918 0.15 -26.217 9.697 0.15 -25.697 10.217 0.15 -24.918 10.4 0.15 -24 10.217 0.15 -23.082 9.697 0.15 -22.303 8.918 0.15 -21.783 24 0.15 -20.751 25.243 0.15 -20.998 26.298 0.15 -21.702 27.002 0.15 -22.757 27.249 0.15 -24 27.002 0.15 -25.243 26.298 0.15 -26.298 25.243 0.15 -27.002 24 0.15 -27.249 22.757 0.15 -27.002 21.702 0.15 -26.298 20.998 0.15 -25.243 20.751 0.15 -24 20.998 0.15 -22.757 21.702 0.15 -21.702 22.757 0.15 -20.998 23.082 0.15 -21.783 24 0.15 -21.6 22.303 0.15 -22.303 21.783 0.15 -23.082 21.6 0.15 -24 21.783 0.15 -24.918 22.303 0.15 -25.697 23.082 0.15 -26.217 24 0.15 -26.4 24.918 0.15 -26.217 25.697 0.15 -25.697 26.217 0.15 -24.918 26.4 0.15 -24 26.217 0.15 -23.082 25.697 0.15 -22.303 24.918 0.15 -21.783 31.96 0.02 -31.96 31.96 0.02 -31.96 31.96 9.58 -31.96 31.96 9.58 -31.96 30.4 0.02 -30.4 30.4 0.02 -30.4 30.4 8.6 -30.4 30.4 8.6 -30.4 28 11.4 -25.6 28.918 11.4 -25.783 20 11.4 -25.6 20.918 11.4 -25.783 12 11.4 -25.6 12.918 11.4 -25.783 4 11.4 -25.6 4.918 11.4 -25.783 29.697 11.4 -26.303 21.697 11.4 -26.303 13.697 11.4 -26.303 5.697 11.4 -26.303 30.217 11.4 -27.082 22.217 11.4 -27.082 14.217 11.4 -27.082 6.217 11.4 -27.082 30.4 11.4 -28 22.4 11.4 -28 14.4 11.4 -28 6.4 11.4 -28 30.217 11.4 -28.918 22.217 11.4 -28.918 14.217 11.4 -28.918 6.217 11.4 -28.918 29.697 11.4 -29.697 21.697 11.4 -29.697 13.697 11.4 -29.697 5.697 11.4 -29.697 28.918 11.4 -30.217 20.918 11.4 -30.217 12.918 11.4 -30.217 4.918 11.4 -30.217 28 11.4 -30.4 20 11.4 -30.4 12 11.4 -30.4 4 11.4 -30.4 27.082 11.4 -30.217 19.082 11.4 -30.217 11.082 11.4 -30.217 3.082 11.4 -30.217 26.303 11.4 -29.697 18.303 11.4 -29.697 10.303 11.4 -29.697 2.303 11.4 -29.697 25.783 11.4 -28.918 17.783 11.4 -28.918 9.783 11.4 -28.918 1.783 11.4 -28.918 25.6 11.4 -28 17.6 11.4 -28 9.6 11.4 -28 1.6 11.4 -28 25.783 11.4 -27.082 17.783 11.4 -27.082 9.783 11.4 -27.082 1.783 11.4 -27.082 26.303 11.4 -26.303 18.303 11.4 -26.303 10.303 11.4 -26.303 2.303 11.4 -26.303 27.082 11.4 -25.783 19.082 11.4 -25.783 11.082 11.4 -25.783 3.082 11.4 -25.783 27.082 11.4 -17.783 28 11.4 -17.6 19.082 11.4 -17.783 20 11.4 -17.6 11.082 11.4 -17.783 12 11.4 -17.6 3.082 11.4 -17.783 4 11.4 -17.6 26.303 11.4 -18.303 18.303 11.4 -18.303 10.303 11.4 -18.303 2.303 11.4 -18.303 25.783 11.4 -19.082 17.783 11.4 -19.082 9.783 11.4 -19.082 1.783 11.4 -19.082 25.6 11.4 -20 17.6 11.4 -20 9.6 11.4 -20 1.6 11.4 -20 25.783 11.4 -20.918 17.783 11.4 -20.918 9.783 11.4 -20.918 1.783 11.4 -20.918 26.303 11.4 -21.697 18.303 11.4 -21.697 10.303 11.4 -21.697 2.303 11.4 -21.697 27.082 11.4 -22.217 19.082 11.4 -22.217 11.082 11.4 -22.217 3.082 11.4 -22.217 28 11.4 -22.4 20 11.4 -22.4 12 11.4 -22.4 4 11.4 -22.4 28.918 11.4 -22.217 20.918 11.4 -22.217 12.918 11.4 -22.217 4.918 11.4 -22.217 29.697 11.4 -21.697 21.697 11.4 -21.697 13.697 11.4 -21.697 5.697 11.4 -21.697 30.217 11.4 -20.918 22.217 11.4 -20.918 14.217 11.4 -20.918 6.217 11.4 -20.918 30.4 11.4 -20 22.4 11.4 -20 14.4 11.4 -20 6.4 11.4 -20 30.217 11.4 -19.082 22.217 11.4 -19.082 14.217 11.4 -19.082 6.217 11.4 -19.082 29.697 11.4 -18.303 21.697 11.4 -18.303 13.697 11.4 -18.303 5.697 11.4 -18.303 28.918 11.4 -17.783 20.918 11.4 -17.783 12.918 11.4 -17.783 4.918 11.4 -17.783 27.082 11.4 -9.783 28 11.4 -9.6 19.082 11.4 -9.783 20 11.4 -9.6 11.082 11.4 -9.783 12 11.4 -9.6 3.082 11.4 -9.783 4 11.4 -9.6 26.303 11.4 -10.303 18.303 11.4 -10.303 10.303 11.4 -10.303 2.303 11.4 -10.303 25.783 11.4 -11.082 17.783 11.4 -11.082 9.783 11.4 -11.082 1.783 11.4 -11.082 25.6 11.4 -12 17.6 11.4 -12 9.6 11.4 -12 1.6 11.4 -12 25.783 11.4 -12.918 17.783 11.4 -12.918 9.783 11.4 -12.918 1.783 11.4 -12.918 26.303 11.4 -13.697 18.303 11.4 -13.697 10.303 11.4 -13.697 2.303 11.4 -13.697 27.082 11.4 -14.217 19.082 11.4 -14.217 11.082 11.4 -14.217 3.082 11.4 -14.217 28 11.4 -14.4 20 11.4 -14.4 12 11.4 -14.4 4 11.4 -14.4 28.918 11.4 -14.217 20.918 11.4 -14.217 12.918 11.4 -14.217 4.918 11.4 -14.217 29.697 11.4 -13.697 21.697 11.4 -13.697 13.697 11.4 -13.697 5.697 11.4 -13.697 30.217 11.4 -12.918 22.217 11.4 -12.918 14.217 11.4 -12.918 6.217 11.4 -12.918 30.4 11.4 -12 22.4 11.4 -12 14.4 11.4 -12 6.4 11.4 -12 30.217 11.4 -11.082 22.217 11.4 -11.082 14.217 11.4 -11.082 6.217 11.4 -11.082 29.697 11.4 -10.303 21.697 11.4 -10.303 13.697 11.4 -10.303 5.697 11.4 -10.303 28.918 11.4 -9.783 20.918 11.4 -9.783 12.918 11.4 -9.783 4.918 11.4 -9.783 4 11.4 -1.6 4.918 11.4 -1.783 12 11.4 -1.6 12.918 11.4 -1.783 20 11.4 -1.6 20.918 11.4 -1.783 28 11.4 -1.6 28.918 11.4 -1.783 5.697 11.4 -2.303 13.697 11.4 -2.303 21.697 11.4 -2.303 29.697 11.4 -2.303 6.217 11.4 -3.082 14.217 11.4 -3.082 22.217 11.4 -3.082 30.217 11.4 -3.082 6.4 11.4 -4 14.4 11.4 -4 22.4 11.4 -4 30.4 11.4 -4 6.217 11.4 -4.918 14.217 11.4 -4.918 22.217 11.4 -4.918 30.217 11.4 -4.918 5.697 11.4 -5.697 13.697 11.4 -5.697 21.697 11.4 -5.697 29.697 11.4 -5.697 4.918 11.4 -6.217 12.918 11.4 -6.217 20.918 11.4 -6.217 28.918 11.4 -6.217 4 11.4 -6.4 12 11.4 -6.4 20 11.4 -6.4 28 11.4 -6.4 3.082 11.4 -6.217 11.082 11.4 -6.217 19.082 11.4 -6.217 27.082 11.4 -6.217 2.303 11.4 -5.697 10.303 11.4 -5.697 18.303 11.4 -5.697 26.303 11.4 -5.697 1.783 11.4 -4.918 9.783 11.4 -4.918 17.783 11.4 -4.918 25.783 11.4 -4.918 1.6 11.4 -4 9.6 11.4 -4 17.6 11.4 -4 25.6 11.4 -4 1.783 11.4 -3.082 9.783 11.4 -3.082 17.783 11.4 -3.082 25.783 11.4 -3.082 2.303 11.4 -2.303 10.303 11.4 -2.303 18.303 11.4 -2.303 26.303 11.4 -2.303 3.082 11.4 -1.783 11.082 11.4 -1.783 19.082 11.4 -1.783 27.082 11.4 -1.783 0 0.02 -30.4 0 8.6 -30.4 0 0.02 -31.96 0 9.58 -31.96 -1.697 0.15 -1.697 -0.918 0.15 -2.217 -2.217 0.15 -0.918 -3.5 0.15 -0.5 -3.5 0.15 -0.5 -3.5 8.6 -0.5 -3.151 0.15 -0.5 -3.151 0.15 -0.5 -3.151 8.6 -0.5 -4.5 0.15 -1.6 -4.5 0.15 -1.6 -4.5 8.6 -1.6 -3.5 0.15 -1.6 -3.5 0.15 -1.6 -4.5 0.15 -0.5 -4.5 0.15 -0.5 -4.5 8.6 -0.5 -3.5 8.6 -1.6 -3.002 0.15 -1.243 -1.243 0.15 -3.002 -0.5 0.15 -3.151 -0.5 0.15 -3.151 -0.5 0.15 -3.5 -0.5 0.15 -3.5 -2.298 0.15 -2.298 -0.5 0.15 -4.5 -0.5 0.15 -4.5 -1.6 0.15 -4.5 -1.6 0.15 -4.5 -0.5 8.6 -3.151 -1.6 8.6 -4.5 -1.6 0.15 -3.5 -1.6 0.15 -3.5 -1.6 8.6 -3.5 -0.5 8.6 -3.5 -0.5 8.6 -4.5 -17.697 0.15 -1.697 -16.918 0.15 -2.217 -18.217 0.15 -0.918 -16 0.15 -2.4 -19.5 0.15 -0.5 -19.5 0.15 -0.5 -19.5 8.6 -0.5 -19.151 0.15 -0.5 -19.151 0.15 -0.5 -19.151 8.6 -0.5 -20.5 0.15 -1.6 -20.5 0.15 -1.6 -20.5 8.6 -1.6 -13.702 0.15 -2.298 -14.757 0.15 -3.002 -19.5 0.15 -1.6 -19.5 0.15 -1.6 -20.5 0.15 -0.5 -20.5 0.15 -0.5 -20.5 8.6 -0.5 -19.5 8.6 -1.6 -19.002 0.15 -1.243 -15.082 0.15 -2.217 -14.303 0.15 -1.697 -17.243 0.15 -3.002 -16.5 0.15 -3.151 -16.5 0.15 -3.151 -16.5 0.15 -3.5 -16.5 0.15 -3.5 -15.5 0.15 -3.5 -15.5 0.15 -3.5 -15.5 8.6 -3.5 -15.5 0.15 -3.151 -15.5 0.15 -3.151 -15.5 8.6 -3.151 -14.4 0.15 -4.5 -14.4 0.15 -4.5 -14.4 8.6 -4.5 -18.298 0.15 -2.298 -16.5 0.15 -4.5 -16.5 0.15 -4.5 -17.6 0.15 -4.5 -17.6 0.15 -4.5 -16.5 8.6 -3.151 -14.4 0.15 -3.5 -14.4 0.15 -3.5 -16.5 0.15 -8 -15.5 0.15 -4.5 -15.5 0.15 -4.5 -15.5 0.15 -8 -17.6 8.6 -4.5 -15.5 8.6 -4.5 -17.6 0.15 -3.5 -17.6 0.15 -3.5 -17.6 8.6 -3.5 -16.5 8.6 -3.5 -14.4 8.6 -3.5 -16.5 8.6 -4.5 -13.783 0.15 -0.918 -12.998 0.15 -1.243 -12.849 0.15 -0.5 -12.849 0.15 -0.5 -12.5 0.15 -0.5 -12.5 0.15 -0.5 -11.5 0.15 -0.5 -11.5 0.15 -0.5 -11.5 0.15 -1.6 -11.5 0.15 -1.6 -12.849 8.6 -0.5 -11.5 8.6 -1.6 -12.5 0.15 -1.6 -12.5 0.15 -1.6 -12.5 8.6 -1.6 -12.5 8.6 -0.5 -11.5 8.6 -0.5 -30.4 0.15 -0.5 -28.5 0.15 -0.5 -28.5 0.15 -0.5 -27.5 0.15 -0.5 -27.5 0.15 -0.5 -27.5 0.15 -1.6 -27.5 0.15 -1.6 -27.5 8.6 -1.6 -28.5 0.15 -1.6 -28.5 0.15 -1.6 -28.5 8.6 -1.6 -28.5 8.6 -0.5 -27.5 8.6 -0.5 -1.6 8.6 -12.5 -1.6 0.15 -12.5 -1.6 0.15 -12.5 -0.5 8.6 -11.5 -0.5 0.15 -11.5 -0.5 0.15 -11.5 -1.6 0.15 -11.5 -1.6 0.15 -11.5 -0.5 0.15 -12.5 -0.5 0.15 -12.5 -0.5 0.15 -12.849 -0.5 0.15 -12.849 -1.6 8.6 -11.5 -0.5 8.6 -12.849 -1.243 0.15 -12.998 -0.5 8.6 -12.5 -0.918 0.15 -13.783 -1.697 0.15 -17.697 -0.918 0.15 -18.217 -2.4 0.15 -16 -2.217 0.15 -15.082 -1.697 0.15 -14.303 -2.217 0.15 -16.918 -3.002 0.15 -14.757 -3.151 0.15 -15.5 -3.151 0.15 -15.5 -3.5 0.15 -15.5 -3.5 0.15 -15.5 -3.5 0.15 -16.5 -3.5 0.15 -16.5 -3.5 8.6 -16.5 -3.151 0.15 -16.5 -3.151 0.15 -16.5 -3.151 8.6 -16.5 -4.5 0.15 -17.6 -4.5 0.15 -17.6 -4.5 8.6 -17.6 -2.298 0.15 -13.702 -4.5 0.15 -15.5 -4.5 0.15 -15.5 -4.5 0.15 -14.4 -4.5 0.15 -14.4 -3.151 8.6 -15.5 -3.5 0.15 -17.6 -3.5 0.15 -17.6 -4.5 0.15 -16.5 -4.5 0.15 -16.5 -4.5 8.6 -14.4 -4.5 8.6 -16.5 -3.5 0.15 -14.4 -3.5 0.15 -14.4 -3.5 8.6 -14.4 -3.5 8.6 -15.5 -3.5 8.6 -17.6 -4.5 8.6 -15.5 -3.002 0.15 -17.243 -1.243 0.15 -19.002 -0.5 0.15 -19.151 -0.5 0.15 -19.151 -0.5 0.15 -19.5 -0.5 0.15 -19.5 -2.298 0.15 -18.298 -0.5 0.15 -20.5 -0.5 0.15 -20.5 -1.6 0.15 -20.5 -1.6 0.15 -20.5 -0.5 8.6 -19.151 -1.6 8.6 -20.5 -1.6 0.15 -19.5 -1.6 0.15 -19.5 -1.6 8.6 -19.5 -0.5 8.6 -19.5 -0.5 8.6 -20.5 -17.6 8.6 -12.5 -17.6 0.15 -12.5 -17.6 0.15 -12.5 -15.5 0.15 -12.5 -15.5 0.15 -12.5 -15.5 8.6 -12.5 -16.5 8.6 -11.5 -16.5 0.15 -11.5 -16.5 0.15 -11.5 -14.4 8.6 -11.5 -14.4 0.15 -11.5 -14.4 0.15 -11.5 -17.6 0.15 -11.5 -17.6 0.15 -11.5 -16.5 0.15 -12.5 -16.5 0.15 -12.5 -16.5 0.15 -12.849 -16.5 0.15 -12.849 -15.5 0.15 -12.849 -15.5 0.15 -12.849 -15.5 8.6 -12.849 -14.4 0.15 -12.5 -14.4 0.15 -12.5 -15.5 0.15 -11.5 -15.5 0.15 -11.5 -14.4 8.6 -12.5 -17.6 8.6 -11.5 -15.5 8.6 -11.5 -16.5 8.6 -12.849 -17.243 0.15 -12.998 -16.5 8.6 -12.5 -14.757 0.15 -12.998 -16 0.15 -13.6 -16.918 0.15 -13.783 -17.697 0.15 -17.697 -16.918 0.15 -18.217 -15.082 0.15 -13.783 -18.4 0.15 -16 -18.217 0.15 -15.082 -17.697 0.15 -14.303 -18.217 0.15 -16.918 -19.002 0.15 -14.757 -19.151 0.15 -15.5 -19.151 0.15 -15.5 -19.5 0.15 -15.5 -19.5 0.15 -15.5 -16 0.15 -18.4 -19.5 0.15 -16.5 -19.5 0.15 -16.5 -19.5 8.6 -16.5 -19.151 0.15 -16.5 -19.151 0.15 -16.5 -19.151 8.6 -16.5 -20.5 0.15 -17.6 -20.5 0.15 -17.6 -20.5 8.6 -17.6 -18.298 0.15 -13.702 -20.5 0.15 -15.5 -20.5 0.15 -15.5 -20.5 0.15 -14.4 -20.5 0.15 -14.4 -19.151 8.6 -15.5 -13.702 0.15 -18.298 -14.757 0.15 -19.002 -19.5 0.15 -17.6 -19.5 0.15 -17.6 -20.5 0.15 -16.5 -20.5 0.15 -16.5 -20.5 8.6 -14.4 -20.5 8.6 -16.5 -19.5 0.15 -14.4 -19.5 0.15 -14.4 -19.5 8.6 -14.4 -19.5 8.6 -15.5 -19.5 8.6 -17.6 -20.5 8.6 -15.5 -19.002 0.15 -17.243 -15.082 0.15 -18.217 -14.303 0.15 -17.697 -17.243 0.15 -19.002 -16.5 0.15 -19.151 -16.5 0.15 -19.151 -16.5 0.15 -19.5 -16.5 0.15 -19.5 -15.5 0.15 -19.5 -15.5 0.15 -19.5 -15.5 8.6 -19.5 -15.5 0.15 -19.151 -15.5 0.15 -19.151 -15.5 8.6 -19.151 -14.4 0.15 -20.5 -14.4 0.15 -20.5 -14.4 8.6 -20.5 -18.298 0.15 -18.298 -16.5 0.15 -20.5 -16.5 0.15 -20.5 -17.6 0.15 -20.5 -17.6 0.15 -20.5 -16.5 8.6 -19.151 -14.4 0.15 -19.5 -14.4 0.15 -19.5 -15.5 0.15 -20.5 -15.5 0.15 -20.5 -17.6 8.6 -20.5 -15.5 8.6 -20.5 -17.6 0.15 -19.5 -17.6 0.15 -19.5 -17.6 8.6 -19.5 -16.5 8.6 -19.5 -14.4 8.6 -19.5 -16.5 8.6 -20.5 -13.6 0.15 -16 -13.783 0.15 -16.918 -13.702 0.15 -13.702 -12.998 0.15 -14.757 -13.783 0.15 -15.082 -14.303 0.15 -14.303 -12.998 0.15 -17.243 -12.849 0.15 -16.5 -12.849 0.15 -16.5 -12.5 0.15 -16.5 -12.5 0.15 -16.5 -12.5 0.15 -15.5 -12.5 0.15 -15.5 -12.5 8.6 -15.5 -12.849 0.15 -15.5 -12.849 0.15 -15.5 -12.849 8.6 -15.5 -11.5 0.15 -14.4 -11.5 0.15 -14.4 -11.5 8.6 -14.4 -11.5 0.15 -16.5 -11.5 0.15 -16.5 -11.5 0.15 -17.6 -11.5 0.15 -17.6 -12.849 8.6 -16.5 -12.5 0.15 -14.4 -12.5 0.15 -14.4 -11.5 0.15 -15.5 -11.5 0.15 -15.5 -11.5 8.6 -17.6 -11.5 8.6 -15.5 -12.5 0.15 -17.6 -12.5 0.15 -17.6 -12.5 8.6 -17.6 -12.5 8.6 -16.5 -12.5 8.6 -14.4 -11.5 8.6 -16.5 -30.4 0.15 -16.5 -28.5 0.15 -16.5 -28.5 0.15 -16.5 -28.5 0.15 -15.5 -28.5 0.15 -15.5 -28.5 8.6 -15.5 -27.5 0.15 -14.4 -27.5 0.15 -14.4 -27.5 8.6 -14.4 -27.5 0.15 -16.5 -27.5 0.15 -16.5 -27.5 0.15 -17.6 -27.5 0.15 -17.6 -28.5 0.15 -14.4 -28.5 0.15 -14.4 -27.5 0.15 -15.5 -27.5 0.15 -15.5 -30.4 0.15 -15.5 -27.5 8.6 -17.6 -27.5 8.6 -15.5 -28.5 0.15 -17.6 -28.5 0.15 -17.6 -28.5 8.6 -17.6 -28.5 8.6 -16.5 -28.5 8.6 -14.4 -27.5 8.6 -16.5 -1.6 8.6 -28.5 -1.6 0.15 -28.5 -1.6 0.15 -28.5 -0.5 8.6 -27.5 -0.5 0.15 -27.5 -0.5 0.15 -27.5 -1.6 0.15 -27.5 -1.6 0.15 -27.5 -0.5 0.15 -28.5 -0.5 0.15 -28.5 -0.5 0.15 -30.4 -1.6 8.6 -27.5 -0.5 8.6 -28.5 -17.6 8.6 -28.5 -17.6 0.15 -28.5 -17.6 0.15 -28.5 -15.5 0.15 -28.5 -15.5 0.15 -28.5 -15.5 8.6 -28.5 -16.5 8.6 -27.5 -16.5 0.15 -27.5 -16.5 0.15 -27.5 -14.4 8.6 -27.5 -14.4 0.15 -27.5 -14.4 0.15 -27.5 -17.6 0.15 -27.5 -17.6 0.15 -27.5 -16.5 0.15 -28.5 -16.5 0.15 -28.5 -16.5 0.15 -30.4 -14.4 0.15 -28.5 -14.4 0.15 -28.5 -15.5 0.15 -27.5 -15.5 0.15 -27.5 -14.4 8.6 -28.5 -17.6 8.6 -27.5 -15.5 8.6 -27.5 -16.5 8.6 -28.5 -15.5 0.15 -30.4 -8 0.15 -4.751 -9.243 0.15 -4.998 -10.298 0.15 -5.702 -11.002 0.15 -6.757 -11.249 0.15 -8 -11.002 0.15 -9.243 -10.298 0.15 -10.298 -9.243 0.15 -11.002 -8 0.15 -11.249 -6.757 0.15 -11.002 -5.702 0.15 -10.298 -4.998 0.15 -9.243 -4.751 0.15 -8 -4.998 0.15 -6.757 -5.702 0.15 -5.702 -6.757 0.15 -4.998 -7.082 0.15 -5.783 -8 0.15 -5.6 -6.303 0.15 -6.303 -5.783 0.15 -7.082 -5.6 0.15 -8 -5.783 0.15 -8.918 -6.303 0.15 -9.697 -7.082 0.15 -10.217 -8 0.15 -10.4 -8.918 0.15 -10.217 -9.697 0.15 -9.697 -10.217 0.15 -8.918 -10.4 0.15 -8 -10.217 0.15 -7.082 -9.697 0.15 -6.303 -8.918 0.15 -5.783 -24 0.15 -4.751 -25.243 0.15 -4.998 -26.298 0.15 -5.702 -27.002 0.15 -6.757 -27.249 0.15 -8 -27.002 0.15 -9.243 -26.298 0.15 -10.298 -25.243 0.15 -11.002 -24 0.15 -11.249 -22.757 0.15 -11.002 -21.702 0.15 -10.298 -20.998 0.15 -9.243 -20.751 0.15 -8 -20.998 0.15 -6.757 -21.702 0.15 -5.702 -22.757 0.15 -4.998 -23.082 0.15 -5.783 -24 0.15 -5.6 -22.303 0.15 -6.303 -21.783 0.15 -7.082 -21.6 0.15 -8 -21.783 0.15 -8.918 -22.303 0.15 -9.697 -23.082 0.15 -10.217 -24 0.15 -10.4 -24.918 0.15 -10.217 -25.697 0.15 -9.697 -26.217 0.15 -8.918 -26.4 0.15 -8 -26.217 0.15 -7.082 -25.697 0.15 -6.303 -24.918 0.15 -5.783 -8 0.15 -20.751 -9.243 0.15 -20.998 -10.298 0.15 -21.702 -11.002 0.15 -22.757 -11.249 0.15 -24 -11.002 0.15 -25.243 -10.298 0.15 -26.298 -9.243 0.15 -27.002 -8 0.15 -27.249 -6.757 0.15 -27.002 -5.702 0.15 -26.298 -4.998 0.15 -25.243 -4.751 0.15 -24 -4.998 0.15 -22.757 -5.702 0.15 -21.702 -6.757 0.15 -20.998 -7.082 0.15 -21.783 -8 0.15 -21.6 -6.303 0.15 -22.303 -5.783 0.15 -23.082 -5.6 0.15 -24 -5.783 0.15 -24.918 -6.303 0.15 -25.697 -7.082 0.15 -26.217 -8 0.15 -26.4 -8.918 0.15 -26.217 -9.697 0.15 -25.697 -10.217 0.15 -24.918 -10.4 0.15 -24 -10.217 0.15 -23.082 -9.697 0.15 -22.303 -8.918 0.15 -21.783 -24 0.15 -20.751 -25.243 0.15 -20.998 -26.298 0.15 -21.702 -27.002 0.15 -22.757 -27.249 0.15 -24 -27.002 0.15 -25.243 -26.298 0.15 -26.298 -25.243 0.15 -27.002 -24 0.15 -27.249 -22.757 0.15 -27.002 -21.702 0.15 -26.298 -20.998 0.15 -25.243 -20.751 0.15 -24 -20.998 0.15 -22.757 -21.702 0.15 -21.702 -22.757 0.15 -20.998 -23.082 0.15 -21.783 -24 0.15 -21.6 -22.303 0.15 -22.303 -21.783 0.15 -23.082 -21.6 0.15 -24 -21.783 0.15 -24.918 -22.303 0.15 -25.697 -23.082 0.15 -26.217 -24 0.15 -26.4 -24.918 0.15 -26.217 -25.697 0.15 -25.697 -26.217 0.15 -24.918 -26.4 0.15 -24 -26.217 0.15 -23.082 -25.697 0.15 -22.303 -24.918 0.15 -21.783 -31.96 0.02 -31.96 -31.96 0.02 -31.96 -31.96 9.58 -31.96 -31.96 9.58 -31.96 -30.4 0.02 -30.4 -30.4 0.02 -30.4 -30.4 8.6 -30.4 -30.4 8.6 -30.4 -28 11.4 -25.6 -28.918 11.4 -25.783 -20 11.4 -25.6 -20.918 11.4 -25.783 -12 11.4 -25.6 -12.918 11.4 -25.783 -4 11.4 -25.6 -4.918 11.4 -25.783 -29.697 11.4 -26.303 -21.697 11.4 -26.303 -13.697 11.4 -26.303 -5.697 11.4 -26.303 -30.217 11.4 -27.082 -22.217 11.4 -27.082 -14.217 11.4 -27.082 -6.217 11.4 -27.082 -30.4 11.4 -28 -22.4 11.4 -28 -14.4 11.4 -28 -6.4 11.4 -28 -30.217 11.4 -28.918 -22.217 11.4 -28.918 -14.217 11.4 -28.918 -6.217 11.4 -28.918 -29.697 11.4 -29.697 -21.697 11.4 -29.697 -13.697 11.4 -29.697 -5.697 11.4 -29.697 -28.918 11.4 -30.217 -20.918 11.4 -30.217 -12.918 11.4 -30.217 -4.918 11.4 -30.217 -28 11.4 -30.4 -20 11.4 -30.4 -12 11.4 -30.4 -4 11.4 -30.4 -27.082 11.4 -30.217 -19.082 11.4 -30.217 -11.082 11.4 -30.217 -3.082 11.4 -30.217 -26.303 11.4 -29.697 -18.303 11.4 -29.697 -10.303 11.4 -29.697 -2.303 11.4 -29.697 -25.783 11.4 -28.918 -17.783 11.4 -28.918 -9.783 11.4 -28.918 -1.783 11.4 -28.918 -25.6 11.4 -28 -17.6 11.4 -28 -9.6 11.4 -28 -1.6 11.4 -28 -25.783 11.4 -27.082 -17.783 11.4 -27.082 -9.783 11.4 -27.082 -1.783 11.4 -27.082 -26.303 11.4 -26.303 -18.303 11.4 -26.303 -10.303 11.4 -26.303 -2.303 11.4 -26.303 -27.082 11.4 -25.783 -19.082 11.4 -25.783 -11.082 11.4 -25.783 -3.082 11.4 -25.783 -27.082 11.4 -17.783 -28 11.4 -17.6 -19.082 11.4 -17.783 -20 11.4 -17.6 -11.082 11.4 -17.783 -12 11.4 -17.6 -3.082 11.4 -17.783 -4 11.4 -17.6 -26.303 11.4 -18.303 -18.303 11.4 -18.303 -10.303 11.4 -18.303 -2.303 11.4 -18.303 -25.783 11.4 -19.082 -17.783 11.4 -19.082 -9.783 11.4 -19.082 -1.783 11.4 -19.082 -25.6 11.4 -20 -17.6 11.4 -20 -9.6 11.4 -20 -1.6 11.4 -20 -25.783 11.4 -20.918 -17.783 11.4 -20.918 -9.783 11.4 -20.918 -1.783 11.4 -20.918 -26.303 11.4 -21.697 -18.303 11.4 -21.697 -10.303 11.4 -21.697 -2.303 11.4 -21.697 -27.082 11.4 -22.217 -19.082 11.4 -22.217 -11.082 11.4 -22.217 -3.082 11.4 -22.217 -28 11.4 -22.4 -20 11.4 -22.4 -12 11.4 -22.4 -4 11.4 -22.4 -28.918 11.4 -22.217 -20.918 11.4 -22.217 -12.918 11.4 -22.217 -4.918 11.4 -22.217 -29.697 11.4 -21.697 -21.697 11.4 -21.697 -13.697 11.4 -21.697 -5.697 11.4 -21.697 -30.217 11.4 -20.918 -22.217 11.4 -20.918 -14.217 11.4 -20.918 -6.217 11.4 -20.918 -30.4 11.4 -20 -22.4 11.4 -20 -14.4 11.4 -20 -6.4 11.4 -20 -30.217 11.4 -19.082 -22.217 11.4 -19.082 -14.217 11.4 -19.082 -6.217 11.4 -19.082 -29.697 11.4 -18.303 -21.697 11.4 -18.303 -13.697 11.4 -18.303 -5.697 11.4 -18.303 -28.918 11.4 -17.783 -20.918 11.4 -17.783 -12.918 11.4 -17.783 -4.918 11.4 -17.783 -27.082 11.4 -9.783 -28 11.4 -9.6 -19.082 11.4 -9.783 -20 11.4 -9.6 -11.082 11.4 -9.783 -12 11.4 -9.6 -3.082 11.4 -9.783 -4 11.4 -9.6 -26.303 11.4 -10.303 -18.303 11.4 -10.303 -10.303 11.4 -10.303 -2.303 11.4 -10.303 -25.783 11.4 -11.082 -17.783 11.4 -11.082 -9.783 11.4 -11.082 -1.783 11.4 -11.082 -25.6 11.4 -12 -17.6 11.4 -12 -9.6 11.4 -12 -1.6 11.4 -12 -25.783 11.4 -12.918 -17.783 11.4 -12.918 -9.783 11.4 -12.918 -1.783 11.4 -12.918 -26.303 11.4 -13.697 -18.303 11.4 -13.697 -10.303 11.4 -13.697 -2.303 11.4 -13.697 -27.082 11.4 -14.217 -19.082 11.4 -14.217 -11.082 11.4 -14.217 -3.082 11.4 -14.217 -28 11.4 -14.4 -20 11.4 -14.4 -12 11.4 -14.4 -4 11.4 -14.4 -28.918 11.4 -14.217 -20.918 11.4 -14.217 -12.918 11.4 -14.217 -4.918 11.4 -14.217 -29.697 11.4 -13.697 -21.697 11.4 -13.697 -13.697 11.4 -13.697 -5.697 11.4 -13.697 -30.217 11.4 -12.918 -22.217 11.4 -12.918 -14.217 11.4 -12.918 -6.217 11.4 -12.918 -30.4 11.4 -12 -22.4 11.4 -12 -14.4 11.4 -12 -6.4 11.4 -12 -30.217 11.4 -11.082 -22.217 11.4 -11.082 -14.217 11.4 -11.082 -6.217 11.4 -11.082 -29.697 11.4 -10.303 -21.697 11.4 -10.303 -13.697 11.4 -10.303 -5.697 11.4 -10.303 -28.918 11.4 -9.783 -20.918 11.4 -9.783 -12.918 11.4 -9.783 -4.918 11.4 -9.783 -4 11.4 -1.6 -4.918 11.4 -1.783 -12 11.4 -1.6 -12.918 11.4 -1.783 -20 11.4 -1.6 -20.918 11.4 -1.783 -28 11.4 -1.6 -28.918 11.4 -1.783 -5.697 11.4 -2.303 -13.697 11.4 -2.303 -21.697 11.4 -2.303 -29.697 11.4 -2.303 -6.217 11.4 -3.082 -14.217 11.4 -3.082 -22.217 11.4 -3.082 -30.217 11.4 -3.082 -6.4 11.4 -4 -14.4 11.4 -4 -22.4 11.4 -4 -30.4 11.4 -4 -6.217 11.4 -4.918 -14.217 11.4 -4.918 -22.217 11.4 -4.918 -30.217 11.4 -4.918 -5.697 11.4 -5.697 -13.697 11.4 -5.697 -21.697 11.4 -5.697 -29.697 11.4 -5.697 -4.918 11.4 -6.217 -12.918 11.4 -6.217 -20.918 11.4 -6.217 -28.918 11.4 -6.217 -4 11.4 -6.4 -12 11.4 -6.4 -20 11.4 -6.4 -28 11.4 -6.4 -3.082 11.4 -6.217 -11.082 11.4 -6.217 -19.082 11.4 -6.217 -27.082 11.4 -6.217 -2.303 11.4 -5.697 -10.303 11.4 -5.697 -18.303 11.4 -5.697 -26.303 11.4 -5.697 -1.783 11.4 -4.918 -9.783 11.4 -4.918 -17.783 11.4 -4.918 -25.783 11.4 -4.918 -1.6 11.4 -4 -9.6 11.4 -4 -17.6 11.4 -4 -25.6 11.4 -4 -1.783 11.4 -3.082 -9.783 11.4 -3.082 -17.783 11.4 -3.082 -25.783 11.4 -3.082 -2.303 11.4 -2.303 -10.303 11.4 -2.303 -18.303 11.4 -2.303 -26.303 11.4 -2.303 -3.082 11.4 -1.783 -11.082 11.4 -1.783 -19.082 11.4 -1.783 -27.082 11.4 -1.783</float_array>
					<technique_common>
						<accessor source="#43802.json-mesh-positions-array" count="7934" stride="3">
							<param name="X" type="float"/>
							<param name="Y" type="float"/>
							<param name="Z" type="float"/>
						</accessor>
					</technique_common>
				</source>
				<vertices id="43802.json-mesh-vertices">
					<input semantic="POSITION" source="#43802.json-mesh-positions"/>
				</vertices>
				<triangles material="MB|5-material" count="6984">
					<input semantic="VERTEX" source="#43802.json-mesh-vertices" offset="0"/>
					<p>4755 2699 4816 2699 2696 4816 4698 17 4701 17 4 4701 4714 4716 4709 4716 4711 4709 5 4718 20 4718 15 20 4699 4702 18 4702 1169 18 4719 4720 19 4720 1174 19 4703 8 4707 8 4708 4707 2330 2333 4 2333 4701 4 4718 5 4706 5 4700 4706 0 4724 14 4724 3 14 5079 4891 5078 4891 175 5078 0 31 4724 31 16 4724 4704 4715 4712 4715 4710 4712 3 6 14 6 13 14 4713 4717 11 4717 4705 11 9 1 10 1 2 10 4721 4729 4722 4729 28 4722 4698 4699 17 4699 18 17 19 20 4719 20 15 4719 4732 23 4733 23 4734 4733 4890 5080 1531 5080 1528 1531 4728 4731 26 4731 27 26 4723 24 4725 24 4727 4725 16 31 21 31 30 21 1526 1527 4723 1527 4720 4723 1526 4723 1525 4723 4725 1525 4726 25 4735 25 4730 4735 305 4867 296 4867 156 296 4736 57 4739 57 37 4739 4754 4756 4747 4756 4749 4747 38 4758 60 4758 52 60 77 68 66 68 82 66 4737 4740 58 4740 54 58 4785 4788 4772 4788 4774 4772 4761 4762 59 4762 63 59 4741 41 4745 41 4746 4745 2365 2368 37 2368 4739 37 4758 38 4744 38 4738 4744 36 47 4775 47 33 4775 4783 4777 83 4777 4794 83 4760 56 4759 56 55 4759 62 4751 61 4751 4750 61 33 86 4775 86 53 4775 4742 4755 4752 4755 4748 4752 36 39 47 39 46 47 4753 4757 44 4757 4743 44 42 34 43 34 35 43 4766 69 4770 69 4771 4770 4763 4780 4764 4780 80 4764 4736 4737 57 4737 58 57 54 4740 55 4740 4759 55 59 60 4761 60 52 4761 4751 62 4769 62 63 4769 50 87 51 87 32 51 4790 71 4791 71 4792 4791 4786 4784 67 4784 4776 67 4779 4789 78 4789 79 78 4765 72 4776 72 4778 4776 53 86 64 86 85 64 4762 4769 63 4767 4784 4781 4784 4773 4781 4767 4769 4765 4769 4762 4765 4767 4765 4784 4765 4776 4784 70 73 81 73 4787 81 50 65 87 65 84 87 4782 4793 76 4793 4768 76 74 48 75 48 49 75 90 4795 89 4795 2419 89 4797 4798 4796 4798 2422 4796 32 101 51 101 88 51 4799 4806 4800 4806 98 4800 4760 90 56 90 89 56 4796 61 4797 61 4750 4797 4809 93 4810 93 4811 4810 12 4803 7 4803 99 7 4805 4808 96 4808 97 96 4801 94 4802 94 4804 4802 88 101 91 101 100 91 2703 2704 4801 2704 4798 4801 2703 4801 2702 4801 4802 2702 92 95 4812 95 4807 4812 102 111 4814 111 109 4814 4822 104 4823 104 4824 4823 45 4817 40 4817 110 40 4819 4821 107 4821 108 107 4815 105 4816 105 4818 4816 2697 2698 4815 2698 4813 4815 2697 4815 2696 4815 4816 2696 103 106 4825 106 4820 4825 4834 4831 4828 4831 4832 4828 4840 4837 112 4837 4839 112 4827 4826 115 4826 4841 115 4833 4838 116 4838 150 116 4835 118 4836 118 113 4836 327 4959 318 4959 239 318 4866 5039 4873 5039 5032 4873 133 136 132 136 129 132 4844 163 4849 163 130 4849 4874 4876 4862 4876 4864 4862 135 4883 166 4883 161 166 4850 4851 4847 4851 4846 4847 123 159 4865 159 128 4865 4845 4855 164 4855 1319 164 4884 4885 165 4885 1324 165 134 131 4843 131 139 4843 1295 4842 139 4842 4843 139 4830 4829 117 4829 151 117 4856 141 4860 141 4861 4860 4852 4870 4853 4870 155 4853 134 133 131 133 132 131 129 136 130 136 4849 130 4847 4848 4850 4848 127 4850 4883 135 4859 135 4846 4859 126 160 4889 160 122 4889 4878 143 4879 143 4880 4879 4725 4831 1525 4831 1522 1525 122 177 4889 177 162 4889 121 149 4848 149 127 4848 149 121 120 121 1275 120 4840 112 4865 112 123 4865 152 5033 140 5033 309 140 4869 4877 153 4877 154 153 4854 144 4866 144 4868 4866 128 159 137 159 158 137 4851 4859 4846 4857 4873 4871 4873 4863 4871 4857 4859 4854 4859 4851 4854 4857 4854 4873 4854 4866 4873 142 145 4882 145 4875 4882 126 138 160 138 157 160 4872 4881 148 4881 4858 148 146 124 147 124 125 147 4886 4894 4887 4894 174 4887 4844 4845 163 4845 164 163 165 166 4884 166 161 4884 4897 169 4898 169 4899 4898 4893 4896 172 4896 173 172 4888 170 4890 170 4892 4890 162 177 167 177 176 167 1532 1533 4888 1533 4885 4888 1532 4888 1531 4888 4890 1531 168 171 4900 171 4895 4900 67 4909 4786 4909 4924 4786 4911 4922 4910 4922 184 4910 4905 4923 4924 4923 4912 4924 4932 179 4919 179 180 4919 4920 4917 198 4915 4909 4903 4909 4913 4903 4915 4917 4905 4917 4920 4905 4915 4905 4909 4905 4924 4909 4925 190 4928 190 185 4928 4930 4918 178 4918 4929 178 4902 4901 4916 4901 4931 4916 4914 4927 188 4927 233 188 4908 4783 4907 4783 83 4907 187 194 196 194 181 196 68 193 82 193 182 82 197 4921 4904 4921 4906 4904 4937 4933 210 4933 221 210 5017 4937 288 4937 210 288 5095 4996 5094 4996 275 5094 4958 5064 4967 5064 5058 4967 214 217 213 217 208 213 4935 253 4941 253 211 4941 4968 4970 4954 4970 4956 4954 216 4977 256 4977 248 256 4942 4943 4939 4943 4938 4939 202 242 4957 242 207 4957 114 22 119 22 29 119 4936 4947 254 4947 250 254 5003 5005 4991 5005 4993 4991 4980 4981 255 4981 259 255 215 212 4934 212 220 4934 221 4933 220 4933 4934 220 186 195 189 195 234 189 209 291 222 291 5014 222 4948 224 4952 224 4953 4952 4944 4962 4945 4962 238 4945 215 214 212 214 213 212 208 217 211 217 4941 211 4939 4940 4942 4940 206 4942 4977 216 4951 216 4938 4951 205 243 4994 243 201 4994 4972 226 4973 226 4974 4973 4995 5096 5002 5096 5107 5002 4979 252 4978 252 251 4978 258 4964 257 4964 4963 257 201 278 4994 278 249 4994 199 232 4940 232 206 4940 232 199 4917 199 198 4917 222 4920 209 4920 198 209 4930 178 4957 178 202 4957 235 5059 223 5059 331 223 4961 4971 236 4971 237 236 4946 227 4958 227 4960 4958 207 242 218 242 241 218 4943 4951 4938 4949 4967 4965 4967 4955 4965 4949 4951 4946 4951 4943 4946 4949 4946 4967 4946 4958 4967 225 228 4976 228 4969 4976 205 219 243 219 240 243 4966 4975 231 4975 4950 231 229 203 230 203 204 230 280 179 284 179 4932 284 191 192 4926 192 183 4926 4985 263 4989 263 4990 4989 4982 4999 4983 4999 274 4983 4935 4936 253 4936 254 253 250 4947 251 4947 4978 251 255 256 4980 256 248 4980 4964 258 4988 258 259 4988 246 279 247 279 200 247 5007 265 5008 265 5009 5008 271 5108 262 5108 346 262 4998 5006 272 5006 273 272 4984 266 4995 266 4997 4995 249 278 260 278 277 260 4981 4988 259 4986 5002 5000 5002 4992 5000 4986 4988 4984 4988 4981 4984 4986 4984 5002 4984 4995 5002 264 267 5011 267 5004 5011 246 261 279 261 276 279 5001 5010 270 5010 4987 270 268 244 269 244 245 269 290 5012 289 5012 286 289 5040 5042 5029 5042 5031 5029 5018 5019 5013 5019 293 5013 5017 288 5016 288 287 5016 292 5015 291 5015 5014 291 200 312 247 312 285 247 5023 297 5027 297 5028 5027 5020 5036 5021 5036 308 5021 4979 290 252 290 289 252 286 5012 287 5012 5016 287 5013 257 5018 257 4963 5018 5015 292 5026 292 293 5026 283 313 284 313 280 284 5044 299 5045 299 5046 5045 5035 5043 306 5043 307 306 5022 300 5032 300 5034 5032 285 312 294 312 311 294 5019 5026 293 5024 5039 5037 5039 5030 5037 5024 5026 5022 5026 5019 5022 5024 5022 5039 5022 5032 5039 298 301 5048 301 5041 5048 283 295 313 295 310 313 5038 5047 304 5047 5025 304 302 281 303 281 282 303 5065 5068 5055 5068 5057 5055 5052 319 317 319 332 317 316 333 5050 333 330 5050 5070 321 5071 321 5072 5071 5061 5069 328 5069 329 328 5051 322 5058 322 5060 5058 5053 5064 5062 5064 5056 5062 5053 5066 5051 5066 5049 5051 5053 5051 5064 5051 5058 5064 320 323 5074 323 5067 5074 5063 5073 326 5073 5054 326 324 314 325 314 315 325 5083 5080 5077 5080 5081 5077 5076 5075 336 5075 5087 336 5082 5086 337 5086 342 337 5084 339 5085 339 334 5085 335 340 338 340 343 338 5098 5105 5097 5105 348 5097 5092 5106 5107 5106 5099 5107 5102 5096 5090 5096 5100 5090 5102 5104 5092 5104 361 5092 5102 5092 5096 5092 5107 5096 357 354 5111 354 349 5111 5089 5088 5103 5088 5112 5103 5101 5110 352 5110 362 352 351 358 360 358 345 360 5113 344 5091 344 5093 5091 350 359 353 359 363 353 355 356 5109 356 347 5109 364 379 5129 379 5114 5129 365 364 5128 364 5129 5128 5128 5127 365 5127 366 365 5127 5126 366 5126 367 366 5126 5125 367 5125 368 367 5124 369 5125 369 368 5125 5123 370 5124 370 369 5124 5123 5122 370 5122 371 370 5121 372 5122 372 371 5122 5121 5120 372 5120 373 372 5119 374 5120 374 373 5120 5118 375 5119 375 374 5119 5117 376 5118 376 375 5118 5117 5116 376 5116 377 376 5115 378 5116 378 377 5116 5114 379 5115 379 378 5115 5131 380 5145 380 381 5145 5145 381 5144 381 382 5144 5143 5144 383 5144 382 383 5143 383 5142 383 384 5142 5142 384 5141 384 385 5141 5141 385 5140 385 386 5140 5139 5140 387 5140 386 387 5139 387 5138 387 388 5138 5137 5138 389 5138 388 389 5137 389 5136 389 390 5136 5136 390 5135 390 391 5135 5134 5135 392 5135 391 392 5133 5134 393 5134 392 393 5132 5133 394 5133 393 394 5130 5132 395 5132 394 395 5131 5130 380 5130 395 380 396 427 397 427 426 397 425 398 426 398 397 426 425 424 398 424 399 398 423 400 424 400 399 424 422 401 423 401 400 423 421 402 422 402 401 422 421 420 402 420 403 402 419 404 420 404 403 420 419 418 404 418 405 404 417 406 418 406 405 418 416 407 417 407 406 417 416 415 407 415 408 407 415 414 408 414 409 408 414 413 409 413 410 409 413 412 410 412 411 410 412 427 411 427 396 411 428 443 5161 443 5146 5161 429 428 5160 428 5161 5160 5160 5159 429 5159 430 429 5159 5158 430 5158 431 430 5158 5157 431 5157 432 431 5156 433 5157 433 432 5157 5155 434 5156 434 433 5156 5155 5154 434 5154 435 434 5153 436 5154 436 435 5154 5153 5152 436 5152 437 436 5151 438 5152 438 437 5152 5150 439 5151 439 438 5151 5149 440 5150 440 439 5150 5149 5148 440 5148 441 440 5147 442 5148 442 441 5148 5146 443 5147 443 442 5147 5163 444 5177 444 445 5177 5177 445 5176 445 446 5176 5175 5176 447 5176 446 447 5175 447 5174 447 448 5174 5174 448 5173 448 449 5173 5173 449 5172 449 450 5172 5171 5172 451 5172 450 451 5171 451 5170 451 452 5170 5169 5170 453 5170 452 453 5169 453 5168 453 454 5168 5168 454 5167 454 455 5167 5166 5167 456 5167 455 456 5165 5166 457 5166 456 457 5164 5165 458 5165 457 458 5162 5164 459 5164 458 459 5163 5162 444 5162 459 444 460 491 461 491 490 461 489 462 490 462 461 490 489 488 462 488 463 462 487 464 488 464 463 488 486 465 487 465 464 487 485 466 486 466 465 486 485 484 466 484 467 466 483 468 484 468 467 484 483 482 468 482 469 468 481 470 482 470 469 482 480 471 481 471 470 481 480 479 471 479 472 471 479 478 472 478 473 472 478 477 473 477 474 473 477 476 474 476 475 474 476 491 475 491 460 475 492 507 5193 507 5178 5193 493 492 5192 492 5193 5192 5192 5191 493 5191 494 493 5191 5190 494 5190 495 494 5190 5189 495 5189 496 495 5188 497 5189 497 496 5189 5187 498 5188 498 497 5188 5187 5186 498 5186 499 498 5185 500 5186 500 499 5186 5185 5184 500 5184 501 500 5183 502 5184 502 501 5184 5182 503 5183 503 502 5183 5181 504 5182 504 503 5182 5181 5180 504 5180 505 504 5179 506 5180 506 505 5180 5178 507 5179 507 506 5179 5195 508 5209 508 509 5209 5209 509 5208 509 510 5208 5207 5208 511 5208 510 511 5207 511 5206 511 512 5206 5206 512 5205 512 513 5205 5205 513 5204 513 514 5204 5203 5204 515 5204 514 515 5203 515 5202 515 516 5202 5201 5202 517 5202 516 517 5201 517 5200 517 518 5200 5200 518 5199 518 519 5199 5198 5199 520 5199 519 520 5197 5198 521 5198 520 521 5196 5197 522 5197 521 522 5194 5196 523 5196 522 523 5195 5194 508 5194 523 508 524 555 525 555 554 525 553 526 554 526 525 554 553 552 526 552 527 526 551 528 552 528 527 552 550 529 551 529 528 551 549 530 550 530 529 550 549 548 530 548 531 530 547 532 548 532 531 548 547 546 532 546 533 532 545 534 546 534 533 546 544 535 545 535 534 545 544 543 535 543 536 535 543 542 536 542 537 536 542 541 537 541 538 537 541 540 538 540 539 538 540 555 539 555 524 539 556 571 5225 571 5210 5225 557 556 5224 556 5225 5224 5224 5223 557 5223 558 557 5223 5222 558 5222 559 558 5222 5221 559 5221 560 559 5220 561 5221 561 560 5221 5219 562 5220 562 561 5220 5219 5218 562 5218 563 562 5217 564 5218 564 563 5218 5217 5216 564 5216 565 564 5215 566 5216 566 565 5216 5214 567 5215 567 566 5215 5213 568 5214 568 567 5214 5213 5212 568 5212 569 568 5211 570 5212 570 569 5212 5210 571 5211 571 570 5211 5227 572 5241 572 573 5241 5241 573 5240 573 574 5240 5239 5240 575 5240 574 575 5239 575 5238 575 576 5238 5238 576 5237 576 577 5237 5237 577 5236 577 578 5236 5235 5236 579 5236 578 579 5235 579 5234 579 580 5234 5233 5234 581 5234 580 581 5233 581 5232 581 582 5232 5232 582 5231 582 583 5231 5230 5231 584 5231 583 584 5229 5230 585 5230 584 585 5228 5229 586 5229 585 586 5226 5228 587 5228 586 587 5227 5226 572 5226 587 572 588 619 589 619 618 589 617 590 618 590 589 618 617 616 590 616 591 590 615 592 616 592 591 616 614 593 615 593 592 615 613 594 614 594 593 614 613 612 594 612 595 594 611 596 612 596 595 612 611 610 596 610 597 596 609 598 610 598 597 610 608 599 609 599 598 609 608 607 599 607 600 599 607 606 600 606 601 600 606 605 601 605 602 601 605 604 602 604 603 602 604 619 603 619 588 603 5250 5310 624 5252 5311 625 5254 5312 626 5256 5313 627 5310 5306 624 5311 5307 625 5312 5308 626 5313 5309 627 5306 5302 624 5307 5303 625 5308 5304 626 5309 5305 627 5302 5298 624 5303 5299 625 5304 5300 626 5305 5301 627 5298 5294 624 5299 5295 625 5300 5296 626 5301 5297 627 5294 5290 624 5295 5291 625 5296 5292 626 5297 5293 627 5290 5286 624 5291 5287 625 5292 5288 626 5293 5289 627 5286 5282 624 5287 5283 625 5288 5284 626 5289 5285 627 5282 5278 624 5283 5279 625 5284 5280 626 5285 5281 627 5278 5274 624 5279 5275 625 5280 5276 626 5281 5277 627 5274 5270 624 5275 5271 625 5276 5272 626 5277 5273 627 5270 5266 624 5271 5267 625 5272 5268 626 5273 5269 627 5266 5262 624 5267 5263 625 5268 5264 626 5269 5265 627 5262 5258 624 5263 5259 625 5264 5260 626 5265 5261 627 5258 5251 624 5259 5253 625 5260 5255 626 5261 5257 627 5251 5250 624 5253 5252 625 5255 5254 626 5257 5256 627 748 752 632 752 628 632 749 753 633 753 629 633 750 754 634 754 630 634 751 755 635 755 631 635 744 748 636 748 632 636 745 749 637 749 633 637 746 750 638 750 634 638 747 751 639 751 635 639 740 744 640 744 636 640 741 745 641 745 637 641 742 746 642 746 638 642 743 747 643 747 639 643 736 740 644 740 640 644 737 741 645 741 641 645 738 742 646 742 642 646 739 743 647 743 643 647 732 736 648 736 644 648 733 737 649 737 645 649 734 738 650 738 646 650 735 739 651 739 647 651 728 732 652 732 648 652 729 733 653 733 649 653 730 734 654 734 650 654 731 735 655 735 651 655 724 728 656 728 652 656 725 729 657 729 653 657 726 730 658 730 654 658 727 731 659 731 655 659 720 724 660 724 656 660 721 725 661 725 657 661 722 726 662 726 658 662 723 727 663 727 659 663 716 720 664 720 660 664 717 721 665 721 661 665 718 722 666 722 662 666 719 723 667 723 663 667 712 716 668 716 664 668 713 717 669 717 665 669 714 718 670 718 666 670 715 719 671 719 667 671 708 712 672 712 668 672 709 713 673 713 669 673 710 714 674 714 670 674 711 715 675 715 671 675 704 708 676 708 672 676 705 709 677 709 673 677 706 710 678 710 674 678 707 711 679 711 675 679 700 704 680 704 676 680 701 705 681 705 677 681 702 706 682 706 678 682 703 707 683 707 679 683 696 700 684 700 680 684 697 701 685 701 681 685 698 702 686 702 682 686 699 703 687 703 683 687 692 696 688 696 684 688 693 697 689 697 685 689 694 698 690 698 686 690 695 699 691 699 687 691 752 692 628 692 688 628 753 693 629 693 689 629 754 694 630 694 690 630 755 695 631 695 691 631 756 816 5315 816 5314 5315 757 817 5317 817 5316 5317 758 818 5319 818 5318 5319 759 819 5321 819 5320 5321 816 812 5314 812 5322 5314 817 813 5316 813 5323 5316 818 814 5318 814 5324 5318 819 815 5320 815 5325 5320 812 808 5322 808 5326 5322 813 809 5323 809 5327 5323 814 810 5324 810 5328 5324 815 811 5325 811 5329 5325 808 804 5326 804 5330 5326 809 805 5327 805 5331 5327 810 806 5328 806 5332 5328 811 807 5329 807 5333 5329 804 800 5330 800 5334 5330 805 801 5331 801 5335 5331 806 802 5332 802 5336 5332 807 803 5333 803 5337 5333 800 796 5334 796 5338 5334 801 797 5335 797 5339 5335 802 798 5336 798 5340 5336 803 799 5337 799 5341 5337 796 792 5338 792 5342 5338 797 793 5339 793 5343 5339 798 794 5340 794 5344 5340 799 795 5341 795 5345 5341 792 788 5342 788 5346 5342 793 789 5343 789 5347 5343 794 790 5344 790 5348 5344 795 791 5345 791 5349 5345 788 784 5346 784 5350 5346 789 785 5347 785 5351 5347 790 786 5348 786 5352 5348 791 787 5349 787 5353 5349 784 780 5350 780 5354 5350 785 781 5351 781 5355 5351 786 782 5352 782 5356 5352 787 783 5353 783 5357 5353 780 776 5354 776 5358 5354 781 777 5355 777 5359 5355 782 778 5356 778 5360 5356 783 779 5357 779 5361 5357 776 772 5358 772 5362 5358 777 773 5359 773 5363 5359 778 774 5360 774 5364 5360 779 775 5361 775 5365 5361 772 768 5362 768 5366 5362 773 769 5363 769 5367 5363 774 770 5364 770 5368 5364 775 771 5365 771 5369 5365 768 764 5366 764 5370 5366 769 765 5367 765 5371 5367 770 766 5368 766 5372 5368 771 767 5369 767 5373 5369 764 760 5370 760 5374 5370 765 761 5371 761 5375 5371 766 762 5372 762 5376 5372 767 763 5373 763 5377 5373 760 756 5374 756 5315 5374 761 757 5375 757 5317 5375 762 758 5376 758 5319 5376 763 759 5377 759 5321 5377 876 880 884 877 881 885 878 882 886 879 883 887 872 876 884 873 877 885 874 878 886 875 879 887 868 872 884 869 873 885 870 874 886 871 875 887 864 868 884 865 869 885 866 870 886 867 871 887 860 864 884 861 865 885 862 866 886 863 867 887 856 860 884 857 861 885 858 862 886 859 863 887 852 856 884 853 857 885 854 858 886 855 859 887 848 852 884 849 853 885 850 854 886 851 855 887 844 848 884 845 849 885 846 850 886 847 851 887 840 844 884 841 845 885 842 846 886 843 847 887 836 840 884 837 841 885 838 842 886 839 843 887 832 836 884 833 837 885 834 838 886 835 839 887 828 832 884 829 833 885 830 834 886 831 835 887 824 828 884 825 829 885 826 830 886 827 831 887 820 824 884 821 825 885 822 826 886 823 827 887 880 820 884 881 821 885 882 822 886 883 823 887 888 948 5379 948 5378 5379 889 949 5381 949 5380 5381 890 950 5383 950 5382 5383 891 951 5385 951 5384 5385 948 944 5378 944 5386 5378 949 945 5380 945 5387 5380 950 946 5382 946 5388 5382 951 947 5384 947 5389 5384 944 940 5386 940 5390 5386 945 941 5387 941 5391 5387 946 942 5388 942 5392 5388 947 943 5389 943 5393 5389 940 936 5390 936 5394 5390 941 937 5391 937 5395 5391 942 938 5392 938 5396 5392 943 939 5393 939 5397 5393 936 932 5394 932 5398 5394 937 933 5395 933 5399 5395 938 934 5396 934 5400 5396 939 935 5397 935 5401 5397 932 928 5398 928 5402 5398 933 929 5399 929 5403 5399 934 930 5400 930 5404 5400 935 931 5401 931 5405 5401 928 924 5402 924 5406 5402 929 925 5403 925 5407 5403 930 926 5404 926 5408 5404 931 927 5405 927 5409 5405 924 920 5406 920 5410 5406 925 921 5407 921 5411 5407 926 922 5408 922 5412 5408 927 923 5409 923 5413 5409 920 916 5410 916 5414 5410 921 917 5411 917 5415 5411 922 918 5412 918 5416 5412 923 919 5413 919 5417 5413 916 912 5414 912 5418 5414 917 913 5415 913 5419 5415 918 914 5416 914 5420 5416 919 915 5417 915 5421 5417 912 908 5418 908 5422 5418 913 909 5419 909 5423 5419 914 910 5420 910 5424 5420 915 911 5421 911 5425 5421 908 904 5422 904 5426 5422 909 905 5423 905 5427 5423 910 906 5424 906 5428 5424 911 907 5425 907 5429 5425 904 900 5426 900 5430 5426 905 901 5427 901 5431 5427 906 902 5428 902 5432 5428 907 903 5429 903 5433 5429 900 896 5430 896 5434 5430 901 897 5431 897 5435 5431 902 898 5432 898 5436 5432 903 899 5433 899 5437 5433 896 892 5434 892 5438 5434 897 893 5435 893 5439 5435 898 894 5436 894 5440 5436 899 895 5437 895 5441 5437 892 888 5438 888 5379 5438 893 889 5439 889 5381 5439 894 890 5440 890 5383 5440 895 891 5441 891 5385 5441 1008 1012 1016 1009 1013 1017 1010 1014 1018 1011 1015 1019 1004 1008 1016 1005 1009 1017 1006 1010 1018 1007 1011 1019 1000 1004 1016 1001 1005 1017 1002 1006 1018 1003 1007 1019 996 1000 1016 997 1001 1017 998 1002 1018 999 1003 1019 992 996 1016 993 997 1017 994 998 1018 995 999 1019 988 992 1016 989 993 1017 990 994 1018 991 995 1019 984 988 1016 985 989 1017 986 990 1018 987 991 1019 980 984 1016 981 985 1017 982 986 1018 983 987 1019 976 980 1016 977 981 1017 978 982 1018 979 983 1019 972 976 1016 973 977 1017 974 978 1018 975 979 1019 968 972 1016 969 973 1017 970 974 1018 971 975 1019 964 968 1016 965 969 1017 966 970 1018 967 971 1019 960 964 1016 961 965 1017 962 966 1018 963 967 1019 956 960 1016 957 961 1017 958 962 1018 959 963 1019 952 956 1016 953 957 1017 954 958 1018 955 959 1019 1012 952 1016 1013 953 1017 1014 954 1018 1015 955 1019 5442 5502 1020 5444 5503 1021 5446 5504 1022 5448 5505 1023 5502 5498 1020 5503 5499 1021 5504 5500 1022 5505 5501 1023 5498 5494 1020 5499 5495 1021 5500 5496 1022 5501 5497 1023 5494 5490 1020 5495 5491 1021 5496 5492 1022 5497 5493 1023 5490 5486 1020 5491 5487 1021 5492 5488 1022 5493 5489 1023 5486 5482 1020 5487 5483 1021 5488 5484 1022 5489 5485 1023 5482 5478 1020 5483 5479 1021 5484 5480 1022 5485 5481 1023 5478 5474 1020 5479 5475 1021 5480 5476 1022 5481 5477 1023 5474 5470 1020 5475 5471 1021 5476 5472 1022 5477 5473 1023 5470 5466 1020 5471 5467 1021 5472 5468 1022 5473 5469 1023 5466 5462 1020 5467 5463 1021 5468 5464 1022 5469 5465 1023 5462 5458 1020 5463 5459 1021 5464 5460 1022 5465 5461 1023 5458 5454 1020 5459 5455 1021 5460 5456 1022 5461 5457 1023 5454 5450 1020 5455 5451 1021 5456 5452 1022 5457 5453 1023 5450 5443 1020 5451 5445 1021 5452 5447 1022 5453 5449 1023 5443 5442 1020 5445 5444 1021 5447 5446 1022 5449 5448 1023 1144 1148 1028 1148 1024 1028 1145 1149 1029 1149 1025 1029 1146 1150 1030 1150 1026 1030 1147 1151 1031 1151 1027 1031 1140 1144 1032 1144 1028 1032 1141 1145 1033 1145 1029 1033 1142 1146 1034 1146 1030 1034 1143 1147 1035 1147 1031 1035 1136 1140 1036 1140 1032 1036 1137 1141 1037 1141 1033 1037 1138 1142 1038 1142 1034 1038 1139 1143 1039 1143 1035 1039 1132 1136 1040 1136 1036 1040 1133 1137 1041 1137 1037 1041 1134 1138 1042 1138 1038 1042 1135 1139 1043 1139 1039 1043 1128 1132 1044 1132 1040 1044 1129 1133 1045 1133 1041 1045 1130 1134 1046 1134 1042 1046 1131 1135 1047 1135 1043 1047 1124 1128 1048 1128 1044 1048 1125 1129 1049 1129 1045 1049 1126 1130 1050 1130 1046 1050 1127 1131 1051 1131 1047 1051 1120 1124 1052 1124 1048 1052 1121 1125 1053 1125 1049 1053 1122 1126 1054 1126 1050 1054 1123 1127 1055 1127 1051 1055 1116 1120 1056 1120 1052 1056 1117 1121 1057 1121 1053 1057 1118 1122 1058 1122 1054 1058 1119 1123 1059 1123 1055 1059 1112 1116 1060 1116 1056 1060 1113 1117 1061 1117 1057 1061 1114 1118 1062 1118 1058 1062 1115 1119 1063 1119 1059 1063 1108 1112 1064 1112 1060 1064 1109 1113 1065 1113 1061 1065 1110 1114 1066 1114 1062 1066 1111 1115 1067 1115 1063 1067 1104 1108 1068 1108 1064 1068 1105 1109 1069 1109 1065 1069 1106 1110 1070 1110 1066 1070 1107 1111 1071 1111 1067 1071 1100 1104 1072 1104 1068 1072 1101 1105 1073 1105 1069 1073 1102 1106 1074 1106 1070 1074 1103 1107 1075 1107 1071 1075 1096 1100 1076 1100 1072 1076 1097 1101 1077 1101 1073 1077 1098 1102 1078 1102 1074 1078 1099 1103 1079 1103 1075 1079 1092 1096 1080 1096 1076 1080 1093 1097 1081 1097 1077 1081 1094 1098 1082 1098 1078 1082 1095 1099 1083 1099 1079 1083 1088 1092 1084 1092 1080 1084 1089 1093 1085 1093 1081 1085 1090 1094 1086 1094 1082 1086 1091 1095 1087 1095 1083 1087 1148 1088 1024 1088 1084 1024 1149 1089 1025 1089 1085 1025 1150 1090 1026 1090 1086 1026 1151 1091 1027 1091 1087 1027 5247 5248 5507 5248 5509 5507 5243 5246 5508 5246 3497 5508 5242 3499 5244 3499 5506 5244 5083 1529 5080 1529 1528 5080 5083 341 1529 341 1530 1529 4834 1523 4831 1523 1522 4831 4834 120 1523 120 1524 1523 4704 2706 4715 2706 2705 4715 4704 4706 2706 4706 2707 2706 4742 2700 4755 2700 2699 4755 4742 4744 2700 4744 2701 2700 5249 622 5511 622 2324 5511 5246 5243 5510 5243 2322 5510 5245 5513 620 5513 5512 620 3496 623 4696 623 2325 4696 3498 4697 621 4697 2323 621 4715 2705 4802 2705 2702 4802 4738 2701 4744 4798 2704 2422 4700 2707 4706 4720 1527 1174 1275 1524 120 4885 1533 1324 5570 5631 3879 5631 3876 3879 5514 5517 1170 5517 1156 1170 5529 5524 5531 5524 5526 5531 1157 1173 5533 1173 1167 5533 5515 1171 4702 1171 1169 4702 5534 1172 5535 1172 1174 5535 5518 5522 1160 5522 5523 1160 3504 1156 3507 1156 5517 3507 5533 5521 1157 5521 5516 1157 1155 5539 1166 5539 1152 1166 5892 5891 5704 5891 1333 5704 1152 5539 1185 5539 1168 1185 5519 5527 5530 5527 5525 5530 1155 1166 1158 1166 1165 1158 5528 1163 5532 1163 5520 5532 1161 1162 1153 1162 1154 1153 5536 5537 5544 5537 1182 5544 5514 1170 5515 1170 1171 5515 1172 5534 1173 5534 1167 1173 5547 5548 1177 5548 5549 1177 5703 1531 5893 1531 1528 5893 5543 1180 5546 1180 1181 5546 5538 5540 1178 5540 5542 1178 1168 1175 1185 1175 1184 1185 1526 5538 1527 5538 5535 1527 1526 1525 5538 1525 5540 5538 5541 5550 1179 5550 5545 1179 1463 1454 5680 1454 1312 5680 5551 5554 1211 5554 1191 1211 5569 5562 5571 5562 5564 5571 1192 1214 5573 1214 1206 5573 1231 1220 1222 1220 1236 1222 5552 1212 5555 1212 1208 5555 5600 5587 5603 5587 5589 5603 5576 1213 5577 1213 1217 5577 5556 5560 1195 5560 5561 1195 3541 1191 3544 1191 5554 3544 5573 5559 1192 5559 5553 1192 1190 5590 1201 5590 1187 1201 5598 1237 5592 1237 5609 5592 5575 5574 1210 5574 1209 1210 1216 1215 5566 1215 5565 5566 1187 5590 1240 5590 1207 1240 5557 5567 5570 5567 5563 5570 1190 1201 1193 1201 1200 1193 5568 1198 5572 1198 5558 5572 1196 1197 1188 1197 1189 1188 5581 5585 1223 5585 5586 1223 5578 5579 5595 5579 1234 5595 5551 1211 5552 1211 1212 5552 1208 1209 5555 1209 5574 5555 1213 5576 1214 5576 1206 1214 5566 5584 1216 5584 1217 1216 1204 1205 1241 1205 1186 1241 5605 5606 1225 5606 5607 1225 5601 1221 5599 1221 5591 5599 5594 1232 5604 1232 1233 5604 5580 5591 1226 5591 5593 1226 1207 1218 1240 1218 1239 1240 5577 1217 5584 5582 5596 5599 5596 5588 5599 5582 5580 5584 5580 5577 5584 5582 5599 5580 5599 5591 5580 1224 1235 1227 1235 5602 1227 1204 1241 1219 1241 1238 1219 5597 1230 5608 1230 5583 5608 1228 1229 1202 1229 1203 1202 1244 1243 5610 1243 3595 5610 5612 5611 5613 5611 3598 5613 1186 1205 1255 1205 1242 1255 5614 5615 5621 5615 1252 5621 5575 1210 1244 1210 1243 1244 5611 5612 1215 5612 5565 1215 5624 5625 1247 5625 5626 1247 1164 1159 5618 1159 1253 5618 5620 1250 5623 1250 1251 5623 5616 5617 1248 5617 5619 1248 1242 1245 1255 1245 1254 1255 3883 5616 3884 5616 5613 3884 3883 3882 5616 3882 5617 5616 1246 5627 1249 5627 5622 1249 1256 5629 1265 5629 1263 1265 5637 5638 1258 5638 5639 1258 1199 1194 5632 1194 1264 5632 5634 1261 5636 1261 1262 5636 5630 5631 1259 5631 5633 1259 3877 5630 3878 5630 5628 3878 3877 3876 5630 3876 5631 5630 1257 5640 1260 5640 5635 1260 5649 5643 5646 5643 5647 5646 5655 1266 5652 1266 5654 5652 5642 1269 5641 1269 5656 5641 5648 1270 5653 1270 1306 5653 5650 5651 1272 5651 1267 1272 1485 1476 5772 1476 1397 5772 5679 5686 5852 5686 5845 5852 1288 1287 1291 1287 1284 1291 5658 5663 1320 5663 1285 1320 5687 5675 5689 5675 5677 5689 1290 1323 5696 1323 1317 5696 5664 5661 5665 5661 5660 5665 1278 5678 1315 5678 1283 1315 5659 1321 4855 1321 1319 4855 5697 1322 5698 1322 1324 5698 1289 5657 1286 5657 1294 1286 1295 1294 4842 1294 5657 4842 5645 1271 5644 1271 1307 5644 5669 5673 1297 5673 5674 1297 5666 5667 5683 5667 1311 5683 1289 1286 1288 1286 1287 1288 1284 1285 1291 1285 5663 1291 5661 5664 5662 5664 1282 5662 5696 5672 1290 5672 5660 1290 1281 5702 1316 5702 1277 1316 5691 5692 1299 5692 5693 1299 5540 1525 5646 1525 1522 5646 1277 5702 1335 5702 1318 1335 1276 5662 1305 5662 1282 1305 1305 1274 1276 1274 1275 1276 5655 5678 1266 5678 1278 1266 1308 1296 5846 1296 1467 5846 5682 1309 5690 1309 1310 5690 5668 5679 1300 5679 5681 1300 1283 1292 1315 1292 1314 1315 5665 5660 5672 5670 5684 5686 5684 5676 5686 5670 5668 5672 5668 5665 5672 5670 5686 5668 5686 5679 5668 1298 5695 1301 5695 5688 1301 1281 1316 1293 1316 1313 1293 5685 1304 5694 1304 5671 5694 1302 1303 1279 1303 1280 1279 5699 5700 5707 5700 1332 5707 5658 1320 5659 1320 1321 5659 1322 5697 1323 5697 1317 1323 5710 5711 1327 5711 5712 1327 5706 1330 5709 1330 1331 5709 5701 5703 1328 5703 5705 1328 1318 1325 1335 1325 1334 1335 1532 5701 1533 5701 5698 1533 1532 1531 5701 1531 5703 5701 1326 5713 1329 5713 5708 1329 1221 5601 5722 5601 5737 5722 5724 5723 5735 5723 1342 5735 5718 5737 5736 5737 5725 5736 5745 5732 1337 5732 1338 1337 5733 1356 5730 5728 5716 5722 5716 5726 5722 5728 5718 5730 5718 5733 5730 5728 5722 5718 5722 5737 5718 5738 5741 1348 5741 1343 1348 5743 1336 5731 1336 5742 5731 5715 5729 5714 5729 5744 5714 5727 1346 5740 1346 1391 5740 5721 5720 5598 5720 1237 5598 1345 1354 1352 1354 1339 1352 1222 1236 1351 1236 1340 1351 1355 5717 5734 5717 5719 5734 5750 1368 5746 1368 1379 5746 5830 1446 5750 1446 1368 5750 5908 5907 5809 5907 1433 5809 5771 5780 5877 5780 5871 5877 1372 1371 1375 1371 1366 1375 5748 5754 1411 5754 1369 1411 5781 5767 5783 5767 5769 5783 1374 1414 5790 1414 1406 5790 5755 5752 5756 5752 5751 5756 1360 5770 1400 5770 1365 1400 1268 1273 1176 1273 1183 1176 5749 1412 5760 1412 1408 5760 5816 5804 5818 5804 5806 5818 5793 1413 5794 1413 1417 5794 1373 5747 1370 5747 1378 1370 1379 1378 5746 1378 5747 5746 1344 1347 1353 1347 1392 1353 1367 1380 1449 1380 5827 1449 5761 5765 1382 5765 5766 1382 5757 5758 5775 5758 1396 5775 1373 1370 1372 1370 1371 1372 1366 1369 1375 1369 5754 1375 5752 5755 5753 5755 1364 5753 5790 5764 1374 5764 5751 1374 1363 5807 1401 5807 1359 1401 5785 5786 1384 5786 5787 1384 5808 5815 5909 5815 5920 5909 5792 5791 1410 5791 1409 1410 1416 1415 5777 1415 5776 5777 1359 5807 1436 5807 1407 1436 1357 5753 1390 5753 1364 1390 1390 5730 1357 5730 1356 1357 1380 1367 5733 1367 1356 5733 5743 5770 1336 5770 1360 1336 1393 1381 5872 1381 1489 5872 5774 1394 5784 1394 1395 5784 5759 5771 1385 5771 5773 1385 1365 1376 1400 1376 1399 1400 5756 5751 5764 5762 5778 5780 5778 5768 5780 5762 5759 5764 5759 5756 5764 5762 5780 5759 5780 5771 5759 1383 5789 1386 5789 5782 1386 1363 1401 1377 1401 1398 1377 5779 1389 5788 1389 5763 5788 1387 1388 1361 1388 1362 1361 1438 1442 1337 1442 5745 1337 1349 5739 1350 5739 1341 1350 5798 5802 1421 5802 5803 1421 5795 5796 5812 5796 1432 5812 5748 1411 5749 1411 1412 5749 1408 1409 5760 1409 5791 5760 1413 5793 1414 5793 1406 1414 5777 5801 1416 5801 1417 1416 1404 1405 1437 1405 1358 1437 5820 5821 1423 5821 5822 1423 1429 1420 5921 1420 1504 5921 5811 1430 5819 1430 1431 5819 5797 5808 1424 5808 5810 1424 1407 1418 1436 1418 1435 1436 5794 1417 5801 5799 5813 5815 5813 5805 5815 5799 5797 5801 5797 5794 5801 5799 5815 5797 5815 5808 5797 1422 5824 1425 5824 5817 1425 1404 1437 1419 1437 1434 1419 5814 1428 5823 1428 5800 5823 1426 1427 1402 1427 1403 1402 1448 1447 5825 1447 1444 5825 5853 5842 5855 5842 5844 5855 5831 5826 5832 5826 1451 5832 5830 5829 1446 5829 1445 1446 1450 1449 5828 1449 5827 5828 1358 1405 1470 1405 1443 1470 5836 5840 1455 5840 5841 1455 5833 5834 5849 5834 1466 5849 5792 1410 1448 1410 1447 1448 1444 1445 5825 1445 5829 5825 5826 5831 1415 5831 5776 1415 5828 5839 1450 5839 1451 1450 1441 1442 1471 1442 1438 1471 5857 5858 1457 5858 5859 1457 5848 1464 5856 1464 1465 5856 5835 5845 1458 5845 5847 1458 1443 1452 1470 1452 1469 1470 5832 1451 5839 5837 5850 5852 5850 5843 5852 5837 5835 5839 5835 5832 5839 5837 5852 5835 5852 5845 5835 1456 5861 1459 5861 5854 1459 1441 1471 1453 1471 1468 1453 5851 1462 5860 1462 5838 5860 1460 1461 1439 1461 1440 1439 5878 5868 5881 5868 5870 5881 5865 1475 1477 1475 1490 1477 1474 5863 1491 5863 1488 1491 5883 5884 1479 5884 5885 1479 5874 1486 5882 1486 1487 5882 5864 5871 1480 5871 5873 1480 5866 5875 5877 5875 5869 5877 5866 5864 5879 5864 5862 5879 5866 5877 5864 5877 5871 5864 1478 5887 1481 5887 5880 1481 5876 1484 5886 1484 5867 5886 1482 1483 1472 1483 1473 1472 5896 5890 5893 5890 5894 5893 5889 1494 5888 1494 5900 5888 5895 1495 5899 1495 1500 5899 5897 5898 1497 5898 1492 1497 1493 1496 1498 1496 1501 1498 5911 5910 5918 5910 1506 5918 5905 5920 5919 5920 5912 5919 5915 5903 5909 5903 5913 5909 5915 5905 5917 5905 1519 5917 5915 5909 5905 5909 5920 5905 1515 5924 1512 5924 1507 1512 5902 5916 5901 5916 5925 5901 5914 1510 5923 1510 1520 5923 1509 1518 1516 1518 1503 1516 5926 5904 1502 5904 5906 1502 1508 1511 1517 1511 1521 1517 1513 5922 1514 5922 1505 1514 1534 5942 1549 5942 5927 1549 1535 5941 1534 5941 5942 1534 5941 1535 5940 1535 1536 5940 5940 1536 5939 1536 1537 5939 5939 1537 5938 1537 1538 5938 5937 5938 1539 5938 1538 1539 5936 5937 1540 5937 1539 1540 5936 1540 5935 1540 1541 5935 5934 5935 1542 5935 1541 1542 5934 1542 5933 1542 1543 5933 5932 5933 1544 5933 1543 1544 5931 5932 1545 5932 1544 1545 5930 5931 1546 5931 1545 1546 5930 1546 5929 1546 1547 5929 5928 5929 1548 5929 1547 1548 5927 5928 1549 5928 1548 1549 5944 5958 1550 5958 1551 1550 5958 5957 1551 5957 1552 1551 5956 1553 5957 1553 1552 5957 5956 5955 1553 5955 1554 1553 5955 5954 1554 5954 1555 1554 5954 5953 1555 5953 1556 1555 5952 1557 5953 1557 1556 5953 5952 5951 1557 5951 1558 1557 5950 1559 5951 1559 1558 5951 5950 5949 1559 5949 1560 1559 5949 5948 1560 5948 1561 1560 5947 1562 5948 1562 1561 5948 5946 1563 5947 1563 1562 5947 5945 1564 5946 1564 1563 5946 5943 1565 5945 1565 1564 5945 5944 1550 5943 1550 1565 5943 1566 1567 1597 1567 1596 1597 1595 1596 1568 1596 1567 1568 1595 1568 1594 1568 1569 1594 1593 1594 1570 1594 1569 1570 1592 1593 1571 1593 1570 1571 1591 1592 1572 1592 1571 1572 1591 1572 1590 1572 1573 1590 1589 1590 1574 1590 1573 1574 1589 1574 1588 1574 1575 1588 1587 1588 1576 1588 1575 1576 1586 1587 1577 1587 1576 1577 1586 1577 1585 1577 1578 1585 1585 1578 1584 1578 1579 1584 1584 1579 1583 1579 1580 1583 1583 1580 1582 1580 1581 1582 1582 1581 1597 1581 1566 1597 1598 5974 1613 5974 5959 1613 1599 5973 1598 5973 5974 1598 5973 1599 5972 1599 1600 5972 5972 1600 5971 1600 1601 5971 5971 1601 5970 1601 1602 5970 5969 5970 1603 5970 1602 1603 5968 5969 1604 5969 1603 1604 5968 1604 5967 1604 1605 5967 5966 5967 1606 5967 1605 1606 5966 1606 5965 1606 1607 5965 5964 5965 1608 5965 1607 1608 5963 5964 1609 5964 1608 1609 5962 5963 1610 5963 1609 1610 5962 1610 5961 1610 1611 5961 5960 5961 1612 5961 1611 1612 5959 5960 1613 5960 1612 1613 5976 5990 1614 5990 1615 1614 5990 5989 1615 5989 1616 1615 5988 1617 5989 1617 1616 5989 5988 5987 1617 5987 1618 1617 5987 5986 1618 5986 1619 1618 5986 5985 1619 5985 1620 1619 5984 1621 5985 1621 1620 5985 5984 5983 1621 5983 1622 1621 5982 1623 5983 1623 1622 5983 5982 5981 1623 5981 1624 1623 5981 5980 1624 5980 1625 1624 5979 1626 5980 1626 1625 5980 5978 1627 5979 1627 1626 5979 5977 1628 5978 1628 1627 5978 5975 1629 5977 1629 1628 5977 5976 1614 5975 1614 1629 5975 1630 1631 1661 1631 1660 1661 1659 1660 1632 1660 1631 1632 1659 1632 1658 1632 1633 1658 1657 1658 1634 1658 1633 1634 1656 1657 1635 1657 1634 1635 1655 1656 1636 1656 1635 1636 1655 1636 1654 1636 1637 1654 1653 1654 1638 1654 1637 1638 1653 1638 1652 1638 1639 1652 1651 1652 1640 1652 1639 1640 1650 1651 1641 1651 1640 1641 1650 1641 1649 1641 1642 1649 1649 1642 1648 1642 1643 1648 1648 1643 1647 1643 1644 1647 1647 1644 1646 1644 1645 1646 1646 1645 1661 1645 1630 1661 1662 6006 1677 6006 5991 1677 1663 6005 1662 6005 6006 1662 6005 1663 6004 1663 1664 6004 6004 1664 6003 1664 1665 6003 6003 1665 6002 1665 1666 6002 6001 6002 1667 6002 1666 1667 6000 6001 1668 6001 1667 1668 6000 1668 5999 1668 1669 5999 5998 5999 1670 5999 1669 1670 5998 1670 5997 1670 1671 5997 5996 5997 1672 5997 1671 1672 5995 5996 1673 5996 1672 1673 5994 5995 1674 5995 1673 1674 5994 1674 5993 1674 1675 5993 5992 5993 1676 5993 1675 1676 5991 5992 1677 5992 1676 1677 6008 6022 1678 6022 1679 1678 6022 6021 1679 6021 1680 1679 6020 1681 6021 1681 1680 6021 6020 6019 1681 6019 1682 1681 6019 6018 1682 6018 1683 1682 6018 6017 1683 6017 1684 1683 6016 1685 6017 1685 1684 6017 6016 6015 1685 6015 1686 1685 6014 1687 6015 1687 1686 6015 6014 6013 1687 6013 1688 1687 6013 6012 1688 6012 1689 1688 6011 1690 6012 1690 1689 6012 6010 1691 6011 1691 1690 6011 6009 1692 6010 1692 1691 6010 6007 1693 6009 1693 1692 6009 6008 1678 6007 1678 1693 6007 1694 1695 1725 1695 1724 1725 1723 1724 1696 1724 1695 1696 1723 1696 1722 1696 1697 1722 1721 1722 1698 1722 1697 1698 1720 1721 1699 1721 1698 1699 1719 1720 1700 1720 1699 1700 1719 1700 1718 1700 1701 1718 1717 1718 1702 1718 1701 1702 1717 1702 1716 1702 1703 1716 1715 1716 1704 1716 1703 1704 1714 1715 1705 1715 1704 1705 1714 1705 1713 1705 1706 1713 1713 1706 1712 1706 1707 1712 1712 1707 1711 1707 1708 1711 1711 1708 1710 1708 1709 1710 1710 1709 1725 1709 1694 1725 1726 6038 1741 6038 6023 1741 1727 6037 1726 6037 6038 1726 6037 1727 6036 1727 1728 6036 6036 1728 6035 1728 1729 6035 6035 1729 6034 1729 1730 6034 6033 6034 1731 6034 1730 1731 6032 6033 1732 6033 1731 1732 6032 1732 6031 1732 1733 6031 6030 6031 1734 6031 1733 1734 6030 1734 6029 1734 1735 6029 6028 6029 1736 6029 1735 1736 6027 6028 1737 6028 1736 1737 6026 6027 1738 6027 1737 1738 6026 1738 6025 1738 1739 6025 6024 6025 1740 6025 1739 1740 6023 6024 1741 6024 1740 1741 6040 6054 1742 6054 1743 1742 6054 6053 1743 6053 1744 1743 6052 1745 6053 1745 1744 6053 6052 6051 1745 6051 1746 1745 6051 6050 1746 6050 1747 1746 6050 6049 1747 6049 1748 1747 6048 1749 6049 1749 1748 6049 6048 6047 1749 6047 1750 1749 6046 1751 6047 1751 1750 6047 6046 6045 1751 6045 1752 1751 6045 6044 1752 6044 1753 1752 6043 1754 6044 1754 1753 6044 6042 1755 6043 1755 1754 6043 6041 1756 6042 1756 1755 6042 6039 1757 6041 1757 1756 6041 6040 1742 6039 1742 1757 6039 1758 1759 1789 1759 1788 1789 1787 1788 1760 1788 1759 1760 1787 1760 1786 1760 1761 1786 1785 1786 1762 1786 1761 1762 1784 1785 1763 1785 1762 1763 1783 1784 1764 1784 1763 1764 1783 1764 1782 1764 1765 1782 1781 1782 1766 1782 1765 1766 1781 1766 1780 1766 1767 1780 1779 1780 1768 1780 1767 1768 1778 1779 1769 1779 1768 1769 1778 1769 1777 1769 1770 1777 1777 1770 1776 1770 1771 1776 1776 1771 1775 1771 1772 1775 1775 1772 1774 1772 1773 1774 1774 1773 1789 1773 1758 1789 6063 1794 6123 6065 1795 6124 6067 1796 6125 6069 1797 6126 6123 1794 6119 6124 1795 6120 6125 1796 6121 6126 1797 6122 6119 1794 6115 6120 1795 6116 6121 1796 6117 6122 1797 6118 6115 1794 6111 6116 1795 6112 6117 1796 6113 6118 1797 6114 6111 1794 6107 6112 1795 6108 6113 1796 6109 6114 1797 6110 6107 1794 6103 6108 1795 6104 6109 1796 6105 6110 1797 6106 6103 1794 6099 6104 1795 6100 6105 1796 6101 6106 1797 6102 6099 1794 6095 6100 1795 6096 6101 1796 6097 6102 1797 6098 6095 1794 6091 6096 1795 6092 6097 1796 6093 6098 1797 6094 6091 1794 6087 6092 1795 6088 6093 1796 6089 6094 1797 6090 6087 1794 6083 6088 1795 6084 6089 1796 6085 6090 1797 6086 6083 1794 6079 6084 1795 6080 6085 1796 6081 6086 1797 6082 6079 1794 6075 6080 1795 6076 6081 1796 6077 6082 1797 6078 6075 1794 6071 6076 1795 6072 6077 1796 6073 6078 1797 6074 6071 1794 6064 6072 1795 6066 6073 1796 6068 6074 1797 6070 6064 1794 6063 6066 1795 6065 6068 1796 6067 6070 1797 6069 1918 1802 1922 1802 1798 1922 1919 1803 1923 1803 1799 1923 1920 1804 1924 1804 1800 1924 1921 1805 1925 1805 1801 1925 1914 1806 1918 1806 1802 1918 1915 1807 1919 1807 1803 1919 1916 1808 1920 1808 1804 1920 1917 1809 1921 1809 1805 1921 1910 1810 1914 1810 1806 1914 1911 1811 1915 1811 1807 1915 1912 1812 1916 1812 1808 1916 1913 1813 1917 1813 1809 1917 1906 1814 1910 1814 1810 1910 1907 1815 1911 1815 1811 1911 1908 1816 1912 1816 1812 1912 1909 1817 1913 1817 1813 1913 1902 1818 1906 1818 1814 1906 1903 1819 1907 1819 1815 1907 1904 1820 1908 1820 1816 1908 1905 1821 1909 1821 1817 1909 1898 1822 1902 1822 1818 1902 1899 1823 1903 1823 1819 1903 1900 1824 1904 1824 1820 1904 1901 1825 1905 1825 1821 1905 1894 1826 1898 1826 1822 1898 1895 1827 1899 1827 1823 1899 1896 1828 1900 1828 1824 1900 1897 1829 1901 1829 1825 1901 1890 1830 1894 1830 1826 1894 1891 1831 1895 1831 1827 1895 1892 1832 1896 1832 1828 1896 1893 1833 1897 1833 1829 1897 1886 1834 1890 1834 1830 1890 1887 1835 1891 1835 1831 1891 1888 1836 1892 1836 1832 1892 1889 1837 1893 1837 1833 1893 1882 1838 1886 1838 1834 1886 1883 1839 1887 1839 1835 1887 1884 1840 1888 1840 1836 1888 1885 1841 1889 1841 1837 1889 1878 1842 1882 1842 1838 1882 1879 1843 1883 1843 1839 1883 1880 1844 1884 1844 1840 1884 1881 1845 1885 1845 1841 1885 1874 1846 1878 1846 1842 1878 1875 1847 1879 1847 1843 1879 1876 1848 1880 1848 1844 1880 1877 1849 1881 1849 1845 1881 1870 1850 1874 1850 1846 1874 1871 1851 1875 1851 1847 1875 1872 1852 1876 1852 1848 1876 1873 1853 1877 1853 1849 1877 1866 1854 1870 1854 1850 1870 1867 1855 1871 1855 1851 1871 1868 1856 1872 1856 1852 1872 1869 1857 1873 1857 1853 1873 1862 1858 1866 1858 1854 1866 1863 1859 1867 1859 1855 1867 1864 1860 1868 1860 1856 1868 1865 1861 1869 1861 1857 1869 1922 1798 1862 1798 1858 1862 1923 1799 1863 1799 1859 1863 1924 1800 1864 1800 1860 1864 1925 1801 1865 1801 1861 1865 1926 6128 1986 6128 6127 1986 1927 6130 1987 6130 6129 1987 1928 6132 1988 6132 6131 1988 1929 6134 1989 6134 6133 1989 1986 6127 1982 6127 6135 1982 1987 6129 1983 6129 6136 1983 1988 6131 1984 6131 6137 1984 1989 6133 1985 6133 6138 1985 1982 6135 1978 6135 6139 1978 1983 6136 1979 6136 6140 1979 1984 6137 1980 6137 6141 1980 1985 6138 1981 6138 6142 1981 1978 6139 1974 6139 6143 1974 1979 6140 1975 6140 6144 1975 1980 6141 1976 6141 6145 1976 1981 6142 1977 6142 6146 1977 1974 6143 1970 6143 6147 1970 1975 6144 1971 6144 6148 1971 1976 6145 1972 6145 6149 1972 1977 6146 1973 6146 6150 1973 1970 6147 1966 6147 6151 1966 1971 6148 1967 6148 6152 1967 1972 6149 1968 6149 6153 1968 1973 6150 1969 6150 6154 1969 1966 6151 1962 6151 6155 1962 1967 6152 1963 6152 6156 1963 1968 6153 1964 6153 6157 1964 1969 6154 1965 6154 6158 1965 1962 6155 1958 6155 6159 1958 1963 6156 1959 6156 6160 1959 1964 6157 1960 6157 6161 1960 1965 6158 1961 6158 6162 1961 1958 6159 1954 6159 6163 1954 1959 6160 1955 6160 6164 1955 1960 6161 1956 6161 6165 1956 1961 6162 1957 6162 6166 1957 1954 6163 1950 6163 6167 1950 1955 6164 1951 6164 6168 1951 1956 6165 1952 6165 6169 1952 1957 6166 1953 6166 6170 1953 1950 6167 1946 6167 6171 1946 1951 6168 1947 6168 6172 1947 1952 6169 1948 6169 6173 1948 1953 6170 1949 6170 6174 1949 1946 6171 1942 6171 6175 1942 1947 6172 1943 6172 6176 1943 1948 6173 1944 6173 6177 1944 1949 6174 1945 6174 6178 1945 1942 6175 1938 6175 6179 1938 1943 6176 1939 6176 6180 1939 1944 6177 1940 6177 6181 1940 1945 6178 1941 6178 6182 1941 1938 6179 1934 6179 6183 1934 1939 6180 1935 6180 6184 1935 1940 6181 1936 6181 6185 1936 1941 6182 1937 6182 6186 1937 1934 6183 1930 6183 6187 1930 1935 6184 1931 6184 6188 1931 1936 6185 1932 6185 6189 1932 1937 6186 1933 6186 6190 1933 1930 6187 1926 6187 6128 1926 1931 6188 1927 6188 6130 1927 1932 6189 1928 6189 6132 1928 1933 6190 1929 6190 6134 1929 2046 2054 2050 2047 2055 2051 2048 2056 2052 2049 2057 2053 2042 2054 2046 2043 2055 2047 2044 2056 2048 2045 2057 2049 2038 2054 2042 2039 2055 2043 2040 2056 2044 2041 2057 2045 2034 2054 2038 2035 2055 2039 2036 2056 2040 2037 2057 2041 2030 2054 2034 2031 2055 2035 2032 2056 2036 2033 2057 2037 2026 2054 2030 2027 2055 2031 2028 2056 2032 2029 2057 2033 2022 2054 2026 2023 2055 2027 2024 2056 2028 2025 2057 2029 2018 2054 2022 2019 2055 2023 2020 2056 2024 2021 2057 2025 2014 2054 2018 2015 2055 2019 2016 2056 2020 2017 2057 2021 2010 2054 2014 2011 2055 2015 2012 2056 2016 2013 2057 2017 2006 2054 2010 2007 2055 2011 2008 2056 2012 2009 2057 2013 2002 2054 2006 2003 2055 2007 2004 2056 2008 2005 2057 2009 1998 2054 2002 1999 2055 2003 2000 2056 2004 2001 2057 2005 1994 2054 1998 1995 2055 1999 1996 2056 2000 1997 2057 2001 1990 2054 1994 1991 2055 1995 1992 2056 1996 1993 2057 1997 2050 2054 1990 2051 2055 1991 2052 2056 1992 2053 2057 1993 2058 6192 2118 6192 6191 2118 2059 6194 2119 6194 6193 2119 2060 6196 2120 6196 6195 2120 2061 6198 2121 6198 6197 2121 2118 6191 2114 6191 6199 2114 2119 6193 2115 6193 6200 2115 2120 6195 2116 6195 6201 2116 2121 6197 2117 6197 6202 2117 2114 6199 2110 6199 6203 2110 2115 6200 2111 6200 6204 2111 2116 6201 2112 6201 6205 2112 2117 6202 2113 6202 6206 2113 2110 6203 2106 6203 6207 2106 2111 6204 2107 6204 6208 2107 2112 6205 2108 6205 6209 2108 2113 6206 2109 6206 6210 2109 2106 6207 2102 6207 6211 2102 2107 6208 2103 6208 6212 2103 2108 6209 2104 6209 6213 2104 2109 6210 2105 6210 6214 2105 2102 6211 2098 6211 6215 2098 2103 6212 2099 6212 6216 2099 2104 6213 2100 6213 6217 2100 2105 6214 2101 6214 6218 2101 2098 6215 2094 6215 6219 2094 2099 6216 2095 6216 6220 2095 2100 6217 2096 6217 6221 2096 2101 6218 2097 6218 6222 2097 2094 6219 2090 6219 6223 2090 2095 6220 2091 6220 6224 2091 2096 6221 2092 6221 6225 2092 2097 6222 2093 6222 6226 2093 2090 6223 2086 6223 6227 2086 2091 6224 2087 6224 6228 2087 2092 6225 2088 6225 6229 2088 2093 6226 2089 6226 6230 2089 2086 6227 2082 6227 6231 2082 2087 6228 2083 6228 6232 2083 2088 6229 2084 6229 6233 2084 2089 6230 2085 6230 6234 2085 2082 6231 2078 6231 6235 2078 2083 6232 2079 6232 6236 2079 2084 6233 2080 6233 6237 2080 2085 6234 2081 6234 6238 2081 2078 6235 2074 6235 6239 2074 2079 6236 2075 6236 6240 2075 2080 6237 2076 6237 6241 2076 2081 6238 2077 6238 6242 2077 2074 6239 2070 6239 6243 2070 2075 6240 2071 6240 6244 2071 2076 6241 2072 6241 6245 2072 2077 6242 2073 6242 6246 2073 2070 6243 2066 6243 6247 2066 2071 6244 2067 6244 6248 2067 2072 6245 2068 6245 6249 2068 2073 6246 2069 6246 6250 2069 2066 6247 2062 6247 6251 2062 2067 6248 2063 6248 6252 2063 2068 6249 2064 6249 6253 2064 2069 6250 2065 6250 6254 2065 2062 6251 2058 6251 6192 2058 2063 6252 2059 6252 6194 2059 2064 6253 2060 6253 6196 2060 2065 6254 2061 6254 6198 2061 2178 2186 2182 2179 2187 2183 2180 2188 2184 2181 2189 2185 2174 2186 2178 2175 2187 2179 2176 2188 2180 2177 2189 2181 2170 2186 2174 2171 2187 2175 2172 2188 2176 2173 2189 2177 2166 2186 2170 2167 2187 2171 2168 2188 2172 2169 2189 2173 2162 2186 2166 2163 2187 2167 2164 2188 2168 2165 2189 2169 2158 2186 2162 2159 2187 2163 2160 2188 2164 2161 2189 2165 2154 2186 2158 2155 2187 2159 2156 2188 2160 2157 2189 2161 2150 2186 2154 2151 2187 2155 2152 2188 2156 2153 2189 2157 2146 2186 2150 2147 2187 2151 2148 2188 2152 2149 2189 2153 2142 2186 2146 2143 2187 2147 2144 2188 2148 2145 2189 2149 2138 2186 2142 2139 2187 2143 2140 2188 2144 2141 2189 2145 2134 2186 2138 2135 2187 2139 2136 2188 2140 2137 2189 2141 2130 2186 2134 2131 2187 2135 2132 2188 2136 2133 2189 2137 2126 2186 2130 2127 2187 2131 2128 2188 2132 2129 2189 2133 2122 2186 2126 2123 2187 2127 2124 2188 2128 2125 2189 2129 2182 2186 2122 2183 2187 2123 2184 2188 2124 2185 2189 2125 6255 2190 6315 6257 2191 6316 6259 2192 6317 6261 2193 6318 6315 2190 6311 6316 2191 6312 6317 2192 6313 6318 2193 6314 6311 2190 6307 6312 2191 6308 6313 2192 6309 6314 2193 6310 6307 2190 6303 6308 2191 6304 6309 2192 6305 6310 2193 6306 6303 2190 6299 6304 2191 6300 6305 2192 6301 6306 2193 6302 6299 2190 6295 6300 2191 6296 6301 2192 6297 6302 2193 6298 6295 2190 6291 6296 2191 6292 6297 2192 6293 6298 2193 6294 6291 2190 6287 6292 2191 6288 6293 2192 6289 6294 2193 6290 6287 2190 6283 6288 2191 6284 6289 2192 6285 6290 2193 6286 6283 2190 6279 6284 2191 6280 6285 2192 6281 6286 2193 6282 6279 2190 6275 6280 2191 6276 6281 2192 6277 6282 2193 6278 6275 2190 6271 6276 2191 6272 6277 2192 6273 6278 2193 6274 6271 2190 6267 6272 2191 6268 6273 2192 6269 6274 2193 6270 6267 2190 6263 6268 2191 6264 6269 2192 6265 6270 2193 6266 6263 2190 6256 6264 2191 6258 6265 2192 6260 6266 2193 6262 6256 2190 6255 6258 2191 6257 6260 2192 6259 6262 2193 6261 2314 2198 2318 2198 2194 2318 2315 2199 2319 2199 2195 2319 2316 2200 2320 2200 2196 2320 2317 2201 2321 2201 2197 2321 2310 2202 2314 2202 2198 2314 2311 2203 2315 2203 2199 2315 2312 2204 2316 2204 2200 2316 2313 2205 2317 2205 2201 2317 2306 2206 2310 2206 2202 2310 2307 2207 2311 2207 2203 2311 2308 2208 2312 2208 2204 2312 2309 2209 2313 2209 2205 2313 2302 2210 2306 2210 2206 2306 2303 2211 2307 2211 2207 2307 2304 2212 2308 2212 2208 2308 2305 2213 2309 2213 2209 2309 2298 2214 2302 2214 2210 2302 2299 2215 2303 2215 2211 2303 2300 2216 2304 2216 2212 2304 2301 2217 2305 2217 2213 2305 2294 2218 2298 2218 2214 2298 2295 2219 2299 2219 2215 2299 2296 2220 2300 2220 2216 2300 2297 2221 2301 2221 2217 2301 2290 2222 2294 2222 2218 2294 2291 2223 2295 2223 2219 2295 2292 2224 2296 2224 2220 2296 2293 2225 2297 2225 2221 2297 2286 2226 2290 2226 2222 2290 2287 2227 2291 2227 2223 2291 2288 2228 2292 2228 2224 2292 2289 2229 2293 2229 2225 2293 2282 2230 2286 2230 2226 2286 2283 2231 2287 2231 2227 2287 2284 2232 2288 2232 2228 2288 2285 2233 2289 2233 2229 2289 2278 2234 2282 2234 2230 2282 2279 2235 2283 2235 2231 2283 2280 2236 2284 2236 2232 2284 2281 2237 2285 2237 2233 2285 2274 2238 2278 2238 2234 2278 2275 2239 2279 2239 2235 2279 2276 2240 2280 2240 2236 2280 2277 2241 2281 2241 2237 2281 2270 2242 2274 2242 2238 2274 2271 2243 2275 2243 2239 2275 2272 2244 2276 2244 2240 2276 2273 2245 2277 2245 2241 2277 2266 2246 2270 2246 2242 2270 2267 2247 2271 2247 2243 2271 2268 2248 2272 2248 2244 2272 2269 2249 2273 2249 2245 2273 2262 2250 2266 2250 2246 2266 2263 2251 2267 2251 2247 2267 2264 2252 2268 2252 2248 2268 2265 2253 2269 2253 2249 2269 2258 2254 2262 2254 2250 2262 2259 2255 2263 2255 2251 2263 2260 2256 2264 2256 2252 2264 2261 2257 2265 2257 2253 2265 2318 2194 2258 2194 2254 2258 2319 2195 2259 2195 2255 2259 2320 2196 2260 2196 2256 2260 2321 2197 2261 2197 2257 2261 6060 6320 6061 6320 6322 6061 6056 6321 6059 6321 4689 6059 6055 6057 4691 6057 6319 4691 5896 5893 1529 5893 1528 1529 5896 1529 1499 1529 1530 1499 5649 5646 1523 5646 1522 1523 5649 1523 1274 1523 1524 1274 5519 5530 3886 5530 3885 3886 5519 3886 5521 3886 3887 5521 5557 5570 3880 5570 3879 3880 5557 3880 5559 3880 3881 5559 6062 5511 1792 5511 2324 1792 6059 5510 6056 5510 2322 6056 6058 1790 5513 1790 5512 5513 4688 4696 1793 4696 2325 1793 4690 1791 4697 1791 2323 4697 5530 5617 3885 5617 3882 3885 5553 5559 3881 5613 3598 3884 5516 5521 3887 5535 1174 1527 1275 1274 1524 5698 1324 1533 6378 6438 2699 6438 2696 2699 6323 6325 2345 6325 2331 2345 6338 6333 6340 6333 6335 6340 2332 2348 6342 2348 2343 6342 6324 2346 6326 2346 3519 6326 6343 2347 6344 2347 3524 6344 6327 6331 2336 6331 6332 2336 2330 2331 2333 2331 6325 2333 6342 6330 2332 6330 4700 2332 2329 6348 2342 6348 2326 2342 6701 6700 6513 6700 2507 6513 2326 6348 2359 6348 2344 2359 6328 6336 6339 6336 6334 6339 2329 2342 2334 2342 2341 2334 6337 2339 6341 2339 6329 6341 2337 2338 2327 2338 2328 2327 6345 6346 6353 6346 2356 6353 6323 2345 6324 2345 2346 6324 2347 6343 2348 6343 2343 2348 6356 6357 2351 6357 6358 2351 6512 3897 6702 3897 3894 6702 6352 2354 6355 2354 2355 6355 6347 6349 2352 6349 6351 2352 2344 2349 2359 2349 2358 2359 3892 6347 3893 6347 6344 3893 3892 3891 6347 3891 6349 6347 6350 6359 2353 6359 6354 2353 2637 2628 6489 2628 2488 6489 6360 6362 2387 6362 2366 2387 6377 6370 6379 6370 6372 6379 2367 2390 6381 2390 2382 6381 2407 2396 2398 2396 2412 2398 6361 2388 6363 2388 2384 6363 6408 6395 6411 6395 6397 6411 6384 2389 6385 2389 2393 6385 6364 6368 2371 6368 6369 2371 2365 2366 2368 2366 6362 2368 6381 6367 2367 6367 4738 2367 2364 6398 2377 6398 2361 2377 6406 2413 6400 2413 6417 6400 6383 6382 2386 6382 2385 2386 2392 2391 6374 2391 6373 6374 2361 6398 2416 6398 2383 2416 6365 6375 6378 6375 6371 6378 2364 2377 2369 2377 2376 2369 6376 2374 6380 2374 6366 6380 2372 2373 2362 2373 2363 2362 6389 6393 2399 6393 6394 2399 6386 6387 6403 6387 2410 6403 6360 2387 6361 2387 2388 6361 2384 2385 6363 2385 6382 6363 2389 6384 2390 6384 2382 2390 6374 6392 2392 6392 2393 2392 2380 2381 2417 2381 2360 2417 6413 6414 2401 6414 6415 2401 6409 2397 6407 2397 6399 6407 6402 2408 6412 2408 2409 6412 6388 6399 2402 6399 6401 2402 2383 2394 2416 2394 2415 2416 6385 2393 6392 6390 6404 6407 6404 6396 6407 6390 6388 6392 6388 6385 6392 6390 6407 6388 6407 6399 6388 2400 2411 2403 2411 6410 2403 2380 2417 2395 2417 2414 2395 6405 2406 6416 2406 6391 6416 2404 2405 2378 2405 2379 2378 2421 2420 4795 2420 2419 4795 6419 6418 6420 6418 2422 6420 2360 2381 2433 2381 2418 2433 6421 6422 6428 6422 2430 6428 6383 2386 2421 2386 2420 2421 6418 6419 2391 6419 6373 2391 6431 6432 2425 6432 6433 2425 2340 2335 6425 2335 2431 6425 6427 2428 6430 2428 2429 6430 6423 6424 2426 6424 6426 2426 2418 2423 2433 2423 2432 2433 2703 6423 2704 6423 6420 2704 2703 2702 6423 2702 6424 6423 2424 6434 2427 6434 6429 2427 2434 6436 2443 6436 2441 2443 6444 6445 2436 6445 6446 2436 2375 2370 6439 2370 2442 6439 6441 2439 6443 2439 2440 6443 6437 6438 2437 6438 6440 2437 2697 6437 2698 6437 6435 2698 2697 2696 6437 2696 6438 6437 2435 6447 2438 6447 6442 2438 6456 6450 6453 6450 6454 6453 6462 2444 6459 2444 6461 6459 6449 2447 6448 2447 6463 6448 6455 2448 6460 2448 2482 6460 6457 6458 2450 6458 2445 2450 2659 2650 6581 2650 2571 6581 6488 6495 6661 6495 6654 6661 2465 2464 2468 2464 2461 2468 6466 6471 2495 6471 2462 2495 6496 6484 6498 6484 6486 6498 2467 2498 6505 2498 2493 6505 6472 6469 6473 6469 6468 6473 2455 6487 2491 6487 2460 2491 6467 2496 6477 2496 3673 6477 6506 2497 6507 2497 3678 6507 2466 6465 2463 6465 2471 2463 3649 2471 6464 2471 6465 6464 6452 2449 6451 2449 2483 6451 6478 6482 2473 6482 6483 2473 6474 6475 6492 6475 2487 6492 2466 2463 2465 2463 2464 2465 2461 2462 2468 2462 6471 2468 6469 6472 6470 6472 2459 6470 6505 6481 2467 6481 6468 2467 2458 6511 2492 6511 2454 2492 6500 6501 2475 6501 6502 2475 6349 3891 6453 3891 3888 6453 2454 6511 2509 6511 2494 2509 2453 6470 2481 6470 2459 2481 2481 2452 2453 2452 3629 2453 6462 6487 2444 6487 2455 2444 2484 2472 6655 2472 2641 6655 6491 2485 6499 2485 2486 6499 6476 6488 2476 6488 6490 2476 2460 2469 2491 2469 2490 2491 6473 6468 6481 6479 6493 6495 6493 6485 6495 6479 6476 6481 6476 6473 6481 6479 6495 6476 6495 6488 6476 2474 6504 2477 6504 6497 2477 2458 2492 2470 2492 2489 2470 6494 2480 6503 2480 6480 6503 2478 2479 2456 2479 2457 2456 6508 6509 6516 6509 2506 6516 6466 2495 6467 2495 2496 6467 2497 6506 2498 6506 2493 2498 6519 6520 2501 6520 6521 2501 6515 2504 6518 2504 2505 6518 6510 6512 2502 6512 6514 2502 2494 2499 2509 2499 2508 2509 3898 6510 3899 6510 6507 3899 3898 3897 6510 3897 6512 6510 2500 6522 2503 6522 6517 2503 2397 6409 6531 6409 6546 6531 6533 6532 6544 6532 2516 6544 6527 6546 6545 6546 6534 6545 6554 6541 2511 6541 2512 2511 6542 2530 6539 6537 6525 6531 6525 6535 6531 6537 6527 6539 6527 6542 6539 6537 6531 6527 6531 6546 6527 6547 6550 2522 6550 2517 2522 6552 2510 6540 2510 6551 6540 6524 6538 6523 6538 6553 6523 6536 2520 6549 2520 2565 6549 6530 6529 6406 6529 2413 6406 2519 2528 2526 2528 2513 2526 2398 2412 2525 2412 2514 2525 2529 6526 6543 6526 6528 6543 6559 2542 6555 2542 2553 6555 6639 2620 6559 2620 2542 6559 6717 6716 6618 6716 2607 6618 6580 6589 6686 6589 6680 6686 2546 2545 2549 2545 2540 2549 6557 6563 2585 6563 2543 2585 6590 6576 6592 6576 6578 6592 2548 2588 6599 2588 2580 6599 6564 6561 6565 6561 6560 6565 2534 6579 2574 6579 2539 2574 2446 2451 2350 2451 2357 2350 6558 2586 6569 2586 2582 6569 6625 6613 6627 6613 6615 6627 6602 2587 6603 2587 2591 6603 2547 6556 2544 6556 2552 2544 2553 2552 6555 2552 6556 6555 2518 2521 2527 2521 2566 2527 2541 2554 2623 2554 6636 2623 6570 6574 2556 6574 6575 2556 6566 6567 6584 6567 2570 6584 2547 2544 2546 2544 2545 2546 2540 2543 2549 2543 6563 2549 6561 6564 6562 6564 2538 6562 6599 6573 2548 6573 6560 2548 2537 6616 2575 6616 2533 2575 6594 6595 2558 6595 6596 2558 6617 6624 6718 6624 6729 6718 6601 6600 2584 6600 2583 2584 2590 2589 6586 2589 6585 6586 2533 6616 2610 6616 2581 2610 2531 6562 2564 6562 2538 2564 2564 6539 2531 6539 2530 2531 2554 2541 6542 2541 2530 6542 6552 6579 2510 6579 2534 2510 2567 2555 6681 2555 2663 6681 6583 2568 6593 2568 2569 6593 6568 6580 2559 6580 6582 2559 2539 2550 2574 2550 2573 2574 6565 6560 6573 6571 6587 6589 6587 6577 6589 6571 6568 6573 6568 6565 6573 6571 6589 6568 6589 6580 6568 2557 6598 2560 6598 6591 2560 2537 2575 2551 2575 2572 2551 6588 2563 6597 2563 6572 6597 2561 2562 2535 2562 2536 2535 2612 2616 2511 2616 6554 2511 2523 6548 2524 6548 2515 2524 6607 6611 2595 6611 6612 2595 6604 6605 6621 6605 2606 6621 6557 2585 6558 2585 2586 6558 2582 2583 6569 2583 6600 6569 2587 6602 2588 6602 2580 2588 6586 6610 2590 6610 2591 2590 2578 2579 2611 2579 2532 2611 6629 6630 2597 6630 6631 2597 2603 2594 6730 2594 2678 6730 6620 2604 6628 2604 2605 6628 6606 6617 2598 6617 6619 2598 2581 2592 2610 2592 2609 2610 6603 2591 6610 6608 6622 6624 6622 6614 6624 6608 6606 6610 6606 6603 6610 6608 6624 6606 6624 6617 6606 2596 6633 2599 6633 6626 2599 2578 2611 2593 2611 2608 2593 6623 2602 6632 2602 6609 6632 2600 2601 2576 2601 2577 2576 2622 2621 6634 2621 2618 6634 6662 6651 6664 6651 6653 6664 6640 6635 6641 6635 2625 6641 6639 6638 2620 6638 2619 2620 2624 2623 6637 2623 6636 6637 2532 2579 2644 2579 2617 2644 6645 6649 2629 6649 6650 2629 6642 6643 6658 6643 2640 6658 6601 2584 2622 2584 2621 2622 2618 2619 6634 2619 6638 6634 6635 6640 2589 6640 6585 2589 6637 6648 2624 6648 2625 2624 2615 2616 2645 2616 2612 2645 6666 6667 2631 6667 6668 2631 6657 2638 6665 2638 2639 6665 6644 6654 2632 6654 6656 2632 2617 2626 2644 2626 2643 2644 6641 2625 6648 6646 6659 6661 6659 6652 6661 6646 6644 6648 6644 6641 6648 6646 6661 6644 6661 6654 6644 2630 6670 2633 6670 6663 2633 2615 2645 2627 2645 2642 2627 6660 2636 6669 2636 6647 6669 2634 2635 2613 2635 2614 2613 6687 6677 6690 6677 6679 6690 6674 2649 2651 2649 2664 2651 2648 6672 2665 6672 2662 2665 6692 6693 2653 6693 6694 2653 6683 2660 6691 2660 2661 6691 6673 6680 2654 6680 6682 2654 6675 6684 6686 6684 6678 6686 6675 6673 6688 6673 6671 6688 6675 6686 6673 6686 6680 6673 2652 6696 2655 6696 6689 2655 6685 2658 6695 2658 6676 6695 2656 2657 2646 2657 2647 2646 6705 6699 6702 6699 6703 6702 6698 2668 6697 2668 6709 6697 6704 2669 6708 2669 2674 6708 6706 6707 2671 6707 2666 2671 2667 2670 2672 2670 2675 2672 6720 6719 6727 6719 2680 6727 6714 6729 6728 6729 6721 6728 6724 6712 6718 6712 6722 6718 6724 6714 6726 6714 2693 6726 6724 6718 6714 6718 6729 6714 2689 6733 2686 6733 2681 2686 6711 6725 6710 6725 6734 6710 6723 2684 6732 2684 2694 6732 2683 2692 2690 2692 2677 2690 6735 6713 2676 6713 6715 2676 2682 2685 2691 2685 2695 2691 2687 6731 2688 6731 2679 2688 2708 6751 2723 6751 6736 2723 2709 6750 2708 6750 6751 2708 6750 2709 6749 2709 2710 6749 6749 2710 6748 2710 2711 6748 6748 2711 6747 2711 2712 6747 6746 6747 2713 6747 2712 2713 6745 6746 2714 6746 2713 2714 6745 2714 6744 2714 2715 6744 6743 6744 2716 6744 2715 2716 6743 2716 6742 2716 2717 6742 6741 6742 2718 6742 2717 2718 6740 6741 2719 6741 2718 2719 6739 6740 2720 6740 2719 2720 6739 2720 6738 2720 2721 6738 6737 6738 2722 6738 2721 2722 6736 6737 2723 6737 2722 2723 6753 6767 2724 6767 2725 2724 6767 6766 2725 6766 2726 2725 6765 2727 6766 2727 2726 6766 6765 6764 2727 6764 2728 2727 6764 6763 2728 6763 2729 2728 6763 6762 2729 6762 2730 2729 6761 2731 6762 2731 2730 6762 6761 6760 2731 6760 2732 2731 6759 2733 6760 2733 2732 6760 6759 6758 2733 6758 2734 2733 6758 6757 2734 6757 2735 2734 6756 2736 6757 2736 2735 6757 6755 2737 6756 2737 2736 6756 6754 2738 6755 2738 2737 6755 6752 2739 6754 2739 2738 6754 6753 2724 6752 2724 2739 6752 2740 2741 2771 2741 2770 2771 2769 2770 2742 2770 2741 2742 2769 2742 2768 2742 2743 2768 2767 2768 2744 2768 2743 2744 2766 2767 2745 2767 2744 2745 2765 2766 2746 2766 2745 2746 2765 2746 2764 2746 2747 2764 2763 2764 2748 2764 2747 2748 2763 2748 2762 2748 2749 2762 2761 2762 2750 2762 2749 2750 2760 2761 2751 2761 2750 2751 2760 2751 2759 2751 2752 2759 2759 2752 2758 2752 2753 2758 2758 2753 2757 2753 2754 2757 2757 2754 2756 2754 2755 2756 2756 2755 2771 2755 2740 2771 2772 6783 2787 6783 6768 2787 2773 6782 2772 6782 6783 2772 6782 2773 6781 2773 2774 6781 6781 2774 6780 2774 2775 6780 6780 2775 6779 2775 2776 6779 6778 6779 2777 6779 2776 2777 6777 6778 2778 6778 2777 2778 6777 2778 6776 2778 2779 6776 6775 6776 2780 6776 2779 2780 6775 2780 6774 2780 2781 6774 6773 6774 2782 6774 2781 2782 6772 6773 2783 6773 2782 2783 6771 6772 2784 6772 2783 2784 6771 2784 6770 2784 2785 6770 6769 6770 2786 6770 2785 2786 6768 6769 2787 6769 2786 2787 6785 6799 2788 6799 2789 2788 6799 6798 2789 6798 2790 2789 6797 2791 6798 2791 2790 6798 6797 6796 2791 6796 2792 2791 6796 6795 2792 6795 2793 2792 6795 6794 2793 6794 2794 2793 6793 2795 6794 2795 2794 6794 6793 6792 2795 6792 2796 2795 6791 2797 6792 2797 2796 6792 6791 6790 2797 6790 2798 2797 6790 6789 2798 6789 2799 2798 6788 2800 6789 2800 2799 6789 6787 2801 6788 2801 2800 6788 6786 2802 6787 2802 2801 6787 6784 2803 6786 2803 2802 6786 6785 2788 6784 2788 2803 6784 2804 2805 2835 2805 2834 2835 2833 2834 2806 2834 2805 2806 2833 2806 2832 2806 2807 2832 2831 2832 2808 2832 2807 2808 2830 2831 2809 2831 2808 2809 2829 2830 2810 2830 2809 2810 2829 2810 2828 2810 2811 2828 2827 2828 2812 2828 2811 2812 2827 2812 2826 2812 2813 2826 2825 2826 2814 2826 2813 2814 2824 2825 2815 2825 2814 2815 2824 2815 2823 2815 2816 2823 2823 2816 2822 2816 2817 2822 2822 2817 2821 2817 2818 2821 2821 2818 2820 2818 2819 2820 2820 2819 2835 2819 2804 2835 2836 6815 2851 6815 6800 2851 2837 6814 2836 6814 6815 2836 6814 2837 6813 2837 2838 6813 6813 2838 6812 2838 2839 6812 6812 2839 6811 2839 2840 6811 6810 6811 2841 6811 2840 2841 6809 6810 2842 6810 2841 2842 6809 2842 6808 2842 2843 6808 6807 6808 2844 6808 2843 2844 6807 2844 6806 2844 2845 6806 6805 6806 2846 6806 2845 2846 6804 6805 2847 6805 2846 2847 6803 6804 2848 6804 2847 2848 6803 2848 6802 2848 2849 6802 6801 6802 2850 6802 2849 2850 6800 6801 2851 6801 2850 2851 6817 6831 2852 6831 2853 2852 6831 6830 2853 6830 2854 2853 6829 2855 6830 2855 2854 6830 6829 6828 2855 6828 2856 2855 6828 6827 2856 6827 2857 2856 6827 6826 2857 6826 2858 2857 6825 2859 6826 2859 2858 6826 6825 6824 2859 6824 2860 2859 6823 2861 6824 2861 2860 6824 6823 6822 2861 6822 2862 2861 6822 6821 2862 6821 2863 2862 6820 2864 6821 2864 2863 6821 6819 2865 6820 2865 2864 6820 6818 2866 6819 2866 2865 6819 6816 2867 6818 2867 2866 6818 6817 2852 6816 2852 2867 6816 2868 2869 2899 2869 2898 2899 2897 2898 2870 2898 2869 2870 2897 2870 2896 2870 2871 2896 2895 2896 2872 2896 2871 2872 2894 2895 2873 2895 2872 2873 2893 2894 2874 2894 2873 2874 2893 2874 2892 2874 2875 2892 2891 2892 2876 2892 2875 2876 2891 2876 2890 2876 2877 2890 2889 2890 2878 2890 2877 2878 2888 2889 2879 2889 2878 2879 2888 2879 2887 2879 2880 2887 2887 2880 2886 2880 2881 2886 2886 2881 2885 2881 2882 2885 2885 2882 2884 2882 2883 2884 2884 2883 2899 2883 2868 2899 2900 6847 2915 6847 6832 2915 2901 6846 2900 6846 6847 2900 6846 2901 6845 2901 2902 6845 6845 2902 6844 2902 2903 6844 6844 2903 6843 2903 2904 6843 6842 6843 2905 6843 2904 2905 6841 6842 2906 6842 2905 2906 6841 2906 6840 2906 2907 6840 6839 6840 2908 6840 2907 2908 6839 2908 6838 2908 2909 6838 6837 6838 2910 6838 2909 2910 6836 6837 2911 6837 2910 2911 6835 6836 2912 6836 2911 2912 6835 2912 6834 2912 2913 6834 6833 6834 2914 6834 2913 2914 6832 6833 2915 6833 2914 2915 6849 6863 2916 6863 2917 2916 6863 6862 2917 6862 2918 2917 6861 2919 6862 2919 2918 6862 6861 6860 2919 6860 2920 2919 6860 6859 2920 6859 2921 2920 6859 6858 2921 6858 2922 2921 6857 2923 6858 2923 2922 6858 6857 6856 2923 6856 2924 2923 6855 2925 6856 2925 2924 6856 6855 6854 2925 6854 2926 2925 6854 6853 2926 6853 2927 2926 6852 2928 6853 2928 2927 6853 6851 2929 6852 2929 2928 6852 6850 2930 6851 2930 2929 6851 6848 2931 6850 2931 2930 6850 6849 2916 6848 2916 2931 6848 2932 2933 2963 2933 2962 2963 2961 2962 2934 2962 2933 2934 2961 2934 2960 2934 2935 2960 2959 2960 2936 2960 2935 2936 2958 2959 2937 2959 2936 2937 2957 2958 2938 2958 2937 2938 2957 2938 2956 2938 2939 2956 2955 2956 2940 2956 2939 2940 2955 2940 2954 2940 2941 2954 2953 2954 2942 2954 2941 2942 2952 2953 2943 2953 2942 2943 2952 2943 2951 2943 2944 2951 2951 2944 2950 2944 2945 2950 2950 2945 2949 2945 2946 2949 2949 2946 2948 2946 2947 2948 2948 2947 2963 2947 2932 2963 6872 2968 6932 6874 2969 6933 6876 2970 6934 6878 2971 6935 6932 2968 6928 6933 2969 6929 6934 2970 6930 6935 2971 6931 6928 2968 6924 6929 2969 6925 6930 2970 6926 6931 2971 6927 6924 2968 6920 6925 2969 6921 6926 2970 6922 6927 2971 6923 6920 2968 6916 6921 2969 6917 6922 2970 6918 6923 2971 6919 6916 2968 6912 6917 2969 6913 6918 2970 6914 6919 2971 6915 6912 2968 6908 6913 2969 6909 6914 2970 6910 6915 2971 6911 6908 2968 6904 6909 2969 6905 6910 2970 6906 6911 2971 6907 6904 2968 6900 6905 2969 6901 6906 2970 6902 6907 2971 6903 6900 2968 6896 6901 2969 6897 6902 2970 6898 6903 2971 6899 6896 2968 6892 6897 2969 6893 6898 2970 6894 6899 2971 6895 6892 2968 6888 6893 2969 6889 6894 2970 6890 6895 2971 6891 6888 2968 6884 6889 2969 6885 6890 2970 6886 6891 2971 6887 6884 2968 6880 6885 2969 6881 6886 2970 6882 6887 2971 6883 6880 2968 6873 6881 2969 6875 6882 2970 6877 6883 2971 6879 6873 2968 6872 6875 2969 6874 6877 2970 6876 6879 2971 6878 3092 2976 3096 2976 2972 3096 3093 2977 3097 2977 2973 3097 3094 2978 3098 2978 2974 3098 3095 2979 3099 2979 2975 3099 3088 2980 3092 2980 2976 3092 3089 2981 3093 2981 2977 3093 3090 2982 3094 2982 2978 3094 3091 2983 3095 2983 2979 3095 3084 2984 3088 2984 2980 3088 3085 2985 3089 2985 2981 3089 3086 2986 3090 2986 2982 3090 3087 2987 3091 2987 2983 3091 3080 2988 3084 2988 2984 3084 3081 2989 3085 2989 2985 3085 3082 2990 3086 2990 2986 3086 3083 2991 3087 2991 2987 3087 3076 2992 3080 2992 2988 3080 3077 2993 3081 2993 2989 3081 3078 2994 3082 2994 2990 3082 3079 2995 3083 2995 2991 3083 3072 2996 3076 2996 2992 3076 3073 2997 3077 2997 2993 3077 3074 2998 3078 2998 2994 3078 3075 2999 3079 2999 2995 3079 3068 3000 3072 3000 2996 3072 3069 3001 3073 3001 2997 3073 3070 3002 3074 3002 2998 3074 3071 3003 3075 3003 2999 3075 3064 3004 3068 3004 3000 3068 3065 3005 3069 3005 3001 3069 3066 3006 3070 3006 3002 3070 3067 3007 3071 3007 3003 3071 3060 3008 3064 3008 3004 3064 3061 3009 3065 3009 3005 3065 3062 3010 3066 3010 3006 3066 3063 3011 3067 3011 3007 3067 3056 3012 3060 3012 3008 3060 3057 3013 3061 3013 3009 3061 3058 3014 3062 3014 3010 3062 3059 3015 3063 3015 3011 3063 3052 3016 3056 3016 3012 3056 3053 3017 3057 3017 3013 3057 3054 3018 3058 3018 3014 3058 3055 3019 3059 3019 3015 3059 3048 3020 3052 3020 3016 3052 3049 3021 3053 3021 3017 3053 3050 3022 3054 3022 3018 3054 3051 3023 3055 3023 3019 3055 3044 3024 3048 3024 3020 3048 3045 3025 3049 3025 3021 3049 3046 3026 3050 3026 3022 3050 3047 3027 3051 3027 3023 3051 3040 3028 3044 3028 3024 3044 3041 3029 3045 3029 3025 3045 3042 3030 3046 3030 3026 3046 3043 3031 3047 3031 3027 3047 3036 3032 3040 3032 3028 3040 3037 3033 3041 3033 3029 3041 3038 3034 3042 3034 3030 3042 3039 3035 3043 3035 3031 3043 3096 2972 3036 2972 3032 3036 3097 2973 3037 2973 3033 3037 3098 2974 3038 2974 3034 3038 3099 2975 3039 2975 3035 3039 3100 6937 3160 6937 6936 3160 3101 6939 3161 6939 6938 3161 3102 6941 3162 6941 6940 3162 3103 6943 3163 6943 6942 3163 3160 6936 3156 6936 6944 3156 3161 6938 3157 6938 6945 3157 3162 6940 3158 6940 6946 3158 3163 6942 3159 6942 6947 3159 3156 6944 3152 6944 6948 3152 3157 6945 3153 6945 6949 3153 3158 6946 3154 6946 6950 3154 3159 6947 3155 6947 6951 3155 3152 6948 3148 6948 6952 3148 3153 6949 3149 6949 6953 3149 3154 6950 3150 6950 6954 3150 3155 6951 3151 6951 6955 3151 3148 6952 3144 6952 6956 3144 3149 6953 3145 6953 6957 3145 3150 6954 3146 6954 6958 3146 3151 6955 3147 6955 6959 3147 3144 6956 3140 6956 6960 3140 3145 6957 3141 6957 6961 3141 3146 6958 3142 6958 6962 3142 3147 6959 3143 6959 6963 3143 3140 6960 3136 6960 6964 3136 3141 6961 3137 6961 6965 3137 3142 6962 3138 6962 6966 3138 3143 6963 3139 6963 6967 3139 3136 6964 3132 6964 6968 3132 3137 6965 3133 6965 6969 3133 3138 6966 3134 6966 6970 3134 3139 6967 3135 6967 6971 3135 3132 6968 3128 6968 6972 3128 3133 6969 3129 6969 6973 3129 3134 6970 3130 6970 6974 3130 3135 6971 3131 6971 6975 3131 3128 6972 3124 6972 6976 3124 3129 6973 3125 6973 6977 3125 3130 6974 3126 6974 6978 3126 3131 6975 3127 6975 6979 3127 3124 6976 3120 6976 6980 3120 3125 6977 3121 6977 6981 3121 3126 6978 3122 6978 6982 3122 3127 6979 3123 6979 6983 3123 3120 6980 3116 6980 6984 3116 3121 6981 3117 6981 6985 3117 3122 6982 3118 6982 6986 3118 3123 6983 3119 6983 6987 3119 3116 6984 3112 6984 6988 3112 3117 6985 3113 6985 6989 3113 3118 6986 3114 6986 6990 3114 3119 6987 3115 6987 6991 3115 3112 6988 3108 6988 6992 3108 3113 6989 3109 6989 6993 3109 3114 6990 3110 6990 6994 3110 3115 6991 3111 6991 6995 3111 3108 6992 3104 6992 6996 3104 3109 6993 3105 6993 6997 3105 3110 6994 3106 6994 6998 3106 3111 6995 3107 6995 6999 3107 3104 6996 3100 6996 6937 3100 3105 6997 3101 6997 6939 3101 3106 6998 3102 6998 6941 3102 3107 6999 3103 6999 6943 3103 3220 3228 3224 3221 3229 3225 3222 3230 3226 3223 3231 3227 3216 3228 3220 3217 3229 3221 3218 3230 3222 3219 3231 3223 3212 3228 3216 3213 3229 3217 3214 3230 3218 3215 3231 3219 3208 3228 3212 3209 3229 3213 3210 3230 3214 3211 3231 3215 3204 3228 3208 3205 3229 3209 3206 3230 3210 3207 3231 3211 3200 3228 3204 3201 3229 3205 3202 3230 3206 3203 3231 3207 3196 3228 3200 3197 3229 3201 3198 3230 3202 3199 3231 3203 3192 3228 3196 3193 3229 3197 3194 3230 3198 3195 3231 3199 3188 3228 3192 3189 3229 3193 3190 3230 3194 3191 3231 3195 3184 3228 3188 3185 3229 3189 3186 3230 3190 3187 3231 3191 3180 3228 3184 3181 3229 3185 3182 3230 3186 3183 3231 3187 3176 3228 3180 3177 3229 3181 3178 3230 3182 3179 3231 3183 3172 3228 3176 3173 3229 3177 3174 3230 3178 3175 3231 3179 3168 3228 3172 3169 3229 3173 3170 3230 3174 3171 3231 3175 3164 3228 3168 3165 3229 3169 3166 3230 3170 3167 3231 3171 3224 3228 3164 3225 3229 3165 3226 3230 3166 3227 3231 3167 3232 7001 3292 7001 7000 3292 3233 7003 3293 7003 7002 3293 3234 7005 3294 7005 7004 3294 3235 7007 3295 7007 7006 3295 3292 7000 3288 7000 7008 3288 3293 7002 3289 7002 7009 3289 3294 7004 3290 7004 7010 3290 3295 7006 3291 7006 7011 3291 3288 7008 3284 7008 7012 3284 3289 7009 3285 7009 7013 3285 3290 7010 3286 7010 7014 3286 3291 7011 3287 7011 7015 3287 3284 7012 3280 7012 7016 3280 3285 7013 3281 7013 7017 3281 3286 7014 3282 7014 7018 3282 3287 7015 3283 7015 7019 3283 3280 7016 3276 7016 7020 3276 3281 7017 3277 7017 7021 3277 3282 7018 3278 7018 7022 3278 3283 7019 3279 7019 7023 3279 3276 7020 3272 7020 7024 3272 3277 7021 3273 7021 7025 3273 3278 7022 3274 7022 7026 3274 3279 7023 3275 7023 7027 3275 3272 7024 3268 7024 7028 3268 3273 7025 3269 7025 7029 3269 3274 7026 3270 7026 7030 3270 3275 7027 3271 7027 7031 3271 3268 7028 3264 7028 7032 3264 3269 7029 3265 7029 7033 3265 3270 7030 3266 7030 7034 3266 3271 7031 3267 7031 7035 3267 3264 7032 3260 7032 7036 3260 3265 7033 3261 7033 7037 3261 3266 7034 3262 7034 7038 3262 3267 7035 3263 7035 7039 3263 3260 7036 3256 7036 7040 3256 3261 7037 3257 7037 7041 3257 3262 7038 3258 7038 7042 3258 3263 7039 3259 7039 7043 3259 3256 7040 3252 7040 7044 3252 3257 7041 3253 7041 7045 3253 3258 7042 3254 7042 7046 3254 3259 7043 3255 7043 7047 3255 3252 7044 3248 7044 7048 3248 3253 7045 3249 7045 7049 3249 3254 7046 3250 7046 7050 3250 3255 7047 3251 7047 7051 3251 3248 7048 3244 7048 7052 3244 3249 7049 3245 7049 7053 3245 3250 7050 3246 7050 7054 3246 3251 7051 3247 7051 7055 3247 3244 7052 3240 7052 7056 3240 3245 7053 3241 7053 7057 3241 3246 7054 3242 7054 7058 3242 3247 7055 3243 7055 7059 3243 3240 7056 3236 7056 7060 3236 3241 7057 3237 7057 7061 3237 3242 7058 3238 7058 7062 3238 3243 7059 3239 7059 7063 3239 3236 7060 3232 7060 7001 3232 3237 7061 3233 7061 7003 3233 3238 7062 3234 7062 7005 3234 3239 7063 3235 7063 7007 3235 3352 3360 3356 3353 3361 3357 3354 3362 3358 3355 3363 3359 3348 3360 3352 3349 3361 3353 3350 3362 3354 3351 3363 3355 3344 3360 3348 3345 3361 3349 3346 3362 3350 3347 3363 3351 3340 3360 3344 3341 3361 3345 3342 3362 3346 3343 3363 3347 3336 3360 3340 3337 3361 3341 3338 3362 3342 3339 3363 3343 3332 3360 3336 3333 3361 3337 3334 3362 3338 3335 3363 3339 3328 3360 3332 3329 3361 3333 3330 3362 3334 3331 3363 3335 3324 3360 3328 3325 3361 3329 3326 3362 3330 3327 3363 3331 3320 3360 3324 3321 3361 3325 3322 3362 3326 3323 3363 3327 3316 3360 3320 3317 3361 3321 3318 3362 3322 3319 3363 3323 3312 3360 3316 3313 3361 3317 3314 3362 3318 3315 3363 3319 3308 3360 3312 3309 3361 3313 3310 3362 3314 3311 3363 3315 3304 3360 3308 3305 3361 3309 3306 3362 3310 3307 3363 3311 3300 3360 3304 3301 3361 3305 3302 3362 3306 3303 3363 3307 3296 3360 3300 3297 3361 3301 3298 3362 3302 3299 3363 3303 3356 3360 3296 3357 3361 3297 3358 3362 3298 3359 3363 3299 7064 3364 7124 7066 3365 7125 7068 3366 7126 7070 3367 7127 7124 3364 7120 7125 3365 7121 7126 3366 7122 7127 3367 7123 7120 3364 7116 7121 3365 7117 7122 3366 7118 7123 3367 7119 7116 3364 7112 7117 3365 7113 7118 3366 7114 7119 3367 7115 7112 3364 7108 7113 3365 7109 7114 3366 7110 7115 3367 7111 7108 3364 7104 7109 3365 7105 7110 3366 7106 7111 3367 7107 7104 3364 7100 7105 3365 7101 7106 3366 7102 7107 3367 7103 7100 3364 7096 7101 3365 7097 7102 3366 7098 7103 3367 7099 7096 3364 7092 7097 3365 7093 7098 3366 7094 7099 3367 7095 7092 3364 7088 7093 3365 7089 7094 3366 7090 7095 3367 7091 7088 3364 7084 7089 3365 7085 7090 3366 7086 7091 3367 7087 7084 3364 7080 7085 3365 7081 7086 3366 7082 7087 3367 7083 7080 3364 7076 7081 3365 7077 7082 3366 7078 7083 3367 7079 7076 3364 7072 7077 3365 7073 7078 3366 7074 7079 3367 7075 7072 3364 7065 7073 3365 7067 7074 3366 7069 7075 3367 7071 7065 3364 7064 7067 3365 7066 7069 3366 7068 7071 3367 7070 3488 3372 3492 3372 3368 3492 3489 3373 3493 3373 3369 3493 3490 3374 3494 3374 3370 3494 3491 3375 3495 3375 3371 3495 3484 3376 3488 3376 3372 3488 3485 3377 3489 3377 3373 3489 3486 3378 3490 3378 3374 3490 3487 3379 3491 3379 3375 3491 3480 3380 3484 3380 3376 3484 3481 3381 3485 3381 3377 3485 3482 3382 3486 3382 3378 3486 3483 3383 3487 3383 3379 3487 3476 3384 3480 3384 3380 3480 3477 3385 3481 3385 3381 3481 3478 3386 3482 3386 3382 3482 3479 3387 3483 3387 3383 3483 3472 3388 3476 3388 3384 3476 3473 3389 3477 3389 3385 3477 3474 3390 3478 3390 3386 3478 3475 3391 3479 3391 3387 3479 3468 3392 3472 3392 3388 3472 3469 3393 3473 3393 3389 3473 3470 3394 3474 3394 3390 3474 3471 3395 3475 3395 3391 3475 3464 3396 3468 3396 3392 3468 3465 3397 3469 3397 3393 3469 3466 3398 3470 3398 3394 3470 3467 3399 3471 3399 3395 3471 3460 3400 3464 3400 3396 3464 3461 3401 3465 3401 3397 3465 3462 3402 3466 3402 3398 3466 3463 3403 3467 3403 3399 3467 3456 3404 3460 3404 3400 3460 3457 3405 3461 3405 3401 3461 3458 3406 3462 3406 3402 3462 3459 3407 3463 3407 3403 3463 3452 3408 3456 3408 3404 3456 3453 3409 3457 3409 3405 3457 3454 3410 3458 3410 3406 3458 3455 3411 3459 3411 3407 3459 3448 3412 3452 3412 3408 3452 3449 3413 3453 3413 3409 3453 3450 3414 3454 3414 3410 3454 3451 3415 3455 3415 3411 3455 3444 3416 3448 3416 3412 3448 3445 3417 3449 3417 3413 3449 3446 3418 3450 3418 3414 3450 3447 3419 3451 3419 3415 3451 3440 3420 3444 3420 3416 3444 3441 3421 3445 3421 3417 3445 3442 3422 3446 3422 3418 3446 3443 3423 3447 3423 3419 3447 3436 3424 3440 3424 3420 3440 3437 3425 3441 3425 3421 3441 3438 3426 3442 3426 3422 3442 3439 3427 3443 3427 3423 3443 3432 3428 3436 3428 3424 3436 3433 3429 3437 3429 3425 3437 3434 3430 3438 3430 3426 3438 3435 3431 3439 3431 3427 3439 3492 3368 3432 3368 3428 3432 3493 3369 3433 3369 3429 3433 3494 3370 3434 3370 3430 3434 3495 3371 3435 3371 3431 3435 6869 5507 6870 5507 5509 6870 6865 5508 6868 5508 3497 6868 6864 6866 3499 6866 5506 3499 6705 6702 3895 6702 3894 3895 6705 3895 2673 3895 3896 2673 6456 6453 3889 6453 3888 3889 6456 3889 2452 3889 3890 2452 6328 6339 2706 6339 2705 2706 6328 2706 6330 2706 2707 6330 6365 6378 2700 6378 2699 2700 6365 2700 6367 2700 2701 6367 6871 7129 2966 7129 4694 2966 6868 7128 6865 7128 4692 6865 6867 2964 7131 2964 7130 7131 3496 4696 2967 4696 4695 2967 3498 2965 4697 2965 4693 4697 6339 6424 2705 6424 2702 2705 4738 6367 2701 6420 2422 2704 4700 6330 2707 6344 3524 3893 3629 2452 3890 6507 3678 3899 7186 3879 7246 3879 3876 7246 7132 3520 7134 3520 3505 7134 7146 7148 7141 7148 7143 7141 3506 7150 3523 7150 3517 3523 7133 6326 3521 6326 3519 3521 7151 7152 3522 7152 3524 3522 7135 3510 7139 3510 7140 7139 3504 3507 3505 3507 7134 3505 7150 3506 7138 3506 5516 7138 3503 3516 7156 3516 3500 7156 7507 7319 7506 7319 3687 7506 3500 3535 7156 3535 3518 7156 7136 7147 7144 7147 7142 7144 3503 3508 3516 3508 3515 3516 7145 7149 3513 7149 7137 3513 3511 3501 3512 3501 3502 3512 7153 7161 7154 7161 3532 7154 7132 7133 3520 7133 3521 3520 3522 3523 7151 3523 3517 7151 7164 3527 7165 3527 7166 7165 7318 7508 3897 7508 3894 3897 7160 7163 3530 7163 3531 3530 7155 3528 7157 3528 7159 7157 3518 3535 3525 3535 3534 3525 3892 3893 7155 3893 7152 7155 3892 7155 3891 7155 7157 3891 7158 3529 7167 3529 7162 7167 3817 7295 3808 7295 3666 3808 7168 3563 7170 3563 3542 7170 7185 7187 7178 7187 7180 7178 3543 7189 3566 7189 3558 3566 3583 3574 3572 3574 3588 3572 7169 7171 3564 7171 3560 3564 7216 7219 7203 7219 7205 7203 7192 7193 3565 7193 3569 3565 7172 3547 7176 3547 7177 7176 3541 3544 3542 3544 7170 3542 7189 3543 7175 3543 5553 7175 3540 3553 7206 3553 3537 7206 7214 7208 3589 7208 7225 3589 7191 3562 7190 3562 3561 7190 3568 7182 3567 7182 7181 3567 3537 3592 7206 3592 3559 7206 7173 7186 7183 7186 7179 7183 3540 3545 3553 3545 3552 3553 7184 7188 3550 7188 7174 3550 3548 3538 3549 3538 3539 3549 7197 3575 7201 3575 7202 7201 7194 7211 7195 7211 3586 7195 7168 7169 3563 7169 3564 3563 3560 7171 3561 7171 7190 3561 3565 3566 7192 3566 3558 7192 7182 3568 7200 3568 3569 7200 3556 3593 3557 3593 3536 3557 7221 3577 7222 3577 7223 7222 7217 7215 3573 7215 7207 3573 7210 7220 3584 7220 3585 3584 7196 3578 7207 3578 7209 7207 3559 3592 3570 3592 3591 3570 7193 7200 3569 7198 7215 7212 7215 7204 7212 7198 7200 7196 7200 7193 7196 7198 7196 7215 7196 7207 7215 3576 3579 3587 3579 7218 3587 3556 3571 3593 3571 3590 3593 7213 7224 3582 7224 7199 3582 3580 3554 3581 3554 3555 3581 3597 5610 3596 5610 3595 3596 7227 7228 7226 7228 3598 7226 3536 3609 3557 3609 3594 3557 7229 7236 7230 7236 3606 7230 7191 3597 3562 3597 3596 3562 7226 3567 7227 3567 7181 7227 7239 3601 7240 3601 7241 7240 3514 7233 3509 7233 3607 3509 7235 7238 3604 7238 3605 3604 7231 3602 7232 3602 7234 7232 3594 3609 3599 3609 3608 3599 3883 3884 7231 3884 7228 7231 3883 7231 3882 7231 7232 3882 3600 3603 7242 3603 7237 7242 3610 3619 7244 3619 3617 7244 7252 3612 7253 3612 7254 7253 3551 7247 3546 7247 3618 3546 7249 7251 3615 7251 3616 3615 7245 3613 7246 3613 7248 7246 3877 3878 7245 3878 7243 7245 3877 7245 3876 7245 7246 3876 3611 3614 7255 3614 7250 7255 7264 7261 7258 7261 7262 7258 7270 7267 3620 7267 7269 3620 7257 7256 3623 7256 7271 3623 7263 7268 3624 7268 3660 3624 7265 3626 7266 3626 3621 7266 3839 7387 3830 7387 3751 3830 7294 7467 7301 7467 7460 7301 3642 3645 3641 3645 3638 3641 7273 3674 7278 3674 3639 7278 7302 7304 7290 7304 7292 7290 3644 7311 3677 7311 3671 3677 7279 7280 7276 7280 7275 7276 3632 3669 7293 3669 3637 7293 7274 6477 3675 6477 3673 3675 7312 7313 3676 7313 3678 3676 3643 3640 7272 3640 3648 7272 3649 6464 3648 6464 7272 3648 7260 7259 3625 7259 3661 3625 7284 3651 7288 3651 7289 7288 7281 7298 7282 7298 3665 7282 3643 3642 3640 3642 3641 3640 3638 3645 3639 3645 7278 3639 7276 7277 7279 7277 3636 7279 7311 3644 7287 3644 7275 7287 3635 3670 7317 3670 3631 7317 7306 3653 7307 3653 7308 7307 7157 7261 3891 7261 3888 3891 3631 3689 7317 3689 3672 7317 3630 3659 7277 3659 3636 7277 3659 3630 3628 3630 3629 3628 7270 3620 7293 3620 3632 7293 3662 7461 3650 7461 3821 3650 7297 7305 3663 7305 3664 3663 7283 3654 7294 3654 7296 7294 3637 3669 3646 3669 3668 3646 7280 7287 7275 7285 7301 7299 7301 7291 7299 7285 7287 7283 7287 7280 7283 7285 7283 7301 7283 7294 7301 3652 3655 7310 3655 7303 7310 3635 3647 3670 3647 3667 3670 7300 7309 3658 7309 7286 3658 3656 3633 3657 3633 3634 3657 7314 7322 7315 7322 3686 7315 7273 7274 3674 7274 3675 3674 3676 3677 7312 3677 3671 7312 7325 3681 7326 3681 7327 7326 7321 7324 3684 7324 3685 3684 7316 3682 7318 3682 7320 7318 3672 3689 3679 3689 3688 3679 3898 3899 7316 3899 7313 7316 3898 7316 3897 7316 7318 3897 3680 3683 7328 3683 7323 7328 3573 7337 7217 7337 7352 7217 7339 7350 7338 7350 3696 7338 7333 7351 7352 7351 7340 7352 7360 3691 7347 3691 3692 7347 7348 7345 3710 7343 7337 7331 7337 7341 7331 7343 7345 7333 7345 7348 7333 7343 7333 7337 7333 7352 7337 7353 3702 7356 3702 3697 7356 7358 7346 3690 7346 7357 3690 7330 7329 7344 7329 7359 7344 7342 7355 3700 7355 3745 3700 7336 7214 7335 7214 3589 7335 3699 3706 3708 3706 3693 3708 3574 3705 3588 3705 3694 3588 3709 7349 7332 7349 7334 7332 7365 7361 3722 7361 3733 3722 7445 7365 3800 7365 3722 3800 7523 7424 7522 7424 3787 7522 7386 7492 7395 7492 7486 7395 3726 3729 3725 3729 3720 3725 7363 3765 7369 3765 3723 7369 7396 7398 7382 7398 7384 7382 3728 7405 3768 7405 3760 3768 7370 7371 7367 7371 7366 7367 3714 3754 7385 3754 3719 7385 3622 3526 3627 3526 3533 3627 7364 7375 3766 7375 3762 3766 7431 7433 7419 7433 7421 7419 7408 7409 3767 7409 3771 3767 3727 3724 7362 3724 3732 7362 3733 7361 3732 7361 7362 3732 3698 3707 3701 3707 3746 3701 3721 3803 3734 3803 7442 3734 7376 3736 7380 3736 7381 7380 7372 7390 7373 7390 3750 7373 3727 3726 3724 3726 3725 3724 3720 3729 3723 3729 7369 3723 7367 7368 7370 7368 3718 7370 7405 3728 7379 3728 7366 7379 3717 3755 7422 3755 3713 7422 7400 3738 7401 3738 7402 7401 7423 7524 7430 7524 7535 7430 7407 3764 7406 3764 3763 7406 3770 7392 3769 7392 7391 3769 3713 3790 7422 3790 3761 7422 3711 3744 7368 3744 3718 7368 3744 3711 7345 3711 3710 7345 3734 7348 3721 7348 3710 3721 7358 3690 7385 3690 3714 7385 3747 7487 3735 7487 3843 3735 7389 7399 3748 7399 3749 3748 7374 3739 7386 3739 7388 7386 3719 3754 3730 3754 3753 3730 7371 7379 7366 7377 7395 7393 7395 7383 7393 7377 7379 7374 7379 7371 7374 7377 7374 7395 7374 7386 7395 3737 3740 7404 3740 7397 7404 3717 3731 3755 3731 3752 3755 7394 7403 3743 7403 7378 3743 3741 3715 3742 3715 3716 3742 3792 3691 3796 3691 7360 3796 3703 3704 7354 3704 3695 7354 7413 3775 7417 3775 7418 7417 7410 7427 7411 7427 3786 7411 7363 7364 3765 7364 3766 3765 3762 7375 3763 7375 7406 3763 3767 3768 7408 3768 3760 7408 7392 3770 7416 3770 3771 7416 3758 3791 3759 3791 3712 3759 7435 3777 7436 3777 7437 7436 3783 7536 3774 7536 3858 3774 7426 7434 3784 7434 3785 3784 7412 3778 7423 3778 7425 7423 3761 3790 3772 3790 3789 3772 7409 7416 3771 7414 7430 7428 7430 7420 7428 7414 7416 7412 7416 7409 7412 7414 7412 7430 7412 7423 7430 3776 3779 7439 3779 7432 7439 3758 3773 3791 3773 3788 3791 7429 7438 3782 7438 7415 3782 3780 3756 3781 3756 3757 3781 3802 7440 3801 7440 3798 3801 7468 7470 7457 7470 7459 7457 7446 7447 7441 7447 3805 7441 7445 3800 7444 3800 3799 7444 3804 7443 3803 7443 7442 3803 3712 3824 3759 3824 3797 3759 7451 3809 7455 3809 7456 7455 7448 7464 7449 7464 3820 7449 7407 3802 3764 3802 3801 3764 3798 7440 3799 7440 7444 3799 7441 3769 7446 3769 7391 7446 7443 3804 7454 3804 3805 7454 3795 3825 3796 3825 3792 3796 7472 3811 7473 3811 7474 7473 7463 7471 3818 7471 3819 3818 7450 3812 7460 3812 7462 7460 3797 3824 3806 3824 3823 3806 7447 7454 3805 7452 7467 7465 7467 7458 7465 7452 7454 7450 7454 7447 7450 7452 7450 7467 7450 7460 7467 3810 3813 7476 3813 7469 7476 3795 3807 3825 3807 3822 3825 7466 7475 3816 7475 7453 3816 3814 3793 3815 3793 3794 3815 7493 7496 7483 7496 7485 7483 7480 3831 3829 3831 3844 3829 3828 3845 7478 3845 3842 7478 7498 3833 7499 3833 7500 7499 7489 7497 3840 7497 3841 3840 7479 3834 7486 3834 7488 7486 7481 7492 7490 7492 7484 7490 7481 7494 7479 7494 7477 7479 7481 7479 7492 7479 7486 7492 3832 3835 7502 3835 7495 7502 7491 7501 3838 7501 7482 3838 3836 3826 3837 3826 3827 3837 7511 7508 7505 7508 7509 7505 7504 7503 3848 7503 7515 3848 7510 7514 3849 7514 3854 3849 7512 3851 7513 3851 3846 7513 3847 3852 3850 3852 3855 3850 7526 7533 7525 7533 3860 7525 7520 7534 7535 7534 7527 7535 7530 7524 7518 7524 7528 7518 7530 7532 7520 7532 3873 7520 7530 7520 7524 7520 7535 7524 3869 3866 7539 3866 3861 7539 7517 7516 7531 7516 7540 7531 7529 7538 3864 7538 3874 3864 3863 3870 3872 3870 3857 3872 7541 3856 7519 3856 7521 7519 3862 3871 3865 3871 3875 3865 3867 3868 7537 3868 3859 7537 3900 3915 7557 3915 7542 7557 3901 3900 7556 3900 7557 7556 7556 7555 3901 7555 3902 3901 7555 7554 3902 7554 3903 3902 7554 7553 3903 7553 3904 3903 7552 3905 7553 3905 3904 7553 7551 3906 7552 3906 3905 7552 7551 7550 3906 7550 3907 3906 7549 3908 7550 3908 3907 7550 7549 7548 3908 7548 3909 3908 7547 3910 7548 3910 3909 7548 7546 3911 7547 3911 3910 7547 7545 3912 7546 3912 3911 7546 7545 7544 3912 7544 3913 3912 7543 3914 7544 3914 3913 7544 7542 3915 7543 3915 3914 7543 7559 3916 7573 3916 3917 7573 7573 3917 7572 3917 3918 7572 7571 7572 3919 7572 3918 3919 7571 3919 7570 3919 3920 7570 7570 3920 7569 3920 3921 7569 7569 3921 7568 3921 3922 7568 7567 7568 3923 7568 3922 3923 7567 3923 7566 3923 3924 7566 7565 7566 3925 7566 3924 3925 7565 3925 7564 3925 3926 7564 7564 3926 7563 3926 3927 7563 7562 7563 3928 7563 3927 3928 7561 7562 3929 7562 3928 3929 7560 7561 3930 7561 3929 3930 7558 7560 3931 7560 3930 3931 7559 7558 3916 7558 3931 3916 3932 3963 3933 3963 3962 3933 3961 3934 3962 3934 3933 3962 3961 3960 3934 3960 3935 3934 3959 3936 3960 3936 3935 3960 3958 3937 3959 3937 3936 3959 3957 3938 3958 3938 3937 3958 3957 3956 3938 3956 3939 3938 3955 3940 3956 3940 3939 3956 3955 3954 3940 3954 3941 3940 3953 3942 3954 3942 3941 3954 3952 3943 3953 3943 3942 3953 3952 3951 3943 3951 3944 3943 3951 3950 3944 3950 3945 3944 3950 3949 3945 3949 3946 3945 3949 3948 3946 3948 3947 3946 3948 3963 3947 3963 3932 3947 3964 3979 7589 3979 7574 7589 3965 3964 7588 3964 7589 7588 7588 7587 3965 7587 3966 3965 7587 7586 3966 7586 3967 3966 7586 7585 3967 7585 3968 3967 7584 3969 7585 3969 3968 7585 7583 3970 7584 3970 3969 7584 7583 7582 3970 7582 3971 3970 7581 3972 7582 3972 3971 7582 7581 7580 3972 7580 3973 3972 7579 3974 7580 3974 3973 7580 7578 3975 7579 3975 3974 7579 7577 3976 7578 3976 3975 7578 7577 7576 3976 7576 3977 3976 7575 3978 7576 3978 3977 7576 7574 3979 7575 3979 3978 7575 7591 3980 7605 3980 3981 7605 7605 3981 7604 3981 3982 7604 7603 7604 3983 7604 3982 3983 7603 3983 7602 3983 3984 7602 7602 3984 7601 3984 3985 7601 7601 3985 7600 3985 3986 7600 7599 7600 3987 7600 3986 3987 7599 3987 7598 3987 3988 7598 7597 7598 3989 7598 3988 3989 7597 3989 7596 3989 3990 7596 7596 3990 7595 3990 3991 7595 7594 7595 3992 7595 3991 3992 7593 7594 3993 7594 3992 3993 7592 7593 3994 7593 3993 3994 7590 7592 3995 7592 3994 3995 7591 7590 3980 7590 3995 3980 3996 4027 3997 4027 4026 3997 4025 3998 4026 3998 3997 4026 4025 4024 3998 4024 3999 3998 4023 4000 4024 4000 3999 4024 4022 4001 4023 4001 4000 4023 4021 4002 4022 4002 4001 4022 4021 4020 4002 4020 4003 4002 4019 4004 4020 4004 4003 4020 4019 4018 4004 4018 4005 4004 4017 4006 4018 4006 4005 4018 4016 4007 4017 4007 4006 4017 4016 4015 4007 4015 4008 4007 4015 4014 4008 4014 4009 4008 4014 4013 4009 4013 4010 4009 4013 4012 4010 4012 4011 4010 4012 4027 4011 4027 3996 4011 4028 4043 7621 4043 7606 7621 4029 4028 7620 4028 7621 7620 7620 7619 4029 7619 4030 4029 7619 7618 4030 7618 4031 4030 7618 7617 4031 7617 4032 4031 7616 4033 7617 4033 4032 7617 7615 4034 7616 4034 4033 7616 7615 7614 4034 7614 4035 4034 7613 4036 7614 4036 4035 7614 7613 7612 4036 7612 4037 4036 7611 4038 7612 4038 4037 7612 7610 4039 7611 4039 4038 7611 7609 4040 7610 4040 4039 7610 7609 7608 4040 7608 4041 4040 7607 4042 7608 4042 4041 7608 7606 4043 7607 4043 4042 7607 7623 4044 7637 4044 4045 7637 7637 4045 7636 4045 4046 7636 7635 7636 4047 7636 4046 4047 7635 4047 7634 4047 4048 7634 7634 4048 7633 4048 4049 7633 7633 4049 7632 4049 4050 7632 7631 7632 4051 7632 4050 4051 7631 4051 7630 4051 4052 7630 7629 7630 4053 7630 4052 4053 7629 4053 7628 4053 4054 7628 7628 4054 7627 4054 4055 7627 7626 7627 4056 7627 4055 4056 7625 7626 4057 7626 4056 4057 7624 7625 4058 7625 4057 4058 7622 7624 4059 7624 4058 4059 7623 7622 4044 7622 4059 4044 4060 4091 4061 4091 4090 4061 4089 4062 4090 4062 4061 4090 4089 4088 4062 4088 4063 4062 4087 4064 4088 4064 4063 4088 4086 4065 4087 4065 4064 4087 4085 4066 4086 4066 4065 4086 4085 4084 4066 4084 4067 4066 4083 4068 4084 4068 4067 4084 4083 4082 4068 4082 4069 4068 4081 4070 4082 4070 4069 4082 4080 4071 4081 4071 4070 4081 4080 4079 4071 4079 4072 4071 4079 4078 4072 4078 4073 4072 4078 4077 4073 4077 4074 4073 4077 4076 4074 4076 4075 4074 4076 4091 4075 4091 4060 4075 4092 4107 7653 4107 7638 7653 4093 4092 7652 4092 7653 7652 7652 7651 4093 7651 4094 4093 7651 7650 4094 7650 4095 4094 7650 7649 4095 7649 4096 4095 7648 4097 7649 4097 4096 7649 7647 4098 7648 4098 4097 7648 7647 7646 4098 7646 4099 4098 7645 4100 7646 4100 4099 7646 7645 7644 4100 7644 4101 4100 7643 4102 7644 4102 4101 7644 7642 4103 7643 4103 4102 7643 7641 4104 7642 4104 4103 7642 7641 7640 4104 7640 4105 4104 7639 4106 7640 4106 4105 7640 7638 4107 7639 4107 4106 7639 7655 4108 7669 4108 4109 7669 7669 4109 7668 4109 4110 7668 7667 7668 4111 7668 4110 4111 7667 4111 7666 4111 4112 7666 7666 4112 7665 4112 4113 7665 7665 4113 7664 4113 4114 7664 7663 7664 4115 7664 4114 4115 7663 4115 7662 4115 4116 7662 7661 7662 4117 7662 4116 4117 7661 4117 7660 4117 4118 7660 7660 4118 7659 4118 4119 7659 7658 7659 4120 7659 4119 4120 7657 7658 4121 7658 4120 4121 7656 7657 4122 7657 4121 4122 7654 7656 4123 7656 4122 4123 7655 7654 4108 7654 4123 4108 4124 4155 4125 4155 4154 4125 4153 4126 4154 4126 4125 4154 4153 4152 4126 4152 4127 4126 4151 4128 4152 4128 4127 4152 4150 4129 4151 4129 4128 4151 4149 4130 4150 4130 4129 4150 4149 4148 4130 4148 4131 4130 4147 4132 4148 4132 4131 4148 4147 4146 4132 4146 4133 4132 4145 4134 4146 4134 4133 4146 4144 4135 4145 4135 4134 4145 4144 4143 4135 4143 4136 4135 4143 4142 4136 4142 4137 4136 4142 4141 4137 4141 4138 4137 4141 4140 4138 4140 4139 4138 4140 4155 4139 4155 4124 4139 7678 7738 4160 7680 7739 4161 7682 7740 4162 7684 7741 4163 7738 7734 4160 7739 7735 4161 7740 7736 4162 7741 7737 4163 7734 7730 4160 7735 7731 4161 7736 7732 4162 7737 7733 4163 7730 7726 4160 7731 7727 4161 7732 7728 4162 7733 7729 4163 7726 7722 4160 7727 7723 4161 7728 7724 4162 7729 7725 4163 7722 7718 4160 7723 7719 4161 7724 7720 4162 7725 7721 4163 7718 7714 4160 7719 7715 4161 7720 7716 4162 7721 7717 4163 7714 7710 4160 7715 7711 4161 7716 7712 4162 7717 7713 4163 7710 7706 4160 7711 7707 4161 7712 7708 4162 7713 7709 4163 7706 7702 4160 7707 7703 4161 7708 7704 4162 7709 7705 4163 7702 7698 4160 7703 7699 4161 7704 7700 4162 7705 7701 4163 7698 7694 4160 7699 7695 4161 7700 7696 4162 7701 7697 4163 7694 7690 4160 7695 7691 4161 7696 7692 4162 7697 7693 4163 7690 7686 4160 7691 7687 4161 7692 7688 4162 7693 7689 4163 7686 7679 4160 7687 7681 4161 7688 7683 4162 7689 7685 4163 7679 7678 4160 7681 7680 4161 7683 7682 4162 7685 7684 4163 4284 4288 4168 4288 4164 4168 4285 4289 4169 4289 4165 4169 4286 4290 4170 4290 4166 4170 4287 4291 4171 4291 4167 4171 4280 4284 4172 4284 4168 4172 4281 4285 4173 4285 4169 4173 4282 4286 4174 4286 4170 4174 4283 4287 4175 4287 4171 4175 4276 4280 4176 4280 4172 4176 4277 4281 4177 4281 4173 4177 4278 4282 4178 4282 4174 4178 4279 4283 4179 4283 4175 4179 4272 4276 4180 4276 4176 4180 4273 4277 4181 4277 4177 4181 4274 4278 4182 4278 4178 4182 4275 4279 4183 4279 4179 4183 4268 4272 4184 4272 4180 4184 4269 4273 4185 4273 4181 4185 4270 4274 4186 4274 4182 4186 4271 4275 4187 4275 4183 4187 4264 4268 4188 4268 4184 4188 4265 4269 4189 4269 4185 4189 4266 4270 4190 4270 4186 4190 4267 4271 4191 4271 4187 4191 4260 4264 4192 4264 4188 4192 4261 4265 4193 4265 4189 4193 4262 4266 4194 4266 4190 4194 4263 4267 4195 4267 4191 4195 4256 4260 4196 4260 4192 4196 4257 4261 4197 4261 4193 4197 4258 4262 4198 4262 4194 4198 4259 4263 4199 4263 4195 4199 4252 4256 4200 4256 4196 4200 4253 4257 4201 4257 4197 4201 4254 4258 4202 4258 4198 4202 4255 4259 4203 4259 4199 4203 4248 4252 4204 4252 4200 4204 4249 4253 4205 4253 4201 4205 4250 4254 4206 4254 4202 4206 4251 4255 4207 4255 4203 4207 4244 4248 4208 4248 4204 4208 4245 4249 4209 4249 4205 4209 4246 4250 4210 4250 4206 4210 4247 4251 4211 4251 4207 4211 4240 4244 4212 4244 4208 4212 4241 4245 4213 4245 4209 4213 4242 4246 4214 4246 4210 4214 4243 4247 4215 4247 4211 4215 4236 4240 4216 4240 4212 4216 4237 4241 4217 4241 4213 4217 4238 4242 4218 4242 4214 4218 4239 4243 4219 4243 4215 4219 4232 4236 4220 4236 4216 4220 4233 4237 4221 4237 4217 4221 4234 4238 4222 4238 4218 4222 4235 4239 4223 4239 4219 4223 4228 4232 4224 4232 4220 4224 4229 4233 4225 4233 4221 4225 4230 4234 4226 4234 4222 4226 4231 4235 4227 4235 4223 4227 4288 4228 4164 4228 4224 4164 4289 4229 4165 4229 4225 4165 4290 4230 4166 4230 4226 4166 4291 4231 4167 4231 4227 4167 4292 4352 7743 4352 7742 7743 4293 4353 7745 4353 7744 7745 4294 4354 7747 4354 7746 7747 4295 4355 7749 4355 7748 7749 4352 4348 7742 4348 7750 7742 4353 4349 7744 4349 7751 7744 4354 4350 7746 4350 7752 7746 4355 4351 7748 4351 7753 7748 4348 4344 7750 4344 7754 7750 4349 4345 7751 4345 7755 7751 4350 4346 7752 4346 7756 7752 4351 4347 7753 4347 7757 7753 4344 4340 7754 4340 7758 7754 4345 4341 7755 4341 7759 7755 4346 4342 7756 4342 7760 7756 4347 4343 7757 4343 7761 7757 4340 4336 7758 4336 7762 7758 4341 4337 7759 4337 7763 7759 4342 4338 7760 4338 7764 7760 4343 4339 7761 4339 7765 7761 4336 4332 7762 4332 7766 7762 4337 4333 7763 4333 7767 7763 4338 4334 7764 4334 7768 7764 4339 4335 7765 4335 7769 7765 4332 4328 7766 4328 7770 7766 4333 4329 7767 4329 7771 7767 4334 4330 7768 4330 7772 7768 4335 4331 7769 4331 7773 7769 4328 4324 7770 4324 7774 7770 4329 4325 7771 4325 7775 7771 4330 4326 7772 4326 7776 7772 4331 4327 7773 4327 7777 7773 4324 4320 7774 4320 7778 7774 4325 4321 7775 4321 7779 7775 4326 4322 7776 4322 7780 7776 4327 4323 7777 4323 7781 7777 4320 4316 7778 4316 7782 7778 4321 4317 7779 4317 7783 7779 4322 4318 7780 4318 7784 7780 4323 4319 7781 4319 7785 7781 4316 4312 7782 4312 7786 7782 4317 4313 7783 4313 7787 7783 4318 4314 7784 4314 7788 7784 4319 4315 7785 4315 7789 7785 4312 4308 7786 4308 7790 7786 4313 4309 7787 4309 7791 7787 4314 4310 7788 4310 7792 7788 4315 4311 7789 4311 7793 7789 4308 4304 7790 4304 7794 7790 4309 4305 7791 4305 7795 7791 4310 4306 7792 4306 7796 7792 4311 4307 7793 4307 7797 7793 4304 4300 7794 4300 7798 7794 4305 4301 7795 4301 7799 7795 4306 4302 7796 4302 7800 7796 4307 4303 7797 4303 7801 7797 4300 4296 7798 4296 7802 7798 4301 4297 7799 4297 7803 7799 4302 4298 7800 4298 7804 7800 4303 4299 7801 4299 7805 7801 4296 4292 7802 4292 7743 7802 4297 4293 7803 4293 7745 7803 4298 4294 7804 4294 7747 7804 4299 4295 7805 4295 7749 7805 4412 4416 4420 4413 4417 4421 4414 4418 4422 4415 4419 4423 4408 4412 4420 4409 4413 4421 4410 4414 4422 4411 4415 4423 4404 4408 4420 4405 4409 4421 4406 4410 4422 4407 4411 4423 4400 4404 4420 4401 4405 4421 4402 4406 4422 4403 4407 4423 4396 4400 4420 4397 4401 4421 4398 4402 4422 4399 4403 4423 4392 4396 4420 4393 4397 4421 4394 4398 4422 4395 4399 4423 4388 4392 4420 4389 4393 4421 4390 4394 4422 4391 4395 4423 4384 4388 4420 4385 4389 4421 4386 4390 4422 4387 4391 4423 4380 4384 4420 4381 4385 4421 4382 4386 4422 4383 4387 4423 4376 4380 4420 4377 4381 4421 4378 4382 4422 4379 4383 4423 4372 4376 4420 4373 4377 4421 4374 4378 4422 4375 4379 4423 4368 4372 4420 4369 4373 4421 4370 4374 4422 4371 4375 4423 4364 4368 4420 4365 4369 4421 4366 4370 4422 4367 4371 4423 4360 4364 4420 4361 4365 4421 4362 4366 4422 4363 4367 4423 4356 4360 4420 4357 4361 4421 4358 4362 4422 4359 4363 4423 4416 4356 4420 4417 4357 4421 4418 4358 4422 4419 4359 4423 4424 4484 7807 4484 7806 7807 4425 4485 7809 4485 7808 7809 4426 4486 7811 4486 7810 7811 4427 4487 7813 4487 7812 7813 4484 4480 7806 4480 7814 7806 4485 4481 7808 4481 7815 7808 4486 4482 7810 4482 7816 7810 4487 4483 7812 4483 7817 7812 4480 4476 7814 4476 7818 7814 4481 4477 7815 4477 7819 7815 4482 4478 7816 4478 7820 7816 4483 4479 7817 4479 7821 7817 4476 4472 7818 4472 7822 7818 4477 4473 7819 4473 7823 7819 4478 4474 7820 4474 7824 7820 4479 4475 7821 4475 7825 7821 4472 4468 7822 4468 7826 7822 4473 4469 7823 4469 7827 7823 4474 4470 7824 4470 7828 7824 4475 4471 7825 4471 7829 7825 4468 4464 7826 4464 7830 7826 4469 4465 7827 4465 7831 7827 4470 4466 7828 4466 7832 7828 4471 4467 7829 4467 7833 7829 4464 4460 7830 4460 7834 7830 4465 4461 7831 4461 7835 7831 4466 4462 7832 4462 7836 7832 4467 4463 7833 4463 7837 7833 4460 4456 7834 4456 7838 7834 4461 4457 7835 4457 7839 7835 4462 4458 7836 4458 7840 7836 4463 4459 7837 4459 7841 7837 4456 4452 7838 4452 7842 7838 4457 4453 7839 4453 7843 7839 4458 4454 7840 4454 7844 7840 4459 4455 7841 4455 7845 7841 4452 4448 7842 4448 7846 7842 4453 4449 7843 4449 7847 7843 4454 4450 7844 4450 7848 7844 4455 4451 7845 4451 7849 7845 4448 4444 7846 4444 7850 7846 4449 4445 7847 4445 7851 7847 4450 4446 7848 4446 7852 7848 4451 4447 7849 4447 7853 7849 4444 4440 7850 4440 7854 7850 4445 4441 7851 4441 7855 7851 4446 4442 7852 4442 7856 7852 4447 4443 7853 4443 7857 7853 4440 4436 7854 4436 7858 7854 4441 4437 7855 4437 7859 7855 4442 4438 7856 4438 7860 7856 4443 4439 7857 4439 7861 7857 4436 4432 7858 4432 7862 7858 4437 4433 7859 4433 7863 7859 4438 4434 7860 4434 7864 7860 4439 4435 7861 4435 7865 7861 4432 4428 7862 4428 7866 7862 4433 4429 7863 4429 7867 7863 4434 4430 7864 4430 7868 7864 4435 4431 7865 4431 7869 7865 4428 4424 7866 4424 7807 7866 4429 4425 7867 4425 7809 7867 4430 4426 7868 4426 7811 7868 4431 4427 7869 4427 7813 7869 4544 4548 4552 4545 4549 4553 4546 4550 4554 4547 4551 4555 4540 4544 4552 4541 4545 4553 4542 4546 4554 4543 4547 4555 4536 4540 4552 4537 4541 4553 4538 4542 4554 4539 4543 4555 4532 4536 4552 4533 4537 4553 4534 4538 4554 4535 4539 4555 4528 4532 4552 4529 4533 4553 4530 4534 4554 4531 4535 4555 4524 4528 4552 4525 4529 4553 4526 4530 4554 4527 4531 4555 4520 4524 4552 4521 4525 4553 4522 4526 4554 4523 4527 4555 4516 4520 4552 4517 4521 4553 4518 4522 4554 4519 4523 4555 4512 4516 4552 4513 4517 4553 4514 4518 4554 4515 4519 4555 4508 4512 4552 4509 4513 4553 4510 4514 4554 4511 4515 4555 4504 4508 4552 4505 4509 4553 4506 4510 4554 4507 4511 4555 4500 4504 4552 4501 4505 4553 4502 4506 4554 4503 4507 4555 4496 4500 4552 4497 4501 4553 4498 4502 4554 4499 4503 4555 4492 4496 4552 4493 4497 4553 4494 4498 4554 4495 4499 4555 4488 4492 4552 4489 4493 4553 4490 4494 4554 4491 4495 4555 4548 4488 4552 4549 4489 4553 4550 4490 4554 4551 4491 4555 7870 7930 4556 7872 7931 4557 7874 7932 4558 7876 7933 4559 7930 7926 4556 7931 7927 4557 7932 7928 4558 7933 7929 4559 7926 7922 4556 7927 7923 4557 7928 7924 4558 7929 7925 4559 7922 7918 4556 7923 7919 4557 7924 7920 4558 7925 7921 4559 7918 7914 4556 7919 7915 4557 7920 7916 4558 7921 7917 4559 7914 7910 4556 7915 7911 4557 7916 7912 4558 7917 7913 4559 7910 7906 4556 7911 7907 4557 7912 7908 4558 7913 7909 4559 7906 7902 4556 7907 7903 4557 7908 7904 4558 7909 7905 4559 7902 7898 4556 7903 7899 4557 7904 7900 4558 7905 7901 4559 7898 7894 4556 7899 7895 4557 7900 7896 4558 7901 7897 4559 7894 7890 4556 7895 7891 4557 7896 7892 4558 7897 7893 4559 7890 7886 4556 7891 7887 4557 7892 7888 4558 7893 7889 4559 7886 7882 4556 7887 7883 4557 7888 7884 4558 7889 7885 4559 7882 7878 4556 7883 7879 4557 7884 7880 4558 7885 7881 4559 7878 7871 4556 7879 7873 4557 7880 7875 4558 7881 7877 4559 7871 7870 4556 7873 7872 4557 7875 7874 4558 7877 7876 4559 4680 4684 4564 4684 4560 4564 4681 4685 4565 4685 4561 4565 4682 4686 4566 4686 4562 4566 4683 4687 4567 4687 4563 4567 4676 4680 4568 4680 4564 4568 4677 4681 4569 4681 4565 4569 4678 4682 4570 4682 4566 4570 4679 4683 4571 4683 4567 4571 4672 4676 4572 4676 4568 4572 4673 4677 4573 4677 4569 4573 4674 4678 4574 4678 4570 4574 4675 4679 4575 4679 4571 4575 4668 4672 4576 4672 4572 4576 4669 4673 4577 4673 4573 4577 4670 4674 4578 4674 4574 4578 4671 4675 4579 4675 4575 4579 4664 4668 4580 4668 4576 4580 4665 4669 4581 4669 4577 4581 4666 4670 4582 4670 4578 4582 4667 4671 4583 4671 4579 4583 4660 4664 4584 4664 4580 4584 4661 4665 4585 4665 4581 4585 4662 4666 4586 4666 4582 4586 4663 4667 4587 4667 4583 4587 4656 4660 4588 4660 4584 4588 4657 4661 4589 4661 4585 4589 4658 4662 4590 4662 4586 4590 4659 4663 4591 4663 4587 4591 4652 4656 4592 4656 4588 4592 4653 4657 4593 4657 4589 4593 4654 4658 4594 4658 4590 4594 4655 4659 4595 4659 4591 4595 4648 4652 4596 4652 4592 4596 4649 4653 4597 4653 4593 4597 4650 4654 4598 4654 4594 4598 4651 4655 4599 4655 4595 4599 4644 4648 4600 4648 4596 4600 4645 4649 4601 4649 4597 4601 4646 4650 4602 4650 4598 4602 4647 4651 4603 4651 4599 4603 4640 4644 4604 4644 4600 4604 4641 4645 4605 4645 4601 4605 4642 4646 4606 4646 4602 4606 4643 4647 4607 4647 4603 4607 4636 4640 4608 4640 4604 4608 4637 4641 4609 4641 4605 4609 4638 4642 4610 4642 4606 4610 4639 4643 4611 4643 4607 4611 4632 4636 4612 4636 4608 4612 4633 4637 4613 4637 4609 4613 4634 4638 4614 4638 4610 4614 4635 4639 4615 4639 4611 4615 4628 4632 4616 4632 4612 4616 4629 4633 4617 4633 4613 4617 4630 4634 4618 4634 4614 4618 4631 4635 4619 4635 4615 4619 4624 4628 4620 4628 4616 4620 4625 4629 4621 4629 4617 4621 4626 4630 4622 4630 4618 4622 4627 4631 4623 4631 4619 4623 4684 4624 4560 4624 4620 4560 4685 4625 4561 4625 4621 4561 4686 4626 4562 4626 4622 4562 4687 4627 4563 4627 4623 4563 7675 7676 6320 7676 6322 6320 7671 7674 6321 7674 4689 6321 7670 4691 7672 4691 6319 7672 7511 3895 7508 3895 3894 7508 7511 3853 3895 3853 3896 3895 7264 3889 7261 3889 3888 7261 7264 3628 3889 3628 3890 3889 7136 3886 7147 3886 3885 7147 7136 7138 3886 7138 3887 3886 7173 3880 7186 3880 3879 7186 7173 7175 3880 7175 3881 3880 7677 4158 7129 4158 4694 7129 7674 7671 7128 7671 4692 7128 7673 7131 4156 7131 7130 4156 4688 4159 4696 4159 4695 4696 4690 4697 4157 4697 4693 4157 7147 3885 7232 3885 3882 7232 5553 3881 7175 7228 3884 3598 5516 3887 7138 7152 3893 3524 3629 3890 3628 7313 3899 3678</p>
				</triangles>
			</mesh>
		</geometry>
	</library_geometries>
	<library_visual_scenes>
		<visual_scene id="Scene" name="Scene">
			<node id="Part_0" name="Part.0" type="NODE">
				<matrix sid="transform">1 0 0 0 0 1 0 0 0 0 1 0 0 0 0 1</matrix>
				<instance_geometry url="#3003-mesh">
					<bind_material>
						<technique_common>
							<instance_material symbol="MB|5-material" target="#MB|5-material"/>
						</technique_common>
					</bind_material>
				</instance_geometry>
			</node>
			<node id="Part_1" name="Part.1" type="NODE">
				<matrix sid="transform">1 0 0 0 0 1 0 0 0 0 1 -16 0 0 0 1</matrix>
				<instance_geometry url="#3003-mesh">
					<bind_material>
						<technique_common>
							<instance_material symbol="MB|5-material" target="#MB|5-material"/>
						</technique_common>
					</bind_material>
				</instance_geometry>
			</node>
			<node id="Part_2" name="Part.2" type="NODE">
				<matrix sid="transform">1 0 0 0 0 1 0 9.6 0 0 1 -16 0 0 0 1</matrix>
				<instance_geometry url="#3003-mesh">
					<bind_material>
						<technique_common>
							<instance_material symbol="MB|5-material" target="#MB|5-material"/>
						</technique_common>
					</bind_material>
				</instance_geometry>
			</node>
			<node id="Part_3" name="Part.3" type="NODE">
				<matrix sid="transform">1 0 0 16 0 1 0 0 0 0 1 -16 0 0 0 1</matrix>
				<instance_geometry url="#3003-mesh">
					<bind_material>
						<technique_common>
							<instance_material symbol="MB|5-material" target="#MB|5-material"/>
						</technique_common>
					</bind_material>
				</instance_geometry>
			</node>
			<node id="Part_4" name="Part.4" type="NODE">
				<matrix sid="transform">1 0 0 16 0 1 0 9.6 0 0 1 -16 0 0 0 1</matrix>
				<instance_geometry url="#3003-mesh">
					<bind_material>
						<technique_common>
							<instance_material symbol="MB|5-material" target="#MB|5-material"/>
						</technique_common>
					</bind_material>
				</instance_geometry>
			</node>
			<node id="Part_5" name="Part.5" type="NODE">
				<matrix sid="transform">1 0 0 16 0 1 0 19.2 0 0 1 -16 0 0 0 1</matrix>
				<instance_geometry url="#3003-mesh">
					<bind_material>
						<technique_common>
							<instance_material symbol="MB|5-material" target="#MB|5-material"/>
						</technique_common>
					</bind_material>
				</instance_geometry>
			</node>
			<node id="Part_6" name="Part.6" type="NODE">
				<matrix sid="transform">1 0 0 16 0 1 0 0 0 0 1 0 0 0 0 1</matrix>
				<instance_geometry url="#3003-mesh">
					<bind_material>
						<technique_common>
							<instance_material symbol="MB|5-material" target="#MB|5-material"/>
						</technique_common>
					</bind_material>
				</instance_geometry>
			</node>
			<node id="Part_7" name="Part.7" type="NODE">
				<matrix sid="transform">1 0 0 16 0 1 0 9.6 0 0 1 0 0 0 0 1</matrix>
				<instance_geometry url="#3003-mesh">
					<bind_material>
						<technique_common>
							<instance_material symbol="MB|5-material" target="#MB|5-material"/>
						</technique_common>
					</bind_material>
				</instance_geometry>
			</node>
			<node id="Part_8" name="Part.8" type="NODE">
				<matrix sid="transform">1 0 0 16 0 1 0 19.2 0 0 1 0 0 0 0 1</matrix>
				<instance_geometry url="#3003-mesh">
					<bind_material>
						<technique_common>
							<instance_material symbol="MB|5-material" target="#MB|5-material"/>
						</technique_common>
					</bind_material>
				</instance_geometry>
			</node>
			<node id="Part_9" name="Part.9" type="NODE">
				<matrix sid="transform">1 0 0 16 0 1 0 28.8 0 0 1 0 0 0 0 1</matrix>
				<instance_geometry url="#3003-mesh">
					<bind_material>
						<technique_common>
							<instance_material symbol="MB|5-material" target="#MB|5-material"/>
						</technique_common>
					</bind_material>
				</instance_geometry>
			</node>
			<node id="Part_10" name="Part.10" type="NODE">
				<matrix sid="transform">1 0 0 16 0 1 0 28.8 0 0 1 -16 0 0 0 1</matrix>
				<instance_geometry url="#3003-mesh">
					<bind_material>
						<technique_common>
							<instance_material symbol="MB|5-material" target="#MB|5-material"/>
						</technique_common>
					</bind_material>
				</instance_geometry>
			</node>
			<node id="Part_11" name="Part.11" type="NODE">
				<matrix sid="transform">1 0 0 132 0 1 0 -9.6 0 0 1 4 0 0 0 1</matrix>
				<instance_geometry url="#2453.json-mesh">
					<bind_material>
						<technique_common>
							<instance_material symbol="MB|5-material" target="#MB|5-material"/>
						</technique_common>
					</bind_material>
				</instance_geometry>
			</node>
			<node id="Part_12" name="Part.12" type="NODE">
				<matrix sid="transform">1 0 0 72 0 1 0 38.4 0 0 1 -24 0 0 0 1</matrix>
				<instance_geometry url="#4204.json-mesh">
					<bind_material>
						<technique_common>
							<instance_material symbol="MB|5-material" target="#MB|5-material"/>
						</technique_common>
					</bind_material>
				</instance_geometry>
			</node>
			<node id="Part_13" name="Part.13" type="NODE">
				<matrix sid="transform">1 0 0 0 0 1 0 19.2 0 0 1 -16 0 0 0 1</matrix>
				<instance_geometry url="#3003-mesh">
					<bind_material>
						<technique_common>
							<instance_material symbol="MB|5-material" target="#MB|5-material"/>
						</technique_common>
					</bind_material>
				</instance_geometry>
			</node>
			<node id="Part_14" name="Part.14" type="NODE">
				<matrix sid="transform">1 0 0 0 0 1 0 9.6 0 0 1 0 0 0 0 1</matrix>
				<instance_geometry url="#3003-mesh">
					<bind_material>
						<technique_common>
							<instance_material symbol="MB|5-material" target="#MB|5-material"/>
						</technique_common>
					</bind_material>
				</instance_geometry>
			</node>
			<node id="Part_15" name="Part.15" type="NODE">
				<matrix sid="transform">1 0 0 0 0 1 0 0 0 0 1 16 0 0 0 1</matrix>
				<instance_geometry url="#3003-mesh">
					<bind_material>
						<technique_common>
							<instance_material symbol="MB|5-material" target="#MB|5-material"/>
						</technique_common>
					</bind_material>
				</instance_geometry>
			</node>
			<node id="Part_16" name="Part.16" type="NODE">
				<matrix sid="transform">1 0 0 72 0 1 0 38.4 0 0 1 -88 0 0 0 1</matrix>
				<instance_geometry url="#4204.json-mesh">
					<bind_material>
						<technique_common>
							<instance_material symbol="MB|5-material" target="#MB|5-material"/>
						</technique_common>
					</bind_material>
				</instance_geometry>
			</node>
			<node id="Part_17" name="Part.17" type="NODE">
				<matrix sid="transform">1 0 0 132 0 1 0 -9.6 0 0 1 -116 0 0 0 1</matrix>
				<instance_geometry url="#2453.json-mesh">
					<bind_material>
						<technique_common>
							<instance_material symbol="MB|5-material" target="#MB|5-material"/>
						</technique_common>
					</bind_material>
				</instance_geometry>
			</node>
			<node id="Part_18" name="Part.18" type="NODE">
				<matrix sid="transform">1 0 0 12 0 1 0 -9.6 0 0 1 -116 0 0 0 1</matrix>
				<instance_geometry url="#2453.json-mesh">
					<bind_material>
						<technique_common>
							<instance_material symbol="MB|5-material" target="#MB|5-material"/>
						</technique_common>
					</bind_material>
				</instance_geometry>
			</node>
			<node id="Part_19" name="Part.19" type="NODE">
				<matrix sid="transform">0 0 1 12 0 1 0 -9.6 -1 0 0 -56 0 0 0 1</matrix>
				<instance_geometry url="#2454.json-mesh">
					<bind_material>
						<technique_common>
							<instance_material symbol="MB|5-material" target="#MB|5-material"/>
						</technique_common>
					</bind_material>
				</instance_geometry>
			</node>
			<node id="Part_20" name="Part.20" type="NODE">
				<matrix sid="transform">1 0 0 104 0 1 0 38.4 0 0 1 80 0 0 0 1</matrix>
				<instance_geometry url="#43802.json-mesh">
					<bind_material>
						<technique_common>
							<instance_material symbol="MB|5-material" target="#MB|5-material"/>
						</technique_common>
					</bind_material>
				</instance_geometry>
			</node>
			<node id="Part_21" name="Part.21" type="NODE">
				<matrix sid="transform">1 0 0 132 0 1 0 -9.6 0 0 1 108 0 0 0 1</matrix>
				<instance_geometry url="#2453.json-mesh">
					<bind_material>
						<technique_common>
							<instance_material symbol="MB|5-material" target="#MB|5-material"/>
						</technique_common>
					</bind_material>
				</instance_geometry>
			</node>
			<node id="Part_22" name="Part.22" type="NODE">
				<matrix sid="transform">1 0 0 132 0 1 0 -9.6 0 0 1 52 0 0 0 1</matrix>
				<instance_geometry url="#2453.json-mesh">
					<bind_material>
						<technique_common>
							<instance_material symbol="MB|5-material" target="#MB|5-material"/>
						</technique_common>
					</bind_material>
				</instance_geometry>
			</node>
			<node id="Part_23" name="Part.23" type="NODE">
				<matrix sid="transform">1 0 0 76 0 1 0 -9.6 0 0 1 52 0 0 0 1</matrix>
				<instance_geometry url="#2453.json-mesh">
					<bind_material>
						<technique_common>
							<instance_material symbol="MB|5-material" target="#MB|5-material"/>
						</technique_common>
					</bind_material>
				</instance_geometry>
			</node>
			<node id="Part_24" name="Part.24" type="NODE">
				<matrix sid="transform">1 0 0 76 0 1 0 -9.6 0 0 1 108 0 0 0 1</matrix>
				<instance_geometry url="#2453.json-mesh">
					<bind_material>
						<technique_common>
							<instance_material symbol="MB|5-material" target="#MB|5-material"/>
						</technique_common>
					</bind_material>
				</instance_geometry>
			</node>
		</visual_scene>
	</library_visual_scenes>
	<scene>
		<instance_visual_scene url="#Scene"/>
	</scene>
</COLLADA>