# Blender v2.90.0 OBJ File: 'felixdone.blend'
# www.blender.org
mtllib felixhead.mtl
o skinned_skinnned-mesh
v -0.014027 0.253800 -0.136300
v 0.206873 -0.047000 -0.432400
v 0.192773 0.122200 -0.418300
v 0.206873 -0.042300 0.432400
v 0.122273 -0.347800 -0.216200
v 0.169273 -0.244400 0.371300
v -0.042227 0.343100 0.159800
v 0.192773 -0.117500 0.408900
v 0.347873 -0.051700 0.437100
v 0.244473 0.329000 0.178600
v 0.343173 0.051700 0.000000
v -0.065727 -0.347800 -0.000000
v 0.183373 -0.272600 0.277300
v -0.042227 -0.324300 -0.258500
v 0.413673 -0.286700 0.319600
v -0.042227 -0.324300 0.258500
v 0.357273 -0.347800 -0.000000
v 0.202173 0.188000 -0.427700
v 0.178673 -0.310200 -0.000000
v 0.244473 0.329000 -0.183300
v 0.192773 -0.117500 -0.404200
v 0.183373 -0.272600 -0.277300
v 0.347873 -0.047000 -0.432400
v -0.150327 0.188000 0.183300
v 0.126973 0.338400 -0.296100
v 0.103473 0.385400 -0.122200
v 0.126973 0.338400 0.296100
v 0.202173 0.188000 0.427700
v 0.028273 0.155100 -0.446500
v 0.540573 0.352500 -0.159800
v 0.032973 0.155100 0.446500
v -0.023427 0.277300 0.338400
v 0.545273 0.300800 -0.272600
v 0.695673 0.065800 0.291400
v 0.037673 -0.037600 -0.465300
v -0.079827 0.150400 -0.371300
v 0.705073 0.173900 0.126900
v 0.249173 0.413600 0.164500
v -0.093927 -0.037600 -0.380700
v 0.188073 0.296100 0.352500
v 0.258573 -0.286700 0.169200
v 0.258573 -0.286700 -0.169200
v 0.117573 0.390100 0.117500
v 0.037673 -0.037600 0.465300
v -0.042227 0.343100 -0.159800
v -0.023427 0.277300 -0.338400
v 0.333773 0.361900 -0.286700
v 0.103473 0.385400 0.122200
v 0.361973 0.418300 -0.188000
v 0.249173 0.408900 -0.164500
v 0.018873 -0.230300 0.404200
v 0.169273 -0.239700 -0.371300
v -0.084527 0.150400 0.371300
v 0.361973 0.418300 0.192700
v 0.018873 -0.225600 -0.404200
v 0.451273 0.399500 0.141000
v -0.145627 -0.239700 -0.197400
v 0.399573 0.310200 -0.352500
v -0.093927 -0.032900 0.380700
v -0.145627 -0.239700 0.197400
v 0.451273 0.399500 -0.136300
v -0.150327 0.188000 -0.183300
v 0.470073 0.291400 0.347800
v 0.122273 -0.347800 0.211500
v 0.399573 0.310200 0.357200
v 0.540573 0.352500 0.164500
v 0.545273 0.300800 0.277300
v 0.117573 0.390100 -0.112800
v 0.042373 -0.131600 -0.173900
v 0.131673 0.338400 -0.253800
v 0.188073 0.296100 -0.347800
v 0.042373 -0.131600 0.178600
v 0.192773 0.122200 0.427700
v -0.014027 0.253800 0.141000
v 0.131673 0.338400 0.258500
v 0.300873 0.272600 0.394800
v 0.300873 0.272600 -0.385400
v 0.376073 0.155100 -0.423000
v 0.789673 0.004700 -0.108100
v 0.714473 -0.136300 -0.291400
v 0.629873 -0.244400 -0.235000
v 0.714473 -0.136300 0.296100
v 0.789673 0.004700 0.112800
v 0.380773 0.155100 0.427700
v 0.333773 0.361900 0.291400
v 1.306673 0.014100 -0.103400
v 0.470073 0.291400 -0.343100
v 0.728573 0.216200 -0.061100
v 0.742673 0.211500 -0.460600
v 1.160973 0.065800 -0.484100
v 0.705073 0.173900 -0.122200
v 0.606373 0.258500 -0.173900
v 0.540573 0.014100 -0.413600
v 0.535873 -0.159800 -0.390100
v 0.413673 -0.286700 -0.314900
v 0.507673 -0.051700 -0.427700
v 1.146873 0.070500 -0.009400
v 0.540573 0.014100 0.418300
v 0.061173 -0.103400 -0.051700
v 0.535873 -0.159800 0.394800
v 0.629873 -0.244400 0.239700
v 0.521773 0.169200 -0.122200
v 1.001173 -0.089300 -0.047000
v 0.037673 0.131600 -0.112800
v 0.573473 -0.296100 -0.000000
v 0.756773 -0.169200 -0.117500
v 0.756773 -0.169200 0.122200
v 0.996473 -0.122200 -0.455900
v 0.502973 -0.051700 -0.432400
v 1.170373 -0.173900 -0.230300
v 1.311373 0.014100 -0.366600
v 0.526473 0.239700 0.352500
v 1.494673 0.000000 -0.061100
v 1.579273 -0.202100 -0.061100
v 0.521773 0.239700 -0.347800
v 1.334873 -0.169200 -0.206800
v 0.695673 0.065800 -0.286700
v 0.803773 0.178600 -0.371300
v 0.032973 0.141000 -0.343100
v 0.921273 -0.202100 0.249100
v 1.372473 -0.235000 -0.376000
v 0.056473 -0.089300 -0.418300
v 1.363073 -0.018800 -0.141000
v 1.217373 0.145700 -0.376000
v 0.634573 0.018800 0.404200
v 1.297273 -0.047000 -0.479400
v 0.775573 -0.249100 -0.253800
v 0.484173 0.183300 -0.347800
v 0.606373 0.014100 -0.239700
v 0.488873 0.178600 -0.122200
v 0.540573 0.032900 0.235000
v 0.056473 -0.094000 0.418300
v 0.037673 0.136300 0.343100
v 0.625173 0.014100 -0.108100
v 1.231473 0.065800 -0.206800
v 0.869573 -0.018800 -0.244400
v 0.145773 -0.108100 0.470000
v 0.512373 -0.061100 -0.056400
v 0.507673 -0.065800 -0.056400
v 0.596973 0.263200 -0.333700
v 0.507673 -0.061100 0.423000
v 0.517073 0.169200 0.352500
v 1.630973 0.094000 -0.526400
v 1.391273 -0.004700 -0.545200
v 0.488873 0.173900 0.347800
v 1.630973 0.023500 -0.126900
v 0.521773 0.169200 0.122200
v 0.742673 0.216200 0.446500
v 0.413673 -0.000000 0.235000
v 0.507673 -0.065800 0.051700
v 0.418373 0.009400 -0.239700
v 1.170373 -0.183300 0.230300
v 0.521773 -0.211500 0.235000
v 0.150473 -0.112800 -0.004700
v 0.540573 0.028200 -0.244400
v 0.507673 -0.065800 0.427700
v 0.150473 -0.108100 -0.000000
v 0.122273 0.188000 -0.084600
v 1.240873 0.065800 0.225600
v 0.954173 0.000000 -0.272600
v 1.278473 0.230300 0.418300
v 0.634573 0.014100 -0.413600
v 0.949473 -0.178600 -0.343100
v 1.363073 0.244400 -0.211500
v 0.954173 0.004700 -0.390100
v 1.377173 -0.014100 0.164500
v 0.878973 -0.112800 -0.239700
v 1.494673 -0.258500 0.404200
v 1.598073 -0.192700 0.084600
v 0.493573 0.173900 0.122200
v 0.860173 -0.023500 0.239700
v 0.878973 -0.178600 -0.343100
v 1.480573 0.206800 -0.164500
v 0.596973 -0.178600 -0.343100
v 0.596973 -0.094000 -0.441800
v 1.391273 -0.018800 0.568700
v 0.883673 0.009400 -0.390100
v 0.883673 0.000000 -0.272600
v 0.878973 -0.103400 -0.432400
v 1.499373 0.333700 -0.371300
v 0.907173 -0.126900 -0.197400
v 0.780273 -0.253800 0.239700
v 1.160973 -0.216200 -0.343100
v 1.175073 0.075200 0.192700
v 0.940073 0.037600 -0.239700
v 0.159873 -0.291400 0.235000
v 1.348973 -0.319600 0.399500
v 1.381873 -0.239700 0.385400
v 1.677973 -0.084600 -0.126900
v 1.170373 0.023500 -0.404200
v 1.715573 -0.169200 -0.366600
v 0.789673 -0.089300 0.028200
v 1.137473 0.164500 0.408900
v 0.667473 -0.117500 -0.512300
v 1.001173 -0.094000 0.042300
v 0.803773 0.173900 0.112800
v 1.682673 0.136300 -0.258500
v 0.164573 -0.291400 -0.239700
v 1.301973 -0.225600 0.188000
v 1.156273 -0.112800 0.352500
v 0.498273 -0.206800 -0.244400
v 0.921273 -0.202100 -0.249100
v -0.009327 -0.037600 -0.230300
v 0.596973 -0.108100 -0.230300
v 0.601673 0.018800 -0.267900
v 0.784973 -0.089300 0.451200
v 0.065873 -0.244400 -0.239700
v 1.485273 -0.253800 -0.390100
v 0.954173 -0.103400 -0.432400
v 0.521773 0.178600 -0.352500
v 0.911873 0.042300 -0.413600
v 0.122273 0.188000 0.376000
v 0.629873 0.014100 0.098700
v 0.596973 -0.089300 0.244400
v 0.596973 0.032900 0.291400
v 0.874273 0.004700 0.418300
v 0.126973 0.188000 0.089300
v 1.626273 0.089300 0.564000
v 1.273773 0.235000 -0.390100
v 0.784973 -0.079900 -0.460600
v 0.954173 0.009400 0.413600
v 0.907173 -0.225600 -0.343100
v 0.954173 -0.094000 0.253800
v 0.874273 0.014100 0.300800
v 1.170373 0.014100 -0.253800
v 1.160973 0.028200 0.282000
v 1.222073 -0.084600 -0.338400
v 1.692073 -0.075200 0.155100
v 0.667473 0.089300 0.249100
v 0.662773 -0.122200 0.521700
v 1.165673 -0.126900 -0.211500
v 0.911873 0.032900 -0.244400
v 1.156273 -0.126900 0.474700
v 1.687373 0.141000 0.296100
v 0.996473 -0.122200 0.451200
v 0.662773 -0.108100 0.173900
v 0.601673 0.267900 0.319600
v 0.907173 -0.108100 0.211500
v 0.611073 0.263200 0.159800
v 0.925973 -0.225600 0.352500
v 0.667473 0.079900 0.465300
v 0.145773 -0.098700 -0.470000
v 0.954173 -0.112800 -0.239700
v 1.645073 0.032900 0.155100
v 1.165673 -0.117500 -0.460600
v 0.930673 0.051700 0.272600
v 1.137473 0.173900 -0.390100
v 0.512373 -0.061100 0.051700
v 0.658073 -0.244400 0.347800
v 1.724973 -0.169200 0.390100
v 0.925973 -0.112800 0.211500
v 0.869573 -0.098700 0.258500
v 0.596973 -0.098700 0.455900
v 0.930673 -0.230300 -0.343100
v 0.737973 0.211500 0.047000
v 0.907173 -0.112800 -0.474700
v 0.925973 -0.126900 0.493500
v 0.117573 0.192700 -0.371300
v 1.151573 -0.103400 -0.343100
v 1.156273 -0.112800 0.230300
v 0.498273 -0.211500 0.239700
v 1.372473 0.249100 0.239700
v 0.606373 0.009400 0.235000
v 1.489973 0.211500 0.197400
v 1.339573 -0.314900 -0.390100
v 0.902473 -0.216200 0.347800
v 0.940073 0.047000 -0.413600
v 1.508773 0.009400 0.089300
v 0.949473 -0.169200 0.347800
v 0.803773 0.173900 -0.112800
v 1.212673 -0.079900 0.357200
v 1.151573 -0.206800 0.352500
v 1.287873 -0.225600 -0.178600
v 0.601673 0.023500 -0.394800
v 1.499373 0.333700 0.408900
v 0.949473 -0.103400 0.446500
v 0.869573 -0.108100 0.451200
v 1.160973 0.075200 -0.178600
v 0.911873 0.047000 0.441800
v 0.869573 -0.173900 0.352500
v 0.954173 0.014100 0.296100
v 0.789673 -0.089300 -0.037600
v 0.592273 -0.169200 0.347800
v 0.799073 0.173900 0.371300
v 0.662773 -0.253800 -0.347800
v 1.311373 0.004700 0.361900
v 1.245573 -0.061100 -0.526400
v 1.160973 0.061100 0.484100
v 1.217373 0.136300 0.394800
v 0.672173 0.070500 -0.220900
v 0.672173 0.079900 -0.432400
v 0.596973 0.028200 0.418300
v 0.935373 -0.131600 -0.192700
v 1.245573 -0.075200 0.540500
v 1.151573 0.056400 0.004700
v 0.911873 0.051700 0.272600
v 0.042373 0.136300 0.117500
v 1.311373 -0.000000 0.103400
v 1.301973 -0.051700 0.498200
v 0.061173 -0.098700 0.047000
v 0.667473 -0.136300 -0.164500
v 0.521773 -0.202100 -0.244400
v 1.344273 -0.164500 0.220900
v 0.935373 -0.117500 -0.479400
v 1.212673 -0.564000 0.921200
v 0.907173 -0.117500 0.488800
v -0.009327 -0.037600 0.230300
v 1.922373 -1.217300 0.667400
v 1.395973 -0.239700 0.592200
v 2.105674 -0.893000 0.343100
v 0.065873 -0.244400 0.235000
v 2.288973 -0.568700 0.018800
v 1.160973 0.018800 0.432400
v 1.579273 0.084600 0.267900
v 0.930673 0.042300 0.446500
v 1.203634 0.710059 -0.013139
v 1.229010 0.604280 -0.013139
v 1.161302 0.710059 0.062781
v 1.169144 0.604280 0.094228
v 1.092808 0.710059 0.033782
v 1.072278 0.604280 0.053217
v 1.142371 0.753874 -0.013139
v 1.092808 0.710059 -0.060060
v 1.072278 0.604280 -0.079496
v 1.161302 0.710059 -0.089059
v 1.169144 0.604280 -0.120506
v 1.547597 -0.003074 -0.606769
v 1.088900 0.081119 -0.500156
v 1.129111 -0.219475 -0.523715
v 1.243017 -0.146007 -0.782629
v 1.045323 -0.026669 -0.379730
v 0.877405 0.009124 -0.446331
v 0.892944 -0.106927 -0.444940
v 1.154838 -0.149431 -0.800002
v 1.547597 -0.003074 0.604005
v 1.088900 0.081119 0.497392
v 1.129111 -0.219475 0.520951
v 1.243017 -0.146007 0.779865
v 1.043027 -0.026669 0.379254
v 0.875109 0.009124 0.445854
v 0.890648 -0.106927 0.444464
v 1.152542 -0.149431 0.799526
v 1.157511 0.293318 0.507029
v 1.368670 0.124894 0.865860
v 1.160536 0.294531 0.505507
v 1.423872 0.147016 0.838085
v 1.414407 0.114575 0.895501
v 1.431855 0.121567 0.886722
v 1.096120 0.261964 0.480721
v 1.194917 0.087016 0.882401
v 1.099564 0.262479 0.479821
v 1.257763 0.096424 0.865973
v 1.230956 0.070930 0.921380
v 1.250820 0.073904 0.916188
v 1.156684 0.259844 -0.581560
v 1.390331 0.051743 -0.903767
v 1.159609 0.260718 -0.579658
v 1.443702 0.067700 -0.869053
v 1.437890 0.034493 -0.926517
v 1.454759 0.039537 -0.915545
v 1.090200 0.266730 -0.524540
v 1.218451 0.064849 -0.904685
v 1.093529 0.266836 -0.523180
v 1.279182 0.066780 -0.879866
v 1.256988 0.042756 -0.937908
v 1.276184 0.043367 -0.930063
v 1.157511 0.293318 0.507029
v 1.368670 0.124894 0.865860
v 1.160536 0.294531 0.505507
v 1.423872 0.147016 0.838085
v 1.414407 0.114575 0.895501
v 1.431855 0.121567 0.886722
v 1.096120 0.261964 0.480721
v 1.194917 0.087016 0.882401
v 1.099564 0.262479 0.479821
v 1.257763 0.096424 0.865973
v 1.230956 0.070930 0.921380
v 1.250820 0.073904 0.916188
v 1.156684 0.259844 -0.581560
v 1.390331 0.051743 -0.903767
v 1.159609 0.260718 -0.579658
v 1.443702 0.067700 -0.869053
v 1.437890 0.034493 -0.926517
v 1.454759 0.039537 -0.915545
v 1.090200 0.266730 -0.524540
v 1.218451 0.064849 -0.904685
v 1.093529 0.266836 -0.523180
v 1.279182 0.066780 -0.879866
v 1.256988 0.042756 -0.937908
v 1.276184 0.043367 -0.930063
vt 0.000000 1.008789
vt 0.000000 0.026367
vt 0.966797 0.026367
vt 0.966797 1.008789
vt 0.000000 0.026367
vt 0.966797 1.008789
vt 0.000000 1.008789
vt 0.966797 0.026367
vt 0.005271 0.971260
vt 0.005271 0.971260
vt 0.005271 0.971260
vt 0.005271 0.971260
vt 0.005271 0.971260
vt 0.005271 0.971260
vt 0.005271 0.971260
vt 0.005271 0.971260
vt 0.005271 0.971260
vt 0.005271 0.971260
vt 0.005271 0.971260
vt 0.007843 0.890745
vt 0.007843 0.890745
vt 0.007843 0.890745
vt 0.007843 0.890745
vt 0.007843 0.890745
vt 0.007843 0.890745
vt 0.007843 0.890745
vt 0.007843 0.890745
vt 0.007843 0.890745
vt 0.007843 0.890745
vt 0.007843 0.890745
vt 0.007843 0.890745
vt 0.007843 0.890745
vt 0.007843 0.890745
vt 0.007843 0.890745
vt 0.007843 0.890745
vt 0.157162 0.693529
vt 0.290969 0.693529
vt 0.290969 0.827336
vt 0.157162 0.827336
vt 0.290969 0.693529
vt 0.290969 0.827336
vt 0.157162 0.693529
vt 0.290969 0.693529
vt 0.290969 0.827336
vt 0.157162 0.827336
vt 0.290969 0.693529
vt 0.290969 0.827336
vt 0.157162 0.693529
vt 0.157162 0.827336
vt 0.290969 0.827336
vt 0.290969 0.693529
vt 0.290969 0.827336
vt 0.290969 0.693529
vt 0.157162 0.693529
vt 0.157162 0.827336
vt 0.290969 0.827336
vt 0.290969 0.693529
vt 0.290969 0.827336
vt 0.290969 0.693529
vt 0.157162 0.693529
vt 0.157162 0.827336
vt 0.290969 0.827336
vt 0.290969 0.693529
vt 0.290969 0.827336
vt 0.290969 0.693529
vt 0.157162 0.693529
vt 0.157162 0.827336
vt 0.290969 0.827336
vt 0.290969 0.693529
vt 0.290969 0.827336
vt 0.290969 0.693529
vt 0.157162 0.693529
vt 0.290969 0.693529
vt 0.290969 0.827336
vt 0.157162 0.827336
vt 0.290969 0.693529
vt 0.290969 0.827336
vt 0.157162 0.693529
vt 0.290969 0.693529
vt 0.290969 0.827336
vt 0.157162 0.827336
vt 0.290969 0.693529
vt 0.290969 0.827336
vt 0.000000 1.000000
vt 0.000000 1.000000
vt 0.000000 1.000000
vt 0.000000 1.000000
vt 0.000000 1.000000
vt 0.000000 1.000000
vt 0.000000 1.000000
vt 0.000000 1.000000
vt 0.000000 1.000000
vt 0.000000 1.000000
vt 0.000000 1.000000
vt 0.000000 1.000000
vt 0.000000 1.000000
vt 0.000000 1.000000
vt 0.000000 1.000000
vt 0.000000 1.000000
vt 0.000000 1.000000
vt 0.000000 1.000000
vt 0.000000 1.000000
vt 0.000000 1.000000
vt 0.000000 1.000000
vt 0.000000 1.000000
vt 0.000000 1.000000
vt 0.000000 1.000000
vt 0.000000 1.000000
vt 0.000000 1.000000
vt 0.000000 1.000000
vt 0.000000 1.000000
vt 0.000000 1.000000
vt 0.000000 1.000000
vt 0.000000 1.000000
vt 0.000000 1.000000
vt 0.000000 1.000000
vt 0.000000 1.000000
vt 0.000000 1.000000
vt 0.000000 1.000000
vt 0.000000 1.000000
vt 0.000000 1.000000
vt 0.006692 0.941994
vt 0.018897 0.941897
vt 0.003143 0.962806
vt 0.000857 0.951476
vt 0.025802 0.951038
vt 0.024246 0.959256
vt 0.015639 0.965383
vt 0.021183 0.943015
vt 0.026386 0.952935
vt 0.022982 0.963632
vt 0.008735 0.941751
vt 0.009902 0.965383
vt 0.001732 0.957846
vt 0.000906 0.949774
vt 0.002316 0.965383
vt 0.002316 0.965383
vt 0.002316 0.965383
vt 0.002316 0.965383
vt 0.002316 0.965383
vt 0.002316 0.965383
vt 0.002316 0.965383
vt 0.002316 0.965383
vt 0.002316 0.965383
vt 0.002316 0.965383
vt 0.002316 0.965383
vt 0.002316 0.965383
vt 0.002316 0.965383
vt 0.002316 0.965383
vt 0.002316 0.965383
vt 0.002316 0.965383
vt 0.002316 0.965383
vt 0.002316 0.965383
vt 0.002316 0.965383
vt 0.002316 0.965383
vt 0.002316 0.965383
vt 0.002316 0.965383
vt 0.002316 0.965383
vt 0.002316 0.965383
vt 0.002316 0.965383
vt 0.002316 0.965383
vt 0.002316 0.965383
vt 0.002316 0.965383
vt 0.002316 0.965383
vt 0.002316 0.965383
vt 0.002316 0.965383
vt 0.002316 0.965383
vt 0.002316 0.965383
vt 0.002316 0.965383
vt 0.002316 0.965383
vt 0.002316 0.965383
vt 0.002316 0.965383
vt 0.002316 0.965383
vt 0.002316 0.965383
vt 0.002316 0.965383
vt 0.002316 0.965383
vt 0.002316 0.965383
vt 0.002316 0.965383
vt 0.002316 0.965383
vt 0.002316 0.965383
vt 0.002316 0.965383
vt 0.002316 0.965383
vt 0.002316 0.965383
vt 0.002316 0.965383
vt 0.002316 0.965383
vt 0.002316 0.965383
vt 0.002316 0.965383
vt 0.002316 0.965383
vt 0.002316 0.965383
vt 0.002316 0.965383
vt 0.002316 0.965383
vt 0.002316 0.965383
vt 0.002316 0.965383
vt 0.002316 0.965383
vt 0.002316 0.965383
vt 0.002316 0.965383
vt 0.000000 1.000000
vt 0.000000 1.000000
vt 0.000000 1.000000
vt 0.000000 1.000000
vt 0.000000 1.000000
vt 0.000000 1.000000
vt 0.000000 1.000000
vt 0.000000 1.000000
vt 0.000000 1.000000
vt 0.000000 1.000000
vt 0.000000 1.000000
vt 0.000000 1.000000
vt 0.000000 1.000000
vt 0.000000 1.000000
vt 0.000000 1.000000
vt 0.000000 1.000000
vt 0.000000 1.000000
vt 0.000000 1.000000
vt 0.000000 1.000000
vt 0.000000 1.000000
vt 0.000000 1.000000
vt 0.000000 1.000000
vt 0.000000 1.000000
vt 0.000000 1.000000
vt 0.000000 1.000000
vt 0.000000 1.000000
vt 0.000000 1.000000
vt 0.000000 1.000000
vt 0.000000 1.000000
vt 0.000000 1.000000
vt 0.000000 1.000000
vt 0.000000 1.000000
vt 0.000000 1.000000
vt 0.000000 1.000000
vt 0.000000 1.000000
vt 0.000000 1.000000
vt 0.000000 1.000000
vt 0.000000 1.000000
vt 0.000000 1.000000
vt 0.000000 1.000000
vt 0.000000 1.000000
vt 0.000000 1.000000
vt 0.000000 1.000000
vt 0.000000 1.000000
vt 0.000000 1.000000
vt 0.000000 1.000000
vt 0.000000 1.000000
vt 0.000000 1.000000
vt 0.000000 1.000000
vt 0.000000 1.000000
vt 0.000000 1.000000
vt 0.000000 1.000000
vt 0.000000 1.000000
vt 0.000000 1.000000
vt 0.000000 1.000000
vt 0.000000 1.000000
vt 0.000000 1.000000
vt 0.000000 1.000000
vt 0.000000 1.000000
vt 0.000000 1.000000
vt 0.000000 1.000000
vt 0.000000 1.000000
vt 0.000000 1.000000
vt 0.000000 1.000000
vt 0.000000 1.000000
vt 0.000000 1.000000
vt 0.000000 1.000000
vt 0.000000 1.000000
vt 0.000000 1.000000
vt 0.000000 1.000000
vt 0.000000 1.000000
vt 0.000000 1.000000
vt 0.000000 1.000000
vt 0.000000 1.000000
vt 0.000000 1.000000
vt 0.000000 1.000000
vt 0.000000 1.000000
vt 0.000000 1.000000
vt 0.000000 1.000000
vt 0.000000 1.000000
vt 0.000000 1.000000
vt 0.000000 1.000000
vt 0.000000 1.000000
vt 0.000000 1.000000
vt 0.000000 1.000000
vt 0.000000 1.000000
vt 0.000000 1.000000
vt 0.000000 1.000000
vt 0.000000 1.000000
vt 0.000000 1.000000
vt 0.000000 1.000000
vt 0.000000 1.000000
vt 0.000000 1.000000
vt 0.000000 1.000000
vt 0.000000 1.000000
vt 0.000000 1.000000
vt 0.000000 1.000000
vt 0.000000 1.000000
vt 0.000000 1.000000
vt 0.000000 1.000000
vt 0.000000 1.000000
vt 0.000000 1.000000
vt 0.000000 1.000000
vt 0.000000 1.000000
vt 0.000000 1.000000
vt 0.000000 1.000000
vt 0.000000 1.000000
vt 0.000000 1.000000
vt 0.000000 1.000000
vt 0.000000 1.000000
vt 0.000000 1.000000
vt 0.000000 1.000000
vt 0.000000 1.000000
vt 0.000000 1.000000
vt 0.000000 1.000000
vt 0.000000 1.000000
vt 0.000000 1.000000
vt 0.000000 1.000000
vt 0.000000 1.000000
vt 0.000000 1.000000
vt 0.000000 1.000000
vt 0.000000 1.000000
vt 0.000000 1.000000
vt 0.000000 1.000000
vt 0.000000 1.000000
vt 0.000000 1.000000
vt 0.000000 1.000000
vt 0.000000 1.000000
vt 0.000000 1.000000
vt 0.000000 1.000000
vt 0.000000 1.000000
vt 0.000000 1.000000
vt 0.000000 1.000000
vt 0.000000 1.000000
vt 0.000000 1.000000
vt 0.000000 1.000000
vt 0.000000 1.000000
vt 0.000000 1.000000
vt 0.000000 1.000000
vt 0.000000 1.000000
vt 0.000000 1.000000
vt 0.000000 1.000000
vt 0.000000 1.000000
vt 0.000000 1.000000
vt 0.000000 1.000000
vt 0.000000 1.000000
vt 0.000000 1.000000
vt 0.000000 1.000000
vt 0.000000 1.000000
vt 0.000000 1.000000
vt 0.000000 1.000000
vt 0.000000 1.000000
vt 0.000000 1.000000
vt 0.000000 1.000000
vt 0.000000 1.000000
vt 0.000000 1.000000
vt 0.000000 1.000000
vt 0.000000 1.000000
vt 0.000000 1.000000
vt 0.000000 1.000000
vt 0.000000 1.000000
vt 0.000000 1.000000
vt 0.000000 1.000000
vt 0.000000 1.000000
vt 0.000000 1.000000
vt 0.000000 1.000000
vt 0.000000 1.000000
vt 0.000000 1.000000
vt 0.000000 1.000000
vt 0.000000 1.000000
vt 0.000000 1.000000
vt 0.000000 1.000000
vt 0.000000 1.000000
vt 0.000000 1.000000
vt 0.000000 1.000000
vt 0.000000 1.000000
vt 0.000000 1.000000
vt 0.000000 1.000000
vt 0.000000 1.000000
vt 0.000000 1.000000
vt 0.000000 1.000000
vt 0.000000 1.000000
vt 0.000000 1.000000
vt 0.000000 1.000000
vt 0.000000 1.000000
vt 0.000000 1.000000
vt 0.000000 1.000000
vt 0.000000 1.000000
vt 0.000000 1.000000
vt 0.000000 1.000000
vt 0.000000 1.000000
vt 0.000000 1.000000
vt 0.000000 1.000000
vt 0.000000 1.000000
vt 0.000000 1.000000
vt 0.000000 1.000000
vt 0.000000 1.000000
vt 0.000000 1.000000
vt 0.000000 1.000000
vt 0.000000 1.000000
vt 0.000000 1.000000
vt 0.000000 1.000000
vt 0.000000 1.000000
vt 0.000000 1.000000
vt 0.000000 1.000000
vt 0.000000 1.000000
vt 0.000000 1.000000
vt 0.000000 1.000000
vt 0.000000 1.000000
vt 0.000000 1.000000
vn 0.5948 0.3750 0.7111
vn 0.5965 0.3757 0.7093
vn 0.5962 0.3756 0.7096
vn 0.5996 0.3772 0.7058
vn 0.5533 0.7737 0.3085
vn 0.8548 0.2051 0.4766
vn -0.2237 0.8190 0.5284
vn -0.3787 0.2378 0.8944
vn -0.6623 0.7492 0.0000
vn -0.9817 0.1905 0.0000
vn -0.2237 0.8190 -0.5284
vn -0.3787 0.2378 -0.8944
vn 0.5533 0.7737 -0.3085
vn 0.8548 0.2051 -0.4766
vn -0.0030 0.7785 -0.6276
vn 0.2179 -0.0473 0.9748
vn -0.9024 -0.0877 -0.4219
vn 0.4500 -0.8913 -0.0549
vn 0.2799 0.9387 -0.2013
vn -0.3756 -0.0392 0.9259
vn -0.8060 -0.1149 -0.5807
vn 0.3195 -0.8839 0.3414
vn -0.0030 0.7785 0.6276
vn 0.2179 -0.0473 -0.9748
vn -0.9024 -0.0877 0.4219
vn 0.4500 -0.8913 0.0549
vn 0.2799 0.9387 0.2013
vn -0.3756 -0.0392 -0.9259
vn -0.8060 -0.1149 0.5807
vn 0.3195 -0.8839 -0.3414
vn -0.1109 0.8730 0.4750
vn -0.0308 0.9136 0.4055
vn 0.0708 0.8605 -0.5044
vn 0.1454 0.8933 -0.4253
vn 0.1109 -0.8730 -0.4750
vn 0.0308 -0.9136 -0.4055
vn -0.0708 -0.8605 0.5044
vn -0.1454 -0.8933 0.4253
vn -0.5517 0.8176 -0.1649
vn -0.5517 0.8176 0.1649
vn 0.0373 0.9939 -0.1033
vn 0.9992 0.0393 0.0004
vn 0.7841 -0.5892 -0.1953
vn 0.6339 -0.1277 -0.7628
vn -0.2126 0.3120 0.9260
vn 0.6369 -0.1201 0.7615
vn 0.5460 0.3488 0.7617
vn -0.1663 -0.0968 -0.9813
vn 0.4551 -0.5748 -0.6801
vn 0.1973 -0.9430 -0.2681
vn 0.4574 -0.5803 0.6738
vn 0.1944 -0.9480 0.2521
vn 0.7844 -0.5892 0.1939
vn -0.4551 0.6834 0.5709
vn -0.9379 0.3040 0.1669
vn 0.7257 0.6563 0.2066
vn 0.0381 0.9938 0.1041
vn 0.1300 0.8560 0.5003
vn 0.5452 0.3468 -0.7632
vn 0.1247 0.8563 -0.5012
vn 0.7243 0.6561 -0.2119
vn -0.4603 0.6797 -0.5710
vn -0.7544 0.2549 -0.6049
vn -0.9373 0.3034 -0.1714
vn -0.4496 -0.8932 0.0002
vn -0.4085 -0.8155 0.4101
vn -0.8951 -0.3731 0.2443
vn -0.4101 -0.8113 -0.4168
vn -0.2571 -0.5355 -0.8044
vn -0.2595 -0.5407 0.8002
vn -0.2289 0.3119 -0.9221
vn -0.8946 -0.3736 -0.2452
vn -0.7519 0.2537 0.6086
vn -0.1697 -0.0940 0.9810
vn -0.7818 -0.0761 0.6189
vn -0.7820 -0.0804 -0.6181
vn 0.1262 0.9421 0.3106
vn 0.0324 0.8497 0.5263
vn 0.5638 0.8005 0.2032
vn 0.3502 0.9283 0.1253
vn 0.1916 0.6889 0.6991
vn 0.3219 0.6480 0.6903
vn 0.5515 0.7081 0.4410
vn 0.1153 0.9441 -0.3089
vn 0.3502 0.9283 -0.1253
vn 0.5638 0.8005 -0.2032
vn 0.0278 0.8483 -0.5288
vn 0.5520 0.7030 -0.4485
vn 0.3291 0.6409 -0.6935
vn 0.1805 0.6853 -0.7056
vn -0.1566 0.9613 0.2265
vn -0.1635 0.9573 -0.2383
vn -0.4633 0.8739 -0.1467
vn -0.4108 0.5678 -0.7134
vn -0.4966 0.7042 -0.5075
vn -0.5009 0.7005 0.5083
vn -0.4736 0.8687 0.1450
vn -0.4179 0.5760 0.7025
vn 0.7642 0.2785 -0.5817
vn 0.4839 0.4162 -0.7698
vn 0.8227 0.5443 0.1642
vn 0.4903 0.4278 0.7594
vn 0.7658 0.2769 0.5803
vn 0.9763 0.1391 0.1657
vn 0.8227 0.5443 -0.1642
vn 0.9763 0.1391 -0.1657
vn 0.0745 -0.8245 -0.5610
vn 0.4579 -0.8236 -0.3347
vn 0.3730 -0.9278 -0.0010
vn -0.4654 -0.3010 -0.8324
vn -0.0032 -0.1718 -0.9851
vn -0.4683 -0.7621 -0.4470
vn 0.0145 -0.9999 -0.0008
vn -0.9009 -0.3437 -0.2649
vn -0.5056 -0.8628 -0.0002
vn -0.4731 0.1060 -0.8746
vn 0.1047 0.2198 -0.9699
vn 0.0716 -0.8265 0.5584
vn 0.4574 -0.8242 0.3340
vn -0.4695 -0.7671 0.4371
vn -0.4672 -0.3123 0.8272
vn 0.0012 -0.1827 0.9832
vn -0.4672 0.1037 0.8780
vn 0.1230 0.2153 0.9688
vn -0.8999 -0.3465 0.2647
vn -0.9181 0.2911 -0.2690
vn -0.9184 0.2919 0.2671
vn -0.0405 0.5187 0.8540
vn -0.0484 0.5142 -0.8563
vn 0.7442 -0.3187 -0.5870
vn 0.8409 -0.5269 -0.1237
vn 0.8408 -0.5270 0.1237
vn 0.7442 -0.3187 0.5870
vn 0.3704 0.0665 -0.9265
vn 0.2783 -0.4263 -0.8607
vn 0.2812 -0.4264 0.8597
vn 0.3708 0.0631 0.9266
vn -0.2592 0.7566 0.6003
vn 0.4348 0.7072 0.5576
vn 0.4318 0.7493 -0.5021
vn -0.2926 -0.3134 0.9034
vn 0.4110 -0.3167 0.8549
vn -0.3173 -0.9480 -0.0229
vn 0.3881 -0.9213 -0.0255
vn -0.2912 -0.2439 -0.9250
vn 0.4008 -0.2600 -0.8785
vn -0.2550 0.8068 -0.5330
vn -0.8690 0.4221 -0.2580
vn -0.8668 0.4028 0.2940
vn -0.8817 -0.1179 -0.4568
vn -0.8981 -0.4393 -0.0206
vn -0.8755 -0.1545 0.4578
vn 0.8746 0.3961 -0.2795
vn 0.8625 -0.1321 -0.4886
vn 0.8860 0.3514 0.3025
vn 0.8684 -0.1894 0.4583
vn 0.8610 -0.5083 -0.0156
vn -0.2474 0.7607 0.6001
vn 0.5281 0.6565 0.5386
vn 0.5300 0.7025 -0.4750
vn -0.2704 -0.3234 0.9068
vn 0.5029 -0.3133 0.8056
vn -0.2880 -0.9571 -0.0313
vn 0.4856 -0.8734 -0.0377
vn -0.2786 -0.2522 -0.9267
vn 0.5034 -0.2537 -0.8260
vn -0.2544 0.8111 -0.5268
vn -0.8320 0.4820 -0.2747
vn -0.8361 0.4344 0.3349
vn -0.8543 -0.1192 -0.5060
vn -0.8585 -0.5122 -0.0247
vn -0.8460 -0.1619 0.5081
vn 0.9995 -0.0309 0.0098
vn -0.2305 -0.1346 0.9637
vn -0.0161 -0.0264 0.9995
vn 0.4811 -0.8242 0.2985
vn 0.1797 -0.4363 -0.8817
vn -0.0379 0.5384 -0.8419
vn -0.4714 -0.0267 -0.8815
vn -0.2892 0.8898 0.3530
vn 0.5290 0.2205 0.8195
vn 0.4005 0.6605 -0.6351
vn 0.7352 -0.1591 -0.6589
vn 0.5020 0.2027 0.8408
vn 0.1634 0.9518 0.2596
vn 0.7979 -0.5099 0.3213
vn -0.0906 0.1849 -0.9786
vn 0.5629 0.3829 -0.7325
vn 0.8296 -0.0200 -0.5580
vn 0.1846 0.6658 -0.7229
vn 0.8462 0.5053 -0.1694
vn -0.3757 0.7190 -0.5848
vn -0.6379 0.6715 0.3771
vn 0.2245 -0.5822 -0.7814
vn 0.0495 -0.9288 0.3672
vn -0.7396 -0.6637 0.1120
vn -0.9176 -0.3966 0.0269
vn -0.7704 -0.5654 -0.2947
vn -0.9408 -0.1599 -0.2989
vn -0.9897 -0.0897 0.1113
vn -0.8125 -0.3607 0.4581
vn 0.9196 -0.3458 0.1862
vn 0.3589 0.9074 0.2187
vn 0.3931 -0.2311 -0.8900
vn -0.3124 -0.9477 -0.0648
vn -0.2794 -0.2336 -0.9313
vn 0.4048 -0.9130 -0.0509
vn -0.2835 -0.3355 0.8983
vn 0.3959 -0.3175 0.8616
vn -0.2551 0.7579 0.6005
vn 0.4291 0.7036 0.5664
vn -0.2498 0.8180 -0.5181
vn 0.4297 0.7576 -0.4913
vn -0.8870 -0.4601 -0.0384
vn -0.8779 -0.0838 -0.4715
vn -0.8565 0.4430 -0.2650
vn -0.8582 0.4183 0.2975
vn -0.8717 -0.1420 0.4690
vn 0.8668 -0.1382 -0.4791
vn 0.8658 -0.1876 0.4640
vn 0.8775 0.4005 -0.2638
vn 0.8718 0.3918 0.2939
vn 0.8760 -0.4800 -0.0470
vn 0.5004 -0.2270 -0.8355
vn -0.3121 -0.9486 -0.0516
vn -0.2777 -0.2322 -0.9322
vn 0.4821 -0.8748 -0.0472
vn -0.2845 -0.3288 0.9005
vn 0.5104 -0.3015 0.8053
vn -0.2598 0.7544 0.6029
vn 0.5344 0.6558 0.5333
vn -0.2424 0.8212 -0.5165
vn 0.5262 0.7135 -0.4627
vn -0.8703 -0.4900 -0.0504
vn -0.8519 -0.1080 -0.5125
vn -0.8237 0.4809 -0.3003
vn -0.8448 0.4238 0.3267
vn -0.8591 -0.1521 0.4887
vn 0.9995 -0.0268 -0.0139
vn -0.1931 -0.0794 -0.9780
vn 0.0531 -0.9117 -0.4074
vn 0.4786 -0.8066 -0.3469
vn -0.6213 0.6944 -0.3630
vn -0.3001 0.8882 -0.3478
vn 0.9228 -0.3527 -0.1549
vn 0.5950 0.2602 -0.7605
vn 0.3538 0.9211 -0.1625
vn 0.3529 0.6326 0.6894
vn 0.6884 -0.2100 0.6943
vn 0.1203 -0.5145 0.8490
vn -0.7552 -0.6371 -0.1542
vn -0.9214 -0.3809 -0.0770
vn -0.8073 -0.3289 -0.4899
vn -0.9838 -0.0774 -0.1618
vn -0.9574 -0.1666 0.2356
vn -0.7923 -0.5611 0.2396
vn 0.1833 0.9576 -0.2224
vn 0.7953 -0.5129 -0.3230
vn 0.1937 -0.6126 0.7663
vn 0.8149 -0.0530 0.5772
vn -0.1037 0.1620 0.9813
vn 0.8462 0.4844 0.2222
vn 0.5414 0.2226 -0.8107
vn 0.5404 0.3580 0.7615
vn 0.1576 0.6422 0.7502
vn -0.3922 0.7028 0.5936
vn -0.5108 -0.0532 0.8580
vn -0.0879 0.4924 0.8659
vn 0.0956 0.0060 -0.9954
vn -0.6770 -0.7359 -0.0012
vn -0.9974 -0.0705 -0.0155
vn -0.6897 -0.2609 -0.6755
vn -0.7593 0.4890 -0.4294
vn -0.7768 0.4914 0.3938
vn -0.7182 -0.2310 0.6564
vn 0.5247 -0.2049 0.8263
vn 0.9969 0.0780 0.0072
vn 0.4528 0.7315 0.5098
vn 0.4661 0.7272 -0.5040
vn 0.5367 -0.2095 -0.8174
vn 0.5839 -0.8119 0.0003
vn -0.1401 -0.3104 -0.9402
vn -0.2339 0.7762 -0.5856
vn -0.2504 0.7767 0.5780
vn -0.1647 -0.3056 0.9378
vn -0.1025 -0.9947 -0.0005
vn -0.5474 -0.8369 0.0008
vn 0.4237 -0.9058 0.0021
vn 0.4499 -0.2897 0.8448
vn -0.4713 0.7233 0.5047
vn 0.5014 0.6829 0.5312
vn 0.5203 0.6858 -0.5089
vn -0.4520 0.7248 -0.5200
vn 0.4615 -0.2892 -0.8387
vn -0.5051 -0.2365 -0.8300
vn -0.5086 -0.2303 0.8296
vn -0.9989 0.0449 -0.0139
vn 0.9985 -0.0544 0.0102
vn 0.3402 0.9402 -0.0161
vn 0.3421 0.9395 -0.0171
vn 0.3462 0.9380 -0.0163
vn 0.3456 0.9383 -0.0157
vn 0.3550 0.9348 -0.0155
vn 0.3520 0.9359 -0.0138
vn 0.3621 0.9321 -0.0134
vn 0.3498 0.9368 -0.0070
vn -0.0036 -0.6297 0.7768
vn 0.2191 -0.3595 0.9071
vn -0.3740 0.0208 0.9272
vn -0.0364 -0.5878 -0.8082
vn -0.5943 -0.4139 -0.6896
vn -0.3877 -0.0161 -0.9216
vn -0.6093 -0.3862 0.6925
vn 0.1480 -0.3766 -0.9145
vn 0.5723 -0.6792 -0.4596
vn 0.4235 -0.9043 -0.0535
vn 0.6142 -0.6622 0.4292
vn -0.9002 0.2011 0.3862
vn -0.8708 0.1955 -0.4510
vn -0.9359 -0.3506 -0.0338
vn -0.2224 -0.9745 -0.0303
vn 0.5882 -0.8083 -0.0269
vn -0.1308 -0.3354 0.9329
vn -0.0787 -0.9967 -0.0180
vn 0.4580 0.7226 0.5178
vn -0.2430 0.7581 0.6051
vn -0.2511 0.7884 -0.5615
vn 0.4381 0.7487 -0.4975
vn -0.1614 -0.2846 -0.9450
vn -0.6688 -0.7432 -0.0195
vn -0.9962 -0.0855 0.0157
vn -0.7126 -0.2380 -0.6600
vn -0.7768 0.4900 -0.3956
vn -0.7717 0.4467 0.4526
vn 0.5191 -0.1890 -0.8336
vn 0.9965 0.0831 -0.0086
vn 0.5410 -0.2305 0.8088
vn -0.6870 -0.2880 0.6671
vn 0.4000 -0.9159 -0.0331
vn 0.4553 -0.3135 0.8333
vn -0.5549 -0.8319 -0.0078
vn 0.5069 0.6753 0.5357
vn -0.4563 0.7070 0.5403
vn 0.5060 0.6937 -0.5125
vn -0.4598 0.7462 -0.4814
vn 0.4324 -0.2743 -0.8589
vn -0.5069 -0.2506 0.8248
vn -0.9979 0.0625 0.0150
vn -0.5329 -0.1970 -0.8229
vn 0.9979 -0.0648 -0.0032
vn -0.2022 -0.9781 0.0498
vn -0.5995 -0.4036 0.6912
vn -0.9307 -0.3645 0.0312
vn -0.6017 -0.4050 -0.6884
vn 0.0183 -0.6385 -0.7694
vn 0.4448 -0.8927 0.0726
vn -0.0274 -0.5747 0.8179
vn -0.9020 0.1776 -0.3936
vn -0.8775 0.1931 0.4389
vn -0.3983 0.0007 0.9173
vn -0.3604 -0.0017 -0.9328
vn 0.6292 -0.6569 -0.4154
vn 0.2397 -0.3458 -0.9072
vn 0.5794 -0.6574 0.4817
vn 0.1393 -0.3454 0.9281
vn 0.3403 0.9403 0.0076
vn 0.3298 0.9440 0.0020
vn 0.3305 0.9438 0.0017
vn 0.3282 0.9446 0.0004
vn 0.3273 0.9449 0.0004
vn 0.3299 0.9440 0.0018
vn 0.3271 0.9450 0.0014
vn 0.3360 0.9419 0.0060
usemtl wing_1_v3
s 1
f 312/1/1 314/2/1 309/3/2
f 312/1/1 309/3/2 310/4/1
usemtl wing_2_v3
f 309/5/2 308/6/3 310/7/1
f 309/5/2 305/8/4 308/6/3
usemtl Flx_main
s off
f 316/9/5 322/10/5 318/11/5
f 317/12/6 316/9/6 318/11/6 319/13/6
f 318/11/7 322/10/7 320/14/7
f 319/13/8 318/11/8 320/14/8 321/15/8
f 320/14/9 322/10/9 323/16/9
f 321/15/10 320/14/10 323/16/10 324/17/10
f 323/16/11 322/10/11 325/18/11
f 324/17/12 323/16/12 325/18/12 326/19/12
f 325/18/13 322/10/13 316/9/13
f 326/19/14 325/18/14 316/9/14 317/12/14
f 328/20/15 327/21/15 330/22/15
f 329/23/16 327/21/16 328/20/16
f 328/20/17 330/22/17 329/23/17
f 330/22/18 327/21/18 329/23/18
f 332/24/19 331/25/19 334/26/19
f 333/27/20 331/25/20 332/24/20
f 332/24/21 334/26/21 333/27/21
f 334/26/22 331/25/22 333/27/22
f 336/28/23 338/29/23 335/30/23
f 337/31/24 336/28/24 335/30/24
f 336/28/25 337/31/25 338/29/25
f 338/29/26 337/31/26 335/30/26
f 340/32/27 342/33/27 339/34/27
f 341/35/28 340/32/28 339/34/28
f 340/32/29 341/35/29 342/33/29
f 342/33/30 341/35/30 339/34/30
f 343/36/31 344/37/31 346/38/31 345/39/31
f 346/38/31 344/37/31 347/40/31 348/41/31
f 349/42/32 350/43/32 352/44/32 351/45/32
f 352/44/32 350/43/32 353/46/32 354/47/32
f 355/48/33 357/49/33 358/50/33 356/51/33
f 358/50/33 360/52/33 359/53/33 356/51/33
f 361/54/34 363/55/34 364/56/34 362/57/34
f 364/56/34 366/58/34 365/59/34 362/57/34
f 367/60/35 369/61/35 370/62/35 368/63/35
f 370/62/35 372/64/35 371/65/35 368/63/35
f 373/66/36 375/67/36 376/68/36 374/69/36
f 376/68/36 378/70/36 377/71/36 374/69/36
f 379/72/37 380/73/37 382/74/37 381/75/37
f 382/74/37 380/73/37 383/76/37 384/77/37
f 385/78/38 386/79/38 388/80/38 387/81/38
f 388/80/38 386/79/38 389/82/38 390/83/38
s 1
f 45/84/39 7/85/40 26/86/41
f 11/87/42 42/88/43 2/89/44
f 31/90/45 4/91/46 28/92/47
f 35/93/48 2/89/44 52/94/49
f 42/88/43 5/95/50 52/94/49
f 6/96/51 64/97/52 41/98/53
f 32/99/54 7/85/40 24/100/55
f 10/101/56 48/102/57 27/103/58
f 18/104/59 25/105/60 20/106/61
f 46/107/62 36/108/63 62/109/64
f 11/87/42 10/101/56 28/92/47
f 18/104/59 20/106/61 11/87/42
f 12/110/65 16/111/66 60/112/67
f 5/95/50 14/113/68 55/114/69
f 51/115/70 16/111/66 64/97/52
f 24/100/55 7/85/40 62/109/64
f 27/103/58 7/85/40 32/99/54
f 20/106/61 26/86/41 10/101/56
f 29/116/71 25/105/60 18/104/59
f 60/112/67 57/117/72 12/110/65
f 57/117/72 14/113/68 12/110/65
f 11/87/42 2/89/44 18/104/59
f 10/101/56 11/87/42 20/106/61
f 28/92/47 4/91/46 11/87/42
f 31/90/45 28/92/47 27/103/58
f 46/107/62 45/84/39 25/105/60
f 62/109/64 45/84/39 46/107/62
f 24/100/55 53/118/73 32/99/54
f 25/105/60 26/86/41 20/106/61
f 27/103/58 28/92/47 10/101/56
f 44/119/74 6/96/51 4/91/46
f 29/116/71 18/104/59 2/89/44
f 4/91/46 6/96/51 41/98/53
f 53/118/73 31/90/45 32/99/54
f 59/120/75 44/119/74 31/90/45
f 51/115/70 44/119/74 59/120/75
f 39/121/76 35/93/48 55/114/69
f 29/116/71 35/93/48 39/121/76
f 46/107/62 29/116/71 36/108/63
f 39/121/76 36/108/63 29/116/71
f 31/90/45 53/118/73 59/120/75
f 62/109/64 36/108/63 39/121/76
f 41/98/53 11/87/42 4/91/46
f 11/87/42 41/98/53 42/88/43
f 42/88/43 52/94/49 2/89/44
f 2/89/44 35/93/48 29/116/71
f 44/119/74 51/115/70 6/96/51
f 45/84/39 26/86/41 25/105/60
f 27/103/58 32/99/54 31/90/45
f 29/116/71 46/107/62 25/105/60
f 26/86/41 48/102/57 10/101/56
f 27/103/58 48/102/57 7/85/40
f 7/85/40 45/84/39 62/109/64
f 64/97/52 6/96/51 51/115/70
f 55/114/69 52/94/49 5/95/50
f 59/120/75 53/118/73 24/100/55
f 52/94/49 55/114/69 35/93/48
f 31/90/45 44/119/74 4/91/46
f 7/85/40 48/102/57 26/86/41
f 55/114/69 14/113/68 57/117/72
f 39/121/76 55/114/69 57/117/72
f 60/112/67 16/111/66 51/115/70
f 51/115/70 59/120/75 60/112/67
f 59/120/75 24/100/55 60/112/67
f 60/112/67 24/100/55 62/109/64
f 62/109/64 39/121/76 57/117/72
f 62/109/64 57/117/72 60/112/67
f 41/98/53 64/97/52 5/95/50
f 64/97/52 12/110/65 5/95/50
f 64/97/52 16/111/66 12/110/65
f 12/110/65 14/113/68 5/95/50
f 5/95/50 42/88/43 41/98/53
f 54/122/77 85/123/78 66/124/79
f 66/124/79 56/125/80 54/122/77
f 85/123/78 65/126/81 66/124/79
f 63/127/82 67/128/83 66/124/79
f 65/126/81 63/127/82 66/124/79
f 49/129/84 61/130/85 30/131/86
f 47/132/87 49/129/84 30/131/86
f 30/131/86 33/133/88 87/134/89
f 87/134/89 58/135/90 30/131/86
f 58/135/90 47/132/87 30/131/86
f 30/136/86 56/137/80 66/138/79
f 30/136/86 61/139/85 56/137/80
f 54/140/77 56/137/80 49/141/84
f 56/137/80 61/139/85 49/141/84
f 54/140/77 49/141/84 38/142/91
f 49/141/84 50/143/92 38/142/91
f 50/143/92 49/141/84 47/144/87
f 68/145/93 38/142/91 50/143/92
f 50/143/92 47/144/87 71/146/94
f 71/146/94 70/147/95 50/143/92
f 68/145/93 50/143/92 70/147/95
f 75/148/96 38/142/91 43/149/97
f 68/145/93 43/149/97 38/142/91
f 38/142/91 75/148/96 40/150/98
f 117/151/99 115/152/100 33/153/88
f 85/154/78 54/140/77 38/142/91
f 66/138/79 67/155/83 37/156/101
f 63/157/82 112/158/102 67/155/83
f 67/155/83 112/158/102 34/159/103
f 34/159/103 37/156/101 67/155/83
f 83/160/104 37/156/101 34/159/103
f 91/161/105 117/151/99 33/153/88
f 33/153/88 115/152/100 87/162/89
f 33/153/88 30/136/86 91/161/105
f 117/151/99 91/161/105 79/163/106
f 95/164/107 81/165/108 105/166/109
f 95/164/107 21/167/110 23/168/111
f 95/164/107 22/169/112 21/167/110
f 105/166/109 17/170/113 95/164/107
f 22/169/112 95/164/107 17/170/113
f 21/167/110 22/169/112 69/171/114
f 19/172/115 69/171/114 22/169/112
f 17/170/113 19/172/115 22/169/112
f 21/167/110 3/173/116 23/168/111
f 3/173/116 21/167/110 69/171/114
f 23/168/111 3/173/116 78/174/117
f 15/175/118 105/166/109 101/176/119
f 15/175/118 17/170/113 105/166/109
f 17/170/113 15/175/118 13/177/120
f 13/177/120 15/175/118 8/178/121
f 15/175/118 9/179/122 8/178/121
f 73/180/123 9/179/122 84/181/124
f 9/179/122 73/180/123 8/178/121
f 13/177/120 8/178/121 72/182/125
f 72/182/125 8/178/121 73/180/123
f 19/172/115 13/177/120 72/182/125
f 13/177/120 19/172/115 17/170/113
f 71/146/94 3/173/116 1/183/126
f 69/171/114 1/183/126 3/173/116
f 1/183/126 72/182/125 74/184/127
f 43/149/97 68/145/93 1/183/126
f 1/183/126 68/145/93 70/147/95
f 1/183/126 69/171/114 72/182/125
f 70/147/95 71/146/94 1/183/126
f 43/149/97 1/183/126 74/184/127
f 72/182/125 69/171/114 19/172/115
f 73/180/123 74/184/127 72/182/125
f 74/184/127 40/150/98 75/148/96
f 75/148/96 43/149/97 74/184/127
f 73/180/123 84/181/124 76/185/128
f 40/150/98 73/180/123 76/185/128
f 74/184/127 73/180/123 40/150/98
f 3/173/116 77/186/129 78/174/117
f 3/173/116 71/146/94 77/186/129
f 117/151/99 79/163/106 80/187/130
f 79/163/106 106/188/131 80/187/130
f 80/187/130 106/188/131 81/165/108
f 105/166/109 81/165/108 106/188/131
f 101/176/119 107/189/132 82/190/133
f 82/190/133 107/189/132 83/160/104
f 34/159/103 82/190/133 83/160/104
f 107/189/132 101/176/119 105/166/109
f 58/191/90 77/186/129 47/144/87
f 71/146/94 47/144/87 77/186/129
f 63/157/82 65/192/81 84/181/124
f 40/150/98 76/185/128 85/154/78
f 38/142/91 40/150/98 85/154/78
f 85/154/78 76/185/128 65/192/81
f 65/192/81 76/185/128 84/181/124
f 78/174/117 77/186/129 58/191/90
f 78/174/117 87/162/89 115/152/100
f 84/181/124 112/158/102 63/157/82
f 78/174/117 58/191/90 87/162/89
f 30/136/86 66/138/79 37/156/101
f 30/136/86 37/156/101 91/161/105
f 83/160/104 91/161/105 37/156/101
f 83/160/104 79/163/106 91/161/105
f 23/168/111 93/193/134 94/194/135
f 23/168/111 78/174/117 93/193/134
f 23/168/111 94/194/135 95/164/107
f 81/165/108 94/194/135 80/187/130
f 80/187/130 94/194/135 93/193/134
f 94/194/135 81/165/108 95/164/107
f 15/175/118 101/176/119 100/195/136
f 15/175/118 100/195/136 9/179/122
f 100/195/136 98/196/137 9/179/122
f 98/196/137 100/195/136 82/190/133
f 82/190/133 100/195/136 101/176/119
f 84/181/124 9/179/122 98/196/137
f 79/163/106 83/160/104 107/189/132
f 79/163/106 107/189/132 106/188/131
f 105/166/109 106/188/131 107/189/132
f 34/159/103 98/196/137 82/190/133
f 112/158/102 98/196/137 34/159/103
f 84/181/124 98/196/137 112/158/102
f 117/151/99 93/193/134 115/152/100
f 80/187/130 93/193/134 117/151/99
f 93/193/134 78/174/117 115/152/100
f 241/197/138 279/198/139 296/199/140
f 230/200/141 306/201/142 279/198/139
f 249/202/143 266/203/144 306/201/142
f 236/204/145 238/205/146 266/203/144
f 229/206/147 296/199/140 238/205/146
f 229/206/147 215/207/148 292/208/149
f 236/204/145 214/209/150 215/207/148
f 249/202/143 283/210/151 214/209/150
f 230/200/141 253/211/152 283/210/151
f 241/197/138 292/208/149 253/211/152
f 281/212/153 223/213/154 238/205/146
f 279/198/139 221/214/155 281/212/153
f 276/215/156 221/214/155 279/198/139
f 266/203/144 269/216/157 276/215/156
f 223/213/154 269/216/157 266/203/144
f 238/205/146 223/213/154 266/203/144
f 266/203/144 276/215/156 306/201/142
f 306/201/142 276/215/156 279/198/139
f 279/198/139 281/212/153 296/199/140
f 296/199/140 281/212/153 238/205/146
f 241/197/138 253/211/152 230/200/141
f 230/200/141 283/210/151 249/202/143
f 249/202/143 214/209/150 236/204/145
f 236/204/145 215/207/148 229/206/147
f 229/206/147 292/208/149 241/197/138
f 236/204/145 229/206/147 238/205/146
f 249/202/143 236/204/145 266/203/144
f 230/200/141 249/202/143 306/201/142
f 241/197/138 230/200/141 279/198/139
f 229/206/147 241/197/138 296/199/140
f 253/211/152 292/208/149 215/207/148
f 221/214/155 223/213/154 281/212/153
f 221/214/155 276/215/156 223/213/154
f 276/215/156 269/216/157 223/213/154
f 215/207/148 214/209/150 253/211/152
f 214/209/150 283/210/151 253/211/152
f 315/217/158 313/218/159 226/219/160
f 257/220/161 233/221/162 313/218/159
f 240/222/163 272/223/164 233/221/162
f 251/224/165 260/225/166 272/223/164
f 246/226/167 226/219/160 260/225/166
f 246/226/167 224/227/168 216/228/169
f 251/224/165 252/229/170 224/227/168
f 240/222/163 280/230/171 252/229/170
f 257/220/161 277/231/172 280/230/171
f 315/217/158 216/228/169 277/231/172
f 260/225/166 271/232/173 272/223/164
f 272/223/164 271/232/173 233/221/162
f 233/221/162 271/232/173 313/218/159
f 313/218/159 271/232/173 226/219/160
f 226/219/160 271/232/173 260/225/166
f 315/217/158 277/231/172 257/220/161
f 257/220/161 280/230/171 240/222/163
f 240/222/163 252/229/170 251/224/165
f 251/224/165 224/227/168 246/226/167
f 246/226/167 216/228/169 315/217/158
f 251/224/165 246/226/167 260/225/166
f 240/222/163 251/224/165 272/223/164
f 257/220/161 240/222/163 233/221/162
f 315/217/158 257/220/161 313/218/159
f 246/226/167 315/217/158 226/219/160
f 252/229/170 280/230/171 224/227/168
f 280/230/171 216/228/169 224/227/168
f 280/230/171 277/231/172 216/228/169
f 176/233/174 299/234/175 188/235/176
f 303/236/177 159/237/178 166/238/179
f 289/239/180 299/234/175 176/233/174
f 188/235/176 299/234/175 294/240/181
f 294/240/181 299/234/175 289/239/180
f 289/239/180 159/237/178 184/241/182
f 184/241/182 159/237/178 303/236/177
f 199/242/183 303/236/177 188/235/176
f 176/233/174 218/243/184 275/244/185
f 250/245/186 218/243/184 176/233/174
f 268/246/187 244/247/188 228/248/189
f 244/247/188 264/249/190 234/250/191
f 262/251/192 161/252/193 275/244/185
f 275/244/185 264/249/190 262/251/192
f 169/253/194 228/248/189 250/245/186
f 268/246/187 166/238/179 262/251/192
f 264/249/190 244/247/188 268/246/187
f 268/246/187 262/251/192 264/249/190
f 275/244/185 234/250/191 264/249/190
f 244/247/188 234/250/191 228/248/189
f 228/248/189 234/250/191 250/245/186
f 250/245/186 234/250/191 218/243/184
f 218/243/184 234/250/191 275/244/185
f 268/246/187 228/248/189 169/253/194
f 169/253/194 250/245/186 168/254/195
f 168/254/195 250/245/186 176/233/174
f 176/233/174 275/244/185 161/252/193
f 187/255/196 200/256/197 199/242/198
f 199/242/198 200/256/197 184/241/199
f 184/241/199 200/256/197 193/257/200
f 193/257/200 200/256/197 294/240/201
f 294/240/201 200/256/197 187/255/196
f 188/235/176 187/255/202 199/242/183
f 303/236/177 199/242/183 184/241/182
f 184/241/182 193/257/203 289/239/180
f 289/239/180 193/257/203 294/240/181
f 294/240/181 187/255/202 188/235/176
f 289/239/180 176/233/174 161/252/193
f 188/235/176 168/254/195 176/233/174
f 303/236/177 166/238/179 169/253/194
f 168/254/195 188/235/176 303/236/177
f 166/238/179 268/246/187 169/253/194
f 303/236/177 169/253/194 168/254/195
f 161/252/193 262/251/192 159/237/178
f 159/237/178 289/239/180 161/252/193
f 262/251/192 166/238/179 159/237/178
f 256/258/204 285/259/205 194/260/206
f 222/261/207 301/262/208 285/259/205
f 181/263/209 290/264/210 301/262/208
f 232/265/211 291/266/212 290/264/210
f 211/267/213 194/260/206 291/266/212
f 285/259/205 174/268/214 194/260/206
f 194/260/206 175/269/215 291/266/212
f 291/266/212 274/270/216 290/264/210
f 290/264/210 205/271/217 301/262/208
f 301/262/208 204/272/218 285/259/205
f 211/267/213 209/273/219 256/258/204
f 256/258/204 209/273/219 222/261/207
f 222/261/207 243/274/220 181/263/209
f 181/263/209 243/274/220 232/265/211
f 232/265/211 165/275/221 211/267/213
f 232/265/211 160/276/222 165/275/221
f 243/274/220 160/276/222 232/265/211
f 222/261/207 163/277/223 243/274/220
f 209/273/219 163/277/223 222/261/207
f 211/267/213 165/275/221 209/273/219
f 204/272/218 174/268/214 285/259/205
f 205/271/217 204/272/218 301/262/208
f 274/270/216 205/271/217 290/264/210
f 175/269/215 274/270/216 291/266/212
f 174/268/214 175/269/215 194/260/206
f 211/267/213 256/258/204 194/260/206
f 232/265/211 211/267/213 291/266/212
f 181/263/209 232/265/211 290/264/210
f 222/261/207 181/263/209 301/262/208
f 256/258/204 222/261/207 285/259/205
f 209/273/219 165/275/221 163/277/223
f 175/269/215 174/268/214 204/272/218
f 204/272/218 274/270/216 175/269/215
f 204/272/218 205/271/217 274/270/216
f 165/275/221 243/274/220 163/277/223
f 165/275/221 160/276/222 243/274/220
f 245/278/224 254/279/225 304/280/226
f 183/281/227 293/282/228 254/279/225
f 231/283/229 185/284/230 293/282/228
f 225/285/231 267/286/232 185/284/230
f 190/287/233 304/280/226 267/286/232
f 254/279/225 172/288/234 304/280/226
f 304/280/226 179/289/235 267/286/232
f 267/286/232 177/290/236 185/284/230
f 185/284/230 178/291/237 293/282/228
f 293/282/228 167/292/238 254/279/225
f 190/287/233 227/293/239 245/278/224
f 245/278/224 227/293/239 183/281/227
f 183/281/227 227/293/239 231/283/229
f 231/283/229 227/293/239 225/285/231
f 225/285/231 227/293/239 190/287/233
f 167/292/238 172/288/234 254/279/225
f 178/291/237 167/292/238 293/282/228
f 177/290/236 178/291/237 185/284/230
f 179/289/235 177/290/236 267/286/232
f 172/288/234 179/289/235 304/280/226
f 190/287/233 245/278/224 304/280/226
f 225/285/231 190/287/233 267/286/232
f 231/283/229 225/285/231 185/284/230
f 183/281/227 231/283/229 293/282/228
f 245/278/224 183/281/227 254/279/225
f 179/289/235 178/291/237 177/290/236
f 179/289/235 172/288/234 178/291/237
f 172/288/234 167/292/238 178/291/237
f 144/294/240 208/295/241 121/296/242
f 219/297/243 144/294/240 124/298/244
f 121/296/242 265/299/245 287/300/246
f 287/300/246 247/301/247 124/298/244
f 124/298/244 247/301/247 278/302/248
f 278/302/248 273/303/249 116/304/250
f 273/303/249 265/299/245 121/296/242
f 265/299/251 259/305/252 287/300/253
f 287/300/253 259/305/252 247/301/254
f 247/301/254 259/305/252 278/302/255
f 278/302/255 259/305/252 273/303/256
f 273/303/256 259/305/252 265/299/251
f 219/297/243 180/306/257 144/294/240
f 144/294/240 191/307/258 208/295/241
f 208/295/241 191/307/258 114/308/259
f 114/308/259 189/309/260 113/310/261
f 180/306/257 197/311/262 143/312/263
f 143/312/263 197/311/262 191/307/258
f 191/307/258 197/311/262 189/309/260
f 189/309/260 197/311/262 146/313/264
f 173/314/265 197/311/262 180/306/257
f 146/313/264 173/314/265 113/310/261
f 173/314/265 164/315/266 113/310/261
f 164/315/266 123/316/267 113/310/261
f 191/307/258 189/309/260 114/308/259
f 164/315/266 173/314/265 180/306/257
f 180/306/257 219/297/243 164/315/266
f 197/311/262 173/314/265 146/313/264
f 189/309/260 146/313/264 113/310/261
f 144/294/240 143/312/263 191/307/258
f 180/306/257 143/312/263 144/294/240
f 121/296/242 116/304/250 273/303/249
f 116/304/250 135/317/268 278/302/248
f 278/302/248 135/317/268 124/298/244
f 124/298/244 126/318/269 287/300/246
f 287/300/246 126/318/269 121/296/242
f 144/294/240 126/318/269 124/298/244
f 123/316/267 135/317/268 116/304/250
f 121/296/242 126/318/269 144/294/240
f 208/295/241 114/308/259 116/304/250
f 114/308/259 123/316/267 116/304/250
f 114/308/259 113/310/261 123/316/267
f 116/304/250 121/296/242 208/295/241
f 219/297/243 124/298/244 135/317/268
f 135/317/268 123/316/267 164/315/266
f 164/315/266 219/297/243 135/317/268
f 311/319/270 307/320/271 300/321/272
f 300/321/272 307/320/271 297/322/273
f 297/322/273 307/320/271 133/323/274
f 133/323/274 307/320/271 132/324/275
f 141/325/276 263/326/277 145/327/278
f 145/327/278 263/326/277 170/328/279
f 170/328/279 263/326/277 248/329/280
f 248/329/280 263/326/277 153/330/281
f 153/330/281 263/326/277 141/325/276
f 157/331/282 297/322/273 217/332/283
f 217/332/283 133/323/274 212/333/284
f 212/333/284 133/323/274 137/334/285
f 137/334/285 311/319/270 186/335/286
f 186/335/286 311/319/270 157/331/282
f 132/324/275 307/320/271 311/319/270
f 137/334/285 186/335/286 153/330/281
f 212/333/284 137/334/285 145/327/278
f 217/332/283 212/333/284 170/328/279
f 157/331/282 217/332/283 170/328/279
f 186/335/286 157/331/282 153/330/281
f 157/331/282 248/329/280 153/330/281
f 170/328/279 248/329/280 157/331/282
f 212/333/284 145/327/278 170/328/279
f 137/334/285 141/325/276 145/327/278
f 153/330/281 141/325/276 137/334/285
f 311/319/270 300/321/272 157/331/282
f 137/334/285 132/324/275 311/319/270
f 133/323/274 132/324/275 137/334/285
f 217/332/283 297/322/273 133/323/274
f 157/331/282 300/321/272 297/322/273
f 261/336/287 182/337/288 206/338/289
f 142/339/290 206/338/289 284/340/291
f 142/339/290 284/340/291 196/341/292
f 147/342/293 196/341/292 192/343/294
f 261/336/287 192/343/294 182/337/288
f 261/336/287 150/344/295 192/343/294
f 192/343/294 150/344/295 147/342/293
f 196/341/292 147/342/293 142/339/290
f 142/339/290 156/345/296 206/338/289
f 206/338/289 156/345/296 261/336/287
f 142/339/290 149/346/297 156/345/296
f 196/341/292 171/347/298 192/343/294
f 192/343/294 171/347/298 182/337/288
f 182/337/288 171/347/298 206/338/289
f 206/338/289 171/347/298 284/340/291
f 284/340/291 171/347/298 196/341/292
f 156/345/296 149/346/297 261/336/287
f 261/336/287 149/346/297 150/344/295
f 150/344/295 149/346/297 147/342/293
f 147/342/293 149/346/297 142/339/290
f 286/348/299 298/349/300 295/350/301
f 288/351/302 286/348/299 295/350/301
f 288/351/302 295/350/301 255/352/303
f 148/353/304 288/351/302 255/352/303
f 148/353/304 255/352/303 239/354/305
f 148/353/304 239/354/305 237/355/306
f 235/356/307 288/351/308 148/353/309
f 195/357/310 213/358/311 255/352/312
f 125/359/313 235/356/307 148/353/309
f 195/357/310 255/352/312 295/350/314
f 195/357/310 295/350/314 298/349/315
f 152/360/316 298/349/315 286/348/317
f 298/349/315 152/360/316 195/357/310
f 286/348/317 288/351/308 235/356/307
f 235/356/307 152/360/316 286/348/317
f 125/359/313 148/353/309 237/355/318
f 239/354/319 213/358/311 131/361/320
f 239/354/319 255/352/312 213/358/311
f 131/361/320 237/355/318 239/354/319
f 237/355/318 131/361/320 125/359/313
f 120/362/321 195/357/310 152/360/316
f 213/358/311 195/357/310 120/362/321
f 152/360/316 235/356/307 120/362/321
f 120/362/321 235/356/307 125/359/313
f 120/362/321 125/359/313 131/361/320
f 131/361/320 213/358/311 120/362/321
f 302/363/322 154/364/323 198/365/324
f 130/366/325 158/367/326 154/364/323
f 130/366/325 258/368/327 158/367/326
f 128/369/328 242/370/329 258/368/327
f 302/363/322 198/365/324 242/370/329
f 207/371/330 203/372/331 122/373/332
f 154/364/323 207/371/330 198/365/324
f 198/365/324 207/371/330 242/370/329
f 242/370/329 119/374/333 258/368/327
f 258/368/327 119/374/333 158/367/326
f 158/367/326 104/375/334 154/364/323
f 96/376/335 129/377/336 302/363/322
f 302/363/322 129/377/336 138/378/337
f 138/378/337 129/377/336 130/366/325
f 130/366/325 129/377/336 128/369/328
f 128/369/328 129/377/336 96/376/335
f 122/373/332 203/372/331 119/374/333
f 119/374/333 203/372/331 104/375/334
f 104/375/334 203/372/331 99/379/338
f 99/379/338 203/372/331 207/371/330
f 104/375/334 99/379/338 154/364/323
f 119/374/333 104/375/334 158/367/326
f 242/370/329 122/373/332 119/374/333
f 207/371/330 122/373/332 242/370/329
f 154/364/323 99/379/338 207/371/330
f 242/370/329 96/376/335 302/363/322
f 128/369/328 96/376/335 242/370/329
f 130/366/325 128/369/328 258/368/327
f 154/364/323 138/378/337 130/366/325
f 302/363/322 138/378/337 154/364/323
f 127/380/339 282/381/340 201/382/341
f 282/381/340 270/383/342 102/384/343
f 270/383/342 118/385/344 210/386/345
f 118/385/344 220/387/346 210/386/345
f 220/387/346 127/380/339 201/382/341
f 139/388/347 151/389/348 201/382/341
f 201/382/341 151/389/348 109/390/349
f 109/390/349 151/389/348 210/386/345
f 210/386/345 151/389/348 102/384/343
f 102/384/343 151/389/348 139/388/347
f 220/387/346 136/391/350 127/380/339
f 127/380/339 136/391/350 282/381/340
f 282/381/340 136/391/350 270/383/342
f 270/383/342 136/391/350 118/385/344
f 118/385/344 136/391/350 220/387/346
f 201/382/341 109/390/349 220/387/346
f 220/387/346 109/390/349 210/386/345
f 210/386/345 102/384/343 270/383/342
f 102/384/343 139/388/347 282/381/340
f 282/381/340 139/388/347 201/382/341
f 202/392/351 134/393/352 155/394/353
f 155/394/353 162/395/354 202/392/351
f 162/395/354 108/396/355 202/392/351
f 202/392/351 108/396/355 110/397/356
f 202/392/351 103/398/357 134/393/352
f 110/397/356 103/398/357 202/392/351
f 162/395/354 155/394/353 140/399/358
f 92/400/359 140/399/358 155/394/353
f 134/393/352 88/401/360 92/400/359
f 155/394/353 134/393/352 92/400/359
f 140/399/358 89/402/361 162/395/354
f 111/403/362 110/397/356 108/396/355
f 108/396/355 90/404/363 111/403/362
f 103/398/357 110/397/356 86/405/364
f 111/403/362 86/405/364 110/397/356
f 86/405/364 97/406/365 103/398/357
f 97/406/365 88/401/360 103/398/357
f 89/402/361 108/396/355 162/395/354
f 88/401/360 134/393/352 103/398/357
f 89/402/361 90/404/363 108/396/355
f 140/399/366 92/400/367 89/402/368
f 92/400/367 88/401/369 89/402/368
f 88/401/369 90/404/370 89/402/368
f 88/401/369 97/406/371 90/404/370
f 97/406/371 111/403/372 90/404/370
f 97/406/371 86/405/373 111/403/372
o skinned.010_skinnned-mesh.010
v 5.149312 0.474700 0.000000
v 5.144612 0.390100 -0.310200
v 4.923713 0.484100 0.117500
v 4.975411 0.493500 0.000000
v 4.900212 0.413600 -0.390100
v 4.693412 0.441800 0.357200
v 4.900212 0.413600 0.394800
v 4.829713 0.507600 0.159800
v 4.594712 0.470000 0.141000
v 4.481912 0.253800 -0.239700
v 4.712213 0.521700 0.145700
v 4.712213 0.521700 -0.141000
v 4.594712 0.470000 -0.136300
v 4.693412 0.441800 -0.352500
v 4.665212 -0.000000 0.484100
v 5.186912 0.155100 0.446500
v 4.919013 0.230300 0.441800
v 4.674613 0.206800 -0.451200
v 4.919013 0.230300 -0.437100
v 4.956613 0.408900 -0.324300
v 4.923713 0.484100 -0.112800
v 4.829713 0.507600 -0.155100
v 4.956613 0.408900 0.329000
v 4.481912 0.253800 0.244400
v 5.144612 0.390100 0.314900
v 4.947213 -0.155100 0.634500
v 4.768613 -0.117500 0.634500
v 4.867312 -0.108100 0.521700
v 4.660512 0.512300 0.000000
v 4.947213 -0.155100 -0.629800
v 4.867312 -0.108100 -0.517000
v 4.665212 0.000000 -0.479400
v 4.768613 -0.117500 -0.629800
v 4.434913 0.291400 0.000000
v 4.622912 0.775500 0.000000
v 4.749812 0.850700 0.000000
v 4.834413 0.766100 0.216200
v 4.942512 0.841300 0.000000
v 4.834413 0.766100 -0.211500
v 4.820312 0.611000 0.216200
v 4.712213 0.770800 0.192700
v 4.947213 0.606300 0.192700
v 4.956613 0.761400 0.192700
v 4.688712 0.615700 0.192700
v 4.712213 0.770800 -0.188000
v 4.820312 0.611000 -0.211500
v 4.613513 -0.394800 -0.000000
v 4.947213 0.606300 -0.188000
v 4.956613 0.761400 -0.188000
v 5.027112 0.756700 0.000000
v 5.017713 0.601600 0.000000
v 4.618213 0.620400 0.000000
v 4.688712 0.615700 -0.188000
v 4.674613 0.206800 0.455900
v 5.407811 0.329000 -0.455900
v 5.407811 0.352500 0.394800
v 5.534713 0.164500 0.352500
v 5.177512 0.338400 0.329000
v 5.186912 0.155100 -0.441800
v 5.177512 0.338400 -0.319600
v 5.534713 -0.065800 -0.272600
v 5.534713 -0.065800 0.277300
v 5.581712 0.300800 0.000000
v 5.318513 -0.042300 0.545200
v 5.600513 -0.159800 -0.000000
v 5.506513 0.164500 -0.343100
v 5.459512 0.427700 -0.333700
v 5.290313 0.427700 -0.178600
v 5.219811 0.451200 0.000000
v 5.356112 -0.479400 -0.333700
v 5.323213 -0.042300 -0.540500
v 5.013013 -0.582800 -0.314900
v 5.407811 -0.549900 -0.000000
v 5.356112 -0.479400 0.343100
v 5.450112 0.404200 0.282000
v 5.633412 0.488800 -0.202100
v 5.558211 0.324300 -0.159800
v 5.553512 0.380700 0.155100
v 5.412513 0.587500 -0.061100
v 5.290313 0.427700 0.183300
v 5.027112 -0.629800 -0.000000
v 5.031812 -0.051700 0.521700
v 5.149312 -0.394800 -0.488800
v 5.031812 -0.056400 -0.512300
v 4.895513 -0.253800 -0.399500
v 4.768613 -0.484100 -0.239700
v 5.013013 -0.592200 0.319600
v 5.149312 -0.390100 0.493500
v 4.895513 -0.253800 0.404200
v 4.731011 -0.211500 0.361900
v 4.637012 -0.545200 0.169200
v 4.768613 -0.484100 0.244400
v 4.740413 -0.535800 -0.277300
v 4.510112 -0.413600 -0.272600
v 4.637012 -0.545200 -0.164500
v 4.740413 -0.535800 0.282000
v 4.632312 -0.564000 -0.314900
v 4.731011 -0.211500 -0.357200
v 4.613513 -0.399500 -0.404200
v 4.547711 -0.244400 -0.216200
v 4.547711 -0.244400 0.220900
v 4.510112 -0.413600 0.277300
v 4.632312 -0.564000 0.319600
v 4.613513 -0.399500 0.408900
vt -0.156250 0.123047
vt 0.250000 0.052734
vt -0.142578 0.550781
vt 1.330078 0.710938
vt 0.822266 0.890625
vt 1.082031 0.582031
vt 0.468750 0.564453
vt 0.707031 0.064453
vt 0.103516 0.873047
vt 1.111328 0.156250
vt -0.394531 0.666016
vt 0.476562 0.166016
vt 0.000000 1.000000
vt 0.000000 1.000000
vt 0.000000 1.000000
vt 0.000000 1.000000
vt 0.000000 1.000000
vt 0.000000 1.000000
vt 0.000000 1.000000
vt 0.000000 1.000000
vt 0.000000 1.000000
vt 0.000000 1.000000
vt 0.000000 1.000000
vt 0.000000 1.000000
vt 0.000000 1.000000
vt 0.000000 1.000000
vt 0.000000 1.000000
vt 0.000000 1.000000
vt 0.000000 1.000000
vt 0.000000 1.000000
vt 0.000000 1.000000
vt 0.000000 1.000000
vt 0.000000 1.000000
vt 0.000000 1.000000
vt 0.000000 1.000000
vt 0.000000 1.000000
vt 0.000000 1.000000
vt 0.000000 1.000000
vt 0.000000 1.000000
vt 0.000000 1.000000
vt 0.000000 1.000000
vt 0.000000 1.000000
vt 0.000000 1.000000
vt 0.000000 1.000000
vt 0.000000 1.000000
vt 0.000000 1.000000
vt 0.000000 1.000000
vt 0.000000 1.000000
vt 0.000000 1.000000
vt 0.000000 1.000000
vt 0.000000 1.000000
vt 0.000000 1.000000
vt 0.000000 1.000000
vt 0.000000 1.000000
vt 0.000000 1.000000
vt 0.000000 1.000000
vt 0.000000 1.000000
vt 0.000000 1.000000
vt 0.000000 1.000000
vt 0.000000 1.000000
vt 0.000000 1.000000
vt 0.000000 1.000000
vt 0.000000 1.000000
vt 0.000000 1.000000
vt 0.000000 1.000000
vt 0.000000 1.000000
vt 0.000000 1.000000
vt 0.000000 1.000000
vt 0.000000 1.000000
vt 0.000000 1.000000
vt 0.968750 1.009766
vt 0.351562 0.710938
vt 0.291016 0.980469
vt 0.824219 0.375000
vt 1.242188 0.421875
vt 0.287109 0.359375
vt 0.925781 1.007812
vt 0.322266 0.691406
vt 0.828125 0.384766
vt 0.242188 0.951172
vt 0.285156 0.345703
vt 1.246094 0.447266
vt 0.750000 -0.181641
vt 0.328125 0.017578
vt 0.703125 -0.199219
vt -0.029297 0.144531
vt -0.037109 0.167969
vt 0.302734 0.021484
vt 0.000000 1.000000
vt 0.000000 1.000000
vt 0.000000 1.000000
vt 0.945312 -0.164062
vt 1.208984 0.494141
vt -0.072266 0.291016
vt 0.191406 -0.333984
vt 0.021484 1.066406
vt 0.900391 0.880859
vt 0.822266 -0.181641
vt 0.115234 -0.302734
vt -0.068359 0.316406
vt 1.123047 0.431641
vt 0.894531 0.820312
vt 0.087891 1.056641
vt 0.000000 1.000000
vt 0.000000 1.000000
vt 0.000000 1.000000
vt 0.000000 1.000000
vt 0.000000 1.000000
vt 0.000000 1.000000
vt 0.000000 1.000000
vt 0.000000 1.000000
vt 0.000000 1.000000
vt 0.000000 1.000000
vt 0.000000 1.000000
vt 0.000000 1.000000
vt 0.000000 1.000000
vt 0.000000 1.000000
vt 0.000000 1.000000
vt 0.000000 1.000000
vt 0.000000 1.000000
vt 0.000000 1.000000
vt 0.000000 1.000000
vt 0.000000 1.000000
vt 0.000000 1.000000
vt 0.000000 1.000000
vt 0.000000 1.000000
vt 0.000000 1.000000
vt 0.000000 1.000000
vt 0.000000 1.000000
vt 0.000000 1.000000
vt 0.000000 1.000000
vt 0.000000 1.000000
vt 0.000000 1.000000
vt 0.000000 1.000000
vt 0.000000 1.000000
vt 0.000000 1.000000
vt 0.000000 1.000000
vt 0.000000 1.000000
vt 0.000000 1.000000
vt 0.000000 1.000000
vt 0.000000 1.000000
vt 0.000000 1.000000
vt 0.000000 1.000000
vt 0.000000 1.000000
vn 0.3369 0.7751 -0.5345
vn 0.6096 0.5152 -0.6024
vn 0.2507 0.7183 -0.6490
vn -0.0119 0.4244 0.9054
vn 0.2583 0.9072 0.3322
vn 0.2507 0.7183 0.6490
vn 0.1769 0.9842 -0.0021
vn 0.6125 0.5178 0.5973
vn 0.2589 0.9068 -0.3326
vn 0.3369 0.7751 0.5345
vn -0.0871 0.3989 -0.9128
vn 0.7955 0.6058 -0.0085
vn 0.9761 -0.2173 -0.0044
vn 0.3339 0.6154 -0.7140
vn 0.0939 0.3136 -0.9449
vn -0.3678 0.2335 -0.9001
vn 0.5997 -0.2575 -0.7577
vn 0.1865 0.3546 -0.9162
vn -0.3678 0.2335 0.9001
vn 0.0917 0.3172 0.9439
vn 0.3339 0.6154 0.7140
vn 0.6025 -0.2573 0.7555
vn 0.1865 0.3546 0.9162
vn -0.8865 0.2025 0.4161
vn -0.5687 -0.0075 0.8225
vn -0.9625 -0.0320 0.2695
vn -0.9658 0.2593 -0.0022
vn -0.3291 0.0453 0.9432
vn -0.4238 -0.4501 0.7860
vn 0.0424 0.7113 0.7016
vn -0.2983 -0.5850 0.7542
vn 0.3903 -0.1602 0.9066
vn 0.0067 0.1180 0.9930
vn -0.6022 0.4293 -0.6731
vn -0.9055 0.4242 -0.0041
vn -0.9878 -0.1545 -0.0176
vn 0.0561 0.7126 -0.6994
vn -0.3291 0.0453 -0.9432
vn -0.5687 -0.0075 -0.8225
vn -0.8857 0.2025 -0.4178
vn 0.3946 -0.1505 -0.9064
vn -0.2983 -0.5835 -0.7554
vn 0.0142 0.1115 -0.9937
vn -0.8810 0.4727 -0.0191
vn -0.2102 0.9777 -0.0035
vn -0.4919 0.5169 -0.7006
vn -0.4238 -0.4501 -0.7860
vn -0.9626 -0.0335 -0.2688
vn -0.4784 0.5270 0.7025
vn 0.0249 0.5319 0.8464
vn 0.3725 0.9280 -0.0035
vn 0.5712 0.4456 0.6894
vn -0.0149 -0.2389 0.9709
vn 0.9465 0.3227 -0.0035
vn 0.5692 0.4431 -0.6926
vn 0.0248 0.5289 -0.8483
vn -0.6277 -0.1959 0.7534
vn -0.6046 0.4315 0.6695
vn -0.0149 -0.2389 -0.9709
vn -0.7726 -0.6349 0.0045
vn -0.6366 -0.1829 -0.7492
vn -0.3324 0.7001 -0.6319
vn -0.3324 0.7001 0.6319
vn -0.6262 0.7527 0.2035
vn -0.6259 0.7528 -0.2039
vn 0.2541 0.5023 -0.8265
vn 0.3377 -0.0085 -0.9412
vn 0.2585 0.6339 0.7289
vn -0.2323 0.7145 0.6599
vn 0.3312 0.0160 0.9434
vn -0.2312 0.8794 0.4162
vn 0.3881 0.7727 0.5023
vn 0.8489 0.0880 0.5211
vn -0.4463 0.7822 -0.4347
vn -0.3200 0.7399 -0.5917
vn 0.8792 0.0273 -0.4757
vn 0.2739 0.6445 -0.7139
vn 0.8965 -0.1364 -0.4215
vn 0.8973 -0.1710 0.4071
vn 0.9766 -0.2151 -0.0027
vn 0.9975 -0.0595 0.0385
vn 0.5805 -0.6296 0.5163
vn 0.5775 -0.6383 -0.5089
vn 0.6273 -0.7787 -0.0060
vn 0.8341 0.4005 -0.3794
vn 0.8509 0.4075 0.3316
vn 0.9196 -0.2344 -0.3153
vn -0.0611 0.9981 -0.0044
vn -0.5691 0.8214 0.0374
vn -0.1656 -0.8454 -0.5078
vn 0.0005 -0.4367 -0.8996
vn -0.1707 -0.8460 0.5052
vn -0.1183 -0.9929 -0.0123
vn -0.0040 -0.4244 0.9055
vn 0.1983 -0.9178 0.3441
vn 0.2031 -0.9176 -0.3416
vn -0.1397 -0.8675 -0.4773
vn -0.9728 -0.1530 0.1740
vn 0.6858 -0.6807 0.2576
vn -0.1390 -0.8642 0.4835
vn 0.6858 -0.6807 -0.2576
vn -0.9732 -0.1528 -0.1720
vn -0.2065 -0.8638 -0.4595
vn -0.2065 -0.8638 0.4595
vn -0.2225 -0.0488 -0.9737
vn -0.2225 -0.0488 0.9737
usemtl face_0_-_eye_open_v3
s 1
f 410/407/374 411/408/375 392/409/376
f 406/410/377 470/411/378 415/412/379
f 470/411/378 391/413/380 393/414/381
f 458/415/382 391/413/380 470/411/378
f 415/412/379 470/411/378 393/414/381
f 393/414/381 413/416/383 415/412/379
f 392/409/376 458/415/382 449/417/384
f 411/408/375 391/413/380 458/415/382
f 411/408/375 458/415/382 392/409/376
f 391/413/380 394/418/385 393/414/381
f 411/408/375 394/418/385 391/413/380
f 393/419/381 394/420/385 441/421/386
f 395/422/387 411/423/375 410/424/374
f 409/425/388 395/422/387 410/424/374
f 395/422/387 409/425/388 408/426/389
f 411/423/375 438/427/390 441/421/386
f 438/427/390 411/423/375 412/428/391
f 441/421/386 394/420/385 411/423/375
f 409/425/388 410/424/374 392/429/376
f 444/430/392 407/431/393 397/432/394
f 413/433/383 397/432/394 407/431/393
f 397/432/394 413/433/383 393/419/381
f 415/434/379 413/433/383 407/431/393
f 441/421/386 432/435/395 393/419/381
f 398/436/396 393/419/381 432/435/395
f 444/430/392 414/437/397 405/438/398
f 414/437/397 491/439/399 405/438/398
f 491/439/399 414/437/397 424/440/400
f 417/441/401 405/438/398 480/442/402
f 491/439/399 480/442/402 405/438/398
f 405/438/398 417/441/401 418/443/403
f 407/431/393 406/444/377 415/434/379
f 417/441/401 479/445/404 416/446/405
f 417/441/401 480/442/402 479/445/404
f 417/441/401 416/446/405 418/443/403
f 472/447/406 418/443/403 416/446/405
f 479/445/404 472/447/406 416/446/405
f 402/448/407 419/449/408 442/450/409
f 421/451/410 423/452/411 422/453/412
f 392/429/376 449/454/384 409/425/388
f 422/453/412 400/455/413 408/426/389
f 423/452/411 420/456/414 475/457/415
f 421/451/410 420/456/414 423/452/411
f 420/456/414 421/451/410 474/458/416
f 425/459/417 426/460/418 435/461/419
f 420/456/414 474/458/416 475/457/415
f 488/462/420 423/452/411 475/457/415
f 422/453/412 423/452/411 488/462/420
f 422/453/412 490/463/421 400/455/413
f 422/453/412 488/462/420 490/463/421
f 490/463/421 424/440/400 400/455/413
f 490/463/421 491/439/399 424/440/400
f 425/459/417 431/464/422 426/460/418
f 431/464/422 427/465/423 426/460/418
f 426/460/418 427/465/423 428/466/424
f 433/467/425 428/466/424 427/465/423
f 431/464/422 430/468/426 427/465/423
f 427/465/423 430/468/426 433/467/425
f 428/466/424 433/467/425 440/469/427
f 428/466/424 439/470/428 429/471/429
f 428/466/424 440/469/427 439/470/428
f 429/471/429 426/460/418 428/466/424
f 431/464/422 434/472/430 430/468/426
f 434/472/430 431/464/422 425/459/417
f 430/468/426 432/435/395 433/467/425
f 432/435/395 430/468/426 398/436/396
f 430/468/426 434/472/430 398/436/396
f 425/459/417 435/461/419 442/450/409
f 433/467/425 432/435/395 441/421/386
f 440/469/427 433/467/425 441/421/386
f 442/450/409 434/472/430 425/459/417
f 401/473/431 434/472/430 442/450/409
f 434/472/430 401/473/431 398/436/396
f 435/461/419 429/471/429 436/474/432
f 436/474/432 429/471/429 439/470/428
f 426/460/418 429/471/429 435/461/419
f 490/463/421 437/475/433 491/439/399
f 442/450/409 419/449/408 401/473/431
f 443/476/434 435/461/419 436/474/432
f 436/474/432 438/427/390 412/428/391
f 436/474/432 439/470/428 438/427/390
f 443/476/434 436/474/432 412/428/391
f 438/427/390 439/470/428 440/469/427
f 441/421/386 438/427/390 440/469/427
f 442/450/409 443/476/434 402/448/407
f 412/428/391 402/448/407 443/476/434
f 435/461/419 443/476/434 442/450/409
usemtl mustache_v3
f 395/477/387 412/478/391 411/479/375
f 404/480/435 412/478/391 395/477/387
f 395/477/387 408/481/389 404/480/435
f 404/480/435 402/482/407 412/478/391
f 397/483/394 398/484/396 396/485/436
f 398/484/396 397/483/394 393/486/381
f 398/484/396 401/487/431 396/485/436
f 396/485/436 444/488/392 397/483/394
f 414/489/397 396/485/436 399/490/437
f 399/490/437 396/485/436 401/487/431
f 400/491/413 404/480/435 408/481/389
f 399/490/437 401/487/431 419/492/408
f 419/493/408 402/482/407 403/494/438
f 402/482/407 404/480/435 403/494/438
f 403/494/438 404/480/435 400/491/413
f 424/440/400 414/437/397 399/495/437
f 399/495/437 403/496/438 424/440/400
f 403/496/438 400/455/413 424/440/400
f 419/449/408 403/496/438 399/495/437
f 444/430/392 396/497/436 414/437/397
usemtl sideburns_v3
f 405/498/398 418/499/403 407/500/393
f 407/500/393 444/501/392 405/498/398
f 406/502/377 407/500/393 472/503/406
f 418/499/403 472/503/406 407/500/393
f 422/504/412 408/505/389 409/506/388
f 409/506/388 421/507/410 422/504/412
f 421/507/410 409/506/388 474/508/416
f 474/508/416 409/506/388 449/509/384
usemtl hair_v3
f 449/454/384 445/510/439 461/511/440
f 406/444/377 446/512/441 448/513/442
f 406/444/377 472/447/406 454/514/443
f 406/444/377 454/514/443 446/512/441
f 470/515/444 446/512/441 465/516/445
f 454/514/443 447/517/446 446/512/441
f 446/512/441 447/517/446 465/516/445
f 470/515/444 448/513/442 446/512/441
f 458/518/447 445/510/439 450/519/448
f 445/510/439 449/454/384 450/519/448
f 445/510/439 456/520/449 461/511/440
f 445/510/439 458/518/447 457/521/450
f 456/520/449 445/510/439 457/521/450
f 451/522/451 461/511/440 456/520/449
f 474/458/416 449/454/384 461/511/440
f 452/523/452 455/524/453 453/525/454
f 455/524/453 452/523/452 464/526/455
f 452/523/452 454/514/443 464/526/455
f 447/517/446 454/514/443 452/523/452
f 453/525/454 447/517/446 452/523/452
f 460/527/456 451/522/451 455/524/453
f 463/528/457 455/524/453 464/526/455
f 463/528/457 460/527/456 455/524/453
f 451/522/451 453/525/454 455/524/453
f 451/522/451 456/520/449 453/525/454
f 453/525/454 466/529/458 468/530/459
f 447/517/446 453/525/454 468/530/459
f 460/527/456 461/511/440 451/522/451
f 456/520/449 457/521/450 467/531/460
f 456/520/449 467/531/460 453/525/454
f 457/521/450 458/518/447 469/532/461
f 458/518/447 459/533/462 469/532/461
f 460/527/456 462/534/463 473/535/464
f 461/511/440 460/527/456 473/535/464
f 462/534/463 460/527/456 463/528/457
f 463/528/457 464/526/455 477/536/465
f 471/537/466 463/528/457 477/536/465
f 471/537/466 462/534/463 463/528/457
f 478/538/467 477/536/465 464/526/455
f 478/538/467 464/526/455 454/514/443
f 469/532/461 465/516/445 466/529/458
f 465/516/445 468/530/459 466/529/458
f 467/531/460 457/521/450 466/529/458
f 457/521/450 469/532/461 466/529/458
f 453/525/454 467/531/460 466/529/458
f 447/517/446 468/530/459 465/516/445
f 465/516/445 469/532/461 470/515/444
f 469/532/461 459/533/462 470/515/444
f 482/539/468 476/540/469 471/537/466
f 478/538/467 454/514/443 472/447/406
f 476/540/469 462/534/463 471/537/466
f 473/535/464 462/534/463 476/540/469
f 461/511/440 473/535/464 474/458/416
f 475/457/415 473/535/464 476/540/469
f 473/535/464 475/457/415 474/458/416
f 482/539/468 477/536/465 478/538/467
f 479/445/404 478/538/467 472/447/406
f 482/539/468 478/538/467 479/445/404
f 482/539/468 471/537/466 477/536/465
f 437/475/433 481/541/470 492/542/471
f 437/475/433 476/540/469 482/539/468
f 482/539/468 479/445/404 480/442/402
f 437/475/433 482/539/468 481/541/470
f 486/543/472 482/539/468 480/442/402
f 486/543/472 481/541/470 482/539/468
f 437/475/433 485/544/473 476/540/469
f 488/462/420 475/457/415 476/540/469
f 485/544/473 483/545/474 476/540/469
f 488/462/420 476/540/469 483/545/474
f 437/475/433 490/463/421 484/546/475
f 492/542/471 491/439/399 437/475/433
f 484/546/475 485/544/473 437/475/433
f 485/544/473 487/547/476 483/545/474
f 484/546/475 487/547/476 485/544/473
f 481/541/470 493/548/477 492/542/471
f 486/543/472 493/548/477 481/541/470
f 487/547/476 489/549/478 483/545/474
f 489/549/478 487/547/476 484/546/475
f 483/545/474 489/549/478 488/462/420
f 490/463/421 488/462/420 489/549/478
f 489/549/478 484/546/475 490/463/421
f 494/550/479 480/442/402 491/439/399
f 480/442/402 494/550/479 486/543/472
f 491/439/399 492/542/471 494/550/479
f 492/542/471 493/548/477 494/550/479
f 494/550/479 493/548/477 486/543/472
o skinned.016_skinnned-mesh.016
v 7.937229 0.296100 0.272600
v 7.730431 0.145700 0.470000
v 7.927830 0.282000 0.173900
v 7.993629 0.084600 0.183300
v 7.735130 0.230300 0.211500
v 8.031231 0.112800 0.338400
v 7.420231 0.089300 0.126900
v 7.396729 0.202100 0.329000
v 7.377930 -0.032900 0.493500
v 7.321529 0.018800 0.169200
v 7.462532 -0.173900 0.244400
v 7.462532 -0.263200 0.427700
v 7.288631 0.141000 0.333700
v 7.373230 -0.202100 0.263200
v 7.429630 -0.230300 0.225600
v 7.786831 -0.267900 0.197400
v 7.786831 -0.075200 0.244400
v 7.758629 -0.126900 0.418300
v 7.725731 -0.131600 0.145700
v 7.692829 -0.000000 0.202100
v 7.580029 -0.206800 0.418300
v 7.490730 0.145700 0.178600
v 7.561230 -0.220900 0.202100
v 7.486031 -0.051700 0.164500
v 7.697529 0.371300 0.277300
v 7.298031 -0.028200 0.220900
v 7.274529 0.056400 0.338400
v 7.340332 -0.061100 0.451200
v 7.396729 -0.225600 0.404200
v 7.354431 0.117500 0.329000
v 7.420231 -0.023500 0.451200
v 7.373230 0.023500 0.197400
v 7.490730 -0.197400 0.399500
v 7.490730 0.028200 0.502900
vt 0.000000 1.000000
vt 0.000000 1.000000
vt 0.000000 1.000000
vt 0.000000 1.000000
vt 0.000000 1.000000
vt 0.000000 1.000000
vt 0.000000 1.000000
vt 0.000000 1.000000
vt 0.000000 1.000000
vt 0.000000 1.000000
vt 0.000000 1.000000
vt 0.000000 1.000000
vt 0.000000 1.000000
vt 0.000000 1.000000
vt 0.000000 1.000000
vt 0.000000 1.000000
vt 0.000000 1.000000
vt 0.000000 1.000000
vt 0.000000 1.000000
vt 0.000000 1.000000
vt 0.000000 1.000000
vt 0.000000 1.000000
vt 0.000000 1.000000
vt 0.000000 1.000000
vt 0.000000 1.000000
vt 0.000000 1.000000
vt 0.000000 1.000000
vt 0.000000 1.000000
vt 0.000000 1.000000
vt 0.000000 1.000000
vt 0.000000 1.000000
vt 0.000000 1.000000
vt 0.000000 1.000000
vt 0.000000 1.000000
vn 0.6020 0.7517 0.2695
vn -0.1279 0.9899 -0.0619
vn 0.1582 0.3134 0.9364
vn 0.9108 -0.0671 0.4073
vn -0.0798 0.1753 -0.9813
vn 0.3984 0.5096 -0.7626
vn 0.6303 -0.3133 -0.7103
vn 0.5258 -0.4952 0.6916
vn 0.4346 -0.6929 0.5754
vn -0.0110 -0.7640 0.6451
vn -0.2684 0.1044 0.9576
vn -0.3166 -0.7767 -0.5446
vn 0.1290 -0.6158 -0.7772
vn -0.2570 -0.2343 -0.9376
vn -0.3970 0.8975 0.1921
vn -0.6607 0.7280 0.1833
vn -0.2946 0.2399 -0.9250
vn -0.7607 -0.6046 -0.2363
vn -0.7004 -0.6326 0.3306
vn -0.8227 -0.2380 0.5162
vn 0.5851 0.4068 0.7015
vn 0.9205 -0.2759 0.2767
vn 0.3364 0.9417 0.0004
vn 0.3922 0.4710 -0.7901
vn 0.7795 -0.2721 -0.5642
vn -0.6928 -0.1260 0.7101
vn -0.5563 -0.7498 0.3582
vn -0.9768 0.1701 0.1301
vn -0.9842 -0.0005 0.1771
vn -0.8724 -0.0969 -0.4791
vn -0.5936 -0.7262 -0.3468
vn 0.5917 -0.7263 -0.3499
vn 0.3572 0.0238 -0.9337
vn 0.7895 -0.2288 -0.5696
vn -0.0863 0.5145 -0.8531
vn 0.4059 0.2269 -0.8853
vn -0.9054 -0.2666 -0.3305
vn -0.2497 0.2237 -0.9421
vn 0.0457 0.2157 0.9754
usemtl gloves_v3
s 1
f 495/551/480 519/552/481 496/553/482
f 500/554/483 495/551/480 496/553/482
f 499/555/484 497/556/485 498/557/486
f 498/557/486 500/554/483 512/558/487
f 519/552/481 495/551/480 497/556/485
f 497/556/485 499/555/484 519/552/481
f 497/556/485 500/554/483 498/557/486
f 527/559/488 515/560/489 528/561/490
f 527/559/488 517/562/491 515/560/489
f 505/563/492 518/564/493 517/562/491
f 524/565/494 502/566/495 501/567/496
f 524/565/494 528/561/490 502/566/495
f 508/568/497 523/569/498 522/570/499
f 503/571/500 506/572/501 527/559/488
f 524/565/494 507/573/502 503/571/500
f 504/574/503 507/573/502 524/565/494
f 505/563/492 509/575/504 504/574/503
f 527/559/488 506/572/501 509/575/504
f 503/571/505 523/569/498 506/572/506
f 507/573/507 521/576/508 503/571/505
f 504/574/509 521/576/508 507/573/507
f 509/575/510 508/568/497 504/574/509
f 506/572/506 523/569/498 509/575/510
f 528/561/490 519/552/481 502/566/495
f 515/560/489 512/558/487 528/561/490
f 510/577/511 512/558/487 515/560/489
f 513/578/512 511/579/513 510/577/511
f 502/566/495 516/580/514 501/567/496
f 512/558/487 500/554/483 496/553/482
f 511/579/513 498/557/486 512/558/487
f 514/581/515 499/555/484 511/579/513
f 495/551/480 500/554/483 497/556/485
f 513/578/512 516/580/514 514/581/515
f 518/564/493 501/567/496 516/580/514
f 516/580/514 499/555/484 514/581/515
f 510/577/511 517/562/491 513/578/512
f 513/578/512 518/564/493 516/580/514
f 515/560/489 517/562/491 510/577/511
f 510/577/511 511/579/513 512/558/487
f 519/552/481 499/555/484 516/580/514
f 516/580/514 502/566/495 519/552/481
f 499/555/484 498/557/486 511/579/513
f 517/562/491 518/564/493 513/578/512
f 513/578/512 514/581/515 511/579/513
f 512/558/487 496/553/482 528/561/490
f 528/561/490 496/553/482 519/552/481
f 523/569/498 508/568/497 509/575/510
f 508/568/497 520/582/516 504/574/509
f 504/574/509 520/582/516 521/576/508
f 521/576/508 522/570/499 503/571/505
f 503/571/505 522/570/499 523/569/498
f 509/575/504 505/563/492 527/559/488
f 504/574/503 526/583/517 505/563/492
f 524/565/494 526/583/517 504/574/503
f 503/571/500 525/584/518 524/565/494
f 527/559/488 525/584/518 503/571/500
f 522/570/499 520/582/516 508/568/497
f 522/570/499 521/576/508 520/582/516
f 524/565/494 525/584/518 528/561/490
f 501/567/496 526/583/517 524/565/494
f 505/563/492 526/583/517 518/564/493
f 526/583/517 501/567/496 518/564/493
f 527/559/488 505/563/492 517/562/491
f 528/561/490 525/584/518 527/559/488
o skinned.020_skinnned-mesh.020
v 11.349291 0.277300 -0.230300
v 11.170691 -0.136300 -0.432400
v 11.353991 0.286700 -0.329000
v 11.161287 0.230300 -0.253800
v 11.438589 0.098700 -0.376000
v 10.780588 0.122200 -0.343100
v 10.818190 -0.225600 -0.385400
v 10.855791 -0.216200 -0.216200
v 10.883989 -0.263200 -0.413600
v 10.724188 0.145700 -0.347800
v 11.123690 0.366600 -0.329000
v 10.992090 -0.211500 -0.413600
v 11.147188 0.126900 -0.502900
v 11.405687 0.084600 -0.225600
v 11.203588 -0.070500 -0.267900
v 11.118990 0.004700 -0.220900
v 10.982691 -0.211500 -0.197400
v 11.147188 -0.117500 -0.159800
v 11.203588 -0.258500 -0.202100
v 10.926291 0.155100 -0.202100
v 10.827589 0.202100 -0.347800
v 10.907488 0.014100 -0.512300
v 10.799391 -0.188000 -0.249100
v 10.710089 0.061100 -0.343100
v 10.799391 -0.042300 -0.493500
v 10.766489 -0.065800 -0.441800
v 10.761789 0.037600 -0.173900
v 10.733591 -0.014100 -0.220900
v 10.841688 -0.028200 -0.451200
v 10.860491 0.108100 -0.145700
v 10.916887 -0.037600 -0.169200
v 10.808790 0.037600 -0.206800
v 10.888689 -0.159800 -0.239700
v 10.907488 -0.197400 -0.390100
vt 0.000000 1.000000
vt 0.000000 1.000000
vt 0.000000 1.000000
vt 0.000000 1.000000
vt 0.000000 1.000000
vt 0.000000 1.000000
vt 0.000000 1.000000
vt 0.000000 1.000000
vt 0.000000 1.000000
vt 0.000000 1.000000
vt 0.000000 1.000000
vt 0.000000 1.000000
vt 0.000000 1.000000
vt 0.000000 1.000000
vt 0.000000 1.000000
vt 0.000000 1.000000
vt 0.000000 1.000000
vt 0.000000 1.000000
vt 0.000000 1.000000
vt 0.000000 1.000000
vt 0.000000 1.000000
vt 0.000000 1.000000
vt 0.000000 1.000000
vt 0.000000 1.000000
vt 0.000000 1.000000
vt 0.000000 1.000000
vt 0.000000 1.000000
vt 0.000000 1.000000
vt 0.000000 1.000000
vt 0.000000 1.000000
vt 0.000000 1.000000
vt 0.000000 1.000000
vt 0.000000 1.000000
vt 0.000000 1.000000
vn 0.1301 0.2306 -0.9643
vn -0.1062 0.9942 -0.0144
vn 0.6117 0.7109 -0.3471
vn 0.9018 -0.1252 -0.4136
vn 0.6413 -0.2719 0.7174
vn 0.4468 0.5478 0.7073
vn -0.0243 0.2583 0.9658
vn 0.4879 -0.5609 -0.6689
vn -0.3258 0.0237 -0.9452
vn -0.0718 -0.8122 -0.5789
vn 0.4320 -0.7323 -0.5264
vn -0.3156 -0.7252 0.6119
vn -0.2333 -0.1469 0.9613
vn 0.1088 -0.5536 0.8257
vn -0.2371 0.3334 0.9125
vn -0.6449 0.7388 -0.1956
vn -0.3238 0.9135 -0.2462
vn -0.8707 -0.2711 -0.4104
vn -0.7191 -0.6553 -0.2312
vn -0.7686 -0.5477 0.3307
vn 0.9360 -0.2433 -0.2545
vn 0.6007 0.3331 -0.7267
vn 0.3899 0.9150 -0.1035
vn 0.4842 0.5183 0.7049
vn 0.8075 -0.2417 0.5381
vn -0.5670 -0.7671 -0.3001
vn -0.7699 -0.1954 -0.6075
vn -0.9919 0.0006 -0.1271
vn -0.9827 0.1584 -0.0963
vn -0.8534 -0.0199 0.5210
vn -0.5805 -0.6910 0.4307
vn 0.5999 -0.7030 0.3820
vn 0.8154 -0.2064 0.5408
vn 0.4149 0.0925 0.9051
vn -0.0258 0.5813 0.8133
vn 0.4814 0.2824 0.8298
vn -0.9007 -0.1996 0.3858
vn -0.1734 0.3191 0.9317
vn -0.0058 0.1344 -0.9909
usemtl gloves_v3
s 1
f 541/585/519 539/586/520 531/587/521
f 541/585/519 531/587/521 533/588/522
f 542/589/523 529/590/524 532/591/525
f 530/592/526 533/588/522 542/589/523
f 529/590/524 531/587/521 539/586/520
f 539/586/520 532/591/525 529/590/524
f 542/589/523 533/588/522 529/590/524
f 550/593/527 540/594/528 562/595/529
f 540/594/528 545/596/530 562/595/529
f 545/596/530 559/597/531 561/598/532
f 558/599/533 549/600/534 534/601/535
f 549/600/534 550/593/527 534/601/535
f 554/602/536 535/603/537 551/604/538
f 562/595/529 537/605/539 553/606/540
f 553/606/540 538/607/541 534/601/535
f 534/601/535 538/607/541 555/608/542
f 555/608/542 536/609/543 561/598/532
f 536/609/543 537/605/539 562/595/529
f 537/605/544 535/603/537 553/606/545
f 553/606/545 552/610/546 538/607/547
f 538/607/547 552/610/546 555/608/548
f 555/608/548 551/604/538 536/609/549
f 536/609/549 535/603/537 537/605/544
f 549/600/534 539/586/520 550/593/527
f 550/593/527 530/592/526 540/594/528
f 540/594/528 530/592/526 547/611/550
f 547/611/550 543/612/551 546/613/552
f 558/599/533 548/614/553 549/600/534
f 541/585/519 533/588/522 530/592/526
f 530/592/526 542/589/523 543/612/551
f 543/612/551 532/591/525 544/615/554
f 529/590/524 533/588/522 531/587/521
f 544/615/554 548/614/553 546/613/552
f 548/614/553 558/599/533 559/597/531
f 544/615/554 532/591/525 548/614/553
f 546/613/552 545/596/530 547/611/550
f 548/614/553 559/597/531 546/613/552
f 547/611/550 545/596/530 540/594/528
f 530/592/526 543/612/551 547/611/550
f 548/614/553 532/591/525 539/586/520
f 539/586/520 549/600/534 548/614/553
f 543/612/551 542/589/523 532/591/525
f 546/613/552 559/597/531 545/596/530
f 543/612/551 544/615/554 546/613/552
f 550/593/527 541/585/519 530/592/526
f 539/586/520 541/585/519 550/593/527
f 536/609/549 551/604/538 535/603/537
f 555/608/548 556/616/555 551/604/538
f 552/610/546 556/616/555 555/608/548
f 553/606/545 554/602/536 552/610/546
f 535/603/537 554/602/536 553/606/545
f 562/595/529 561/598/532 536/609/543
f 561/598/532 560/617/556 555/608/542
f 555/608/542 560/617/556 534/601/535
f 534/601/535 557/618/557 553/606/540
f 553/606/540 557/618/557 562/595/529
f 551/604/538 556/616/555 554/602/536
f 556/616/555 552/610/546 554/602/536
f 550/593/527 557/618/557 534/601/535
f 534/601/535 560/617/556 558/599/533
f 559/597/531 560/617/556 561/598/532
f 559/597/531 558/599/533 560/617/556
f 545/596/530 561/598/532 562/595/529
f 562/595/529 557/618/557 550/593/527
o skinned.021_skinnned-mesh.021
v 13.728907 -0.103400 -0.465300
v 13.794703 -0.277300 -0.371300
v 13.766504 -0.211500 -0.220900
v 14.180101 -0.206800 -0.188000
v 13.978006 -0.183300 -0.126900
v 13.766504 0.051700 -0.197400
v 14.029703 0.329000 -0.366600
v 13.804102 0.225600 -0.380700
v 14.189501 -0.061100 -0.126900
v 13.982706 0.183300 -0.159800
v 13.747705 0.131600 -0.371300
v 13.879305 -0.324300 -0.385400
v 13.775904 -0.070500 -0.526400
v 13.663103 0.155100 -0.385400
v 13.667803 -0.004700 -0.216200
v 14.485605 -0.014100 -0.258500
v 13.921602 -0.014100 -0.545200
v 13.832308 -0.051700 -0.474700
v 13.851107 0.094000 -0.178600
v 13.916903 -0.249100 -0.371300
v 14.546701 -0.108100 -0.451200
v 14.527903 0.018800 -0.423000
v 14.161303 0.235000 -0.404200
v 14.184801 0.037600 -0.531100
v 14.358706 0.347800 -0.385400
v 14.452707 0.230300 -0.408900
v 14.208307 -0.150400 -0.455900
v 14.161303 0.178600 -0.258500
v 14.227106 0.000000 -0.235000
v 14.419802 0.202100 -0.253800
v 14.495005 -0.117500 -0.272600
v 14.241205 -0.183300 -0.300800
v 14.260004 0.032900 -0.357200
v 14.344606 0.291400 -0.272600
v 13.874605 -0.183300 -0.202100
v 13.649004 0.065800 -0.371300
v 13.696001 0.061100 -0.169200
v 13.837008 -0.230300 -0.173900
v 14.029703 -0.267900 -0.394800
vt 0.000000 1.000000
vt 0.000000 1.000000
vt 0.000000 1.000000
vt 0.000000 1.000000
vt 0.000000 1.000000
vt 0.000000 1.000000
vt 0.000000 1.000000
vt 0.000000 1.000000
vt 0.000000 1.000000
vt 0.000000 1.000000
vt 0.000000 1.000000
vt 0.000000 1.000000
vt 0.000000 1.000000
vt 0.000000 1.000000
vt 0.000000 1.000000
vt 0.000000 1.000000
vt 0.000000 1.000000
vt 0.000000 1.000000
vt 0.000000 1.000000
vt 0.000000 1.000000
vt 0.000000 1.000000
vt 0.000000 1.000000
vt 0.000000 1.000000
vt 0.000000 1.000000
vt 0.000000 1.000000
vt 0.000000 1.000000
vt 0.000000 1.000000
vt 0.000000 1.000000
vt 0.000000 1.000000
vt 0.000000 1.000000
vt 0.000000 1.000000
vt 0.000000 1.000000
vt 0.000000 1.000000
vt 0.000000 1.000000
vt 0.000000 1.000000
vt 0.000000 1.000000
vt 0.000000 1.000000
vt 0.000000 1.000000
vt 0.000000 1.000000
vn -0.9058 -0.2027 0.3721
vn -0.9762 -0.0398 -0.2132
vn -0.7954 -0.3790 -0.4730
vn -0.7275 -0.5645 0.3900
vn -0.6663 -0.7168 -0.2056
vn 0.4822 -0.7091 0.5145
vn 0.5658 0.0214 0.8243
vn -0.1963 -0.5351 0.8216
vn 0.1775 -0.4632 0.8683
vn -0.4310 0.3591 0.8278
vn -0.0710 0.5654 0.8218
vn 0.0406 0.5349 0.8439
vn 0.0247 -0.9298 -0.3673
vn 0.0540 0.9867 -0.1532
vn -0.6381 0.7331 -0.2356
vn 0.2065 0.6202 0.7568
vn -0.2585 -0.0519 -0.9646
vn 0.4039 -0.8450 -0.3504
vn -0.3075 0.8990 -0.3118
vn 0.3028 -0.9065 -0.2943
vn -0.0486 0.0222 -0.9986
vn -0.4821 0.8228 -0.3010
vn 0.0277 0.0331 -0.9991
vn -0.3457 0.4677 0.8135
vn 0.1478 -0.5534 0.8197
vn 0.5217 -0.8294 0.1996
vn 0.0137 0.8816 -0.4718
vn 0.0571 0.0824 -0.9950
vn 0.9370 0.3485 0.0246
vn 0.8629 0.3789 0.3343
vn 0.0978 0.9666 0.2368
vn 0.2039 -0.6944 -0.6901
vn 0.9603 0.0714 0.2696
vn 0.9609 0.0837 0.2638
vn 0.5765 -0.1062 0.8102
vn 0.5579 -0.0621 0.8276
vn -0.4814 0.8110 0.3325
vn 0.7384 0.5940 0.3193
vn 0.7616 0.5366 0.3635
vn 0.7361 0.5990 0.3153
vn 0.0485 0.4022 -0.9143
vn 0.1834 0.3318 -0.9253
vn 0.0886 0.9847 0.1499
vn 0.8818 0.2879 -0.3736
vn 0.3034 0.2493 -0.9197
vn 0.2353 0.0522 -0.9705
vn 0.7201 -0.6935 0.0219
vn 0.7020 -0.7072 -0.0839
vn 0.1646 -0.9830 -0.0811
vn 0.1242 -0.9921 -0.0163
vn 0.6187 0.0679 0.7827
vn -0.0319 0.1534 0.9876
vn -0.0341 0.1783 0.9834
vn -0.4722 0.8106 0.3463
vn 0.7081 0.6529 0.2689
usemtl gloves_v3
s 1
f 577/619/558 598/620/559 563/621/560
f 565/622/561 577/619/558 563/621/560
f 563/621/560 564/623/562 565/622/561
f 566/624/563 571/625/564 567/626/565
f 597/627/566 567/626/565 581/628/567
f 567/626/565 571/625/564 572/629/568
f 567/626/565 572/629/568 581/628/567
f 568/630/569 597/627/566 581/628/567
f 567/626/565 601/631/570 566/624/563
f 572/629/568 569/632/571 570/633/572
f 571/625/564 590/634/573 572/629/568
f 572/629/568 570/633/572 581/628/567
f 579/635/574 601/631/570 582/636/575
f 601/631/570 567/626/565 582/636/575
f 581/628/567 570/633/572 573/637/576
f 570/633/572 579/635/574 573/637/576
f 574/638/577 564/623/562 563/621/560
f 574/638/577 563/621/560 575/639/578
f 576/640/579 573/637/576 580/641/580
f 576/640/579 580/641/580 575/639/578
f 576/640/579 598/620/559 577/619/558
f 576/640/579 577/619/558 599/642/581
f 599/642/581 577/619/558 565/622/561
f 599/642/581 565/622/561 600/643/582
f 600/643/582 565/622/561 564/623/562
f 600/643/582 564/623/562 574/638/577
f 570/633/572 569/632/571 579/635/574
f 594/644/583 566/624/563 601/631/570
f 569/632/571 585/645/584 586/646/585
f 595/647/586 591/648/587 578/649/588
f 572/629/568 590/634/573 569/632/571
f 601/631/570 579/635/574 589/650/589
f 569/632/571 586/646/585 579/635/574
f 579/635/574 580/641/580 573/637/576
f 573/637/576 568/630/569 581/628/567
f 567/626/565 597/627/566 582/636/575
f 582/636/575 580/641/580 579/635/574
f 583/651/590 584/652/591 578/649/592
f 583/651/590 578/649/592 593/653/593
f 585/645/584 590/634/573 587/654/594
f 588/655/595 587/654/596 596/656/597
f 587/654/598 586/646/585 585/645/584
f 586/646/585 587/654/598 588/655/599
f 584/652/600 586/646/601 595/647/586
f 586/646/585 584/652/602 583/651/603
f 569/632/571 590/634/573 585/645/584
f 592/657/604 595/647/586 588/655/605
f 579/635/574 586/646/585 589/650/589
f 566/624/563 594/644/583 571/625/564
f 589/650/589 593/653/606 594/644/583
f 593/653/606 589/650/589 583/651/607
f 594/644/583 578/649/592 591/648/608
f 592/657/609 596/656/610 590/634/573
f 590/634/573 591/648/608 592/657/609
f 594/644/583 593/653/593 578/649/592
f 591/648/608 590/634/573 571/625/564
f 594/644/583 591/648/608 571/625/564
f 588/655/605 595/647/586 586/646/601
f 583/651/603 589/650/589 586/646/585
f 590/634/573 596/656/611 587/654/594
f 592/657/604 591/648/587 595/647/586
f 595/647/586 578/649/588 584/652/600
f 596/656/597 592/657/612 588/655/595
f 574/638/577 582/636/575 597/627/566
f 574/638/577 597/627/566 600/643/582
f 575/639/578 580/641/580 582/636/575
f 575/639/578 582/636/575 574/638/577
f 575/639/578 563/621/560 598/620/559
f 575/639/578 598/620/559 576/640/579
f 599/642/581 568/630/569 573/637/576
f 599/642/581 573/637/576 576/640/579
f 600/643/582 597/627/566 568/630/569
f 600/643/582 568/630/569 599/642/581
f 594/644/583 601/631/570 589/650/589
o skinned.022_skinnned-mesh.022
v 17.269403 -0.136300 -0.526400
v 17.095507 -0.291400 -0.206800
v 17.264704 -0.629800 0.051700
v 17.621904 -0.385400 -0.408900
v 17.476206 -0.836600 -0.056400
v 17.617205 -0.831900 0.277300
v 17.518503 0.258500 0.324300
v 17.133104 0.004700 -0.183300
v 17.382204 0.173900 -0.376000
v 17.626604 0.423000 0.032900
v 16.978006 0.183300 -0.122200
v 17.668901 0.004700 -0.380700
v 17.072008 -0.296100 -0.112800
v 16.902803 -0.432400 -0.169200
v 16.851107 -0.108100 -0.216200
v 17.302301 -0.479400 -0.423000
v 17.922701 0.089300 0.230300
v 17.838106 -0.615700 0.178600
v 18.049601 -0.540500 0.512300
v 18.106005 -0.075200 0.549900
v 17.838106 -0.042300 0.700300
v 17.781702 -0.535800 0.662700
v 17.758204 0.333700 0.361900
v 16.902803 0.244400 -0.211500
v 16.902803 -0.014100 -0.145700
v 17.039103 0.333700 -0.371300
v 17.020304 0.206800 -0.164500
v 16.818201 0.235000 -0.385400
v 16.771204 0.065800 -0.206800
v 16.757105 0.145700 -0.371300
v 17.250605 -0.164500 -0.366600
v 16.874605 -0.164500 -0.206800
v 16.827608 -0.220900 -0.178600
v 16.841707 -0.042300 -0.474700
v 17.025003 -0.249100 -0.385400
v 16.912203 -0.230300 -0.371300
v 16.879305 -0.305500 -0.390100
v 16.785303 -0.061100 -0.521700
v 16.931002 -0.004700 -0.540500
v 17.119005 -0.197400 -0.065800
v 17.213007 -0.084600 -0.126900
v 17.029703 0.004700 -0.065800
v 16.677202 0.173900 -0.390100
v 16.705408 0.075200 -0.178600
v 16.696001 -0.103400 -0.338400
v 17.217707 0.136300 -0.258500
v 17.166002 0.094000 -0.521700
v 17.166002 0.023500 -0.126900
v 17.109606 0.004700 -0.089300
v 17.410402 -0.690900 0.258500
v 17.372805 0.258500 0.112800
v 17.570208 -0.653300 0.465300
v 17.668901 0.150400 0.521700
vt 0.000000 1.000000
vt 0.000000 1.000000
vt 0.000000 1.000000
vt 0.000000 1.000000
vt 0.000000 1.000000
vt 0.000000 1.000000
vt 0.000000 1.000000
vt 0.000000 1.000000
vt 0.000000 1.000000
vt 0.000000 1.000000
vt 0.000000 1.000000
vt 0.000000 1.000000
vt 0.000000 1.000000
vt 0.000000 1.000000
vt 0.000000 1.000000
vt 0.000000 1.000000
vt 0.000000 1.000000
vt 0.000000 1.000000
vt 0.000000 1.000000
vt 0.000000 1.000000
vt 0.000000 1.000000
vt 0.000000 1.000000
vt 0.000000 1.000000
vt 0.000000 1.000000
vt 0.000000 1.000000
vt 1.078125 0.777344
vt 0.462891 0.968750
vt 0.753906 0.201172
vt 0.191406 0.218750
vt -0.144531 0.816406
vt 0.000000 1.000000
vt 0.000000 1.000000
vt 0.000000 1.000000
vt 0.000000 1.000000
vt 0.000000 1.000000
vt 0.000000 1.000000
vt 0.000000 1.000000
vt 0.000000 1.000000
vt 0.000000 1.000000
vt 0.000000 1.000000
vt 0.000000 1.000000
vt 0.000000 1.000000
vt 0.000000 1.000000
vt 0.000000 1.000000
vt 0.000000 1.000000
vt 0.000000 1.000000
vt 0.000000 1.000000
vt 0.000000 1.000000
vt 0.000000 1.000000
vt 0.000000 1.000000
vt 0.000000 1.000000
vt 0.000000 1.000000
vt 0.000000 1.000000
vt 0.000000 1.000000
vt 0.000000 1.000000
vt 0.000000 1.000000
vt 0.000000 1.000000
vt 0.000000 1.000000
vn -0.0607 0.4956 0.8664
vn -0.5003 -0.0525 0.8643
vn -0.3952 0.7014 0.5931
vn -0.6174 0.6990 -0.3609
vn -0.1212 0.1511 0.9810
vn 0.1616 0.6388 0.7522
vn 0.1856 0.9554 -0.2296
vn -0.2721 0.9067 -0.3222
vn -0.2022 -0.0886 -0.9753
vn 0.3663 0.6312 0.6837
vn 0.1276 -0.5016 0.8556
vn 0.1976 -0.6124 0.7655
vn 0.0347 -0.0055 -0.9994
vn 0.5709 0.2478 -0.7827
vn 0.3653 0.9126 -0.1837
vn 0.7954 -0.5090 -0.3289
vn 0.8111 -0.0560 0.5822
vn 0.4795 -0.8165 -0.3216
vn 0.6835 -0.2145 0.6977
vn 0.0514 -0.9155 -0.3990
vn 0.9171 -0.3566 -0.1784
vn -0.7914 -0.5631 0.2377
vn -0.9192 -0.3887 -0.0638
vn -0.7512 -0.6409 -0.1581
vn 0.5358 0.3507 0.7680
vn 0.5407 0.2203 -0.8118
vn -0.8123 -0.3396 -0.4741
vn -0.9847 -0.0941 -0.1469
vn -0.9549 -0.1684 0.2445
vn 0.8493 0.4797 0.2206
vn -0.2243 0.7283 -0.6475
vn -0.3918 0.1140 -0.9130
vn -0.3623 0.5057 -0.7830
vn -0.4544 -0.2899 -0.8423
vn -0.3760 -0.5570 -0.7405
vn 0.0850 -0.3636 -0.9277
vn -0.8199 -0.5430 0.1814
vn -0.5470 0.0610 0.8349
vn -0.4049 0.1281 0.9053
vn -0.0737 -0.9466 -0.3140
vn -0.7336 -0.4464 0.5125
vn 0.7918 -0.4723 -0.3873
vn 0.5810 -0.3087 -0.7531
vn 0.0638 -0.9756 0.2100
vn -0.5820 -0.4000 0.7080
vn -0.6332 0.5264 0.5674
vn 0.2998 0.8891 0.3458
vn 0.1587 0.9713 -0.1773
vn -0.7230 0.6096 0.3251
vn -0.4349 -0.1571 0.8867
vn -0.5370 -0.0483 0.8422
vn 0.1846 0.4578 -0.8697
vn -0.4752 0.4249 0.7704
vn 0.0075 0.0766 -0.9970
vn 0.6512 0.2652 -0.7110
vn -0.4053 -0.0204 0.9139
vn 0.8871 0.3215 -0.3313
vn 0.9310 0.2141 0.2955
vn 0.8546 -0.4623 0.2366
vn -0.0354 0.2628 0.9642
vn -0.0951 -0.3886 0.9165
usemtl gloves_v3
s 1
f 630/658/613 626/659/614 625/660/615
f 625/660/615 629/661/616 630/658/613
f 625/660/615 626/659/614 643/662/617
f 625/660/615 628/663/618 627/664/619
f 627/664/619 629/661/616 625/660/615
f 628/663/618 625/660/615 643/662/617
f 629/661/616 631/665/620 630/658/613
f 629/661/616 627/664/619 640/666/621
f 629/661/616 640/666/621 631/665/620
f 645/667/622 630/658/613 631/665/620
f 633/668/623 630/658/613 645/667/622
f 626/659/614 630/658/613 633/668/623
f 641/669/624 626/659/614 633/668/623
f 641/669/624 643/662/617 626/659/614
f 631/665/620 635/670/625 639/671/626
f 640/666/621 635/670/625 631/665/620
f 639/671/626 644/672/627 631/665/620
f 631/665/620 644/672/627 645/667/622
f 632/673/628 642/674/629 641/669/624
f 637/675/630 633/668/623 634/676/631
f 633/668/623 637/675/630 636/677/632
f 636/677/632 641/669/624 633/668/623
f 645/667/622 634/676/631 633/668/623
f 639/671/626 635/670/625 637/675/630
f 637/675/630 635/670/625 640/666/621
f 640/666/621 636/677/632 637/675/630
f 634/676/631 638/678/633 637/675/630
f 637/675/630 638/678/633 639/671/626
f 640/666/621 632/673/628 636/677/632
f 636/677/632 632/673/628 641/669/624
f 641/669/624 642/674/629 643/662/617
f 634/676/634 646/679/635 638/678/636
f 642/674/629 649/680/637 643/662/617
f 649/680/637 628/663/618 643/662/617
f 640/666/621 648/681/638 632/673/628
f 627/664/619 648/681/638 640/666/621
f 638/678/636 646/679/635 639/671/639
f 639/671/639 646/679/635 644/672/640
f 644/672/640 646/679/635 645/667/641
f 645/667/641 646/679/635 634/676/634
f 627/664/619 647/682/642 648/681/638
f 628/663/618 647/682/642 627/664/619
f 648/681/638 647/682/642 632/673/628
f 632/673/628 647/682/642 642/674/629
f 642/674/629 647/682/642 649/680/637
f 647/682/642 628/663/618 649/680/637
usemtl cap_v3
f 610/683/643 602/684/644 609/685/645
f 602/684/644 603/686/646 609/685/645
f 602/684/644 617/687/647 603/686/646
f 615/688/648 603/689/646 604/690/649
f 614/691/650 615/688/651 604/690/649
f 604/690/649 606/692/652 651/693/653
f 617/694/647 604/690/649 603/689/646
f 604/690/649 617/694/647 606/692/652
f 619/695/654 606/692/652 605/696/655
f 605/696/655 606/692/652 617/694/647
f 606/692/652 607/697/656 651/693/653
f 606/692/652 619/695/654 607/697/656
f 651/693/653 607/697/656 653/698/657
f 608/699/658 624/700/659 611/701/660
f 611/701/660 652/702/661 608/699/658
f 609/703/645 652/702/661 610/704/643
f 652/702/661 612/705/662 650/706/663
f 609/703/645 612/705/664 652/702/661
f 611/701/660 610/704/643 652/702/661
f 654/707/665 624/700/659 608/699/658
f 609/703/645 616/708/666 612/705/664
f 603/689/646 616/708/666 609/703/645
f 613/709/667 602/710/644 610/704/643
f 610/704/643 611/701/660 613/709/667
f 612/705/662 616/708/668 650/706/663
f 619/695/654 618/711/669 621/712/670
f 613/709/667 611/701/660 618/711/669
f 624/700/659 618/711/669 611/701/660
f 614/691/650 616/708/668 615/688/651
f 615/688/648 616/708/666 603/689/646
f 614/691/650 650/706/663 616/708/668
f 617/694/647 602/710/644 605/696/655
f 605/696/655 613/709/667 618/711/669
f 605/696/655 602/710/644 613/709/667
f 619/695/654 605/696/655 618/711/669
f 624/700/659 621/712/670 618/711/669
f 619/695/654 620/713/671 607/697/656
f 621/712/670 620/713/671 619/695/654
f 620/713/671 621/712/670 622/714/672
f 607/697/656 620/713/671 623/715/673
f 623/715/673 620/713/671 622/714/672
f 622/714/672 621/712/670 624/700/659
f 622/714/672 624/700/659 654/707/665
f 653/698/657 607/697/656 623/715/673
f 614/691/650 604/690/649 651/693/653
f 650/706/663 614/691/650 651/693/653
f 652/702/661 650/706/663 651/693/653
f 608/699/658 652/702/661 651/693/653
f 654/707/665 608/699/658 651/693/653
f 654/707/665 651/693/653 653/698/657
f 623/715/673 622/714/672 654/707/665
f 654/707/665 653/698/657 623/715/673
o skinned.023_skinnned-mesh.023
v 20.269402 -0.136300 -0.526400
v 20.095505 -0.291400 -0.206800
v 20.264702 -0.629800 0.051700
v 20.621902 -0.385400 -0.408900
v 20.476204 -0.836600 -0.056400
v 20.617203 -0.831900 0.277300
v 20.518501 0.258500 0.324300
v 20.133102 0.004700 -0.183300
v 20.382202 0.173900 -0.376000
v 20.626602 0.423000 0.032900
v 19.978004 0.183300 -0.122200
v 20.668900 0.004700 -0.380700
v 20.072006 -0.296100 -0.112800
v 19.902802 -0.432400 -0.169200
v 19.851105 -0.108100 -0.216200
v 20.302299 -0.479400 -0.423000
v 20.922699 0.089300 0.230300
v 20.838104 -0.615700 0.178600
v 21.049599 -0.540500 0.512300
v 21.106003 -0.075200 0.549900
v 20.838104 -0.042300 0.700300
v 20.781700 -0.535800 0.662700
v 20.758202 0.333700 0.361900
v 19.902802 0.244400 -0.211500
v 19.902802 -0.014100 -0.145700
v 20.039101 0.333700 -0.371300
v 20.020302 0.206800 -0.164500
v 19.818199 0.235000 -0.385400
v 19.771202 0.065800 -0.206800
v 19.757103 0.145700 -0.371300
v 20.250603 -0.164500 -0.366600
v 19.874603 -0.164500 -0.206800
v 19.827606 -0.220900 -0.178600
v 19.841705 -0.042300 -0.474700
v 20.025002 -0.249100 -0.385400
v 19.912201 -0.230300 -0.371300
v 19.879303 -0.305500 -0.390100
v 19.785301 -0.061100 -0.521700
v 19.931000 -0.004700 -0.540500
v 20.119003 -0.197400 -0.065800
v 20.213005 -0.084600 -0.126900
v 20.029701 0.004700 -0.065800
v 19.677200 0.173900 -0.390100
v 19.705406 0.075200 -0.178600
v 19.695999 -0.103400 -0.338400
v 20.217705 0.136300 -0.258500
v 20.166000 0.094000 -0.521700
v 21.406799 -1.574500 -0.122200
v 20.166000 0.023500 -0.126900
v 20.739403 -1.236100 0.545200
v 21.496101 0.639200 -0.338400
v 20.109604 0.004700 -0.089300
v 21.712303 0.921200 0.014100
v 20.410400 -0.690900 0.258500
v 20.979103 0.686200 0.653300
v 21.265800 -1.212600 -0.437100
v 20.372803 0.258500 0.112800
v 21.129501 -0.850700 -0.752000
v 20.466805 -0.517000 -0.089300
v 20.603104 -0.878900 0.230300
v 20.570206 -0.653300 0.465300
v 21.279900 0.361900 -0.686200
v 20.668900 0.150400 0.521700
v 20.762901 0.404200 0.300800
v 20.546700 0.126900 -0.051700
vt 0.000000 1.000000
vt 0.000000 1.000000
vt 0.000000 1.000000
vt 0.000000 1.000000
vt 0.000000 1.000000
vt 0.000000 1.000000
vt 0.000000 1.000000
vt 0.000000 1.000000
vt 0.000000 1.000000
vt 0.000000 1.000000
vt 0.000000 1.000000
vt 0.000000 1.000000
vt 0.000000 1.000000
vt 0.000000 1.000000
vt 0.000000 1.000000
vt 0.000000 1.000000
vt 0.000000 1.000000
vt 0.000000 1.000000
vt 0.000000 1.000000
vt 0.000000 1.000000
vt 0.000000 1.000000
vt 0.000000 1.000000
vt 0.000000 1.000000
vt 0.000000 1.000000
vt 0.000000 1.000000
vt 1.078125 0.777344
vt 0.462891 0.968750
vt 0.753906 0.201172
vt 0.191406 0.218750
vt -0.144531 0.816406
vt 0.000000 1.000000
vt 0.000000 1.000000
vt 0.000000 1.000000
vt 0.000000 1.000000
vt 0.000000 1.000000
vt 0.000000 1.000000
vt 0.000000 1.000000
vt 0.000000 1.000000
vt 0.000000 1.000000
vt 0.000000 1.000000
vt 0.000000 1.000000
vt 0.000000 1.000000
vt 0.000000 1.000000
vt 0.000000 1.000000
vt 0.000000 1.000000
vt 0.000000 1.000000
vt 0.000000 1.000000
vt 0.000000 1.000000
vt 0.000000 1.000000
vt 0.000000 1.000000
vt 0.000000 1.000000
vt 0.000000 1.000000
vt 0.000000 1.000000
vt 0.000000 1.000000
vt 0.000000 1.000000
vt 0.000000 1.000000
vt 0.000000 1.000000
vt 0.000000 1.000000
vt 0.966797 1.000000
vt 0.000000 -0.964844
vt 0.966797 -0.964844
vt 0.000000 1.000000
vt 0.966797 -0.964844
vt 0.000000 -0.964844
vt 0.966797 1.000000
vt 0.000000 1.000000
vt 0.966797 1.000000
vt 0.000000 -0.964844
vt 0.966797 -0.964844
vt 0.000000 1.000000
vt 0.000000 -0.964844
vt 0.000000 1.000000
vt 0.966797 1.000000
vt 0.966797 -0.964844
vn -0.0607 0.4956 0.8664
vn -0.5003 -0.0525 0.8643
vn -0.3952 0.7014 0.5931
vn -0.6174 0.6990 -0.3609
vn -0.1212 0.1511 0.9810
vn 0.1616 0.6388 0.7522
vn 0.1856 0.9554 -0.2296
vn -0.2721 0.9067 -0.3222
vn -0.2022 -0.0886 -0.9753
vn 0.3663 0.6312 0.6837
vn 0.1276 -0.5016 0.8556
vn 0.1976 -0.6124 0.7655
vn 0.0347 -0.0055 -0.9994
vn 0.5709 0.2478 -0.7827
vn 0.3653 0.9126 -0.1837
vn 0.7954 -0.5090 -0.3289
vn 0.8111 -0.0560 0.5822
vn 0.4795 -0.8165 -0.3216
vn 0.6835 -0.2145 0.6977
vn 0.0514 -0.9155 -0.3990
vn 0.9171 -0.3566 -0.1784
vn -0.7914 -0.5631 0.2377
vn -0.9192 -0.3887 -0.0638
vn -0.7512 -0.6409 -0.1581
vn 0.5358 0.3507 0.7680
vn 0.5407 0.2203 -0.8118
vn -0.8123 -0.3396 -0.4741
vn -0.9847 -0.0941 -0.1469
vn -0.9549 -0.1685 0.2445
vn 0.8493 0.4797 0.2206
vn -0.2243 0.7283 -0.6475
vn -0.3918 0.1140 -0.9130
vn -0.3623 0.5057 -0.7830
vn -0.4544 -0.2899 -0.8423
vn -0.3760 -0.5570 -0.7405
vn 0.0850 -0.3636 -0.9277
vn -0.8199 -0.5430 0.1814
vn -0.5470 0.0610 0.8349
vn -0.4049 0.1281 0.9053
vn -0.0737 -0.9466 -0.3140
vn -0.7336 -0.4464 0.5125
vn 0.7918 -0.4723 -0.3873
vn 0.5810 -0.3087 -0.7531
vn 0.0638 -0.9756 0.2100
vn -0.5820 -0.4000 0.7080
vn -0.6332 0.5264 0.5674
vn 0.2998 0.8891 0.3458
vn 0.1587 0.9713 -0.1773
vn -0.7230 0.6096 0.3251
vn -0.4349 -0.1571 0.8867
vn -0.5370 -0.0483 0.8422
vn 0.1846 0.4578 -0.8697
vn -0.4752 0.4249 0.7704
vn 0.0075 0.0766 -0.9970
vn 0.6512 0.2652 -0.7110
vn -0.4053 -0.0204 0.9139
vn 0.8871 0.3215 -0.3313
vn 0.9310 0.2141 0.2955
vn 0.8546 -0.4623 0.2366
vn -0.0354 0.2628 0.9642
vn -0.0951 -0.3886 0.9165
vn -0.5237 0.7936 -0.3098
vn -0.5221 0.7957 -0.3070
vn -0.5237 0.7940 -0.3087
vn -0.5222 0.7948 -0.3091
vn -0.6950 -0.6056 -0.3875
vn -0.6954 -0.6041 -0.3892
vn -0.6950 -0.6051 -0.3885
vn -0.6952 -0.6027 -0.3917
vn -0.5253 0.7919 -0.3114
vn -0.6946 -0.6067 -0.3866
vn -0.6946 -0.6063 -0.3871
usemtl gloves_v3
s 1
f 683/716/674 679/717/675 678/718/676
f 678/718/676 682/719/677 683/716/674
f 678/718/676 679/717/675 696/720/678
f 678/718/676 681/721/679 680/722/680
f 680/722/680 682/719/677 678/718/676
f 681/721/679 678/718/676 696/720/678
f 682/719/677 684/723/681 683/716/674
f 682/719/677 680/722/680 693/724/682
f 682/719/677 693/724/682 684/723/681
f 698/725/683 683/716/674 684/723/681
f 686/726/684 683/716/674 698/725/683
f 679/717/675 683/716/674 686/726/684
f 694/727/685 679/717/675 686/726/684
f 694/727/685 696/720/678 679/717/675
f 684/723/681 688/728/686 692/729/687
f 693/724/682 688/728/686 684/723/681
f 692/729/687 697/730/688 684/723/681
f 684/723/681 697/730/688 698/725/683
f 685/731/689 695/732/690 694/727/685
f 690/733/691 686/726/684 687/734/692
f 686/726/684 690/733/691 689/735/693
f 689/735/693 694/727/685 686/726/684
f 698/725/683 687/734/692 686/726/684
f 692/729/687 688/728/686 690/733/691
f 690/733/691 688/728/686 693/724/682
f 693/724/682 689/735/693 690/733/691
f 687/734/692 691/736/694 690/733/691
f 690/733/691 691/736/694 692/729/687
f 693/724/682 685/731/689 689/735/693
f 689/735/693 685/731/689 694/727/685
f 694/727/685 695/732/690 696/720/678
f 687/734/695 699/737/696 691/736/697
f 695/732/690 703/738/698 696/720/678
f 703/738/698 681/721/679 696/720/678
f 693/724/682 701/739/699 685/731/689
f 680/722/680 701/739/699 693/724/682
f 691/736/697 699/737/696 692/729/700
f 692/729/700 699/737/696 697/730/701
f 697/730/701 699/737/696 698/725/702
f 698/725/702 699/737/696 687/734/695
f 680/722/680 700/740/703 701/739/699
f 681/721/679 700/740/703 680/722/680
f 701/739/699 700/740/703 685/731/689
f 685/731/689 700/740/703 695/732/690
f 695/732/690 700/740/703 703/738/698
f 700/740/703 681/721/679 703/738/698
usemtl cap_v3
f 663/741/704 655/742/705 662/743/706
f 655/742/705 656/744/707 662/743/706
f 655/742/705 670/745/708 656/744/707
f 668/746/709 656/747/707 657/748/710
f 667/749/711 668/746/712 657/748/710
f 657/748/710 659/750/713 708/751/714
f 670/752/708 657/748/710 656/747/707
f 657/748/710 670/752/708 659/750/713
f 672/753/715 659/750/713 658/754/716
f 658/754/716 659/750/713 670/752/708
f 659/750/713 660/755/717 708/751/714
f 659/750/713 672/753/715 660/755/717
f 708/751/714 660/755/717 715/756/718
f 661/757/719 677/758/720 664/759/721
f 664/759/721 711/760/722 661/757/719
f 662/761/706 711/760/722 663/762/704
f 711/760/722 665/763/723 706/764/724
f 662/761/706 665/763/725 711/760/722
f 664/759/721 663/762/704 711/760/722
f 717/765/726 677/758/720 661/757/719
f 662/761/706 669/766/727 665/763/725
f 656/747/707 669/766/727 662/761/706
f 666/767/728 655/768/705 663/762/704
f 663/762/704 664/759/721 666/767/728
f 665/763/723 669/766/729 706/764/724
f 672/753/715 671/769/730 674/770/731
f 666/767/728 664/759/721 671/769/730
f 677/758/720 671/769/730 664/759/721
f 667/749/711 669/766/729 668/746/712
f 668/746/709 669/766/727 656/747/707
f 667/749/711 706/764/724 669/766/729
f 670/752/708 655/768/705 658/754/716
f 658/754/716 666/767/728 671/769/730
f 658/754/716 655/768/705 666/767/728
f 672/753/715 658/754/716 671/769/730
f 677/758/720 674/770/731 671/769/730
f 672/753/715 673/771/732 660/755/717
f 674/770/731 673/771/732 672/753/715
f 673/771/732 674/770/731 675/772/733
f 660/755/717 673/771/732 676/773/734
f 676/773/734 673/771/732 675/772/733
f 675/772/733 674/770/731 677/758/720
f 675/772/733 677/758/720 717/765/726
f 715/756/718 660/755/717 676/773/734
f 667/749/711 657/748/710 708/751/714
f 706/764/724 667/749/711 708/751/714
f 711/760/722 706/764/724 708/751/714
f 661/757/719 711/760/722 708/751/714
f 717/765/726 661/757/719 708/751/714
f 717/765/726 708/751/714 715/756/718
f 676/773/734 675/772/733 717/765/726
f 717/765/726 715/756/718 676/773/734
usemtl wing_1_v3
f 705/774/735 719/775/736 718/776/737
f 705/774/735 716/777/738 719/775/736
f 714/778/739 713/779/740 710/780/741
f 713/779/740 712/781/742 710/780/741
usemtl wing_2_v3
f 707/782/743 718/783/737 709/784/743
f 707/782/743 705/785/735 718/783/737
f 714/786/739 710/787/741 702/788/744
f 704/789/745 714/786/739 702/788/744
o skinned.003_skinnned-mesh.003
v 2.027588 -0.000000 -0.000000
v 1.959115 -0.229813 0.192836
v 1.694941 -0.449843 0.282278
v 1.482630 -0.543818 0.351995
v 1.246114 -0.613344 0.351995
v 0.905062 -0.518404 0.347478
v 0.713205 -0.229813 0.192836
v 1.959115 -0.052094 0.295441
v 1.767258 -0.093871 0.532367
v 1.490017 -0.117055 0.663851
v 1.182303 -0.117055 0.663851
v 0.905062 -0.093871 0.532367
v 0.713205 -0.052094 0.295441
v 1.959115 0.149999 0.259807
v 1.767258 0.270290 0.468156
v 1.490017 0.337046 0.583781
v 1.182303 0.337046 0.583781
v 0.905062 0.270290 0.468156
v 0.713205 0.149999 0.259807
v 1.959115 0.281907 0.102606
v 1.767258 0.507978 0.184889
v 1.490017 0.633439 0.230553
v 1.182303 0.633439 0.230553
v 0.905062 0.507978 0.184889
v 0.713205 0.281907 0.102606
v 0.644733 -0.000000 -0.000000
v 1.959115 0.281907 -0.102606
v 1.767258 0.507979 -0.184889
v 1.490017 0.633439 -0.230553
v 1.182303 0.633439 -0.230553
v 0.905062 0.507979 -0.184889
v 0.713205 0.281907 -0.102606
v 1.959115 0.149999 -0.259807
v 1.767258 0.270290 -0.468156
v 1.490017 0.337046 -0.583780
v 1.182303 0.337046 -0.583780
v 0.905062 0.270290 -0.468156
v 0.713205 0.149999 -0.259807
v 1.959115 -0.052094 -0.295441
v 1.767258 -0.093871 -0.532367
v 1.490017 -0.117055 -0.663851
v 1.182303 -0.117055 -0.663851
v 0.905062 -0.093871 -0.532367
v 0.713205 -0.052094 -0.295441
v 1.959115 -0.229813 -0.192836
v 1.694941 -0.449843 -0.282278
v 1.482630 -0.543818 -0.351995
v 1.246114 -0.613344 -0.351995
v 0.905062 -0.518404 -0.347478
v 0.713205 -0.229813 -0.192836
v 1.959115 -0.299999 -0.000000
v 1.690348 -0.478726 -0.000000
v 1.485521 -0.555236 -0.000000
v 1.243258 -0.625423 -0.000000
v 0.905062 -0.540580 -0.000000
v 0.713205 -0.299999 -0.000000
v 0.713205 0.288794 -0.102606
v 0.905062 0.514865 -0.184889
v 1.182303 0.640326 -0.230553
v 1.490017 0.640326 -0.230553
v 0.713205 0.288794 0.102606
v 0.905062 0.514865 0.184889
v 1.182303 0.640326 0.230553
v 1.490017 0.640326 0.230553
v 0.713205 0.156886 0.259807
v 0.905062 0.277176 0.468156
v 1.182303 0.343932 0.583781
v 1.490017 0.343932 0.583781
v 0.713205 -0.045208 0.295441
v 0.905062 -0.086984 0.532367
v 1.182303 -0.110168 0.663851
v 1.490017 -0.110168 0.663851
v 1.490017 0.343933 -0.583780
v 1.182303 0.343933 -0.583780
v 0.905062 0.277176 -0.468156
v 0.713205 0.156886 -0.259807
v 1.490017 -0.110168 -0.663851
v 1.182303 -0.110168 -0.663851
v 0.905062 -0.086984 -0.532367
v 0.713205 -0.045208 -0.295441
v 1.831462 -0.047237 -0.359016
v 1.808185 0.094158 -0.424656
v 1.808185 -0.188633 -0.424656
v 2.045660 0.039534 -0.427464
v 1.854738 0.094158 -0.293376
v 2.026083 -0.079385 -0.482670
v 1.761632 0.094158 -0.555936
v 2.208485 -0.000106 -0.528895
v 2.006507 0.039534 -0.537875
v 1.784909 -0.047237 -0.490296
v 0.713205 0.294411 -0.103286
v 0.905062 0.520483 -0.185569
v 1.182303 0.645943 -0.231233
v 0.713205 0.294411 0.101925
v 0.905062 0.520483 0.184209
v 1.182303 0.645943 0.229873
v 0.713205 0.162504 0.259126
v 0.905062 0.282794 0.467475
v 1.182303 0.349550 0.583100
v 0.713205 -0.039590 0.294761
v 0.905062 -0.081366 0.531687
v 1.182303 -0.104551 0.663171
v 1.182303 0.349550 -0.584461
v 0.905062 0.282794 -0.468836
v 0.713205 0.162504 -0.260487
v 1.182303 -0.104550 -0.664531
v 0.905062 -0.081366 -0.533047
v 0.713205 -0.039590 -0.296122
v 1.367345 0.136831 -0.607953
v 1.411697 -0.132584 -0.458814
v 1.456048 0.136831 -0.309675
v 1.774310 -0.039847 0.500162
v 1.802795 0.097540 0.428354
v 1.788331 -0.184659 0.439532
v 1.990317 0.038900 0.572515
v 1.760290 0.104964 0.560791
v 2.002109 -0.082892 0.521523
v 1.845299 0.090115 0.295916
v 2.181603 -0.003160 0.575330
v 2.026065 0.032656 0.461130
v 1.816815 -0.047272 0.367724
v 1.607892 0.175352 0.177105
v 1.479005 0.197866 0.578699
v 1.521518 -0.241250 0.394850
v 0.983834 -0.667731 0.625222
v 0.983833 -0.667730 0.625222
v 0.983834 -0.667729 0.625223
v 0.983833 -0.667729 0.625223
v 0.983834 -0.667729 -0.605977
v 0.983833 -0.667729 -0.605976
v 0.983834 -0.667731 -0.605975
v 0.983833 -0.667730 -0.605975
v 0.773577 -0.543886 0.005590
v 0.773577 -0.543886 0.005590
v 0.773577 -0.543886 0.005590
v 0.773577 -0.543886 0.005590
v 0.773577 -0.543886 0.005590
v 0.773577 -0.543886 0.005590
vt 0.032451 0.920274
vt 0.032451 0.920274
vt 0.032451 0.920274
vt 0.032451 0.920274
vt 0.032451 0.920274
vt 0.032451 0.920274
vt 0.032451 0.920274
vt 0.032451 0.920274
vt 0.032451 0.920274
vt 0.032451 0.920274
vt 0.032451 0.920274
vt 0.032451 0.920274
vt 0.032451 0.920274
vt 0.032451 0.920274
vt 0.032451 0.920274
vt 0.032451 0.920274
vt 0.032451 0.920274
vt 0.032451 0.920274
vt 0.032451 0.920274
vt 0.032451 0.920274
vt 0.032451 0.920274
vt 0.032451 0.920274
vt 0.032451 0.920274
vt 0.032451 0.920274
vt 0.032451 0.920274
vt 0.032451 0.920274
vt 0.073696 0.884449
vt 0.073696 0.884449
vt 0.073696 0.884449
vt 0.073696 0.884449
vt 0.073696 0.884449
vt 0.073696 0.884449
vt 0.073696 0.884449
vt 0.073696 0.884449
vt 0.073696 0.884449
vt 0.073696 0.884449
vt 0.073696 0.884449
vt 0.073696 0.884449
vt 0.073696 0.884449
vt 0.073696 0.884449
vt 0.073696 0.884449
vt 0.073696 0.884449
vt 0.073696 0.884449
vt 0.073696 0.884449
vt 0.073696 0.884449
vt 0.073696 0.884449
vt 0.073696 0.884449
vt 0.073696 0.884449
vt 0.073696 0.884449
vt 0.073696 0.884449
vt 0.073696 0.884449
vt 0.073696 0.884449
vt 0.073696 0.884449
vt 0.073696 0.884449
vt 0.073696 0.884449
vt 0.073696 0.884449
vt 0.073696 0.884449
vt 0.073696 0.884449
vt 1.748407 0.441689
vt 1.592005 0.784360
vt 1.192855 0.656006
vt 1.252318 0.340900
vt 0.073696 0.884449
vt 0.073696 0.884449
vt 0.073696 0.884449
vt 1.823852 0.056127
vt 1.277453 0.020224
vt 1.348948 1.005074
vt 1.118551 0.997841
vt 0.073696 0.884449
vt 0.073696 0.884449
vt 0.073696 0.884449
vt 0.774446 0.355200
vt 0.745109 0.008460
vt 0.871201 0.996800
vt 0.808519 0.668695
vt 0.073696 0.884449
vt 0.073696 0.884449
vt 0.073696 0.884449
vt 0.073696 0.884449
vt 0.259707 0.495630
vt 0.186461 0.084997
vt 0.642111 0.993465
vt 0.419898 0.821587
vt 0.073696 0.884449
vt 0.073696 0.884449
vt 0.073696 0.884449
vt 0.073696 0.884449
vt 0.073696 0.884449
vt 0.073696 0.884449
vt 0.073696 0.884449
vt 0.073696 0.884449
vt 0.073696 0.884449
vt 0.073696 0.884449
vt 0.073696 0.884449
vt 0.073696 0.884449
vt 0.073696 0.884449
vt 0.073696 0.884449
vt 0.073696 0.884449
vt 0.073696 0.884449
vt 0.073696 0.884449
vt 0.073696 0.884449
vt 0.073696 0.884449
vt 0.073696 0.884449
vt 0.073696 0.884449
vt 0.073696 0.884449
vt 0.073696 0.884449
vt 0.073696 0.884449
vt 1.099375 0.390613
vt 1.119023 0.820584
vt 0.880766 0.815450
vt 0.909543 0.389639
vt 1.138293 1.370831
vt 0.850930 1.285777
vt 1.067923 -0.042380
vt 0.938049 -0.054051
vt 1.360082 0.375128
vt 1.431289 0.785183
vt 1.500614 1.259477
vt 1.267888 -0.003976
vt 1.667531 0.539166
vt 1.771161 1.024367
vt 1.362883 -0.079134
vt 1.526892 0.159713
vt 0.623870 0.427930
vt 0.715499 -0.072788
vt 0.480972 1.240227
vt 0.549149 0.834112
vt 0.315883 0.631903
vt 0.442921 0.219574
vt 0.613866 -0.071520
vt 0.231071 1.081856
vt 0.632054 0.650503
vt 0.676410 1.309342
vt 0.327781 1.311138
vt 0.377929 0.660057
vt 0.580087 0.002123
vt 0.422897 0.002106
vt 0.862364 0.319075
vt 0.996366 0.876149
vt 0.721917 -0.197314
vt 0.817061 -0.567060
vt 1.034199 -0.304985
vt 1.237200 0.082599
vt 0.142334 0.351559
vt 0.279565 -0.197051
vt 0.010599 0.890767
vt -0.230369 0.147743
vt -0.042220 -0.253338
vt 0.177424 -0.567059
vn -0.0280 -0.4247 -0.9049
vn 0.2226 0.9717 -0.0789
vn 0.4296 -0.4375 0.7900
vn -0.0435 -0.4266 -0.9034
vn -0.9425 -0.0000 0.3342
vn 0.1951 0.9783 -0.0692
vn 0.2007 -0.4796 0.8542
vn 0.3954 -0.4395 0.8065
vn -0.9585 -0.0000 0.2850
vn 0.1106 0.9933 -0.0348
vn 0.0491 -0.4564 -0.8884
vn 0.5039 -0.4799 -0.7182
vn 0.2743 0.9610 0.0341
vn -0.1594 -0.3943 0.9050
vn 0.4419 -0.4858 -0.7542
vn -0.9509 0.0366 -0.3072
vn 0.2145 0.9766 0.0141
vn 0.6276 -0.4589 -0.6290
vn -0.1594 -0.3944 0.9050
vn -0.0998 -0.3925 0.9143
vn -0.0707 -0.3910 0.9176
vn 0.3160 0.9475 0.0483
vn -1.0000 0.0000 -0.0000
vn -0.9724 -0.2334 -0.0010
vn -0.9163 -0.2487 0.3140
vn -0.1174 -0.9931 -0.0009
vn 0.0110 -0.9999 -0.0000
vn 0.1518 -0.9347 0.3214
vn -0.7166 -0.6779 0.1643
vn 0.3338 -0.9427 -0.0000
vn 0.5007 -0.8656 -0.0000
vn 0.5344 -0.7473 0.3949
vn 0.3052 -0.8208 0.4828
vn 0.8097 -0.5868 -0.0000
vn 1.0000 -0.0000 -0.0000
vn 0.8337 -0.4588 0.3072
vn -0.7203 -0.6741 -0.1636
vn 0.0177 -0.7068 0.7072
vn -0.6927 -0.4997 0.5201
vn -0.8857 -0.0630 0.4601
vn -0.6574 0.0121 -0.7535
vn -0.7173 -0.1678 -0.6762
vn -0.6765 -0.7087 -0.2003
vn 0.5973 -0.2000 0.7767
vn 0.2394 -0.2116 0.9476
vn 0.8698 -0.1293 0.4761
vn -0.6606 0.0187 0.7505
vn -0.0982 -0.0705 0.9927
vn -0.8815 0.2361 0.4089
vn -0.2127 0.4886 0.8462
vn -0.6007 0.3997 0.6924
vn 0.6007 0.3997 0.6924
vn 0.2127 0.4886 0.8462
vn 0.8815 0.2361 0.4089
vn 0.6007 0.7512 0.2734
vn 0.2127 0.9182 0.3342
vn 0.8815 0.4437 0.1615
vn -0.6007 0.7512 0.2734
vn -0.8815 0.4437 0.1615
vn -0.2127 0.9182 0.3342
vn -0.6007 0.7512 -0.2734
vn -0.8815 0.4437 -0.1615
vn 0.2127 0.9182 -0.3342
vn -0.2127 0.9182 -0.3342
vn 0.8815 0.4437 -0.1615
vn 0.6007 0.7512 -0.2734
vn -0.6007 0.3997 -0.6924
vn -0.8815 0.2361 -0.4089
vn 0.2127 0.4886 -0.8462
vn -0.2127 0.4886 -0.8462
vn 0.8815 0.2361 -0.4089
vn 0.6007 0.3997 -0.6924
vn 0.8698 -0.1293 -0.4761
vn 0.5973 -0.2000 -0.7767
vn -0.8857 -0.0630 -0.4601
vn -0.1039 -0.0782 -0.9915
vn 0.2394 -0.2116 -0.9476
vn -0.9159 -0.2508 -0.3135
vn 0.0814 -0.8957 0.4372
vn -0.6716 -0.7148 0.1951
vn 0.5344 -0.7473 -0.3949
vn 0.3052 -0.8208 -0.4828
vn 0.8337 -0.4588 -0.3072
vn 0.1503 -0.9333 -0.3263
vn -0.9234 -0.3114 0.2246
vn -0.4986 -0.8289 0.2536
vn 0.1109 -0.2836 0.9525
vn -0.7233 -0.1707 0.6691
vn 0.0981 -0.2776 -0.9557
vn 0.0673 -0.8921 -0.4467
vn -0.6901 -0.1708 0.7032
vn -0.8787 -0.3201 0.3541
vn 0.0000 0.9397 0.3420
vn 0.0000 0.9397 -0.3420
vn -0.7818 0.5859 0.2132
vn -0.7818 0.5859 -0.2132
vn 0.0000 0.5000 0.8660
vn -0.7818 0.3117 0.5400
vn -0.2004 0.1701 0.9648
vn 0.0000 0.1736 0.9848
vn -0.7624 0.1124 0.6372
vn -0.5768 0.1419 0.8045
vn -0.7818 0.3117 -0.5400
vn -0.0000 0.5000 -0.8660
vn -0.2004 0.1701 -0.9648
vn -0.5768 0.1419 -0.8045
vn -0.7624 0.1124 -0.6372
vn -0.0000 0.1736 -0.9848
vn -0.4339 0.8466 0.3081
vn -0.4339 0.8466 -0.3081
vn -0.4339 0.4505 0.7803
vn -0.4123 0.1582 0.8972
vn -0.4339 0.4505 -0.7803
vn -0.4123 0.1582 -0.8972
usemtl Flx_main
s off
f 809/790/746 808/791/746 805/792/746
f 801/793/747 808/791/747 806/794/747
f 802/795/748 805/792/748 800/796/748
f 808/791/749 807/797/749 805/792/749
f 802/795/750 800/796/750 809/790/750
f 804/798/747 803/799/747 801/793/747
f 809/790/746 805/792/746 802/795/746
f 801/793/747 803/799/747 808/791/747
f 806/794/746 808/791/746 809/790/746
f 803/799/751 807/797/751 808/791/751
f 809/790/752 801/793/752 830/800/752 829/801/752
f 809/790/750 800/796/750 801/793/750
f 800/796/750 804/798/750 801/793/750
f 800/796/748 803/799/748 804/798/748
f 800/796/748 805/792/748 803/799/748
f 805/792/753 807/797/753 803/799/753
f 829/801/754 830/800/754 828/802/754
f 801/793/755 806/794/755 828/802/755 830/800/755
f 806/794/756 809/790/756 829/801/756 828/802/756
f 840/803/757 839/804/757 836/805/757
f 832/806/758 839/804/758 837/807/758
f 833/808/759 836/805/759 831/809/759
f 839/804/760 838/810/760 836/805/760
f 833/808/761 831/809/761 840/803/761
f 835/811/758 834/812/758 832/806/758
f 840/803/757 836/805/757 833/808/757
f 832/806/758 834/812/758 839/804/758
f 837/807/757 839/804/757 840/803/757
f 834/812/762 838/810/762 839/804/762
f 840/803/761 831/809/761 832/806/761
f 832/806/763 831/809/763 843/813/763 841/814/763
f 831/809/764 834/812/764 835/811/764
f 831/809/764 836/805/764 834/812/764
f 836/805/765 838/810/765 834/812/765
f 831/809/766 835/811/766 842/815/766 843/813/766
f 835/811/767 832/806/767 841/814/767 842/815/767
f 843/813/761 842/815/761 841/814/761
s 1
f 745/816/768 775/817/769 726/818/770
f 774/819/771 773/820/772 724/821/773 725/822/774
f 772/823/775 771/824/776 722/825/777 723/826/778
f 770/827/779 720/828/780 721/829/781
f 768/830/782 774/819/771 856/831/783 854/832/784
f 773/820/772 772/823/775 723/826/778 724/821/773
f 771/824/776 770/827/779 721/829/781 722/825/777
f 745/816/768 726/818/770 732/833/785
f 768/830/782 762/834/786 849/835/787 851/836/788
f 723/826/778 722/825/777 728/837/789 729/838/790
f 721/829/781 720/828/780 727/839/791
f 726/818/770 725/822/774 731/840/792 732/833/785
f 724/821/773 723/826/778 729/838/790 730/841/793
f 722/825/777 721/829/781 727/839/791 728/837/789
f 745/816/768 732/833/785 738/842/794
f 731/840/792 730/841/793 736/843/795 737/844/796
f 729/838/790 728/837/789 734/845/797 735/846/798
f 727/839/791 720/828/780 733/847/799
f 732/833/785 731/840/792 737/844/796 738/842/794
f 730/841/793 729/838/790 735/846/798 736/843/795
f 728/837/789 727/839/791 733/847/799 734/845/797
f 735/848/798 734/849/797 740/850/800 741/851/801
f 733/847/799 720/828/780 739/852/802
f 738/842/794 737/844/796 743/853/803 744/854/804
f 736/855/795 735/848/798 741/851/801 742/856/805
f 734/849/797 733/857/799 739/858/802 740/850/800
f 745/816/768 738/842/794 744/854/804
f 737/844/796 736/843/795 742/859/805 743/853/803
f 744/854/804 743/853/803 750/860/806 751/861/807
f 742/856/805 741/851/801 748/862/808 749/863/809
f 740/850/800 739/858/802 746/864/810 747/865/811
f 745/816/768 744/854/804 751/861/807
f 743/853/803 742/859/805 749/866/809 750/860/806
f 741/851/801 740/850/800 747/865/811 748/862/808
f 739/852/802 720/828/780 746/867/810
f 751/861/807 750/860/806 756/868/812 757/869/813
f 749/863/809 748/862/808 754/870/814 755/871/815
f 747/865/811 746/864/810 752/872/816 753/873/817
f 745/816/768 751/861/807 757/869/813
f 750/860/806 749/866/809 755/874/815 756/868/812
f 748/862/808 747/865/811 753/873/817 754/870/814
f 746/867/810 720/828/780 752/875/816
f 753/876/817 752/875/816 758/877/818 759/878/819
f 745/816/768 757/869/813 763/879/820
f 756/868/812 755/874/815 761/880/821 762/834/786
f 754/881/814 753/876/817 759/878/819 760/882/822
f 752/875/816 720/828/780 758/877/818
f 757/869/813 756/868/812 762/834/786 763/879/820
f 755/874/815 754/881/814 760/882/822 761/880/821
f 745/816/768 763/879/820 769/883/823
f 725/822/774 724/821/773 844/884/824 845/885/825
f 760/882/822 759/878/819 765/886/826 766/887/827
f 758/877/818 720/828/780 764/888/828
f 763/879/820 762/834/786 768/830/782 769/883/823
f 761/880/821 760/882/822 766/887/827 767/889/829
f 759/878/819 758/877/818 764/888/828 765/886/826
f 768/830/782 767/889/829 773/820/772 774/819/771
f 766/887/827 765/886/826 771/824/776 772/823/775
f 764/888/828 720/828/780 770/827/779
f 725/822/774 726/818/770 853/890/830 852/891/831
f 767/889/829 766/887/827 772/823/775 773/820/772
f 765/886/826 764/888/828 770/827/779 771/824/776
f 745/816/768 769/883/823 775/817/769
f 845/885/825 844/884/824 846/892/832 847/893/833
f 849/835/787 848/894/834 850/895/835 851/836/788
f 724/821/773 730/841/793 846/892/832 844/884/824
f 730/841/793 731/840/792 847/893/833 846/892/832
f 761/880/821 767/889/829 850/895/835 848/894/834
f 731/840/792 725/822/774 845/885/825 847/893/833
f 767/889/829 768/830/782 851/836/788 850/895/835
f 762/834/786 761/880/821 848/894/834 849/835/787
f 857/896/836 856/831/783 852/891/831 853/890/830
f 855/897/837 854/832/784 856/831/783 857/896/836
f 726/818/770 775/817/769 857/896/836 853/890/830
f 775/817/769 769/883/823 855/897/837 857/896/836
f 774/819/771 725/822/774 852/891/831 856/831/783
f 769/883/823 768/830/782 854/832/784 855/897/837
usemtl Flx_mouth1
f 781/898/803 782/899/805 778/900/809 777/901/806
f 782/899/805 783/902/838 779/903/839 778/900/809
f 780/904/840 781/898/803 777/901/806 776/905/841
f 785/906/796 786/907/795 782/899/805 781/898/803
f 786/907/795 787/908/842 783/902/838 782/899/805
f 784/909/843 785/906/796 781/898/803 780/904/840
f 790/910/844 791/911/845 787/908/842 786/907/795
f 788/912/846 789/913/847 785/906/796 784/909/843
f 789/913/847 790/910/844 786/907/795 785/906/796
f 776/905/841 777/901/806 794/914/812 795/915/848
f 778/900/809 779/903/839 792/916/849 793/917/815
f 777/901/806 778/900/809 793/917/815 794/914/812
f 794/914/812 793/917/815 797/918/850 798/919/851
f 795/915/848 794/914/812 798/919/851 799/920/852
f 793/917/815 792/916/849 796/921/853 797/918/850
usemtl Flx_mouth2
f 814/922/803 815/923/854 812/924/855 811/925/806
f 813/926/840 814/922/803 811/925/806 810/927/841
f 817/928/796 818/929/856 815/923/854 814/922/803
f 816/930/843 817/928/796 814/922/803 813/926/840
f 819/931/846 820/932/847 817/928/796 816/930/843
f 820/932/847 821/933/857 818/929/856 817/928/796
f 810/927/841 811/925/806 823/934/812 824/935/848
f 811/925/806 812/924/855 822/936/858 823/934/812
f 823/934/812 822/936/858 825/937/859 826/938/851
f 824/935/848 823/934/812 826/938/851 827/939/852
o Sphere
v 0.000000 0.356708 -2.054672
v 0.000000 0.336011 -2.122898
v 0.000000 0.302402 -2.185777
v 0.000000 0.257172 -2.240890
v 0.000000 0.202059 -2.286120
v 0.000000 0.139181 -2.319729
v 0.000000 0.070954 -2.340426
v 0.000000 0.000000 -2.347414
v 0.000000 -0.070954 -2.340426
v 0.000000 -0.302402 -2.185776
v 0.013842 0.356708 -2.053308
v 0.027153 0.336011 -2.120224
v 0.039420 0.302402 -2.181894
v 0.050172 0.257172 -2.235948
v 0.058996 0.202059 -2.280310
v 0.065553 0.139181 -2.313273
v 0.069590 0.070954 -2.333572
v 0.070954 0.000000 -2.340426
v 0.069590 -0.070954 -2.333572
v 0.065553 -0.139180 -2.313273
v 0.058996 -0.202059 -2.280310
v 0.050172 -0.257172 -2.235948
v 0.039420 -0.302402 -2.181894
v 0.027153 -0.336012 -2.120224
v 0.013842 -0.356708 -2.053308
v 0.027153 0.356708 -2.049270
v 0.053262 0.336011 -2.112304
v 0.077325 0.302402 -2.170396
v 0.098416 0.257172 -2.221314
v 0.115724 0.202059 -2.263101
v 0.128586 0.139181 -2.294152
v 0.136506 0.070954 -2.313273
v 0.139181 0.000000 -2.319729
v 0.136506 -0.070954 -2.313273
v 0.128586 -0.139180 -2.294152
v 0.115724 -0.202059 -2.263101
v 0.098416 -0.257172 -2.221314
v 0.077325 -0.302402 -2.170396
v 0.053262 -0.336012 -2.112304
v 0.027153 -0.356708 -2.049270
v 0.039420 0.356708 -2.042714
v 0.077325 0.336011 -2.099442
v 0.112258 0.302402 -2.151724
v 0.142877 0.257172 -2.197549
v 0.168006 0.202059 -2.235156
v 0.186678 0.139181 -2.263101
v 0.198176 0.070954 -2.280309
v 0.202059 0.000000 -2.286120
v 0.198176 -0.070954 -2.280309
v 0.186678 -0.139180 -2.263101
v 0.168006 -0.202059 -2.235156
v 0.142877 -0.257172 -2.197549
v 0.112258 -0.302402 -2.151723
v 0.077325 -0.336012 -2.099442
v 0.039420 -0.356708 -2.042713
v 0.050172 0.356708 -2.033890
v 0.098416 0.336011 -2.082133
v 0.142877 0.302402 -2.126595
v 0.181848 0.257172 -2.165566
v 0.213831 0.202059 -2.197548
v 0.237596 0.139181 -2.221314
v 0.252231 0.070954 -2.235948
v 0.257172 0.000000 -2.240890
v 0.252231 -0.070954 -2.235948
v 0.237596 -0.139180 -2.221314
v 0.213831 -0.202059 -2.197548
v 0.181848 -0.257172 -2.165566
v 0.142877 -0.302402 -2.126595
v 0.098416 -0.336012 -2.082133
v 0.050172 -0.356708 -2.033890
v 0.058996 0.356708 -2.023138
v 0.115724 0.336011 -2.061042
v 0.168006 0.302402 -2.095976
v 0.213831 0.257172 -2.126595
v 0.251438 0.202059 -2.151723
v 0.279383 0.139181 -2.170396
v 0.296592 0.070954 -2.181894
v 0.302402 0.000000 -2.185776
v 0.296592 -0.070954 -2.181894
v 0.279383 -0.139180 -2.170396
v 0.251438 -0.202059 -2.151723
v 0.213831 -0.257172 -2.126595
v 0.168006 -0.302402 -2.095976
v 0.115724 -0.336012 -2.061042
v 0.058996 -0.356708 -2.023137
v 0.065553 0.356708 -2.010870
v 0.128586 0.336011 -2.036980
v 0.186678 0.302402 -2.061042
v 0.237596 0.257172 -2.082133
v 0.279383 0.202059 -2.099442
v 0.310434 0.139181 -2.112304
v 0.329555 0.070954 -2.120224
v 0.336012 0.000000 -2.122898
v 0.329555 -0.070954 -2.120224
v 0.310434 -0.139180 -2.112304
v 0.279383 -0.202059 -2.099442
v 0.237596 -0.257172 -2.082133
v 0.186678 -0.302402 -2.061042
v 0.128586 -0.336012 -2.036980
v 0.065553 -0.356708 -2.010870
v 0.069590 0.356708 -1.997560
v 0.136506 0.336011 -2.010870
v 0.198176 0.302402 -2.023137
v 0.252231 0.257172 -2.033890
v 0.296592 0.202059 -2.042713
v 0.329555 0.139181 -2.049270
v 0.349854 0.070954 -2.053308
v 0.356708 0.000000 -2.054671
v 0.349854 -0.070954 -2.053308
v 0.329555 -0.139180 -2.049270
v 0.296592 -0.202059 -2.042713
v 0.252231 -0.257172 -2.033890
v 0.198176 -0.302402 -2.023137
v 0.136506 -0.336012 -2.010870
v 0.069590 -0.356708 -1.997560
v 0.070954 0.356708 -1.983718
v 0.139181 0.336011 -1.983718
v 0.202059 0.302402 -1.983718
v 0.257172 0.257172 -1.983718
v 0.302402 0.202059 -1.983718
v 0.336012 0.139181 -1.983718
v 0.356708 0.070954 -1.983718
v 0.363696 0.000000 -1.983718
v 0.356708 -0.070954 -1.983718
v 0.336012 -0.139180 -1.983718
v 0.302402 -0.202059 -1.983718
v 0.257172 -0.257172 -1.983718
v 0.202059 -0.302402 -1.983718
v 0.139181 -0.336012 -1.983718
v 0.070954 -0.356708 -1.983718
v 0.069590 0.356708 -1.969875
v 0.136506 0.336011 -1.956565
v 0.198176 0.302402 -1.944298
v 0.252231 0.257172 -1.933546
v 0.296592 0.202059 -1.924722
v 0.329555 0.139181 -1.918165
v 0.349854 0.070954 -1.914127
v 0.356708 0.000000 -1.912764
v 0.349854 -0.070954 -1.914127
v 0.329555 -0.139180 -1.918165
v 0.296592 -0.202059 -1.924722
v 0.252231 -0.257172 -1.933546
v 0.198176 -0.302402 -1.944298
v 0.136506 -0.336012 -1.956565
v 0.069590 -0.356708 -1.969875
v 0.065553 0.356708 -1.956565
v 0.128586 0.336011 -1.930456
v 0.186678 0.302402 -1.906393
v 0.237596 0.257172 -1.885302
v 0.279383 0.202059 -1.867993
v 0.310434 0.139181 -1.855132
v 0.329555 0.070954 -1.847211
v 0.336012 0.000000 -1.844537
v 0.329555 -0.070954 -1.847211
v 0.310434 -0.139180 -1.855132
v 0.279383 -0.202059 -1.867993
v 0.237596 -0.257172 -1.885302
v 0.186678 -0.302402 -1.906393
v 0.128586 -0.336012 -1.930456
v 0.065553 -0.356708 -1.956565
v 0.058996 0.356708 -1.944298
v 0.115724 0.336011 -1.906393
v 0.168006 0.302402 -1.871460
v 0.213831 0.257172 -1.840841
v 0.251438 0.202059 -1.815712
v 0.279383 0.139181 -1.797040
v 0.296592 0.070954 -1.785541
v 0.302402 0.000000 -1.781659
v 0.296592 -0.070954 -1.785541
v 0.279383 -0.139180 -1.797040
v 0.251438 -0.202059 -1.815712
v 0.213831 -0.257172 -1.840841
v 0.168006 -0.302402 -1.871460
v 0.115724 -0.336012 -1.906393
v 0.058996 -0.356708 -1.944298
v 0.050172 0.356708 -1.933546
v 0.098416 0.336011 -1.885302
v 0.142877 0.302402 -1.840840
v 0.181848 0.257172 -1.801870
v 0.213831 0.202059 -1.769887
v 0.237596 0.139181 -1.746122
v 0.252231 0.070954 -1.731487
v 0.257172 0.000000 -1.726546
v 0.252231 -0.070954 -1.731487
v 0.237596 -0.139180 -1.746122
v 0.213831 -0.202059 -1.769887
v 0.181848 -0.257172 -1.801870
v 0.142877 -0.302402 -1.840841
v 0.098416 -0.336012 -1.885302
v 0.050172 -0.356708 -1.933546
v 0.039420 0.356708 -1.924722
v 0.077325 0.336011 -1.867993
v 0.112258 0.302402 -1.815712
v 0.142877 0.257172 -1.769887
v 0.168006 0.202059 -1.732279
v 0.186678 0.139181 -1.704334
v 0.198176 0.070954 -1.687126
v 0.202059 0.000000 -1.681315
v 0.198176 -0.070954 -1.687126
v 0.186678 -0.139180 -1.704334
v 0.168006 -0.202059 -1.732279
v 0.142877 -0.257172 -1.769887
v 0.112258 -0.302402 -1.815712
v 0.077325 -0.336012 -1.867993
v 0.039420 -0.356708 -1.924722
v 0.000000 -0.363696 -1.983718
v 0.027153 0.356708 -1.918165
v 0.053262 0.336011 -1.855132
v 0.077325 0.302402 -1.797040
v 0.098415 0.257172 -1.746122
v 0.115724 0.202059 -1.704334
v 0.128586 0.139181 -1.673284
v 0.136506 0.070954 -1.654163
v 0.139180 0.000000 -1.647706
v 0.136506 -0.070954 -1.654163
v 0.128586 -0.139180 -1.673284
v 0.115724 -0.202059 -1.704334
v 0.098415 -0.257172 -1.746122
v 0.077325 -0.302402 -1.797040
v 0.053262 -0.336012 -1.855132
v 0.027153 -0.356708 -1.918165
v 0.013842 0.356708 -1.914127
v 0.027153 0.336011 -1.847211
v 0.039420 0.302402 -1.785541
v 0.050172 0.257172 -1.731487
v 0.058996 0.202059 -1.687126
v 0.065553 0.139181 -1.654163
v 0.069590 0.070954 -1.633864
v 0.070954 0.000000 -1.627010
v 0.069590 -0.070954 -1.633864
v 0.065553 -0.139180 -1.654163
v 0.058996 -0.202059 -1.687126
v 0.050172 -0.257172 -1.731487
v 0.039420 -0.302402 -1.785541
v 0.027153 -0.336012 -1.847211
v 0.013842 -0.356708 -1.914127
v -0.000000 0.356708 -1.912764
v 0.000000 0.336011 -1.844537
v 0.000000 0.302402 -1.781659
v -0.000000 0.257172 -1.726546
v -0.000000 0.202059 -1.681315
v 0.000000 0.139181 -1.647706
v -0.000000 0.070954 -1.627010
v -0.000000 0.000000 -1.620021
v -0.000000 -0.070954 -1.627010
v 0.000000 -0.139180 -1.647706
v -0.000000 -0.202059 -1.681315
v -0.000000 -0.257172 -1.726546
v -0.000000 -0.302402 -1.781659
v 0.000000 -0.336012 -1.844537
v 0.000000 -0.356708 -1.912764
v -0.013842 0.356708 -1.914127
v -0.027153 0.336011 -1.847211
v -0.039420 0.302402 -1.785541
v -0.050172 0.257172 -1.731487
v -0.058996 0.202059 -1.687126
v -0.065553 0.139181 -1.654163
v -0.069590 0.070954 -1.633864
v -0.070954 0.000000 -1.627010
v -0.069590 -0.070954 -1.633864
v -0.065553 -0.139180 -1.654163
v -0.058996 -0.202059 -1.687126
v -0.050172 -0.257172 -1.731487
v -0.039420 -0.302402 -1.785541
v -0.027153 -0.336012 -1.847211
v -0.013842 -0.356708 -1.914127
v -0.027153 0.356708 -1.918165
v -0.053262 0.336011 -1.855132
v -0.077325 0.302402 -1.797040
v -0.098415 0.257172 -1.746122
v -0.115724 0.202059 -1.704334
v -0.128586 0.139181 -1.673284
v -0.136506 0.070954 -1.654163
v -0.139181 0.000000 -1.647706
v -0.136506 -0.070954 -1.654163
v -0.128586 -0.139180 -1.673284
v -0.115724 -0.202059 -1.704334
v -0.098415 -0.257172 -1.746122
v -0.077325 -0.302402 -1.797040
v -0.053262 -0.336012 -1.855132
v -0.027153 -0.356708 -1.918165
v -0.039420 0.356708 -1.924722
v -0.077325 0.336011 -1.867993
v -0.112258 0.302402 -1.815712
v -0.142877 0.257172 -1.769887
v -0.168006 0.202059 -1.732279
v -0.186678 0.139181 -1.704334
v -0.198176 0.070954 -1.687126
v -0.202059 0.000000 -1.681315
v -0.198176 -0.070954 -1.687126
v -0.186678 -0.139180 -1.704334
v -0.168006 -0.202059 -1.732279
v -0.142877 -0.257172 -1.769887
v -0.112258 -0.302402 -1.815712
v -0.077325 -0.336012 -1.867993
v -0.039420 -0.356708 -1.924722
v -0.000000 0.363696 -1.983718
v -0.050172 0.356708 -1.933546
v -0.098415 0.336011 -1.885302
v -0.142877 0.302402 -1.840841
v -0.181848 0.257172 -1.801870
v -0.213831 0.202059 -1.769887
v -0.237596 0.139181 -1.746122
v -0.252231 0.070954 -1.731487
v -0.257172 0.000000 -1.726546
v -0.252231 -0.070954 -1.731487
v -0.237596 -0.139180 -1.746122
v -0.213831 -0.202059 -1.769887
v -0.181848 -0.257172 -1.801870
v -0.142877 -0.302402 -1.840841
v -0.098415 -0.336012 -1.885302
v -0.050172 -0.356708 -1.933546
v -0.058996 0.356708 -1.944298
v -0.115724 0.336011 -1.906393
v -0.168006 0.302402 -1.871460
v -0.213831 0.257172 -1.840841
v -0.251438 0.202059 -1.815712
v -0.279383 0.139181 -1.797040
v -0.296592 0.070954 -1.785542
v -0.302402 0.000000 -1.781659
v -0.296592 -0.070954 -1.785542
v -0.279383 -0.139180 -1.797040
v -0.251438 -0.202059 -1.815712
v -0.213831 -0.257172 -1.840841
v -0.168006 -0.302402 -1.871460
v -0.115724 -0.336012 -1.906393
v -0.058996 -0.356708 -1.944298
v -0.065553 0.356708 -1.956565
v -0.128586 0.336011 -1.930456
v -0.186678 0.302402 -1.906393
v -0.237596 0.257172 -1.885302
v -0.279383 0.202059 -1.867993
v -0.310434 0.139181 -1.855132
v -0.329555 0.070954 -1.847212
v -0.336011 0.000000 -1.844537
v -0.329555 -0.070954 -1.847212
v -0.310434 -0.139180 -1.855132
v -0.279383 -0.202059 -1.867993
v -0.237596 -0.257172 -1.885302
v -0.186678 -0.302402 -1.906393
v -0.128586 -0.336012 -1.930456
v -0.065553 -0.356708 -1.956565
v -0.069590 0.356708 -1.969875
v -0.136506 0.336011 -1.956565
v -0.198176 0.302402 -1.944298
v -0.252231 0.257172 -1.933546
v -0.296592 0.202059 -1.924722
v -0.329555 0.139181 -1.918165
v -0.349854 0.070954 -1.914128
v -0.356708 0.000000 -1.912764
v -0.349854 -0.070954 -1.914128
v -0.329555 -0.139180 -1.918165
v -0.296592 -0.202059 -1.924722
v -0.252231 -0.257172 -1.933546
v -0.198176 -0.302402 -1.944298
v -0.136506 -0.336012 -1.956565
v -0.069590 -0.356708 -1.969875
v -0.070954 0.356708 -1.983718
v -0.139180 0.336011 -1.983718
v -0.202059 0.302402 -1.983718
v -0.257172 0.257172 -1.983718
v -0.302402 0.202059 -1.983718
v -0.336011 0.139181 -1.983718
v -0.356708 0.070954 -1.983718
v -0.363696 0.000000 -1.983718
v -0.356708 -0.070954 -1.983718
v -0.336011 -0.139180 -1.983718
v -0.302402 -0.202059 -1.983718
v -0.257172 -0.257172 -1.983718
v -0.202059 -0.302402 -1.983718
v -0.139180 -0.336012 -1.983718
v -0.070954 -0.356708 -1.983718
v -0.069590 0.356708 -1.997560
v -0.136506 0.336011 -2.010870
v -0.198176 0.302402 -2.023137
v -0.252231 0.257172 -2.033890
v -0.296592 0.202059 -2.042713
v -0.329555 0.139181 -2.049270
v -0.349854 0.070954 -2.053308
v -0.356708 0.000000 -2.054671
v -0.349854 -0.070954 -2.053308
v -0.329555 -0.139180 -2.049270
v -0.296592 -0.202059 -2.042713
v -0.252231 -0.257172 -2.033890
v -0.198176 -0.302402 -2.023137
v -0.136506 -0.336012 -2.010870
v -0.069590 -0.356708 -1.997560
v -0.065553 0.356708 -2.010870
v -0.128586 0.336011 -2.036980
v -0.186678 0.302402 -2.061042
v -0.237596 0.257172 -2.082133
v -0.279383 0.202059 -2.099442
v -0.310434 0.139181 -2.112304
v -0.329555 0.070954 -2.120224
v -0.336011 0.000000 -2.122898
v -0.329555 -0.070954 -2.120224
v -0.310434 -0.139180 -2.112304
v -0.279383 -0.202059 -2.099442
v -0.237596 -0.257172 -2.082133
v -0.186678 -0.302402 -2.061042
v -0.128586 -0.336012 -2.036980
v -0.065553 -0.356708 -2.010870
v -0.058996 0.356708 -2.023137
v -0.115724 0.336011 -2.061042
v -0.168006 0.302402 -2.095976
v -0.213831 0.257172 -2.126595
v -0.251438 0.202059 -2.151723
v -0.279383 0.139181 -2.170396
v -0.296592 0.070954 -2.181894
v -0.302402 0.000000 -2.185776
v -0.296592 -0.070954 -2.181894
v -0.279383 -0.139180 -2.170396
v -0.251438 -0.202059 -2.151723
v -0.213831 -0.257172 -2.126595
v -0.168006 -0.302402 -2.095975
v -0.115724 -0.336012 -2.061042
v -0.058996 -0.356708 -2.023137
v -0.050172 0.356708 -2.033890
v -0.098415 0.336011 -2.082133
v -0.142877 0.302402 -2.126595
v -0.181848 0.257172 -2.165566
v -0.213831 0.202059 -2.197548
v -0.237596 0.139181 -2.221314
v -0.252230 0.070954 -2.235948
v -0.257172 0.000000 -2.240890
v -0.252230 -0.070954 -2.235948
v -0.237596 -0.139180 -2.221314
v -0.213831 -0.202059 -2.197548
v -0.181848 -0.257172 -2.165566
v -0.142877 -0.302402 -2.126595
v -0.098415 -0.336012 -2.082133
v -0.050172 -0.356708 -2.033890
v -0.039420 0.356708 -2.042713
v -0.077325 0.336011 -2.099442
v -0.112258 0.302402 -2.151723
v -0.142877 0.257172 -2.197548
v -0.168006 0.202059 -2.235156
v -0.186678 0.139181 -2.263101
v -0.198176 0.070954 -2.280309
v -0.202059 0.000000 -2.286120
v -0.198176 -0.070954 -2.280309
v -0.186678 -0.139180 -2.263101
v -0.168006 -0.202059 -2.235156
v -0.142877 -0.257172 -2.197548
v -0.112258 -0.302402 -2.151723
v -0.077324 -0.336012 -2.099442
v -0.039420 -0.356708 -2.042713
v -0.027153 0.356708 -2.049270
v -0.053262 0.336011 -2.112304
v -0.077325 0.302402 -2.170396
v -0.098415 0.257172 -2.221314
v -0.115724 0.202059 -2.263101
v -0.128586 0.139181 -2.294152
v -0.136506 0.070954 -2.313273
v -0.139180 0.000000 -2.319729
v -0.136506 -0.070954 -2.313273
v -0.128586 -0.139180 -2.294152
v -0.115724 -0.202059 -2.263101
v -0.098415 -0.257172 -2.221314
v -0.077324 -0.302402 -2.170396
v -0.053262 -0.336012 -2.112304
v -0.027153 -0.356708 -2.049270
v -0.013842 0.356708 -2.053308
v -0.027153 0.336011 -2.120224
v -0.039420 0.302402 -2.181894
v -0.050172 0.257172 -2.235948
v -0.058996 0.202059 -2.280309
v -0.065553 0.139181 -2.313273
v -0.069590 0.070954 -2.333571
v -0.070953 0.000000 -2.340425
v -0.069590 -0.070954 -2.333571
v -0.065553 -0.139180 -2.313273
v -0.058996 -0.202059 -2.280309
v -0.050172 -0.257172 -2.235948
v -0.039420 -0.302402 -2.181894
v -0.027153 -0.336012 -2.120224
v -0.013842 -0.356708 -2.053308
v 0.000000 -0.139180 -2.319729
v 0.000000 -0.202059 -2.286120
v 0.000000 -0.257172 -2.240890
v 0.000000 -0.336012 -2.122898
v 0.000000 -0.356708 -2.054671
vt 0.750000 0.562500
vt 0.750000 0.625000
vt 0.718750 0.625000
vt 0.718750 0.562500
vt 0.750000 0.062500
vt 0.750000 0.125000
vt 0.718750 0.125000
vt 0.718750 0.062500
vt 0.750000 0.500000
vt 0.718750 0.500000
vt 0.750000 0.937500
vt 0.734375 1.000000
vt 0.718750 0.937500
vt 0.734375 0.000000
vt 0.750000 0.437500
vt 0.718750 0.437500
vt 0.750000 0.875000
vt 0.718750 0.875000
vt 0.750000 0.375000
vt 0.718750 0.375000
vt 0.750000 0.812500
vt 0.718750 0.812500
vt 0.750000 0.312500
vt 0.718750 0.312500
vt 0.750000 0.750000
vt 0.718750 0.750000
vt 0.750000 0.250000
vt 0.718750 0.250000
vt 0.750000 0.687500
vt 0.718750 0.687500
vt 0.750000 0.187500
vt 0.718750 0.187500
vt 0.687500 0.250000
vt 0.687500 0.187500
vt 0.687500 0.687500
vt 0.687500 0.625000
vt 0.687500 0.125000
vt 0.687500 0.562500
vt 0.687500 0.062500
vt 0.687500 0.500000
vt 0.703125 1.000000
vt 0.687500 0.937500
vt 0.703125 0.000000
vt 0.687500 0.437500
vt 0.687500 0.875000
vt 0.687500 0.375000
vt 0.687500 0.812500
vt 0.687500 0.312500
vt 0.687500 0.750000
vt 0.656250 0.437500
vt 0.656250 0.375000
vt 0.656250 0.875000
vt 0.656250 0.812500
vt 0.656250 0.312500
vt 0.656250 0.750000
vt 0.656250 0.250000
vt 0.656250 0.687500
vt 0.656250 0.187500
vt 0.656250 0.625000
vt 0.656250 0.125000
vt 0.656250 0.562500
vt 0.656250 0.062500
vt 0.656250 0.500000
vt 0.671875 1.000000
vt 0.656250 0.937500
vt 0.671875 0.000000
vt 0.625000 0.187500
vt 0.625000 0.125000
vt 0.625000 0.625000
vt 0.625000 0.562500
vt 0.625000 0.062500
vt 0.625000 0.500000
vt 0.640625 1.000000
vt 0.625000 0.937500
vt 0.640625 0.000000
vt 0.625000 0.437500
vt 0.625000 0.875000
vt 0.625000 0.375000
vt 0.625000 0.812500
vt 0.625000 0.312500
vt 0.625000 0.750000
vt 0.625000 0.250000
vt 0.625000 0.687500
vt 0.593750 0.875000
vt 0.593750 0.812500
vt 0.593750 0.375000
vt 0.593750 0.312500
vt 0.593750 0.750000
vt 0.593750 0.250000
vt 0.593750 0.687500
vt 0.593750 0.187500
vt 0.593750 0.625000
vt 0.593750 0.125000
vt 0.593750 0.562500
vt 0.593750 0.062500
vt 0.593750 0.500000
vt 0.609375 1.000000
vt 0.593750 0.937500
vt 0.609375 0.000000
vt 0.593750 0.437500
vt 0.562500 0.625000
vt 0.562500 0.562500
vt 0.562500 0.125000
vt 0.562500 0.062500
vt 0.562500 0.500000
vt 0.578125 1.000000
vt 0.562500 0.937500
vt 0.578125 0.000000
vt 0.562500 0.437500
vt 0.562500 0.875000
vt 0.562500 0.375000
vt 0.562500 0.812500
vt 0.562500 0.312500
vt 0.562500 0.750000
vt 0.562500 0.250000
vt 0.562500 0.687500
vt 0.562500 0.187500
vt 0.531250 0.375000
vt 0.531250 0.312500
vt 0.531250 0.812500
vt 0.531250 0.750000
vt 0.531250 0.250000
vt 0.531250 0.687500
vt 0.531250 0.187500
vt 0.531250 0.625000
vt 0.531250 0.125000
vt 0.531250 0.562500
vt 0.531250 0.062500
vt 0.531250 0.500000
vt 0.546875 1.000000
vt 0.531250 0.937500
vt 0.546875 0.000000
vt 0.531250 0.437500
vt 0.531250 0.875000
vt 0.500000 0.125000
vt 0.500000 0.062500
vt 0.500000 0.562500
vt 0.500000 0.500000
vt 0.515625 1.000000
vt 0.500000 0.937500
vt 0.515625 0.000000
vt 0.500000 0.437500
vt 0.500000 0.875000
vt 0.500000 0.375000
vt 0.500000 0.812500
vt 0.500000 0.312500
vt 0.500000 0.750000
vt 0.500000 0.250000
vt 0.500000 0.687500
vt 0.500000 0.187500
vt 0.500000 0.625000
vt 0.468750 0.812500
vt 0.468750 0.750000
vt 0.468750 0.312500
vt 0.468750 0.250000
vt 0.468750 0.687500
vt 0.468750 0.187500
vt 0.468750 0.625000
vt 0.468750 0.125000
vt 0.468750 0.562500
vt 0.468750 0.062500
vt 0.468750 0.500000
vt 0.484374 1.000000
vt 0.468750 0.937500
vt 0.484375 0.000000
vt 0.468750 0.437500
vt 0.468750 0.875000
vt 0.468750 0.375000
vt 0.437500 0.562500
vt 0.437500 0.500000
vt 0.453124 1.000000
vt 0.437500 0.937500
vt 0.453125 0.000000
vt 0.437500 0.062500
vt 0.437500 0.437500
vt 0.437500 0.875000
vt 0.437500 0.375000
vt 0.437500 0.812500
vt 0.437500 0.312500
vt 0.437500 0.750000
vt 0.437500 0.250000
vt 0.437500 0.687500
vt 0.437500 0.187500
vt 0.437500 0.625000
vt 0.437500 0.125000
vt 0.406250 0.312500
vt 0.406250 0.250000
vt 0.406250 0.750000
vt 0.406250 0.687500
vt 0.406250 0.187500
vt 0.406250 0.625000
vt 0.406250 0.125000
vt 0.406250 0.562500
vt 0.406250 0.062500
vt 0.406250 0.500000
vt 0.421874 1.000000
vt 0.406250 0.937500
vt 0.421875 0.000000
vt 0.406250 0.437500
vt 0.406250 0.875000
vt 0.406250 0.375000
vt 0.406250 0.812500
vt 0.390625 0.000000
vt 0.375000 0.062500
vt 0.375000 0.500000
vt 0.375000 0.437500
vt 0.375000 0.937500
vt 0.375000 0.875000
vt 0.375000 0.375000
vt 0.375000 0.812500
vt 0.375000 0.312500
vt 0.375000 0.750000
vt 0.375000 0.250000
vt 0.375000 0.687500
vt 0.375000 0.187500
vt 0.375000 0.625000
vt 0.375000 0.125000
vt 0.375000 0.562500
vt 0.390625 1.000000
vt 0.343750 0.250000
vt 0.343750 0.187500
vt 0.343750 0.687500
vt 0.343750 0.625000
vt 0.343750 0.125000
vt 0.343750 0.562500
vt 0.343750 0.062500
vt 0.343750 0.500000
vt 0.359375 1.000000
vt 0.343750 0.937500
vt 0.359375 0.000000
vt 0.343750 0.437500
vt 0.343750 0.875000
vt 0.343750 0.375000
vt 0.343750 0.812500
vt 0.343750 0.312500
vt 0.343750 0.750000
vt 0.312500 0.937500
vt 0.312500 0.875000
vt 0.312500 0.437500
vt 0.312500 0.375000
vt 0.312500 0.812500
vt 0.312500 0.312500
vt 0.312500 0.750000
vt 0.312500 0.250000
vt 0.312500 0.687500
vt 0.312500 0.187500
vt 0.312500 0.625000
vt 0.312500 0.125000
vt 0.312500 0.562500
vt 0.312500 0.062500
vt 0.312500 0.500000
vt 0.328125 1.000000
vt 0.328125 0.000000
vt 0.281250 0.687500
vt 0.281250 0.625000
vt 0.281250 0.187500
vt 0.281250 0.125000
vt 0.281250 0.562500
vt 0.281250 0.062500
vt 0.281250 0.500000
vt 0.296875 1.000000
vt 0.281250 0.937500
vt 0.296875 0.000000
vt 0.281250 0.437500
vt 0.281250 0.875000
vt 0.281250 0.375000
vt 0.281250 0.812500
vt 0.281250 0.312500
vt 0.281250 0.750000
vt 0.281250 0.250000
vt 0.250000 0.437500
vt 0.250000 0.375000
vt 0.250000 0.875000
vt 0.250000 0.812500
vt 0.250000 0.312500
vt 0.250000 0.750000
vt 0.250000 0.250000
vt 0.250000 0.687500
vt 0.250000 0.187500
vt 0.250000 0.625000
vt 0.250000 0.125000
vt 0.250000 0.562500
vt 0.250000 0.062500
vt 0.250000 0.500000
vt 0.265625 1.000000
vt 0.250000 0.937500
vt 0.265625 0.000000
vt 0.218750 0.187500
vt 0.218750 0.125000
vt 0.218750 0.625000
vt 0.218750 0.562500
vt 0.218750 0.062500
vt 0.218750 0.500000
vt 0.234375 1.000000
vt 0.218750 0.937500
vt 0.234375 0.000000
vt 0.218750 0.437500
vt 0.218750 0.875000
vt 0.218750 0.375000
vt 0.218750 0.812500
vt 0.218750 0.312500
vt 0.218750 0.750000
vt 0.218750 0.250000
vt 0.218750 0.687500
vt 0.187500 0.875000
vt 0.187500 0.812500
vt 0.187500 0.375000
vt 0.187500 0.312500
vt 0.187500 0.750000
vt 0.187500 0.250000
vt 0.187500 0.687500
vt 0.187500 0.187500
vt 0.187500 0.625000
vt 0.187500 0.125000
vt 0.187500 0.562500
vt 0.187500 0.062500
vt 0.187500 0.500000
vt 0.203125 1.000000
vt 0.187500 0.937500
vt 0.203125 0.000000
vt 0.187500 0.437500
vt 0.156250 0.625000
vt 0.156250 0.562500
vt 0.156250 0.125000
vt 0.156250 0.062500
vt 0.156250 0.500000
vt 0.171875 1.000000
vt 0.156250 0.937500
vt 0.171875 0.000000
vt 0.156250 0.437500
vt 0.156250 0.875000
vt 0.156250 0.375000
vt 0.156250 0.812500
vt 0.156250 0.312500
vt 0.156250 0.750000
vt 0.156250 0.250000
vt 0.156250 0.687500
vt 0.156250 0.187500
vt 0.125000 0.375000
vt 0.125000 0.312500
vt 0.125000 0.812500
vt 0.125000 0.750000
vt 0.125000 0.250000
vt 0.125000 0.687500
vt 0.125000 0.187500
vt 0.125000 0.625000
vt 0.125000 0.125000
vt 0.125000 0.562500
vt 0.125000 0.062500
vt 0.125000 0.500000
vt 0.140625 1.000000
vt 0.125000 0.937500
vt 0.140625 0.000000
vt 0.125000 0.437500
vt 0.125000 0.875000
vt 0.093750 0.125000
vt 0.093750 0.062500
vt 0.093750 0.562500
vt 0.093750 0.500000
vt 0.109375 1.000000
vt 0.093750 0.937500
vt 0.109375 0.000000
vt 0.093750 0.437500
vt 0.093750 0.875000
vt 0.093750 0.375000
vt 0.093750 0.812500
vt 0.093750 0.312500
vt 0.093750 0.750000
vt 0.093750 0.250000
vt 0.093750 0.687500
vt 0.093750 0.187500
vt 0.093750 0.625000
vt 0.062500 0.312500
vt 0.062500 0.250000
vt 0.062500 0.750000
vt 0.062500 0.687500
vt 0.062500 0.187500
vt 0.062500 0.625000
vt 0.062500 0.125000
vt 0.062500 0.562500
vt 0.062500 0.062500
vt 0.062500 0.500000
vt 0.078125 1.000000
vt 0.062500 0.937500
vt 0.078125 0.000000
vt 0.062500 0.437500
vt 0.062500 0.875000
vt 0.062500 0.375000
vt 0.062500 0.812500
vt 0.046875 1.000000
vt 0.031250 0.937500
vt 0.046875 0.000000
vt 0.031250 0.062500
vt 0.031250 0.500000
vt 0.031250 0.437500
vt 0.031250 0.875000
vt 0.031250 0.375000
vt 0.031250 0.812500
vt 0.031250 0.312500
vt 0.031250 0.750000
vt 0.031250 0.250000
vt 0.031250 0.687500
vt 0.031250 0.187500
vt 0.031250 0.625000
vt 0.031250 0.125000
vt 0.031250 0.562500
vt 0.000000 0.750000
vt 0.000000 0.687500
vt 0.000000 0.250000
vt 0.000000 0.187500
vt 0.000000 0.625000
vt 0.000000 0.125000
vt 0.000000 0.562500
vt 0.000000 0.062500
vt 0.000000 0.500000
vt 0.015625 1.000000
vt 0.000000 0.937500
vt 0.015625 0.000000
vt 0.000000 0.437500
vt 0.000000 0.875000
vt 0.000000 0.375000
vt 0.000000 0.812500
vt 0.000000 0.312500
vt 1.000000 0.437500
vt 1.000000 0.500000
vt 0.968750 0.500000
vt 0.968750 0.437500
vt 1.000000 0.875000
vt 1.000000 0.937500
vt 0.968750 0.937500
vt 0.968750 0.875000
vt 1.000000 0.375000
vt 0.968750 0.375000
vt 1.000000 0.812500
vt 0.968750 0.812500
vt 1.000000 0.312500
vt 0.968750 0.312500
vt 1.000000 0.750000
vt 0.968750 0.750000
vt 1.000000 0.250000
vt 0.968750 0.250000
vt 1.000000 0.687500
vt 0.968750 0.687500
vt 1.000000 0.187500
vt 0.968750 0.187500
vt 1.000000 0.625000
vt 0.968750 0.625000
vt 1.000000 0.125000
vt 0.968750 0.125000
vt 1.000000 0.562500
vt 0.968750 0.562500
vt 1.000000 0.062500
vt 0.968750 0.062500
vt 0.984375 1.000000
vt 0.984375 0.000000
vt 0.937500 0.250000
vt 0.937500 0.187500
vt 0.937500 0.687500
vt 0.937500 0.625000
vt 0.937500 0.125000
vt 0.937500 0.562500
vt 0.937500 0.062500
vt 0.937500 0.500000
vt 0.953125 1.000000
vt 0.937500 0.937500
vt 0.953125 0.000000
vt 0.937500 0.437500
vt 0.937500 0.875000
vt 0.937500 0.375000
vt 0.937500 0.812500
vt 0.937500 0.312500
vt 0.937500 0.750000
vt 0.906250 0.937500
vt 0.906250 0.875000
vt 0.906250 0.437500
vt 0.906250 0.375000
vt 0.906250 0.812500
vt 0.906250 0.312500
vt 0.906250 0.750000
vt 0.906250 0.250000
vt 0.906250 0.687500
vt 0.906250 0.187500
vt 0.906250 0.625000
vt 0.906250 0.125000
vt 0.906250 0.562500
vt 0.906250 0.062500
vt 0.906250 0.500000
vt 0.921875 1.000000
vt 0.921875 0.000000
vt 0.875000 0.687500
vt 0.875000 0.625000
vt 0.875000 0.187500
vt 0.875000 0.125000
vt 0.875000 0.562500
vt 0.875000 0.062500
vt 0.875000 0.500000
vt 0.890625 1.000000
vt 0.875000 0.937500
vt 0.890625 0.000000
vt 0.875000 0.437500
vt 0.875000 0.875000
vt 0.875000 0.375000
vt 0.875000 0.812500
vt 0.875000 0.312500
vt 0.875000 0.750000
vt 0.875000 0.250000
vt 0.843750 0.437500
vt 0.843750 0.375000
vt 0.843750 0.875000
vt 0.843750 0.812500
vt 0.843750 0.312500
vt 0.843750 0.750000
vt 0.843750 0.250000
vt 0.843750 0.687500
vt 0.843750 0.187500
vt 0.843750 0.625000
vt 0.843750 0.125000
vt 0.843750 0.562500
vt 0.843750 0.062500
vt 0.843750 0.500000
vt 0.859375 1.000000
vt 0.843750 0.937500
vt 0.859375 0.000000
vt 0.812500 0.187500
vt 0.812500 0.125000
vt 0.812500 0.625000
vt 0.812500 0.562500
vt 0.812500 0.062500
vt 0.812500 0.500000
vt 0.828125 1.000000
vt 0.812500 0.937500
vt 0.828125 0.000000
vt 0.812500 0.437500
vt 0.812500 0.875000
vt 0.812500 0.375000
vt 0.812500 0.812500
vt 0.812500 0.312500
vt 0.812500 0.750000
vt 0.812500 0.250000
vt 0.812500 0.687500
vt 0.781250 0.375000
vt 0.781250 0.312500
vt 0.781250 0.812500
vt 0.781250 0.750000
vt 0.781250 0.250000
vt 0.781250 0.687500
vt 0.781250 0.187500
vt 0.781250 0.625000
vt 0.781250 0.125000
vt 0.781250 0.562500
vt 0.781250 0.062500
vt 0.781250 0.500000
vt 0.796875 1.000000
vt 0.781250 0.937500
vt 0.796875 0.000000
vt 0.781250 0.437500
vt 0.781250 0.875000
vt 0.765625 1.000000
vt 0.765625 0.000000
vn 0.0000 0.1939 -0.9810
vn 0.0000 0.3805 -0.9247
vn 0.1804 0.3805 -0.9070
vn 0.1914 0.1939 -0.9622
vn 0.0000 -0.9796 -0.2010
vn 0.0000 -0.9217 -0.3879
vn 0.0757 -0.9217 -0.3804
vn 0.0392 -0.9796 -0.1971
vn 0.0000 0.0000 -1.0000
vn 0.1951 0.0000 -0.9808
vn 0.0000 0.9796 -0.2010
vn 0.0000 1.0000 0.0000
vn 0.0392 0.9796 -0.1971
vn 0.0000 -1.0000 0.0000
vn 0.0000 -0.1939 -0.9810
vn 0.1914 -0.1939 -0.9622
vn 0.0000 0.9217 -0.3879
vn 0.0757 0.9217 -0.3804
vn 0.0000 -0.3805 -0.9247
vn 0.1804 -0.3805 -0.9070
vn 0.0000 0.8286 -0.5598
vn 0.1092 0.8286 -0.5490
vn 0.0000 -0.5528 -0.8333
vn 0.1626 -0.5528 -0.8173
vn 0.0000 0.7040 -0.7101
vn 0.1385 0.7040 -0.6965
vn 0.0000 -0.7040 -0.7101
vn 0.1385 -0.7040 -0.6965
vn 0.0000 0.5528 -0.8333
vn 0.1626 0.5528 -0.8173
vn 0.0000 -0.8286 -0.5598
vn 0.1092 -0.8286 -0.5490
vn 0.2717 -0.7040 -0.6561
vn 0.2142 -0.8286 -0.5171
vn 0.3189 0.5528 -0.7699
vn 0.3539 0.3805 -0.8544
vn 0.1484 -0.9217 -0.3583
vn 0.3754 0.1939 -0.9063
vn 0.0769 -0.9796 -0.1856
vn 0.3827 0.0000 -0.9239
vn 0.0769 0.9796 -0.1856
vn 0.3754 -0.1939 -0.9063
vn 0.1484 0.9217 -0.3583
vn 0.3539 -0.3805 -0.8544
vn 0.2142 0.8286 -0.5171
vn 0.3189 -0.5528 -0.7699
vn 0.2717 0.7040 -0.6561
vn 0.5450 -0.1939 -0.8157
vn 0.5137 -0.3805 -0.7689
vn 0.2155 0.9217 -0.3225
vn 0.3110 0.8286 -0.4654
vn 0.4630 -0.5528 -0.6929
vn 0.3945 0.7040 -0.5904
vn 0.3945 -0.7040 -0.5904
vn 0.4630 0.5528 -0.6929
vn 0.3110 -0.8286 -0.4654
vn 0.5137 0.3805 -0.7689
vn 0.2155 -0.9217 -0.3225
vn 0.5450 0.1939 -0.8157
vn 0.1116 -0.9796 -0.1671
vn 0.5556 0.0000 -0.8314
vn 0.1116 0.9796 -0.1671
vn 0.3958 -0.8286 -0.3958
vn 0.2743 -0.9217 -0.2743
vn 0.6539 0.3805 -0.6539
vn 0.6937 0.1939 -0.6937
vn 0.1421 -0.9796 -0.1421
vn 0.7071 0.0000 -0.7071
vn 0.1421 0.9796 -0.1421
vn 0.6937 -0.1939 -0.6937
vn 0.2743 0.9217 -0.2743
vn 0.6539 -0.3805 -0.6539
vn 0.3958 0.8286 -0.3958
vn 0.5893 -0.5528 -0.5893
vn 0.5021 0.7040 -0.5021
vn 0.5021 -0.7040 -0.5021
vn 0.5893 0.5528 -0.5893
vn 0.3225 0.9217 -0.2155
vn 0.4654 0.8286 -0.3110
vn 0.7689 -0.3805 -0.5137
vn 0.6929 -0.5528 -0.4630
vn 0.5904 0.7040 -0.3945
vn 0.5904 -0.7040 -0.3945
vn 0.6929 0.5528 -0.4630
vn 0.4654 -0.8286 -0.3110
vn 0.7689 0.3805 -0.5137
vn 0.3225 -0.9217 -0.2155
vn 0.8157 0.1939 -0.5450
vn 0.1671 -0.9796 -0.1116
vn 0.8314 0.0000 -0.5556
vn 0.1671 0.9796 -0.1116
vn 0.8157 -0.1939 -0.5450
vn 0.8544 0.3805 -0.3539
vn 0.9063 0.1939 -0.3754
vn 0.3583 -0.9217 -0.1484
vn 0.1856 -0.9796 -0.0769
vn 0.9239 0.0000 -0.3827
vn 0.1856 0.9796 -0.0769
vn 0.9063 -0.1939 -0.3754
vn 0.3583 0.9217 -0.1484
vn 0.8544 -0.3805 -0.3539
vn 0.5171 0.8286 -0.2142
vn 0.7699 -0.5528 -0.3189
vn 0.6561 0.7040 -0.2717
vn 0.6561 -0.7040 -0.2717
vn 0.7699 0.5528 -0.3189
vn 0.5171 -0.8286 -0.2142
vn 0.9070 -0.3805 -0.1804
vn 0.8173 -0.5528 -0.1626
vn 0.5490 0.8286 -0.1092
vn 0.6965 0.7040 -0.1385
vn 0.6965 -0.7040 -0.1385
vn 0.8173 0.5528 -0.1626
vn 0.5490 -0.8286 -0.1092
vn 0.9070 0.3805 -0.1804
vn 0.3804 -0.9217 -0.0757
vn 0.9622 0.1939 -0.1914
vn 0.1971 -0.9796 -0.0392
vn 0.9808 0.0000 -0.1951
vn 0.1971 0.9796 -0.0392
vn 0.9622 -0.1939 -0.1914
vn 0.3804 0.9217 -0.0757
vn 0.3879 -0.9217 0.0000
vn 0.2010 -0.9796 0.0000
vn 0.9810 0.1939 0.0000
vn 1.0000 0.0000 0.0000
vn 0.2010 0.9796 0.0000
vn 0.9810 -0.1939 0.0000
vn 0.3879 0.9217 0.0000
vn 0.9247 -0.3805 0.0000
vn 0.5598 0.8286 0.0000
vn 0.8333 -0.5528 0.0000
vn 0.7101 0.7040 0.0000
vn 0.7101 -0.7040 0.0000
vn 0.8333 0.5528 0.0000
vn 0.5598 -0.8286 0.0000
vn 0.9247 0.3805 0.0000
vn 0.5490 0.8286 0.1092
vn 0.6965 0.7040 0.1385
vn 0.8173 -0.5528 0.1626
vn 0.6965 -0.7040 0.1385
vn 0.8173 0.5528 0.1626
vn 0.5490 -0.8286 0.1092
vn 0.9070 0.3805 0.1804
vn 0.3804 -0.9217 0.0757
vn 0.9622 0.1939 0.1914
vn 0.1971 -0.9796 0.0392
vn 0.9808 0.0000 0.1951
vn 0.1971 0.9796 0.0392
vn 0.9622 -0.1939 0.1914
vn 0.3804 0.9217 0.0757
vn 0.9070 -0.3805 0.1804
vn 0.9063 0.1939 0.3754
vn 0.9239 0.0000 0.3827
vn 0.1856 0.9796 0.0769
vn 0.1856 -0.9796 0.0769
vn 0.9063 -0.1939 0.3754
vn 0.3583 0.9217 0.1484
vn 0.8544 -0.3805 0.3539
vn 0.5171 0.8286 0.2142
vn 0.7699 -0.5528 0.3189
vn 0.6561 0.7040 0.2717
vn 0.6561 -0.7040 0.2717
vn 0.7699 0.5528 0.3189
vn 0.5171 -0.8286 0.2142
vn 0.8544 0.3805 0.3539
vn 0.3583 -0.9217 0.1484
vn 0.6929 -0.5528 0.4630
vn 0.5904 -0.7040 0.3945
vn 0.5904 0.7040 0.3945
vn 0.6929 0.5528 0.4630
vn 0.4654 -0.8286 0.3110
vn 0.7689 0.3805 0.5137
vn 0.3225 -0.9217 0.2155
vn 0.8157 0.1939 0.5450
vn 0.1671 -0.9796 0.1116
vn 0.8314 0.0000 0.5556
vn 0.1671 0.9796 0.1116
vn 0.8157 -0.1939 0.5450
vn 0.3225 0.9217 0.2155
vn 0.7689 -0.3805 0.5137
vn 0.4654 0.8286 0.3110
vn 0.1421 -0.9796 0.1421
vn 0.7071 0.0000 0.7071
vn 0.6937 -0.1939 0.6937
vn 0.1421 0.9796 0.1421
vn 0.2743 0.9217 0.2743
vn 0.6539 -0.3805 0.6539
vn 0.3958 0.8286 0.3958
vn 0.5893 -0.5528 0.5893
vn 0.5021 0.7040 0.5021
vn 0.5021 -0.7040 0.5021
vn 0.5893 0.5528 0.5893
vn 0.3958 -0.8286 0.3958
vn 0.6539 0.3805 0.6539
vn 0.2743 -0.9217 0.2743
vn 0.6937 0.1939 0.6937
vn 0.3945 -0.7040 0.5904
vn 0.3110 -0.8286 0.4654
vn 0.4630 0.5528 0.6929
vn 0.5137 0.3805 0.7689
vn 0.2155 -0.9217 0.3225
vn 0.5450 0.1939 0.8157
vn 0.1116 -0.9796 0.1671
vn 0.5556 0.0000 0.8314
vn 0.1116 0.9796 0.1671
vn 0.5450 -0.1939 0.8157
vn 0.2155 0.9217 0.3225
vn 0.5137 -0.3805 0.7689
vn 0.3110 0.8286 0.4654
vn 0.4630 -0.5528 0.6929
vn 0.3945 0.7040 0.5904
vn 0.0769 0.9796 0.1856
vn 0.1484 0.9217 0.3583
vn 0.3754 -0.1939 0.9063
vn 0.3539 -0.3805 0.8544
vn 0.2142 0.8286 0.5171
vn 0.3189 -0.5528 0.7699
vn 0.2717 0.7040 0.6561
vn 0.2717 -0.7040 0.6561
vn 0.3189 0.5528 0.7699
vn 0.2142 -0.8286 0.5171
vn 0.3539 0.3805 0.8544
vn 0.1484 -0.9217 0.3583
vn 0.3754 0.1939 0.9063
vn 0.0769 -0.9796 0.1856
vn 0.3827 0.0000 0.9239
vn 0.1626 0.5528 0.8173
vn 0.1804 0.3805 0.9070
vn 0.1092 -0.8286 0.5490
vn 0.0757 -0.9217 0.3804
vn 0.1914 0.1939 0.9622
vn 0.0392 -0.9796 0.1971
vn 0.1951 0.0000 0.9808
vn 0.0392 0.9796 0.1971
vn 0.1914 -0.1939 0.9622
vn 0.0757 0.9217 0.3804
vn 0.1804 -0.3805 0.9070
vn 0.1092 0.8286 0.5490
vn 0.1626 -0.5528 0.8173
vn 0.1385 0.7040 0.6965
vn 0.1385 -0.7040 0.6965
vn 0.0000 -0.1939 0.9810
vn 0.0000 -0.3805 0.9247
vn 0.0000 0.9217 0.3879
vn 0.0000 0.8286 0.5598
vn 0.0000 -0.5528 0.8333
vn 0.0000 0.7040 0.7101
vn 0.0000 -0.7040 0.7101
vn 0.0000 0.5528 0.8333
vn 0.0000 -0.8286 0.5598
vn 0.0000 0.3805 0.9247
vn 0.0000 -0.9217 0.3879
vn 0.0000 0.1939 0.9810
vn 0.0000 -0.9796 0.2010
vn 0.0000 0.0000 1.0000
vn 0.0000 0.9796 0.2010
vn -0.1092 -0.8286 0.5490
vn -0.0757 -0.9217 0.3804
vn -0.1804 0.3805 0.9070
vn -0.1914 0.1939 0.9622
vn -0.0392 -0.9796 0.1971
vn -0.1951 0.0000 0.9808
vn -0.0392 0.9796 0.1971
vn -0.1914 -0.1939 0.9622
vn -0.0757 0.9217 0.3804
vn -0.1804 -0.3805 0.9070
vn -0.1092 0.8286 0.5490
vn -0.1626 -0.5528 0.8173
vn -0.1385 0.7040 0.6965
vn -0.1385 -0.7040 0.6965
vn -0.1626 0.5528 0.8173
vn -0.1484 0.9217 0.3583
vn -0.2142 0.8286 0.5171
vn -0.3539 -0.3805 0.8544
vn -0.3189 -0.5528 0.7699
vn -0.2717 0.7040 0.6561
vn -0.2717 -0.7040 0.6561
vn -0.3189 0.5528 0.7699
vn -0.2142 -0.8286 0.5171
vn -0.3539 0.3805 0.8544
vn -0.1484 -0.9217 0.3583
vn -0.3754 0.1939 0.9063
vn -0.0769 -0.9796 0.1856
vn -0.3827 0.0000 0.9239
vn -0.0769 0.9796 0.1856
vn -0.3754 -0.1939 0.9063
vn -0.5137 0.3805 0.7689
vn -0.5450 0.1939 0.8157
vn -0.2155 -0.9217 0.3225
vn -0.1116 -0.9796 0.1671
vn -0.5556 0.0000 0.8314
vn -0.1116 0.9796 0.1671
vn -0.5450 -0.1939 0.8157
vn -0.2155 0.9217 0.3225
vn -0.5137 -0.3805 0.7689
vn -0.3110 0.8286 0.4654
vn -0.4630 -0.5528 0.6929
vn -0.3945 0.7040 0.5904
vn -0.3945 -0.7040 0.5904
vn -0.4630 0.5528 0.6929
vn -0.3110 -0.8286 0.4654
vn -0.6539 -0.3805 0.6539
vn -0.5893 -0.5528 0.5893
vn -0.3958 0.8286 0.3958
vn -0.5021 0.7040 0.5021
vn -0.5021 -0.7040 0.5021
vn -0.5893 0.5528 0.5893
vn -0.3958 -0.8286 0.3958
vn -0.6539 0.3805 0.6539
vn -0.2743 -0.9217 0.2743
vn -0.6937 0.1939 0.6937
vn -0.1421 -0.9796 0.1421
vn -0.7071 0.0000 0.7071
vn -0.1421 0.9796 0.1421
vn -0.6937 -0.1939 0.6937
vn -0.2743 0.9217 0.2743
vn -0.3225 -0.9217 0.2155
vn -0.1671 -0.9796 0.1116
vn -0.8157 0.1939 0.5450
vn -0.8314 0.0000 0.5556
vn -0.1671 0.9796 0.1116
vn -0.8157 -0.1939 0.5450
vn -0.3225 0.9217 0.2155
vn -0.7689 -0.3805 0.5137
vn -0.4654 0.8286 0.3110
vn -0.6929 -0.5528 0.4630
vn -0.5904 0.7040 0.3945
vn -0.5904 -0.7040 0.3945
vn -0.6929 0.5528 0.4630
vn -0.4654 -0.8286 0.3110
vn -0.7689 0.3805 0.5137
vn -0.7699 -0.5528 0.3189
vn -0.6561 -0.7040 0.2717
vn -0.6561 0.7040 0.2717
vn -0.7699 0.5528 0.3189
vn -0.5171 -0.8286 0.2142
vn -0.8544 0.3805 0.3539
vn -0.3583 -0.9217 0.1484
vn -0.9063 0.1939 0.3754
vn -0.1856 -0.9796 0.0769
vn -0.9239 0.0000 0.3827
vn -0.1856 0.9796 0.0769
vn -0.9063 -0.1939 0.3754
vn -0.3583 0.9217 0.1484
vn -0.8544 -0.3805 0.3539
vn -0.5171 0.8286 0.2142
vn -0.1971 0.9796 0.0392
vn -0.1971 -0.9796 0.0392
vn -0.9808 0.0000 0.1951
vn -0.9622 -0.1939 0.1914
vn -0.3804 0.9217 0.0757
vn -0.9070 -0.3805 0.1804
vn -0.5490 0.8286 0.1092
vn -0.8173 -0.5528 0.1626
vn -0.6965 0.7040 0.1385
vn -0.6965 -0.7040 0.1385
vn -0.8173 0.5528 0.1626
vn -0.5490 -0.8286 0.1092
vn -0.9070 0.3805 0.1804
vn -0.3804 -0.9217 0.0757
vn -0.9622 0.1939 0.1914
vn -0.7101 0.7040 0.0000
vn -0.8333 0.5528 0.0000
vn -0.7101 -0.7040 0.0000
vn -0.5598 -0.8286 0.0000
vn -0.9247 0.3805 0.0000
vn -0.3879 -0.9217 0.0000
vn -0.9810 0.1939 0.0000
vn -0.2010 -0.9796 0.0000
vn -1.0000 0.0000 0.0000
vn -0.2010 0.9796 0.0000
vn -0.9810 -0.1939 0.0000
vn -0.3879 0.9217 0.0000
vn -0.9247 -0.3805 0.0000
vn -0.5598 0.8286 0.0000
vn -0.8333 -0.5528 0.0000
vn -0.9808 0.0000 -0.1951
vn -0.9622 -0.1939 -0.1914
vn -0.1971 0.9796 -0.0392
vn -0.3804 0.9217 -0.0757
vn -0.9070 -0.3805 -0.1804
vn -0.5490 0.8286 -0.1092
vn -0.8173 -0.5528 -0.1626
vn -0.6965 0.7040 -0.1385
vn -0.6965 -0.7040 -0.1385
vn -0.8173 0.5528 -0.1626
vn -0.5490 -0.8286 -0.1092
vn -0.9070 0.3805 -0.1804
vn -0.3804 -0.9217 -0.0757
vn -0.9622 0.1939 -0.1914
vn -0.1971 -0.9796 -0.0392
vn -0.6561 -0.7040 -0.2717
vn -0.5171 -0.8286 -0.2142
vn -0.7699 0.5528 -0.3189
vn -0.8544 0.3805 -0.3539
vn -0.3583 -0.9217 -0.1484
vn -0.9063 0.1939 -0.3754
vn -0.1856 -0.9796 -0.0769
vn -0.9239 0.0000 -0.3827
vn -0.1856 0.9796 -0.0769
vn -0.9063 -0.1939 -0.3754
vn -0.3583 0.9217 -0.1484
vn -0.8544 -0.3805 -0.3539
vn -0.5171 0.8286 -0.2142
vn -0.7699 -0.5528 -0.3189
vn -0.6561 0.7040 -0.2717
vn -0.1671 0.9796 -0.1116
vn -0.3225 0.9217 -0.2155
vn -0.8157 -0.1939 -0.5450
vn -0.7689 -0.3805 -0.5137
vn -0.4654 0.8286 -0.3110
vn -0.6929 -0.5528 -0.4630
vn -0.5904 0.7040 -0.3945
vn -0.5904 -0.7040 -0.3945
vn -0.6929 0.5528 -0.4630
vn -0.4654 -0.8286 -0.3110
vn -0.7689 0.3805 -0.5137
vn -0.3225 -0.9217 -0.2155
vn -0.8157 0.1939 -0.5450
vn -0.1671 -0.9796 -0.1116
vn -0.8314 0.0000 -0.5556
vn -0.5893 0.5528 -0.5893
vn -0.6539 0.3805 -0.6539
vn -0.3958 -0.8286 -0.3958
vn -0.2743 -0.9217 -0.2743
vn -0.6937 0.1939 -0.6937
vn -0.1421 -0.9796 -0.1421
vn -0.7071 0.0000 -0.7071
vn -0.1421 0.9796 -0.1421
vn -0.6937 -0.1939 -0.6937
vn -0.2743 0.9217 -0.2743
vn -0.6539 -0.3805 -0.6539
vn -0.3958 0.8286 -0.3958
vn -0.5893 -0.5528 -0.5893
vn -0.5021 0.7040 -0.5021
vn -0.5021 -0.7040 -0.5021
vn -0.5450 -0.1939 -0.8157
vn -0.5137 -0.3805 -0.7689
vn -0.2155 0.9217 -0.3225
vn -0.3110 0.8286 -0.4654
vn -0.4630 -0.5528 -0.6929
vn -0.3945 0.7040 -0.5904
vn -0.3945 -0.7040 -0.5904
vn -0.4630 0.5528 -0.6929
vn -0.3110 -0.8286 -0.4654
vn -0.5137 0.3805 -0.7689
vn -0.2155 -0.9217 -0.3225
vn -0.5450 0.1939 -0.8157
vn -0.1116 -0.9796 -0.1671
vn -0.5556 0.0000 -0.8314
vn -0.1116 0.9796 -0.1671
vn -0.2142 -0.8286 -0.5171
vn -0.1484 -0.9217 -0.3583
vn -0.3539 0.3805 -0.8544
vn -0.3754 0.1939 -0.9063
vn -0.0769 -0.9796 -0.1856
vn -0.3827 0.0000 -0.9239
vn -0.0769 0.9796 -0.1856
vn -0.3754 -0.1939 -0.9063
vn -0.1484 0.9217 -0.3583
vn -0.3539 -0.3805 -0.8544
vn -0.2142 0.8286 -0.5171
vn -0.3189 -0.5528 -0.7699
vn -0.2717 0.7040 -0.6561
vn -0.2717 -0.7040 -0.6561
vn -0.3189 0.5528 -0.7699
vn -0.1804 -0.3805 -0.9070
vn -0.1626 -0.5528 -0.8173
vn -0.1092 0.8286 -0.5490
vn -0.1385 0.7040 -0.6965
vn -0.1385 -0.7040 -0.6965
vn -0.1626 0.5528 -0.8173
vn -0.1092 -0.8286 -0.5490
vn -0.1804 0.3805 -0.9070
vn -0.0757 -0.9217 -0.3804
vn -0.1914 0.1939 -0.9622
vn -0.0392 -0.9796 -0.1971
vn -0.1951 0.0000 -0.9808
vn -0.0392 0.9796 -0.1971
vn -0.1914 -0.1939 -0.9622
vn -0.0757 0.9217 -0.3804
usemtl metal_v3
s 1
f 864/940/860 863/941/861 873/942/862 874/943/863
f 1339/944/864 1338/945/865 881/946/866 882/947/867
f 865/948/868 864/940/860 874/943/863 875/949/869
f 858/950/870 1154/951/871 868/952/872
f 1063/953/873 1339/944/864 882/947/867
f 866/954/874 865/948/868 875/949/869 876/955/875
f 859/956/876 858/950/870 868/952/872 869/957/877
f 1335/958/878 866/954/874 876/955/875 877/959/879
f 860/960/880 859/956/876 869/957/877 870/961/881
f 1336/962/882 1335/958/878 877/959/879 878/963/883
f 861/964/884 860/960/880 870/961/881 871/965/885
f 1337/966/886 1336/962/882 878/963/883 879/967/887
f 862/968/888 861/964/884 871/965/885 872/969/889
f 867/970/890 1337/966/886 879/967/887 880/971/891
f 863/941/861 862/968/888 872/969/889 873/942/862
f 1338/945/865 867/970/890 880/971/891 881/946/866
f 880/971/891 879/967/887 894/972/892 895/973/893
f 873/942/862 872/969/889 887/974/894 888/975/895
f 881/946/866 880/971/891 895/973/893 896/976/896
f 874/943/863 873/942/862 888/975/895 889/977/897
f 882/947/867 881/946/866 896/976/896 897/978/898
f 875/949/869 874/943/863 889/977/897 890/979/899
f 868/952/872 1154/980/871 883/981/900
f 1063/982/873 882/947/867 897/978/898
f 876/955/875 875/949/869 890/979/899 891/983/901
f 869/957/877 868/952/872 883/981/900 884/984/902
f 877/959/879 876/955/875 891/983/901 892/985/903
f 870/961/881 869/957/877 884/984/902 885/986/904
f 878/963/883 877/959/879 892/985/903 893/987/905
f 871/965/885 870/961/881 885/986/904 886/988/906
f 879/967/887 878/963/883 893/987/905 894/972/892
f 872/969/889 871/965/885 886/988/906 887/974/894
f 892/985/903 891/983/901 906/989/907 907/990/908
f 885/986/904 884/984/902 899/991/909 900/992/910
f 893/987/905 892/985/903 907/990/908 908/993/911
f 886/988/906 885/986/904 900/992/910 901/994/912
f 894/972/892 893/987/905 908/993/911 909/995/913
f 887/974/894 886/988/906 901/994/912 902/996/914
f 895/973/893 894/972/892 909/995/913 910/997/915
f 888/975/895 887/974/894 902/996/914 903/998/916
f 896/976/896 895/973/893 910/997/915 911/999/917
f 889/977/897 888/975/895 903/998/916 904/1000/918
f 897/978/898 896/976/896 911/999/917 912/1001/919
f 890/979/899 889/977/897 904/1000/918 905/1002/920
f 883/981/900 1154/1003/871 898/1004/921
f 1063/1005/873 897/978/898 912/1001/919
f 891/983/901 890/979/899 905/1002/920 906/989/907
f 884/984/902 883/981/900 898/1004/921 899/991/909
f 911/999/917 910/997/915 925/1006/922 926/1007/923
f 904/1000/918 903/998/916 918/1008/924 919/1009/925
f 912/1001/919 911/999/917 926/1007/923 927/1010/926
f 905/1002/920 904/1000/918 919/1009/925 920/1011/927
f 898/1004/921 1154/1012/871 913/1013/928
f 1063/1014/873 912/1001/919 927/1010/926
f 906/989/907 905/1002/920 920/1011/927 921/1015/929
f 899/991/909 898/1004/921 913/1013/928 914/1016/930
f 907/990/908 906/989/907 921/1015/929 922/1017/931
f 900/992/910 899/991/909 914/1016/930 915/1018/932
f 908/993/911 907/990/908 922/1017/931 923/1019/933
f 901/994/912 900/992/910 915/1018/932 916/1020/934
f 909/995/913 908/993/911 923/1019/933 924/1021/935
f 902/996/914 901/994/912 916/1020/934 917/1022/936
f 910/997/915 909/995/913 924/1021/935 925/1006/922
f 903/998/916 902/996/914 917/1022/936 918/1008/924
f 915/1018/932 914/1016/930 929/1023/937 930/1024/938
f 923/1019/933 922/1017/931 937/1025/939 938/1026/940
f 916/1020/934 915/1018/932 930/1024/938 931/1027/941
f 924/1021/935 923/1019/933 938/1026/940 939/1028/942
f 917/1022/936 916/1020/934 931/1027/941 932/1029/943
f 925/1006/922 924/1021/935 939/1028/942 940/1030/944
f 918/1008/924 917/1022/936 932/1029/943 933/1031/945
f 926/1007/923 925/1006/922 940/1030/944 941/1032/946
f 919/1009/925 918/1008/924 933/1031/945 934/1033/947
f 927/1010/926 926/1007/923 941/1032/946 942/1034/948
f 920/1011/927 919/1009/925 934/1033/947 935/1035/949
f 913/1013/928 1154/1036/871 928/1037/950
f 1063/1038/873 927/1010/926 942/1034/948
f 921/1015/929 920/1011/927 935/1035/949 936/1039/951
f 914/1016/930 913/1013/928 928/1037/950 929/1023/937
f 922/1017/931 921/1015/929 936/1039/951 937/1025/939
f 934/1033/947 933/1031/945 948/1040/952 949/1041/953
f 942/1034/948 941/1032/946 956/1042/954 957/1043/955
f 935/1035/949 934/1033/947 949/1041/953 950/1044/956
f 928/1037/950 1154/1045/871 943/1046/957
f 1063/1047/873 942/1034/948 957/1043/955
f 936/1039/951 935/1035/949 950/1044/956 951/1048/958
f 929/1023/937 928/1037/950 943/1046/957 944/1049/959
f 937/1025/939 936/1039/951 951/1048/958 952/1050/960
f 930/1024/938 929/1023/937 944/1049/959 945/1051/961
f 938/1026/940 937/1025/939 952/1050/960 953/1052/962
f 931/1027/941 930/1024/938 945/1051/961 946/1053/963
f 939/1028/942 938/1026/940 953/1052/962 954/1054/964
f 932/1029/943 931/1027/941 946/1053/963 947/1055/965
f 940/1030/944 939/1028/942 954/1054/964 955/1056/966
f 933/1031/945 932/1029/943 947/1055/965 948/1040/952
f 941/1032/946 940/1030/944 955/1056/966 956/1042/954
f 953/1052/962 952/1050/960 967/1057/967 968/1058/968
f 946/1053/963 945/1051/961 960/1059/969 961/1060/970
f 954/1054/964 953/1052/962 968/1058/968 969/1061/971
f 947/1055/965 946/1053/963 961/1060/970 962/1062/972
f 955/1056/966 954/1054/964 969/1061/971 970/1063/973
f 948/1040/952 947/1055/965 962/1062/972 963/1064/974
f 956/1042/954 955/1056/966 970/1063/973 971/1065/975
f 949/1041/953 948/1040/952 963/1064/974 964/1066/976
f 957/1043/955 956/1042/954 971/1065/975 972/1067/977
f 950/1044/956 949/1041/953 964/1066/976 965/1068/978
f 943/1046/957 1154/1069/871 958/1070/979
f 1063/1071/873 957/1043/955 972/1067/977
f 951/1048/958 950/1044/956 965/1068/978 966/1072/980
f 944/1049/959 943/1046/957 958/1070/979 959/1073/981
f 952/1050/960 951/1048/958 966/1072/980 967/1057/967
f 945/1051/961 944/1049/959 959/1073/981 960/1059/969
f 972/1067/977 971/1065/975 986/1074/982 987/1075/983
f 965/1068/978 964/1066/976 979/1076/984 980/1077/985
f 958/1070/979 1154/1078/871 973/1079/986
f 1063/1080/873 972/1067/977 987/1075/983
f 966/1072/980 965/1068/978 980/1077/985 981/1081/987
f 959/1073/981 958/1070/979 973/1079/986 974/1082/988
f 967/1057/967 966/1072/980 981/1081/987 982/1083/989
f 960/1059/969 959/1073/981 974/1082/988 975/1084/990
f 968/1058/968 967/1057/967 982/1083/989 983/1085/991
f 961/1060/970 960/1059/969 975/1084/990 976/1086/992
f 969/1061/971 968/1058/968 983/1085/991 984/1087/993
f 962/1062/972 961/1060/970 976/1086/992 977/1088/994
f 970/1063/973 969/1061/971 984/1087/993 985/1089/995
f 963/1064/974 962/1062/972 977/1088/994 978/1090/996
f 971/1065/975 970/1063/973 985/1089/995 986/1074/982
f 964/1066/976 963/1064/974 978/1090/996 979/1076/984
f 976/1086/992 975/1084/990 990/1091/997 991/1092/998
f 984/1087/993 983/1085/991 998/1093/999 999/1094/1000
f 977/1088/994 976/1086/992 991/1092/998 992/1095/1001
f 985/1089/995 984/1087/993 999/1094/1000 1000/1096/1002
f 978/1090/996 977/1088/994 992/1095/1001 993/1097/1003
f 986/1074/982 985/1089/995 1000/1096/1002 1001/1098/1004
f 979/1076/984 978/1090/996 993/1097/1003 994/1099/1005
f 987/1075/983 986/1074/982 1001/1098/1004 1002/1100/1006
f 980/1077/985 979/1076/984 994/1099/1005 995/1101/1007
f 973/1079/986 1154/1102/871 988/1103/1008
f 1063/1104/873 987/1075/983 1002/1100/1006
f 981/1081/987 980/1077/985 995/1101/1007 996/1105/1009
f 974/1082/988 973/1079/986 988/1103/1008 989/1106/1010
f 982/1083/989 981/1081/987 996/1105/1009 997/1107/1011
f 975/1084/990 974/1082/988 989/1106/1010 990/1091/997
f 983/1085/991 982/1083/989 997/1107/1011 998/1093/999
f 995/1101/1007 994/1099/1005 1009/1108/1012 1010/1109/1013
f 988/1103/1008 1154/1110/871 1003/1111/1014
f 1063/1112/873 1002/1100/1006 1017/1113/1015
f 996/1105/1009 995/1101/1007 1010/1109/1013 1011/1114/1016
f 989/1106/1010 988/1103/1008 1003/1111/1014 1004/1115/1017
f 997/1107/1011 996/1105/1009 1011/1114/1016 1012/1116/1018
f 990/1091/997 989/1106/1010 1004/1115/1017 1005/1117/1019
f 998/1093/999 997/1107/1011 1012/1116/1018 1013/1118/1020
f 991/1092/998 990/1091/997 1005/1117/1019 1006/1119/1021
f 999/1094/1000 998/1093/999 1013/1118/1020 1014/1120/1022
f 992/1095/1001 991/1092/998 1006/1119/1021 1007/1121/1023
f 1000/1096/1002 999/1094/1000 1014/1120/1022 1015/1122/1024
f 993/1097/1003 992/1095/1001 1007/1121/1023 1008/1123/1025
f 1001/1098/1004 1000/1096/1002 1015/1122/1024 1016/1124/1026
f 994/1099/1005 993/1097/1003 1008/1123/1025 1009/1108/1012
f 1002/1100/1006 1001/1098/1004 1016/1124/1026 1017/1113/1015
f 1014/1120/1022 1013/1118/1020 1028/1125/1027 1029/1126/1028
f 1007/1121/1023 1006/1119/1021 1021/1127/1029 1022/1128/1030
f 1015/1122/1024 1014/1120/1022 1029/1126/1028 1030/1129/1031
f 1008/1123/1025 1007/1121/1023 1022/1128/1030 1023/1130/1032
f 1016/1124/1026 1015/1122/1024 1030/1129/1031 1031/1131/1033
f 1009/1108/1012 1008/1123/1025 1023/1130/1032 1024/1132/1034
f 1017/1113/1015 1016/1124/1026 1031/1131/1033 1032/1133/1035
f 1010/1109/1013 1009/1108/1012 1024/1132/1034 1025/1134/1036
f 1003/1111/1014 1154/1135/871 1018/1136/1037
f 1063/1137/873 1017/1113/1015 1032/1133/1035
f 1011/1114/1016 1010/1109/1013 1025/1134/1036 1026/1138/1038
f 1004/1115/1017 1003/1111/1014 1018/1136/1037 1019/1139/1039
f 1012/1116/1018 1011/1114/1016 1026/1138/1038 1027/1140/1040
f 1005/1117/1019 1004/1115/1017 1019/1139/1039 1020/1141/1041
f 1013/1118/1020 1012/1116/1018 1027/1140/1040 1028/1125/1027
f 1006/1119/1021 1005/1117/1019 1020/1141/1041 1021/1127/1029
f 1063/1142/873 1032/1133/1035 1047/1143/1042
f 1026/1138/1038 1025/1134/1036 1040/1144/1043 1041/1145/1044
f 1019/1139/1039 1018/1136/1037 1033/1146/1045 1034/1147/1046
f 1027/1140/1040 1026/1138/1038 1041/1145/1044 1042/1148/1047
f 1020/1141/1041 1019/1139/1039 1034/1147/1046 1035/1149/1048
f 1028/1125/1027 1027/1140/1040 1042/1148/1047 1043/1150/1049
f 1021/1127/1029 1020/1141/1041 1035/1149/1048 1036/1151/1050
f 1029/1126/1028 1028/1125/1027 1043/1150/1049 1044/1152/1051
f 1022/1128/1030 1021/1127/1029 1036/1151/1050 1037/1153/1052
f 1030/1129/1031 1029/1126/1028 1044/1152/1051 1045/1154/1053
f 1023/1130/1032 1022/1128/1030 1037/1153/1052 1038/1155/1054
f 1031/1131/1033 1030/1129/1031 1045/1154/1053 1046/1156/1055
f 1024/1132/1034 1023/1130/1032 1038/1155/1054 1039/1157/1056
f 1032/1133/1035 1031/1131/1033 1046/1156/1055 1047/1143/1042
f 1025/1134/1036 1024/1132/1034 1039/1157/1056 1040/1144/1043
f 1018/1136/1037 1154/1158/871 1033/1146/1045
f 1045/1154/1053 1044/1152/1051 1059/1159/1057 1060/1160/1058
f 1038/1155/1054 1037/1153/1052 1052/1161/1059 1053/1162/1060
f 1046/1156/1055 1045/1154/1053 1060/1160/1058 1061/1163/1061
f 1039/1157/1056 1038/1155/1054 1053/1162/1060 1054/1164/1062
f 1047/1143/1042 1046/1156/1055 1061/1163/1061 1062/1165/1063
f 1040/1144/1043 1039/1157/1056 1054/1164/1062 1055/1166/1064
f 1033/1146/1045 1154/1167/871 1048/1168/1065
f 1063/1169/873 1047/1143/1042 1062/1165/1063
f 1041/1145/1044 1040/1144/1043 1055/1166/1064 1056/1170/1066
f 1034/1147/1046 1033/1146/1045 1048/1168/1065 1049/1171/1067
f 1042/1148/1047 1041/1145/1044 1056/1170/1066 1057/1172/1068
f 1035/1149/1048 1034/1147/1046 1049/1171/1067 1050/1173/1069
f 1043/1150/1049 1042/1148/1047 1057/1172/1068 1058/1174/1070
f 1036/1151/1050 1035/1149/1048 1050/1173/1069 1051/1175/1071
f 1044/1152/1051 1043/1150/1049 1058/1174/1070 1059/1159/1057
f 1037/1153/1052 1036/1151/1050 1051/1175/1071 1052/1161/1059
f 1049/1171/1067 1048/1168/1065 1064/1176/1072 1065/1177/1073
f 1057/1172/1068 1056/1170/1066 1072/1178/1074 1073/1179/1075
f 1050/1173/1069 1049/1171/1067 1065/1177/1073 1066/1180/1076
f 1058/1174/1070 1057/1172/1068 1073/1179/1075 1074/1181/1077
f 1051/1175/1071 1050/1173/1069 1066/1180/1076 1067/1182/1078
f 1059/1159/1057 1058/1174/1070 1074/1181/1077 1075/1183/1079
f 1052/1161/1059 1051/1175/1071 1067/1182/1078 1068/1184/1080
f 1060/1160/1058 1059/1159/1057 1075/1183/1079 1076/1185/1081
f 1053/1162/1060 1052/1161/1059 1068/1184/1080 1069/1186/1082
f 1061/1163/1061 1060/1160/1058 1076/1185/1081 1077/1187/1083
f 1054/1164/1062 1053/1162/1060 1069/1186/1082 1070/1188/1084
f 1062/1165/1063 1061/1163/1061 1077/1187/1083 1078/1189/1085
f 1055/1166/1064 1054/1164/1062 1070/1188/1084 1071/1190/1086
f 1048/1168/1065 1154/1191/871 1064/1176/1072
f 1063/1192/873 1062/1165/1063 1078/1189/1085
f 1056/1170/1066 1055/1166/1064 1071/1190/1086 1072/1178/1074
f 1069/1186/1082 1068/1184/1080 1083/1193/1087 1084/1194/1088
f 1077/1187/1083 1076/1185/1081 1091/1195/1089 1092/1196/1090
f 1070/1188/1084 1069/1186/1082 1084/1194/1088 1085/1197/1091
f 1078/1189/1085 1077/1187/1083 1092/1196/1090 1093/1198/1092
f 1071/1190/1086 1070/1188/1084 1085/1197/1091 1086/1199/1093
f 1064/1176/1072 1154/1200/871 1079/1201/1094
f 1063/1202/873 1078/1189/1085 1093/1198/1092
f 1072/1178/1074 1071/1190/1086 1086/1199/1093 1087/1203/1095
f 1065/1177/1073 1064/1176/1072 1079/1201/1094 1080/1204/1096
f 1073/1179/1075 1072/1178/1074 1087/1203/1095 1088/1205/1097
f 1066/1180/1076 1065/1177/1073 1080/1204/1096 1081/1206/1098
f 1074/1181/1077 1073/1179/1075 1088/1205/1097 1089/1207/1099
f 1067/1182/1078 1066/1180/1076 1081/1206/1098 1082/1208/1100
f 1075/1183/1079 1074/1181/1077 1089/1207/1099 1090/1209/1101
f 1068/1184/1080 1067/1182/1078 1082/1208/1100 1083/1193/1087
f 1076/1185/1081 1075/1183/1079 1090/1209/1101 1091/1195/1089
f 1088/1205/1097 1087/1203/1095 1102/1210/1102 1103/1211/1103
f 1081/1206/1098 1080/1204/1096 1095/1212/1104 1096/1213/1105
f 1089/1207/1099 1088/1205/1097 1103/1211/1103 1104/1214/1106
f 1082/1208/1100 1081/1206/1098 1096/1213/1105 1097/1215/1107
f 1090/1209/1101 1089/1207/1099 1104/1214/1106 1105/1216/1108
f 1083/1193/1087 1082/1208/1100 1097/1215/1107 1098/1217/1109
f 1091/1195/1089 1090/1209/1101 1105/1216/1108 1106/1218/1110
f 1084/1194/1088 1083/1193/1087 1098/1217/1109 1099/1219/1111
f 1092/1196/1090 1091/1195/1089 1106/1218/1110 1107/1220/1112
f 1085/1197/1091 1084/1194/1088 1099/1219/1111 1100/1221/1113
f 1093/1198/1092 1092/1196/1090 1107/1220/1112 1108/1222/1114
f 1086/1199/1093 1085/1197/1091 1100/1221/1113 1101/1223/1115
f 1079/1201/1094 1154/1224/871 1094/1225/1116
f 1063/1226/873 1093/1198/1092 1108/1222/1114
f 1087/1203/1095 1086/1199/1093 1101/1223/1115 1102/1210/1102
f 1080/1204/1096 1079/1201/1094 1094/1225/1116 1095/1212/1104
f 1107/1220/1112 1106/1218/1110 1121/1227/1117 1122/1228/1118
f 1100/1221/1113 1099/1219/1111 1114/1229/1119 1115/1230/1120
f 1108/1222/1114 1107/1220/1112 1122/1228/1118 1123/1231/1121
f 1101/1223/1115 1100/1221/1113 1115/1230/1120 1116/1232/1122
f 1094/1225/1116 1154/1233/871 1109/1234/1123
f 1063/1235/873 1108/1222/1114 1123/1231/1121
f 1102/1210/1102 1101/1223/1115 1116/1232/1122 1117/1236/1124
f 1095/1212/1104 1094/1225/1116 1109/1234/1123 1110/1237/1125
f 1103/1211/1103 1102/1210/1102 1117/1236/1124 1118/1238/1126
f 1096/1213/1105 1095/1212/1104 1110/1237/1125 1111/1239/1127
f 1104/1214/1106 1103/1211/1103 1118/1238/1126 1119/1240/1128
f 1097/1215/1107 1096/1213/1105 1111/1239/1127 1112/1241/1129
f 1105/1216/1108 1104/1214/1106 1119/1240/1128 1120/1242/1130
f 1098/1217/1109 1097/1215/1107 1112/1241/1129 1113/1243/1131
f 1106/1218/1110 1105/1216/1108 1120/1242/1130 1121/1227/1117
f 1099/1219/1111 1098/1217/1109 1113/1243/1131 1114/1229/1119
f 1111/1239/1127 1110/1237/1125 1125/1244/1132 1126/1245/1133
f 1119/1240/1128 1118/1238/1126 1133/1246/1134 1134/1247/1135
f 1112/1241/1129 1111/1239/1127 1126/1245/1133 1127/1248/1136
f 1120/1242/1130 1119/1240/1128 1134/1247/1135 1135/1249/1137
f 1113/1243/1131 1112/1241/1129 1127/1248/1136 1128/1250/1138
f 1121/1227/1117 1120/1242/1130 1135/1249/1137 1136/1251/1139
f 1114/1229/1119 1113/1243/1131 1128/1250/1138 1129/1252/1140
f 1122/1228/1118 1121/1227/1117 1136/1251/1139 1137/1253/1141
f 1115/1230/1120 1114/1229/1119 1129/1252/1140 1130/1254/1142
f 1123/1231/1121 1122/1228/1118 1137/1253/1141 1138/1255/1143
f 1116/1232/1122 1115/1230/1120 1130/1254/1142 1131/1256/1144
f 1109/1234/1123 1154/1257/871 1124/1258/1145
f 1063/1259/873 1123/1231/1121 1138/1255/1143
f 1117/1236/1124 1116/1232/1122 1131/1256/1144 1132/1260/1146
f 1110/1237/1125 1109/1234/1123 1124/1258/1145 1125/1244/1132
f 1118/1238/1126 1117/1236/1124 1132/1260/1146 1133/1246/1134
f 1130/1254/1142 1129/1252/1140 1144/1261/1147 1145/1262/1148
f 1138/1255/1143 1137/1253/1141 1152/1263/1149 1153/1264/1150
f 1131/1256/1144 1130/1254/1142 1145/1262/1148 1146/1265/1151
f 1124/1258/1145 1154/1266/871 1139/1267/1152
f 1063/1268/873 1138/1255/1143 1153/1264/1150
f 1132/1260/1146 1131/1256/1144 1146/1265/1151 1147/1269/1153
f 1125/1244/1132 1124/1258/1145 1139/1267/1152 1140/1270/1154
f 1133/1246/1134 1132/1260/1146 1147/1269/1153 1148/1271/1155
f 1126/1245/1133 1125/1244/1132 1140/1270/1154 1141/1272/1156
f 1134/1247/1135 1133/1246/1134 1148/1271/1155 1149/1273/1157
f 1127/1248/1136 1126/1245/1133 1141/1272/1156 1142/1274/1158
f 1135/1249/1137 1134/1247/1135 1149/1273/1157 1150/1275/1159
f 1128/1250/1138 1127/1248/1136 1142/1274/1158 1143/1276/1160
f 1136/1251/1139 1135/1249/1137 1150/1275/1159 1151/1277/1161
f 1129/1252/1140 1128/1250/1138 1143/1276/1160 1144/1261/1147
f 1137/1253/1141 1136/1251/1139 1151/1277/1161 1152/1263/1149
f 1149/1273/1157 1148/1271/1155 1164/1278/1162 1165/1279/1163
f 1142/1274/1158 1141/1272/1156 1157/1280/1164 1158/1281/1165
f 1150/1275/1159 1149/1273/1157 1165/1279/1163 1166/1282/1166
f 1143/1276/1160 1142/1274/1158 1158/1281/1165 1159/1283/1167
f 1151/1277/1161 1150/1275/1159 1166/1282/1166 1167/1284/1168
f 1144/1261/1147 1143/1276/1160 1159/1283/1167 1160/1285/1169
f 1152/1263/1149 1151/1277/1161 1167/1284/1168 1168/1286/1170
f 1145/1262/1148 1144/1261/1147 1160/1285/1169 1161/1287/1171
f 1153/1264/1150 1152/1263/1149 1168/1286/1170 1169/1288/1172
f 1146/1265/1151 1145/1262/1148 1161/1287/1171 1162/1289/1173
f 1139/1267/1152 1154/1290/871 1155/1291/1174
f 1063/1292/873 1153/1264/1150 1169/1288/1172
f 1147/1269/1153 1146/1265/1151 1162/1289/1173 1163/1293/1175
f 1140/1270/1154 1139/1267/1152 1155/1291/1174 1156/1294/1176
f 1148/1271/1155 1147/1269/1153 1163/1293/1175 1164/1278/1162
f 1141/1272/1156 1140/1270/1154 1156/1294/1176 1157/1280/1164
f 1169/1288/1172 1168/1286/1170 1183/1295/1177 1184/1296/1178
f 1162/1289/1173 1161/1287/1171 1176/1297/1179 1177/1298/1180
f 1155/1291/1174 1154/1299/871 1170/1300/1181
f 1063/1301/873 1169/1288/1172 1184/1296/1178
f 1163/1293/1175 1162/1289/1173 1177/1298/1180 1178/1302/1182
f 1156/1294/1176 1155/1291/1174 1170/1300/1181 1171/1303/1183
f 1164/1278/1162 1163/1293/1175 1178/1302/1182 1179/1304/1184
f 1157/1280/1164 1156/1294/1176 1171/1303/1183 1172/1305/1185
f 1165/1279/1163 1164/1278/1162 1179/1304/1184 1180/1306/1186
f 1158/1281/1165 1157/1280/1164 1172/1305/1185 1173/1307/1187
f 1166/1282/1166 1165/1279/1163 1180/1306/1186 1181/1308/1188
f 1159/1283/1167 1158/1281/1165 1173/1307/1187 1174/1309/1189
f 1167/1284/1168 1166/1282/1166 1181/1308/1188 1182/1310/1190
f 1160/1285/1169 1159/1283/1167 1174/1309/1189 1175/1311/1191
f 1168/1286/1170 1167/1284/1168 1182/1310/1190 1183/1295/1177
f 1161/1287/1171 1160/1285/1169 1175/1311/1191 1176/1297/1179
f 1181/1308/1188 1180/1306/1186 1195/1312/1192 1196/1313/1193
f 1174/1309/1189 1173/1307/1187 1188/1314/1194 1189/1315/1195
f 1182/1310/1190 1181/1308/1188 1196/1313/1193 1197/1316/1196
f 1175/1311/1191 1174/1309/1189 1189/1315/1195 1190/1317/1197
f 1183/1295/1177 1182/1310/1190 1197/1316/1196 1198/1318/1198
f 1176/1297/1179 1175/1311/1191 1190/1317/1197 1191/1319/1199
f 1184/1296/1178 1183/1295/1177 1198/1318/1198 1199/1320/1200
f 1177/1298/1180 1176/1297/1179 1191/1319/1199 1192/1321/1201
f 1170/1300/1181 1154/1322/871 1185/1323/1202
f 1063/1324/873 1184/1296/1178 1199/1320/1200
f 1178/1302/1182 1177/1298/1180 1192/1321/1201 1193/1325/1203
f 1171/1303/1183 1170/1300/1181 1185/1323/1202 1186/1326/1204
f 1179/1304/1184 1178/1302/1182 1193/1325/1203 1194/1327/1205
f 1172/1305/1185 1171/1303/1183 1186/1326/1204 1187/1328/1206
f 1180/1306/1186 1179/1304/1184 1194/1327/1205 1195/1312/1192
f 1173/1307/1187 1172/1305/1185 1187/1328/1206 1188/1314/1194
f 1185/1323/1202 1154/1329/871 1200/1330/1207
f 1063/1331/873 1199/1320/1200 1214/1332/1208
f 1193/1325/1203 1192/1321/1201 1207/1333/1209 1208/1334/1210
f 1186/1326/1204 1185/1323/1202 1200/1330/1207 1201/1335/1211
f 1194/1327/1205 1193/1325/1203 1208/1334/1210 1209/1336/1212
f 1187/1328/1206 1186/1326/1204 1201/1335/1211 1202/1337/1213
f 1195/1312/1192 1194/1327/1205 1209/1336/1212 1210/1338/1214
f 1188/1314/1194 1187/1328/1206 1202/1337/1213 1203/1339/1215
f 1196/1313/1193 1195/1312/1192 1210/1338/1214 1211/1340/1216
f 1189/1315/1195 1188/1314/1194 1203/1339/1215 1204/1341/1217
f 1197/1316/1196 1196/1313/1193 1211/1340/1216 1212/1342/1218
f 1190/1317/1197 1189/1315/1195 1204/1341/1217 1205/1343/1219
f 1198/1318/1198 1197/1316/1196 1212/1342/1218 1213/1344/1220
f 1191/1319/1199 1190/1317/1197 1205/1343/1219 1206/1345/1221
f 1199/1320/1200 1198/1318/1198 1213/1344/1220 1214/1332/1208
f 1192/1321/1201 1191/1319/1199 1206/1345/1221 1207/1333/1209
f 1204/1341/1217 1203/1339/1215 1218/1346/1222 1219/1347/1223
f 1212/1342/1218 1211/1340/1216 1226/1348/1224 1227/1349/1225
f 1205/1343/1219 1204/1341/1217 1219/1347/1223 1220/1350/1226
f 1213/1344/1220 1212/1342/1218 1227/1349/1225 1228/1351/1227
f 1206/1345/1221 1205/1343/1219 1220/1350/1226 1221/1352/1228
f 1214/1332/1208 1213/1344/1220 1228/1351/1227 1229/1353/1229
f 1207/1333/1209 1206/1345/1221 1221/1352/1228 1222/1354/1230
f 1200/1330/1207 1154/1355/871 1215/1356/1231
f 1063/1357/873 1214/1332/1208 1229/1353/1229
f 1208/1334/1210 1207/1333/1209 1222/1354/1230 1223/1358/1232
f 1201/1335/1211 1200/1330/1207 1215/1356/1231 1216/1359/1233
f 1209/1336/1212 1208/1334/1210 1223/1358/1232 1224/1360/1234
f 1202/1337/1213 1201/1335/1211 1216/1359/1233 1217/1361/1235
f 1210/1338/1214 1209/1336/1212 1224/1360/1234 1225/1362/1236
f 1203/1339/1215 1202/1337/1213 1217/1361/1235 1218/1346/1222
f 1211/1340/1216 1210/1338/1214 1225/1362/1236 1226/1348/1224
f 1223/1363/1232 1222/1364/1230 1237/1365/1237 1238/1366/1238
f 1216/1367/1233 1215/1368/1231 1230/1369/1239 1231/1370/1240
f 1224/1371/1234 1223/1363/1232 1238/1366/1238 1239/1372/1241
f 1217/1373/1235 1216/1367/1233 1231/1370/1240 1232/1374/1242
f 1225/1375/1236 1224/1371/1234 1239/1372/1241 1240/1376/1243
f 1218/1377/1222 1217/1373/1235 1232/1374/1242 1233/1378/1244
f 1226/1379/1224 1225/1375/1236 1240/1376/1243 1241/1380/1245
f 1219/1381/1223 1218/1377/1222 1233/1378/1244 1234/1382/1246
f 1227/1383/1225 1226/1379/1224 1241/1380/1245 1242/1384/1247
f 1220/1385/1226 1219/1381/1223 1234/1382/1246 1235/1386/1248
f 1228/1387/1227 1227/1383/1225 1242/1384/1247 1243/1388/1249
f 1221/1389/1228 1220/1385/1226 1235/1386/1248 1236/1390/1250
f 1229/1391/1229 1228/1387/1227 1243/1388/1249 1244/1392/1251
f 1222/1364/1230 1221/1389/1228 1236/1390/1250 1237/1365/1237
f 1215/1368/1231 1154/1393/871 1230/1369/1239
f 1063/1394/873 1229/1391/1229 1244/1392/1251
f 1242/1384/1247 1241/1380/1245 1256/1395/1252 1257/1396/1253
f 1235/1386/1248 1234/1382/1246 1249/1397/1254 1250/1398/1255
f 1243/1388/1249 1242/1384/1247 1257/1396/1253 1258/1399/1256
f 1236/1390/1250 1235/1386/1248 1250/1398/1255 1251/1400/1257
f 1244/1392/1251 1243/1388/1249 1258/1399/1256 1259/1401/1258
f 1237/1365/1237 1236/1390/1250 1251/1400/1257 1252/1402/1259
f 1230/1369/1239 1154/1403/871 1245/1404/1260
f 1063/1405/873 1244/1392/1251 1259/1401/1258
f 1238/1366/1238 1237/1365/1237 1252/1402/1259 1253/1406/1261
f 1231/1370/1240 1230/1369/1239 1245/1404/1260 1246/1407/1262
f 1239/1372/1241 1238/1366/1238 1253/1406/1261 1254/1408/1263
f 1232/1374/1242 1231/1370/1240 1246/1407/1262 1247/1409/1264
f 1240/1376/1243 1239/1372/1241 1254/1408/1263 1255/1410/1265
f 1233/1378/1244 1232/1374/1242 1247/1409/1264 1248/1411/1266
f 1241/1380/1245 1240/1376/1243 1255/1410/1265 1256/1395/1252
f 1234/1382/1246 1233/1378/1244 1248/1411/1266 1249/1397/1254
f 1246/1407/1262 1245/1404/1260 1260/1412/1267 1261/1413/1268
f 1254/1408/1263 1253/1406/1261 1268/1414/1269 1269/1415/1270
f 1247/1409/1264 1246/1407/1262 1261/1413/1268 1262/1416/1271
f 1255/1410/1265 1254/1408/1263 1269/1415/1270 1270/1417/1272
f 1248/1411/1266 1247/1409/1264 1262/1416/1271 1263/1418/1273
f 1256/1395/1252 1255/1410/1265 1270/1417/1272 1271/1419/1274
f 1249/1397/1254 1248/1411/1266 1263/1418/1273 1264/1420/1275
f 1257/1396/1253 1256/1395/1252 1271/1419/1274 1272/1421/1276
f 1250/1398/1255 1249/1397/1254 1264/1420/1275 1265/1422/1277
f 1258/1399/1256 1257/1396/1253 1272/1421/1276 1273/1423/1278
f 1251/1400/1257 1250/1398/1255 1265/1422/1277 1266/1424/1279
f 1259/1401/1258 1258/1399/1256 1273/1423/1278 1274/1425/1280
f 1252/1402/1259 1251/1400/1257 1266/1424/1279 1267/1426/1281
f 1245/1404/1260 1154/1427/871 1260/1412/1267
f 1063/1428/873 1259/1401/1258 1274/1425/1280
f 1253/1406/1261 1252/1402/1259 1267/1426/1281 1268/1414/1269
f 1265/1422/1277 1264/1420/1275 1279/1429/1282 1280/1430/1283
f 1273/1423/1278 1272/1421/1276 1287/1431/1284 1288/1432/1285
f 1266/1424/1279 1265/1422/1277 1280/1430/1283 1281/1433/1286
f 1274/1425/1280 1273/1423/1278 1288/1432/1285 1289/1434/1287
f 1267/1426/1281 1266/1424/1279 1281/1433/1286 1282/1435/1288
f 1260/1412/1267 1154/1436/871 1275/1437/1289
f 1063/1438/873 1274/1425/1280 1289/1434/1287
f 1268/1414/1269 1267/1426/1281 1282/1435/1288 1283/1439/1290
f 1261/1413/1268 1260/1412/1267 1275/1437/1289 1276/1440/1291
f 1269/1415/1270 1268/1414/1269 1283/1439/1290 1284/1441/1292
f 1262/1416/1271 1261/1413/1268 1276/1440/1291 1277/1442/1293
f 1270/1417/1272 1269/1415/1270 1284/1441/1292 1285/1443/1294
f 1263/1418/1273 1262/1416/1271 1277/1442/1293 1278/1444/1295
f 1271/1419/1274 1270/1417/1272 1285/1443/1294 1286/1445/1296
f 1264/1420/1275 1263/1418/1273 1278/1444/1295 1279/1429/1282
f 1272/1421/1276 1271/1419/1274 1286/1445/1296 1287/1431/1284
f 1284/1441/1292 1283/1439/1290 1298/1446/1297 1299/1447/1298
f 1277/1442/1293 1276/1440/1291 1291/1448/1299 1292/1449/1300
f 1285/1443/1294 1284/1441/1292 1299/1447/1298 1300/1450/1301
f 1278/1444/1295 1277/1442/1293 1292/1449/1300 1293/1451/1302
f 1286/1445/1296 1285/1443/1294 1300/1450/1301 1301/1452/1303
f 1279/1429/1282 1278/1444/1295 1293/1451/1302 1294/1453/1304
f 1287/1431/1284 1286/1445/1296 1301/1452/1303 1302/1454/1305
f 1280/1430/1283 1279/1429/1282 1294/1453/1304 1295/1455/1306
f 1288/1432/1285 1287/1431/1284 1302/1454/1305 1303/1456/1307
f 1281/1433/1286 1280/1430/1283 1295/1455/1306 1296/1457/1308
f 1289/1434/1287 1288/1432/1285 1303/1456/1307 1304/1458/1309
f 1282/1435/1288 1281/1433/1286 1296/1457/1308 1297/1459/1310
f 1275/1437/1289 1154/1460/871 1290/1461/1311
f 1063/1462/873 1289/1434/1287 1304/1458/1309
f 1283/1439/1290 1282/1435/1288 1297/1459/1310 1298/1446/1297
f 1276/1440/1291 1275/1437/1289 1290/1461/1311 1291/1448/1299
f 1303/1456/1307 1302/1454/1305 1317/1463/1312 1318/1464/1313
f 1296/1457/1308 1295/1455/1306 1310/1465/1314 1311/1466/1315
f 1304/1458/1309 1303/1456/1307 1318/1464/1313 1319/1467/1316
f 1297/1459/1310 1296/1457/1308 1311/1466/1315 1312/1468/1317
f 1290/1461/1311 1154/1469/871 1305/1470/1318
f 1063/1471/873 1304/1458/1309 1319/1467/1316
f 1298/1446/1297 1297/1459/1310 1312/1468/1317 1313/1472/1319
f 1291/1448/1299 1290/1461/1311 1305/1470/1318 1306/1473/1320
f 1299/1447/1298 1298/1446/1297 1313/1472/1319 1314/1474/1321
f 1292/1449/1300 1291/1448/1299 1306/1473/1320 1307/1475/1322
f 1300/1450/1301 1299/1447/1298 1314/1474/1321 1315/1476/1323
f 1293/1451/1302 1292/1449/1300 1307/1475/1322 1308/1477/1324
f 1301/1452/1303 1300/1450/1301 1315/1476/1323 1316/1478/1325
f 1294/1453/1304 1293/1451/1302 1308/1477/1324 1309/1479/1326
f 1302/1454/1305 1301/1452/1303 1316/1478/1325 1317/1463/1312
f 1295/1455/1306 1294/1453/1304 1309/1479/1326 1310/1465/1314
f 1315/1476/1323 1314/1474/1321 1329/1480/1327 1330/1481/1328
f 1308/1477/1324 1307/1475/1322 1322/1482/1329 1323/1483/1330
f 1316/1478/1325 1315/1476/1323 1330/1481/1328 1331/1484/1331
f 1309/1479/1326 1308/1477/1324 1323/1483/1330 1324/1485/1332
f 1317/1463/1312 1316/1478/1325 1331/1484/1331 1332/1486/1333
f 1310/1465/1314 1309/1479/1326 1324/1485/1332 1325/1487/1334
f 1318/1464/1313 1317/1463/1312 1332/1486/1333 1333/1488/1335
f 1311/1466/1315 1310/1465/1314 1325/1487/1334 1326/1489/1336
f 1319/1467/1316 1318/1464/1313 1333/1488/1335 1334/1490/1337
f 1312/1468/1317 1311/1466/1315 1326/1489/1336 1327/1491/1338
f 1305/1470/1318 1154/1492/871 1320/1493/1339
f 1063/1494/873 1319/1467/1316 1334/1490/1337
f 1313/1472/1319 1312/1468/1317 1327/1491/1338 1328/1495/1340
f 1306/1473/1320 1305/1470/1318 1320/1493/1339 1321/1496/1341
f 1314/1474/1321 1313/1472/1319 1328/1495/1340 1329/1480/1327
f 1307/1475/1322 1306/1473/1320 1321/1496/1341 1322/1482/1329
f 1334/1490/1337 1333/1488/1335 1338/945/865 1339/944/864
f 1327/1491/1338 1326/1489/1336 864/940/860 865/948/868
f 1320/1493/1339 1154/1497/871 858/950/870
f 1063/1498/873 1334/1490/1337 1339/944/864
f 1328/1495/1340 1327/1491/1338 865/948/868 866/954/874
f 1321/1496/1341 1320/1493/1339 858/950/870 859/956/876
f 1329/1480/1327 1328/1495/1340 866/954/874 1335/958/878
f 1322/1482/1329 1321/1496/1341 859/956/876 860/960/880
f 1330/1481/1328 1329/1480/1327 1335/958/878 1336/962/882
f 1323/1483/1330 1322/1482/1329 860/960/880 861/964/884
f 1331/1484/1331 1330/1481/1328 1336/962/882 1337/966/886
f 1324/1485/1332 1323/1483/1330 861/964/884 862/968/888
f 1332/1486/1333 1331/1484/1331 1337/966/886 867/970/890
f 1325/1487/1334 1324/1485/1332 862/968/888 863/941/861
f 1333/1488/1335 1332/1486/1333 867/970/890 1338/945/865
f 1326/1489/1336 1325/1487/1334 863/941/861 864/940/860
