<?xml version="1.0" encoding="utf-8"?>
<COLLADA xmlns="http://www.collada.org/2005/11/COLLADASchema" version="1.4.1">
	<asset>
		<contributor>
			<author>Mecabricks User</author>
			<authoring_tool>Mecabricks 6.0</authoring_tool>
		</contributor>
		<created>2025-11-05 T 00:30:08</created>
		<modified>2025-11-05 T 00:30:08</modified>
		<unit name="millimeter" meter="0.001"/>
		<up_axis>Y_UP</up_axis>
	</asset>
	<library_images>
		<image id="2o9058" name="2o9058">
			<init_from>textures/2/official/color/3815d803.png</init_from>
		</image>
		<image id="2o9059" name="2o9059">
			<init_from>textures/2/official/color/3816d803.png</init_from>
		</image>
		<image id="2o9060" name="2o9060">
			<init_from>textures/2/official/color/3817d803.png</init_from>
		</image>
		<image id="1o7545" name="1o7545">
			<init_from>textures/1/official/decoration/3814d931.png</init_from>
		</image>
		<image id="2o258" name="2o258">
			<init_from>textures/2/official/color/3626d1327.png</init_from>
		</image>
	</library_images>
	<library_effects>
		<effect id="MB|26|2o9058-effect">
			<profile_COMMON>
				<newparam sid="2o9058-surface">
					<surface type="2D">
						<init_from>2o9058</init_from>
					</surface>
				</newparam>
				<newparam sid="2o9058-sampler">
					<sampler2D>
						<source>2o9058-surface</source>
					</sampler2D>
				</newparam>
				<technique sid="common">
					<phong>
						<diffuse>
							<texture texture="2o9058-sampler" texcoord="MB|26|2o9058-uvmap"/>
						</diffuse>
						<index_of_refraction>
							<float sid="index_of_refraction">0</float>
						</index_of_refraction>
					</phong>
				</technique>
			</profile_COMMON>
		</effect>
		<effect id="MB|26|2o9059-effect">
			<profile_COMMON>
				<newparam sid="2o9059-surface">
					<surface type="2D">
						<init_from>2o9059</init_from>
					</surface>
				</newparam>
				<newparam sid="2o9059-sampler">
					<sampler2D>
						<source>2o9059-surface</source>
					</sampler2D>
				</newparam>
				<technique sid="common">
					<phong>
						<diffuse>
							<texture texture="2o9059-sampler" texcoord="MB|26|2o9059-uvmap"/>
						</diffuse>
						<index_of_refraction>
							<float sid="index_of_refraction">0</float>
						</index_of_refraction>
					</phong>
				</technique>
			</profile_COMMON>
		</effect>
		<effect id="MB|26|2o9060-effect">
			<profile_COMMON>
				<newparam sid="2o9060-surface">
					<surface type="2D">
						<init_from>2o9060</init_from>
					</surface>
				</newparam>
				<newparam sid="2o9060-sampler">
					<sampler2D>
						<source>2o9060-surface</source>
					</sampler2D>
				</newparam>
				<technique sid="common">
					<phong>
						<diffuse>
							<texture texture="2o9060-sampler" texcoord="MB|26|2o9060-uvmap"/>
						</diffuse>
						<index_of_refraction>
							<float sid="index_of_refraction">0</float>
						</index_of_refraction>
					</phong>
				</technique>
			</profile_COMMON>
		</effect>
		<effect id="MB|26|1o7545-effect">
			<profile_COMMON>
				<newparam sid="1o7545-surface">
					<surface type="2D">
						<init_from>1o7545</init_from>
					</surface>
				</newparam>
				<newparam sid="1o7545-sampler">
					<sampler2D>
						<source>1o7545-surface</source>
					</sampler2D>
				</newparam>
				<technique sid="common">
					<phong>
						<diffuse>
							<texture texture="1o7545-sampler" texcoord="MB|26|1o7545-uvmap"/>
						</diffuse>
						<index_of_refraction>
							<float sid="index_of_refraction">0</float>
						</index_of_refraction>
					</phong>
				</technique>
			</profile_COMMON>
		</effect>
		<effect id="MB|26-effect">
			<profile_COMMON>
				<technique sid="common">
					<phong>
						<diffuse>
							<color sid="diffuse">0.005181516700061659 0.005181516700061659 0.005181516700061659 1</color>
						</diffuse>
						<index_of_refraction>
							<float sid="index_of_refraction">0</float>
						</index_of_refraction>
					</phong>
				</technique>
			</profile_COMMON>
		</effect>
		<effect id="MB|26|2o258-effect">
			<profile_COMMON>
				<newparam sid="2o258-surface">
					<surface type="2D">
						<init_from>2o258</init_from>
					</surface>
				</newparam>
				<newparam sid="2o258-sampler">
					<sampler2D>
						<source>2o258-surface</source>
					</sampler2D>
				</newparam>
				<technique sid="common">
					<phong>
						<diffuse>
							<texture texture="2o258-sampler" texcoord="MB|26|2o258-uvmap"/>
						</diffuse>
						<index_of_refraction>
							<float sid="index_of_refraction">0</float>
						</index_of_refraction>
					</phong>
				</technique>
			</profile_COMMON>
		</effect>
	</library_effects>
	<library_materials>
		<material id="MB|26|2o9058-material" name="MB|26|2o9058">
			<instance_effect url="#MB|26|2o9058-effect"/>
		</material>
		<material id="MB|26|2o9059-material" name="MB|26|2o9059">
			<instance_effect url="#MB|26|2o9059-effect"/>
		</material>
		<material id="MB|26|2o9060-material" name="MB|26|2o9060">
			<instance_effect url="#MB|26|2o9060-effect"/>
		</material>
		<material id="MB|26|1o7545-material" name="MB|26|1o7545">
			<instance_effect url="#MB|26|1o7545-effect"/>
		</material>
		<material id="MB|26-material" name="MB|26">
			<instance_effect url="#MB|26-effect"/>
		</material>
		<material id="MB|26|2o258-material" name="MB|26|2o258">
			<instance_effect url="#MB|26|2o258-effect"/>
		</material>
	</library_materials>
	<library_geometries>
		<geometry id="3815-mesh" name="3815">
			<mesh>
				<source id="3815-mesh-positions">
					<float_array id="3815-mesh-positions-array" count="3090">7.1 -0.02 3.96 7.1 -2.1 3.96 0.76 -5.909 0.459 0.76 -5.649 0.849 0.76 -5.259 1.109 0.76 -4.8 1.2 0.76 -4.341 1.109 0.76 -3.951 0.849 0.76 -3.691 0.459 0.76 -4.8 3.599 0.76 -8.276 0.931 0.76 -7.916 1.799 0.76 -7.345 2.545 0.76 -6.599 3.116 0.76 -5.731 3.476 0.76 -3.869 3.476 0.76 -3.001 3.116 0.76 -1.684 1.799 0.76 -1.324 0.931 7.1 -1.684 1.799 0.76 -2.1 2.319 7.1 -1.324 0.931 0 -2.1 3.96 0 -0.02 3.96 0 -4.8 3.599 0 -8.276 0.931 0 -7.916 1.799 0 -7.345 2.545 0 -6.599 3.116 0 -5.731 3.476 0 -3.869 3.476 0 -3.001 3.116 0.76 -6 0 0.76 -3.6 0 7.1 -0.02 0 0.76 -8.399 0 0.76 -1.201 0 7.1 -1.201 0 0 -2.458 2.7 0.76 -2.458 2.7 0.76 -2.1 2.7 0 -0.02 0 0 -8.399 0 0 -2.1 2.7 7.1 -2.1 2.319 2.939 -0.02 1.061 2.614 -0.02 0.574 5.2 4.8 0.967 1.596 -0.02 0.996 3.004 -0.02 2.404 1.596 1.8 0.996 3.004 1.8 2.404 5.2 -0.02 0.967 4 1.8 2.404 1.596 -0.02 0 4 -0.02 2.404 5.2 4.8 0 2.5 4.8 0 1.596 1.8 0 5.2 -0.02 0 6.404 -0.02 0 6.404 1.8 0 2.5 -0.02 0 2.614 4.8 0.574 2.939 4.8 1.061 3.426 4.8 1.386 4 4.8 1.5 4.574 4.8 1.386 2.371 -0.02 1.629 2.371 1.8 1.629 6.404 -0.02 0.996 4.996 -0.02 2.404 6.404 1.8 0.996 4.996 1.8 2.404 5.629 -0.02 1.629 5.629 1.8 1.629 3.426 -0.02 1.386 4 -0.02 1.5 4.574 -0.02 1.386 1.596 4.45 0.996 1.963 4.8 0.844 1.704 4.697 0.951 3.004 4.45 2.404 3.158 4.8 2.034 3.049 4.697 2.295 5.414 4.8 0 1.596 4.45 0 4 4.45 2.404 4 4.8 2.031 4 4.697 2.295 2.621 4.8 1.379 2.371 4.45 1.629 2.444 4.697 1.556 4.84 4.8 2.027 4.996 4.45 2.404 4.95 4.697 2.294 5.421 4.8 1.308 5.718 4.456 1.522 5.594 4.699 1.504 5.715 4.461 0 5.59 4.701 0 1.963 4.8 0 1.704 4.697 0 3.25 -5.259 1.109 3.25 -5.909 0.459 3.25 -3.6 0 3.25 -3.951 0.849 3.25 -4.8 1.2 3.25 -4.341 1.109 3.25 -3.691 0.459 3.25 -6 0 3.25 -5.649 0.849 3.25 -4.093 0 3.25 -6.051 0.6 3.7 -6.051 0.6 3.25 -6.133 0.321 3.25 -6.2 0 3.7 -6.2 0 3.7 -6.133 0.321 3.25 -5.579 0.6 4 -5.581 0.6 3.25 -5.183 0.924 3.25 -5.507 0.707 3.25 -4.417 0.924 3.25 -4.8 1 4 -4.8 1 4 -4.093 0.707 4.25 -5.085 0.688 4 -5.183 0.924 4.177 -5.154 0.855 4 -5.507 0.707 4.25 -5.327 0.527 4.177 -5.454 0.654 4.25 -4.093 0 4.25 -4.093 0.285 4.25 -4.273 0.527 4 -4.417 0.924 4.25 -4.515 0.688 4.177 -4.446 0.855 4.25 -4.515 0.285 4.25 -4.8 0.745 4.177 -4.8 0.925 4.25 -5.488 0.285 4.25 -4.8 0.285 4.177 -5.666 0.298 4.25 -5.545 0 4.177 -5.725 0 4.25 -5.085 0 4.25 -5.085 0.285 4.25 -4.8 0 4.25 -4.515 0 3.25 -4.093 0.707 4.177 -4.093 0.575 4 -4.093 0 4.177 -4.146 0.654 3.25 -5.817 0.6 3.25 -4.093 0.282 4 -4.093 0.282 3 -4.341 1.109 3 -3.6 0 3 -5.649 0.849 3 -5.909 0.459 3 -4.8 1.2 3 -6 0 3 -3.691 0.459 3 -3.951 0.849 3 -5.259 1.109 4.177 -5.487 0.6 3.97 -5.769 0.6 3.97 -5.899 0.31 3.97 -5.963 0 7.1 -0.611 0 7.1 -0.672 1.543 0.76 -1.794 0 0.76 -1.896 0.778 0.76 -2.196 1.503 0.76 -2.674 2.126 0.76 -3.297 2.604 0.76 -4.022 2.904 0.76 -4.8 3.006 0.76 -5.578 2.904 0.76 -6.303 2.604 0.76 -6.926 2.126 0.76 -7.404 1.503 0.76 -7.704 0.778 0.76 -7.806 0 0.76 -4.8 0 0.76 -4.8 0.806 0.76 -4.8 1.556 0.76 -4.8 2.201 0.76 -3.794 0 0.76 -3.93 2.173 0.76 -3.83 1.54 0.76 -3.799 0.798 0.76 -5.67 2.173 0.76 -5.77 1.54 0.76 -5.801 0.798 0.76 -5.806 0 -7.1 -0.02 3.96 -7.1 -2.1 3.96 -0.76 -5.909 0.459 -0.76 -5.649 0.849 -0.76 -5.259 1.109 -0.76 -4.8 1.2 -0.76 -4.341 1.109 -0.76 -3.951 0.849 -0.76 -3.691 0.459 -0.76 -4.8 3.599 -0.76 -8.276 0.931 -0.76 -7.916 1.799 -0.76 -7.345 2.545 -0.76 -6.599 3.116 -0.76 -5.731 3.476 -0.76 -3.869 3.476 -0.76 -3.001 3.116 -0.76 -1.684 1.799 -0.76 -1.324 0.931 -7.1 -1.684 1.799 -0.76 -2.1 2.319 -7.1 -1.324 0.931 -0.76 -6 0 -0.76 -3.6 0 -7.1 -0.02 0 -0.76 -8.399 0 -0.76 -1.201 0 -7.1 -1.201 0 -0.76 -2.458 2.7 -0.76 -2.1 2.7 -7.1 -2.1 2.319 -2.939 -0.02 1.061 -2.614 -0.02 0.574 -5.2 4.8 0.967 -1.596 -0.02 0.996 -3.004 -0.02 2.404 -1.596 1.8 0.996 -3.004 1.8 2.404 -5.2 -0.02 0.967 -4 1.8 2.404 -1.596 -0.02 0 -4 -0.02 2.404 -5.2 4.8 0 -2.5 4.8 0 -1.596 1.8 0 -5.2 -0.02 0 -6.404 -0.02 0 -6.404 1.8 0 -2.5 -0.02 0 -2.614 4.8 0.574 -2.939 4.8 1.061 -3.426 4.8 1.386 -4 4.8 1.5 -4.574 4.8 1.386 -2.371 -0.02 1.629 -2.371 1.8 1.629 -6.404 -0.02 0.996 -4.996 -0.02 2.404 -6.404 1.8 0.996 -4.996 1.8 2.404 -5.629 -0.02 1.629 -5.629 1.8 1.629 -3.426 -0.02 1.386 -4 -0.02 1.5 -4.574 -0.02 1.386 -1.596 4.45 0.996 -1.963 4.8 0.844 -1.704 4.697 0.951 -3.004 4.45 2.404 -3.158 4.8 2.034 -3.049 4.697 2.295 -5.414 4.8 0 -1.596 4.45 0 -4 4.45 2.404 -4 4.8 2.031 -4 4.697 2.295 -2.621 4.8 1.379 -2.371 4.45 1.629 -2.444 4.697 1.556 -4.84 4.8 2.027 -4.996 4.45 2.404 -4.95 4.697 2.294 -5.421 4.8 1.308 -5.718 4.456 1.522 -5.594 4.699 1.504 -5.715 4.461 0 -5.59 4.701 0 -1.963 4.8 0 -1.704 4.697 0 -3.25 -5.259 1.109 -3.25 -5.909 0.459 -3.25 -3.6 0 -3.25 -3.951 0.849 -3.25 -4.8 1.2 -3.25 -4.341 1.109 -3.25 -3.691 0.459 -3.25 -6 0 -3.25 -5.649 0.849 -3.25 -4.093 0 -3.25 -6.051 0.6 -3.7 -6.051 0.6 -3.25 -6.133 0.321 -3.25 -6.2 0 -3.7 -6.2 0 -3.7 -6.133 0.321 -3.25 -5.579 0.6 -4 -5.581 0.6 -3.25 -5.183 0.924 -3.25 -5.507 0.707 -3.25 -4.417 0.924 -3.25 -4.8 1 -4 -4.8 1 -4 -4.093 0.707 -4.25 -5.085 0.688 -4 -5.183 0.924 -4.177 -5.154 0.855 -4 -5.507 0.707 -4.25 -5.327 0.527 -4.177 -5.454 0.654 -4.25 -4.093 0 -4.25 -4.093 0.285 -4.25 -4.273 0.527 -4 -4.417 0.924 -4.25 -4.515 0.688 -4.177 -4.446 0.855 -4.25 -4.515 0.285 -4.25 -4.8 0.745 -4.177 -4.8 0.925 -4.25 -5.488 0.285 -4.25 -4.8 0.285 -4.177 -5.666 0.298 -4.25 -5.545 0 -4.177 -5.725 0 -4.25 -5.085 0 -4.25 -5.085 0.285 -4.25 -4.8 0 -4.25 -4.515 0 -3.25 -4.093 0.707 -4.177 -4.093 0.575 -4 -4.093 0 -4.177 -4.146 0.654 -3.25 -5.817 0.6 -3.25 -4.093 0.282 -4 -4.093 0.282 -3 -4.341 1.109 -3 -3.6 0 -3 -5.649 0.849 -3 -5.909 0.459 -3 -4.8 1.2 -3 -6 0 -3 -3.691 0.459 -3 -3.951 0.849 -3 -5.259 1.109 -4.177 -5.487 0.6 -3.97 -5.769 0.6 -3.97 -5.899 0.31 -3.97 -5.963 0 -7.1 -0.611 0 -7.1 -0.672 1.543 -0.76 -1.794 0 -0.76 -1.896 0.778 -0.76 -2.196 1.503 -0.76 -2.674 2.126 -0.76 -3.297 2.604 -0.76 -4.022 2.904 -0.76 -4.8 3.006 -0.76 -5.578 2.904 -0.76 -6.303 2.604 -0.76 -6.926 2.126 -0.76 -7.404 1.503 -0.76 -7.704 0.778 -0.76 -7.806 0 -0.76 -4.8 0 -0.76 -4.8 0.806 -0.76 -4.8 1.556 -0.76 -4.8 2.201 -0.76 -3.794 0 -0.76 -3.93 2.173 -0.76 -3.83 1.54 -0.76 -3.799 0.798 -0.76 -5.67 2.173 -0.76 -5.77 1.54 -0.76 -5.801 0.798 -0.76 -5.806 0 7.1 -0.02 -3.96 7.1 -2.1 -3.96 0.76 -5.909 -0.459 0.76 -5.649 -0.849 0.76 -5.259 -1.109 0.76 -4.8 -1.2 0.76 -4.341 -1.109 0.76 -3.951 -0.849 0.76 -3.691 -0.459 0.76 -4.8 -3.599 0.76 -8.276 -0.931 0.76 -7.916 -1.799 0.76 -7.345 -2.545 0.76 -6.599 -3.116 0.76 -5.731 -3.476 0.76 -3.869 -3.476 0.76 -3.001 -3.116 0.76 -1.684 -1.799 0.76 -1.324 -0.931 7.1 -1.684 -1.799 0.76 -2.1 -2.319 7.1 -1.324 -0.931 0 -2.1 -3.96 0 -0.02 -3.96 0 -4.8 -3.599 0 -8.276 -0.931 0 -7.916 -1.799 0 -7.345 -2.545 0 -6.599 -3.116 0 -5.731 -3.476 0 -3.869 -3.476 0 -3.001 -3.116 0 -2.458 -2.7 0.76 -2.458 -2.7 0.76 -2.1 -2.7 0 -2.1 -2.7 7.1 -2.1 -2.319 2.939 -0.02 -1.061 2.614 -0.02 -0.574 5.2 4.8 -0.967 1.596 -0.02 -0.996 3.004 -0.02 -2.404 1.596 1.8 -0.996 3.004 1.8 -2.404 5.2 -0.02 -0.967 4 1.8 -2.404 4 -0.02 -2.404 2.614 4.8 -0.574 2.939 4.8 -1.061 3.426 4.8 -1.386 4 4.8 -1.5 4.574 4.8 -1.386 2.371 -0.02 -1.629 2.371 1.8 -1.629 6.404 -0.02 -0.996 4.996 -0.02 -2.404 6.404 1.8 -0.996 4.996 1.8 -2.404 5.629 -0.02 -1.629 5.629 1.8 -1.629 3.426 -0.02 -1.386 4 -0.02 -1.5 4.574 -0.02 -1.386 1.596 4.45 -0.996 1.963 4.8 -0.844 1.704 4.697 -0.951 3.004 4.45 -2.404 3.158 4.8 -2.034 3.049 4.697 -2.295 4 4.45 -2.404 4 4.8 -2.031 4 4.697 -2.295 2.621 4.8 -1.379 2.371 4.45 -1.629 2.444 4.697 -1.556 4.84 4.8 -2.027 4.996 4.45 -2.404 4.95 4.697 -2.294 5.421 4.8 -1.308 5.718 4.456 -1.522 5.594 4.699 -1.504 3.25 -5.259 -1.109 3.25 -5.909 -0.459 3.25 -3.951 -0.849 3.25 -4.8 -1.2 3.25 -4.341 -1.109 3.25 -3.691 -0.459 3.25 -5.649 -0.849 3.25 -6.051 -0.6 3.7 -6.051 -0.6 3.25 -6.133 -0.321 3.7 -6.133 -0.321 3.25 -5.579 -0.6 4 -5.581 -0.6 3.25 -5.183 -0.924 3.25 -5.507 -0.707 3.25 -4.417 -0.924 3.25 -4.8 -1 4 -4.8 -1 4 -4.093 -0.707 4.25 -5.085 -0.688 4 -5.183 -0.924 4.177 -5.154 -0.855 4 -5.507 -0.707 4.25 -5.327 -0.527 4.177 -5.454 -0.654 4.25 -4.093 -0.285 4.25 -4.273 -0.527 4 -4.417 -0.924 4.25 -4.515 -0.688 4.177 -4.446 -0.855 4.25 -4.515 -0.285 4.25 -4.8 -0.745 4.177 -4.8 -0.925 4.25 -5.488 -0.285 4.25 -4.8 -0.285 4.177 -5.666 -0.298 4.25 -5.085 -0.285 3.25 -4.093 -0.707 4.177 -4.093 -0.575 4.177 -4.146 -0.654 3.25 -5.817 -0.6 3.25 -4.093 -0.282 4 -4.093 -0.282 3 -4.341 -1.109 3 -5.649 -0.849 3 -5.909 -0.459 3 -4.8 -1.2 3 -3.691 -0.459 3 -3.951 -0.849 3 -5.259 -1.109 4.177 -5.487 -0.6 3.97 -5.769 -0.6 3.97 -5.899 -0.31 7.1 -0.672 -1.543 0.76 -1.896 -0.778 0.76 -2.196 -1.503 0.76 -2.674 -2.126 0.76 -3.297 -2.604 0.76 -4.022 -2.904 0.76 -4.8 -3.006 0.76 -5.578 -2.904 0.76 -6.303 -2.604 0.76 -6.926 -2.126 0.76 -7.404 -1.503 0.76 -7.704 -0.778 0.76 -4.8 -0.806 0.76 -4.8 -1.556 0.76 -4.8 -2.201 0.76 -3.93 -2.173 0.76 -3.83 -1.54 0.76 -3.799 -0.798 0.76 -5.67 -2.173 0.76 -5.77 -1.54 0.76 -5.801 -0.798 -7.1 -0.02 -3.96 -7.1 -2.1 -3.96 -0.76 -5.909 -0.459 -0.76 -5.649 -0.849 -0.76 -5.259 -1.109 -0.76 -4.8 -1.2 -0.76 -4.341 -1.109 -0.76 -3.951 -0.849 -0.76 -3.691 -0.459 -0.76 -4.8 -3.599 -0.76 -8.276 -0.931 -0.76 -7.916 -1.799 -0.76 -7.345 -2.545 -0.76 -6.599 -3.116 -0.76 -5.731 -3.476 -0.76 -3.869 -3.476 -0.76 -3.001 -3.116 -0.76 -1.684 -1.799 -0.76 -1.324 -0.931 -7.1 -1.684 -1.799 -0.76 -2.1 -2.319 -7.1 -1.324 -0.931 -0.76 -2.458 -2.7 -0.76 -2.1 -2.7 -7.1 -2.1 -2.319 -2.939 -0.02 -1.061 -2.614 -0.02 -0.574 -5.2 4.8 -0.967 -1.596 -0.02 -0.996 -3.004 -0.02 -2.404 -1.596 1.8 -0.996 -3.004 1.8 -2.404 -5.2 -0.02 -0.967 -4 1.8 -2.404 -4 -0.02 -2.404 -2.614 4.8 -0.574 -2.939 4.8 -1.061 -3.426 4.8 -1.386 -4 4.8 -1.5 -4.574 4.8 -1.386 -2.371 -0.02 -1.629 -2.371 1.8 -1.629 -6.404 -0.02 -0.996 -4.996 -0.02 -2.404 -6.404 1.8 -0.996 -4.996 1.8 -2.404 -5.629 -0.02 -1.629 -5.629 1.8 -1.629 -3.426 -0.02 -1.386 -4 -0.02 -1.5 -4.574 -0.02 -1.386 -1.596 4.45 -0.996 -1.963 4.8 -0.844 -1.704 4.697 -0.951 -3.004 4.45 -2.404 -3.158 4.8 -2.034 -3.049 4.697 -2.295 -4 4.45 -2.404 -4 4.8 -2.031 -4 4.697 -2.295 -2.621 4.8 -1.379 -2.371 4.45 -1.629 -2.444 4.697 -1.556 -4.84 4.8 -2.027 -4.996 4.45 -2.404 -4.95 4.697 -2.294 -5.421 4.8 -1.308 -5.718 4.456 -1.522 -5.594 4.699 -1.504 -3.25 -5.259 -1.109 -3.25 -5.909 -0.459 -3.25 -3.951 -0.849 -3.25 -4.8 -1.2 -3.25 -4.341 -1.109 -3.25 -3.691 -0.459 -3.25 -5.649 -0.849 -3.25 -6.051 -0.6 -3.7 -6.051 -0.6 -3.25 -6.133 -0.321 -3.7 -6.133 -0.321 -3.25 -5.579 -0.6 -4 -5.581 -0.6 -3.25 -5.183 -0.924 -3.25 -5.507 -0.707 -3.25 -4.417 -0.924 -3.25 -4.8 -1 -4 -4.8 -1 -4 -4.093 -0.707 -4.25 -5.085 -0.688 -4 -5.183 -0.924 -4.177 -5.154 -0.855 -4 -5.507 -0.707 -4.25 -5.327 -0.527 -4.177 -5.454 -0.654 -4.25 -4.093 -0.285 -4.25 -4.273 -0.527 -4 -4.417 -0.924 -4.25 -4.515 -0.688 -4.177 -4.446 -0.855 -4.25 -4.515 -0.285 -4.25 -4.8 -0.745 -4.177 -4.8 -0.925 -4.25 -5.488 -0.285 -4.25 -4.8 -0.285 -4.177 -5.666 -0.298 -4.25 -5.085 -0.285 -3.25 -4.093 -0.707 -4.177 -4.093 -0.575 -4.177 -4.146 -0.654 -3.25 -5.817 -0.6 -3.25 -4.093 -0.282 -4 -4.093 -0.282 -3 -4.341 -1.109 -3 -5.649 -0.849 -3 -5.909 -0.459 -3 -4.8 -1.2 -3 -3.691 -0.459 -3 -3.951 -0.849 -3 -5.259 -1.109 -4.177 -5.487 -0.6 -3.97 -5.769 -0.6 -3.97 -5.899 -0.31 -7.1 -0.672 -1.543 -0.76 -1.896 -0.778 -0.76 -2.196 -1.503 -0.76 -2.674 -2.126 -0.76 -3.297 -2.604 -0.76 -4.022 -2.904 -0.76 -4.8 -3.006 -0.76 -5.578 -2.904 -0.76 -6.303 -2.604 -0.76 -6.926 -2.126 -0.76 -7.404 -1.503 -0.76 -7.704 -0.778 -0.76 -4.8 -0.806 -0.76 -4.8 -1.556 -0.76 -4.8 -2.201 -0.76 -3.93 -2.173 -0.76 -3.83 -1.54 -0.76 -3.799 -0.798 -0.76 -5.67 -2.173 -0.76 -5.77 -1.54 -0.76 -5.801 -0.798 7.1 -0.02 3.96 7.1 -0.02 3.96 7.1 -2.1 3.96 7.1 -2.1 3.96 0.76 -7.345 2.545 0.76 -7.916 1.799 7.1 -0.02 0 0.76 -6.599 3.116 0 -2.1 3.96 0.76 -8.276 0.931 0.76 -8.399 0 0 -0.02 3.96 0.76 -5.731 3.476 0.76 -4.8 3.599 0.76 -3.869 3.476 0.76 -3.001 3.116 0.76 -1.684 1.799 0.76 -1.324 0.931 0.76 -1.201 0 7.1 -1.324 0.931 7.1 -1.201 0 7.1 -1.684 1.799 0.76 -2.1 2.319 0.76 -2.1 2.319 0.76 -2.1 2.7 0.76 -2.1 2.7 0.76 -2.458 2.7 0.76 -2.458 2.7 0 -2.458 2.7 0 -2.1 2.7 7.1 -2.1 2.319 7.1 -2.1 2.319 5.2 -0.02 0.967 5.2 4.8 0.967 5.2 4.8 0.967 4.574 4.8 1.386 1.596 1.8 0.996 1.596 -0.02 0.996 3.004 1.8 2.404 3.004 -0.02 2.404 5.2 4.8 0 2.939 4.8 1.061 2.614 4.8 0.574 3.426 4.8 1.386 4 4.8 1.5 6.404 1.8 0.996 6.404 1.8 0.996 6.404 -0.02 0.996 4.996 1.8 2.404 4.996 -0.02 2.404 1.596 4.45 0.996 1.704 4.697 0.951 3.004 4.45 2.404 3.049 4.697 2.295 5.594 4.699 1.504 5.718 4.456 1.522 4.95 4.697 2.294 4.996 4.45 2.404 2.5 4.8 0 6.404 1.8 0 3.25 -4.341 1.109 3.25 -4.8 1.2 3.25 -3.691 0.459 3.25 -3.951 0.849 3.25 -5.259 1.109 3.25 -3.6 0 3.25 -5.909 0.459 3.25 -6 0 3.25 -5.649 0.849 3.7 -6.051 0.6 3.7 -6.051 0.6 3.25 -6.051 0.6 3.25 -6.051 0.6 3.7 -6.2 0 3.7 -6.133 0.321 3.25 -6.133 0.321 3.25 -6.2 0 3.25 -5.579 0.6 3.25 -5.579 0.6 4 -5.581 0.6 3.25 -5.507 0.707 3.25 -5.183 0.924 3.25 -4.8 1 3.25 -4.417 0.924 3.25 -4.093 0.282 3.25 -4.093 0 4 -4.093 0.707 4.177 -4.093 0.575 3.25 -4.093 0.707 3.25 -4.093 0.707 4.25 -4.093 0.285 4.25 -4.093 0 4.177 -5.487 0.6 3.25 -5.817 0.6 3.25 -5.817 0.6 3.97 -5.769 0.6 -7.1 -0.02 3.96 -7.1 -0.02 3.96 -7.1 -2.1 3.96 -7.1 -2.1 3.96 -0.76 -7.345 2.545 -0.76 -7.916 1.799 -7.1 -0.02 0 -0.76 -6.599 3.116 -0.76 -8.276 0.931 -0.76 -8.399 0 -0.76 -5.731 3.476 -0.76 -4.8 3.599 -0.76 -3.869 3.476 -0.76 -3.001 3.116 -0.76 -1.684 1.799 -0.76 -1.324 0.931 -0.76 -1.201 0 -7.1 -1.324 0.931 -7.1 -1.201 0 -7.1 -1.684 1.799 -0.76 -2.1 2.319 -0.76 -2.1 2.319 -0.76 -2.1 2.7 -0.76 -2.1 2.7 -0.76 -2.458 2.7 -0.76 -2.458 2.7 -7.1 -2.1 2.319 -7.1 -2.1 2.319 -5.2 -0.02 0.967 -5.2 4.8 0.967 -5.2 4.8 0.967 -4.574 4.8 1.386 -1.596 1.8 0.996 -1.596 -0.02 0.996 -3.004 1.8 2.404 -3.004 -0.02 2.404 -5.2 4.8 0 -2.939 4.8 1.061 -2.614 4.8 0.574 -3.426 4.8 1.386 -4 4.8 1.5 -6.404 1.8 0.996 -6.404 1.8 0.996 -6.404 -0.02 0.996 -4.996 1.8 2.404 -4.996 -0.02 2.404 -1.596 4.45 0.996 -1.704 4.697 0.951 -3.004 4.45 2.404 -3.049 4.697 2.295 -5.594 4.699 1.504 -5.718 4.456 1.522 -4.95 4.697 2.294 -4.996 4.45 2.404 -2.5 4.8 0 -6.404 1.8 0 -3.25 -4.341 1.109 -3.25 -4.8 1.2 -3.25 -3.691 0.459 -3.25 -3.951 0.849 -3.25 -5.259 1.109 -3.25 -3.6 0 -3.25 -5.909 0.459 -3.25 -6 0 -3.25 -5.649 0.849 -3.7 -6.051 0.6 -3.7 -6.051 0.6 -3.25 -6.051 0.6 -3.25 -6.051 0.6 -3.7 -6.2 0 -3.7 -6.133 0.321 -3.25 -6.133 0.321 -3.25 -6.2 0 -3.25 -5.579 0.6 -3.25 -5.579 0.6 -4 -5.581 0.6 -3.25 -5.507 0.707 -3.25 -5.183 0.924 -3.25 -4.8 1 -3.25 -4.417 0.924 -3.25 -4.093 0.282 -3.25 -4.093 0 -4 -4.093 0.707 -4.177 -4.093 0.575 -3.25 -4.093 0.707 -3.25 -4.093 0.707 -4.25 -4.093 0.285 -4.25 -4.093 0 -4.177 -5.487 0.6 -3.25 -5.817 0.6 -3.25 -5.817 0.6 -3.97 -5.769 0.6 7.1 -0.02 -3.96 7.1 -0.02 -3.96 7.1 -2.1 -3.96 7.1 -2.1 -3.96 0.76 -7.345 -2.545 0.76 -7.916 -1.799 0.76 -6.599 -3.116 0 -2.1 -3.96 0.76 -8.276 -0.931 0 -0.02 -3.96 0.76 -5.731 -3.476 0.76 -4.8 -3.599 0.76 -3.869 -3.476 0.76 -3.001 -3.116 0.76 -1.684 -1.799 0.76 -1.324 -0.931 7.1 -1.324 -0.931 7.1 -1.684 -1.799 0.76 -2.1 -2.319 0.76 -2.1 -2.319 0.76 -2.1 -2.7 0.76 -2.1 -2.7 0.76 -2.458 -2.7 0.76 -2.458 -2.7 0 -2.458 -2.7 0 -2.1 -2.7 7.1 -2.1 -2.319 7.1 -2.1 -2.319 5.2 -0.02 -0.967 5.2 4.8 -0.967 5.2 4.8 -0.967 4.574 4.8 -1.386 1.596 1.8 -0.996 1.596 -0.02 -0.996 3.004 1.8 -2.404 3.004 -0.02 -2.404 2.939 4.8 -1.061 2.614 4.8 -0.574 3.426 4.8 -1.386 4 4.8 -1.5 6.404 1.8 -0.996 6.404 1.8 -0.996 6.404 -0.02 -0.996 4.996 1.8 -2.404 4.996 -0.02 -2.404 1.596 4.45 -0.996 1.704 4.697 -0.951 3.004 4.45 -2.404 3.049 4.697 -2.295 5.594 4.699 -1.504 5.718 4.456 -1.522 4.95 4.697 -2.294 4.996 4.45 -2.404 3.25 -4.341 -1.109 3.25 -4.8 -1.2 3.25 -3.691 -0.459 3.25 -3.951 -0.849 3.25 -5.259 -1.109 3.25 -5.909 -0.459 3.25 -5.649 -0.849 3.7 -6.051 -0.6 3.7 -6.051 -0.6 3.25 -6.051 -0.6 3.25 -6.051 -0.6 3.7 -6.133 -0.321 3.25 -6.133 -0.321 3.25 -5.579 -0.6 3.25 -5.579 -0.6 4 -5.581 -0.6 3.25 -5.507 -0.707 3.25 -5.183 -0.924 3.25 -4.8 -1 3.25 -4.417 -0.924 3.25 -4.093 -0.282 4 -4.093 -0.707 4.177 -4.093 -0.575 3.25 -4.093 -0.707 3.25 -4.093 -0.707 4.25 -4.093 -0.285 4.177 -5.487 -0.6 3.25 -5.817 -0.6 3.25 -5.817 -0.6 3.97 -5.769 -0.6 -7.1 -0.02 -3.96 -7.1 -0.02 -3.96 -7.1 -2.1 -3.96 -7.1 -2.1 -3.96 -0.76 -7.345 -2.545 -0.76 -7.916 -1.799 -0.76 -6.599 -3.116 -0.76 -8.276 -0.931 -0.76 -5.731 -3.476 -0.76 -4.8 -3.599 -0.76 -3.869 -3.476 -0.76 -3.001 -3.116 -0.76 -1.684 -1.799 -0.76 -1.324 -0.931 -7.1 -1.324 -0.931 -7.1 -1.684 -1.799 -0.76 -2.1 -2.319 -0.76 -2.1 -2.319 -0.76 -2.1 -2.7 -0.76 -2.1 -2.7 -0.76 -2.458 -2.7 -0.76 -2.458 -2.7 -7.1 -2.1 -2.319 -7.1 -2.1 -2.319 -5.2 -0.02 -0.967 -5.2 4.8 -0.967 -5.2 4.8 -0.967 -4.574 4.8 -1.386 -1.596 1.8 -0.996 -1.596 -0.02 -0.996 -3.004 1.8 -2.404 -3.004 -0.02 -2.404 -2.939 4.8 -1.061 -2.614 4.8 -0.574 -3.426 4.8 -1.386 -4 4.8 -1.5 -6.404 1.8 -0.996 -6.404 1.8 -0.996 -6.404 -0.02 -0.996 -4.996 1.8 -2.404 -4.996 -0.02 -2.404 -1.596 4.45 -0.996 -1.704 4.697 -0.951 -3.004 4.45 -2.404 -3.049 4.697 -2.295 -5.594 4.699 -1.504 -5.718 4.456 -1.522 -4.95 4.697 -2.294 -4.996 4.45 -2.404 -3.25 -4.341 -1.109 -3.25 -4.8 -1.2 -3.25 -3.691 -0.459 -3.25 -3.951 -0.849 -3.25 -5.259 -1.109 -3.25 -5.909 -0.459 -3.25 -5.649 -0.849 -3.7 -6.051 -0.6 -3.7 -6.051 -0.6 -3.25 -6.051 -0.6 -3.25 -6.051 -0.6 -3.7 -6.133 -0.321 -3.25 -6.133 -0.321 -3.25 -5.579 -0.6 -3.25 -5.579 -0.6 -4 -5.581 -0.6 -3.25 -5.507 -0.707 -3.25 -5.183 -0.924 -3.25 -4.8 -1 -3.25 -4.417 -0.924 -3.25 -4.093 -0.282 -4 -4.093 -0.707 -4.177 -4.093 -0.575 -3.25 -4.093 -0.707 -3.25 -4.093 -0.707 -4.25 -4.093 -0.285 -4.177 -5.487 -0.6 -3.25 -5.817 -0.6 -3.25 -5.817 -0.6 -3.97 -5.769 -0.6</float_array>
					<technique_common>
						<accessor source="#3815-mesh-positions-array" count="1030" stride="3">
							<param name="X" type="float"/>
							<param name="Y" type="float"/>
							<param name="Z" type="float"/>
						</accessor>
					</technique_common>
				</source>
				<source id="3815-mesh-map-0">
					<float_array id="3815-mesh-map-0-array" count="7536">0.842 0.81 0.842 0.841 0.826 0.81 0.842 0.841 0.826 0.841 0.826 0.81 0.842 0.75 0.842 0.78 0.826 0.75 0.842 0.78 0.826 0.78 0.826 0.75 0.842 0.962 0.842 0.992 0.826 0.962 0.842 0.992 0.826 0.992 0.826 0.962 0.842 0.901 0.842 0.932 0.826 0.901 0.842 0.932 0.826 0.932 0.826 0.901 0.842 0.841 0.842 0.871 0.826 0.841 0.842 0.871 0.826 0.871 0.826 0.841 0.826 0.78 0.842 0.791 0.826 0.81 0.842 0.791 0.842 0.81 0.826 0.81 0.842 0.932 0.842 0.962 0.826 0.932 0.842 0.962 0.826 0.962 0.826 0.932 0.842 0.871 0.842 0.901 0.826 0.871 0.842 0.901 0.826 0.901 0.826 0.871 0.529 0.533 0.664 0.533 0.529 0.992 0.664 0.533 0.664 0.992 0.529 0.992 0.384 0.072 0.384 0.206 0.245 0.179 0.384 0.206 0.278 0.206 0.245 0.179 0.008 0.992 0.008 0.533 0.264 0.992 0.008 0.533 0.264 0.533 0.264 0.992 0.722 0.328 0.263 0.328 0.312 0.247 0.263 0.328 0.263 0.247 0.312 0.247 0.907 0.948 0.907 0.992 0.858 0.948 0.907 0.992 0.858 0.992 0.858 0.948 0.907 0.887 0.907 0.948 0.858 0.887 0.907 0.948 0.858 0.948 0.858 0.887 0.907 0.826 0.907 0.887 0.858 0.826 0.907 0.887 0.858 0.887 0.858 0.826 0.907 0.766 0.907 0.826 0.858 0.766 0.907 0.826 0.858 0.826 0.858 0.766 0.907 0.705 0.907 0.766 0.858 0.705 0.907 0.766 0.858 0.766 0.858 0.705 0.907 0.523 0.907 0.583 0.858 0.523 0.907 0.583 0.858 0.583 0.858 0.523 0.907 0.462 0.907 0.523 0.858 0.462 0.907 0.523 0.858 0.523 0.858 0.462 0.907 0.644 0.907 0.705 0.858 0.644 0.907 0.705 0.858 0.705 0.858 0.644 0.907 0.583 0.907 0.644 0.858 0.583 0.907 0.644 0.858 0.644 0.858 0.583 0.263 0.405 0.263 0.344 0.673 0.405 0.263 0.344 0.673 0.344 0.673 0.405 0.263 0.466 0.263 0.405 0.673 0.466 0.263 0.405 0.673 0.405 0.673 0.466 0.312 0.222 0.722 0.222 0.312 0.247 0.722 0.222 0.722 0.328 0.312 0.247 0.128 0.11 0.228 0.114 0.128 0.148 0.228 0.114 0.188 0.156 0.128 0.148 0.188 0.156 0.228 0.114 0.245 0.179 0.228 0.114 0.384 0.072 0.245 0.179 0.991 0.36 0.968 0.36 0.991 0.311 0.968 0.36 0.968 0.311 0.991 0.311 0.263 0.466 0.673 0.466 0.263 0.509 0.673 0.466 0.673 0.509 0.263 0.509 0.924 0.992 0.924 0.874 0.988 0.992 0.924 0.874 0.988 0.874 0.988 0.992 0.754 0.563 0.754 0.734 0.689 0.563 0.754 0.734 0.689 0.734 0.689 0.563 0.706 0.151 0.749 0.116 0.748 0.168 0.749 0.116 0.769 0.137 0.748 0.168 0.95 0.242 0.95 0.36 0.886 0.242 0.95 0.36 0.886 0.36 0.886 0.242 0.916 0.143 0.93 0.121 0.916 0.205 0.93 0.121 0.93 0.205 0.916 0.205 0.4 0.206 0.4 0.142 0.518 0.206 0.4 0.142 0.518 0.142 0.518 0.206 0.4 0.142 0.4 0.078 0.518 0.142 0.4 0.078 0.518 0.078 0.518 0.142 0.784 0.074 0.838 0.074 0.801 0.116 0.838 0.074 0.838 0.108 0.801 0.116 0.838 0.074 0.892 0.074 0.838 0.108 0.892 0.074 0.875 0.116 0.838 0.108 0.754 0.445 0.754 0.563 0.689 0.445 0.754 0.563 0.689 0.563 0.689 0.445 0.819 0.445 0.819 0.563 0.754 0.445 0.819 0.563 0.754 0.563 0.754 0.445 0.518 0.206 0.518 0.142 0.689 0.206 0.518 0.142 0.689 0.142 0.689 0.206 0.924 0.874 0.924 0.703 0.988 0.874 0.924 0.703 0.988 0.703 0.988 0.874 0.749 0.116 0.784 0.074 0.769 0.137 0.784 0.074 0.801 0.116 0.769 0.137 0.819 0.563 0.819 0.734 0.754 0.563 0.819 0.734 0.754 0.734 0.754 0.563 0.108 0.19 0.01 0.19 0.107 0.012 0.01 0.19 0.043 0.012 0.107 0.012 0.875 0.116 0.892 0.074 0.916 0.143 0.892 0.074 0.93 0.121 0.916 0.143 0.805 0.429 0.74 0.429 0.805 0.311 0.74 0.429 0.74 0.312 0.805 0.311 0.87 0.429 0.805 0.429 0.869 0.311 0.805 0.429 0.805 0.311 0.869 0.311 0.74 0.312 0.796 0.14 0.805 0.311 0.869 0.311 0.805 0.311 0.87 0.14 0.805 0.311 0.796 0.14 0.87 0.14 0.518 0.142 0.518 0.078 0.689 0.142 0.518 0.078 0.689 0.078 0.689 0.142 0.986 0.687 0.924 0.687 0.986 0.376 0.924 0.687 0.924 0.376 0.986 0.376 0.121 0.206 0.159 0.206 0.121 0.517 0.159 0.206 0.159 0.517 0.121 0.517 0.046 0.206 0.084 0.206 0.046 0.517 0.084 0.206 0.084 0.517 0.046 0.517 0.197 0.206 0.246 0.206 0.197 0.517 0.246 0.206 0.246 0.517 0.197 0.517 0.159 0.206 0.197 0.206 0.159 0.517 0.197 0.206 0.197 0.517 0.159 0.517 0.084 0.206 0.121 0.206 0.084 0.517 0.121 0.206 0.121 0.517 0.084 0.517 0.008 0.206 0.046 0.206 0.008 0.517 0.046 0.206 0.046 0.517 0.008 0.517 0.689 0.429 0.689 0.365 0.707 0.429 0.689 0.365 0.707 0.368 0.707 0.429 0.707 0.429 0.707 0.368 0.725 0.429 0.707 0.368 0.725 0.375 0.725 0.429 0.188 0.016 0.252 0.012 0.188 0.034 0.252 0.012 0.25 0.03 0.188 0.034 0.188 0.034 0.25 0.03 0.188 0.051 0.25 0.03 0.242 0.048 0.188 0.051 0.123 0.012 0.188 0.016 0.126 0.03 0.188 0.016 0.188 0.034 0.126 0.03 0.126 0.03 0.188 0.034 0.133 0.047 0.188 0.034 0.188 0.051 0.133 0.047 0.506 0.556 0.421 0.556 0.506 0.543 0.421 0.556 0.409 0.543 0.506 0.543 0.506 0.543 0.409 0.543 0.506 0.525 0.409 0.543 0.407 0.525 0.506 0.525 0.657 0.062 0.593 0.062 0.654 0.044 0.593 0.062 0.593 0.044 0.654 0.044 0.654 0.044 0.593 0.044 0.647 0.026 0.593 0.044 0.593 0.026 0.647 0.026 0.826 0.01 0.886 0.01 0.829 0.028 0.886 0.01 0.894 0.028 0.829 0.028 0.829 0.028 0.894 0.028 0.824 0.045 0.894 0.028 0.898 0.045 0.824 0.045 0.593 0.062 0.528 0.062 0.593 0.044 0.528 0.062 0.531 0.044 0.593 0.044 0.593 0.044 0.531 0.044 0.593 0.026 0.531 0.044 0.538 0.026 0.593 0.026 0.741 0.205 0.706 0.205 0.748 0.168 0.706 0.205 0.706 0.151 0.748 0.168 0.51 0.062 0.501 0.062 0.51 0.013 0.501 0.062 0.501 0.013 0.51 0.013 0.451 0.062 0.426 0.062 0.451 0.013 0.426 0.062 0.426 0.013 0.451 0.013 0.476 0.062 0.451 0.062 0.476 0.013 0.451 0.062 0.451 0.013 0.476 0.013 0.426 0.062 0.4 0.062 0.426 0.013 0.4 0.062 0.4 0.013 0.426 0.013 0.512 0.591 0.512 0.612 0.483 0.591 0.512 0.612 0.483 0.612 0.483 0.591 0.512 0.572 0.512 0.591 0.483 0.572 0.512 0.591 0.483 0.591 0.483 0.572 0.973 0.073 0.977 0.104 0.925 0.079 0.977 0.104 0.948 0.107 0.925 0.079 0.769 0.065 0.74 0.072 0.763 0.053 0.74 0.072 0.739 0.059 0.763 0.053 0.74 0.072 0.71 0.068 0.739 0.059 0.71 0.068 0.714 0.056 0.739 0.059 0.71 0.068 0.684 0.052 0.714 0.056 0.684 0.052 0.692 0.043 0.714 0.056 0.684 0.052 0.666 0.028 0.692 0.043 0.666 0.028 0.677 0.022 0.692 0.043 0.661 0.009 0.675 0.014 0.666 0.028 0.675 0.014 0.677 0.022 0.666 0.028 0.966 0.179 0.966 0.166 0.987 0.17 0.966 0.166 0.983 0.158 0.987 0.17 0.501 0.062 0.476 0.062 0.501 0.013 0.476 0.062 0.476 0.013 0.501 0.013 0.925 0.079 0.948 0.107 0.913 0.074 0.948 0.107 0.929 0.091 0.913 0.074 0.373 0.041 0.362 0.048 0.367 0.035 0.362 0.048 0.359 0.045 0.367 0.035 0.442 0.948 0.442 0.974 0.427 0.958 0.442 0.974 0.415 0.974 0.427 0.958 0.461 0.944 0.461 0.974 0.442 0.948 0.461 0.974 0.442 0.974 0.442 0.948 0.479 0.948 0.495 0.958 0.479 0.974 0.495 0.958 0.505 0.974 0.479 0.974 0.461 0.944 0.479 0.948 0.461 0.974 0.479 0.948 0.479 0.974 0.461 0.974 0.442 0.974 0.461 0.974 0.442 0.992 0.461 0.974 0.461 0.992 0.442 0.992 0.345 0.022 0.367 0.035 0.34 0.033 0.367 0.035 0.359 0.045 0.34 0.033 0.34 0.033 0.359 0.045 0.335 0.045 0.359 0.045 0.352 0.055 0.335 0.045 0.976 0.029 0.976 0.056 0.927 0.029 0.976 0.056 0.927 0.056 0.927 0.029 0.274 0.033 0.278 0.045 0.268 0.036 0.278 0.045 0.261 0.054 0.268 0.036 0.268 0.036 0.269 0.021 0.274 0.033 0.269 0.021 0.294 0.015 0.274 0.033 0.294 0.015 0.296 0.027 0.274 0.033 0.274 0.033 0.296 0.027 0.278 0.045 0.296 0.027 0.297 0.04 0.278 0.045 0.294 0.015 0.32 0.015 0.296 0.027 0.32 0.015 0.318 0.028 0.296 0.027 0.296 0.027 0.318 0.028 0.297 0.04 0.318 0.028 0.316 0.04 0.297 0.04 0.966 0.179 0.947 0.181 0.966 0.166 0.947 0.181 0.947 0.169 0.966 0.166 0.415 0.974 0.442 0.974 0.415 0.992 0.442 0.974 0.442 0.992 0.415 0.992 0.509 0.992 0.479 0.992 0.505 0.974 0.479 0.992 0.479 0.974 0.505 0.974 0.461 0.974 0.479 0.974 0.461 0.992 0.479 0.974 0.479 0.992 0.461 0.992 0.32 0.015 0.345 0.022 0.318 0.028 0.345 0.022 0.34 0.033 0.318 0.028 0.318 0.028 0.34 0.033 0.316 0.04 0.34 0.033 0.335 0.045 0.316 0.04 0.352 0.055 0.359 0.045 0.362 0.048 0.129 0.19 0.125 0.175 0.148 0.19 0.125 0.175 0.135 0.178 0.148 0.19 0.166 0.176 0.169 0.188 0.135 0.178 0.169 0.188 0.148 0.19 0.135 0.178 0.976 0.011 0.976 0.029 0.927 0.011 0.976 0.029 0.927 0.029 0.927 0.011 0.793 0.047 0.769 0.065 0.773 0.027 0.769 0.065 0.763 0.053 0.773 0.027 0.809 0.021 0.793 0.047 0.779 0.01 0.793 0.047 0.773 0.027 0.779 0.01 0.911 0.011 0.927 0.011 0.911 0.029 0.927 0.011 0.927 0.029 0.911 0.029 0.927 0.056 0.916 0.048 0.927 0.029 0.916 0.048 0.911 0.029 0.927 0.029 0.826 0.901 0.826 0.932 0.681 0.901 0.826 0.932 0.681 0.932 0.681 0.901 0.826 0.81 0.826 0.841 0.681 0.81 0.826 0.841 0.681 0.841 0.681 0.81 0.826 0.871 0.826 0.901 0.681 0.871 0.826 0.901 0.681 0.901 0.681 0.871 0.826 0.841 0.826 0.871 0.681 0.841 0.826 0.871 0.681 0.871 0.681 0.841 0.826 0.75 0.826 0.78 0.681 0.75 0.826 0.78 0.681 0.78 0.681 0.75 0.826 0.78 0.826 0.81 0.681 0.78 0.826 0.81 0.681 0.81 0.681 0.78 0.826 0.962 0.826 0.992 0.681 0.962 0.826 0.992 0.681 0.992 0.681 0.962 0.826 0.932 0.826 0.962 0.681 0.932 0.826 0.962 0.681 0.962 0.681 0.932 0.826 0.78 0.842 0.78 0.842 0.791 0.967 0.199 0.966 0.179 0.987 0.192 0.966 0.179 0.987 0.17 0.987 0.192 0.947 0.202 0.967 0.199 0.947 0.225 0.967 0.199 0.968 0.222 0.947 0.225 0.947 0.181 0.966 0.179 0.947 0.202 0.966 0.179 0.967 0.199 0.947 0.202 0.968 0.222 0.967 0.199 0.987 0.218 0.967 0.199 0.987 0.192 0.987 0.218 0.128 0.072 0.384 0.072 0.128 0.11 0.384 0.072 0.228 0.114 0.128 0.11 0.455 0.584 0.455 0.607 0.43 0.584 0.455 0.607 0.418 0.621 0.43 0.584 0.455 0.607 0.482 0.642 0.418 0.621 0.482 0.642 0.448 0.661 0.418 0.621 0.34 0.983 0.28 0.991 0.33 0.946 0.28 0.991 0.28 0.953 0.33 0.946 0.396 0.96 0.34 0.983 0.377 0.927 0.34 0.983 0.33 0.946 0.377 0.927 0.445 0.923 0.396 0.96 0.418 0.896 0.396 0.96 0.377 0.927 0.418 0.896 0.482 0.875 0.445 0.923 0.448 0.855 0.445 0.923 0.418 0.896 0.448 0.855 0.505 0.819 0.482 0.875 0.468 0.809 0.482 0.875 0.448 0.855 0.468 0.809 0.513 0.758 0.505 0.819 0.474 0.758 0.505 0.819 0.468 0.809 0.474 0.758 0.505 0.698 0.513 0.758 0.468 0.708 0.513 0.758 0.474 0.758 0.468 0.708 0.482 0.642 0.505 0.698 0.448 0.661 0.505 0.698 0.468 0.708 0.448 0.661 0.396 0.557 0.43 0.584 0.377 0.59 0.43 0.584 0.418 0.621 0.377 0.59 0.34 0.534 0.396 0.557 0.33 0.571 0.396 0.557 0.377 0.59 0.33 0.571 0.28 0.526 0.34 0.534 0.28 0.564 0.34 0.534 0.33 0.571 0.28 0.564 0.33 0.571 0.332 0.694 0.28 0.564 0.332 0.694 0.28 0.693 0.28 0.564 0.332 0.758 0.332 0.823 0.28 0.758 0.332 0.823 0.28 0.823 0.28 0.758 0.377 0.59 0.38 0.696 0.33 0.571 0.38 0.696 0.332 0.694 0.33 0.571 0.381 0.758 0.38 0.821 0.332 0.758 0.38 0.821 0.332 0.823 0.332 0.758 0.418 0.621 0.421 0.702 0.377 0.59 0.421 0.702 0.38 0.696 0.377 0.59 0.422 0.758 0.421 0.815 0.381 0.758 0.421 0.815 0.38 0.821 0.381 0.758 0.468 0.708 0.474 0.758 0.421 0.702 0.474 0.758 0.422 0.758 0.421 0.702 0.474 0.758 0.468 0.809 0.422 0.758 0.468 0.809 0.421 0.815 0.422 0.758 0.421 0.815 0.468 0.809 0.418 0.896 0.468 0.809 0.448 0.855 0.418 0.896 0.28 0.693 0.332 0.694 0.28 0.758 0.332 0.694 0.332 0.758 0.28 0.758 0.332 0.694 0.38 0.696 0.332 0.758 0.38 0.696 0.381 0.758 0.332 0.758 0.38 0.696 0.421 0.702 0.381 0.758 0.421 0.702 0.422 0.758 0.381 0.758 0.448 0.661 0.468 0.708 0.418 0.621 0.468 0.708 0.421 0.702 0.418 0.621 0.332 0.823 0.38 0.821 0.33 0.946 0.38 0.821 0.377 0.927 0.33 0.946 0.28 0.823 0.332 0.823 0.28 0.953 0.332 0.823 0.33 0.946 0.28 0.953 0.38 0.821 0.421 0.815 0.377 0.927 0.421 0.815 0.418 0.896 0.377 0.927 0.842 0.81 0.826 0.81 0.842 0.841 0.826 0.81 0.826 0.841 0.842 0.841 0.842 0.75 0.826 0.75 0.842 0.78 0.826 0.75 0.826 0.78 0.842 0.78 0.842 0.962 0.826 0.962 0.842 0.992 0.826 0.962 0.826 0.992 0.842 0.992 0.842 0.901 0.826 0.901 0.842 0.932 0.826 0.901 0.826 0.932 0.842 0.932 0.842 0.841 0.826 0.841 0.842 0.871 0.826 0.841 0.826 0.871 0.842 0.871 0.826 0.78 0.826 0.81 0.842 0.791 0.826 0.81 0.842 0.81 0.842 0.791 0.842 0.932 0.826 0.932 0.842 0.962 0.826 0.932 0.826 0.962 0.842 0.962 0.842 0.871 0.826 0.871 0.842 0.901 0.826 0.871 0.826 0.901 0.842 0.901 0.529 0.533 0.529 0.992 0.664 0.533 0.529 0.992 0.664 0.992 0.664 0.533 0.384 0.072 0.245 0.179 0.384 0.206 0.245 0.179 0.278 0.206 0.384 0.206 0.008 0.992 0.264 0.992 0.008 0.533 0.264 0.992 0.264 0.533 0.008 0.533 0.722 0.328 0.312 0.247 0.263 0.328 0.312 0.247 0.263 0.247 0.263 0.328 0.907 0.948 0.858 0.948 0.907 0.992 0.858 0.948 0.858 0.992 0.907 0.992 0.907 0.887 0.858 0.887 0.907 0.948 0.858 0.887 0.858 0.948 0.907 0.948 0.907 0.826 0.858 0.826 0.907 0.887 0.858 0.826 0.858 0.887 0.907 0.887 0.907 0.766 0.858 0.766 0.907 0.826 0.858 0.766 0.858 0.826 0.907 0.826 0.907 0.705 0.858 0.705 0.907 0.766 0.858 0.705 0.858 0.766 0.907 0.766 0.907 0.523 0.858 0.523 0.907 0.583 0.858 0.523 0.858 0.583 0.907 0.583 0.907 0.462 0.858 0.462 0.907 0.523 0.858 0.462 0.858 0.523 0.907 0.523 0.907 0.644 0.858 0.644 0.907 0.705 0.858 0.644 0.858 0.705 0.907 0.705 0.907 0.583 0.858 0.583 0.907 0.644 0.858 0.583 0.858 0.644 0.907 0.644 0.263 0.405 0.673 0.405 0.263 0.344 0.673 0.405 0.673 0.344 0.263 0.344 0.263 0.466 0.673 0.466 0.263 0.405 0.673 0.466 0.673 0.405 0.263 0.405 0.312 0.222 0.312 0.247 0.722 0.222 0.312 0.247 0.722 0.328 0.722 0.222 0.128 0.11 0.128 0.148 0.228 0.114 0.128 0.148 0.188 0.156 0.228 0.114 0.188 0.156 0.245 0.179 0.228 0.114 0.245 0.179 0.384 0.072 0.228 0.114 0.991 0.36 0.991 0.311 0.968 0.36 0.991 0.311 0.968 0.311 0.968 0.36 0.263 0.466 0.263 0.509 0.673 0.466 0.263 0.509 0.673 0.509 0.673 0.466 0.924 0.992 0.988 0.992 0.924 0.874 0.988 0.992 0.988 0.874 0.924 0.874 0.754 0.563 0.689 0.563 0.754 0.734 0.689 0.563 0.689 0.734 0.754 0.734 0.706 0.151 0.748 0.168 0.749 0.116 0.748 0.168 0.769 0.137 0.749 0.116 0.95 0.242 0.886 0.242 0.95 0.36 0.886 0.242 0.886 0.36 0.95 0.36 0.916 0.143 0.916 0.205 0.93 0.121 0.916 0.205 0.93 0.205 0.93 0.121 0.4 0.206 0.518 0.206 0.4 0.142 0.518 0.206 0.518 0.142 0.4 0.142 0.4 0.142 0.518 0.142 0.4 0.078 0.518 0.142 0.518 0.078 0.4 0.078 0.784 0.074 0.801 0.116 0.838 0.074 0.801 0.116 0.838 0.108 0.838 0.074 0.838 0.074 0.838 0.108 0.892 0.074 0.838 0.108 0.875 0.116 0.892 0.074 0.754 0.445 0.689 0.445 0.754 0.563 0.689 0.445 0.689 0.563 0.754 0.563 0.819 0.445 0.754 0.445 0.819 0.563 0.754 0.445 0.754 0.563 0.819 0.563 0.518 0.206 0.689 0.206 0.518 0.142 0.689 0.206 0.689 0.142 0.518 0.142 0.924 0.874 0.988 0.874 0.924 0.703 0.988 0.874 0.988 0.703 0.924 0.703 0.749 0.116 0.769 0.137 0.784 0.074 0.769 0.137 0.801 0.116 0.784 0.074 0.819 0.563 0.754 0.563 0.819 0.734 0.754 0.563 0.754 0.734 0.819 0.734 0.108 0.19 0.107 0.012 0.01 0.19 0.107 0.012 0.043 0.012 0.01 0.19 0.875 0.116 0.916 0.143 0.892 0.074 0.916 0.143 0.93 0.121 0.892 0.074 0.805 0.429 0.805 0.311 0.74 0.429 0.805 0.311 0.74 0.312 0.74 0.429 0.87 0.429 0.869 0.311 0.805 0.429 0.869 0.311 0.805 0.311 0.805 0.429 0.74 0.312 0.805 0.311 0.796 0.14 0.869 0.311 0.87 0.14 0.805 0.311 0.87 0.14 0.796 0.14 0.805 0.311 0.518 0.142 0.689 0.142 0.518 0.078 0.689 0.142 0.689 0.078 0.518 0.078 0.986 0.687 0.986 0.376 0.924 0.687 0.986 0.376 0.924 0.376 0.924 0.687 0.121 0.206 0.121 0.517 0.159 0.206 0.121 0.517 0.159 0.517 0.159 0.206 0.046 0.206 0.046 0.517 0.084 0.206 0.046 0.517 0.084 0.517 0.084 0.206 0.197 0.206 0.197 0.517 0.246 0.206 0.197 0.517 0.246 0.517 0.246 0.206 0.159 0.206 0.159 0.517 0.197 0.206 0.159 0.517 0.197 0.517 0.197 0.206 0.084 0.206 0.084 0.517 0.121 0.206 0.084 0.517 0.121 0.517 0.121 0.206 0.008 0.206 0.008 0.517 0.046 0.206 0.008 0.517 0.046 0.517 0.046 0.206 0.689 0.429 0.707 0.429 0.689 0.365 0.707 0.429 0.707 0.368 0.689 0.365 0.707 0.429 0.725 0.429 0.707 0.368 0.725 0.429 0.725 0.375 0.707 0.368 0.188 0.016 0.188 0.034 0.252 0.012 0.188 0.034 0.25 0.03 0.252 0.012 0.188 0.034 0.188 0.051 0.25 0.03 0.188 0.051 0.242 0.048 0.25 0.03 0.123 0.012 0.126 0.03 0.188 0.016 0.126 0.03 0.188 0.034 0.188 0.016 0.126 0.03 0.133 0.047 0.188 0.034 0.133 0.047 0.188 0.051 0.188 0.034 0.506 0.556 0.506 0.543 0.421 0.556 0.506 0.543 0.409 0.543 0.421 0.556 0.506 0.543 0.506 0.525 0.409 0.543 0.506 0.525 0.407 0.525 0.409 0.543 0.657 0.062 0.654 0.044 0.593 0.062 0.654 0.044 0.593 0.044 0.593 0.062 0.654 0.044 0.647 0.026 0.593 0.044 0.647 0.026 0.593 0.026 0.593 0.044 0.826 0.01 0.829 0.028 0.886 0.01 0.829 0.028 0.894 0.028 0.886 0.01 0.829 0.028 0.824 0.045 0.894 0.028 0.824 0.045 0.898 0.045 0.894 0.028 0.593 0.062 0.593 0.044 0.528 0.062 0.593 0.044 0.531 0.044 0.528 0.062 0.593 0.044 0.593 0.026 0.531 0.044 0.593 0.026 0.538 0.026 0.531 0.044 0.741 0.205 0.748 0.168 0.706 0.205 0.748 0.168 0.706 0.151 0.706 0.205 0.51 0.062 0.51 0.013 0.501 0.062 0.51 0.013 0.501 0.013 0.501 0.062 0.451 0.062 0.451 0.013 0.426 0.062 0.451 0.013 0.426 0.013 0.426 0.062 0.476 0.062 0.476 0.013 0.451 0.062 0.476 0.013 0.451 0.013 0.451 0.062 0.426 0.062 0.426 0.013 0.4 0.062 0.426 0.013 0.4 0.013 0.4 0.062 0.512 0.591 0.483 0.591 0.512 0.612 0.483 0.591 0.483 0.612 0.512 0.612 0.512 0.572 0.483 0.572 0.512 0.591 0.483 0.572 0.483 0.591 0.512 0.591 0.973 0.073 0.925 0.079 0.977 0.104 0.925 0.079 0.948 0.107 0.977 0.104 0.769 0.065 0.763 0.053 0.74 0.072 0.763 0.053 0.739 0.059 0.74 0.072 0.74 0.072 0.739 0.059 0.71 0.068 0.739 0.059 0.714 0.056 0.71 0.068 0.71 0.068 0.714 0.056 0.684 0.052 0.714 0.056 0.692 0.043 0.684 0.052 0.684 0.052 0.692 0.043 0.666 0.028 0.692 0.043 0.677 0.022 0.666 0.028 0.661 0.009 0.666 0.028 0.675 0.014 0.666 0.028 0.677 0.022 0.675 0.014 0.966 0.179 0.987 0.17 0.966 0.166 0.987 0.17 0.983 0.158 0.966 0.166 0.501 0.062 0.501 0.013 0.476 0.062 0.501 0.013 0.476 0.013 0.476 0.062 0.925 0.079 0.913 0.074 0.948 0.107 0.913 0.074 0.929 0.091 0.948 0.107 0.373 0.041 0.367 0.035 0.362 0.048 0.367 0.035 0.359 0.045 0.362 0.048 0.442 0.948 0.427 0.958 0.442 0.974 0.427 0.958 0.415 0.974 0.442 0.974 0.461 0.944 0.442 0.948 0.461 0.974 0.442 0.948 0.442 0.974 0.461 0.974 0.479 0.948 0.479 0.974 0.495 0.958 0.479 0.974 0.505 0.974 0.495 0.958 0.461 0.944 0.461 0.974 0.479 0.948 0.461 0.974 0.479 0.974 0.479 0.948 0.442 0.974 0.442 0.992 0.461 0.974 0.442 0.992 0.461 0.992 0.461 0.974 0.345 0.022 0.34 0.033 0.367 0.035 0.34 0.033 0.359 0.045 0.367 0.035 0.34 0.033 0.335 0.045 0.359 0.045 0.335 0.045 0.352 0.055 0.359 0.045 0.976 0.029 0.927 0.029 0.976 0.056 0.927 0.029 0.927 0.056 0.976 0.056 0.274 0.033 0.268 0.036 0.278 0.045 0.268 0.036 0.261 0.054 0.278 0.045 0.268 0.036 0.274 0.033 0.269 0.021 0.269 0.021 0.274 0.033 0.294 0.015 0.274 0.033 0.296 0.027 0.294 0.015 0.274 0.033 0.278 0.045 0.296 0.027 0.278 0.045 0.297 0.04 0.296 0.027 0.294 0.015 0.296 0.027 0.32 0.015 0.296 0.027 0.318 0.028 0.32 0.015 0.296 0.027 0.297 0.04 0.318 0.028 0.297 0.04 0.316 0.04 0.318 0.028 0.966 0.179 0.966 0.166 0.947 0.181 0.966 0.166 0.947 0.169 0.947 0.181 0.415 0.974 0.415 0.992 0.442 0.974 0.415 0.992 0.442 0.992 0.442 0.974 0.509 0.992 0.505 0.974 0.479 0.992 0.505 0.974 0.479 0.974 0.479 0.992 0.461 0.974 0.461 0.992 0.479 0.974 0.461 0.992 0.479 0.992 0.479 0.974 0.32 0.015 0.318 0.028 0.345 0.022 0.318 0.028 0.34 0.033 0.345 0.022 0.318 0.028 0.316 0.04 0.34 0.033 0.316 0.04 0.335 0.045 0.34 0.033 0.352 0.055 0.362 0.048 0.359 0.045 0.129 0.19 0.148 0.19 0.125 0.175 0.148 0.19 0.135 0.178 0.125 0.175 0.166 0.176 0.135 0.178 0.169 0.188 0.135 0.178 0.148 0.19 0.169 0.188 0.976 0.011 0.927 0.011 0.976 0.029 0.927 0.011 0.927 0.029 0.976 0.029 0.793 0.047 0.773 0.027 0.769 0.065 0.773 0.027 0.763 0.053 0.769 0.065 0.809 0.021 0.779 0.01 0.793 0.047 0.779 0.01 0.773 0.027 0.793 0.047 0.911 0.011 0.911 0.029 0.927 0.011 0.911 0.029 0.927 0.029 0.927 0.011 0.927 0.056 0.927 0.029 0.916 0.048 0.927 0.029 0.911 0.029 0.916 0.048 0.826 0.901 0.681 0.901 0.826 0.932 0.681 0.901 0.681 0.932 0.826 0.932 0.826 0.81 0.681 0.81 0.826 0.841 0.681 0.81 0.681 0.841 0.826 0.841 0.826 0.871 0.681 0.871 0.826 0.901 0.681 0.871 0.681 0.901 0.826 0.901 0.826 0.841 0.681 0.841 0.826 0.871 0.681 0.841 0.681 0.871 0.826 0.871 0.826 0.75 0.681 0.75 0.826 0.78 0.681 0.75 0.681 0.78 0.826 0.78 0.826 0.78 0.681 0.78 0.826 0.81 0.681 0.78 0.681 0.81 0.826 0.81 0.826 0.962 0.681 0.962 0.826 0.992 0.681 0.962 0.681 0.992 0.826 0.992 0.826 0.932 0.681 0.932 0.826 0.962 0.681 0.932 0.681 0.962 0.826 0.962 0.826 0.78 0.842 0.791 0.842 0.78 0.967 0.199 0.987 0.192 0.966 0.179 0.987 0.192 0.987 0.17 0.966 0.179 0.947 0.202 0.947 0.225 0.967 0.199 0.947 0.225 0.968 0.222 0.967 0.199 0.947 0.181 0.947 0.202 0.966 0.179 0.947 0.202 0.967 0.199 0.966 0.179 0.968 0.222 0.987 0.218 0.967 0.199 0.987 0.218 0.987 0.192 0.967 0.199 0.128 0.072 0.128 0.11 0.384 0.072 0.128 0.11 0.228 0.114 0.384 0.072 0.455 0.584 0.43 0.584 0.455 0.607 0.43 0.584 0.418 0.621 0.455 0.607 0.455 0.607 0.418 0.621 0.482 0.642 0.418 0.621 0.448 0.661 0.482 0.642 0.34 0.983 0.33 0.946 0.28 0.991 0.33 0.946 0.28 0.953 0.28 0.991 0.396 0.96 0.377 0.927 0.34 0.983 0.377 0.927 0.33 0.946 0.34 0.983 0.445 0.923 0.418 0.896 0.396 0.96 0.418 0.896 0.377 0.927 0.396 0.96 0.482 0.875 0.448 0.855 0.445 0.923 0.448 0.855 0.418 0.896 0.445 0.923 0.505 0.819 0.468 0.809 0.482 0.875 0.468 0.809 0.448 0.855 0.482 0.875 0.513 0.758 0.474 0.758 0.505 0.819 0.474 0.758 0.468 0.809 0.505 0.819 0.505 0.698 0.468 0.708 0.513 0.758 0.468 0.708 0.474 0.758 0.513 0.758 0.482 0.642 0.448 0.661 0.505 0.698 0.448 0.661 0.468 0.708 0.505 0.698 0.396 0.557 0.377 0.59 0.43 0.584 0.377 0.59 0.418 0.621 0.43 0.584 0.34 0.534 0.33 0.571 0.396 0.557 0.33 0.571 0.377 0.59 0.396 0.557 0.28 0.526 0.28 0.564 0.34 0.534 0.28 0.564 0.33 0.571 0.34 0.534 0.33 0.571 0.28 0.564 0.332 0.694 0.28 0.564 0.28 0.693 0.332 0.694 0.332 0.758 0.28 0.758 0.332 0.823 0.28 0.758 0.28 0.823 0.332 0.823 0.377 0.59 0.33 0.571 0.38 0.696 0.33 0.571 0.332 0.694 0.38 0.696 0.381 0.758 0.332 0.758 0.38 0.821 0.332 0.758 0.332 0.823 0.38 0.821 0.418 0.621 0.377 0.59 0.421 0.702 0.377 0.59 0.38 0.696 0.421 0.702 0.422 0.758 0.381 0.758 0.421 0.815 0.381 0.758 0.38 0.821 0.421 0.815 0.468 0.708 0.421 0.702 0.474 0.758 0.421 0.702 0.422 0.758 0.474 0.758 0.474 0.758 0.422 0.758 0.468 0.809 0.422 0.758 0.421 0.815 0.468 0.809 0.421 0.815 0.418 0.896 0.468 0.809 0.418 0.896 0.448 0.855 0.468 0.809 0.28 0.693 0.28 0.758 0.332 0.694 0.28 0.758 0.332 0.758 0.332 0.694 0.332 0.694 0.332 0.758 0.38 0.696 0.332 0.758 0.381 0.758 0.38 0.696 0.38 0.696 0.381 0.758 0.421 0.702 0.381 0.758 0.422 0.758 0.421 0.702 0.448 0.661 0.418 0.621 0.468 0.708 0.418 0.621 0.421 0.702 0.468 0.708 0.332 0.823 0.33 0.946 0.38 0.821 0.33 0.946 0.377 0.927 0.38 0.821 0.28 0.823 0.28 0.953 0.332 0.823 0.28 0.953 0.33 0.946 0.332 0.823 0.38 0.821 0.377 0.927 0.421 0.815 0.377 0.927 0.418 0.896 0.421 0.815 0.842 0.81 0.826 0.81 0.842 0.841 0.826 0.81 0.826 0.841 0.842 0.841 0.842 0.75 0.826 0.75 0.842 0.78 0.826 0.75 0.826 0.78 0.842 0.78 0.842 0.962 0.826 0.962 0.842 0.992 0.826 0.962 0.826 0.992 0.842 0.992 0.842 0.901 0.826 0.901 0.842 0.932 0.826 0.901 0.826 0.932 0.842 0.932 0.842 0.841 0.826 0.841 0.842 0.871 0.826 0.841 0.826 0.871 0.842 0.871 0.826 0.78 0.826 0.81 0.842 0.791 0.826 0.81 0.842 0.81 0.842 0.791 0.842 0.932 0.826 0.932 0.842 0.962 0.826 0.932 0.826 0.962 0.842 0.962 0.842 0.871 0.826 0.871 0.842 0.901 0.826 0.871 0.826 0.901 0.842 0.901 0.529 0.533 0.529 0.992 0.664 0.533 0.529 0.992 0.664 0.992 0.664 0.533 0.384 0.072 0.245 0.179 0.384 0.206 0.245 0.179 0.278 0.206 0.384 0.206 0.008 0.992 0.264 0.992 0.008 0.533 0.264 0.992 0.264 0.533 0.008 0.533 0.722 0.328 0.312 0.247 0.263 0.328 0.312 0.247 0.263 0.247 0.263 0.328 0.907 0.948 0.858 0.948 0.907 0.992 0.858 0.948 0.858 0.992 0.907 0.992 0.907 0.887 0.858 0.887 0.907 0.948 0.858 0.887 0.858 0.948 0.907 0.948 0.907 0.826 0.858 0.826 0.907 0.887 0.858 0.826 0.858 0.887 0.907 0.887 0.907 0.766 0.858 0.766 0.907 0.826 0.858 0.766 0.858 0.826 0.907 0.826 0.907 0.705 0.858 0.705 0.907 0.766 0.858 0.705 0.858 0.766 0.907 0.766 0.907 0.523 0.858 0.523 0.907 0.583 0.858 0.523 0.858 0.583 0.907 0.583 0.907 0.462 0.858 0.462 0.907 0.523 0.858 0.462 0.858 0.523 0.907 0.523 0.907 0.644 0.858 0.644 0.907 0.705 0.858 0.644 0.858 0.705 0.907 0.705 0.907 0.583 0.858 0.583 0.907 0.644 0.858 0.583 0.858 0.644 0.907 0.644 0.263 0.405 0.673 0.405 0.263 0.344 0.673 0.405 0.673 0.344 0.263 0.344 0.263 0.466 0.673 0.466 0.263 0.405 0.673 0.466 0.673 0.405 0.263 0.405 0.312 0.222 0.312 0.247 0.722 0.222 0.312 0.247 0.722 0.328 0.722 0.222 0.128 0.11 0.128 0.148 0.228 0.114 0.128 0.148 0.188 0.156 0.228 0.114 0.188 0.156 0.245 0.179 0.228 0.114 0.245 0.179 0.384 0.072 0.228 0.114 0.991 0.36 0.991 0.311 0.968 0.36 0.991 0.311 0.968 0.311 0.968 0.36 0.263 0.466 0.263 0.509 0.673 0.466 0.263 0.509 0.673 0.509 0.673 0.466 0.924 0.992 0.988 0.992 0.924 0.874 0.988 0.992 0.988 0.874 0.924 0.874 0.754 0.563 0.689 0.563 0.754 0.734 0.689 0.563 0.689 0.734 0.754 0.734 0.706 0.151 0.748 0.168 0.749 0.116 0.748 0.168 0.769 0.137 0.749 0.116 0.95 0.242 0.886 0.242 0.95 0.36 0.886 0.242 0.886 0.36 0.95 0.36 0.916 0.143 0.916 0.205 0.93 0.121 0.916 0.205 0.93 0.205 0.93 0.121 0.4 0.206 0.518 0.206 0.4 0.142 0.518 0.206 0.518 0.142 0.4 0.142 0.4 0.142 0.518 0.142 0.4 0.078 0.518 0.142 0.518 0.078 0.4 0.078 0.784 0.074 0.801 0.116 0.838 0.074 0.801 0.116 0.838 0.108 0.838 0.074 0.838 0.074 0.838 0.108 0.892 0.074 0.838 0.108 0.875 0.116 0.892 0.074 0.754 0.445 0.689 0.445 0.754 0.563 0.689 0.445 0.689 0.563 0.754 0.563 0.819 0.445 0.754 0.445 0.819 0.563 0.754 0.445 0.754 0.563 0.819 0.563 0.518 0.206 0.689 0.206 0.518 0.142 0.689 0.206 0.689 0.142 0.518 0.142 0.924 0.874 0.988 0.874 0.924 0.703 0.988 0.874 0.988 0.703 0.924 0.703 0.749 0.116 0.769 0.137 0.784 0.074 0.769 0.137 0.801 0.116 0.784 0.074 0.819 0.563 0.754 0.563 0.819 0.734 0.754 0.563 0.754 0.734 0.819 0.734 0.108 0.19 0.107 0.012 0.01 0.19 0.107 0.012 0.043 0.012 0.01 0.19 0.875 0.116 0.916 0.143 0.892 0.074 0.916 0.143 0.93 0.121 0.892 0.074 0.805 0.429 0.805 0.311 0.74 0.429 0.805 0.311 0.74 0.312 0.74 0.429 0.87 0.429 0.869 0.311 0.805 0.429 0.869 0.311 0.805 0.311 0.805 0.429 0.74 0.312 0.805 0.311 0.796 0.14 0.869 0.311 0.87 0.14 0.805 0.311 0.87 0.14 0.796 0.14 0.805 0.311 0.518 0.142 0.689 0.142 0.518 0.078 0.689 0.142 0.689 0.078 0.518 0.078 0.986 0.687 0.986 0.376 0.924 0.687 0.986 0.376 0.924 0.376 0.924 0.687 0.121 0.206 0.121 0.517 0.159 0.206 0.121 0.517 0.159 0.517 0.159 0.206 0.046 0.206 0.046 0.517 0.084 0.206 0.046 0.517 0.084 0.517 0.084 0.206 0.197 0.206 0.197 0.517 0.246 0.206 0.197 0.517 0.246 0.517 0.246 0.206 0.159 0.206 0.159 0.517 0.197 0.206 0.159 0.517 0.197 0.517 0.197 0.206 0.084 0.206 0.084 0.517 0.121 0.206 0.084 0.517 0.121 0.517 0.121 0.206 0.008 0.206 0.008 0.517 0.046 0.206 0.008 0.517 0.046 0.517 0.046 0.206 0.689 0.429 0.707 0.429 0.689 0.365 0.707 0.429 0.707 0.368 0.689 0.365 0.707 0.429 0.725 0.429 0.707 0.368 0.725 0.429 0.725 0.375 0.707 0.368 0.188 0.016 0.188 0.034 0.252 0.012 0.188 0.034 0.25 0.03 0.252 0.012 0.188 0.034 0.188 0.051 0.25 0.03 0.188 0.051 0.242 0.048 0.25 0.03 0.123 0.012 0.126 0.03 0.188 0.016 0.126 0.03 0.188 0.034 0.188 0.016 0.126 0.03 0.133 0.047 0.188 0.034 0.133 0.047 0.188 0.051 0.188 0.034 0.506 0.556 0.506 0.543 0.421 0.556 0.506 0.543 0.409 0.543 0.421 0.556 0.506 0.543 0.506 0.525 0.409 0.543 0.506 0.525 0.407 0.525 0.409 0.543 0.657 0.062 0.654 0.044 0.593 0.062 0.654 0.044 0.593 0.044 0.593 0.062 0.654 0.044 0.647 0.026 0.593 0.044 0.647 0.026 0.593 0.026 0.593 0.044 0.826 0.01 0.829 0.028 0.886 0.01 0.829 0.028 0.894 0.028 0.886 0.01 0.829 0.028 0.824 0.045 0.894 0.028 0.824 0.045 0.898 0.045 0.894 0.028 0.593 0.062 0.593 0.044 0.528 0.062 0.593 0.044 0.531 0.044 0.528 0.062 0.593 0.044 0.593 0.026 0.531 0.044 0.593 0.026 0.538 0.026 0.531 0.044 0.741 0.205 0.748 0.168 0.706 0.205 0.748 0.168 0.706 0.151 0.706 0.205 0.51 0.062 0.51 0.013 0.501 0.062 0.51 0.013 0.501 0.013 0.501 0.062 0.451 0.062 0.451 0.013 0.426 0.062 0.451 0.013 0.426 0.013 0.426 0.062 0.476 0.062 0.476 0.013 0.451 0.062 0.476 0.013 0.451 0.013 0.451 0.062 0.426 0.062 0.426 0.013 0.4 0.062 0.426 0.013 0.4 0.013 0.4 0.062 0.512 0.591 0.483 0.591 0.512 0.612 0.483 0.591 0.483 0.612 0.512 0.612 0.512 0.572 0.483 0.572 0.512 0.591 0.483 0.572 0.483 0.591 0.512 0.591 0.973 0.073 0.925 0.079 0.977 0.104 0.925 0.079 0.948 0.107 0.977 0.104 0.769 0.065 0.763 0.053 0.74 0.072 0.763 0.053 0.739 0.059 0.74 0.072 0.74 0.072 0.739 0.059 0.71 0.068 0.739 0.059 0.714 0.056 0.71 0.068 0.71 0.068 0.714 0.056 0.684 0.052 0.714 0.056 0.692 0.043 0.684 0.052 0.684 0.052 0.692 0.043 0.666 0.028 0.692 0.043 0.677 0.022 0.666 0.028 0.661 0.009 0.666 0.028 0.675 0.014 0.666 0.028 0.677 0.022 0.675 0.014 0.966 0.179 0.987 0.17 0.966 0.166 0.987 0.17 0.983 0.158 0.966 0.166 0.501 0.062 0.501 0.013 0.476 0.062 0.501 0.013 0.476 0.013 0.476 0.062 0.925 0.079 0.913 0.074 0.948 0.107 0.913 0.074 0.929 0.091 0.948 0.107 0.373 0.041 0.367 0.035 0.362 0.048 0.367 0.035 0.359 0.045 0.362 0.048 0.442 0.948 0.427 0.958 0.442 0.974 0.427 0.958 0.415 0.974 0.442 0.974 0.461 0.944 0.442 0.948 0.461 0.974 0.442 0.948 0.442 0.974 0.461 0.974 0.479 0.948 0.479 0.974 0.495 0.958 0.479 0.974 0.505 0.974 0.495 0.958 0.461 0.944 0.461 0.974 0.479 0.948 0.461 0.974 0.479 0.974 0.479 0.948 0.442 0.974 0.442 0.992 0.461 0.974 0.442 0.992 0.461 0.992 0.461 0.974 0.345 0.022 0.34 0.033 0.367 0.035 0.34 0.033 0.359 0.045 0.367 0.035 0.34 0.033 0.335 0.045 0.359 0.045 0.335 0.045 0.352 0.055 0.359 0.045 0.976 0.029 0.927 0.029 0.976 0.056 0.927 0.029 0.927 0.056 0.976 0.056 0.274 0.033 0.268 0.036 0.278 0.045 0.268 0.036 0.261 0.054 0.278 0.045 0.268 0.036 0.274 0.033 0.269 0.021 0.269 0.021 0.274 0.033 0.294 0.015 0.274 0.033 0.296 0.027 0.294 0.015 0.274 0.033 0.278 0.045 0.296 0.027 0.278 0.045 0.297 0.04 0.296 0.027 0.294 0.015 0.296 0.027 0.32 0.015 0.296 0.027 0.318 0.028 0.32 0.015 0.296 0.027 0.297 0.04 0.318 0.028 0.297 0.04 0.316 0.04 0.318 0.028 0.966 0.179 0.966 0.166 0.947 0.181 0.966 0.166 0.947 0.169 0.947 0.181 0.415 0.974 0.415 0.992 0.442 0.974 0.415 0.992 0.442 0.992 0.442 0.974 0.509 0.992 0.505 0.974 0.479 0.992 0.505 0.974 0.479 0.974 0.479 0.992 0.461 0.974 0.461 0.992 0.479 0.974 0.461 0.992 0.479 0.992 0.479 0.974 0.32 0.015 0.318 0.028 0.345 0.022 0.318 0.028 0.34 0.033 0.345 0.022 0.318 0.028 0.316 0.04 0.34 0.033 0.316 0.04 0.335 0.045 0.34 0.033 0.352 0.055 0.362 0.048 0.359 0.045 0.129 0.19 0.148 0.19 0.125 0.175 0.148 0.19 0.135 0.178 0.125 0.175 0.166 0.176 0.135 0.178 0.169 0.188 0.135 0.178 0.148 0.19 0.169 0.188 0.976 0.011 0.927 0.011 0.976 0.029 0.927 0.011 0.927 0.029 0.976 0.029 0.793 0.047 0.773 0.027 0.769 0.065 0.773 0.027 0.763 0.053 0.769 0.065 0.809 0.021 0.779 0.01 0.793 0.047 0.779 0.01 0.773 0.027 0.793 0.047 0.911 0.011 0.911 0.029 0.927 0.011 0.911 0.029 0.927 0.029 0.927 0.011 0.927 0.056 0.927 0.029 0.916 0.048 0.927 0.029 0.911 0.029 0.916 0.048 0.826 0.901 0.681 0.901 0.826 0.932 0.681 0.901 0.681 0.932 0.826 0.932 0.826 0.81 0.681 0.81 0.826 0.841 0.681 0.81 0.681 0.841 0.826 0.841 0.826 0.871 0.681 0.871 0.826 0.901 0.681 0.871 0.681 0.901 0.826 0.901 0.826 0.841 0.681 0.841 0.826 0.871 0.681 0.841 0.681 0.871 0.826 0.871 0.826 0.75 0.681 0.75 0.826 0.78 0.681 0.75 0.681 0.78 0.826 0.78 0.826 0.78 0.681 0.78 0.826 0.81 0.681 0.78 0.681 0.81 0.826 0.81 0.826 0.962 0.681 0.962 0.826 0.992 0.681 0.962 0.681 0.992 0.826 0.992 0.826 0.932 0.681 0.932 0.826 0.962 0.681 0.932 0.681 0.962 0.826 0.962 0.826 0.78 0.842 0.791 0.842 0.78 0.967 0.199 0.987 0.192 0.966 0.179 0.987 0.192 0.987 0.17 0.966 0.179 0.947 0.202 0.947 0.225 0.967 0.199 0.947 0.225 0.968 0.222 0.967 0.199 0.947 0.181 0.947 0.202 0.966 0.179 0.947 0.202 0.967 0.199 0.966 0.179 0.968 0.222 0.987 0.218 0.967 0.199 0.987 0.218 0.987 0.192 0.967 0.199 0.128 0.072 0.128 0.11 0.384 0.072 0.128 0.11 0.228 0.114 0.384 0.072 0.455 0.584 0.43 0.584 0.455 0.607 0.43 0.584 0.418 0.621 0.455 0.607 0.455 0.607 0.418 0.621 0.482 0.642 0.418 0.621 0.448 0.661 0.482 0.642 0.34 0.983 0.33 0.946 0.28 0.991 0.33 0.946 0.28 0.953 0.28 0.991 0.396 0.96 0.377 0.927 0.34 0.983 0.377 0.927 0.33 0.946 0.34 0.983 0.445 0.923 0.418 0.896 0.396 0.96 0.418 0.896 0.377 0.927 0.396 0.96 0.482 0.875 0.448 0.855 0.445 0.923 0.448 0.855 0.418 0.896 0.445 0.923 0.505 0.819 0.468 0.809 0.482 0.875 0.468 0.809 0.448 0.855 0.482 0.875 0.513 0.758 0.474 0.758 0.505 0.819 0.474 0.758 0.468 0.809 0.505 0.819 0.505 0.698 0.468 0.708 0.513 0.758 0.468 0.708 0.474 0.758 0.513 0.758 0.482 0.642 0.448 0.661 0.505 0.698 0.448 0.661 0.468 0.708 0.505 0.698 0.396 0.557 0.377 0.59 0.43 0.584 0.377 0.59 0.418 0.621 0.43 0.584 0.34 0.534 0.33 0.571 0.396 0.557 0.33 0.571 0.377 0.59 0.396 0.557 0.28 0.526 0.28 0.564 0.34 0.534 0.28 0.564 0.33 0.571 0.34 0.534 0.33 0.571 0.28 0.564 0.332 0.694 0.28 0.564 0.28 0.693 0.332 0.694 0.332 0.758 0.28 0.758 0.332 0.823 0.28 0.758 0.28 0.823 0.332 0.823 0.377 0.59 0.33 0.571 0.38 0.696 0.33 0.571 0.332 0.694 0.38 0.696 0.381 0.758 0.332 0.758 0.38 0.821 0.332 0.758 0.332 0.823 0.38 0.821 0.418 0.621 0.377 0.59 0.421 0.702 0.377 0.59 0.38 0.696 0.421 0.702 0.422 0.758 0.381 0.758 0.421 0.815 0.381 0.758 0.38 0.821 0.421 0.815 0.468 0.708 0.421 0.702 0.474 0.758 0.421 0.702 0.422 0.758 0.474 0.758 0.474 0.758 0.422 0.758 0.468 0.809 0.422 0.758 0.421 0.815 0.468 0.809 0.421 0.815 0.418 0.896 0.468 0.809 0.418 0.896 0.448 0.855 0.468 0.809 0.28 0.693 0.28 0.758 0.332 0.694 0.28 0.758 0.332 0.758 0.332 0.694 0.332 0.694 0.332 0.758 0.38 0.696 0.332 0.758 0.381 0.758 0.38 0.696 0.38 0.696 0.381 0.758 0.421 0.702 0.381 0.758 0.422 0.758 0.421 0.702 0.448 0.661 0.418 0.621 0.468 0.708 0.418 0.621 0.421 0.702 0.468 0.708 0.332 0.823 0.33 0.946 0.38 0.821 0.33 0.946 0.377 0.927 0.38 0.821 0.28 0.823 0.28 0.953 0.332 0.823 0.28 0.953 0.33 0.946 0.332 0.823 0.38 0.821 0.377 0.927 0.421 0.815 0.377 0.927 0.418 0.896 0.421 0.815 0.842 0.81 0.842 0.841 0.826 0.81 0.842 0.841 0.826 0.841 0.826 0.81 0.842 0.75 0.842 0.78 0.826 0.75 0.842 0.78 0.826 0.78 0.826 0.75 0.842 0.962 0.842 0.992 0.826 0.962 0.842 0.992 0.826 0.992 0.826 0.962 0.842 0.901 0.842 0.932 0.826 0.901 0.842 0.932 0.826 0.932 0.826 0.901 0.842 0.841 0.842 0.871 0.826 0.841 0.842 0.871 0.826 0.871 0.826 0.841 0.826 0.78 0.842 0.791 0.826 0.81 0.842 0.791 0.842 0.81 0.826 0.81 0.842 0.932 0.842 0.962 0.826 0.932 0.842 0.962 0.826 0.962 0.826 0.932 0.842 0.871 0.842 0.901 0.826 0.871 0.842 0.901 0.826 0.901 0.826 0.871 0.529 0.533 0.664 0.533 0.529 0.992 0.664 0.533 0.664 0.992 0.529 0.992 0.384 0.072 0.384 0.206 0.245 0.179 0.384 0.206 0.278 0.206 0.245 0.179 0.008 0.992 0.008 0.533 0.264 0.992 0.008 0.533 0.264 0.533 0.264 0.992 0.722 0.328 0.263 0.328 0.312 0.247 0.263 0.328 0.263 0.247 0.312 0.247 0.907 0.948 0.907 0.992 0.858 0.948 0.907 0.992 0.858 0.992 0.858 0.948 0.907 0.887 0.907 0.948 0.858 0.887 0.907 0.948 0.858 0.948 0.858 0.887 0.907 0.826 0.907 0.887 0.858 0.826 0.907 0.887 0.858 0.887 0.858 0.826 0.907 0.766 0.907 0.826 0.858 0.766 0.907 0.826 0.858 0.826 0.858 0.766 0.907 0.705 0.907 0.766 0.858 0.705 0.907 0.766 0.858 0.766 0.858 0.705 0.907 0.523 0.907 0.583 0.858 0.523 0.907 0.583 0.858 0.583 0.858 0.523 0.907 0.462 0.907 0.523 0.858 0.462 0.907 0.523 0.858 0.523 0.858 0.462 0.907 0.644 0.907 0.705 0.858 0.644 0.907 0.705 0.858 0.705 0.858 0.644 0.907 0.583 0.907 0.644 0.858 0.583 0.907 0.644 0.858 0.644 0.858 0.583 0.263 0.405 0.263 0.344 0.673 0.405 0.263 0.344 0.673 0.344 0.673 0.405 0.263 0.466 0.263 0.405 0.673 0.466 0.263 0.405 0.673 0.405 0.673 0.466 0.312 0.222 0.722 0.222 0.312 0.247 0.722 0.222 0.722 0.328 0.312 0.247 0.128 0.11 0.228 0.114 0.128 0.148 0.228 0.114 0.188 0.156 0.128 0.148 0.188 0.156 0.228 0.114 0.245 0.179 0.228 0.114 0.384 0.072 0.245 0.179 0.991 0.36 0.968 0.36 0.991 0.311 0.968 0.36 0.968 0.311 0.991 0.311 0.263 0.466 0.673 0.466 0.263 0.509 0.673 0.466 0.673 0.509 0.263 0.509 0.924 0.992 0.924 0.874 0.988 0.992 0.924 0.874 0.988 0.874 0.988 0.992 0.754 0.563 0.754 0.734 0.689 0.563 0.754 0.734 0.689 0.734 0.689 0.563 0.706 0.151 0.749 0.116 0.748 0.168 0.749 0.116 0.769 0.137 0.748 0.168 0.95 0.242 0.95 0.36 0.886 0.242 0.95 0.36 0.886 0.36 0.886 0.242 0.916 0.143 0.93 0.121 0.916 0.205 0.93 0.121 0.93 0.205 0.916 0.205 0.4 0.206 0.4 0.142 0.518 0.206 0.4 0.142 0.518 0.142 0.518 0.206 0.4 0.142 0.4 0.078 0.518 0.142 0.4 0.078 0.518 0.078 0.518 0.142 0.784 0.074 0.838 0.074 0.801 0.116 0.838 0.074 0.838 0.108 0.801 0.116 0.838 0.074 0.892 0.074 0.838 0.108 0.892 0.074 0.875 0.116 0.838 0.108 0.754 0.445 0.754 0.563 0.689 0.445 0.754 0.563 0.689 0.563 0.689 0.445 0.819 0.445 0.819 0.563 0.754 0.445 0.819 0.563 0.754 0.563 0.754 0.445 0.518 0.206 0.518 0.142 0.689 0.206 0.518 0.142 0.689 0.142 0.689 0.206 0.924 0.874 0.924 0.703 0.988 0.874 0.924 0.703 0.988 0.703 0.988 0.874 0.749 0.116 0.784 0.074 0.769 0.137 0.784 0.074 0.801 0.116 0.769 0.137 0.819 0.563 0.819 0.734 0.754 0.563 0.819 0.734 0.754 0.734 0.754 0.563 0.108 0.19 0.01 0.19 0.107 0.012 0.01 0.19 0.043 0.012 0.107 0.012 0.875 0.116 0.892 0.074 0.916 0.143 0.892 0.074 0.93 0.121 0.916 0.143 0.805 0.429 0.74 0.429 0.805 0.311 0.74 0.429 0.74 0.312 0.805 0.311 0.87 0.429 0.805 0.429 0.869 0.311 0.805 0.429 0.805 0.311 0.869 0.311 0.74 0.312 0.796 0.14 0.805 0.311 0.869 0.311 0.805 0.311 0.87 0.14 0.805 0.311 0.796 0.14 0.87 0.14 0.518 0.142 0.518 0.078 0.689 0.142 0.518 0.078 0.689 0.078 0.689 0.142 0.986 0.687 0.924 0.687 0.986 0.376 0.924 0.687 0.924 0.376 0.986 0.376 0.121 0.206 0.159 0.206 0.121 0.517 0.159 0.206 0.159 0.517 0.121 0.517 0.046 0.206 0.084 0.206 0.046 0.517 0.084 0.206 0.084 0.517 0.046 0.517 0.197 0.206 0.246 0.206 0.197 0.517 0.246 0.206 0.246 0.517 0.197 0.517 0.159 0.206 0.197 0.206 0.159 0.517 0.197 0.206 0.197 0.517 0.159 0.517 0.084 0.206 0.121 0.206 0.084 0.517 0.121 0.206 0.121 0.517 0.084 0.517 0.008 0.206 0.046 0.206 0.008 0.517 0.046 0.206 0.046 0.517 0.008 0.517 0.689 0.429 0.689 0.365 0.707 0.429 0.689 0.365 0.707 0.368 0.707 0.429 0.707 0.429 0.707 0.368 0.725 0.429 0.707 0.368 0.725 0.375 0.725 0.429 0.188 0.016 0.252 0.012 0.188 0.034 0.252 0.012 0.25 0.03 0.188 0.034 0.188 0.034 0.25 0.03 0.188 0.051 0.25 0.03 0.242 0.048 0.188 0.051 0.123 0.012 0.188 0.016 0.126 0.03 0.188 0.016 0.188 0.034 0.126 0.03 0.126 0.03 0.188 0.034 0.133 0.047 0.188 0.034 0.188 0.051 0.133 0.047 0.506 0.556 0.421 0.556 0.506 0.543 0.421 0.556 0.409 0.543 0.506 0.543 0.506 0.543 0.409 0.543 0.506 0.525 0.409 0.543 0.407 0.525 0.506 0.525 0.657 0.062 0.593 0.062 0.654 0.044 0.593 0.062 0.593 0.044 0.654 0.044 0.654 0.044 0.593 0.044 0.647 0.026 0.593 0.044 0.593 0.026 0.647 0.026 0.826 0.01 0.886 0.01 0.829 0.028 0.886 0.01 0.894 0.028 0.829 0.028 0.829 0.028 0.894 0.028 0.824 0.045 0.894 0.028 0.898 0.045 0.824 0.045 0.593 0.062 0.528 0.062 0.593 0.044 0.528 0.062 0.531 0.044 0.593 0.044 0.593 0.044 0.531 0.044 0.593 0.026 0.531 0.044 0.538 0.026 0.593 0.026 0.741 0.205 0.706 0.205 0.748 0.168 0.706 0.205 0.706 0.151 0.748 0.168 0.51 0.062 0.501 0.062 0.51 0.013 0.501 0.062 0.501 0.013 0.51 0.013 0.451 0.062 0.426 0.062 0.451 0.013 0.426 0.062 0.426 0.013 0.451 0.013 0.476 0.062 0.451 0.062 0.476 0.013 0.451 0.062 0.451 0.013 0.476 0.013 0.426 0.062 0.4 0.062 0.426 0.013 0.4 0.062 0.4 0.013 0.426 0.013 0.512 0.591 0.512 0.612 0.483 0.591 0.512 0.612 0.483 0.612 0.483 0.591 0.512 0.572 0.512 0.591 0.483 0.572 0.512 0.591 0.483 0.591 0.483 0.572 0.973 0.073 0.977 0.104 0.925 0.079 0.977 0.104 0.948 0.107 0.925 0.079 0.769 0.065 0.74 0.072 0.763 0.053 0.74 0.072 0.739 0.059 0.763 0.053 0.74 0.072 0.71 0.068 0.739 0.059 0.71 0.068 0.714 0.056 0.739 0.059 0.71 0.068 0.684 0.052 0.714 0.056 0.684 0.052 0.692 0.043 0.714 0.056 0.684 0.052 0.666 0.028 0.692 0.043 0.666 0.028 0.677 0.022 0.692 0.043 0.661 0.009 0.675 0.014 0.666 0.028 0.675 0.014 0.677 0.022 0.666 0.028 0.966 0.179 0.966 0.166 0.987 0.17 0.966 0.166 0.983 0.158 0.987 0.17 0.501 0.062 0.476 0.062 0.501 0.013 0.476 0.062 0.476 0.013 0.501 0.013 0.925 0.079 0.948 0.107 0.913 0.074 0.948 0.107 0.929 0.091 0.913 0.074 0.373 0.041 0.362 0.048 0.367 0.035 0.362 0.048 0.359 0.045 0.367 0.035 0.442 0.948 0.442 0.974 0.427 0.958 0.442 0.974 0.415 0.974 0.427 0.958 0.461 0.944 0.461 0.974 0.442 0.948 0.461 0.974 0.442 0.974 0.442 0.948 0.479 0.948 0.495 0.958 0.479 0.974 0.495 0.958 0.505 0.974 0.479 0.974 0.461 0.944 0.479 0.948 0.461 0.974 0.479 0.948 0.479 0.974 0.461 0.974 0.442 0.974 0.461 0.974 0.442 0.992 0.461 0.974 0.461 0.992 0.442 0.992 0.345 0.022 0.367 0.035 0.34 0.033 0.367 0.035 0.359 0.045 0.34 0.033 0.34 0.033 0.359 0.045 0.335 0.045 0.359 0.045 0.352 0.055 0.335 0.045 0.976 0.029 0.976 0.056 0.927 0.029 0.976 0.056 0.927 0.056 0.927 0.029 0.274 0.033 0.278 0.045 0.268 0.036 0.278 0.045 0.261 0.054 0.268 0.036 0.268 0.036 0.269 0.021 0.274 0.033 0.269 0.021 0.294 0.015 0.274 0.033 0.294 0.015 0.296 0.027 0.274 0.033 0.274 0.033 0.296 0.027 0.278 0.045 0.296 0.027 0.297 0.04 0.278 0.045 0.294 0.015 0.32 0.015 0.296 0.027 0.32 0.015 0.318 0.028 0.296 0.027 0.296 0.027 0.318 0.028 0.297 0.04 0.318 0.028 0.316 0.04 0.297 0.04 0.966 0.179 0.947 0.181 0.966 0.166 0.947 0.181 0.947 0.169 0.966 0.166 0.415 0.974 0.442 0.974 0.415 0.992 0.442 0.974 0.442 0.992 0.415 0.992 0.509 0.992 0.479 0.992 0.505 0.974 0.479 0.992 0.479 0.974 0.505 0.974 0.461 0.974 0.479 0.974 0.461 0.992 0.479 0.974 0.479 0.992 0.461 0.992 0.32 0.015 0.345 0.022 0.318 0.028 0.345 0.022 0.34 0.033 0.318 0.028 0.318 0.028 0.34 0.033 0.316 0.04 0.34 0.033 0.335 0.045 0.316 0.04 0.352 0.055 0.359 0.045 0.362 0.048 0.129 0.19 0.125 0.175 0.148 0.19 0.125 0.175 0.135 0.178 0.148 0.19 0.166 0.176 0.169 0.188 0.135 0.178 0.169 0.188 0.148 0.19 0.135 0.178 0.976 0.011 0.976 0.029 0.927 0.011 0.976 0.029 0.927 0.029 0.927 0.011 0.793 0.047 0.769 0.065 0.773 0.027 0.769 0.065 0.763 0.053 0.773 0.027 0.809 0.021 0.793 0.047 0.779 0.01 0.793 0.047 0.773 0.027 0.779 0.01 0.911 0.011 0.927 0.011 0.911 0.029 0.927 0.011 0.927 0.029 0.911 0.029 0.927 0.056 0.916 0.048 0.927 0.029 0.916 0.048 0.911 0.029 0.927 0.029 0.826 0.901 0.826 0.932 0.681 0.901 0.826 0.932 0.681 0.932 0.681 0.901 0.826 0.81 0.826 0.841 0.681 0.81 0.826 0.841 0.681 0.841 0.681 0.81 0.826 0.871 0.826 0.901 0.681 0.871 0.826 0.901 0.681 0.901 0.681 0.871 0.826 0.841 0.826 0.871 0.681 0.841 0.826 0.871 0.681 0.871 0.681 0.841 0.826 0.75 0.826 0.78 0.681 0.75 0.826 0.78 0.681 0.78 0.681 0.75 0.826 0.78 0.826 0.81 0.681 0.78 0.826 0.81 0.681 0.81 0.681 0.78 0.826 0.962 0.826 0.992 0.681 0.962 0.826 0.992 0.681 0.992 0.681 0.962 0.826 0.932 0.826 0.962 0.681 0.932 0.826 0.962 0.681 0.962 0.681 0.932 0.826 0.78 0.842 0.78 0.842 0.791 0.967 0.199 0.966 0.179 0.987 0.192 0.966 0.179 0.987 0.17 0.987 0.192 0.947 0.202 0.967 0.199 0.947 0.225 0.967 0.199 0.968 0.222 0.947 0.225 0.947 0.181 0.966 0.179 0.947 0.202 0.966 0.179 0.967 0.199 0.947 0.202 0.968 0.222 0.967 0.199 0.987 0.218 0.967 0.199 0.987 0.192 0.987 0.218 0.128 0.072 0.384 0.072 0.128 0.11 0.384 0.072 0.228 0.114 0.128 0.11 0.455 0.584 0.455 0.607 0.43 0.584 0.455 0.607 0.418 0.621 0.43 0.584 0.455 0.607 0.482 0.642 0.418 0.621 0.482 0.642 0.448 0.661 0.418 0.621 0.34 0.983 0.28 0.991 0.33 0.946 0.28 0.991 0.28 0.953 0.33 0.946 0.396 0.96 0.34 0.983 0.377 0.927 0.34 0.983 0.33 0.946 0.377 0.927 0.445 0.923 0.396 0.96 0.418 0.896 0.396 0.96 0.377 0.927 0.418 0.896 0.482 0.875 0.445 0.923 0.448 0.855 0.445 0.923 0.418 0.896 0.448 0.855 0.505 0.819 0.482 0.875 0.468 0.809 0.482 0.875 0.448 0.855 0.468 0.809 0.513 0.758 0.505 0.819 0.474 0.758 0.505 0.819 0.468 0.809 0.474 0.758 0.505 0.698 0.513 0.758 0.468 0.708 0.513 0.758 0.474 0.758 0.468 0.708 0.482 0.642 0.505 0.698 0.448 0.661 0.505 0.698 0.468 0.708 0.448 0.661 0.396 0.557 0.43 0.584 0.377 0.59 0.43 0.584 0.418 0.621 0.377 0.59 0.34 0.534 0.396 0.557 0.33 0.571 0.396 0.557 0.377 0.59 0.33 0.571 0.28 0.526 0.34 0.534 0.28 0.564 0.34 0.534 0.33 0.571 0.28 0.564 0.33 0.571 0.332 0.694 0.28 0.564 0.332 0.694 0.28 0.693 0.28 0.564 0.332 0.758 0.332 0.823 0.28 0.758 0.332 0.823 0.28 0.823 0.28 0.758 0.377 0.59 0.38 0.696 0.33 0.571 0.38 0.696 0.332 0.694 0.33 0.571 0.381 0.758 0.38 0.821 0.332 0.758 0.38 0.821 0.332 0.823 0.332 0.758 0.418 0.621 0.421 0.702 0.377 0.59 0.421 0.702 0.38 0.696 0.377 0.59 0.422 0.758 0.421 0.815 0.381 0.758 0.421 0.815 0.38 0.821 0.381 0.758 0.468 0.708 0.474 0.758 0.421 0.702 0.474 0.758 0.422 0.758 0.421 0.702 0.474 0.758 0.468 0.809 0.422 0.758 0.468 0.809 0.421 0.815 0.422 0.758 0.421 0.815 0.468 0.809 0.418 0.896 0.468 0.809 0.448 0.855 0.418 0.896 0.28 0.693 0.332 0.694 0.28 0.758 0.332 0.694 0.332 0.758 0.28 0.758 0.332 0.694 0.38 0.696 0.332 0.758 0.38 0.696 0.381 0.758 0.332 0.758 0.38 0.696 0.421 0.702 0.381 0.758 0.421 0.702 0.422 0.758 0.381 0.758 0.448 0.661 0.468 0.708 0.418 0.621 0.468 0.708 0.421 0.702 0.418 0.621 0.332 0.823 0.38 0.821 0.33 0.946 0.38 0.821 0.377 0.927 0.33 0.946 0.28 0.823 0.332 0.823 0.28 0.953 0.332 0.823 0.33 0.946 0.28 0.953 0.38 0.821 0.421 0.815 0.377 0.927 0.421 0.815 0.418 0.896 0.377 0.927</float_array>
					<technique_common>
						<accessor source="#3815-mesh-map-0-array" count="3768" stride="2">
							<param name="S" type="float"/>
							<param name="T" type="float"/>
						</accessor>
					</technique_common>
				</source>
				<source id="3815-mesh-map-1">
					<float_array id="3815-mesh-map-1-array" count="7536">0 0 0 0 0 0 0 0 0 0 0 0 0 0 0 0 0 0 0 0 0 0 0 0 0 0 0 0 0 0 0 0 0 0 0 0 0 0 0 0 0 0 0 0 0 0 0 0 0.728 0.62 0.728 0.652 0.711 0.62 0.728 0.652 0.711 0.652 0.711 0.62 0 0 0 0 0 0 0 0 0 0 0 0 0 0 0 0 0 0 0 0 0 0 0 0 0.728 0.652 0.728 0.685 0.711 0.652 0.728 0.685 0.711 0.685 0.711 0.652 0.998 0.842 0.998 0.988 0.5 0.842 0.998 0.988 0.5 0.988 0.5 0.842 0 0 0 0 0 0 0 0 0 0 0 0 0.994 0.281 0.5 0.281 0.994 0.006 0.5 0.281 0.5 0.006 0.994 0.006 0.998 0.842 0.5 0.842 0.553 0.842 0.5 0.842 0.5 0.842 0.553 0.842 0.553 0.779 0.553 0.817 0.5 0.779 0.553 0.817 0.5 0.817 0.5 0.779 0.553 0.718 0.553 0.779 0.5 0.718 0.553 0.779 0.5 0.779 0.5 0.718 0.553 0.652 0.553 0.718 0.5 0.652 0.553 0.718 0.5 0.718 0.5 0.652 0.553 0.587 0.553 0.652 0.5 0.587 0.553 0.652 0.5 0.652 0.5 0.587 0 0 0 0 0 0 0 0 0 0 0 0 0 0 0 0 0 0 0 0 0 0 0 0 0 0 0 0 0 0 0 0 0 0 0 0 0 0 0 0 0 0 0 0 0 0 0 0 0 0 0 0 0 0 0 0 0 0 0 0 0 0 0 0 0 0 0 0 0 0 0 0 0 0 0 0 0 0 0 0 0 0 0 0 0 0 0 0 0 0 0 0 0 0 0 0 0 0 0 0 0 0 0 0 0 0 0 0 0 0 0 0 0 0 0 0 0 0 0 0 0.5 0.842 0.5 0.817 0.553 0.842 0.5 0.817 0.553 0.817 0.553 0.842 0 0 0 0 0 0 0 0 0 0 0 0 0 0 0 0 0 0 0 0 0 0 0 0 0 0 0 0 0 0 0 0 0 0 0 0 0 0 0 0 0 0 0 0 0 0 0 0 0 0 0 0 0 0 0 0 0 0 0 0 0 0 0 0 0 0 0 0 0 0 0 0 0 0 0 0 0 0 0 0 0 0 0 0 0 0 0 0 0 0 0 0 0 0 0 0 0 0 0 0 0 0 0 0 0 0 0 0 0 0 0 0 0 0 0 0 0 0 0 0 0 0 0 0 0 0 0 0 0 0 0 0 0 0 0 0 0 0 0 0 0 0 0 0 0 0 0 0 0 0 0 0 0 0 0 0 0 0 0 0 0 0 0 0 0 0 0 0 0 0 0 0 0 0 0 0 0 0 0 0 0 0 0 0 0 0 0 0 0 0 0 0 0 0 0 0 0 0 0 0 0 0 0 0 0 0 0 0 0 0 0 0 0 0 0 0 0 0 0 0 0 0 0 0 0 0 0 0 0 0 0 0 0 0 0 0 0 0 0 0 0 0 0 0 0 0 0 0 0 0 0 0 0 0 0 0 0 0 0 0 0 0 0 0 0 0 0 0 0 0 0 0 0 0 0 0 0 0 0 0 0 0 0 0 0 0 0 0 0 0 0 0 0 0 0 0 0 0 0 0 0 0 0 0 0 0 0 0 0 0 0 0 0 0 0 0 0 0 0 0 0 0 0 0 0 0 0 0 0 0 0 0 0 0 0 0 0 0 0 0 0 0 0 0 0 0 0 0 0 0 0 0 0 0 0 0 0 0 0 0 0 0 0 0 0 0 0 0 0 0 0 0 0 0 0 0 0 0 0 0 0 0 0 0 0 0 0 0 0 0 0 0 0 0 0 0 0 0 0 0 0 0 0 0 0 0 0 0 0 0 0 0 0 0 0 0 0 0 0 0 0 0 0 0 0 0 0 0 0 0 0 0 0 0 0 0 0 0 0 0 0 0 0 0 0 0 0 0 0 0 0 0 0 0 0 0 0 0 0 0 0 0 0 0 0 0 0 0 0 0 0 0 0 0 0 0 0 0 0 0 0 0 0 0 0 0 0 0 0 0 0 0 0 0 0 0 0 0 0 0 0 0 0 0 0 0 0 0 0 0 0 0 0 0 0 0 0 0 0 0 0 0 0 0 0 0 0 0 0 0 0 0 0 0 0 0 0 0 0 0 0 0 0 0 0 0 0.781 0.652 0.781 0.679 0.728 0.652 0.781 0.679 0.728 0.679 0.728 0.652 0.781 0.625 0.781 0.652 0.728 0.625 0.781 0.652 0.728 0.652 0.728 0.625 0 0 0 0 0 0 0 0 0 0 0 0 0 0 0 0 0 0 0 0 0 0 0 0 0 0 0 0 0 0 0 0 0 0 0 0 0 0 0 0 0 0 0 0 0 0 0 0 0 0 0 0 0 0 0 0 0 0 0 0 0.728 0.685 0.728 0.652 0.728 0.679 0.728 0.652 0.728 0.652 0.728 0.679 0.728 0.652 0.728 0.62 0.728 0.652 0.728 0.62 0.728 0.625 0.728 0.652 0 0 0 0 0 0 0 0 0 0 0 0 0 0 0 0 0 0 0 0 0 0 0 0 0 0 0 0 0 0 0 0 0 0 0 0 0 0 0 0 0 0 0 0 0 0 0 0 0 0 0 0 0 0 0 0 0 0 0 0 0 0 0 0 0 0 0 0 0 0 0 0 0 0 0 0 0 0 0 0 0 0 0 0 0.798 0.652 0.798 0.652 0.798 0.672 0.798 0.652 0.798 0.672 0.798 0.672 0 0 0 0 0 0 0 0 0 0 0 0 0.798 0.652 0.798 0.632 0.798 0.652 0.798 0.632 0.798 0.632 0.798 0.652 0.798 0.672 0.798 0.652 0.798 0.672 0.798 0.652 0.798 0.652 0.798 0.672 0 0 0 0 0 0 0 0 0 0 0 0 0 0 0 0 0 0 0 0 0 0 0 0 0 0 0 0 0 0 0 0 0 0 0 0 0 0 0 0 0 0 0 0 0 0 0 0 0 0 0 0 0 0 0 0 0 0 0 0 0 0 0 0 0 0 0 0 0 0 0 0 0 0 0 0 0 0 0.781 0.679 0.781 0.652 0.793 0.677 0.781 0.652 0.793 0.652 0.793 0.677 0.793 0.677 0.793 0.652 0.798 0.672 0.793 0.652 0.798 0.652 0.798 0.672 0 0 0 0 0 0 0 0 0 0 0 0 0 0 0 0 0 0 0 0 0 0 0 0 0 0 0 0 0 0 0 0 0 0 0 0 0.798 0.652 0.798 0.632 0.798 0.652 0.798 0.632 0.798 0.632 0.798 0.652 0.781 0.652 0.781 0.625 0.793 0.652 0.781 0.625 0.793 0.627 0.793 0.652 0.793 0.652 0.793 0.627 0.798 0.652 0.793 0.627 0.798 0.632 0.798 0.652 0 0 0 0 0 0 0 0 0 0 0 0 0 0 0 0 0 0 0 0 0 0 0 0 0 0 0 0 0 0 0 0 0 0 0 0 0 0 0 0 0 0 0 0 0 0 0 0 0 0 0 0 0 0 0 0 0 0 0 0 0 0 0 0 0 0 0 0 0 0 0 0 0 0 0 0 0 0 0 0 0 0 0 0 0 0 0 0 0 0 0 0 0 0 0 0 0 0 0 0 0 0 0 0 0 0 0 0 0 0 0 0 0 0 0.711 0.652 0.711 0.685 0.553 0.652 0.711 0.685 0.553 0.685 0.553 0.652 0.711 0.62 0.711 0.652 0.553 0.62 0.711 0.652 0.553 0.652 0.553 0.62 0 0 0 0 0 0 0 0 0 0 0 0 0 0 0 0 0 0 0 0 0 0 0 0 0 0 0 0 0 0 0 0 0 0 0 0 0 0 0 0 0 0 0 0 0 0 0 0 0 0 0 0 0 0 0 0 0 0 0 0 0 0 0 0 0 0 0 0 0 0 0 0 0 0 0 0 0 0 0 0 0 0 0 0 0 0 0 0 0 0 0 0 0 0 0 0 0 0 0 0 0 0 0 0 0 0 0 0 0 0 0 0 0 0 0 0 0 0 0 0 0 0 0 0 0 0 0 0 0 0 0 0 0 0 0 0 0 0 0 0 0 0 0 0 0 0 0 0 0 0 0 0 0 0 0 0 0 0 0 0 0 0 0 0 0 0 0 0 0 0 0 0 0 0 0 0 0 0 0 0 0 0 0 0 0 0 0 0 0 0 0 0 0 0 0 0 0 0 0.553 0.652 0.553 0.587 0.553 0.652 0.553 0.587 0.553 0.598 0.553 0.652 0.553 0.718 0.553 0.652 0.553 0.707 0.553 0.652 0.553 0.652 0.553 0.707 0 0 0 0 0 0 0 0 0 0 0 0 0 0 0 0 0 0 0 0 0 0 0 0 0 0 0 0 0 0 0 0 0 0 0 0 0 0 0 0 0 0 0 0 0 0 0 0 0 0 0 0 0 0 0 0 0 0 0 0 0 0 0 0 0 0 0 0 0 0 0 0 0 0 0 0 0 0 0 0 0 0 0 0 0.553 0.652 0.553 0.584 0.553 0.652 0.553 0.584 0.553 0.582 0.553 0.652 0 0 0 0 0 0 0 0 0 0 0 0 0.553 0.652 0.553 0.591 0.553 0.652 0.553 0.591 0.553 0.584 0.553 0.652 0.553 0.707 0.553 0.652 0.553 0.713 0.553 0.652 0.553 0.652 0.553 0.713 0.553 0.652 0.553 0.598 0.553 0.652 0.553 0.598 0.553 0.591 0.553 0.652 0 0 0 0 0 0 0 0 0 0 0 0 0 0 0 0 0 0 0 0 0 0 0 0 0.553 0.723 0.553 0.72 0.553 0.652 0.553 0.72 0.553 0.652 0.553 0.652 0.553 0.72 0.553 0.713 0.553 0.652 0.553 0.713 0.553 0.652 0.553 0.652 0 0 0 0 0 0 0 0 0 0 0 0 0 0 0 0 0 0 0 0 0 0 0 0 0 0 0 0 0 0 0 0 0 0 0 0 0 0 0 0 0 0 0 0 0 0 0 0 0 0 0 0 0 0 0 0 0 0 0 0 0 0 0 0 0 0 0 0 0 0 0 0 0 0 0 0 0 0 0 0 0 0 0 0 0 0 0 0 0 0 0 0 0 0 0 0 0.272 0.62 0.29 0.62 0.272 0.652 0.29 0.62 0.29 0.652 0.272 0.652 0 0 0 0 0 0 0 0 0 0 0 0 0 0 0 0 0 0 0 0 0 0 0 0 0.272 0.652 0.29 0.652 0.272 0.685 0.29 0.652 0.29 0.685 0.272 0.685 0.002 0.842 0.5 0.842 0.002 0.988 0.5 0.842 0.5 0.988 0.002 0.988 0 0 0 0 0 0 0 0 0 0 0 0 0.007 0.281 0.007 0.006 0.5 0.281 0.007 0.006 0.5 0.006 0.5 0.281 0.002 0.842 0.447 0.842 0.5 0.842 0.447 0.842 0.5 0.842 0.5 0.842 0.447 0.779 0.5 0.779 0.447 0.817 0.5 0.779 0.5 0.817 0.447 0.817 0.447 0.718 0.5 0.718 0.447 0.779 0.5 0.718 0.5 0.779 0.447 0.779 0.447 0.652 0.5 0.652 0.447 0.718 0.5 0.652 0.5 0.718 0.447 0.718 0.447 0.587 0.5 0.587 0.447 0.652 0.5 0.587 0.5 0.652 0.447 0.652 0 0 0 0 0 0 0 0 0 0 0 0 0 0 0 0 0 0 0 0 0 0 0 0 0 0 0 0 0 0 0 0 0 0 0 0 0 0 0 0 0 0 0 0 0 0 0 0 0 0 0 0 0 0 0 0 0 0 0 0 0 0 0 0 0 0 0 0 0 0 0 0 0 0 0 0 0 0 0 0 0 0 0 0 0 0 0 0 0 0 0 0 0 0 0 0 0 0 0 0 0 0 0 0 0 0 0 0 0 0 0 0 0 0 0 0 0 0 0 0 0.5 0.842 0.447 0.842 0.5 0.817 0.447 0.842 0.447 0.817 0.5 0.817 0 0 0 0 0 0 0 0 0 0 0 0 0 0 0 0 0 0 0 0 0 0 0 0 0 0 0 0 0 0 0 0 0 0 0 0 0 0 0 0 0 0 0 0 0 0 0 0 0 0 0 0 0 0 0 0 0 0 0 0 0 0 0 0 0 0 0 0 0 0 0 0 0 0 0 0 0 0 0 0 0 0 0 0 0 0 0 0 0 0 0 0 0 0 0 0 0 0 0 0 0 0 0 0 0 0 0 0 0 0 0 0 0 0 0 0 0 0 0 0 0 0 0 0 0 0 0 0 0 0 0 0 0 0 0 0 0 0 0 0 0 0 0 0 0 0 0 0 0 0 0 0 0 0 0 0 0 0 0 0 0 0 0 0 0 0 0 0 0 0 0 0 0 0 0 0 0 0 0 0 0 0 0 0 0 0 0 0 0 0 0 0 0 0 0 0 0 0 0 0 0 0 0 0 0 0 0 0 0 0 0 0 0 0 0 0 0 0 0 0 0 0 0 0 0 0 0 0 0 0 0 0 0 0 0 0 0 0 0 0 0 0 0 0 0 0 0 0 0 0 0 0 0 0 0 0 0 0 0 0 0 0 0 0 0 0 0 0 0 0 0 0 0 0 0 0 0 0 0 0 0 0 0 0 0 0 0 0 0 0 0 0 0 0 0 0 0 0 0 0 0 0 0 0 0 0 0 0 0 0 0 0 0 0 0 0 0 0 0 0 0 0 0 0 0 0 0 0 0 0 0 0 0 0 0 0 0 0 0 0 0 0 0 0 0 0 0 0 0 0 0 0 0 0 0 0 0 0 0 0 0 0 0 0 0 0 0 0 0 0 0 0 0 0 0 0 0 0 0 0 0 0 0 0 0 0 0 0 0 0 0 0 0 0 0 0 0 0 0 0 0 0 0 0 0 0 0 0 0 0 0 0 0 0 0 0 0 0 0 0 0 0 0 0 0 0 0 0 0 0 0 0 0 0 0 0 0 0 0 0 0 0 0 0 0 0 0 0 0 0 0 0 0 0 0 0 0 0 0 0 0 0 0 0 0 0 0 0 0 0 0 0 0 0 0 0 0 0 0 0 0 0 0 0 0 0 0 0 0 0 0 0 0 0 0 0 0 0 0 0 0 0 0 0 0 0 0 0 0 0 0 0 0 0 0 0 0 0 0 0 0 0 0 0 0 0 0 0 0 0 0 0 0 0 0 0 0 0 0 0 0 0 0 0 0 0 0.219 0.652 0.272 0.652 0.219 0.679 0.272 0.652 0.272 0.679 0.219 0.679 0.219 0.625 0.272 0.625 0.219 0.652 0.272 0.625 0.272 0.652 0.219 0.652 0 0 0 0 0 0 0 0 0 0 0 0 0 0 0 0 0 0 0 0 0 0 0 0 0 0 0 0 0 0 0 0 0 0 0 0 0 0 0 0 0 0 0 0 0 0 0 0 0 0 0 0 0 0 0 0 0 0 0 0 0.272 0.685 0.272 0.679 0.272 0.652 0.272 0.679 0.272 0.652 0.272 0.652 0.272 0.652 0.272 0.652 0.272 0.62 0.272 0.652 0.272 0.625 0.272 0.62 0 0 0 0 0 0 0 0 0 0 0 0 0 0 0 0 0 0 0 0 0 0 0 0 0 0 0 0 0 0 0 0 0 0 0 0 0 0 0 0 0 0 0 0 0 0 0 0 0 0 0 0 0 0 0 0 0 0 0 0 0 0 0 0 0 0 0 0 0 0 0 0 0 0 0 0 0 0 0 0 0 0 0 0 0.202 0.652 0.202 0.672 0.202 0.652 0.202 0.672 0.202 0.672 0.202 0.652 0 0 0 0 0 0 0 0 0 0 0 0 0.202 0.652 0.202 0.652 0.202 0.632 0.202 0.652 0.202 0.632 0.202 0.632 0.202 0.672 0.202 0.672 0.202 0.652 0.202 0.672 0.202 0.652 0.202 0.652 0 0 0 0 0 0 0 0 0 0 0 0 0 0 0 0 0 0 0 0 0 0 0 0 0 0 0 0 0 0 0 0 0 0 0 0 0 0 0 0 0 0 0 0 0 0 0 0 0 0 0 0 0 0 0 0 0 0 0 0 0 0 0 0 0 0 0 0 0 0 0 0 0 0 0 0 0 0 0.219 0.679 0.207 0.677 0.219 0.652 0.207 0.677 0.207 0.652 0.219 0.652 0.207 0.677 0.202 0.672 0.207 0.652 0.202 0.672 0.202 0.652 0.207 0.652 0 0 0 0 0 0 0 0 0 0 0 0 0 0 0 0 0 0 0 0 0 0 0 0 0 0 0 0 0 0 0 0 0 0 0 0 0.202 0.652 0.202 0.652 0.202 0.632 0.202 0.652 0.202 0.632 0.202 0.632 0.219 0.652 0.207 0.652 0.219 0.625 0.207 0.652 0.207 0.627 0.219 0.625 0.207 0.652 0.202 0.652 0.207 0.627 0.202 0.652 0.202 0.632 0.207 0.627 0 0 0 0 0 0 0 0 0 0 0 0 0 0 0 0 0 0 0 0 0 0 0 0 0 0 0 0 0 0 0 0 0 0 0 0 0 0 0 0 0 0 0 0 0 0 0 0 0 0 0 0 0 0 0 0 0 0 0 0 0 0 0 0 0 0 0 0 0 0 0 0 0 0 0 0 0 0 0 0 0 0 0 0 0 0 0 0 0 0 0 0 0 0 0 0 0 0 0 0 0 0 0 0 0 0 0 0 0 0 0 0 0 0 0.29 0.652 0.447 0.652 0.29 0.685 0.447 0.652 0.447 0.685 0.29 0.685 0.29 0.62 0.447 0.62 0.29 0.652 0.447 0.62 0.447 0.652 0.29 0.652 0 0 0 0 0 0 0 0 0 0 0 0 0 0 0 0 0 0 0 0 0 0 0 0 0 0 0 0 0 0 0 0 0 0 0 0 0 0 0 0 0 0 0 0 0 0 0 0 0 0 0 0 0 0 0 0 0 0 0 0 0 0 0 0 0 0 0 0 0 0 0 0 0 0 0 0 0 0 0 0 0 0 0 0 0 0 0 0 0 0 0 0 0 0 0 0 0 0 0 0 0 0 0 0 0 0 0 0 0 0 0 0 0 0 0 0 0 0 0 0 0 0 0 0 0 0 0 0 0 0 0 0 0 0 0 0 0 0 0 0 0 0 0 0 0 0 0 0 0 0 0 0 0 0 0 0 0 0 0 0 0 0 0 0 0 0 0 0 0 0 0 0 0 0 0 0 0 0 0 0 0 0 0 0 0 0 0 0 0 0 0 0 0 0 0 0 0 0 0.447 0.652 0.447 0.652 0.447 0.587 0.447 0.652 0.447 0.598 0.447 0.587 0.447 0.718 0.447 0.707 0.447 0.652 0.447 0.707 0.447 0.652 0.447 0.652 0 0 0 0 0 0 0 0 0 0 0 0 0 0 0 0 0 0 0 0 0 0 0 0 0 0 0 0 0 0 0 0 0 0 0 0 0 0 0 0 0 0 0 0 0 0 0 0 0 0 0 0 0 0 0 0 0 0 0 0 0 0 0 0 0 0 0 0 0 0 0 0 0 0 0 0 0 0 0 0 0 0 0 0 0.447 0.652 0.447 0.652 0.447 0.584 0.447 0.652 0.447 0.582 0.447 0.584 0 0 0 0 0 0 0 0 0 0 0 0 0.447 0.652 0.447 0.652 0.447 0.591 0.447 0.652 0.447 0.584 0.447 0.591 0.447 0.707 0.447 0.713 0.447 0.652 0.447 0.713 0.447 0.652 0.447 0.652 0.447 0.652 0.447 0.652 0.447 0.598 0.447 0.652 0.447 0.591 0.447 0.598 0 0 0 0 0 0 0 0 0 0 0 0 0 0 0 0 0 0 0 0 0 0 0 0 0.447 0.723 0.447 0.652 0.447 0.72 0.447 0.652 0.447 0.652 0.447 0.72 0.447 0.72 0.447 0.652 0.447 0.713 0.447 0.652 0.447 0.652 0.447 0.713 0 0 0 0 0 0 0 0 0 0 0 0 0 0 0 0 0 0 0 0 0 0 0 0 0 0 0 0 0 0 0 0 0 0 0 0 0 0 0 0 0 0 0 0 0 0 0 0 0 0 0 0 0 0 0 0 0 0 0 0 0 0 0 0 0 0 0 0 0 0 0 0 0 0 0 0 0 0 0 0 0 0 0 0 0 0 0 0 0 0 0 0 0 0 0 0 0.728 0.62 0.711 0.62 0.728 0.652 0.711 0.62 0.711 0.652 0.728 0.652 0 0 0 0 0 0 0 0 0 0 0 0 0 0 0 0 0 0 0 0 0 0 0 0 0.728 0.652 0.711 0.652 0.728 0.685 0.711 0.652 0.711 0.685 0.728 0.685 0.998 0.842 0.5 0.842 0.998 0.988 0.5 0.842 0.5 0.988 0.998 0.988 0 0 0 0 0 0 0 0 0 0 0 0 0.994 0.281 0.994 0.557 0.5 0.281 0.994 0.557 0.5 0.557 0.5 0.281 0.998 0.842 0.553 0.842 0.5 0.842 0.553 0.842 0.5 0.842 0.5 0.842 0.553 0.779 0.5 0.779 0.553 0.817 0.5 0.779 0.5 0.817 0.553 0.817 0.553 0.718 0.5 0.718 0.553 0.779 0.5 0.718 0.5 0.779 0.553 0.779 0.553 0.652 0.5 0.652 0.553 0.718 0.5 0.652 0.5 0.718 0.553 0.718 0.553 0.587 0.5 0.587 0.553 0.652 0.5 0.587 0.5 0.652 0.553 0.652 0 0 0 0 0 0 0 0 0 0 0 0 0 0 0 0 0 0 0 0 0 0 0 0 0 0 0 0 0 0 0 0 0 0 0 0 0 0 0 0 0 0 0 0 0 0 0 0 0 0 0 0 0 0 0 0 0 0 0 0 0 0 0 0 0 0 0 0 0 0 0 0 0 0 0 0 0 0 0 0 0 0 0 0 0 0 0 0 0 0 0 0 0 0 0 0 0 0 0 0 0 0 0 0 0 0 0 0 0 0 0 0 0 0 0 0 0 0 0 0 0.5 0.842 0.553 0.842 0.5 0.817 0.553 0.842 0.553 0.817 0.5 0.817 0 0 0 0 0 0 0 0 0 0 0 0 0 0 0 0 0 0 0 0 0 0 0 0 0 0 0 0 0 0 0 0 0 0 0 0 0 0 0 0 0 0 0 0 0 0 0 0 0 0 0 0 0 0 0 0 0 0 0 0 0 0 0 0 0 0 0 0 0 0 0 0 0 0 0 0 0 0 0 0 0 0 0 0 0 0 0 0 0 0 0 0 0 0 0 0 0 0 0 0 0 0 0 0 0 0 0 0 0 0 0 0 0 0 0 0 0 0 0 0 0 0 0 0 0 0 0 0 0 0 0 0 0 0 0 0 0 0 0 0 0 0 0 0 0 0 0 0 0 0 0 0 0 0 0 0 0 0 0 0 0 0 0 0 0 0 0 0 0 0 0 0 0 0 0 0 0 0 0 0 0 0 0 0 0 0 0 0 0 0 0 0 0 0 0 0 0 0 0 0 0 0 0 0 0 0 0 0 0 0 0 0 0 0 0 0 0 0 0 0 0 0 0 0 0 0 0 0 0 0 0 0 0 0 0 0 0 0 0 0 0 0 0 0 0 0 0 0 0 0 0 0 0 0 0 0 0 0 0 0 0 0 0 0 0 0 0 0 0 0 0 0 0 0 0 0 0 0 0 0 0 0 0 0 0 0 0 0 0 0 0 0 0 0 0 0 0 0 0 0 0 0 0 0 0 0 0 0 0 0 0 0 0 0 0 0 0 0 0 0 0 0 0 0 0 0 0 0 0 0 0 0 0 0 0 0 0 0 0 0 0 0 0 0 0 0 0 0 0 0 0 0 0 0 0 0 0 0 0 0 0 0 0 0 0 0 0 0 0 0 0 0 0 0 0 0 0 0 0 0 0 0 0 0 0 0 0 0 0 0 0 0 0 0 0 0 0 0 0 0 0 0 0 0 0 0 0 0 0 0 0 0 0 0 0 0 0 0 0 0 0 0 0 0 0 0 0 0 0 0 0 0 0 0 0 0 0 0 0 0 0 0 0 0 0 0 0 0 0 0 0 0 0 0 0 0 0 0 0 0 0 0 0 0 0 0 0 0 0 0 0 0 0 0 0 0 0 0 0 0 0 0 0 0 0 0 0 0 0 0 0 0 0 0 0 0 0 0 0 0 0 0 0 0 0 0 0 0 0 0 0 0 0 0 0 0 0 0 0 0 0 0 0 0 0 0 0 0 0 0 0 0 0 0 0 0 0 0 0 0 0 0 0 0 0 0 0.781 0.652 0.728 0.652 0.781 0.679 0.728 0.652 0.728 0.679 0.781 0.679 0.781 0.625 0.728 0.625 0.781 0.652 0.728 0.625 0.728 0.652 0.781 0.652 0 0 0 0 0 0 0 0 0 0 0 0 0 0 0 0 0 0 0 0 0 0 0 0 0 0 0 0 0 0 0 0 0 0 0 0 0 0 0 0 0 0 0 0 0 0 0 0 0 0 0 0 0 0 0 0 0 0 0 0 0.728 0.685 0.728 0.679 0.728 0.652 0.728 0.679 0.728 0.652 0.728 0.652 0.728 0.652 0.728 0.652 0.728 0.62 0.728 0.652 0.728 0.625 0.728 0.62 0 0 0 0 0 0 0 0 0 0 0 0 0 0 0 0 0 0 0 0 0 0 0 0 0 0 0 0 0 0 0 0 0 0 0 0 0 0 0 0 0 0 0 0 0 0 0 0 0 0 0 0 0 0 0 0 0 0 0 0 0 0 0 0 0 0 0 0 0 0 0 0 0 0 0 0 0 0 0 0 0 0 0 0 0.798 0.652 0.798 0.672 0.798 0.652 0.798 0.672 0.798 0.672 0.798 0.652 0 0 0 0 0 0 0 0 0 0 0 0 0.798 0.652 0.798 0.652 0.798 0.632 0.798 0.652 0.798 0.632 0.798 0.632 0.798 0.672 0.798 0.672 0.798 0.652 0.798 0.672 0.798 0.652 0.798 0.652 0 0 0 0 0 0 0 0 0 0 0 0 0 0 0 0 0 0 0 0 0 0 0 0 0 0 0 0 0 0 0 0 0 0 0 0 0 0 0 0 0 0 0 0 0 0 0 0 0 0 0 0 0 0 0 0 0 0 0 0 0 0 0 0 0 0 0 0 0 0 0 0 0 0 0 0 0 0 0.781 0.679 0.793 0.677 0.781 0.652 0.793 0.677 0.793 0.652 0.781 0.652 0.793 0.677 0.798 0.672 0.793 0.652 0.798 0.672 0.798 0.652 0.793 0.652 0 0 0 0 0 0 0 0 0 0 0 0 0 0 0 0 0 0 0 0 0 0 0 0 0 0 0 0 0 0 0 0 0 0 0 0 0.798 0.652 0.798 0.652 0.798 0.632 0.798 0.652 0.798 0.632 0.798 0.632 0.781 0.652 0.793 0.652 0.781 0.625 0.793 0.652 0.793 0.627 0.781 0.625 0.793 0.652 0.798 0.652 0.793 0.627 0.798 0.652 0.798 0.632 0.793 0.627 0 0 0 0 0 0 0 0 0 0 0 0 0 0 0 0 0 0 0 0 0 0 0 0 0 0 0 0 0 0 0 0 0 0 0 0 0 0 0 0 0 0 0 0 0 0 0 0 0 0 0 0 0 0 0 0 0 0 0 0 0 0 0 0 0 0 0 0 0 0 0 0 0 0 0 0 0 0 0 0 0 0 0 0 0 0 0 0 0 0 0 0 0 0 0 0 0 0 0 0 0 0 0 0 0 0 0 0 0 0 0 0 0 0 0.711 0.652 0.553 0.652 0.711 0.685 0.553 0.652 0.553 0.685 0.711 0.685 0.711 0.62 0.553 0.62 0.711 0.652 0.553 0.62 0.553 0.652 0.711 0.652 0 0 0 0 0 0 0 0 0 0 0 0 0 0 0 0 0 0 0 0 0 0 0 0 0 0 0 0 0 0 0 0 0 0 0 0 0 0 0 0 0 0 0 0 0 0 0 0 0 0 0 0 0 0 0 0 0 0 0 0 0 0 0 0 0 0 0 0 0 0 0 0 0 0 0 0 0 0 0 0 0 0 0 0 0 0 0 0 0 0 0 0 0 0 0 0 0 0 0 0 0 0 0 0 0 0 0 0 0 0 0 0 0 0 0 0 0 0 0 0 0 0 0 0 0 0 0 0 0 0 0 0 0 0 0 0 0 0 0 0 0 0 0 0 0 0 0 0 0 0 0 0 0 0 0 0 0 0 0 0 0 0 0 0 0 0 0 0 0 0 0 0 0 0 0 0 0 0 0 0 0 0 0 0 0 0 0 0 0 0 0 0 0 0 0 0 0 0 0.553 0.652 0.553 0.652 0.553 0.587 0.553 0.652 0.553 0.598 0.553 0.587 0.553 0.718 0.553 0.707 0.553 0.652 0.553 0.707 0.553 0.652 0.553 0.652 0 0 0 0 0 0 0 0 0 0 0 0 0 0 0 0 0 0 0 0 0 0 0 0 0 0 0 0 0 0 0 0 0 0 0 0 0 0 0 0 0 0 0 0 0 0 0 0 0 0 0 0 0 0 0 0 0 0 0 0 0 0 0 0 0 0 0 0 0 0 0 0 0 0 0 0 0 0 0 0 0 0 0 0 0.553 0.652 0.553 0.652 0.553 0.584 0.553 0.652 0.553 0.582 0.553 0.584 0 0 0 0 0 0 0 0 0 0 0 0 0.553 0.652 0.553 0.652 0.553 0.591 0.553 0.652 0.553 0.584 0.553 0.591 0.553 0.707 0.553 0.713 0.553 0.652 0.553 0.713 0.553 0.652 0.553 0.652 0.553 0.652 0.553 0.652 0.553 0.598 0.553 0.652 0.553 0.591 0.553 0.598 0 0 0 0 0 0 0 0 0 0 0 0 0 0 0 0 0 0 0 0 0 0 0 0 0.553 0.723 0.553 0.652 0.553 0.72 0.553 0.652 0.553 0.652 0.553 0.72 0.553 0.72 0.553 0.652 0.553 0.713 0.553 0.652 0.553 0.652 0.553 0.713 0 0 0 0 0 0 0 0 0 0 0 0 0 0 0 0 0 0 0 0 0 0 0 0 0 0 0 0 0 0 0 0 0 0 0 0 0 0 0 0 0 0 0 0 0 0 0 0 0 0 0 0 0 0 0 0 0 0 0 0 0 0 0 0 0 0 0 0 0 0 0 0 0 0 0 0 0 0 0 0 0 0 0 0 0 0 0 0 0 0 0 0 0 0 0 0 0.272 0.62 0.272 0.652 0.29 0.62 0.272 0.652 0.29 0.652 0.29 0.62 0 0 0 0 0 0 0 0 0 0 0 0 0 0 0 0 0 0 0 0 0 0 0 0 0.272 0.652 0.272 0.685 0.29 0.652 0.272 0.685 0.29 0.685 0.29 0.652 0.002 0.842 0.002 0.988 0.5 0.842 0.002 0.988 0.5 0.988 0.5 0.842 0 0 0 0 0 0 0 0 0 0 0 0 0.007 0.281 0.5 0.281 0.007 0.557 0.5 0.281 0.5 0.557 0.007 0.557 0.002 0.842 0.5 0.842 0.447 0.842 0.5 0.842 0.5 0.842 0.447 0.842 0.447 0.779 0.447 0.817 0.5 0.779 0.447 0.817 0.5 0.817 0.5 0.779 0.447 0.718 0.447 0.779 0.5 0.718 0.447 0.779 0.5 0.779 0.5 0.718 0.447 0.652 0.447 0.718 0.5 0.652 0.447 0.718 0.5 0.718 0.5 0.652 0.447 0.587 0.447 0.652 0.5 0.587 0.447 0.652 0.5 0.652 0.5 0.587 0 0 0 0 0 0 0 0 0 0 0 0 0 0 0 0 0 0 0 0 0 0 0 0 0 0 0 0 0 0 0 0 0 0 0 0 0 0 0 0 0 0 0 0 0 0 0 0 0 0 0 0 0 0 0 0 0 0 0 0 0 0 0 0 0 0 0 0 0 0 0 0 0 0 0 0 0 0 0 0 0 0 0 0 0 0 0 0 0 0 0 0 0 0 0 0 0 0 0 0 0 0 0 0 0 0 0 0 0 0 0 0 0 0 0 0 0 0 0 0 0.5 0.842 0.5 0.817 0.447 0.842 0.5 0.817 0.447 0.817 0.447 0.842 0 0 0 0 0 0 0 0 0 0 0 0 0 0 0 0 0 0 0 0 0 0 0 0 0 0 0 0 0 0 0 0 0 0 0 0 0 0 0 0 0 0 0 0 0 0 0 0 0 0 0 0 0 0 0 0 0 0 0 0 0 0 0 0 0 0 0 0 0 0 0 0 0 0 0 0 0 0 0 0 0 0 0 0 0 0 0 0 0 0 0 0 0 0 0 0 0 0 0 0 0 0 0 0 0 0 0 0 0 0 0 0 0 0 0 0 0 0 0 0 0 0 0 0 0 0 0 0 0 0 0 0 0 0 0 0 0 0 0 0 0 0 0 0 0 0 0 0 0 0 0 0 0 0 0 0 0 0 0 0 0 0 0 0 0 0 0 0 0 0 0 0 0 0 0 0 0 0 0 0 0 0 0 0 0 0 0 0 0 0 0 0 0 0 0 0 0 0 0 0 0 0 0 0 0 0 0 0 0 0 0 0 0 0 0 0 0 0 0 0 0 0 0 0 0 0 0 0 0 0 0 0 0 0 0 0 0 0 0 0 0 0 0 0 0 0 0 0 0 0 0 0 0 0 0 0 0 0 0 0 0 0 0 0 0 0 0 0 0 0 0 0 0 0 0 0 0 0 0 0 0 0 0 0 0 0 0 0 0 0 0 0 0 0 0 0 0 0 0 0 0 0 0 0 0 0 0 0 0 0 0 0 0 0 0 0 0 0 0 0 0 0 0 0 0 0 0 0 0 0 0 0 0 0 0 0 0 0 0 0 0 0 0 0 0 0 0 0 0 0 0 0 0 0 0 0 0 0 0 0 0 0 0 0 0 0 0 0 0 0 0 0 0 0 0 0 0 0 0 0 0 0 0 0 0 0 0 0 0 0 0 0 0 0 0 0 0 0 0 0 0 0 0 0 0 0 0 0 0 0 0 0 0 0 0 0 0 0 0 0 0 0 0 0 0 0 0 0 0 0 0 0 0 0 0 0 0 0 0 0 0 0 0 0 0 0 0 0 0 0 0 0 0 0 0 0 0 0 0 0 0 0 0 0 0 0 0 0 0 0 0 0 0 0 0 0 0 0 0 0 0 0 0 0 0 0 0 0 0 0 0 0 0 0 0 0 0 0 0 0 0 0 0 0 0 0 0 0 0 0 0 0 0 0 0 0 0 0 0 0 0 0 0 0 0 0 0 0 0 0 0 0 0 0 0 0 0 0 0 0 0 0 0 0 0 0 0.219 0.652 0.219 0.679 0.272 0.652 0.219 0.679 0.272 0.679 0.272 0.652 0.219 0.625 0.219 0.652 0.272 0.625 0.219 0.652 0.272 0.652 0.272 0.625 0 0 0 0 0 0 0 0 0 0 0 0 0 0 0 0 0 0 0 0 0 0 0 0 0 0 0 0 0 0 0 0 0 0 0 0 0 0 0 0 0 0 0 0 0 0 0 0 0 0 0 0 0 0 0 0 0 0 0 0 0.272 0.685 0.272 0.652 0.272 0.679 0.272 0.652 0.272 0.652 0.272 0.679 0.272 0.652 0.272 0.62 0.272 0.652 0.272 0.62 0.272 0.625 0.272 0.652 0 0 0 0 0 0 0 0 0 0 0 0 0 0 0 0 0 0 0 0 0 0 0 0 0 0 0 0 0 0 0 0 0 0 0 0 0 0 0 0 0 0 0 0 0 0 0 0 0 0 0 0 0 0 0 0 0 0 0 0 0 0 0 0 0 0 0 0 0 0 0 0 0 0 0 0 0 0 0 0 0 0 0 0 0.202 0.652 0.202 0.652 0.202 0.672 0.202 0.652 0.202 0.672 0.202 0.672 0 0 0 0 0 0 0 0 0 0 0 0 0.202 0.652 0.202 0.632 0.202 0.652 0.202 0.632 0.202 0.632 0.202 0.652 0.202 0.672 0.202 0.652 0.202 0.672 0.202 0.652 0.202 0.652 0.202 0.672 0 0 0 0 0 0 0 0 0 0 0 0 0 0 0 0 0 0 0 0 0 0 0 0 0 0 0 0 0 0 0 0 0 0 0 0 0 0 0 0 0 0 0 0 0 0 0 0 0 0 0 0 0 0 0 0 0 0 0 0 0 0 0 0 0 0 0 0 0 0 0 0 0 0 0 0 0 0 0.219 0.679 0.219 0.652 0.207 0.677 0.219 0.652 0.207 0.652 0.207 0.677 0.207 0.677 0.207 0.652 0.202 0.672 0.207 0.652 0.202 0.652 0.202 0.672 0 0 0 0 0 0 0 0 0 0 0 0 0 0 0 0 0 0 0 0 0 0 0 0 0 0 0 0 0 0 0 0 0 0 0 0 0.202 0.652 0.202 0.632 0.202 0.652 0.202 0.632 0.202 0.632 0.202 0.652 0.219 0.652 0.219 0.625 0.207 0.652 0.219 0.625 0.207 0.627 0.207 0.652 0.207 0.652 0.207 0.627 0.202 0.652 0.207 0.627 0.202 0.632 0.202 0.652 0 0 0 0 0 0 0 0 0 0 0 0 0 0 0 0 0 0 0 0 0 0 0 0 0 0 0 0 0 0 0 0 0 0 0 0 0 0 0 0 0 0 0 0 0 0 0 0 0 0 0 0 0 0 0 0 0 0 0 0 0 0 0 0 0 0 0 0 0 0 0 0 0 0 0 0 0 0 0 0 0 0 0 0 0 0 0 0 0 0 0 0 0 0 0 0 0 0 0 0 0 0 0 0 0 0 0 0 0 0 0 0 0 0 0.29 0.652 0.29 0.685 0.447 0.652 0.29 0.685 0.447 0.685 0.447 0.652 0.29 0.62 0.29 0.652 0.447 0.62 0.29 0.652 0.447 0.652 0.447 0.62 0 0 0 0 0 0 0 0 0 0 0 0 0 0 0 0 0 0 0 0 0 0 0 0 0 0 0 0 0 0 0 0 0 0 0 0 0 0 0 0 0 0 0 0 0 0 0 0 0 0 0 0 0 0 0 0 0 0 0 0 0 0 0 0 0 0 0 0 0 0 0 0 0 0 0 0 0 0 0 0 0 0 0 0 0 0 0 0 0 0 0 0 0 0 0 0 0 0 0 0 0 0 0 0 0 0 0 0 0 0 0 0 0 0 0 0 0 0 0 0 0 0 0 0 0 0 0 0 0 0 0 0 0 0 0 0 0 0 0 0 0 0 0 0 0 0 0 0 0 0 0 0 0 0 0 0 0 0 0 0 0 0 0 0 0 0 0 0 0 0 0 0 0 0 0 0 0 0 0 0 0 0 0 0 0 0 0 0 0 0 0 0 0 0 0 0 0 0 0.447 0.652 0.447 0.587 0.447 0.652 0.447 0.587 0.447 0.598 0.447 0.652 0.447 0.718 0.447 0.652 0.447 0.707 0.447 0.652 0.447 0.652 0.447 0.707 0 0 0 0 0 0 0 0 0 0 0 0 0 0 0 0 0 0 0 0 0 0 0 0 0 0 0 0 0 0 0 0 0 0 0 0 0 0 0 0 0 0 0 0 0 0 0 0 0 0 0 0 0 0 0 0 0 0 0 0 0 0 0 0 0 0 0 0 0 0 0 0 0 0 0 0 0 0 0 0 0 0 0 0 0.447 0.652 0.447 0.584 0.447 0.652 0.447 0.584 0.447 0.582 0.447 0.652 0 0 0 0 0 0 0 0 0 0 0 0 0.447 0.652 0.447 0.591 0.447 0.652 0.447 0.591 0.447 0.584 0.447 0.652 0.447 0.707 0.447 0.652 0.447 0.713 0.447 0.652 0.447 0.652 0.447 0.713 0.447 0.652 0.447 0.598 0.447 0.652 0.447 0.598 0.447 0.591 0.447 0.652 0 0 0 0 0 0 0 0 0 0 0 0 0 0 0 0 0 0 0 0 0 0 0 0 0.447 0.723 0.447 0.72 0.447 0.652 0.447 0.72 0.447 0.652 0.447 0.652 0.447 0.72 0.447 0.713 0.447 0.652 0.447 0.713 0.447 0.652 0.447 0.652 0 0 0 0 0 0 0 0 0 0 0 0 0 0 0 0 0 0 0 0 0 0 0 0 0 0 0 0 0 0 0 0 0 0 0 0 0 0 0 0 0 0 0 0 0 0 0 0</float_array>
					<technique_common>
						<accessor source="#3815-mesh-map-1-array" count="3768" stride="2">
							<param name="S" type="float"/>
							<param name="T" type="float"/>
						</accessor>
					</technique_common>
				</source>
				<source id="3815-mesh-map-2">
					<float_array id="3815-mesh-map-2-array" count="7536">0 0 0 0 0 0 0 0 0 0 0 0 0 0 0 0 0 0 0 0 0 0 0 0 0 0 0 0 0 0 0 0 0 0 0 0 0 0 0 0 0 0 0 0 0 0 0 0 0 0 0 0 0 0 0 0 0 0 0 0 0 0 0 0 0 0 0 0 0 0 0 0 0 0 0 0 0 0 0 0 0 0 0 0 0 0 0 0 0 0 0 0 0 0 0 0 0.828 0.534 0.828 0.651 0.431 0.534 0.828 0.651 0.431 0.651 0.431 0.534 0.033 0.804 0.033 0.672 0.171 0.699 0.033 0.672 0.138 0.672 0.171 0.699 0 0 0 0 0 0 0 0 0 0 0 0 0 0 0 0 0 0 0 0 0 0 0 0 0.973 0.913 0.973 0.95 0.929 0.913 0.973 0.95 0.929 0.95 0.929 0.913 0.973 0.861 0.973 0.913 0.929 0.861 0.973 0.913 0.929 0.913 0.929 0.861 0.973 0.809 0.973 0.861 0.929 0.809 0.973 0.861 0.929 0.861 0.929 0.809 0.973 0.758 0.973 0.809 0.929 0.758 0.973 0.809 0.929 0.809 0.929 0.758 0.973 0.706 0.973 0.758 0.929 0.706 0.973 0.758 0.929 0.758 0.929 0.706 0.973 0.551 0.973 0.603 0.929 0.551 0.973 0.603 0.929 0.603 0.929 0.551 0.973 0.499 0.973 0.551 0.929 0.499 0.973 0.551 0.929 0.551 0.929 0.499 0.973 0.654 0.973 0.706 0.929 0.654 0.973 0.706 0.929 0.706 0.929 0.654 0.973 0.603 0.973 0.654 0.929 0.603 0.973 0.654 0.929 0.654 0.929 0.603 0 0 0 0 0 0 0 0 0 0 0 0 0 0 0 0 0 0 0 0 0 0 0 0 0 0 0 0 0 0 0 0 0 0 0 0 0.285 0.767 0.187 0.763 0.285 0.729 0.187 0.763 0.226 0.721 0.285 0.729 0.226 0.721 0.187 0.763 0.171 0.699 0.187 0.763 0.033 0.804 0.171 0.699 0.929 0.97 0.929 0.95 0.973 0.97 0.929 0.95 0.973 0.95 0.973 0.97 0 0 0 0 0 0 0 0 0 0 0 0 0 0 0 0 0 0 0 0 0 0 0 0 0 0 0 0 0 0 0 0 0 0 0 0 0 0 0 0 0 0 0 0 0 0 0 0 0 0 0 0 0 0 0 0 0 0 0 0 0 0 0 0 0 0 0 0 0 0 0 0 0 0 0 0 0 0 0 0 0 0 0 0 0 0 0 0 0 0 0 0 0 0 0 0 0 0 0 0 0 0 0 0 0 0 0 0 0 0 0 0 0 0 0 0 0 0 0 0 0 0 0 0 0 0 0 0 0 0 0 0 0 0 0 0 0 0 0 0 0 0 0 0 0 0 0 0 0 0 0 0 0 0 0 0 0 0 0 0 0 0 0 0 0 0 0 0 0 0 0 0 0 0 0 0 0 0 0 0 0 0 0 0 0 0 0 0 0 0 0 0 0 0 0 0 0 0 0 0 0 0 0 0 0 0 0 0 0 0 0 0 0 0 0 0 0 0 0 0 0 0 0 0 0 0 0 0 0 0 0 0 0 0 0 0 0 0 0 0 0 0 0 0 0 0 0 0 0 0 0 0 0 0 0 0 0 0 0 0 0 0 0 0 0 0 0 0 0 0 0 0 0 0 0 0 0 0 0 0 0 0 0 0 0 0 0 0 0 0 0 0 0 0 0 0 0 0 0 0 0 0 0 0 0 0 0 0 0 0 0 0 0 0 0 0 0 0 0 0 0 0 0 0 0 0 0 0 0 0 0 0 0 0 0 0 0 0 0 0 0 0 0 0 0 0 0 0 0 0 0 0 0 0 0 0 0 0 0 0 0 0 0 0 0 0 0 0 0 0 0 0 0 0 0 0 0 0 0 0 0 0 0 0 0 0 0 0 0 0 0 0 0 0 0 0 0 0 0 0 0 0 0 0 0 0 0 0 0 0 0 0 0 0 0 0 0 0 0 0 0 0 0 0 0 0 0 0 0 0 0 0 0 0 0 0 0 0 0 0 0 0 0 0 0 0 0 0 0 0 0 0 0 0 0 0 0 0 0 0 0 0 0 0 0 0 0 0 0 0 0 0 0 0 0 0 0 0 0 0 0 0 0 0 0 0 0 0 0 0 0 0 0 0 0 0 0 0 0 0 0 0 0 0 0 0 0 0 0 0 0 0 0 0 0 0 0 0 0 0 0 0 0 0 0 0 0 0 0 0 0 0 0 0 0 0 0 0 0 0 0 0 0 0 0 0 0 0 0 0 0 0 0 0 0 0 0 0 0 0 0 0 0 0 0 0 0 0 0 0 0 0 0 0 0 0 0 0 0 0 0 0 0 0 0 0 0 0 0 0 0 0 0 0 0 0 0 0 0 0 0 0 0 0 0 0 0 0 0 0 0 0 0 0 0 0 0 0 0 0 0 0 0 0 0 0 0 0 0 0 0 0 0 0 0 0 0 0 0 0 0 0 0 0 0 0 0 0 0 0 0 0 0 0 0 0 0 0 0 0 0 0 0 0 0 0 0 0 0 0 0 0 0 0 0 0 0 0 0 0 0 0 0 0 0 0 0 0 0 0 0 0 0 0 0 0 0 0 0 0 0 0 0 0 0 0 0 0 0 0 0 0 0 0 0 0 0 0 0 0 0 0 0 0 0 0 0 0 0 0 0 0 0 0 0 0 0 0 0 0 0 0 0 0 0 0 0 0 0 0 0 0 0 0 0 0 0 0 0 0 0 0 0 0 0 0 0 0 0 0 0 0 0 0 0 0 0 0 0 0 0 0 0 0 0 0 0 0 0 0 0 0 0 0 0 0 0 0 0 0 0 0 0 0 0 0 0 0 0 0 0 0 0 0 0 0 0 0 0 0 0 0 0 0 0 0 0 0 0 0 0 0 0 0 0 0 0 0 0 0 0 0 0 0 0 0 0 0 0 0 0 0 0 0 0 0 0 0 0 0 0 0 0 0 0 0 0 0 0 0 0 0 0 0 0 0 0 0 0 0 0 0 0 0 0 0 0 0 0 0 0 0 0 0 0 0 0 0 0 0 0 0 0 0 0 0 0 0 0 0 0 0 0 0 0 0 0 0 0 0 0 0 0 0 0 0 0 0 0 0 0 0 0 0 0 0 0 0 0 0 0 0 0 0 0 0 0 0 0 0 0 0 0 0 0 0 0 0 0 0 0 0 0 0 0 0 0 0 0 0 0 0 0 0 0 0 0 0 0 0 0 0 0 0 0 0 0 0 0 0 0 0 0 0 0 0 0 0 0 0 0 0 0 0 0 0 0 0 0 0 0 0 0 0 0 0 0 0 0 0 0 0 0 0 0 0 0 0 0 0 0 0 0 0 0 0 0 0 0 0 0 0 0 0 0 0 0 0 0 0 0 0 0 0 0 0 0 0 0 0 0 0 0 0 0 0 0 0 0 0 0 0 0 0 0 0 0 0 0 0 0 0 0 0 0 0 0 0 0 0 0 0 0 0 0 0 0 0 0 0 0 0 0 0 0 0 0 0 0 0 0 0 0 0 0 0 0 0 0 0 0 0 0 0 0 0 0 0 0 0 0 0 0 0 0 0 0 0 0 0 0 0 0 0 0 0 0 0 0 0 0 0 0 0 0 0 0 0 0 0 0 0 0 0 0 0 0 0 0 0 0 0 0 0 0 0 0 0 0 0 0 0 0 0 0 0 0 0 0 0 0 0 0 0 0 0 0 0 0 0 0.285 0.804 0.033 0.804 0.285 0.767 0.033 0.804 0.187 0.763 0.285 0.767 0 0 0 0 0 0 0 0 0 0 0 0 0 0 0 0 0 0 0 0 0 0 0 0 0 0 0 0 0 0 0 0 0 0 0 0 0 0 0 0 0 0 0 0 0 0 0 0 0 0 0 0 0 0 0 0 0 0 0 0 0 0 0 0 0 0 0 0 0 0 0 0 0 0 0 0 0 0 0 0 0 0 0 0 0 0 0 0 0 0 0 0 0 0 0 0 0 0 0 0 0 0 0 0 0 0 0 0 0 0 0 0 0 0 0 0 0 0 0 0 0 0 0 0 0 0 0 0 0 0 0 0 0 0 0 0 0 0 0 0 0 0 0 0 0 0 0 0 0 0 0 0 0 0 0 0 0 0 0 0 0 0 0 0 0 0 0 0 0 0 0 0 0 0 0 0 0 0 0 0 0 0 0 0 0 0 0 0 0 0 0 0 0 0 0 0 0 0 0 0 0 0 0 0 0 0 0 0 0 0 0 0 0 0 0 0 0 0 0 0 0 0 0 0 0 0 0 0 0 0 0 0 0 0 0 0 0 0 0 0 0 0 0 0 0 0 0 0 0 0 0 0 0 0 0 0 0 0 0 0 0 0 0 0 0 0 0 0 0 0 0 0 0 0 0 0 0 0 0 0 0 0 0 0 0 0 0 0 0 0 0 0 0 0 0 0 0 0 0 0 0 0 0 0 0 0 0 0 0 0 0 0 0 0 0 0 0 0 0 0 0 0 0 0 0 0 0 0 0 0 0 0 0 0 0 0 0 0 0 0 0 0 0 0 0 0 0 0 0 0 0 0 0 0 0 0 0 0 0 0 0 0 0 0 0 0 0 0 0 0 0 0 0 0 0 0 0 0 0 0 0 0 0 0 0 0 0 0 0 0 0 0 0 0 0 0 0 0 0 0 0 0 0 0 0 0 0 0 0 0 0 0 0 0 0 0 0 0 0 0 0 0 0 0 0 0 0 0 0 0 0 0 0 0 0 0 0 0 0 0 0 0 0 0 0.033 0.534 0.431 0.534 0.033 0.651 0.431 0.534 0.431 0.651 0.033 0.651 0.537 0.963 0.4 0.858 0.537 0.831 0.4 0.858 0.432 0.831 0.537 0.831 0 0 0 0 0 0 0 0 0 0 0 0 0 0 0 0 0 0 0 0 0 0 0 0 0.884 0.913 0.929 0.913 0.884 0.95 0.929 0.913 0.929 0.95 0.884 0.95 0.884 0.861 0.929 0.861 0.884 0.913 0.929 0.861 0.929 0.913 0.884 0.913 0.884 0.809 0.929 0.809 0.884 0.861 0.929 0.809 0.929 0.861 0.884 0.861 0.884 0.758 0.929 0.758 0.884 0.809 0.929 0.758 0.929 0.809 0.884 0.809 0.884 0.706 0.929 0.706 0.884 0.758 0.929 0.706 0.929 0.758 0.884 0.758 0.884 0.551 0.929 0.551 0.884 0.603 0.929 0.551 0.929 0.603 0.884 0.603 0.884 0.499 0.929 0.499 0.884 0.551 0.929 0.499 0.929 0.551 0.884 0.551 0.884 0.654 0.929 0.654 0.884 0.706 0.929 0.654 0.929 0.706 0.884 0.706 0.884 0.603 0.929 0.603 0.884 0.654 0.929 0.603 0.929 0.654 0.884 0.654 0 0 0 0 0 0 0 0 0 0 0 0 0 0 0 0 0 0 0 0 0 0 0 0 0 0 0 0 0 0 0 0 0 0 0 0 0.285 0.926 0.285 0.888 0.383 0.922 0.285 0.888 0.344 0.88 0.383 0.922 0.344 0.88 0.4 0.858 0.383 0.922 0.4 0.858 0.537 0.963 0.383 0.922 0.929 0.97 0.884 0.97 0.929 0.95 0.884 0.97 0.884 0.95 0.929 0.95 0 0 0 0 0 0 0 0 0 0 0 0 0 0 0 0 0 0 0 0 0 0 0 0 0 0 0 0 0 0 0 0 0 0 0 0 0 0 0 0 0 0 0 0 0 0 0 0 0 0 0 0 0 0 0 0 0 0 0 0 0 0 0 0 0 0 0 0 0 0 0 0 0 0 0 0 0 0 0 0 0 0 0 0 0 0 0 0 0 0 0 0 0 0 0 0 0 0 0 0 0 0 0 0 0 0 0 0 0 0 0 0 0 0 0 0 0 0 0 0 0 0 0 0 0 0 0 0 0 0 0 0 0 0 0 0 0 0 0 0 0 0 0 0 0 0 0 0 0 0 0 0 0 0 0 0 0 0 0 0 0 0 0 0 0 0 0 0 0 0 0 0 0 0 0 0 0 0 0 0 0 0 0 0 0 0 0 0 0 0 0 0 0 0 0 0 0 0 0 0 0 0 0 0 0 0 0 0 0 0 0 0 0 0 0 0 0 0 0 0 0 0 0 0 0 0 0 0 0 0 0 0 0 0 0 0 0 0 0 0 0 0 0 0 0 0 0 0 0 0 0 0 0 0 0 0 0 0 0 0 0 0 0 0 0 0 0 0 0 0 0 0 0 0 0 0 0 0 0 0 0 0 0 0 0 0 0 0 0 0 0 0 0 0 0 0 0 0 0 0 0 0 0 0 0 0 0 0 0 0 0 0 0 0 0 0 0 0 0 0 0 0 0 0 0 0 0 0 0 0 0 0 0 0 0 0 0 0 0 0 0 0 0 0 0 0 0 0 0 0 0 0 0 0 0 0 0 0 0 0 0 0 0 0 0 0 0 0 0 0 0 0 0 0 0 0 0 0 0 0 0 0 0 0 0 0 0 0 0 0 0 0 0 0 0 0 0 0 0 0 0 0 0 0 0 0 0 0 0 0 0 0 0 0 0 0 0 0 0 0 0 0 0 0 0 0 0 0 0 0 0 0 0 0 0 0 0 0 0 0 0 0 0 0 0 0 0 0 0 0 0 0 0 0 0 0 0 0 0 0 0 0 0 0 0 0 0 0 0 0 0 0 0 0 0 0 0 0 0 0 0 0 0 0 0 0 0 0 0 0 0 0 0 0 0 0 0 0 0 0 0 0 0 0 0 0 0 0 0 0 0 0 0 0 0 0 0 0 0 0 0 0 0 0 0 0 0 0 0 0 0 0 0 0 0 0 0 0 0 0 0 0 0 0 0 0 0 0 0 0 0 0 0 0 0 0 0 0 0 0 0 0 0 0 0 0 0 0 0 0 0 0 0 0 0 0 0 0 0 0 0 0 0 0 0 0 0 0 0 0 0 0 0 0 0 0 0 0 0 0 0 0 0 0 0 0 0 0 0 0 0 0 0 0 0 0 0 0 0 0 0 0 0 0 0 0 0 0 0 0 0 0 0 0 0 0 0 0 0 0 0 0 0 0 0 0 0 0 0 0 0 0 0 0 0 0 0 0 0 0 0 0 0 0 0 0 0 0 0 0 0 0 0 0 0 0 0 0 0 0 0 0 0 0 0 0 0 0 0 0 0 0 0 0 0 0 0 0 0 0 0 0 0 0 0 0 0 0 0 0 0 0 0 0 0 0 0 0 0 0 0 0 0 0 0 0 0 0 0 0 0 0 0 0 0 0 0 0 0 0 0 0 0 0 0 0 0 0 0 0 0 0 0 0 0 0 0 0 0 0 0 0 0 0 0 0 0 0 0 0 0 0 0 0 0 0 0 0 0 0 0 0 0 0 0 0 0 0 0 0 0 0 0 0 0 0 0 0 0 0 0 0 0 0 0 0 0 0 0 0 0 0 0 0 0 0 0 0 0 0 0 0 0 0 0 0 0 0 0 0 0 0 0 0 0 0 0 0 0 0 0 0 0 0 0 0 0 0 0 0 0 0 0 0 0 0 0 0 0 0 0 0 0 0 0 0 0 0 0 0 0 0 0 0 0 0 0 0 0 0 0 0 0 0 0 0 0 0 0 0 0 0 0 0 0 0 0 0 0 0 0 0 0 0 0 0 0 0 0 0 0 0 0 0 0 0 0 0 0 0 0 0 0 0 0 0 0 0 0 0 0 0 0 0 0 0 0 0 0 0 0 0 0 0 0 0 0 0 0 0 0 0 0 0 0 0 0 0 0 0 0 0 0 0 0 0 0 0 0 0 0 0 0 0 0 0 0 0 0 0 0 0 0 0 0 0 0 0 0 0 0 0 0 0 0 0 0 0 0 0 0 0 0 0 0 0 0 0 0 0 0 0 0 0 0 0 0 0 0 0 0 0 0 0 0 0 0 0 0 0 0 0 0 0 0 0 0 0 0 0 0 0 0 0 0 0 0 0 0 0 0 0 0 0 0 0 0 0 0 0 0 0 0 0 0 0 0 0 0 0 0 0 0 0 0 0 0 0 0 0 0 0 0 0 0 0 0 0 0 0 0 0 0 0 0 0 0 0 0 0 0 0 0 0 0 0 0 0 0 0 0 0 0 0 0 0 0 0 0 0 0 0 0 0 0 0 0 0 0 0 0 0 0 0 0 0 0 0 0 0 0 0 0 0 0 0 0 0 0 0 0 0 0 0 0 0 0 0 0 0 0 0 0 0 0 0 0 0 0 0 0 0 0 0 0 0 0 0 0 0 0 0 0 0 0 0 0 0 0 0 0 0 0 0 0 0 0 0 0 0 0.285 0.963 0.285 0.926 0.537 0.963 0.285 0.926 0.383 0.922 0.537 0.963 0 0 0 0 0 0 0 0 0 0 0 0 0 0 0 0 0 0 0 0 0 0 0 0 0 0 0 0 0 0 0 0 0 0 0 0 0 0 0 0 0 0 0 0 0 0 0 0 0 0 0 0 0 0 0 0 0 0 0 0 0 0 0 0 0 0 0 0 0 0 0 0 0 0 0 0 0 0 0 0 0 0 0 0 0 0 0 0 0 0 0 0 0 0 0 0 0 0 0 0 0 0 0 0 0 0 0 0 0 0 0 0 0 0 0 0 0 0 0 0 0 0 0 0 0 0 0 0 0 0 0 0 0 0 0 0 0 0 0 0 0 0 0 0 0 0 0 0 0 0 0 0 0 0 0 0 0 0 0 0 0 0 0 0 0 0 0 0 0 0 0 0 0 0 0 0 0 0 0 0 0 0 0 0 0 0 0 0 0 0 0 0 0 0 0 0 0 0 0 0 0 0 0 0 0 0 0 0 0 0 0 0 0 0 0 0 0 0 0 0 0 0 0 0 0 0 0 0 0 0 0 0 0 0 0 0 0 0 0 0 0 0 0 0 0 0 0 0 0 0 0 0 0 0 0 0 0 0 0 0 0 0 0 0 0 0 0 0 0 0 0 0 0 0 0 0 0 0 0 0 0 0 0 0 0 0 0 0 0 0 0 0 0 0 0 0 0 0 0 0 0 0 0 0 0 0 0 0 0 0 0 0 0 0 0 0 0 0 0 0 0 0 0 0 0 0 0 0 0 0 0 0 0 0 0 0 0 0 0 0 0 0 0 0 0 0 0 0 0 0 0 0 0 0 0 0 0 0 0 0 0 0 0 0 0 0 0 0 0 0 0 0 0 0 0 0 0 0 0 0 0 0 0 0 0 0 0 0 0 0 0 0 0 0 0 0 0 0 0 0 0 0 0 0 0 0 0 0 0 0 0 0 0 0 0 0 0 0 0 0 0 0 0 0 0 0 0 0 0 0 0 0 0 0 0 0 0 0 0 0 0 0 0 0 0.033 0.384 0.431 0.384 0.033 0.501 0.431 0.384 0.431 0.501 0.033 0.501 0.536 0.804 0.399 0.699 0.536 0.672 0.399 0.699 0.432 0.672 0.536 0.672 0 0 0 0 0 0 0 0 0 0 0 0 0 0 0 0 0 0 0 0 0 0 0 0 0.973 0.086 0.929 0.086 0.973 0.049 0.929 0.086 0.929 0.049 0.973 0.049 0.973 0.138 0.929 0.138 0.973 0.086 0.929 0.138 0.929 0.086 0.973 0.086 0.973 0.19 0.929 0.19 0.973 0.138 0.929 0.19 0.929 0.138 0.973 0.138 0.973 0.241 0.929 0.241 0.973 0.19 0.929 0.241 0.929 0.19 0.973 0.19 0.973 0.293 0.929 0.293 0.973 0.241 0.929 0.293 0.929 0.241 0.973 0.241 0.973 0.448 0.929 0.448 0.973 0.396 0.929 0.448 0.929 0.396 0.973 0.396 0.973 0.499 0.929 0.499 0.973 0.448 0.929 0.499 0.929 0.448 0.973 0.448 0.973 0.344 0.929 0.344 0.973 0.293 0.929 0.344 0.929 0.293 0.973 0.293 0.973 0.396 0.929 0.396 0.973 0.344 0.929 0.396 0.929 0.344 0.973 0.344 0 0 0 0 0 0 0 0 0 0 0 0 0 0 0 0 0 0 0 0 0 0 0 0 0 0 0 0 0 0 0 0 0 0 0 0 0.285 0.767 0.285 0.729 0.383 0.763 0.285 0.729 0.344 0.721 0.383 0.763 0.344 0.721 0.399 0.699 0.383 0.763 0.399 0.699 0.536 0.804 0.383 0.763 0.929 0.029 0.973 0.029 0.929 0.049 0.973 0.029 0.973 0.049 0.929 0.049 0 0 0 0 0 0 0 0 0 0 0 0 0 0 0 0 0 0 0 0 0 0 0 0 0 0 0 0 0 0 0 0 0 0 0 0 0 0 0 0 0 0 0 0 0 0 0 0 0 0 0 0 0 0 0 0 0 0 0 0 0 0 0 0 0 0 0 0 0 0 0 0 0 0 0 0 0 0 0 0 0 0 0 0 0 0 0 0 0 0 0 0 0 0 0 0 0 0 0 0 0 0 0 0 0 0 0 0 0 0 0 0 0 0 0 0 0 0 0 0 0 0 0 0 0 0 0 0 0 0 0 0 0 0 0 0 0 0 0 0 0 0 0 0 0 0 0 0 0 0 0 0 0 0 0 0 0 0 0 0 0 0 0 0 0 0 0 0 0 0 0 0 0 0 0 0 0 0 0 0 0 0 0 0 0 0 0 0 0 0 0 0 0 0 0 0 0 0 0 0 0 0 0 0 0 0 0 0 0 0 0 0 0 0 0 0 0 0 0 0 0 0 0 0 0 0 0 0 0 0 0 0 0 0 0 0 0 0 0 0 0 0 0 0 0 0 0 0 0 0 0 0 0 0 0 0 0 0 0 0 0 0 0 0 0 0 0 0 0 0 0 0 0 0 0 0 0 0 0 0 0 0 0 0 0 0 0 0 0 0 0 0 0 0 0 0 0 0 0 0 0 0 0 0 0 0 0 0 0 0 0 0 0 0 0 0 0 0 0 0 0 0 0 0 0 0 0 0 0 0 0 0 0 0 0 0 0 0 0 0 0 0 0 0 0 0 0 0 0 0 0 0 0 0 0 0 0 0 0 0 0 0 0 0 0 0 0 0 0 0 0 0 0 0 0 0 0 0 0 0 0 0 0 0 0 0 0 0 0 0 0 0 0 0 0 0 0 0 0 0 0 0 0 0 0 0 0 0 0 0 0 0 0 0 0 0 0 0 0 0 0 0 0 0 0 0 0 0 0 0 0 0 0 0 0 0 0 0 0 0 0 0 0 0 0 0 0 0 0 0 0 0 0 0 0 0 0 0 0 0 0 0 0 0 0 0 0 0 0 0 0 0 0 0 0 0 0 0 0 0 0 0 0 0 0 0 0 0 0 0 0 0 0 0 0 0 0 0 0 0 0 0 0 0 0 0 0 0 0 0 0 0 0 0 0 0 0 0 0 0 0 0 0 0 0 0 0 0 0 0 0 0 0 0 0 0 0 0 0 0 0 0 0 0 0 0 0 0 0 0 0 0 0 0 0 0 0 0 0 0 0 0 0 0 0 0 0 0 0 0 0 0 0 0 0 0 0 0 0 0 0 0 0 0 0 0 0 0 0 0 0 0 0 0 0 0 0 0 0 0 0 0 0 0 0 0 0 0 0 0 0 0 0 0 0 0 0 0 0 0 0 0 0 0 0 0 0 0 0 0 0 0 0 0 0 0 0 0 0 0 0 0 0 0 0 0 0 0 0 0 0 0 0 0 0 0 0 0 0 0 0 0 0 0 0 0 0 0 0 0 0 0 0 0 0 0 0 0 0 0 0 0 0 0 0 0 0 0 0 0 0 0 0 0 0 0 0 0 0 0 0 0 0 0 0 0 0 0 0 0 0 0 0 0 0 0 0 0 0 0 0 0 0 0 0 0 0 0 0 0 0 0 0 0 0 0 0 0 0 0 0 0 0 0 0 0 0 0 0 0 0 0 0 0 0 0 0 0 0 0 0 0 0 0 0 0 0 0 0 0 0 0 0 0 0 0 0 0 0 0 0 0 0 0 0 0 0 0 0 0 0 0 0 0 0 0 0 0 0 0 0 0 0 0 0 0 0 0 0 0 0 0 0 0 0 0 0 0 0 0 0 0 0 0 0 0 0 0 0 0 0 0 0 0 0 0 0 0 0 0 0 0 0 0 0 0 0 0 0 0 0 0 0 0 0 0 0 0 0 0 0 0 0 0 0 0 0 0 0 0 0 0 0 0 0 0 0 0 0 0 0 0 0 0 0 0 0 0 0 0 0 0 0 0 0 0 0 0 0 0 0 0 0 0 0 0 0 0 0 0 0 0 0 0 0 0 0 0 0 0 0 0 0 0 0 0 0 0 0 0 0 0 0 0 0 0 0 0 0 0 0 0 0 0 0 0 0 0 0 0 0 0 0 0 0 0 0 0 0 0 0 0 0 0 0 0 0 0 0 0 0 0 0 0 0 0 0 0 0 0 0 0 0 0 0 0 0 0 0 0 0 0 0 0 0 0 0 0 0 0 0 0 0 0 0 0 0 0 0 0 0 0 0 0 0 0 0 0 0 0 0 0 0 0 0 0 0 0 0 0 0 0 0 0 0 0 0 0 0 0 0 0 0 0 0 0 0 0 0 0 0 0 0 0 0 0 0 0 0 0 0 0 0 0 0 0 0 0 0 0 0 0 0 0 0 0 0 0 0 0 0 0 0 0 0 0 0 0 0 0 0 0 0 0 0 0 0 0 0 0 0 0 0 0 0 0 0 0 0 0 0 0 0 0 0 0 0 0 0 0 0 0 0 0 0 0 0 0 0 0 0 0 0 0 0 0 0 0 0 0 0 0 0 0 0 0 0 0 0 0 0 0 0 0 0 0 0 0 0 0 0 0 0 0 0 0 0 0 0 0 0 0 0 0 0 0 0 0 0 0 0 0 0 0 0 0 0 0 0 0 0 0 0 0 0 0 0 0 0 0 0.285 0.804 0.285 0.767 0.536 0.804 0.285 0.767 0.383 0.763 0.536 0.804 0 0 0 0 0 0 0 0 0 0 0 0 0 0 0 0 0 0 0 0 0 0 0 0 0 0 0 0 0 0 0 0 0 0 0 0 0 0 0 0 0 0 0 0 0 0 0 0 0 0 0 0 0 0 0 0 0 0 0 0 0 0 0 0 0 0 0 0 0 0 0 0 0 0 0 0 0 0 0 0 0 0 0 0 0 0 0 0 0 0 0 0 0 0 0 0 0 0 0 0 0 0 0 0 0 0 0 0 0 0 0 0 0 0 0 0 0 0 0 0 0 0 0 0 0 0 0 0 0 0 0 0 0 0 0 0 0 0 0 0 0 0 0 0 0 0 0 0 0 0 0 0 0 0 0 0 0 0 0 0 0 0 0 0 0 0 0 0 0 0 0 0 0 0 0 0 0 0 0 0 0 0 0 0 0 0 0 0 0 0 0 0 0 0 0 0 0 0 0 0 0 0 0 0 0 0 0 0 0 0 0 0 0 0 0 0 0 0 0 0 0 0 0 0 0 0 0 0 0 0 0 0 0 0 0 0 0 0 0 0 0 0 0 0 0 0 0 0 0 0 0 0 0 0 0 0 0 0 0 0 0 0 0 0 0 0 0 0 0 0 0 0 0 0 0 0 0 0 0 0 0 0 0 0 0 0 0 0 0 0 0 0 0 0 0 0 0 0 0 0 0 0 0 0 0 0 0 0 0 0 0 0 0 0 0 0 0 0 0 0 0 0 0 0 0 0 0 0 0 0 0 0 0 0 0 0 0 0 0 0 0 0 0 0 0 0 0 0 0 0 0 0 0 0 0 0 0 0 0 0 0 0 0 0 0 0 0 0 0 0 0 0 0 0 0 0 0 0 0 0 0 0 0 0 0 0 0 0 0 0 0 0 0 0 0 0 0 0 0 0 0 0 0 0 0 0 0 0 0 0 0 0 0 0 0 0 0 0 0 0 0 0 0 0 0 0 0 0 0 0 0 0 0 0 0 0 0 0 0 0 0 0 0 0 0.828 0.384 0.828 0.501 0.431 0.384 0.828 0.501 0.431 0.501 0.431 0.384 0.034 0.963 0.034 0.831 0.171 0.858 0.034 0.831 0.138 0.831 0.171 0.858 0 0 0 0 0 0 0 0 0 0 0 0 0 0 0 0 0 0 0 0 0 0 0 0 0.884 0.086 0.884 0.049 0.929 0.086 0.884 0.049 0.929 0.049 0.929 0.086 0.884 0.138 0.884 0.086 0.929 0.138 0.884 0.086 0.929 0.086 0.929 0.138 0.884 0.19 0.884 0.138 0.929 0.19 0.884 0.138 0.929 0.138 0.929 0.19 0.884 0.241 0.884 0.19 0.929 0.241 0.884 0.19 0.929 0.19 0.929 0.241 0.884 0.293 0.884 0.241 0.929 0.293 0.884 0.241 0.929 0.241 0.929 0.293 0.884 0.448 0.884 0.396 0.929 0.448 0.884 0.396 0.929 0.396 0.929 0.448 0.884 0.499 0.884 0.448 0.929 0.499 0.884 0.448 0.929 0.448 0.929 0.499 0.884 0.344 0.884 0.293 0.929 0.344 0.884 0.293 0.929 0.293 0.929 0.344 0.884 0.396 0.884 0.344 0.929 0.396 0.884 0.344 0.929 0.344 0.929 0.396 0 0 0 0 0 0 0 0 0 0 0 0 0 0 0 0 0 0 0 0 0 0 0 0 0 0 0 0 0 0 0 0 0 0 0 0 0.285 0.926 0.187 0.922 0.285 0.888 0.187 0.922 0.226 0.88 0.285 0.888 0.226 0.88 0.187 0.922 0.171 0.858 0.187 0.922 0.034 0.963 0.171 0.858 0.929 0.029 0.929 0.049 0.884 0.029 0.929 0.049 0.884 0.049 0.884 0.029 0 0 0 0 0 0 0 0 0 0 0 0 0 0 0 0 0 0 0 0 0 0 0 0 0 0 0 0 0 0 0 0 0 0 0 0 0 0 0 0 0 0 0 0 0 0 0 0 0 0 0 0 0 0 0 0 0 0 0 0 0 0 0 0 0 0 0 0 0 0 0 0 0 0 0 0 0 0 0 0 0 0 0 0 0 0 0 0 0 0 0 0 0 0 0 0 0 0 0 0 0 0 0 0 0 0 0 0 0 0 0 0 0 0 0 0 0 0 0 0 0 0 0 0 0 0 0 0 0 0 0 0 0 0 0 0 0 0 0 0 0 0 0 0 0 0 0 0 0 0 0 0 0 0 0 0 0 0 0 0 0 0 0 0 0 0 0 0 0 0 0 0 0 0 0 0 0 0 0 0 0 0 0 0 0 0 0 0 0 0 0 0 0 0 0 0 0 0 0 0 0 0 0 0 0 0 0 0 0 0 0 0 0 0 0 0 0 0 0 0 0 0 0 0 0 0 0 0 0 0 0 0 0 0 0 0 0 0 0 0 0 0 0 0 0 0 0 0 0 0 0 0 0 0 0 0 0 0 0 0 0 0 0 0 0 0 0 0 0 0 0 0 0 0 0 0 0 0 0 0 0 0 0 0 0 0 0 0 0 0 0 0 0 0 0 0 0 0 0 0 0 0 0 0 0 0 0 0 0 0 0 0 0 0 0 0 0 0 0 0 0 0 0 0 0 0 0 0 0 0 0 0 0 0 0 0 0 0 0 0 0 0 0 0 0 0 0 0 0 0 0 0 0 0 0 0 0 0 0 0 0 0 0 0 0 0 0 0 0 0 0 0 0 0 0 0 0 0 0 0 0 0 0 0 0 0 0 0 0 0 0 0 0 0 0 0 0 0 0 0 0 0 0 0 0 0 0 0 0 0 0 0 0 0 0 0 0 0 0 0 0 0 0 0 0 0 0 0 0 0 0 0 0 0 0 0 0 0 0 0 0 0 0 0 0 0 0 0 0 0 0 0 0 0 0 0 0 0 0 0 0 0 0 0 0 0 0 0 0 0 0 0 0 0 0 0 0 0 0 0 0 0 0 0 0 0 0 0 0 0 0 0 0 0 0 0 0 0 0 0 0 0 0 0 0 0 0 0 0 0 0 0 0 0 0 0 0 0 0 0 0 0 0 0 0 0 0 0 0 0 0 0 0 0 0 0 0 0 0 0 0 0 0 0 0 0 0 0 0 0 0 0 0 0 0 0 0 0 0 0 0 0 0 0 0 0 0 0 0 0 0 0 0 0 0 0 0 0 0 0 0 0 0 0 0 0 0 0 0 0 0 0 0 0 0 0 0 0 0 0 0 0 0 0 0 0 0 0 0 0 0 0 0 0 0 0 0 0 0 0 0 0 0 0 0 0 0 0 0 0 0 0 0 0 0 0 0 0 0 0 0 0 0 0 0 0 0 0 0 0 0 0 0 0 0 0 0 0 0 0 0 0 0 0 0 0 0 0 0 0 0 0 0 0 0 0 0 0 0 0 0 0 0 0 0 0 0 0 0 0 0 0 0 0 0 0 0 0 0 0 0 0 0 0 0 0 0 0 0 0 0 0 0 0 0 0 0 0 0 0 0 0 0 0 0 0 0 0 0 0 0 0 0 0 0 0 0 0 0 0 0 0 0 0 0 0 0 0 0 0 0 0 0 0 0 0 0 0 0 0 0 0 0 0 0 0 0 0 0 0 0 0 0 0 0 0 0 0 0 0 0 0 0 0 0 0 0 0 0 0 0 0 0 0 0 0 0 0 0 0 0 0 0 0 0 0 0 0 0 0 0 0 0 0 0 0 0 0 0 0 0 0 0 0 0 0 0 0 0 0 0 0 0 0 0 0 0 0 0 0 0 0 0 0 0 0 0 0 0 0 0 0 0 0 0 0 0 0 0 0 0 0 0 0 0 0 0 0 0 0 0 0 0 0 0 0 0 0 0 0 0 0 0 0 0 0 0 0 0 0 0 0 0 0 0 0 0 0 0 0 0 0 0 0 0 0 0 0 0 0 0 0 0 0 0 0 0 0 0 0 0 0 0 0 0 0 0 0 0 0 0 0 0 0 0 0 0 0 0 0 0 0 0 0 0 0 0 0 0 0 0 0 0 0 0 0 0 0 0 0 0 0 0 0 0 0 0 0 0 0 0 0 0 0 0 0 0 0 0 0 0 0 0 0 0 0 0 0 0 0 0 0 0 0 0 0 0 0 0 0 0 0 0 0 0 0 0 0 0 0 0 0 0 0 0 0 0 0 0 0 0 0 0 0 0 0 0 0 0 0 0 0 0 0 0 0 0 0 0 0 0 0 0 0 0 0 0 0 0 0 0 0 0 0 0 0 0 0 0 0 0 0 0 0 0 0 0 0 0 0 0 0 0 0 0 0 0 0 0 0 0 0 0 0 0 0 0 0 0 0 0 0 0 0 0 0 0 0 0 0 0 0 0 0 0 0 0 0 0 0 0 0 0 0 0 0 0 0 0 0 0 0 0 0 0 0 0 0 0 0 0 0 0 0 0 0 0 0 0 0 0 0 0 0 0 0 0 0 0 0 0 0 0 0 0 0 0 0 0 0 0 0 0 0 0 0 0 0 0 0 0 0 0 0 0 0 0 0 0 0 0 0 0 0 0 0 0 0 0 0 0 0 0 0 0 0 0 0 0 0 0.285 0.963 0.034 0.963 0.285 0.926 0.034 0.963 0.187 0.922 0.285 0.926 0 0 0 0 0 0 0 0 0 0 0 0 0 0 0 0 0 0 0 0 0 0 0 0 0 0 0 0 0 0 0 0 0 0 0 0 0 0 0 0 0 0 0 0 0 0 0 0 0 0 0 0 0 0 0 0 0 0 0 0 0 0 0 0 0 0 0 0 0 0 0 0 0 0 0 0 0 0 0 0 0 0 0 0 0 0 0 0 0 0 0 0 0 0 0 0 0 0 0 0 0 0 0 0 0 0 0 0 0 0 0 0 0 0 0 0 0 0 0 0 0 0 0 0 0 0 0 0 0 0 0 0 0 0 0 0 0 0 0 0 0 0 0 0 0 0 0 0 0 0 0 0 0 0 0 0 0 0 0 0 0 0 0 0 0 0 0 0 0 0 0 0 0 0 0 0 0 0 0 0 0 0 0 0 0 0 0 0 0 0 0 0 0 0 0 0 0 0 0 0 0 0 0 0 0 0 0 0 0 0 0 0 0 0 0 0 0 0 0 0 0 0 0 0 0 0 0 0 0 0 0 0 0 0 0 0 0 0 0 0 0 0 0 0 0 0 0 0 0 0 0 0 0 0 0 0 0 0 0 0 0 0 0 0 0 0 0 0 0 0 0 0 0 0 0 0 0 0 0 0 0 0 0 0 0 0 0 0 0 0 0 0 0 0 0 0 0 0 0 0 0 0 0 0 0 0 0 0 0 0 0 0 0 0 0 0 0 0 0 0 0 0 0 0 0 0 0 0 0 0 0 0 0 0 0 0 0 0 0 0 0 0 0 0 0 0 0 0</float_array>
					<technique_common>
						<accessor source="#3815-mesh-map-2-array" count="3768" stride="2">
							<param name="S" type="float"/>
							<param name="T" type="float"/>
						</accessor>
					</technique_common>
				</source>
				<source id="3815-mesh-map-3">
					<float_array id="3815-mesh-map-3-array" count="7536">0 0 0 0 0 0 0 0 0 0 0 0 0 0 0 0 0 0 0 0 0 0 0 0 0 0 0 0 0 0 0 0 0 0 0 0 0 0 0 0 0 0 0 0 0 0 0 0 0 0 0 0 0 0 0 0 0 0 0 0 0 0 0 0 0 0 0 0 0 0 0 0 0 0 0 0 0 0 0 0 0 0 0 0 0 0 0 0 0 0 0 0 0 0 0 0 0.728 0.805 0.728 0.87 0.505 0.805 0.728 0.87 0.505 0.87 0.505 0.805 0.743 0.87 0.743 0.805 0.811 0.818 0.743 0.805 0.795 0.805 0.811 0.818 0 0 0 0 0 0 0 0 0 0 0 0 0 0 0 0 0 0 0 0 0 0 0 0 0.529 0.776 0.529 0.793 0.505 0.776 0.529 0.793 0.505 0.793 0.505 0.776 0.529 0.749 0.529 0.776 0.505 0.749 0.529 0.776 0.505 0.776 0.505 0.749 0.529 0.72 0.529 0.749 0.505 0.72 0.529 0.749 0.505 0.749 0.505 0.72 0.529 0.69 0.529 0.72 0.505 0.69 0.529 0.72 0.505 0.72 0.505 0.69 0.529 0.663 0.529 0.69 0.505 0.663 0.529 0.69 0.505 0.69 0.505 0.663 0.529 0.61 0.529 0.621 0.505 0.61 0.529 0.621 0.505 0.621 0.505 0.61 0.529 0.606 0.529 0.61 0.505 0.606 0.529 0.61 0.505 0.61 0.505 0.606 0.529 0.639 0.529 0.663 0.505 0.639 0.529 0.663 0.505 0.663 0.505 0.639 0.529 0.621 0.529 0.639 0.505 0.621 0.529 0.639 0.505 0.639 0.505 0.621 0 0 0 0 0 0 0 0 0 0 0 0 0 0 0 0 0 0 0 0 0 0 0 0 0 0 0 0 0 0 0 0 0 0 0 0 0.868 0.852 0.819 0.85 0.868 0.833 0.819 0.85 0.838 0.829 0.868 0.833 0.838 0.829 0.819 0.85 0.811 0.818 0.819 0.85 0.743 0.87 0.811 0.818 0.505 0.805 0.505 0.793 0.529 0.805 0.505 0.793 0.529 0.793 0.529 0.805 0 0 0 0 0 0 0 0 0 0 0 0 0 0 0 0 0 0 0 0 0 0 0 0 0 0 0 0 0 0 0 0 0 0 0 0 0 0 0 0 0 0 0 0 0 0 0 0 0 0 0 0 0 0 0 0 0 0 0 0 0 0 0 0 0 0 0 0 0 0 0 0 0 0 0 0 0 0 0 0 0 0 0 0 0 0 0 0 0 0 0 0 0 0 0 0 0 0 0 0 0 0 0 0 0 0 0 0 0 0 0 0 0 0 0 0 0 0 0 0 0 0 0 0 0 0 0 0 0 0 0 0 0 0 0 0 0 0 0 0 0 0 0 0 0 0 0 0 0 0 0 0 0 0 0 0 0 0 0 0 0 0 0 0 0 0 0 0 0 0 0 0 0 0 0 0 0 0 0 0 0 0 0 0 0 0 0 0 0 0 0 0 0 0 0 0 0 0 0 0 0 0 0 0 0 0 0 0 0 0 0 0 0 0 0 0 0 0 0 0 0 0 0 0 0 0 0 0 0 0 0 0 0 0 0 0 0 0 0 0 0 0 0 0 0 0 0 0 0 0 0 0 0 0 0 0 0 0 0 0 0 0 0 0 0 0 0 0 0 0 0 0 0 0 0 0 0 0 0 0 0 0 0 0 0 0 0 0 0 0 0 0 0 0 0 0 0 0 0 0 0 0 0 0 0 0 0 0 0 0 0 0 0 0 0 0 0 0 0 0 0 0 0 0 0 0 0 0 0 0 0 0 0 0 0 0 0 0 0 0 0 0 0 0 0 0 0 0 0 0 0 0 0 0 0 0 0 0 0 0 0 0 0 0 0 0 0 0 0 0 0 0 0 0 0 0 0 0 0 0 0 0 0 0 0 0 0 0 0 0 0 0 0 0 0 0 0 0 0 0 0 0 0 0 0 0 0 0 0 0 0 0 0 0 0 0 0 0 0 0 0 0 0 0 0 0 0 0 0 0 0 0 0 0 0 0 0 0 0 0 0 0 0 0 0 0 0 0 0 0 0 0 0 0 0 0 0 0 0 0 0 0 0 0 0 0 0 0 0 0 0 0 0 0 0 0 0 0 0 0 0 0 0 0 0 0 0 0 0 0 0 0 0 0 0 0 0 0 0 0 0 0 0 0 0 0 0 0 0 0 0 0 0 0 0 0 0 0 0 0 0 0 0 0 0 0 0 0 0 0 0 0 0 0 0 0 0 0 0 0 0 0 0 0 0 0 0 0 0 0 0 0 0 0 0 0 0 0 0 0 0 0 0 0 0 0 0 0 0 0 0 0 0 0 0 0 0 0 0 0 0 0 0 0 0 0 0 0 0 0 0 0 0 0 0 0 0 0 0 0 0 0 0 0 0 0 0 0 0 0 0 0 0 0 0 0 0 0 0 0 0 0 0 0 0 0 0 0 0 0 0 0 0 0 0 0 0 0 0 0 0 0 0 0 0 0 0 0 0 0 0 0 0 0 0 0 0 0 0 0 0 0 0 0 0 0 0 0 0 0 0 0 0 0 0 0 0 0 0 0 0 0 0 0 0 0 0 0 0 0 0 0 0 0 0 0 0 0 0 0 0 0 0 0 0 0 0 0 0 0 0 0 0 0 0 0 0 0 0 0 0 0 0 0 0 0 0 0 0 0 0 0 0 0 0 0 0 0 0 0 0 0 0 0 0 0 0 0 0 0 0 0 0 0 0 0 0 0 0 0 0 0 0 0 0 0 0 0 0 0 0 0 0 0 0 0 0 0 0 0 0 0 0 0 0 0 0 0 0 0 0 0 0 0 0 0 0 0 0 0 0 0 0 0 0 0 0 0 0 0 0 0 0 0 0 0 0 0 0 0 0 0 0 0 0 0 0 0 0 0 0 0 0 0 0 0 0 0 0 0 0 0 0 0 0 0 0 0 0 0 0 0 0 0 0 0 0 0 0 0 0 0 0 0 0 0 0 0 0 0 0 0 0 0 0 0 0 0 0 0 0 0 0 0 0 0 0 0 0 0 0 0 0 0 0 0 0 0 0 0 0 0 0 0 0 0 0 0 0 0 0 0 0 0 0 0 0 0 0 0 0 0 0 0 0 0 0 0 0 0 0 0 0 0 0 0 0 0 0 0 0 0 0 0 0 0 0 0 0 0 0 0 0 0 0 0 0 0 0 0 0 0 0 0 0 0 0 0 0 0 0 0 0 0 0 0 0 0 0 0 0 0 0 0 0 0 0 0 0 0 0 0 0 0 0 0 0 0 0 0 0 0 0 0 0 0 0 0 0 0 0 0 0 0 0 0 0 0 0 0 0 0 0 0 0 0 0 0 0 0 0 0 0 0 0 0 0 0 0 0 0 0 0 0 0 0 0 0 0 0 0 0 0 0 0 0 0 0 0 0 0 0 0 0 0 0 0 0 0 0 0 0 0 0 0 0 0 0 0 0 0 0 0 0 0 0 0 0 0 0 0 0 0 0 0 0 0 0 0 0 0 0 0 0 0 0 0 0 0 0 0 0 0 0 0 0 0 0 0 0 0 0 0 0 0 0 0 0 0 0 0 0 0 0 0 0 0 0 0 0 0 0 0 0 0 0 0 0 0 0 0 0 0 0 0 0 0 0 0 0 0 0 0 0 0 0 0 0 0 0 0 0 0 0 0 0 0 0 0 0 0 0 0 0 0 0 0 0 0 0 0 0 0 0 0 0 0 0 0 0 0.868 0.87 0.743 0.87 0.868 0.852 0.743 0.87 0.819 0.85 0.868 0.852 0 0 0 0 0 0 0 0 0 0 0 0 0 0 0 0 0 0 0 0 0 0 0 0 0 0 0 0 0 0 0 0 0 0 0 0 0 0 0 0 0 0 0 0 0 0 0 0 0 0 0 0 0 0 0 0 0 0 0 0 0 0 0 0 0 0 0 0 0 0 0 0 0 0 0 0 0 0 0 0 0 0 0 0 0 0 0 0 0 0 0 0 0 0 0 0 0 0 0 0 0 0 0 0 0 0 0 0 0 0 0 0 0 0 0 0 0 0 0 0 0 0 0 0 0 0 0 0 0 0 0 0 0 0 0 0 0 0 0 0 0 0 0 0 0 0 0 0 0 0 0 0 0 0 0 0 0 0 0 0 0 0 0 0 0 0 0 0 0 0 0 0 0 0 0 0 0 0 0 0 0 0 0 0 0 0 0 0 0 0 0 0 0 0 0 0 0 0 0 0 0 0 0 0 0 0 0 0 0 0 0 0 0 0 0 0 0 0 0 0 0 0 0 0 0 0 0 0 0 0 0 0 0 0 0 0 0 0 0 0 0 0 0 0 0 0 0 0 0 0 0 0 0 0 0 0 0 0 0 0 0 0 0 0 0 0 0 0 0 0 0 0 0 0 0 0 0 0 0 0 0 0 0 0 0 0 0 0 0 0 0 0 0 0 0 0 0 0 0 0 0 0 0 0 0 0 0 0 0 0 0 0 0 0 0 0 0 0 0 0 0 0 0 0 0 0 0 0 0 0 0 0 0 0 0 0 0 0 0 0 0 0 0 0 0 0 0 0 0 0 0 0 0 0 0 0 0 0 0 0 0 0 0 0 0 0 0 0 0 0 0 0 0 0 0 0 0 0 0 0 0 0 0 0 0 0 0 0 0 0 0 0 0 0 0 0 0 0 0 0 0 0 0 0 0 0 0 0 0 0 0 0 0 0 0 0 0 0 0 0 0 0 0 0 0 0 0 0 0 0 0 0 0 0 0 0 0 0 0 0 0 0 0 0 0.281 0.805 0.505 0.805 0.281 0.87 0.505 0.805 0.505 0.87 0.281 0.87 0.262 0.87 0.193 0.818 0.262 0.805 0.193 0.818 0.21 0.805 0.262 0.805 0 0 0 0 0 0 0 0 0 0 0 0 0 0 0 0 0 0 0 0 0 0 0 0 0.481 0.776 0.505 0.776 0.481 0.793 0.505 0.776 0.505 0.793 0.481 0.793 0.481 0.749 0.505 0.749 0.481 0.776 0.505 0.749 0.505 0.776 0.481 0.776 0.481 0.72 0.505 0.72 0.481 0.749 0.505 0.72 0.505 0.749 0.481 0.749 0.481 0.69 0.505 0.69 0.481 0.72 0.505 0.69 0.505 0.72 0.481 0.72 0.481 0.663 0.505 0.663 0.481 0.69 0.505 0.663 0.505 0.69 0.481 0.69 0.481 0.61 0.505 0.61 0.481 0.621 0.505 0.61 0.505 0.621 0.481 0.621 0.481 0.606 0.505 0.606 0.481 0.61 0.505 0.606 0.505 0.61 0.481 0.61 0.481 0.639 0.505 0.639 0.481 0.663 0.505 0.639 0.505 0.663 0.481 0.663 0.481 0.621 0.505 0.621 0.481 0.639 0.505 0.621 0.505 0.639 0.481 0.639 0 0 0 0 0 0 0 0 0 0 0 0 0 0 0 0 0 0 0 0 0 0 0 0 0 0 0 0 0 0 0 0 0 0 0 0 0.137 0.852 0.137 0.833 0.185 0.85 0.137 0.833 0.166 0.829 0.185 0.85 0.166 0.829 0.193 0.818 0.185 0.85 0.193 0.818 0.262 0.87 0.185 0.85 0.505 0.805 0.481 0.805 0.505 0.793 0.481 0.805 0.481 0.793 0.505 0.793 0 0 0 0 0 0 0 0 0 0 0 0 0 0 0 0 0 0 0 0 0 0 0 0 0 0 0 0 0 0 0 0 0 0 0 0 0 0 0 0 0 0 0 0 0 0 0 0 0 0 0 0 0 0 0 0 0 0 0 0 0 0 0 0 0 0 0 0 0 0 0 0 0 0 0 0 0 0 0 0 0 0 0 0 0 0 0 0 0 0 0 0 0 0 0 0 0 0 0 0 0 0 0 0 0 0 0 0 0 0 0 0 0 0 0 0 0 0 0 0 0 0 0 0 0 0 0 0 0 0 0 0 0 0 0 0 0 0 0 0 0 0 0 0 0 0 0 0 0 0 0 0 0 0 0 0 0 0 0 0 0 0 0 0 0 0 0 0 0 0 0 0 0 0 0 0 0 0 0 0 0 0 0 0 0 0 0 0 0 0 0 0 0 0 0 0 0 0 0 0 0 0 0 0 0 0 0 0 0 0 0 0 0 0 0 0 0 0 0 0 0 0 0 0 0 0 0 0 0 0 0 0 0 0 0 0 0 0 0 0 0 0 0 0 0 0 0 0 0 0 0 0 0 0 0 0 0 0 0 0 0 0 0 0 0 0 0 0 0 0 0 0 0 0 0 0 0 0 0 0 0 0 0 0 0 0 0 0 0 0 0 0 0 0 0 0 0 0 0 0 0 0 0 0 0 0 0 0 0 0 0 0 0 0 0 0 0 0 0 0 0 0 0 0 0 0 0 0 0 0 0 0 0 0 0 0 0 0 0 0 0 0 0 0 0 0 0 0 0 0 0 0 0 0 0 0 0 0 0 0 0 0 0 0 0 0 0 0 0 0 0 0 0 0 0 0 0 0 0 0 0 0 0 0 0 0 0 0 0 0 0 0 0 0 0 0 0 0 0 0 0 0 0 0 0 0 0 0 0 0 0 0 0 0 0 0 0 0 0 0 0 0 0 0 0 0 0 0 0 0 0 0 0 0 0 0 0 0 0 0 0 0 0 0 0 0 0 0 0 0 0 0 0 0 0 0 0 0 0 0 0 0 0 0 0 0 0 0 0 0 0 0 0 0 0 0 0 0 0 0 0 0 0 0 0 0 0 0 0 0 0 0 0 0 0 0 0 0 0 0 0 0 0 0 0 0 0 0 0 0 0 0 0 0 0 0 0 0 0 0 0 0 0 0 0 0 0 0 0 0 0 0 0 0 0 0 0 0 0 0 0 0 0 0 0 0 0 0 0 0 0 0 0 0 0 0 0 0 0 0 0 0 0 0 0 0 0 0 0 0 0 0 0 0 0 0 0 0 0 0 0 0 0 0 0 0 0 0 0 0 0 0 0 0 0 0 0 0 0 0 0 0 0 0 0 0 0 0 0 0 0 0 0 0 0 0 0 0 0 0 0 0 0 0 0 0 0 0 0 0 0 0 0 0 0 0 0 0 0 0 0 0 0 0 0 0 0 0 0 0 0 0 0 0 0 0 0 0 0 0 0 0 0 0 0 0 0 0 0 0 0 0 0 0 0 0 0 0 0 0 0 0 0 0 0 0 0 0 0 0 0 0 0 0 0 0 0 0 0 0 0 0 0 0 0 0 0 0 0 0 0 0 0 0 0 0 0 0 0 0 0 0 0 0 0 0 0 0 0 0 0 0 0 0 0 0 0 0 0 0 0 0 0 0 0 0 0 0 0 0 0 0 0 0 0 0 0 0 0 0 0 0 0 0 0 0 0 0 0 0 0 0 0 0 0 0 0 0 0 0 0 0 0 0 0 0 0 0 0 0 0 0 0 0 0 0 0 0 0 0 0 0 0 0 0 0 0 0 0 0 0 0 0 0 0 0 0 0 0 0 0 0 0 0 0 0 0 0 0 0 0 0 0 0 0 0 0 0 0 0 0 0 0 0 0 0 0 0 0 0 0 0 0 0 0 0 0 0 0 0 0 0 0 0 0 0 0 0 0 0 0 0 0 0 0 0 0 0 0 0 0 0 0 0 0 0 0 0 0 0 0 0 0 0 0 0 0 0 0 0 0 0 0 0 0 0 0 0 0 0 0 0 0 0 0 0 0 0 0 0 0 0 0 0 0 0 0 0 0 0 0 0 0 0 0 0 0 0 0 0 0 0 0 0 0 0 0 0 0 0 0 0 0 0 0 0 0 0 0 0 0 0 0 0 0 0 0 0 0 0 0 0 0 0 0 0 0 0 0 0 0 0 0 0 0 0 0 0 0 0 0 0 0 0 0 0 0 0 0 0 0 0 0 0 0 0 0 0 0 0 0 0 0 0 0 0 0 0 0 0 0 0 0 0 0 0 0 0 0 0 0 0 0 0 0 0 0 0 0 0 0 0 0 0 0 0 0 0 0 0 0 0 0 0 0 0 0 0 0 0 0 0 0 0 0 0 0 0 0 0 0 0 0 0 0 0 0 0 0 0 0 0 0 0 0 0 0 0 0 0 0 0 0 0 0 0 0 0 0 0 0 0 0 0 0 0 0 0 0 0 0 0 0 0 0 0 0 0 0 0 0 0 0 0 0 0 0 0 0 0 0 0 0 0 0 0 0 0 0 0 0 0 0 0 0 0 0 0 0 0 0 0 0 0 0 0 0 0 0 0 0 0 0 0 0 0 0 0 0 0 0 0 0 0 0 0 0 0 0 0 0 0 0 0 0 0 0 0 0 0 0 0 0 0 0 0 0 0 0 0 0.137 0.87 0.137 0.852 0.262 0.87 0.137 0.852 0.185 0.85 0.262 0.87 0 0 0 0 0 0 0 0 0 0 0 0 0 0 0 0 0 0 0 0 0 0 0 0 0 0 0 0 0 0 0 0 0 0 0 0 0 0 0 0 0 0 0 0 0 0 0 0 0 0 0 0 0 0 0 0 0 0 0 0 0 0 0 0 0 0 0 0 0 0 0 0 0 0 0 0 0 0 0 0 0 0 0 0 0 0 0 0 0 0 0 0 0 0 0 0 0 0 0 0 0 0 0 0 0 0 0 0 0 0 0 0 0 0 0 0 0 0 0 0 0 0 0 0 0 0 0 0 0 0 0 0 0 0 0 0 0 0 0 0 0 0 0 0 0 0 0 0 0 0 0 0 0 0 0 0 0 0 0 0 0 0 0 0 0 0 0 0 0 0 0 0 0 0 0 0 0 0 0 0 0 0 0 0 0 0 0 0 0 0 0 0 0 0 0 0 0 0 0 0 0 0 0 0 0 0 0 0 0 0 0 0 0 0 0 0 0 0 0 0 0 0 0 0 0 0 0 0 0 0 0 0 0 0 0 0 0 0 0 0 0 0 0 0 0 0 0 0 0 0 0 0 0 0 0 0 0 0 0 0 0 0 0 0 0 0 0 0 0 0 0 0 0 0 0 0 0 0 0 0 0 0 0 0 0 0 0 0 0 0 0 0 0 0 0 0 0 0 0 0 0 0 0 0 0 0 0 0 0 0 0 0 0 0 0 0 0 0 0 0 0 0 0 0 0 0 0 0 0 0 0 0 0 0 0 0 0 0 0 0 0 0 0 0 0 0 0 0 0 0 0 0 0 0 0 0 0 0 0 0 0 0 0 0 0 0 0 0 0 0 0 0 0 0 0 0 0 0 0 0 0 0 0 0 0 0 0 0 0 0 0 0 0 0 0 0 0 0 0 0 0 0 0 0 0 0 0 0 0 0 0 0 0 0 0 0 0 0 0 0 0 0 0 0 0 0 0 0 0 0 0 0 0 0 0 0 0 0 0 0 0 0 0 0 0.281 0.504 0.505 0.504 0.281 0.57 0.505 0.504 0.505 0.57 0.281 0.57 0.993 0.87 0.924 0.818 0.993 0.805 0.924 0.818 0.941 0.805 0.993 0.805 0 0 0 0 0 0 0 0 0 0 0 0 0 0 0 0 0 0 0 0 0 0 0 0 0.481 0.476 0.505 0.476 0.481 0.493 0.505 0.476 0.505 0.493 0.481 0.493 0.481 0.449 0.505 0.449 0.481 0.476 0.505 0.449 0.505 0.476 0.481 0.476 0.481 0.419 0.505 0.419 0.481 0.449 0.505 0.419 0.505 0.449 0.481 0.449 0.481 0.39 0.505 0.39 0.481 0.419 0.505 0.39 0.505 0.419 0.481 0.419 0.481 0.363 0.505 0.363 0.481 0.39 0.505 0.363 0.505 0.39 0.481 0.39 0.481 0.31 0.505 0.31 0.481 0.321 0.505 0.31 0.505 0.321 0.481 0.321 0.481 0.306 0.505 0.306 0.481 0.31 0.505 0.306 0.505 0.31 0.481 0.31 0.481 0.339 0.505 0.339 0.481 0.363 0.505 0.339 0.505 0.363 0.481 0.363 0.481 0.321 0.505 0.321 0.481 0.339 0.505 0.321 0.505 0.339 0.481 0.339 0 0 0 0 0 0 0 0 0 0 0 0 0 0 0 0 0 0 0 0 0 0 0 0 0 0 0 0 0 0 0 0 0 0 0 0 0.868 0.852 0.868 0.833 0.916 0.85 0.868 0.833 0.897 0.829 0.916 0.85 0.897 0.829 0.924 0.818 0.916 0.85 0.924 0.818 0.993 0.87 0.916 0.85 0.505 0.504 0.481 0.504 0.505 0.493 0.481 0.504 0.481 0.493 0.505 0.493 0 0 0 0 0 0 0 0 0 0 0 0 0 0 0 0 0 0 0 0 0 0 0 0 0 0 0 0 0 0 0 0 0 0 0 0 0 0 0 0 0 0 0 0 0 0 0 0 0 0 0 0 0 0 0 0 0 0 0 0 0 0 0 0 0 0 0 0 0 0 0 0 0 0 0 0 0 0 0 0 0 0 0 0 0 0 0 0 0 0 0 0 0 0 0 0 0 0 0 0 0 0 0 0 0 0 0 0 0 0 0 0 0 0 0 0 0 0 0 0 0 0 0 0 0 0 0 0 0 0 0 0 0 0 0 0 0 0 0 0 0 0 0 0 0 0 0 0 0 0 0 0 0 0 0 0 0 0 0 0 0 0 0 0 0 0 0 0 0 0 0 0 0 0 0 0 0 0 0 0 0 0 0 0 0 0 0 0 0 0 0 0 0 0 0 0 0 0 0 0 0 0 0 0 0 0 0 0 0 0 0 0 0 0 0 0 0 0 0 0 0 0 0 0 0 0 0 0 0 0 0 0 0 0 0 0 0 0 0 0 0 0 0 0 0 0 0 0 0 0 0 0 0 0 0 0 0 0 0 0 0 0 0 0 0 0 0 0 0 0 0 0 0 0 0 0 0 0 0 0 0 0 0 0 0 0 0 0 0 0 0 0 0 0 0 0 0 0 0 0 0 0 0 0 0 0 0 0 0 0 0 0 0 0 0 0 0 0 0 0 0 0 0 0 0 0 0 0 0 0 0 0 0 0 0 0 0 0 0 0 0 0 0 0 0 0 0 0 0 0 0 0 0 0 0 0 0 0 0 0 0 0 0 0 0 0 0 0 0 0 0 0 0 0 0 0 0 0 0 0 0 0 0 0 0 0 0 0 0 0 0 0 0 0 0 0 0 0 0 0 0 0 0 0 0 0 0 0 0 0 0 0 0 0 0 0 0 0 0 0 0 0 0 0 0 0 0 0 0 0 0 0 0 0 0 0 0 0 0 0 0 0 0 0 0 0 0 0 0 0 0 0 0 0 0 0 0 0 0 0 0 0 0 0 0 0 0 0 0 0 0 0 0 0 0 0 0 0 0 0 0 0 0 0 0 0 0 0 0 0 0 0 0 0 0 0 0 0 0 0 0 0 0 0 0 0 0 0 0 0 0 0 0 0 0 0 0 0 0 0 0 0 0 0 0 0 0 0 0 0 0 0 0 0 0 0 0 0 0 0 0 0 0 0 0 0 0 0 0 0 0 0 0 0 0 0 0 0 0 0 0 0 0 0 0 0 0 0 0 0 0 0 0 0 0 0 0 0 0 0 0 0 0 0 0 0 0 0 0 0 0 0 0 0 0 0 0 0 0 0 0 0 0 0 0 0 0 0 0 0 0 0 0 0 0 0 0 0 0 0 0 0 0 0 0 0 0 0 0 0 0 0 0 0 0 0 0 0 0 0 0 0 0 0 0 0 0 0 0 0 0 0 0 0 0 0 0 0 0 0 0 0 0 0 0 0 0 0 0 0 0 0 0 0 0 0 0 0 0 0 0 0 0 0 0 0 0 0 0 0 0 0 0 0 0 0 0 0 0 0 0 0 0 0 0 0 0 0 0 0 0 0 0 0 0 0 0 0 0 0 0 0 0 0 0 0 0 0 0 0 0 0 0 0 0 0 0 0 0 0 0 0 0 0 0 0 0 0 0 0 0 0 0 0 0 0 0 0 0 0 0 0 0 0 0 0 0 0 0 0 0 0 0 0 0 0 0 0 0 0 0 0 0 0 0 0 0 0 0 0 0 0 0 0 0 0 0 0 0 0 0 0 0 0 0 0 0 0 0 0 0 0 0 0 0 0 0 0 0 0 0 0 0 0 0 0 0 0 0 0 0 0 0 0 0 0 0 0 0 0 0 0 0 0 0 0 0 0 0 0 0 0 0 0 0 0 0 0 0 0 0 0 0 0 0 0 0 0 0 0 0 0 0 0 0 0 0 0 0 0 0 0 0 0 0 0 0 0 0 0 0 0 0 0 0 0 0 0 0 0 0 0 0 0 0 0 0 0 0 0 0 0 0 0 0 0 0 0 0 0 0 0 0 0 0 0 0 0 0 0 0 0 0 0 0 0 0 0 0 0 0 0 0 0 0 0 0 0 0 0 0 0 0 0 0 0 0 0 0 0 0 0 0 0 0 0 0 0 0 0 0 0 0 0 0 0 0 0 0 0 0 0 0 0 0 0 0 0 0 0 0 0 0 0 0 0 0 0 0 0 0 0 0 0 0 0 0 0 0 0 0 0 0 0 0 0 0 0 0 0 0 0 0 0 0 0 0 0 0 0 0 0 0 0 0 0 0 0 0 0 0 0 0 0 0 0 0 0 0 0 0 0 0 0 0 0 0 0 0 0 0 0 0 0 0 0 0 0 0 0 0 0 0 0 0 0 0 0 0 0 0 0 0 0 0 0 0 0 0 0 0 0 0 0 0 0 0 0 0 0 0 0 0 0 0 0 0 0 0 0 0 0 0 0 0 0 0 0 0 0 0 0 0 0 0 0 0 0 0 0 0 0 0 0 0 0 0 0 0 0 0 0 0 0 0 0 0 0 0 0 0 0 0 0 0 0 0 0 0 0 0 0 0 0 0 0 0 0 0 0 0 0 0 0 0 0 0 0 0 0 0 0 0 0 0 0 0 0 0 0 0 0 0 0 0 0 0 0 0 0 0.868 0.87 0.868 0.852 0.993 0.87 0.868 0.852 0.916 0.85 0.993 0.87 0 0 0 0 0 0 0 0 0 0 0 0 0 0 0 0 0 0 0 0 0 0 0 0 0 0 0 0 0 0 0 0 0 0 0 0 0 0 0 0 0 0 0 0 0 0 0 0 0 0 0 0 0 0 0 0 0 0 0 0 0 0 0 0 0 0 0 0 0 0 0 0 0 0 0 0 0 0 0 0 0 0 0 0 0 0 0 0 0 0 0 0 0 0 0 0 0 0 0 0 0 0 0 0 0 0 0 0 0 0 0 0 0 0 0 0 0 0 0 0 0 0 0 0 0 0 0 0 0 0 0 0 0 0 0 0 0 0 0 0 0 0 0 0 0 0 0 0 0 0 0 0 0 0 0 0 0 0 0 0 0 0 0 0 0 0 0 0 0 0 0 0 0 0 0 0 0 0 0 0 0 0 0 0 0 0 0 0 0 0 0 0 0 0 0 0 0 0 0 0 0 0 0 0 0 0 0 0 0 0 0 0 0 0 0 0 0 0 0 0 0 0 0 0 0 0 0 0 0 0 0 0 0 0 0 0 0 0 0 0 0 0 0 0 0 0 0 0 0 0 0 0 0 0 0 0 0 0 0 0 0 0 0 0 0 0 0 0 0 0 0 0 0 0 0 0 0 0 0 0 0 0 0 0 0 0 0 0 0 0 0 0 0 0 0 0 0 0 0 0 0 0 0 0 0 0 0 0 0 0 0 0 0 0 0 0 0 0 0 0 0 0 0 0 0 0 0 0 0 0 0 0 0 0 0 0 0 0 0 0 0 0 0 0 0 0 0 0 0 0 0 0 0 0 0 0 0 0 0 0 0 0 0 0 0 0 0 0 0 0 0 0 0 0 0 0 0 0 0 0 0 0 0 0 0 0 0 0 0 0 0 0 0 0 0 0 0 0 0 0 0 0 0 0 0 0 0 0 0 0 0 0 0 0 0 0 0 0 0 0 0 0 0 0 0 0 0 0 0 0 0 0 0 0 0 0 0 0 0 0 0 0 0 0 0.728 0.504 0.728 0.57 0.505 0.504 0.728 0.57 0.505 0.57 0.505 0.504 0.012 0.87 0.012 0.805 0.08 0.818 0.012 0.805 0.064 0.805 0.08 0.818 0 0 0 0 0 0 0 0 0 0 0 0 0 0 0 0 0 0 0 0 0 0 0 0 0.529 0.476 0.529 0.493 0.505 0.476 0.529 0.493 0.505 0.493 0.505 0.476 0.529 0.449 0.529 0.476 0.505 0.449 0.529 0.476 0.505 0.476 0.505 0.449 0.529 0.419 0.529 0.449 0.505 0.419 0.529 0.449 0.505 0.449 0.505 0.419 0.529 0.39 0.529 0.419 0.505 0.39 0.529 0.419 0.505 0.419 0.505 0.39 0.529 0.363 0.529 0.39 0.505 0.363 0.529 0.39 0.505 0.39 0.505 0.363 0.529 0.31 0.529 0.321 0.505 0.31 0.529 0.321 0.505 0.321 0.505 0.31 0.529 0.306 0.529 0.31 0.505 0.306 0.529 0.31 0.505 0.31 0.505 0.306 0.529 0.339 0.529 0.363 0.505 0.339 0.529 0.363 0.505 0.363 0.505 0.339 0.529 0.321 0.529 0.339 0.505 0.321 0.529 0.339 0.505 0.339 0.505 0.321 0 0 0 0 0 0 0 0 0 0 0 0 0 0 0 0 0 0 0 0 0 0 0 0 0 0 0 0 0 0 0 0 0 0 0 0 0.137 0.852 0.088 0.85 0.137 0.833 0.088 0.85 0.107 0.829 0.137 0.833 0.107 0.829 0.088 0.85 0.08 0.818 0.088 0.85 0.012 0.87 0.08 0.818 0.505 0.504 0.505 0.493 0.529 0.504 0.505 0.493 0.529 0.493 0.529 0.504 0 0 0 0 0 0 0 0 0 0 0 0 0 0 0 0 0 0 0 0 0 0 0 0 0 0 0 0 0 0 0 0 0 0 0 0 0 0 0 0 0 0 0 0 0 0 0 0 0 0 0 0 0 0 0 0 0 0 0 0 0 0 0 0 0 0 0 0 0 0 0 0 0 0 0 0 0 0 0 0 0 0 0 0 0 0 0 0 0 0 0 0 0 0 0 0 0 0 0 0 0 0 0 0 0 0 0 0 0 0 0 0 0 0 0 0 0 0 0 0 0 0 0 0 0 0 0 0 0 0 0 0 0 0 0 0 0 0 0 0 0 0 0 0 0 0 0 0 0 0 0 0 0 0 0 0 0 0 0 0 0 0 0 0 0 0 0 0 0 0 0 0 0 0 0 0 0 0 0 0 0 0 0 0 0 0 0 0 0 0 0 0 0 0 0 0 0 0 0 0 0 0 0 0 0 0 0 0 0 0 0 0 0 0 0 0 0 0 0 0 0 0 0 0 0 0 0 0 0 0 0 0 0 0 0 0 0 0 0 0 0 0 0 0 0 0 0 0 0 0 0 0 0 0 0 0 0 0 0 0 0 0 0 0 0 0 0 0 0 0 0 0 0 0 0 0 0 0 0 0 0 0 0 0 0 0 0 0 0 0 0 0 0 0 0 0 0 0 0 0 0 0 0 0 0 0 0 0 0 0 0 0 0 0 0 0 0 0 0 0 0 0 0 0 0 0 0 0 0 0 0 0 0 0 0 0 0 0 0 0 0 0 0 0 0 0 0 0 0 0 0 0 0 0 0 0 0 0 0 0 0 0 0 0 0 0 0 0 0 0 0 0 0 0 0 0 0 0 0 0 0 0 0 0 0 0 0 0 0 0 0 0 0 0 0 0 0 0 0 0 0 0 0 0 0 0 0 0 0 0 0 0 0 0 0 0 0 0 0 0 0 0 0 0 0 0 0 0 0 0 0 0 0 0 0 0 0 0 0 0 0 0 0 0 0 0 0 0 0 0 0 0 0 0 0 0 0 0 0 0 0 0 0 0 0 0 0 0 0 0 0 0 0 0 0 0 0 0 0 0 0 0 0 0 0 0 0 0 0 0 0 0 0 0 0 0 0 0 0 0 0 0 0 0 0 0 0 0 0 0 0 0 0 0 0 0 0 0 0 0 0 0 0 0 0 0 0 0 0 0 0 0 0 0 0 0 0 0 0 0 0 0 0 0 0 0 0 0 0 0 0 0 0 0 0 0 0 0 0 0 0 0 0 0 0 0 0 0 0 0 0 0 0 0 0 0 0 0 0 0 0 0 0 0 0 0 0 0 0 0 0 0 0 0 0 0 0 0 0 0 0 0 0 0 0 0 0 0 0 0 0 0 0 0 0 0 0 0 0 0 0 0 0 0 0 0 0 0 0 0 0 0 0 0 0 0 0 0 0 0 0 0 0 0 0 0 0 0 0 0 0 0 0 0 0 0 0 0 0 0 0 0 0 0 0 0 0 0 0 0 0 0 0 0 0 0 0 0 0 0 0 0 0 0 0 0 0 0 0 0 0 0 0 0 0 0 0 0 0 0 0 0 0 0 0 0 0 0 0 0 0 0 0 0 0 0 0 0 0 0 0 0 0 0 0 0 0 0 0 0 0 0 0 0 0 0 0 0 0 0 0 0 0 0 0 0 0 0 0 0 0 0 0 0 0 0 0 0 0 0 0 0 0 0 0 0 0 0 0 0 0 0 0 0 0 0 0 0 0 0 0 0 0 0 0 0 0 0 0 0 0 0 0 0 0 0 0 0 0 0 0 0 0 0 0 0 0 0 0 0 0 0 0 0 0 0 0 0 0 0 0 0 0 0 0 0 0 0 0 0 0 0 0 0 0 0 0 0 0 0 0 0 0 0 0 0 0 0 0 0 0 0 0 0 0 0 0 0 0 0 0 0 0 0 0 0 0 0 0 0 0 0 0 0 0 0 0 0 0 0 0 0 0 0 0 0 0 0 0 0 0 0 0 0 0 0 0 0 0 0 0 0 0 0 0 0 0 0 0 0 0 0 0 0 0 0 0 0 0 0 0 0 0 0 0 0 0 0 0 0 0 0 0 0 0 0 0 0 0 0 0 0 0 0 0 0 0 0 0 0 0 0 0 0 0 0 0 0 0 0 0 0 0 0 0 0 0 0 0 0 0 0 0 0 0 0 0 0 0 0 0 0 0 0 0 0 0 0 0 0 0 0 0 0 0 0 0 0 0 0 0 0 0 0 0 0 0 0 0 0 0 0 0 0 0 0 0 0 0 0 0 0 0 0 0 0 0 0 0 0 0 0 0 0 0 0 0 0 0 0 0 0 0 0 0 0 0 0 0 0 0 0 0 0 0 0 0 0 0 0 0 0 0 0 0 0 0 0 0 0 0 0 0 0 0 0 0 0 0 0 0 0 0 0 0 0 0 0 0 0 0 0 0 0 0 0 0 0 0 0 0 0 0 0 0 0 0 0 0 0 0 0 0 0 0 0 0 0 0 0 0 0 0 0 0 0 0 0 0 0 0 0 0 0 0 0 0 0 0 0 0 0 0 0 0 0 0 0 0 0 0 0 0 0 0 0 0 0 0 0 0 0 0 0 0 0 0 0 0 0 0 0 0 0 0 0 0 0 0 0 0 0 0 0 0 0 0 0 0 0 0 0 0 0 0 0 0 0 0 0 0.137 0.87 0.012 0.87 0.137 0.852 0.012 0.87 0.088 0.85 0.137 0.852 0 0 0 0 0 0 0 0 0 0 0 0 0 0 0 0 0 0 0 0 0 0 0 0 0 0 0 0 0 0 0 0 0 0 0 0 0 0 0 0 0 0 0 0 0 0 0 0 0 0 0 0 0 0 0 0 0 0 0 0 0 0 0 0 0 0 0 0 0 0 0 0 0 0 0 0 0 0 0 0 0 0 0 0 0 0 0 0 0 0 0 0 0 0 0 0 0 0 0 0 0 0 0 0 0 0 0 0 0 0 0 0 0 0 0 0 0 0 0 0 0 0 0 0 0 0 0 0 0 0 0 0 0 0 0 0 0 0 0 0 0 0 0 0 0 0 0 0 0 0 0 0 0 0 0 0 0 0 0 0 0 0 0 0 0 0 0 0 0 0 0 0 0 0 0 0 0 0 0 0 0 0 0 0 0 0 0 0 0 0 0 0 0 0 0 0 0 0 0 0 0 0 0 0 0 0 0 0 0 0 0 0 0 0 0 0 0 0 0 0 0 0 0 0 0 0 0 0 0 0 0 0 0 0 0 0 0 0 0 0 0 0 0 0 0 0 0 0 0 0 0 0 0 0 0 0 0 0 0 0 0 0 0 0 0 0 0 0 0 0 0 0 0 0 0 0 0 0 0 0 0 0 0 0 0 0 0 0 0 0 0 0 0 0 0 0 0 0 0 0 0 0 0 0 0 0 0 0 0 0 0 0 0 0 0 0 0 0 0 0 0 0 0 0 0 0 0 0 0 0 0 0 0 0 0 0 0 0 0 0 0 0 0 0 0 0 0 0</float_array>
					<technique_common>
						<accessor source="#3815-mesh-map-3-array" count="3768" stride="2">
							<param name="S" type="float"/>
							<param name="T" type="float"/>
						</accessor>
					</technique_common>
				</source>
				<source id="3815-mesh-map-4">
					<float_array id="3815-mesh-map-4-array" count="7536">0 0 0 0 0 0 0 0 0 0 0 0 0 0 0 0 0 0 0 0 0 0 0 0 0 0 0 0 0 0 0 0 0 0 0 0 0 0 0 0 0 0 0 0 0 0 0 0 0 0 0 0 0 0 0 0 0 0 0 0 0 0 0 0 0 0 0 0 0 0 0 0 0 0 0 0 0 0 0 0 0 0 0 0 0 0 0 0 0 0 0 0 0 0 0 0 0.895 0.86 0.895 0.991 0.448 0.86 0.895 0.991 0.448 0.991 0.448 0.86 0.022 0.151 0.022 0.02 0.158 0.046 0.022 0.02 0.125 0.02 0.158 0.046 0 0 0 0 0 0 0 0 0 0 0 0 0 0 0 0 0 0 0 0 0 0 0 0 0.495 0.803 0.495 0.837 0.448 0.803 0.495 0.837 0.448 0.837 0.448 0.803 0.495 0.748 0.495 0.803 0.448 0.748 0.495 0.803 0.448 0.803 0.448 0.748 0.495 0.69 0.495 0.748 0.448 0.69 0.495 0.748 0.448 0.748 0.448 0.69 0.495 0.631 0.495 0.69 0.448 0.631 0.495 0.69 0.448 0.69 0.448 0.631 0.495 0.576 0.495 0.631 0.448 0.576 0.495 0.631 0.448 0.631 0.448 0.576 0.495 0.471 0.495 0.493 0.448 0.471 0.495 0.493 0.448 0.493 0.448 0.471 0.495 0.463 0.495 0.471 0.448 0.463 0.495 0.471 0.448 0.471 0.448 0.463 0.495 0.529 0.495 0.576 0.448 0.529 0.495 0.576 0.448 0.576 0.448 0.529 0.495 0.493 0.495 0.529 0.448 0.493 0.495 0.529 0.448 0.529 0.448 0.493 0 0 0 0 0 0 0 0 0 0 0 0 0 0 0 0 0 0 0 0 0 0 0 0 0 0 0 0 0 0 0 0 0 0 0 0 0.271 0.114 0.174 0.11 0.271 0.077 0.174 0.11 0.212 0.069 0.271 0.077 0.212 0.069 0.174 0.11 0.158 0.046 0.174 0.11 0.022 0.151 0.158 0.046 0.448 0.86 0.448 0.837 0.495 0.86 0.448 0.837 0.495 0.837 0.495 0.86 0 0 0 0 0 0 0 0 0 0 0 0 0 0 0 0 0 0 0 0 0 0 0 0 0 0 0 0 0 0 0 0 0 0 0 0 0 0 0 0 0 0 0 0 0 0 0 0 0 0 0 0 0 0 0 0 0 0 0 0 0 0 0 0 0 0 0 0 0 0 0 0 0 0 0 0 0 0 0 0 0 0 0 0 0 0 0 0 0 0 0 0 0 0 0 0 0 0 0 0 0 0 0 0 0 0 0 0 0 0 0 0 0 0 0 0 0 0 0 0 0 0 0 0 0 0 0 0 0 0 0 0 0 0 0 0 0 0 0 0 0 0 0 0 0 0 0 0 0 0 0 0 0 0 0 0 0 0 0 0 0 0 0 0 0 0 0 0 0 0 0 0 0 0 0 0 0 0 0 0 0 0 0 0 0 0 0 0 0 0 0 0 0 0 0 0 0 0 0 0 0 0 0 0 0 0 0 0 0 0 0 0 0 0 0 0 0 0 0 0 0 0 0 0 0 0 0 0 0 0 0 0 0 0 0 0 0 0 0 0 0 0 0 0 0 0 0 0 0 0 0 0 0 0 0 0 0 0 0 0 0 0 0 0 0 0 0 0 0 0 0 0 0 0 0 0 0 0 0 0 0 0 0 0 0 0 0 0 0 0 0 0 0 0 0 0 0 0 0 0 0 0 0 0 0 0 0 0 0 0 0 0 0 0 0 0 0 0 0 0 0 0 0 0 0 0 0 0 0 0 0 0 0 0 0 0 0 0 0 0 0 0 0 0 0 0 0 0 0 0 0 0 0 0 0 0 0 0 0 0 0 0 0 0 0 0 0 0 0 0 0 0 0 0 0 0 0 0 0 0 0 0 0 0 0 0 0 0 0 0 0 0 0 0 0 0 0 0 0 0 0 0 0 0 0 0 0 0 0 0 0 0 0 0 0 0 0 0 0 0 0 0 0 0 0 0 0 0 0 0 0 0 0 0 0 0 0 0 0 0 0 0 0 0 0 0 0 0 0 0 0 0 0 0 0 0 0 0 0 0 0 0 0 0 0 0 0 0 0 0 0 0 0 0 0 0 0 0 0 0 0 0 0 0 0 0 0 0 0 0 0 0 0 0 0 0 0 0 0 0 0 0 0 0 0 0 0 0 0 0 0 0 0 0 0 0 0 0 0 0 0 0 0 0 0 0 0 0 0 0 0 0 0 0 0 0 0 0 0 0 0 0 0 0 0 0 0 0 0 0 0 0 0 0 0 0 0 0 0 0 0 0 0 0 0 0 0 0 0 0 0 0 0 0 0 0 0 0 0 0 0 0 0 0 0 0 0 0 0 0 0 0 0 0 0 0 0 0 0 0 0 0 0 0 0 0 0 0 0 0 0 0 0 0 0 0 0 0 0 0 0 0 0 0 0 0 0 0 0 0 0 0 0 0 0 0 0 0 0 0 0 0 0 0 0 0 0 0 0 0 0 0 0 0 0 0 0 0 0 0 0 0 0 0 0 0 0 0 0 0 0 0 0 0 0 0 0 0 0 0 0 0 0 0 0 0 0 0 0 0 0 0 0 0 0 0 0 0 0 0 0 0 0 0 0 0 0 0 0 0 0 0 0 0 0 0 0 0 0 0 0 0 0 0 0 0 0 0 0 0 0 0 0 0 0 0 0 0 0 0 0 0 0 0 0 0 0 0 0 0 0 0 0 0 0 0 0 0 0 0 0 0 0 0 0 0 0 0 0 0 0 0 0 0 0 0 0 0 0 0 0 0 0 0 0 0 0 0 0 0 0 0 0 0 0 0 0 0 0 0 0 0 0 0 0 0 0 0 0 0 0 0 0 0 0 0 0 0 0 0 0 0 0 0 0 0 0 0 0 0 0 0 0 0 0 0 0 0 0 0 0 0 0 0 0 0 0 0 0 0 0 0 0 0 0 0 0 0 0 0 0 0 0 0 0 0 0 0 0 0 0 0 0 0 0 0 0 0 0 0 0 0 0 0 0 0 0 0 0 0 0 0 0 0 0 0 0 0 0 0 0 0 0 0 0 0 0 0 0 0 0 0 0 0 0 0 0 0 0 0 0 0 0 0 0 0 0 0 0 0 0 0 0 0 0 0 0 0 0 0 0 0 0 0 0 0 0 0 0 0 0 0 0 0 0 0 0 0 0 0 0 0 0 0 0 0 0 0 0 0 0 0 0 0 0 0 0 0 0 0 0 0 0 0 0 0 0 0 0 0 0 0 0 0 0 0 0 0 0 0 0 0 0 0 0 0 0 0 0 0 0 0 0 0 0 0 0 0 0 0 0 0 0 0 0 0 0 0 0 0 0 0 0 0 0 0 0 0 0 0 0 0 0 0 0 0 0 0 0 0 0 0 0 0 0 0 0 0 0 0 0 0 0 0 0 0 0 0 0 0 0 0 0 0 0 0 0 0 0 0 0 0 0 0 0 0 0 0 0 0 0 0 0 0 0 0 0 0 0 0 0 0 0 0 0 0 0 0 0 0 0 0 0 0 0 0 0 0 0 0 0 0 0 0 0 0 0 0 0 0 0 0 0 0 0 0 0 0 0 0 0 0 0 0 0 0 0 0 0 0 0 0 0 0 0 0 0 0 0 0 0 0 0 0 0 0 0 0 0 0 0 0 0 0 0 0 0 0 0 0 0 0 0 0 0 0 0 0 0 0 0 0 0 0 0 0 0 0 0 0 0.271 0.151 0.022 0.151 0.271 0.114 0.022 0.151 0.174 0.11 0.271 0.114 0 0 0 0 0 0 0 0 0 0 0 0 0 0 0 0 0 0 0 0 0 0 0 0 0 0 0 0 0 0 0 0 0 0 0 0 0 0 0 0 0 0 0 0 0 0 0 0 0 0 0 0 0 0 0 0 0 0 0 0 0 0 0 0 0 0 0 0 0 0 0 0 0 0 0 0 0 0 0 0 0 0 0 0 0 0 0 0 0 0 0 0 0 0 0 0 0 0 0 0 0 0 0 0 0 0 0 0 0 0 0 0 0 0 0 0 0 0 0 0 0 0 0 0 0 0 0 0 0 0 0 0 0 0 0 0 0 0 0 0 0 0 0 0 0 0 0 0 0 0 0 0 0 0 0 0 0 0 0 0 0 0 0 0 0 0 0 0 0 0 0 0 0 0 0 0 0 0 0 0 0 0 0 0 0 0 0 0 0 0 0 0 0 0 0 0 0 0 0 0 0 0 0 0 0 0 0 0 0 0 0 0 0 0 0 0 0 0 0 0 0 0 0 0 0 0 0 0 0 0 0 0 0 0 0 0 0 0 0 0 0 0 0 0 0 0 0 0 0 0 0 0 0 0 0 0 0 0 0 0 0 0 0 0 0 0 0 0 0 0 0 0 0 0 0 0 0 0 0 0 0 0 0 0 0 0 0 0 0 0 0 0 0 0 0 0 0 0 0 0 0 0 0 0 0 0 0 0 0 0 0 0 0 0 0 0 0 0 0 0 0 0 0 0 0 0 0 0 0 0 0 0 0 0 0 0 0 0 0 0 0 0 0 0 0 0 0 0 0 0 0 0 0 0 0 0 0 0 0 0 0 0 0 0 0 0 0 0 0 0 0 0 0 0 0 0 0 0 0 0 0 0 0 0 0 0 0 0 0 0 0 0 0 0 0 0 0 0 0 0 0 0 0 0 0 0 0 0 0 0 0 0 0 0 0 0 0 0 0 0 0 0 0 0 0 0 0 0 0 0 0 0 0 0 0 0 0 0 0 0 0 0 0 0 0 0.86 0.448 0.86 0 0.991 0.448 0.86 0.448 0.991 0 0.991 0.52 0.29 0.384 0.186 0.52 0.159 0.384 0.186 0.417 0.159 0.52 0.159 0 0 0 0 0 0 0 0 0 0 0 0 0 0 0 0 0 0 0 0 0 0 0 0 0.4 0.803 0.448 0.803 0.4 0.837 0.448 0.803 0.448 0.837 0.4 0.837 0.4 0.748 0.448 0.748 0.4 0.803 0.448 0.748 0.448 0.803 0.4 0.803 0.4 0.69 0.448 0.69 0.4 0.748 0.448 0.69 0.448 0.748 0.4 0.748 0.4 0.631 0.448 0.631 0.4 0.69 0.448 0.631 0.448 0.69 0.4 0.69 0.4 0.576 0.448 0.576 0.4 0.631 0.448 0.576 0.448 0.631 0.4 0.631 0.4 0.471 0.448 0.471 0.4 0.493 0.448 0.471 0.448 0.493 0.4 0.493 0.4 0.463 0.448 0.463 0.4 0.471 0.448 0.463 0.448 0.471 0.4 0.471 0.4 0.529 0.448 0.529 0.4 0.576 0.448 0.529 0.448 0.576 0.4 0.576 0.4 0.493 0.448 0.493 0.4 0.529 0.448 0.493 0.448 0.529 0.4 0.529 0 0 0 0 0 0 0 0 0 0 0 0 0 0 0 0 0 0 0 0 0 0 0 0 0 0 0 0 0 0 0 0 0 0 0 0 0.271 0.253 0.271 0.216 0.368 0.249 0.271 0.216 0.33 0.208 0.368 0.249 0.33 0.208 0.384 0.186 0.368 0.249 0.384 0.186 0.52 0.29 0.368 0.249 0.448 0.86 0.4 0.86 0.448 0.837 0.4 0.86 0.4 0.837 0.448 0.837 0 0 0 0 0 0 0 0 0 0 0 0 0 0 0 0 0 0 0 0 0 0 0 0 0 0 0 0 0 0 0 0 0 0 0 0 0 0 0 0 0 0 0 0 0 0 0 0 0 0 0 0 0 0 0 0 0 0 0 0 0 0 0 0 0 0 0 0 0 0 0 0 0 0 0 0 0 0 0 0 0 0 0 0 0 0 0 0 0 0 0 0 0 0 0 0 0 0 0 0 0 0 0 0 0 0 0 0 0 0 0 0 0 0 0 0 0 0 0 0 0 0 0 0 0 0 0 0 0 0 0 0 0 0 0 0 0 0 0 0 0 0 0 0 0 0 0 0 0 0 0 0 0 0 0 0 0 0 0 0 0 0 0 0 0 0 0 0 0 0 0 0 0 0 0 0 0 0 0 0 0 0 0 0 0 0 0 0 0 0 0 0 0 0 0 0 0 0 0 0 0 0 0 0 0 0 0 0 0 0 0 0 0 0 0 0 0 0 0 0 0 0 0 0 0 0 0 0 0 0 0 0 0 0 0 0 0 0 0 0 0 0 0 0 0 0 0 0 0 0 0 0 0 0 0 0 0 0 0 0 0 0 0 0 0 0 0 0 0 0 0 0 0 0 0 0 0 0 0 0 0 0 0 0 0 0 0 0 0 0 0 0 0 0 0 0 0 0 0 0 0 0 0 0 0 0 0 0 0 0 0 0 0 0 0 0 0 0 0 0 0 0 0 0 0 0 0 0 0 0 0 0 0 0 0 0 0 0 0 0 0 0 0 0 0 0 0 0 0 0 0 0 0 0 0 0 0 0 0 0 0 0 0 0 0 0 0 0 0 0 0 0 0 0 0 0 0 0 0 0 0 0 0 0 0 0 0 0 0 0 0 0 0 0 0 0 0 0 0 0 0 0 0 0 0 0 0 0 0 0 0 0 0 0 0 0 0 0 0 0 0 0 0 0 0 0 0 0 0 0 0 0 0 0 0 0 0 0 0 0 0 0 0 0 0 0 0 0 0 0 0 0 0 0 0 0 0 0 0 0 0 0 0 0 0 0 0 0 0 0 0 0 0 0 0 0 0 0 0 0 0 0 0 0 0 0 0 0 0 0 0 0 0 0 0 0 0 0 0 0 0 0 0 0 0 0 0 0 0 0 0 0 0 0 0 0 0 0 0 0 0 0 0 0 0 0 0 0 0 0 0 0 0 0 0 0 0 0 0 0 0 0 0 0 0 0 0 0 0 0 0 0 0 0 0 0 0 0 0 0 0 0 0 0 0 0 0 0 0 0 0 0 0 0 0 0 0 0 0 0 0 0 0 0 0 0 0 0 0 0 0 0 0 0 0 0 0 0 0 0 0 0 0 0 0 0 0 0 0 0 0 0 0 0 0 0 0 0 0 0 0 0 0 0 0 0 0 0 0 0 0 0 0 0 0 0 0 0 0 0 0 0 0 0 0 0 0 0 0 0 0 0 0 0 0 0 0 0 0 0 0 0 0 0 0 0 0 0 0 0 0 0 0 0 0 0 0 0 0 0 0 0 0 0 0 0 0 0 0 0 0 0 0 0 0 0 0 0 0 0 0 0 0 0 0 0 0 0 0 0 0 0 0 0 0 0 0 0 0 0 0 0 0 0 0 0 0 0 0 0 0 0 0 0 0 0 0 0 0 0 0 0 0 0 0 0 0 0 0 0 0 0 0 0 0 0 0 0 0 0 0 0 0 0 0 0 0 0 0 0 0 0 0 0 0 0 0 0 0 0 0 0 0 0 0 0 0 0 0 0 0 0 0 0 0 0 0 0 0 0 0 0 0 0 0 0 0 0 0 0 0 0 0 0 0 0 0 0 0 0 0 0 0 0 0 0 0 0 0 0 0 0 0 0 0 0 0 0 0 0 0 0 0 0 0 0 0 0 0 0 0 0 0 0 0 0 0 0 0 0 0 0 0 0 0 0 0 0 0 0 0 0 0 0 0 0 0 0 0 0 0 0 0 0 0 0 0 0 0 0 0 0 0 0 0 0 0 0 0 0 0 0 0 0 0 0 0 0 0 0 0 0 0 0 0 0 0 0 0 0 0 0 0 0 0 0 0 0 0 0 0 0 0 0 0 0 0 0 0 0 0 0 0 0 0 0 0 0 0 0 0 0 0 0 0 0 0 0 0 0 0 0 0 0 0 0 0 0 0 0 0 0 0 0 0 0 0 0 0 0 0 0 0 0 0 0 0 0 0 0 0 0 0 0 0 0 0 0 0 0 0 0 0 0 0 0 0 0 0 0 0 0 0 0 0 0 0 0 0 0 0 0 0 0 0 0 0 0 0 0 0 0 0 0 0 0 0 0 0 0 0 0 0 0 0 0 0 0 0 0 0 0 0 0 0 0 0 0 0 0 0 0 0 0 0 0 0 0 0 0 0 0 0 0 0 0 0 0 0 0 0 0 0 0 0 0 0 0 0 0 0 0 0 0 0 0 0 0 0 0 0 0 0 0 0 0 0 0 0 0 0 0 0 0 0 0 0 0 0 0 0 0 0 0 0 0 0 0 0 0 0 0 0 0 0 0 0 0 0 0 0 0 0 0 0 0 0 0 0 0 0 0 0 0 0 0 0 0 0 0 0 0 0 0 0 0 0 0 0 0 0 0 0 0 0 0 0 0 0 0 0 0 0 0 0 0 0 0 0 0 0 0 0 0 0 0 0 0 0 0 0.271 0.29 0.271 0.253 0.52 0.29 0.271 0.253 0.368 0.249 0.52 0.29 0 0 0 0 0 0 0 0 0 0 0 0 0 0 0 0 0 0 0 0 0 0 0 0 0 0 0 0 0 0 0 0 0 0 0 0 0 0 0 0 0 0 0 0 0 0 0 0 0 0 0 0 0 0 0 0 0 0 0 0 0 0 0 0 0 0 0 0 0 0 0 0 0 0 0 0 0 0 0 0 0 0 0 0 0 0 0 0 0 0 0 0 0 0 0 0 0 0 0 0 0 0 0 0 0 0 0 0 0 0 0 0 0 0 0 0 0 0 0 0 0 0 0 0 0 0 0 0 0 0 0 0 0 0 0 0 0 0 0 0 0 0 0 0 0 0 0 0 0 0 0 0 0 0 0 0 0 0 0 0 0 0 0 0 0 0 0 0 0 0 0 0 0 0 0 0 0 0 0 0 0 0 0 0 0 0 0 0 0 0 0 0 0 0 0 0 0 0 0 0 0 0 0 0 0 0 0 0 0 0 0 0 0 0 0 0 0 0 0 0 0 0 0 0 0 0 0 0 0 0 0 0 0 0 0 0 0 0 0 0 0 0 0 0 0 0 0 0 0 0 0 0 0 0 0 0 0 0 0 0 0 0 0 0 0 0 0 0 0 0 0 0 0 0 0 0 0 0 0 0 0 0 0 0 0 0 0 0 0 0 0 0 0 0 0 0 0 0 0 0 0 0 0 0 0 0 0 0 0 0 0 0 0 0 0 0 0 0 0 0 0 0 0 0 0 0 0 0 0 0 0 0 0 0 0 0 0 0 0 0 0 0 0 0 0 0 0 0 0 0 0 0 0 0 0 0 0 0 0 0 0 0 0 0 0 0 0 0 0 0 0 0 0 0 0 0 0 0 0 0 0 0 0 0 0 0 0 0 0 0 0 0 0 0 0 0 0 0 0 0 0 0 0 0 0 0 0 0 0 0 0 0 0 0 0 0 0 0 0 0 0 0 0 0 0 0 0 0 0 0 0 0 0 0 0 0 0 0 0 0 0 0 0 0 0.998 0.459 0.551 0.459 0.998 0.328 0.551 0.459 0.551 0.328 0.998 0.328 0.521 0.151 0.384 0.046 0.521 0.02 0.384 0.046 0.417 0.02 0.521 0.02 0 0 0 0 0 0 0 0 0 0 0 0 0 0 0 0 0 0 0 0 0 0 0 0 0.599 0.516 0.551 0.516 0.599 0.482 0.551 0.516 0.551 0.482 0.599 0.482 0.599 0.57 0.551 0.57 0.599 0.516 0.551 0.57 0.551 0.516 0.599 0.516 0.599 0.629 0.551 0.629 0.599 0.57 0.551 0.629 0.551 0.57 0.599 0.57 0.599 0.688 0.551 0.688 0.599 0.629 0.551 0.688 0.551 0.629 0.599 0.629 0.599 0.742 0.551 0.742 0.599 0.688 0.551 0.742 0.551 0.688 0.599 0.688 0.599 0.848 0.551 0.848 0.599 0.825 0.551 0.848 0.551 0.825 0.599 0.825 0.599 0.856 0.551 0.856 0.599 0.848 0.551 0.856 0.551 0.848 0.599 0.848 0.599 0.789 0.551 0.789 0.599 0.742 0.551 0.789 0.551 0.742 0.599 0.742 0.599 0.825 0.551 0.825 0.599 0.789 0.551 0.825 0.551 0.789 0.599 0.789 0 0 0 0 0 0 0 0 0 0 0 0 0 0 0 0 0 0 0 0 0 0 0 0 0 0 0 0 0 0 0 0 0 0 0 0 0.271 0.114 0.271 0.077 0.368 0.11 0.271 0.077 0.33 0.069 0.368 0.11 0.33 0.069 0.384 0.046 0.368 0.11 0.384 0.046 0.521 0.151 0.368 0.11 0.551 0.459 0.599 0.459 0.551 0.482 0.599 0.459 0.599 0.482 0.551 0.482 0 0 0 0 0 0 0 0 0 0 0 0 0 0 0 0 0 0 0 0 0 0 0 0 0 0 0 0 0 0 0 0 0 0 0 0 0 0 0 0 0 0 0 0 0 0 0 0 0 0 0 0 0 0 0 0 0 0 0 0 0 0 0 0 0 0 0 0 0 0 0 0 0 0 0 0 0 0 0 0 0 0 0 0 0 0 0 0 0 0 0 0 0 0 0 0 0 0 0 0 0 0 0 0 0 0 0 0 0 0 0 0 0 0 0 0 0 0 0 0 0 0 0 0 0 0 0 0 0 0 0 0 0 0 0 0 0 0 0 0 0 0 0 0 0 0 0 0 0 0 0 0 0 0 0 0 0 0 0 0 0 0 0 0 0 0 0 0 0 0 0 0 0 0 0 0 0 0 0 0 0 0 0 0 0 0 0 0 0 0 0 0 0 0 0 0 0 0 0 0 0 0 0 0 0 0 0 0 0 0 0 0 0 0 0 0 0 0 0 0 0 0 0 0 0 0 0 0 0 0 0 0 0 0 0 0 0 0 0 0 0 0 0 0 0 0 0 0 0 0 0 0 0 0 0 0 0 0 0 0 0 0 0 0 0 0 0 0 0 0 0 0 0 0 0 0 0 0 0 0 0 0 0 0 0 0 0 0 0 0 0 0 0 0 0 0 0 0 0 0 0 0 0 0 0 0 0 0 0 0 0 0 0 0 0 0 0 0 0 0 0 0 0 0 0 0 0 0 0 0 0 0 0 0 0 0 0 0 0 0 0 0 0 0 0 0 0 0 0 0 0 0 0 0 0 0 0 0 0 0 0 0 0 0 0 0 0 0 0 0 0 0 0 0 0 0 0 0 0 0 0 0 0 0 0 0 0 0 0 0 0 0 0 0 0 0 0 0 0 0 0 0 0 0 0 0 0 0 0 0 0 0 0 0 0 0 0 0 0 0 0 0 0 0 0 0 0 0 0 0 0 0 0 0 0 0 0 0 0 0 0 0 0 0 0 0 0 0 0 0 0 0 0 0 0 0 0 0 0 0 0 0 0 0 0 0 0 0 0 0 0 0 0 0 0 0 0 0 0 0 0 0 0 0 0 0 0 0 0 0 0 0 0 0 0 0 0 0 0 0 0 0 0 0 0 0 0 0 0 0 0 0 0 0 0 0 0 0 0 0 0 0 0 0 0 0 0 0 0 0 0 0 0 0 0 0 0 0 0 0 0 0 0 0 0 0 0 0 0 0 0 0 0 0 0 0 0 0 0 0 0 0 0 0 0 0 0 0 0 0 0 0 0 0 0 0 0 0 0 0 0 0 0 0 0 0 0 0 0 0 0 0 0 0 0 0 0 0 0 0 0 0 0 0 0 0 0 0 0 0 0 0 0 0 0 0 0 0 0 0 0 0 0 0 0 0 0 0 0 0 0 0 0 0 0 0 0 0 0 0 0 0 0 0 0 0 0 0 0 0 0 0 0 0 0 0 0 0 0 0 0 0 0 0 0 0 0 0 0 0 0 0 0 0 0 0 0 0 0 0 0 0 0 0 0 0 0 0 0 0 0 0 0 0 0 0 0 0 0 0 0 0 0 0 0 0 0 0 0 0 0 0 0 0 0 0 0 0 0 0 0 0 0 0 0 0 0 0 0 0 0 0 0 0 0 0 0 0 0 0 0 0 0 0 0 0 0 0 0 0 0 0 0 0 0 0 0 0 0 0 0 0 0 0 0 0 0 0 0 0 0 0 0 0 0 0 0 0 0 0 0 0 0 0 0 0 0 0 0 0 0 0 0 0 0 0 0 0 0 0 0 0 0 0 0 0 0 0 0 0 0 0 0 0 0 0 0 0 0 0 0 0 0 0 0 0 0 0 0 0 0 0 0 0 0 0 0 0 0 0 0 0 0 0 0 0 0 0 0 0 0 0 0 0 0 0 0 0 0 0 0 0 0 0 0 0 0 0 0 0 0 0 0 0 0 0 0 0 0 0 0 0 0 0 0 0 0 0 0 0 0 0 0 0 0 0 0 0 0 0 0 0 0 0 0 0 0 0 0 0 0 0 0 0 0 0 0 0 0 0 0 0 0 0 0 0 0 0 0 0 0 0 0 0 0 0 0 0 0 0 0 0 0 0 0 0 0 0 0 0 0 0 0 0 0 0 0 0 0 0 0 0 0 0 0 0 0 0 0 0 0 0 0 0 0 0 0 0 0 0 0 0 0 0 0 0 0 0 0 0 0 0 0 0 0 0 0 0 0 0 0 0 0 0 0 0 0 0 0 0 0 0 0 0 0 0 0 0 0 0 0 0 0 0 0 0 0 0 0 0 0 0 0 0 0 0 0 0 0 0 0 0 0 0 0 0 0 0 0 0 0 0 0 0 0 0 0 0 0 0 0 0 0 0 0 0 0 0 0 0 0 0 0 0 0 0 0 0 0 0 0 0 0 0 0 0 0 0 0 0 0 0 0 0 0 0 0 0 0 0 0 0 0 0 0 0 0 0 0 0 0 0 0 0 0 0 0 0 0 0 0 0 0 0 0 0 0 0 0 0 0 0 0 0 0 0 0 0 0 0 0 0 0 0 0 0 0 0 0 0 0 0 0 0 0 0 0 0 0 0 0 0 0 0 0 0 0 0 0 0 0 0 0 0 0 0 0 0 0 0 0 0 0 0 0 0 0 0 0 0 0 0 0 0 0 0 0 0 0 0 0.271 0.151 0.271 0.114 0.521 0.151 0.271 0.114 0.368 0.11 0.521 0.151 0 0 0 0 0 0 0 0 0 0 0 0 0 0 0 0 0 0 0 0 0 0 0 0 0 0 0 0 0 0 0 0 0 0 0 0 0 0 0 0 0 0 0 0 0 0 0 0 0 0 0 0 0 0 0 0 0 0 0 0 0 0 0 0 0 0 0 0 0 0 0 0 0 0 0 0 0 0 0 0 0 0 0 0 0 0 0 0 0 0 0 0 0 0 0 0 0 0 0 0 0 0 0 0 0 0 0 0 0 0 0 0 0 0 0 0 0 0 0 0 0 0 0 0 0 0 0 0 0 0 0 0 0 0 0 0 0 0 0 0 0 0 0 0 0 0 0 0 0 0 0 0 0 0 0 0 0 0 0 0 0 0 0 0 0 0 0 0 0 0 0 0 0 0 0 0 0 0 0 0 0 0 0 0 0 0 0 0 0 0 0 0 0 0 0 0 0 0 0 0 0 0 0 0 0 0 0 0 0 0 0 0 0 0 0 0 0 0 0 0 0 0 0 0 0 0 0 0 0 0 0 0 0 0 0 0 0 0 0 0 0 0 0 0 0 0 0 0 0 0 0 0 0 0 0 0 0 0 0 0 0 0 0 0 0 0 0 0 0 0 0 0 0 0 0 0 0 0 0 0 0 0 0 0 0 0 0 0 0 0 0 0 0 0 0 0 0 0 0 0 0 0 0 0 0 0 0 0 0 0 0 0 0 0 0 0 0 0 0 0 0 0 0 0 0 0 0 0 0 0 0 0 0 0 0 0 0 0 0 0 0 0 0 0 0 0 0 0 0 0 0 0 0 0 0 0 0 0 0 0 0 0 0 0 0 0 0 0 0 0 0 0 0 0 0 0 0 0 0 0 0 0 0 0 0 0 0 0 0 0 0 0 0 0 0 0 0 0 0 0 0 0 0 0 0 0 0 0 0 0 0 0 0 0 0 0 0 0 0 0 0 0 0 0 0 0 0 0 0 0 0 0 0 0 0 0 0 0 0 0 0 0 0 0 0.104 0.459 0.104 0.328 0.551 0.459 0.104 0.328 0.551 0.328 0.551 0.459 0.021 0.29 0.021 0.159 0.158 0.186 0.021 0.159 0.125 0.159 0.158 0.186 0 0 0 0 0 0 0 0 0 0 0 0 0 0 0 0 0 0 0 0 0 0 0 0 0.503 0.516 0.503 0.482 0.551 0.516 0.503 0.482 0.551 0.482 0.551 0.516 0.503 0.57 0.503 0.516 0.551 0.57 0.503 0.516 0.551 0.516 0.551 0.57 0.503 0.629 0.503 0.57 0.551 0.629 0.503 0.57 0.551 0.57 0.551 0.629 0.503 0.688 0.503 0.629 0.551 0.688 0.503 0.629 0.551 0.629 0.551 0.688 0.503 0.742 0.503 0.688 0.551 0.742 0.503 0.688 0.551 0.688 0.551 0.742 0.503 0.848 0.503 0.825 0.551 0.848 0.503 0.825 0.551 0.825 0.551 0.848 0.503 0.856 0.503 0.848 0.551 0.856 0.503 0.848 0.551 0.848 0.551 0.856 0.503 0.789 0.503 0.742 0.551 0.789 0.503 0.742 0.551 0.742 0.551 0.789 0.503 0.825 0.503 0.789 0.551 0.825 0.503 0.789 0.551 0.789 0.551 0.825 0 0 0 0 0 0 0 0 0 0 0 0 0 0 0 0 0 0 0 0 0 0 0 0 0 0 0 0 0 0 0 0 0 0 0 0 0.271 0.253 0.174 0.249 0.271 0.216 0.174 0.249 0.212 0.208 0.271 0.216 0.212 0.208 0.174 0.249 0.158 0.186 0.174 0.249 0.021 0.29 0.158 0.186 0.551 0.459 0.551 0.482 0.503 0.459 0.551 0.482 0.503 0.482 0.503 0.459 0 0 0 0 0 0 0 0 0 0 0 0 0 0 0 0 0 0 0 0 0 0 0 0 0 0 0 0 0 0 0 0 0 0 0 0 0 0 0 0 0 0 0 0 0 0 0 0 0 0 0 0 0 0 0 0 0 0 0 0 0 0 0 0 0 0 0 0 0 0 0 0 0 0 0 0 0 0 0 0 0 0 0 0 0 0 0 0 0 0 0 0 0 0 0 0 0 0 0 0 0 0 0 0 0 0 0 0 0 0 0 0 0 0 0 0 0 0 0 0 0 0 0 0 0 0 0 0 0 0 0 0 0 0 0 0 0 0 0 0 0 0 0 0 0 0 0 0 0 0 0 0 0 0 0 0 0 0 0 0 0 0 0 0 0 0 0 0 0 0 0 0 0 0 0 0 0 0 0 0 0 0 0 0 0 0 0 0 0 0 0 0 0 0 0 0 0 0 0 0 0 0 0 0 0 0 0 0 0 0 0 0 0 0 0 0 0 0 0 0 0 0 0 0 0 0 0 0 0 0 0 0 0 0 0 0 0 0 0 0 0 0 0 0 0 0 0 0 0 0 0 0 0 0 0 0 0 0 0 0 0 0 0 0 0 0 0 0 0 0 0 0 0 0 0 0 0 0 0 0 0 0 0 0 0 0 0 0 0 0 0 0 0 0 0 0 0 0 0 0 0 0 0 0 0 0 0 0 0 0 0 0 0 0 0 0 0 0 0 0 0 0 0 0 0 0 0 0 0 0 0 0 0 0 0 0 0 0 0 0 0 0 0 0 0 0 0 0 0 0 0 0 0 0 0 0 0 0 0 0 0 0 0 0 0 0 0 0 0 0 0 0 0 0 0 0 0 0 0 0 0 0 0 0 0 0 0 0 0 0 0 0 0 0 0 0 0 0 0 0 0 0 0 0 0 0 0 0 0 0 0 0 0 0 0 0 0 0 0 0 0 0 0 0 0 0 0 0 0 0 0 0 0 0 0 0 0 0 0 0 0 0 0 0 0 0 0 0 0 0 0 0 0 0 0 0 0 0 0 0 0 0 0 0 0 0 0 0 0 0 0 0 0 0 0 0 0 0 0 0 0 0 0 0 0 0 0 0 0 0 0 0 0 0 0 0 0 0 0 0 0 0 0 0 0 0 0 0 0 0 0 0 0 0 0 0 0 0 0 0 0 0 0 0 0 0 0 0 0 0 0 0 0 0 0 0 0 0 0 0 0 0 0 0 0 0 0 0 0 0 0 0 0 0 0 0 0 0 0 0 0 0 0 0 0 0 0 0 0 0 0 0 0 0 0 0 0 0 0 0 0 0 0 0 0 0 0 0 0 0 0 0 0 0 0 0 0 0 0 0 0 0 0 0 0 0 0 0 0 0 0 0 0 0 0 0 0 0 0 0 0 0 0 0 0 0 0 0 0 0 0 0 0 0 0 0 0 0 0 0 0 0 0 0 0 0 0 0 0 0 0 0 0 0 0 0 0 0 0 0 0 0 0 0 0 0 0 0 0 0 0 0 0 0 0 0 0 0 0 0 0 0 0 0 0 0 0 0 0 0 0 0 0 0 0 0 0 0 0 0 0 0 0 0 0 0 0 0 0 0 0 0 0 0 0 0 0 0 0 0 0 0 0 0 0 0 0 0 0 0 0 0 0 0 0 0 0 0 0 0 0 0 0 0 0 0 0 0 0 0 0 0 0 0 0 0 0 0 0 0 0 0 0 0 0 0 0 0 0 0 0 0 0 0 0 0 0 0 0 0 0 0 0 0 0 0 0 0 0 0 0 0 0 0 0 0 0 0 0 0 0 0 0 0 0 0 0 0 0 0 0 0 0 0 0 0 0 0 0 0 0 0 0 0 0 0 0 0 0 0 0 0 0 0 0 0 0 0 0 0 0 0 0 0 0 0 0 0 0 0 0 0 0 0 0 0 0 0 0 0 0 0 0 0 0 0 0 0 0 0 0 0 0 0 0 0 0 0 0 0 0 0 0 0 0 0 0 0 0 0 0 0 0 0 0 0 0 0 0 0 0 0 0 0 0 0 0 0 0 0 0 0 0 0 0 0 0 0 0 0 0 0 0 0 0 0 0 0 0 0 0 0 0 0 0 0 0 0 0 0 0 0 0 0 0 0 0 0 0 0 0 0 0 0 0 0 0 0 0 0 0 0 0 0 0 0 0 0 0 0 0 0 0 0 0 0 0 0 0 0 0 0 0 0 0 0 0 0 0 0 0 0 0 0 0 0 0 0 0 0 0 0 0 0 0 0 0 0 0 0 0 0 0 0 0 0 0 0 0 0 0 0 0 0 0 0 0 0 0 0 0 0 0 0 0 0 0 0 0 0 0 0 0 0 0 0 0 0 0 0 0 0 0 0 0 0 0 0 0 0 0 0 0 0 0 0 0 0 0 0 0 0 0 0 0 0 0 0 0 0 0 0 0 0 0 0 0 0 0 0 0 0 0 0 0 0 0 0 0 0 0 0 0 0 0 0 0 0 0 0 0 0 0 0 0 0 0 0 0 0 0 0 0 0 0 0 0 0 0 0 0 0 0 0 0 0 0 0 0 0 0 0 0 0 0 0 0 0 0 0 0 0 0 0 0 0 0 0 0 0 0 0 0 0 0 0 0 0 0 0 0 0 0 0 0 0 0 0 0 0 0 0 0 0 0 0 0 0 0 0 0 0 0 0 0 0 0 0 0 0 0.271 0.29 0.021 0.29 0.271 0.253 0.021 0.29 0.174 0.249 0.271 0.253 0 0 0 0 0 0 0 0 0 0 0 0 0 0 0 0 0 0 0 0 0 0 0 0 0 0 0 0 0 0 0 0 0 0 0 0 0 0 0 0 0 0 0 0 0 0 0 0 0 0 0 0 0 0 0 0 0 0 0 0 0 0 0 0 0 0 0 0 0 0 0 0 0 0 0 0 0 0 0 0 0 0 0 0 0 0 0 0 0 0 0 0 0 0 0 0 0 0 0 0 0 0 0 0 0 0 0 0 0 0 0 0 0 0 0 0 0 0 0 0 0 0 0 0 0 0 0 0 0 0 0 0 0 0 0 0 0 0 0 0 0 0 0 0 0 0 0 0 0 0 0 0 0 0 0 0 0 0 0 0 0 0 0 0 0 0 0 0 0 0 0 0 0 0 0 0 0 0 0 0 0 0 0 0 0 0 0 0 0 0 0 0 0 0 0 0 0 0 0 0 0 0 0 0 0 0 0 0 0 0 0 0 0 0 0 0 0 0 0 0 0 0 0 0 0 0 0 0 0 0 0 0 0 0 0 0 0 0 0 0 0 0 0 0 0 0 0 0 0 0 0 0 0 0 0 0 0 0 0 0 0 0 0 0 0 0 0 0 0 0 0 0 0 0 0 0 0 0 0 0 0 0 0 0 0 0 0 0 0 0 0 0 0 0 0 0 0 0 0 0 0 0 0 0 0 0 0 0 0 0 0 0 0 0 0 0 0 0 0 0 0 0 0 0 0 0 0 0 0 0 0 0 0 0 0 0 0 0 0 0 0 0 0 0 0 0 0 0</float_array>
					<technique_common>
						<accessor source="#3815-mesh-map-4-array" count="3768" stride="2">
							<param name="S" type="float"/>
							<param name="T" type="float"/>
						</accessor>
					</technique_common>
				</source>
				<vertices id="3815-mesh-vertices">
					<input semantic="POSITION" source="#3815-mesh-positions"/>
				</vertices>
				<triangles material="MB|26|2o9058-material" count="1256">
					<input semantic="VERTEX" source="#3815-mesh-vertices" offset="0"/>
					<input semantic="TEXCOORD" source="#3815-mesh-map-0" offset="1" set="0"/>
					<input semantic="TEXCOORD" source="#3815-mesh-map-1" offset="1" set="1"/>
					<input semantic="TEXCOORD" source="#3815-mesh-map-2" offset="1" set="2"/>
					<input semantic="TEXCOORD" source="#3815-mesh-map-3" offset="1" set="3"/>
					<input semantic="TEXCOORD" source="#3815-mesh-map-4" offset="1" set="4"/>
					<p>748 0 744 1 160 2 744 3 166 4 160 5 747 6 746 7 163 8 746 9 161 10 163 11 742 12 745 13 164 14 745 15 159 16 164 17 740 18 743 19 158 20 743 21 165 22 158 23 744 24 741 25 166 26 741 27 162 28 166 29 161 30 773 31 160 32 773 33 748 34 160 35 743 36 742 37 165 38 742 39 164 40 165 41 741 42 740 43 162 44 740 45 158 46 162 47 682 48 680 49 688 50 680 51 691 52 688 53 0 54 1 55 19 56 1 57 710 58 19 59 686 60 41 61 681 62 41 63 23 64 681 65 683 66 22 67 704 68 22 69 709 70 704 71 695 72 706 73 31 74 706 75 708 76 31 77 694 78 695 79 30 80 695 81 31 82 30 83 693 84 694 85 24 86 694 87 30 88 24 89 692 90 693 91 29 92 693 93 24 94 29 95 687 96 692 97 28 98 692 99 29 100 28 101 689 102 685 103 25 104 685 105 26 106 25 107 690 108 689 109 42 110 689 111 25 112 42 113 684 114 687 115 27 116 687 117 28 118 27 119 685 120 684 121 26 122 684 123 27 124 26 125 697 126 698 127 699 128 698 129 700 130 699 131 696 132 697 133 701 134 697 135 699 136 701 137 702 138 711 139 704 140 711 141 683 142 704 143 171 144 172 145 37 146 172 147 21 148 37 149 21 150 172 151 19 152 172 153 0 154 19 155 43 156 38 157 705 158 38 159 707 160 705 161 696 162 701 163 703 164 701 165 44 166 703 167 717 168 716 169 54 170 716 171 58 172 54 173 69 174 91 175 50 176 91 177 79 178 50 179 80 180 90 181 722 182 90 183 721 184 722 185 60 186 739 187 727 188 739 189 725 190 727 191 714 192 96 193 720 194 96 195 85 196 720 197 719 198 55 199 718 200 55 201 53 202 718 203 55 204 729 205 53 206 729 207 728 208 53 209 83 210 88 211 723 212 88 213 724 214 723 215 88 216 93 217 724 218 93 219 715 220 724 221 68 222 69 223 48 224 69 225 50 226 48 227 49 228 51 229 68 230 51 231 69 232 68 233 718 234 53 235 82 236 53 237 87 238 82 239 716 240 730 241 58 242 730 243 86 244 58 245 90 246 83 247 721 248 83 249 723 250 721 251 51 252 732 253 69 254 732 255 91 256 69 257 99 258 735 259 61 260 735 261 72 262 61 263 715 264 93 265 714 266 93 267 96 268 714 269 74 270 70 271 75 272 70 273 726 274 75 275 71 276 74 277 73 278 74 279 75 280 73 281 726 282 97 283 75 284 73 285 75 286 737 287 75 288 97 289 737 290 53 291 728 292 87 293 728 294 94 295 87 296 713 297 56 298 712 299 56 300 59 301 712 302 65 303 66 304 76 305 66 306 77 307 76 308 63 309 64 310 46 311 64 312 45 313 46 314 67 315 47 316 78 317 47 318 52 319 78 320 66 321 67 322 77 323 67 324 78 325 77 326 64 327 65 328 45 329 65 330 76 331 45 332 738 333 63 334 62 335 63 336 46 337 62 338 86 339 730 340 102 341 730 342 731 343 102 344 102 345 731 346 101 347 731 348 80 349 101 350 91 351 732 352 92 353 732 354 733 355 92 356 92 357 733 358 90 359 733 360 83 361 90 362 79 363 91 364 81 365 91 366 92 367 81 368 81 369 92 370 80 371 92 372 90 373 80 374 85 375 96 376 100 377 96 378 734 379 100 380 100 381 734 382 99 383 734 384 735 385 99 386 82 387 87 388 84 389 87 390 89 391 84 392 84 393 89 394 83 395 89 396 88 397 83 398 96 399 93 400 98 401 93 402 736 403 98 404 98 405 736 406 97 407 736 408 737 409 97 410 87 411 94 412 89 413 94 414 95 415 89 416 89 417 95 418 88 419 95 420 93 421 88 422 57 423 101 424 722 425 101 426 80 427 722 428 759 429 130 430 757 431 130 432 122 433 757 434 125 435 136 436 124 437 136 438 123 439 124 440 128 441 125 442 121 443 125 444 124 445 121 446 136 447 766 448 123 449 766 450 769 451 123 452 755 453 756 454 754 455 756 456 753 457 754 458 751 459 755 460 749 461 755 462 754 463 749 464 119 465 752 466 120 467 752 468 750 469 120 470 106 471 108 472 768 473 108 474 763 475 768 476 108 477 107 478 763 479 107 480 762 481 763 482 107 483 103 484 762 485 103 486 761 487 762 488 103 489 111 490 761 491 111 492 760 493 761 494 774 495 758 496 111 497 758 498 760 499 111 500 144 501 142 502 772 503 142 504 131 505 772 506 130 507 128 508 122 509 128 510 121 511 122 512 120 513 750 514 167 515 750 516 775 517 167 518 759 519 772 520 130 521 772 522 132 523 130 524 137 525 139 526 135 527 139 528 770 529 135 530 140 531 143 532 137 533 143 534 139 535 137 536 127 537 131 538 148 539 131 540 142 541 148 542 140 543 127 544 143 545 127 546 148 547 143 548 139 549 143 550 150 551 143 552 149 553 150 554 128 555 130 556 129 557 130 558 132 559 129 560 129 561 132 562 127 563 132 564 131 565 127 566 764 567 151 568 157 569 151 570 126 571 157 572 154 573 135 574 767 575 135 576 770 577 767 578 767 579 766 580 154 581 766 582 136 583 154 584 136 585 138 586 154 587 154 588 138 589 135 590 138 591 137 592 135 593 136 594 125 595 138 596 125 597 141 598 138 599 138 600 141 601 137 602 141 603 140 604 137 605 144 606 146 607 142 608 146 609 145 610 142 611 770 612 139 613 771 614 139 615 150 616 771 617 145 618 147 619 142 620 147 621 148 622 142 623 143 624 148 625 149 626 148 627 147 628 149 629 125 630 128 631 141 632 128 633 129 634 141 635 141 636 129 637 140 638 129 639 127 640 140 641 131 642 132 643 772 644 113 645 155 646 115 647 155 648 104 649 115 650 110 651 116 652 104 653 116 654 115 655 104 656 765 657 764 658 153 659 764 660 157 661 153 662 109 663 106 664 156 665 106 666 768 667 156 668 105 669 109 670 112 671 109 672 156 673 112 674 133 675 153 676 134 677 153 678 157 679 134 680 126 681 152 682 157 683 152 684 134 685 157 686 158 687 165 688 6 689 165 690 7 691 6 692 160 693 166 694 3 695 166 696 4 697 3 698 162 699 158 700 5 701 158 702 6 703 5 704 166 705 162 706 4 707 162 708 5 709 4 710 163 711 161 712 32 713 161 714 2 715 32 716 161 717 160 718 2 719 160 720 3 721 2 722 164 723 159 724 8 725 159 726 33 727 8 728 165 729 164 730 7 731 164 732 8 733 7 734 161 735 746 736 773 737 169 738 144 739 168 740 144 741 772 742 168 743 170 744 169 745 117 746 169 747 118 748 117 749 146 750 144 751 170 752 144 753 169 754 170 755 118 756 169 757 114 758 169 759 168 760 114 761 34 762 0 763 171 764 0 765 172 766 171 767 40 768 39 769 20 770 39 771 176 772 20 773 39 774 16 775 176 776 16 777 177 778 176 779 10 780 35 781 184 782 35 783 185 784 184 785 11 786 10 787 183 788 10 789 184 790 183 791 12 792 11 793 182 794 11 795 183 796 182 797 13 798 12 799 181 800 12 801 182 802 181 803 14 804 13 805 180 806 13 807 181 808 180 809 9 810 14 811 179 812 14 813 180 814 179 815 15 816 9 817 178 818 9 819 179 820 178 821 16 822 15 823 177 824 15 825 178 826 177 827 17 828 20 829 175 830 20 831 176 832 175 833 18 834 17 835 174 836 17 837 175 838 174 839 36 840 18 841 173 842 18 843 174 844 173 845 174 846 193 847 173 848 193 849 190 850 173 851 187 852 196 853 186 854 196 855 197 856 186 857 175 858 192 859 174 860 192 861 193 862 174 863 188 864 195 865 187 866 195 867 196 868 187 869 176 870 191 871 175 872 191 873 192 874 175 875 189 876 194 877 188 878 194 879 195 880 188 881 178 882 179 883 191 884 179 885 189 886 191 887 179 888 180 889 189 890 180 891 194 892 189 893 194 894 180 895 182 896 180 897 181 898 182 899 190 900 193 901 186 902 193 903 187 904 186 905 193 906 192 907 187 908 192 909 188 910 187 911 192 912 191 913 188 914 191 915 189 916 188 917 177 918 178 919 176 920 178 921 191 922 176 923 196 924 195 925 184 926 195 927 183 928 184 929 197 930 196 931 185 932 196 933 184 934 185 935 195 936 194 937 183 938 194 939 182 940 183 941 840 942 344 943 836 944 344 945 350 946 836 947 839 948 347 949 838 950 347 951 345 952 838 953 834 954 348 955 837 956 348 957 343 958 837 959 832 960 342 961 835 962 342 963 349 964 835 965 836 966 350 967 833 968 350 969 346 970 833 971 345 972 344 973 865 974 344 975 840 976 865 977 835 978 349 979 834 980 349 981 348 982 834 983 833 984 346 985 832 986 346 987 342 988 832 989 778 990 688 991 776 992 688 993 691 994 776 995 198 996 217 997 199 998 217 999 802 1000 199 1001 782 1002 777 1003 41 1004 777 1005 23 1006 41 1007 779 1008 798 1009 22 1010 798 1011 709 1012 22 1013 789 1014 31 1015 800 1016 31 1017 708 1018 800 1019 788 1020 30 1021 789 1022 30 1023 31 1024 789 1025 787 1026 24 1027 788 1028 24 1029 30 1030 788 1031 786 1032 29 1033 787 1034 29 1035 24 1036 787 1037 783 1038 28 1039 786 1040 28 1041 29 1042 786 1043 784 1044 25 1045 781 1046 25 1047 26 1048 781 1049 785 1050 42 1051 784 1052 42 1053 25 1054 784 1055 780 1056 27 1057 783 1058 27 1059 28 1060 783 1061 781 1062 26 1063 780 1064 26 1065 27 1066 780 1067 791 1068 793 1069 792 1070 793 1071 794 1072 792 1073 790 1074 795 1075 791 1076 795 1077 793 1078 791 1079 796 1080 798 1081 803 1082 798 1083 779 1084 803 1085 355 1086 225 1087 356 1088 225 1089 219 1090 356 1091 219 1092 217 1093 356 1094 217 1095 198 1096 356 1097 43 1098 799 1099 38 1100 799 1101 801 1102 38 1103 790 1104 797 1105 795 1106 797 1107 228 1108 795 1109 809 1110 238 1111 808 1112 238 1113 242 1114 808 1115 253 1116 234 1117 275 1118 234 1119 263 1120 275 1121 264 1122 814 1123 274 1124 814 1125 813 1126 274 1127 244 1128 819 1129 831 1130 819 1131 817 1132 831 1133 806 1134 812 1135 280 1136 812 1137 269 1138 280 1139 811 1140 810 1141 239 1142 810 1143 237 1144 239 1145 239 1146 237 1147 821 1148 237 1149 820 1150 821 1151 267 1152 815 1153 272 1154 815 1155 816 1156 272 1157 272 1158 816 1159 277 1160 816 1161 807 1162 277 1163 252 1164 232 1165 253 1166 232 1167 234 1168 253 1169 233 1170 252 1171 235 1172 252 1173 253 1174 235 1175 810 1176 266 1177 237 1178 266 1179 271 1180 237 1181 808 1182 242 1183 822 1184 242 1185 270 1186 822 1187 274 1188 813 1189 267 1190 813 1191 815 1192 267 1193 235 1194 253 1195 824 1196 253 1197 275 1198 824 1199 283 1200 245 1201 827 1202 245 1203 256 1204 827 1205 807 1206 806 1207 277 1208 806 1209 280 1210 277 1211 258 1212 259 1213 254 1214 259 1215 818 1216 254 1217 255 1218 257 1219 258 1220 257 1221 259 1222 258 1223 818 1224 259 1225 281 1226 257 1227 829 1228 259 1229 829 1230 281 1231 259 1232 237 1233 271 1234 820 1235 271 1236 278 1237 820 1238 805 1239 804 1240 240 1241 804 1242 243 1243 240 1244 249 1245 260 1246 250 1247 260 1248 261 1249 250 1250 247 1251 230 1252 248 1253 230 1254 229 1255 248 1256 251 1257 262 1258 231 1259 262 1260 236 1261 231 1262 250 1263 261 1264 251 1265 261 1266 262 1267 251 1268 248 1269 229 1270 249 1271 229 1272 260 1273 249 1274 830 1275 246 1276 247 1277 246 1278 230 1279 247 1280 270 1281 286 1282 822 1283 286 1284 823 1285 822 1286 286 1287 285 1288 823 1289 285 1290 264 1291 823 1292 275 1293 276 1294 824 1295 276 1296 825 1297 824 1298 276 1299 274 1300 825 1301 274 1302 267 1303 825 1304 263 1305 265 1306 275 1307 265 1308 276 1309 275 1310 265 1311 264 1312 276 1313 264 1314 274 1315 276 1316 269 1317 284 1318 280 1319 284 1320 826 1321 280 1322 284 1323 283 1324 826 1325 283 1326 827 1327 826 1328 266 1329 268 1330 271 1331 268 1332 273 1333 271 1334 268 1335 267 1336 273 1337 267 1338 272 1339 273 1340 280 1341 282 1342 277 1343 282 1344 828 1345 277 1346 282 1347 281 1348 828 1349 281 1350 829 1351 828 1352 271 1353 273 1354 278 1355 273 1356 279 1357 278 1358 273 1359 272 1360 279 1361 272 1362 277 1363 279 1364 241 1365 814 1366 285 1367 814 1368 264 1369 285 1370 851 1371 849 1372 314 1373 849 1374 306 1375 314 1376 309 1377 308 1378 320 1379 308 1380 307 1381 320 1382 312 1383 305 1384 309 1385 305 1386 308 1387 309 1388 320 1389 307 1390 858 1391 307 1392 861 1393 858 1394 847 1395 846 1396 848 1397 846 1398 845 1399 848 1400 843 1401 841 1402 847 1403 841 1404 846 1405 847 1406 303 1407 304 1408 844 1409 304 1410 842 1411 844 1412 290 1413 860 1414 292 1415 860 1416 855 1417 292 1418 292 1419 855 1420 291 1421 855 1422 854 1423 291 1424 291 1425 854 1426 287 1427 854 1428 853 1429 287 1430 287 1431 853 1432 295 1433 853 1434 852 1435 295 1436 866 1437 295 1438 850 1439 295 1440 852 1441 850 1442 328 1443 864 1444 326 1445 864 1446 315 1447 326 1448 314 1449 306 1450 312 1451 306 1452 305 1453 312 1454 304 1455 351 1456 842 1457 351 1458 867 1459 842 1460 851 1461 314 1462 864 1463 314 1464 316 1465 864 1466 321 1467 319 1468 323 1469 319 1470 862 1471 323 1472 324 1473 321 1474 327 1475 321 1476 323 1477 327 1478 311 1479 332 1480 315 1481 332 1482 326 1483 315 1484 324 1485 327 1486 311 1487 327 1488 332 1489 311 1490 323 1491 334 1492 327 1493 334 1494 333 1495 327 1496 312 1497 313 1498 314 1499 313 1500 316 1501 314 1502 313 1503 311 1504 316 1505 311 1506 315 1507 316 1508 856 1509 341 1510 335 1511 341 1512 310 1513 335 1514 338 1515 859 1516 319 1517 859 1518 862 1519 319 1520 859 1521 338 1522 858 1523 858 1524 338 1525 320 1526 338 1527 322 1528 320 1529 338 1530 319 1531 322 1532 319 1533 321 1534 322 1535 320 1536 322 1537 309 1538 322 1539 325 1540 309 1541 322 1542 321 1543 325 1544 321 1545 324 1546 325 1547 328 1548 326 1549 330 1550 326 1551 329 1552 330 1553 862 1554 863 1555 323 1556 863 1557 334 1558 323 1559 329 1560 326 1561 331 1562 326 1563 332 1564 331 1565 327 1566 333 1567 332 1568 333 1569 331 1570 332 1571 309 1572 325 1573 312 1574 325 1575 313 1576 312 1577 325 1578 324 1579 313 1580 324 1581 311 1582 313 1583 315 1584 864 1585 316 1586 297 1587 299 1588 339 1589 299 1590 288 1591 339 1592 294 1593 288 1594 300 1595 288 1596 299 1597 300 1598 857 1599 337 1600 856 1601 337 1602 341 1603 856 1604 293 1605 340 1606 290 1607 340 1608 860 1609 290 1610 289 1611 296 1612 293 1613 296 1614 340 1615 293 1616 317 1617 318 1618 337 1619 318 1620 341 1621 337 1622 310 1623 341 1624 336 1625 341 1626 318 1627 336 1628 342 1629 204 1630 349 1631 204 1632 205 1633 349 1634 344 1635 201 1636 350 1637 201 1638 202 1639 350 1640 346 1641 203 1642 342 1643 203 1644 204 1645 342 1646 350 1647 202 1648 346 1649 202 1650 203 1651 346 1652 347 1653 220 1654 345 1655 220 1656 200 1657 345 1658 345 1659 200 1660 344 1661 200 1662 201 1663 344 1664 348 1665 206 1666 343 1667 206 1668 221 1669 343 1670 349 1671 205 1672 348 1673 205 1674 206 1675 348 1676 345 1677 865 1678 838 1679 353 1680 352 1681 328 1682 352 1683 864 1684 328 1685 354 1686 301 1687 353 1688 301 1689 302 1690 353 1691 330 1692 354 1693 328 1694 354 1695 353 1696 328 1697 302 1698 298 1699 353 1700 298 1701 352 1702 353 1703 222 1704 355 1705 198 1706 355 1707 356 1708 198 1709 227 1710 218 1711 226 1712 218 1713 360 1714 226 1715 226 1716 360 1717 214 1718 360 1719 361 1720 214 1721 208 1722 368 1723 223 1724 368 1725 369 1726 223 1727 209 1728 367 1729 208 1730 367 1731 368 1732 208 1733 210 1734 366 1735 209 1736 366 1737 367 1738 209 1739 211 1740 365 1741 210 1742 365 1743 366 1744 210 1745 212 1746 364 1747 211 1748 364 1749 365 1750 211 1751 207 1752 363 1753 212 1754 363 1755 364 1756 212 1757 213 1758 362 1759 207 1760 362 1761 363 1762 207 1763 214 1764 361 1765 213 1766 361 1767 362 1768 213 1769 215 1770 359 1771 218 1772 359 1773 360 1774 218 1775 216 1776 358 1777 215 1778 358 1779 359 1780 215 1781 224 1782 357 1783 216 1784 357 1785 358 1786 216 1787 358 1788 357 1789 377 1790 357 1791 374 1792 377 1793 371 1794 370 1795 380 1796 370 1797 381 1798 380 1799 359 1800 358 1801 376 1802 358 1803 377 1804 376 1805 372 1806 371 1807 379 1808 371 1809 380 1810 379 1811 360 1812 359 1813 375 1814 359 1815 376 1816 375 1817 373 1818 372 1819 378 1820 372 1821 379 1822 378 1823 362 1824 375 1825 363 1826 375 1827 373 1828 363 1829 363 1830 373 1831 364 1832 373 1833 378 1834 364 1835 378 1836 366 1837 364 1838 366 1839 365 1840 364 1841 374 1842 370 1843 377 1844 370 1845 371 1846 377 1847 377 1848 371 1849 376 1850 371 1851 372 1852 376 1853 376 1854 372 1855 375 1856 372 1857 373 1858 375 1859 361 1860 360 1861 362 1862 360 1863 375 1864 362 1865 380 1866 368 1867 379 1868 368 1869 367 1870 379 1871 381 1872 369 1873 380 1874 369 1875 368 1876 380 1877 379 1878 367 1879 378 1880 367 1881 366 1882 378 1883 927 1884 507 1885 925 1886 507 1887 512 1888 925 1889 747 1890 163 1891 926 1892 163 1893 508 1894 926 1895 923 1896 510 1897 745 1898 510 1899 159 1900 745 1901 921 1902 506 1903 924 1904 506 1905 511 1906 924 1907 925 1908 512 1909 922 1910 512 1911 509 1912 922 1913 508 1914 507 1915 948 1916 507 1917 927 1918 948 1919 924 1920 511 1921 923 1922 511 1923 510 1924 923 1925 922 1926 509 1927 921 1928 509 1929 506 1930 921 1931 870 1932 875 1933 868 1934 875 1935 877 1936 868 1937 382 1938 401 1939 383 1940 401 1941 894 1942 383 1943 686 1944 869 1945 41 1946 869 1947 405 1948 41 1949 871 1950 888 1951 404 1952 888 1953 893 1954 404 1955 881 1956 413 1957 890 1958 413 1959 892 1960 890 1961 880 1962 412 1963 881 1964 412 1965 413 1966 881 1967 879 1968 406 1969 880 1970 406 1971 412 1972 880 1973 878 1974 411 1975 879 1976 411 1977 406 1978 879 1979 874 1980 410 1981 878 1982 410 1983 411 1984 878 1985 876 1986 407 1987 873 1988 407 1989 408 1990 873 1991 690 1992 42 1993 876 1994 42 1995 407 1996 876 1997 872 1998 409 1999 874 2000 409 2001 410 2002 874 2003 873 2004 408 2005 872 2006 408 2007 409 2008 872 2009 883 2010 884 2011 698 2012 884 2013 700 2014 698 2015 882 2016 885 2017 883 2018 885 2019 884 2020 883 2021 886 2022 888 2023 895 2024 888 2025 871 2026 895 2027 171 2028 37 2029 516 2030 37 2031 403 2032 516 2033 403 2034 401 2035 516 2036 401 2037 382 2038 516 2039 417 2040 889 2041 414 2042 889 2043 891 2044 414 2045 882 2046 887 2047 885 2048 887 2049 418 2050 885 2051 901 2052 54 2053 900 2054 54 2055 58 2056 900 2057 435 2058 424 2059 455 2060 424 2061 445 2062 455 2063 446 2064 905 2065 454 2066 905 2067 904 2068 454 2069 60 2070 910 2071 739 2072 910 2073 908 2074 739 2075 898 2076 720 2077 460 2078 720 2079 85 2080 460 2081 903 2082 902 2083 428 2084 902 2085 427 2086 428 2087 428 2088 427 2089 912 2090 427 2091 911 2092 912 2093 449 2094 906 2095 452 2096 906 2097 907 2098 452 2099 452 2100 907 2101 457 2102 907 2103 899 2104 457 2105 434 2106 422 2107 435 2108 422 2109 424 2110 435 2111 423 2112 434 2113 425 2114 434 2115 435 2116 425 2117 902 2118 448 2119 427 2120 448 2121 451 2122 427 2123 900 2124 58 2125 913 2126 58 2127 86 2128 913 2129 454 2130 904 2131 449 2132 904 2133 906 2134 449 2135 425 2136 435 2137 915 2138 435 2139 455 2140 915 2141 99 2142 61 2143 918 2144 61 2145 438 2146 918 2147 899 2148 898 2149 457 2150 898 2151 460 2152 457 2153 440 2154 441 2155 436 2156 441 2157 909 2158 436 2159 437 2160 439 2161 440 2162 439 2163 441 2164 440 2165 909 2166 441 2167 461 2168 439 2169 920 2170 441 2171 920 2172 461 2173 441 2174 427 2175 451 2176 911 2177 451 2178 458 2179 911 2180 897 2181 896 2182 56 2183 896 2184 59 2185 56 2186 431 2187 442 2188 432 2189 442 2190 443 2191 432 2192 429 2193 420 2194 430 2195 420 2196 419 2197 430 2198 433 2199 444 2200 421 2201 444 2202 426 2203 421 2204 432 2205 443 2206 433 2207 443 2208 444 2209 433 2210 430 2211 419 2212 431 2213 419 2214 442 2215 431 2216 738 2217 62 2218 429 2219 62 2220 420 2221 429 2222 86 2223 102 2224 913 2225 102 2226 914 2227 913 2228 102 2229 101 2230 914 2231 101 2232 446 2233 914 2234 455 2235 456 2236 915 2237 456 2238 916 2239 915 2240 456 2241 454 2242 916 2243 454 2244 449 2245 916 2246 445 2247 447 2248 455 2249 447 2250 456 2251 455 2252 447 2253 446 2254 456 2255 446 2256 454 2257 456 2258 85 2259 100 2260 460 2261 100 2262 917 2263 460 2264 100 2265 99 2266 917 2267 99 2268 918 2269 917 2270 448 2271 450 2272 451 2273 450 2274 453 2275 451 2276 450 2277 449 2278 453 2279 449 2280 452 2281 453 2282 460 2283 462 2284 457 2285 462 2286 919 2287 457 2288 462 2289 461 2290 919 2291 461 2292 920 2293 919 2294 451 2295 453 2296 458 2297 453 2298 459 2299 458 2300 453 2301 452 2302 459 2303 452 2304 457 2305 459 2306 57 2307 905 2308 101 2309 905 2310 446 2311 101 2312 936 2313 934 2314 485 2315 934 2316 477 2317 485 2318 480 2319 479 2320 490 2321 479 2322 478 2323 490 2324 483 2325 476 2326 480 2327 476 2328 479 2329 480 2330 490 2331 478 2332 942 2333 478 2334 945 2335 942 2336 933 2337 932 2338 756 2339 932 2340 753 2341 756 2342 930 2343 928 2344 933 2345 928 2346 932 2347 933 2348 474 2349 475 2350 931 2351 475 2352 929 2353 931 2354 465 2355 944 2356 467 2357 944 2358 940 2359 467 2360 467 2361 940 2362 466 2363 940 2364 939 2365 466 2366 466 2367 939 2368 463 2369 939 2370 938 2371 463 2372 463 2373 938 2374 469 2375 938 2376 937 2377 469 2378 949 2379 469 2380 935 2381 469 2382 937 2383 935 2384 498 2385 947 2386 496 2387 947 2388 486 2389 496 2390 485 2391 477 2392 483 2393 477 2394 476 2395 483 2396 475 2397 513 2398 929 2399 513 2400 950 2401 929 2402 936 2403 485 2404 947 2405 485 2406 487 2407 947 2408 491 2409 489 2410 493 2411 489 2412 946 2413 493 2414 494 2415 491 2416 497 2417 491 2418 493 2419 497 2420 482 2421 499 2422 486 2423 499 2424 496 2425 486 2426 494 2427 497 2428 482 2429 497 2430 499 2431 482 2432 493 2433 150 2434 497 2435 150 2436 149 2437 497 2438 483 2439 484 2440 485 2441 484 2442 487 2443 485 2444 484 2445 482 2446 487 2447 482 2448 486 2449 487 2450 941 2451 505 2452 500 2453 505 2454 481 2455 500 2456 502 2457 943 2458 489 2459 943 2460 946 2461 489 2462 943 2463 502 2464 942 2465 942 2466 502 2467 490 2468 502 2469 492 2470 490 2471 502 2472 489 2473 492 2474 489 2475 491 2476 492 2477 490 2478 492 2479 480 2480 492 2481 495 2482 480 2483 492 2484 491 2485 495 2486 491 2487 494 2488 495 2489 498 2490 496 2491 146 2492 496 2493 145 2494 146 2495 946 2496 771 2497 493 2498 771 2499 150 2500 493 2501 145 2502 496 2503 147 2504 496 2505 499 2506 147 2507 497 2508 149 2509 499 2510 149 2511 147 2512 499 2513 480 2514 495 2515 483 2516 495 2517 484 2518 483 2519 495 2520 494 2521 484 2522 494 2523 482 2524 484 2525 486 2526 947 2527 487 2528 470 2529 472 2530 503 2531 472 2532 464 2533 503 2534 110 2535 464 2536 116 2537 464 2538 472 2539 116 2540 765 2541 153 2542 941 2543 153 2544 505 2545 941 2546 468 2547 504 2548 465 2549 504 2550 944 2551 465 2552 105 2553 112 2554 468 2555 112 2556 504 2557 468 2558 133 2559 488 2560 153 2561 488 2562 505 2563 153 2564 481 2565 505 2566 501 2567 505 2568 488 2569 501 2570 506 2571 388 2572 511 2573 388 2574 389 2575 511 2576 507 2577 385 2578 512 2579 385 2580 386 2581 512 2582 509 2583 387 2584 506 2585 387 2586 388 2587 506 2588 512 2589 386 2590 509 2591 386 2592 387 2593 509 2594 163 2595 32 2596 508 2597 32 2598 384 2599 508 2600 508 2601 384 2602 507 2603 384 2604 385 2605 507 2606 510 2607 390 2608 159 2609 390 2610 33 2611 159 2612 511 2613 389 2614 510 2615 389 2616 390 2617 510 2618 508 2619 948 2620 926 2621 515 2622 514 2623 498 2624 514 2625 947 2626 498 2627 170 2628 117 2629 515 2630 117 2631 473 2632 515 2633 146 2634 170 2635 498 2636 170 2637 515 2638 498 2639 473 2640 471 2641 515 2642 471 2643 514 2644 515 2645 34 2646 171 2647 382 2648 171 2649 516 2650 382 2651 416 2652 402 2653 415 2654 402 2655 519 2656 415 2657 415 2658 519 2659 398 2660 519 2661 520 2662 398 2663 392 2664 527 2665 35 2666 527 2667 185 2668 35 2669 393 2670 526 2671 392 2672 526 2673 527 2674 392 2675 394 2676 525 2677 393 2678 525 2679 526 2680 393 2681 395 2682 524 2683 394 2684 524 2685 525 2686 394 2687 396 2688 523 2689 395 2690 523 2691 524 2692 395 2693 391 2694 522 2695 396 2696 522 2697 523 2698 396 2699 397 2700 521 2701 391 2702 521 2703 522 2704 391 2705 398 2706 520 2707 397 2708 520 2709 521 2710 397 2711 399 2712 518 2713 402 2714 518 2715 519 2716 402 2717 400 2718 517 2719 399 2720 517 2721 518 2722 399 2723 36 2724 173 2725 400 2726 173 2727 517 2728 400 2729 517 2730 173 2731 533 2732 173 2733 190 2734 533 2735 528 2736 186 2737 536 2738 186 2739 197 2740 536 2741 518 2742 517 2743 532 2744 517 2745 533 2746 532 2747 529 2748 528 2749 535 2750 528 2751 536 2752 535 2753 519 2754 518 2755 531 2756 518 2757 532 2758 531 2759 530 2760 529 2761 534 2762 529 2763 535 2764 534 2765 521 2766 531 2767 522 2768 531 2769 530 2770 522 2771 522 2772 530 2773 523 2774 530 2775 534 2776 523 2777 534 2778 525 2779 523 2780 525 2781 524 2782 523 2783 190 2784 186 2785 533 2786 186 2787 528 2788 533 2789 533 2790 528 2791 532 2792 528 2793 529 2794 532 2795 532 2796 529 2797 531 2798 529 2799 530 2800 531 2801 520 2802 519 2803 521 2804 519 2805 531 2806 521 2807 536 2808 527 2809 535 2810 527 2811 526 2812 535 2813 197 2814 185 2815 536 2816 185 2817 527 2818 536 2819 535 2820 526 2821 534 2822 526 2823 525 2824 534 2825 1006 2826 1004 2827 650 2828 1004 2829 655 2830 650 2831 839 2832 1005 2833 347 2834 1005 2835 651 2836 347 2837 1002 2838 837 2839 653 2840 837 2841 343 2842 653 2843 1000 2844 1003 2845 649 2846 1003 2847 654 2848 649 2849 1004 2850 1001 2851 655 2852 1001 2853 652 2854 655 2855 651 2856 1027 2857 650 2858 1027 2859 1006 2860 650 2861 1003 2862 1002 2863 654 2864 1002 2865 653 2866 654 2867 1001 2868 1000 2869 652 2870 1000 2871 649 2872 652 2873 953 2874 951 2875 875 2876 951 2877 877 2878 875 2879 537 2880 538 2881 556 2882 538 2883 973 2884 556 2885 782 2886 41 2887 952 2888 41 2889 405 2890 952 2891 954 2892 404 2893 969 2894 404 2895 893 2896 969 2897 962 2898 971 2899 413 2900 971 2901 892 2902 413 2903 961 2904 962 2905 412 2906 962 2907 413 2908 412 2909 960 2910 961 2911 406 2912 961 2913 412 2914 406 2915 959 2916 960 2917 411 2918 960 2919 406 2920 411 2921 957 2922 959 2923 410 2924 959 2925 411 2926 410 2927 958 2928 956 2929 407 2930 956 2931 408 2932 407 2933 785 2934 958 2935 42 2936 958 2937 407 2938 42 2939 955 2940 957 2941 409 2942 957 2943 410 2944 409 2945 956 2946 955 2947 408 2948 955 2949 409 2950 408 2951 964 2952 792 2953 965 2954 792 2955 794 2956 965 2957 963 2958 964 2959 966 2960 964 2961 965 2962 966 2963 967 2964 974 2965 969 2966 974 2967 954 2968 969 2969 355 2970 659 2971 225 2972 659 2973 558 2974 225 2975 558 2976 659 2977 556 2978 659 2979 537 2980 556 2981 417 2982 414 2983 970 2984 414 2985 972 2986 970 2987 963 2988 966 2989 968 2990 966 2991 561 2992 968 2993 980 2994 979 2995 238 2996 979 2997 242 2998 238 2999 578 3000 598 3001 567 3002 598 3003 588 3004 567 3005 589 3006 597 3007 984 3008 597 3009 983 3010 984 3011 244 3012 831 3013 989 3014 831 3015 987 3016 989 3017 977 3018 603 3019 812 3020 603 3021 269 3022 812 3023 982 3024 571 3025 981 3026 571 3027 570 3028 981 3029 571 3030 991 3031 570 3032 991 3033 990 3034 570 3035 592 3036 595 3037 985 3038 595 3039 986 3040 985 3041 595 3042 600 3043 986 3044 600 3045 978 3046 986 3047 577 3048 578 3049 565 3050 578 3051 567 3052 565 3053 566 3054 568 3055 577 3056 568 3057 578 3058 577 3059 981 3060 570 3061 591 3062 570 3063 594 3064 591 3065 979 3066 992 3067 242 3068 992 3069 270 3070 242 3071 597 3072 592 3073 983 3074 592 3075 985 3076 983 3077 568 3078 994 3079 578 3080 994 3081 598 3082 578 3083 283 3084 997 3085 245 3086 997 3087 581 3088 245 3089 978 3090 600 3091 977 3092 600 3093 603 3094 977 3095 583 3096 579 3097 584 3098 579 3099 988 3100 584 3101 580 3102 583 3103 582 3104 583 3105 584 3106 582 3107 988 3108 604 3109 584 3110 582 3111 584 3112 999 3113 584 3114 604 3115 999 3116 570 3117 990 3118 594 3119 990 3120 601 3121 594 3122 976 3123 240 3124 975 3125 240 3126 243 3127 975 3128 574 3129 575 3130 585 3131 575 3132 586 3133 585 3134 572 3135 573 3136 563 3137 573 3138 562 3139 563 3140 576 3141 564 3142 587 3143 564 3144 569 3145 587 3146 575 3147 576 3148 586 3149 576 3150 587 3151 586 3152 573 3153 574 3154 562 3155 574 3156 585 3157 562 3158 830 3159 572 3160 246 3161 572 3162 563 3163 246 3164 270 3165 992 3166 286 3167 992 3168 993 3169 286 3170 286 3171 993 3172 285 3173 993 3174 589 3175 285 3176 598 3177 994 3178 599 3179 994 3180 995 3181 599 3182 599 3183 995 3184 597 3185 995 3186 592 3187 597 3188 588 3189 598 3190 590 3191 598 3192 599 3193 590 3194 590 3195 599 3196 589 3197 599 3198 597 3199 589 3200 269 3201 603 3202 284 3203 603 3204 996 3205 284 3206 284 3207 996 3208 283 3209 996 3210 997 3211 283 3212 591 3213 594 3214 593 3215 594 3216 596 3217 593 3218 593 3219 596 3220 592 3221 596 3222 595 3223 592 3224 603 3225 600 3226 605 3227 600 3228 998 3229 605 3230 605 3231 998 3232 604 3233 998 3234 999 3235 604 3236 594 3237 601 3238 596 3239 601 3240 602 3241 596 3242 596 3243 602 3244 595 3245 602 3246 600 3247 595 3248 241 3249 285 3250 984 3251 285 3252 589 3253 984 3254 1015 3255 628 3256 1013 3257 628 3258 620 3259 1013 3260 623 3261 633 3262 622 3263 633 3264 621 3265 622 3266 626 3267 623 3268 619 3269 623 3270 622 3271 619 3272 633 3273 1021 3274 621 3275 1021 3276 1024 3277 621 3278 1012 3279 848 3280 1011 3281 848 3282 845 3283 1011 3284 1009 3285 1012 3286 1007 3287 1012 3288 1011 3289 1007 3290 617 3291 1010 3292 618 3293 1010 3294 1008 3295 618 3296 608 3297 610 3298 1023 3299 610 3300 1019 3301 1023 3302 610 3303 609 3304 1019 3305 609 3306 1018 3307 1019 3308 609 3309 606 3310 1018 3311 606 3312 1017 3313 1018 3314 606 3315 612 3316 1017 3317 612 3318 1016 3319 1017 3320 1028 3321 1014 3322 612 3323 1014 3324 1016 3325 612 3326 641 3327 639 3328 1026 3329 639 3330 629 3331 1026 3332 628 3333 626 3334 620 3335 626 3336 619 3337 620 3338 618 3339 1008 3340 656 3341 1008 3342 1029 3343 656 3344 1015 3345 1026 3346 628 3347 1026 3348 630 3349 628 3350 634 3351 636 3352 632 3353 636 3354 1025 3355 632 3356 637 3357 640 3358 634 3359 640 3360 636 3361 634 3362 625 3363 629 3364 642 3365 629 3366 639 3367 642 3368 637 3369 625 3370 640 3371 625 3372 642 3373 640 3374 636 3375 640 3376 334 3377 640 3378 333 3379 334 3380 626 3381 628 3382 627 3383 628 3384 630 3385 627 3386 627 3387 630 3388 625 3389 630 3390 629 3391 625 3392 1020 3393 643 3394 648 3395 643 3396 624 3397 648 3398 645 3399 632 3400 1022 3401 632 3402 1025 3403 1022 3404 1022 3405 1021 3406 645 3407 1021 3408 633 3409 645 3410 633 3411 635 3412 645 3413 645 3414 635 3415 632 3416 635 3417 634 3418 632 3419 633 3420 623 3421 635 3422 623 3423 638 3424 635 3425 635 3426 638 3427 634 3428 638 3429 637 3430 634 3431 641 3432 330 3433 639 3434 330 3435 329 3436 639 3437 1025 3438 636 3439 863 3440 636 3441 334 3442 863 3443 329 3444 331 3445 639 3446 331 3447 642 3448 639 3449 640 3450 642 3451 333 3452 642 3453 331 3454 333 3455 623 3456 626 3457 638 3458 626 3459 627 3460 638 3461 638 3462 627 3463 637 3464 627 3465 625 3466 637 3467 629 3468 630 3469 1026 3470 613 3471 646 3472 615 3473 646 3474 607 3475 615 3476 294 3477 300 3478 607 3479 300 3480 615 3481 607 3482 857 3483 1020 3484 337 3485 1020 3486 648 3487 337 3488 611 3489 608 3490 647 3491 608 3492 1023 3493 647 3494 289 3495 611 3496 296 3497 611 3498 647 3499 296 3500 317 3501 337 3502 631 3503 337 3504 648 3505 631 3506 624 3507 644 3508 648 3509 644 3510 631 3511 648 3512 649 3513 654 3514 543 3515 654 3516 544 3517 543 3518 650 3519 655 3520 540 3521 655 3522 541 3523 540 3524 652 3525 649 3526 542 3527 649 3528 543 3529 542 3530 655 3531 652 3532 541 3533 652 3534 542 3535 541 3536 347 3537 651 3538 220 3539 651 3540 539 3541 220 3542 651 3543 650 3544 539 3545 650 3546 540 3547 539 3548 653 3549 343 3550 545 3551 343 3552 221 3553 545 3554 654 3555 653 3556 544 3557 653 3558 545 3559 544 3560 651 3561 1005 3562 1027 3563 658 3564 641 3565 657 3566 641 3567 1026 3568 657 3569 354 3570 658 3571 301 3572 658 3573 616 3574 301 3575 330 3576 641 3577 354 3578 641 3579 658 3580 354 3581 616 3582 658 3583 614 3584 658 3585 657 3586 614 3587 222 3588 537 3589 355 3590 537 3591 659 3592 355 3593 560 3594 559 3595 557 3596 559 3597 662 3598 557 3599 559 3600 553 3601 662 3602 553 3603 663 3604 662 3605 547 3606 223 3607 670 3608 223 3609 369 3610 670 3611 548 3612 547 3613 669 3614 547 3615 670 3616 669 3617 549 3618 548 3619 668 3620 548 3621 669 3622 668 3623 550 3624 549 3625 667 3626 549 3627 668 3628 667 3629 551 3630 550 3631 666 3632 550 3633 667 3634 666 3635 546 3636 551 3637 665 3638 551 3639 666 3640 665 3641 552 3642 546 3643 664 3644 546 3645 665 3646 664 3647 553 3648 552 3649 663 3650 552 3651 664 3652 663 3653 554 3654 557 3655 661 3656 557 3657 662 3658 661 3659 555 3660 554 3661 660 3662 554 3663 661 3664 660 3665 224 3666 555 3667 357 3668 555 3669 660 3670 357 3671 660 3672 676 3673 357 3674 676 3675 374 3676 357 3677 671 3678 679 3679 370 3680 679 3681 381 3682 370 3683 661 3684 675 3685 660 3686 675 3687 676 3688 660 3689 672 3690 678 3691 671 3692 678 3693 679 3694 671 3695 662 3696 674 3697 661 3698 674 3699 675 3700 661 3701 673 3702 677 3703 672 3704 677 3705 678 3706 672 3707 664 3708 665 3709 674 3710 665 3711 673 3712 674 3713 665 3714 666 3715 673 3716 666 3717 677 3718 673 3719 677 3720 666 3721 668 3722 666 3723 667 3724 668 3725 374 3726 676 3727 370 3728 676 3729 671 3730 370 3731 676 3732 675 3733 671 3734 675 3735 672 3736 671 3737 675 3738 674 3739 672 3740 674 3741 673 3742 672 3743 663 3744 664 3745 662 3746 664 3747 674 3748 662 3749 679 3750 678 3751 670 3752 678 3753 669 3754 670 3755 381 3756 679 3757 369 3758 679 3759 670 3760 369 3761 678 3762 677 3763 669 3764 677 3765 668 3766 669 3767</p>
				</triangles>
			</mesh>
		</geometry>
		<geometry id="3816-mesh" name="3816">
			<mesh>
				<source id="3816-mesh-positions">
					<float_array id="3816-mesh-positions-array" count="1254">-1.8 -0.748 -1.7 -1.8 2.1 -1.7 1 2.1 -1.7 0 -1.6 -1.7 -0.918 -1.417 -1.7 -1.703 -0.899 -1.7 0 3.286 -1.7 -2.212 -0.126 -1.7 0.481 3.157 -1.7 -2.4 0.931 -1.7 -0.481 3.157 -1.7 0 -4.8 -2 -0.918 -4.983 -2 -1.697 -5.503 -2 -2.217 -6.282 -2 -2.4 -7.2 -2 -2.217 -8.118 -2 -1.697 -8.897 -2 -0.918 -9.417 -2 0 -9.6 -2 0.918 -9.417 -2 1.697 -8.897 -2 2.217 -8.118 -2 2.4 -7.2 -2 2.217 -6.282 -2 1.697 -5.503 -2 0.918 -4.983 -2 0 -4.8 -3.6 -0.918 -4.983 -3.6 -1.697 -5.503 -3.6 -2.217 -6.282 -3.6 -2.4 -7.2 -3.6 -2.217 -8.118 -3.6 -1.697 -8.897 -3.6 -0.918 -9.417 -3.6 0 -9.6 -3.6 0.918 -9.417 -3.6 1.697 -8.897 -3.6 2.217 -8.118 -3.6 2.4 -7.2 -3.6 2.217 -6.282 -3.6 1.697 -5.503 -3.6 0.918 -4.983 -3.6 -1.697 -0.897 1.881 -0.918 -1.417 1.541 0 -1.6 1.311 0.918 -1.417 1.541 0 3.286 -1.393 -0.634 3.116 -1.797 -1.702 2.543 -2.545 -2.2 1.798 -3.117 -2.4 0.931 -3.476 -2.212 -0.126 -3.6 -1.703 -0.899 -3.6 -0.918 -1.417 -3.6 0 -1.6 -3.6 0.918 -1.417 -3.6 1.7 -0.899 -3.6 2.219 -0.12 -3.6 2.4 0.931 -3.476 2.208 1.798 -3.117 1.702 2.543 -2.545 0.634 3.116 -1.797 3.16 0 -3.6 3.16 -2.963 2 3.16 -2.544 2.543 3.16 -1.799 3.115 3.16 -0.932 3.474 3.16 0 3.597 3.16 0.931 3.474 3.16 1.798 3.115 3.16 2.543 2.543 3.16 3.115 1.798 3.16 3.475 0.93 3.16 3.6 0 3.16 3.475 -0.932 3.16 3.115 -1.798 3.16 2.543 -2.545 3.16 1.798 -3.117 3.16 0.931 -3.476 -3.319 0 -3.599 -3.406 -2.544 2.543 -3.381 -1.799 3.115 -3.319 0 3.597 -3.287 0.931 3.474 -3.233 2.543 2.543 -3.2 3.475 0.93 -3.2 3.475 -0.932 -3.208 3.115 -1.798 -3.233 2.543 -2.545 -3.258 1.798 -3.117 -3.287 0.931 -3.476 3.16 -3.265 2 3.16 -3.78 0.806 3.16 -3.899 0 3.16 -3.773 -0.932 3.16 -3.46 -1.85 3.16 -2.976 -2.545 3.16 -2.392 -3.117 3.16 -1.936 -3.481 3.16 -1.718 -3.6 3.5 -1.718 -3.6 3.5 -1.936 -3.481 3.5 -2.392 -3.117 3.5 -2.976 -2.545 3.5 -3.46 -1.85 3.5 -3.773 -0.932 3.5 -3.899 0 3.5 -3.78 0.806 3.5 -3.265 2 3.5 -11.18 -3.6 -3.7 -11.18 -3.6 -3.7 -11.18 4.36 2.4 -11.18 2.8 3.5 -8 2 -3.592 -8 2 3.5 -8 4.36 3.5 -11.18 4.36 2.4 -11.18 -2 1 -0.459 -1.109 1 -0.849 -0.849 1 -1.109 -0.459 1 -1.2 0 1 -1.109 0.459 1 -0.849 0.849 1 -0.459 1.109 1 0 1.2 1 0.459 1.109 1 0.849 0.849 1 1.109 0.459 1 1.2 0 1 1.109 -0.459 1 0.849 -0.849 1 0.459 -1.109 1 0 -1.2 -3.42 -2.963 2 -3.351 -0.932 3.474 -3.258 1.798 3.115 -3.213 3.115 1.798 -3.197 3.6 0 -3.592 -8 4.36 -2.4 -11.18 -2 -2.4 -11.18 2.8 -2.4 -9.2 1.2 -2.4 -9.2 2.8 2.4 -9.2 1.2 2.4 -9.2 2.8 2.4 -2.2 -2 2.4 -2.2 1.2 -2.4 -2.2 -2 -2.4 -2.2 1.2 -1.8 1.558 1.393 -1.8 -0.748 1.921 -1.8 0.8 1.936 1.702 2.543 -1.7 2.219 -0.12 -1.7 2.4 0.896 -1.7 2.209 1.755 -1.7 0.918 -1.417 -1.7 -2.2 1.798 -1.7 3.16 0 -1.2 3.16 0.459 -1.109 3.16 0.849 -0.849 3.16 1.109 -0.459 3.16 1.2 0 3.16 1.109 0.459 3.16 0.849 0.849 3.16 0.459 1.109 3.16 0 1.2 3.16 -0.459 1.109 3.16 -0.849 0.849 3.16 -1.109 0.459 3.16 -1.2 0 3.16 -1.109 -0.459 3.16 -0.849 -0.849 3.16 -0.459 -1.109 1.98 2.1 -1.7 1.7 -0.899 -1.7 1 -1.362 -1.7 -1.702 2.543 -1.7 -0.634 3.116 -1.7 0.634 3.116 -1.7 -1.8 2.1 0.699 1 2.1 0.699 -1.8 -0.118 2.074 1 -1.365 1.574 1 -0.897 1.881 1 -0.118 2.074 1 0.8 1.936 1 1.558 1.393 -1.8 -0.748 -1.7 -1.8 -0.748 -1.7 -1.8 2.1 -1.7 -1.8 2.1 -1.7 0 3.286 -1.7 0.481 3.157 -1.7 0.481 3.157 -1.7 0.481 3.157 -1.7 -0.481 3.157 -1.7 -0.481 3.157 -1.7 -0.481 3.157 -1.7 0 3.286 -1.393 -2.2 1.798 -1.7 -1.702 2.543 -1.7 1 2.1 -1.7 1 2.1 -1.7 1 -1.362 -1.7 1 -1.362 -1.7 0 -4.8 -2 -0.918 -4.983 -2 -1.697 -5.503 -2 -2.217 -6.282 -2 -2.4 -7.2 -2 -2.4 -7.2 -2 -2.4 -7.2 -2 -2.217 -8.118 -2 -1.697 -8.897 -2 -0.918 -9.417 -2 0 -9.6 -2 0.918 -9.417 -2 1.697 -8.897 -2 2.217 -8.118 -2 2.4 -7.2 -2 2.4 -7.2 -2 2.4 -7.2 -2 2.217 -6.282 -2 1.697 -5.503 -2 0.918 -4.983 -2 0 -4.8 -3.6 -0.918 -4.983 -3.6 -1.697 -5.503 -3.6 -2.217 -6.282 -3.6 -2.4 -7.2 -3.6 -2.217 -8.118 -3.6 -1.697 -8.897 -3.6 -0.918 -9.417 -3.6 0 -9.6 -3.6 0.918 -9.417 -3.6 1.697 -8.897 -3.6 2.217 -8.118 -3.6 2.4 -7.2 -3.6 2.217 -6.282 -3.6 1.697 -5.503 -3.6 0.918 -4.983 -3.6 -1.697 -0.897 1.881 -0.918 -1.417 1.541 0 -1.6 1.311 0.918 -1.417 1.541 -0.634 3.116 -1.797 -1.702 2.543 -2.545 -2.2 1.798 -3.117 -2.4 0.931 -3.476 -2.212 -0.126 -3.6 -1.703 -0.899 -3.6 -0.918 -1.417 -3.6 0 -1.6 -3.6 0.918 -1.417 -3.6 1.7 -0.899 -3.6 2.219 -0.12 -3.6 2.4 0.931 -3.476 2.208 1.798 -3.117 1.702 2.543 -2.545 0.634 3.116 -1.797 -3.197 3.6 0 -3.2 3.475 -0.932 -3.213 3.115 1.798 -3.2 3.475 0.93 -3.258 1.798 3.115 -3.233 2.543 2.543 -3.351 -0.932 3.474 -3.319 0 3.597 -3.42 -2.963 2 -3.42 -2.963 2 -3.406 -2.544 2.543 3.16 -2.963 2 3.16 -2.963 2 3.16 -2.544 2.543 3.16 -1.799 3.115 -3.381 -1.799 3.115 3.16 -0.932 3.474 3.16 0 3.597 3.16 0.931 3.474 -3.287 0.931 3.474 3.16 1.798 3.115 3.16 2.543 2.543 3.16 3.115 1.798 3.16 3.475 0.93 3.16 3.6 0 3.16 3.475 -0.932 3.16 3.115 -1.798 -3.208 3.115 -1.798 3.16 2.543 -2.545 -3.233 2.543 -2.545 3.16 1.798 -3.117 -3.258 1.798 -3.117 3.16 0.931 -3.476 -3.287 0.931 -3.476 3.16 0 -3.6 -3.319 0 -3.599 3.16 -3.265 2 3.16 -3.265 2 3.16 -3.78 0.806 3.16 -3.899 0 3.16 -3.773 -0.932 3.16 -3.46 -1.85 3.16 -2.976 -2.545 -3.7 -11.18 -3.6 -3.7 -11.18 -3.6 3.16 -2.392 -3.117 3.16 -1.936 -3.481 3.16 -1.718 -3.6 3.16 -1.718 -3.6 3.5 -1.718 -3.6 3.5 -1.718 -3.6 3.5 -1.936 -3.481 3.5 -2.392 -3.117 3.5 -2.976 -2.545 3.5 -3.46 -1.85 3.5 -3.773 -0.932 3.5 -3.899 0 3.5 -3.78 0.806 3.5 -3.265 2 3.5 -3.265 2 2.4 -11.18 2.8 2.4 -11.18 2.8 2.4 -11.18 -2 2.4 -11.18 -2 3.5 -8 2 3.5 -8 2 3.5 -8 4.36 3.5 -8 4.36 3.5 -11.18 4.36 3.5 -11.18 4.36 3.5 -11.18 -3.6 3.5 -11.18 -3.6 1 0 -1.2 1 -0.459 -1.109 1 -0.849 -0.849 1 -1.109 -0.459 1 -1.2 0 1 -1.109 0.459 1 -0.849 0.849 1 -0.459 1.109 1 0 1.2 1 0.459 1.109 1 0.849 0.849 1 1.109 0.459 1 1.2 0 1 1.109 -0.459 1 0.849 -0.849 1 0.459 -1.109 -2.4 -11.18 -2 -2.4 -11.18 -2 -3.592 -8 4.36 -3.592 -8 4.36 -3.592 -8 2 -3.592 -8 2 -2.4 -9.2 1.2 -2.4 -9.2 1.2 -2.4 -9.2 2.8 -2.4 -9.2 2.8 2.4 -9.2 2.8 2.4 -9.2 2.8 2.4 -9.2 1.2 2.4 -9.2 1.2 2.4 -2.2 1.2 2.4 -2.2 1.2 -2.4 -2.2 1.2 -2.4 -2.2 1.2 2.4 -2.2 -2 2.4 -2.2 -2 -2.4 -2.2 -2 -2.4 -2.2 -2 -2.4 -11.18 2.8 -2.4 -11.18 2.8 -3.7 -11.18 4.36 -3.7 -11.18 4.36 -1.8 -0.748 1.921 -1.8 -0.748 1.921 -1.8 -0.118 2.074 -1.8 0.8 1.936 -1.8 1.558 1.393 1 -1.365 1.574 1 -1.365 1.574 1.702 2.543 -1.7 1.98 2.1 -1.7 2.209 1.755 -1.7 2.219 -0.12 -1.7 1.7 -0.899 -1.7 2.4 0.896 -1.7 0.634 3.116 -1.7 -2.4 0.931 -1.7 -2.212 -0.126 -1.7 -0.634 3.116 -1.7 3.16 0.459 -1.109 3.16 0 -1.2 3.16 0.849 -0.849 3.16 1.109 -0.459 3.16 1.2 0 3.16 1.109 0.459 3.16 0.849 0.849 3.16 0.459 1.109 3.16 0 1.2 3.16 -0.459 1.109 3.16 -0.849 0.849 3.16 -1.109 0.459 3.16 -1.2 0 3.16 -1.109 -0.459 3.16 -0.849 -0.849 3.16 -0.459 -1.109 -1.8 2.1 0.699 -1.8 2.1 0.699 1 2.1 0.699 1 2.1 0.699 1 1.558 1.393 1 0.8 1.936 1 -0.118 2.074 1 -0.897 1.881</float_array>
					<technique_common>
						<accessor source="#3816-mesh-positions-array" count="418" stride="3">
							<param name="X" type="float"/>
							<param name="Y" type="float"/>
							<param name="Z" type="float"/>
						</accessor>
					</technique_common>
				</source>
				<source id="3816-mesh-map-0">
					<float_array id="3816-mesh-map-0-array" count="2304">0.932 0.084 0.914 0.049 0.926 0.115 0.297 0.974 0.297 0.918 0.275 0.918 0.297 0.974 0.329 0.97 0.297 0.918 0.329 0.97 0.329 0.918 0.297 0.918 0.355 0.959 0.355 0.918 0.329 0.97 0.355 0.918 0.329 0.918 0.329 0.97 0.275 0.918 0.27 0.918 0.297 0.974 0.27 0.918 0.27 0.974 0.297 0.974 0.926 0.115 0.914 0.049 0.914 0.134 0.242 0.974 0.27 0.974 0.242 0.918 0.27 0.974 0.27 0.918 0.242 0.918 0.651 0.616 0.666 0.616 0.651 0.607 0.59 0.698 0.562 0.727 0.62 0.74 0.562 0.727 0.606 0.756 0.62 0.74 0.59 0.698 0.62 0.74 0.628 0.676 0.62 0.74 0.64 0.733 0.628 0.676 0.673 0.676 0.628 0.676 0.661 0.732 0.628 0.676 0.64 0.733 0.661 0.732 0.713 0.694 0.673 0.676 0.681 0.739 0.673 0.676 0.661 0.732 0.681 0.739 0.743 0.725 0.713 0.694 0.696 0.754 0.713 0.694 0.681 0.739 0.696 0.754 0.758 0.765 0.743 0.725 0.704 0.773 0.743 0.725 0.696 0.754 0.704 0.773 0.757 0.807 0.758 0.765 0.703 0.795 0.758 0.765 0.704 0.773 0.703 0.795 0.741 0.846 0.757 0.807 0.696 0.815 0.757 0.807 0.703 0.795 0.696 0.815 0.712 0.876 0.741 0.846 0.682 0.831 0.741 0.846 0.696 0.815 0.682 0.831 0.673 0.893 0.712 0.876 0.663 0.839 0.712 0.876 0.682 0.831 0.663 0.839 0.631 0.893 0.673 0.893 0.643 0.84 0.673 0.893 0.663 0.839 0.643 0.84 0.592 0.876 0.631 0.893 0.623 0.832 0.631 0.893 0.643 0.84 0.623 0.832 0.562 0.846 0.592 0.876 0.608 0.817 0.592 0.876 0.623 0.832 0.608 0.817 0.546 0.807 0.562 0.846 0.599 0.798 0.562 0.846 0.608 0.817 0.599 0.798 0.546 0.765 0.546 0.807 0.599 0.776 0.546 0.807 0.599 0.798 0.599 0.776 0.562 0.727 0.546 0.765 0.606 0.756 0.546 0.765 0.599 0.776 0.606 0.756 0.232 0.018 0.232 0.112 0.467 0.018 0.232 0.112 0.302 0.112 0.467 0.018 0.23 0.834 0.425 0.843 0.22 0.695 0.425 0.843 0.43 0.695 0.22 0.695 0.675 0.039 0.675 0.018 0.481 0.039 0.675 0.018 0.481 0.018 0.481 0.039 0.673 0.094 0.674 0.066 0.481 0.094 0.674 0.066 0.481 0.066 0.481 0.094 0.671 0.149 0.672 0.122 0.481 0.149 0.672 0.122 0.481 0.122 0.481 0.149 0.923 0.162 0.923 0.154 0.913 0.162 0.923 0.154 0.913 0.154 0.913 0.162 0.923 0.179 0.923 0.162 0.913 0.179 0.923 0.162 0.913 0.162 0.913 0.179 0.923 0.203 0.923 0.179 0.913 0.203 0.923 0.179 0.913 0.179 0.913 0.203 0.923 0.228 0.923 0.203 0.913 0.228 0.923 0.203 0.913 0.203 0.913 0.228 0.923 0.257 0.923 0.228 0.913 0.257 0.923 0.228 0.913 0.228 0.913 0.257 0.923 0.284 0.923 0.257 0.913 0.284 0.923 0.257 0.913 0.257 0.913 0.284 0.923 0.308 0.923 0.284 0.913 0.308 0.923 0.284 0.913 0.284 0.913 0.308 0.923 0.347 0.923 0.308 0.913 0.347 0.923 0.308 0.913 0.308 0.913 0.347 0.538 0.695 0.443 0.695 0.538 0.836 0.443 0.695 0.443 0.836 0.538 0.836 0.32 0.453 0.227 0.453 0.32 0.523 0.227 0.453 0.227 0.688 0.32 0.523 0.674 0.066 0.675 0.039 0.481 0.066 0.675 0.039 0.481 0.039 0.481 0.066 0.672 0.122 0.673 0.094 0.481 0.122 0.673 0.094 0.481 0.094 0.481 0.122 0.67 0.177 0.671 0.149 0.481 0.177 0.671 0.149 0.481 0.149 0.481 0.177 0.22 0.834 0.23 0.834 0.22 0.695 0.23 0.834 0.23 0.843 0.425 0.843 0.889 0.283 0.889 0.141 0.842 0.283 0.889 0.141 0.842 0.141 0.842 0.283 0.58 0.878 0.438 0.878 0.58 0.936 0.438 0.878 0.438 0.936 0.58 0.936 0.406 0.982 0.618 0.982 0.438 0.936 0.618 0.982 0.58 0.936 0.438 0.936 0.772 0.982 0.981 0.982 0.772 0.888 0.981 0.982 0.984 0.888 0.772 0.888 0.007 0.904 0.213 0.904 0.007 0.763 0.213 0.904 0.213 0.763 0.007 0.763 0.539 0.349 0.539 0.301 0.481 0.443 0.539 0.301 0.481 0.301 0.481 0.443 0.021 0.487 0.021 0.515 0.209 0.487 0.021 0.515 0.209 0.515 0.209 0.487 0.669 0.233 0.669 0.205 0.481 0.233 0.669 0.205 0.481 0.205 0.481 0.233 0.919 0.367 0.919 0.576 0.989 0.367 0.919 0.576 0.989 0.576 0.989 0.367 0.209 0.376 0.209 0.348 0.187 0.376 0.209 0.348 0.181 0.345 0.187 0.376 0.116 0.472 0.021 0.487 0.209 0.487 0.668 0.288 0.668 0.26 0.481 0.288 0.668 0.26 0.481 0.26 0.481 0.288 0.668 0.26 0.669 0.233 0.481 0.26 0.669 0.233 0.481 0.233 0.481 0.26 0.83 0.225 0.783 0.225 0.83 0.283 0.783 0.225 0.688 0.283 0.83 0.283 0.669 0.205 0.67 0.177 0.481 0.205 0.67 0.177 0.481 0.177 0.481 0.205 0.728 0.56 0.734 0.559 0.728 0.453 0.734 0.559 0.734 0.453 0.728 0.453 0.761 0.548 0.761 0.453 0.734 0.559 0.761 0.453 0.734 0.453 0.734 0.559 0.789 0.453 0.761 0.453 0.789 0.542 0.761 0.453 0.761 0.548 0.789 0.542 0.817 0.549 0.82 0.55 0.817 0.453 0.82 0.55 0.82 0.453 0.817 0.453 0.817 0.453 0.789 0.453 0.817 0.549 0.789 0.453 0.789 0.542 0.817 0.549 0.826 0.647 0.824 0.628 0.824 0.645 0.074 0.96 0.075 0.918 0.047 0.943 0.075 0.918 0.062 0.918 0.047 0.943 0.159 0.974 0.159 0.918 0.131 0.974 0.159 0.918 0.131 0.918 0.131 0.974 0.1 0.97 0.131 0.974 0.101 0.918 0.131 0.974 0.131 0.918 0.101 0.918 0.074 0.96 0.1 0.97 0.075 0.918 0.1 0.97 0.101 0.918 0.075 0.918 0.062 0.918 0.047 0.918 0.047 0.943 0.184 0.918 0.159 0.918 0.159 0.974 0.159 0.974 0.187 0.974 0.184 0.918 0.187 0.974 0.187 0.918 0.184 0.918 0.214 0.974 0.242 0.974 0.214 0.918 0.242 0.974 0.242 0.918 0.214 0.918 0.187 0.974 0.214 0.974 0.187 0.918 0.214 0.974 0.214 0.918 0.187 0.918 0.811 0.036 0.803 0.049 0.831 0.049 0.534 0.633 0.534 0.491 0.487 0.665 0.534 0.491 0.487 0.452 0.487 0.665 0.688 0.283 0.783 0.225 0.688 0.166 0.688 0.018 0.688 0.166 0.783 0.018 0.688 0.166 0.783 0.225 0.783 0.018 0.481 0.443 0.598 0.443 0.539 0.349 0.746 0.443 0.746 0.349 0.598 0.443 0.746 0.349 0.539 0.349 0.598 0.443 0.791 0.627 0.785 0.6 0.785 0.747 0.927 0.747 0.927 0.6 0.922 0.627 0.806 0.65 0.791 0.627 0.785 0.747 0.927 0.747 0.922 0.627 0.906 0.65 0.829 0.665 0.806 0.65 0.785 0.747 0.927 0.747 0.906 0.65 0.883 0.665 0.856 0.67 0.829 0.665 0.785 0.747 0.927 0.747 0.883 0.665 0.856 0.67 0.927 0.747 0.856 0.67 0.785 0.747 0.785 0.874 0.791 0.847 0.785 0.756 0.791 0.847 0.806 0.824 0.785 0.756 0.806 0.824 0.829 0.808 0.785 0.756 0.927 0.756 0.785 0.756 0.856 0.803 0.856 0.803 0.883 0.808 0.927 0.756 0.883 0.808 0.906 0.824 0.927 0.756 0.906 0.824 0.922 0.847 0.927 0.756 0.922 0.847 0.927 0.874 0.927 0.756 0.856 0.803 0.785 0.756 0.829 0.808 0.361 0.455 0.389 0.451 0.334 0.451 0.308 0.441 0.334 0.451 0.414 0.441 0.334 0.451 0.389 0.451 0.414 0.441 0.414 0.441 0.436 0.424 0.308 0.441 0.436 0.424 0.286 0.424 0.308 0.441 0.269 0.402 0.286 0.424 0.453 0.402 0.286 0.424 0.436 0.424 0.453 0.402 0.453 0.402 0.464 0.376 0.269 0.402 0.464 0.376 0.259 0.376 0.269 0.402 0.259 0.376 0.464 0.376 0.255 0.349 0.464 0.376 0.467 0.349 0.255 0.349 0.259 0.321 0.255 0.349 0.286 0.273 0.255 0.349 0.302 0.261 0.286 0.273 0.286 0.273 0.269 0.295 0.259 0.321 0.467 0.349 0.302 0.261 0.255 0.349 0.467 0.349 0.467 0.018 0.302 0.261 0.467 0.018 0.302 0.112 0.302 0.261 0.045 0.376 0.051 0.345 0.019 0.376 0.051 0.345 0.018 0.348 0.019 0.376 0.534 0.491 0.676 0.491 0.487 0.452 0.676 0.491 0.722 0.452 0.487 0.452 0.676 0.633 0.534 0.633 0.722 0.665 0.534 0.633 0.487 0.665 0.722 0.665 0.209 0.298 0.219 0.018 0.187 0.136 0.187 0.136 0.219 0.018 0.181 0.109 0.181 0.109 0.219 0.018 0.166 0.086 0.166 0.086 0.219 0.018 0.143 0.07 0.143 0.07 0.219 0.018 0.116 0.065 0.116 0.065 0.007 0.018 0.089 0.07 0.089 0.07 0.007 0.018 0.066 0.086 0.066 0.086 0.007 0.018 0.05 0.109 0.05 0.109 0.007 0.018 0.045 0.136 0.045 0.136 0.007 0.018 0.018 0.348 0.209 0.298 0.187 0.136 0.181 0.163 0.05 0.163 0.045 0.136 0.018 0.348 0.209 0.298 0.181 0.163 0.166 0.186 0.066 0.186 0.05 0.163 0.018 0.348 0.166 0.322 0.181 0.345 0.209 0.298 0.181 0.345 0.209 0.348 0.209 0.298 0.089 0.307 0.116 0.301 0.089 0.201 0.116 0.301 0.116 0.207 0.089 0.201 0.116 0.207 0.116 0.301 0.143 0.201 0.116 0.301 0.143 0.307 0.143 0.201 0.116 0.065 0.219 0.018 0.007 0.018 0.209 0.298 0.166 0.186 0.143 0.307 0.166 0.186 0.143 0.201 0.143 0.307 0.051 0.345 0.066 0.322 0.018 0.348 0.166 0.322 0.209 0.298 0.143 0.307 0.219 0.298 0.219 0.018 0.209 0.298 0.486 0.674 0.468 0.657 0.227 0.688 0.486 0.674 0.227 0.688 0.499 0.684 0.499 0.684 0.227 0.688 0.508 0.689 0.46 0.523 0.32 0.523 0.445 0.558 0.445 0.558 0.32 0.523 0.441 0.582 0.441 0.582 0.32 0.523 0.445 0.609 0.32 0.523 0.227 0.688 0.445 0.609 0.227 0.688 0.468 0.657 0.454 0.636 0.227 0.688 0.454 0.636 0.445 0.609 0.782 0.44 0.782 0.373 0.768 0.44 0.782 0.373 0.768 0.373 0.768 0.44 0.782 0.297 0.782 0.363 0.797 0.297 0.782 0.363 0.797 0.363 0.797 0.297 0.811 0.297 0.811 0.363 0.825 0.297 0.811 0.363 0.825 0.363 0.825 0.297 0.883 0.44 0.883 0.373 0.868 0.44 0.883 0.373 0.868 0.373 0.868 0.44 0.84 0.297 0.84 0.363 0.854 0.297 0.84 0.363 0.854 0.363 0.854 0.297 0.854 0.44 0.854 0.373 0.839 0.44 0.854 0.373 0.839 0.373 0.839 0.44 0.868 0.297 0.868 0.363 0.883 0.297 0.868 0.363 0.883 0.363 0.883 0.297 0.825 0.44 0.825 0.373 0.811 0.44 0.825 0.373 0.811 0.373 0.811 0.44 0.796 0.44 0.796 0.373 0.782 0.44 0.796 0.373 0.782 0.373 0.782 0.44 0.768 0.297 0.768 0.363 0.782 0.297 0.768 0.363 0.782 0.363 0.782 0.297 0.797 0.297 0.797 0.363 0.811 0.297 0.797 0.363 0.811 0.363 0.811 0.297 0.825 0.297 0.825 0.363 0.84 0.297 0.825 0.363 0.84 0.363 0.84 0.297 0.868 0.44 0.868 0.373 0.854 0.44 0.868 0.373 0.854 0.373 0.854 0.44 0.854 0.297 0.854 0.363 0.868 0.297 0.854 0.363 0.868 0.363 0.868 0.297 0.839 0.44 0.839 0.373 0.825 0.44 0.839 0.373 0.825 0.373 0.825 0.44 0.811 0.44 0.811 0.373 0.796 0.44 0.811 0.373 0.796 0.373 0.796 0.44 0.355 0.918 0.355 0.959 0.381 0.918 0.355 0.959 0.381 0.943 0.381 0.918 0.045 0.376 0.019 0.376 0.051 0.404 0.019 0.376 0.02 0.404 0.051 0.404 0.187 0.376 0.181 0.404 0.209 0.376 0.181 0.404 0.209 0.404 0.209 0.376 0.926 0.058 0.914 0.049 0.932 0.084 0.914 0.049 0.926 0.058 0.911 0.036 0.831 0.049 0.811 0.138 0.831 0.152 0.831 0.049 0.795 0.115 0.811 0.138 0.831 0.049 0.79 0.085 0.795 0.115 0.831 0.049 0.796 0.06 0.79 0.085 0.831 0.049 0.803 0.049 0.796 0.06 0.417 0.92 0.422 0.918 0.417 0.918 0.847 0.018 0.831 0.049 0.875 0.018 0.651 0.616 0.651 0.607 0.636 0.616 0.847 0.018 0.875 0.018 0.861 0.014 0.011 0.92 0.011 0.918 0.007 0.918 0.051 0.404 0.02 0.404 0.066 0.432 0.02 0.404 0.02 0.432 0.066 0.432 0.181 0.404 0.166 0.432 0.209 0.404 0.166 0.432 0.209 0.432 0.209 0.404 0.417 0.92 0.417 0.918 0.381 0.943 0.417 0.918 0.381 0.918 0.381 0.943 0.011 0.92 0.047 0.943 0.011 0.918 0.047 0.943 0.047 0.918 0.011 0.918 0.847 0.018 0.842 0.019 0.831 0.049 0.842 0.019 0.811 0.036 0.831 0.049 0.88 0.019 0.875 0.018 0.831 0.049 0.88 0.019 0.831 0.049 0.911 0.036 0.831 0.049 0.914 0.049 0.911 0.036 0.066 0.432 0.02 0.432 0.097 0.459 0.02 0.432 0.021 0.459 0.097 0.459 0.166 0.432 0.135 0.459 0.209 0.432 0.135 0.459 0.209 0.459 0.209 0.432 0.13 0.463 0.209 0.487 0.135 0.459 0.209 0.487 0.209 0.459 0.135 0.459 0.116 0.472 0.102 0.463 0.021 0.487 0.116 0.472 0.209 0.487 0.13 0.463 0.102 0.463 0.097 0.459 0.021 0.487 0.097 0.459 0.021 0.459 0.021 0.487 0.824 0.524 0.824 0.55 0.907 0.524 0.824 0.55 0.907 0.55 0.907 0.524 0.907 0.453 0.824 0.453 0.907 0.524 0.824 0.453 0.824 0.524 0.907 0.524 0.824 0.577 0.907 0.577 0.824 0.55 0.907 0.577 0.907 0.55 0.824 0.55 0.824 0.605 0.907 0.605 0.824 0.577 0.907 0.605 0.907 0.577 0.824 0.577 0.853 0.655 0.881 0.647 0.826 0.647 0.904 0.628 0.824 0.628 0.881 0.647 0.824 0.628 0.826 0.647 0.881 0.647 0.907 0.624 0.907 0.605 0.904 0.628 0.824 0.605 0.824 0.628 0.907 0.605 0.824 0.628 0.904 0.628 0.907 0.605 0.57 0.585 0.557 0.607 0.584 0.587 0.557 0.607 0.58 0.613 0.584 0.587 0.548 0.552 0.543 0.502 0.543 0.598 0.548 0.552 0.551 0.538 0.543 0.502 0.551 0.538 0.559 0.527 0.543 0.502 0.559 0.527 0.57 0.519 0.543 0.502 0.57 0.519 0.584 0.516 0.543 0.502 0.63 0.593 0.646 0.572 0.616 0.565 0.646 0.572 0.619 0.552 0.616 0.565 0.551 0.565 0.543 0.598 0.559 0.577 0.584 0.516 0.646 0.501 0.543 0.502 0.607 0.609 0.597 0.584 0.58 0.613 0.597 0.584 0.584 0.587 0.58 0.613 0.551 0.565 0.548 0.552 0.543 0.598 0.63 0.593 0.609 0.577 0.607 0.609 0.609 0.577 0.597 0.584 0.607 0.609 0.597 0.519 0.646 0.501 0.584 0.516 0.642 0.904 0.733 0.972 0.749 0.904 0.733 0.972 0.753 0.922 0.749 0.904 0.559 0.577 0.543 0.598 0.57 0.585 0.543 0.598 0.557 0.607 0.57 0.585 0.609 0.527 0.646 0.501 0.597 0.519 0.63 0.593 0.616 0.565 0.609 0.577 0.616 0.538 0.646 0.501 0.609 0.527 0.733 0.972 0.642 0.904 0.713 0.988 0.642 0.904 0.642 0.988 0.713 0.988 0.619 0.552 0.646 0.572 0.616 0.538 0.646 0.572 0.646 0.501 0.616 0.538 0.733 0.972 0.749 0.949 0.753 0.922 0.038 0.555 0.088 0.618 0.058 0.541 0.088 0.618 0.099 0.61 0.058 0.541 0.113 0.608 0.137 0.532 0.113 0.528 0.172 0.556 0.172 0.547 0.137 0.532 0.099 0.61 0.113 0.608 0.085 0.532 0.113 0.608 0.113 0.528 0.085 0.532 0.099 0.676 0.088 0.668 0.085 0.746 0.088 0.668 0.06 0.735 0.085 0.746 0.138 0.618 0.146 0.63 0.188 0.568 0.146 0.63 0.205 0.59 0.188 0.568 0.08 0.63 0.088 0.618 0.021 0.573 0.088 0.618 0.038 0.555 0.021 0.573 0.01 0.586 0.08 0.63 0.021 0.573 0.113 0.679 0.099 0.676 0.113 0.749 0.099 0.676 0.085 0.746 0.113 0.749 0.188 0.718 0.138 0.668 0.166 0.735 0.138 0.668 0.126 0.676 0.166 0.735 0.146 0.63 0.215 0.616 0.205 0.59 0.007 0.643 0.01 0.671 0.077 0.643 0.01 0.671 0.08 0.657 0.077 0.643 0.077 0.643 0.08 0.63 0.007 0.643 0.166 0.735 0.126 0.676 0.14 0.746 0.126 0.676 0.113 0.679 0.14 0.746 0.088 0.668 0.038 0.718 0.06 0.735 0.01 0.671 0.021 0.696 0.08 0.657 0.219 0.643 0.215 0.616 0.148 0.643 0.215 0.616 0.146 0.63 0.148 0.643 0.205 0.696 0.215 0.671 0.146 0.657 0.126 0.61 0.138 0.618 0.172 0.556 0.138 0.618 0.188 0.568 0.172 0.556 0.205 0.696 0.146 0.657 0.188 0.718 0.146 0.657 0.138 0.668 0.188 0.718 0.01 0.586 0.007 0.592 0.08 0.63 0.007 0.592 0.007 0.643 0.08 0.63 0.088 0.668 0.08 0.657 0.038 0.718 0.08 0.657 0.021 0.696 0.038 0.718 0.148 0.643 0.146 0.657 0.219 0.643 0.146 0.657 0.215 0.671 0.219 0.643 0.172 0.556 0.137 0.532 0.126 0.61 0.137 0.532 0.113 0.608 0.126 0.61 0.14 0.746 0.113 0.679 0.113 0.749 0.058 0.541 0.099 0.61 0.085 0.532 0.089 0.201 0.066 0.186 0.089 0.307 0.066 0.186 0.066 0.322 0.089 0.307 0.066 0.322 0.066 0.186 0.018 0.348</float_array>
					<technique_common>
						<accessor source="#3816-mesh-map-0-array" count="1152" stride="2">
							<param name="S" type="float"/>
							<param name="T" type="float"/>
						</accessor>
					</technique_common>
				</source>
				<source id="3816-mesh-map-1">
					<float_array id="3816-mesh-map-1-array" count="2304">0 0 0 0 0 0 0 0 0 0 0 0 0 0 0 0 0 0 0 0 0 0 0 0 0 0 0 0 0 0 0 0 0 0 0 0 0 0 0 0 0 0 0 0 0 0 0 0 0 0 0 0 0 0 0 0 0 0 0 0 0 0 0 0 0 0 0 0 0 0 0 0 0 0 0 0 0 0 0 0 0 0 0 0 0 0 0 0 0 0 0 0 0 0 0 0 0 0 0 0 0 0 0 0 0 0 0 0 0 0 0 0 0 0 0 0 0 0 0 0 0 0 0 0 0 0 0 0 0 0 0 0 0 0 0 0 0 0 0 0 0 0 0 0 0 0 0 0 0 0 0 0 0 0 0 0 0 0 0 0 0 0 0 0 0 0 0 0 0 0 0 0 0 0 0 0 0 0 0 0 0 0 0 0 0 0 0 0 0 0 0 0 0 0 0 0 0 0 0 0 0 0 0 0 0 0 0 0 0 0 0 0 0 0 0 0 0 0 0 0 0 0 0 0 0 0 0 0 0 0 0 0 0 0 0 0 0 0 0 0 0 0 0 0 0 0 0 0 0 0 0 0 0 0 0 0 0 0 0 0 0 0 0 0 0.016 0.015 0.016 0.149 0.353 0.015 0.016 0.149 0.116 0.149 0.353 0.015 0.38 0.347 0.658 0.36 0.365 0.147 0.658 0.36 0.665 0.147 0.365 0.147 0 0 0 0 0 0 0 0 0 0 0 0 0 0 0 0 0 0 0 0 0 0 0 0 0 0 0 0 0 0 0 0 0 0 0 0 0 0 0 0 0 0 0 0 0 0 0 0 0 0 0 0 0 0 0 0 0 0 0 0 0 0 0 0 0 0 0 0 0 0 0 0 0 0 0 0 0 0 0 0 0 0 0 0 0 0 0 0 0 0 0 0 0 0 0 0 0 0 0 0 0 0 0 0 0 0 0 0 0 0 0 0 0 0 0 0 0 0 0 0 0 0 0 0 0 0 0 0 0 0 0 0 0.405 0.8 0.405 0.447 0.935 0.8 0.405 0.447 0.935 0.447 0.935 0.8 0 0 0 0 0 0 0 0 0 0 0 0 0 0 0 0 0 0 0 0 0 0 0 0 0 0 0 0 0 0 0 0 0 0 0 0 0 0 0 0 0 0 0 0 0 0 0 0 0.365 0.347 0.38 0.347 0.365 0.147 0.38 0.347 0.38 0.36 0.658 0.36 0.935 0.977 0.405 0.977 0.935 0.8 0.405 0.977 0.405 0.8 0.935 0.8 0 0 0 0 0 0 0 0 0 0 0 0 0 0 0 0 0 0 0 0 0 0 0 0 0.365 0.147 0.665 0.147 0.365 0.012 0.665 0.147 0.67 0.012 0.365 0.012 0 0 0 0 0 0 0 0 0 0 0 0 0 0 0 0 0 0 0 0 0 0 0 0 0.24 0.634 0.2 0.64 0.24 0.634 0.2 0.64 0.2 0.64 0.24 0.634 0 0 0 0 0 0 0 0 0 0 0 0 0.665 0.147 0.365 0.147 0.665 0.147 0.365 0.147 0.365 0.147 0.665 0.147 0 0 0 0 0 0 0 0 0 0 0 0 0 0 0 0 0 0 0.2 0.64 0.161 0.634 0.2 0.64 0.161 0.634 0.161 0.634 0.2 0.64 0 0 0 0 0 0 0 0 0 0 0 0 0 0 0 0 0 0 0 0 0 0 0 0 0 0 0 0 0 0 0 0 0 0 0 0 0 0 0 0 0 0 0 0 0 0 0 0 0 0 0 0 0 0 0 0 0 0 0 0 0 0 0 0 0 0 0 0 0 0 0 0 0 0 0 0 0 0 0 0 0 0 0 0 0 0 0 0 0 0 0 0 0 0 0 0 0 0 0 0 0 0 0 0 0 0 0 0 0 0 0 0 0 0 0 0 0 0 0 0 0 0 0 0 0 0 0 0 0 0 0 0 0 0 0 0 0 0 0 0 0 0 0 0 0 0 0 0 0 0 0 0 0 0 0 0 0 0 0 0 0 0 0 0 0 0 0 0 0 0 0 0 0 0 0 0 0 0 0 0 0 0 0 0 0 0 0 0 0 0 0 0 0 0 0 0 0 0 0 0 0 0 0 0 0 0 0 0 0 0 0 0 0 0 0 0 0 0 0 0 0 0 0 0 0 0 0 0 0 0 0 0 0 0 0 0 0 0 0 0 0 0 0 0 0 0 0 0 0 0 0 0 0 0 0 0 0 0 0 0 0 0 0 0 0 0 0 0 0 0 0 0 0 0 0 0 0 0 0 0 0 0 0 0 0 0 0 0 0 0 0 0 0 0 0 0 0 0 0 0 0 0 0 0 0 0 0 0 0 0 0 0 0 0 0 0 0 0 0 0 0 0 0 0 0 0 0 0 0 0 0 0 0 0 0 0 0 0 0 0 0 0 0 0 0 0 0 0 0 0 0 0 0 0 0 0 0 0 0 0 0.2 0.64 0.24 0.634 0.161 0.634 0.124 0.619 0.161 0.634 0.277 0.619 0.161 0.634 0.24 0.634 0.277 0.619 0.277 0.619 0.308 0.595 0.124 0.619 0.308 0.595 0.093 0.595 0.124 0.619 0.069 0.563 0.093 0.595 0.332 0.563 0.093 0.595 0.308 0.595 0.332 0.563 0.332 0.563 0.347 0.527 0.069 0.563 0.347 0.527 0.054 0.527 0.069 0.563 0.054 0.527 0.347 0.527 0.048 0.487 0.347 0.527 0.353 0.487 0.048 0.487 0.054 0.448 0.048 0.487 0.093 0.38 0.048 0.487 0.116 0.362 0.093 0.38 0.093 0.38 0.069 0.411 0.054 0.448 0.353 0.487 0.116 0.362 0.048 0.487 0.353 0.487 0.353 0.015 0.116 0.362 0.353 0.015 0.116 0.149 0.116 0.362 0 0 0 0 0 0 0 0 0 0 0 0 0 0 0 0 0 0 0 0 0 0 0 0 0 0 0 0 0 0 0 0 0 0 0 0 0.966 0.412 0.98 0.012 0.934 0.18 0.934 0.18 0.98 0.012 0.926 0.142 0.926 0.142 0.98 0.012 0.904 0.109 0.904 0.109 0.98 0.012 0.871 0.087 0.871 0.087 0.98 0.012 0.832 0.079 0 0 0 0 0 0 0 0 0 0 0 0 0 0 0 0 0 0 0 0 0 0 0 0 0 0 0 0 0 0 0.966 0.412 0.934 0.18 0.926 0.219 0 0 0 0 0 0 0.966 0.412 0.926 0.219 0.904 0.252 0 0 0 0 0 0 0 0 0 0 0 0 0 0 0 0 0 0 0 0 0 0 0 0 0 0 0 0 0 0 0 0 0 0 0 0 0 0 0 0 0 0 0.832 0.079 0.98 0.012 0.676 0.012 0.966 0.412 0.904 0.252 0.871 0.425 0.904 0.252 0.871 0.274 0.871 0.425 0 0 0 0 0 0 0 0 0 0 0 0 0.98 0.412 0.98 0.012 0.966 0.412 0 0 0 0 0 0 0 0 0 0 0 0 0 0 0 0 0 0 0 0 0 0 0 0 0 0 0 0 0 0 0 0 0 0 0 0 0 0 0 0 0 0 0 0 0 0 0 0 0 0 0 0 0 0 0 0 0 0 0 0 0 0 0 0 0 0 0 0 0 0 0 0 0 0 0 0 0 0 0 0 0 0 0 0 0 0 0 0 0 0 0 0 0 0 0 0 0 0 0 0 0 0 0 0 0 0 0 0 0 0 0 0 0 0 0 0 0 0 0 0 0 0 0 0 0 0 0 0 0 0 0 0 0 0 0 0 0 0 0 0 0 0 0 0 0 0 0 0 0 0 0 0 0 0 0 0 0 0 0 0 0 0 0 0 0 0 0 0 0 0 0 0 0 0 0 0 0 0 0 0 0 0 0 0 0 0 0 0 0 0 0 0 0 0 0 0 0 0 0 0 0 0 0 0 0 0 0 0 0 0 0 0 0 0 0 0 0 0 0 0 0 0 0 0 0 0 0 0 0 0 0 0 0 0 0 0 0 0 0 0 0 0 0 0 0 0 0 0 0 0 0 0 0 0 0 0 0 0 0 0 0 0 0 0 0 0 0 0 0 0 0 0 0 0 0 0 0 0 0 0 0 0 0 0 0 0 0 0 0 0 0 0 0 0 0 0 0 0 0 0 0 0 0 0 0 0 0 0 0 0 0 0 0 0 0 0 0 0 0 0 0 0 0 0 0 0 0 0 0 0 0 0 0 0 0 0 0 0 0 0 0 0 0 0 0 0 0 0 0 0 0 0 0 0 0 0 0 0 0 0 0 0 0 0 0 0 0 0 0 0 0 0 0 0 0 0 0 0 0 0 0 0 0 0 0 0 0 0 0 0 0 0 0 0 0 0 0 0 0 0 0 0 0 0 0 0 0 0 0 0 0 0 0 0 0 0 0 0 0 0 0 0 0 0 0 0 0 0 0 0 0 0 0 0 0 0 0 0 0 0 0 0 0 0 0 0 0 0 0 0 0 0 0 0 0 0 0 0 0 0 0 0 0 0 0 0 0 0 0 0 0 0 0 0 0 0 0 0 0 0 0 0 0 0 0 0 0 0 0 0 0 0 0 0 0 0 0 0 0 0 0 0 0 0 0 0 0 0 0 0 0 0 0 0 0 0 0 0 0 0 0 0 0 0 0 0 0 0 0 0 0 0 0 0 0 0 0 0 0 0 0 0 0 0 0 0 0 0 0 0 0 0 0 0 0 0 0 0 0 0 0 0 0 0 0 0 0 0 0 0 0 0 0 0 0 0 0 0 0 0 0 0 0 0 0 0 0 0 0 0 0 0 0 0 0 0 0 0 0 0 0 0 0 0 0 0 0 0 0 0 0 0 0 0 0 0 0 0 0 0 0 0 0 0 0 0 0 0 0 0 0 0 0 0 0 0 0 0 0 0 0 0 0 0 0 0 0 0 0 0 0 0 0 0 0 0 0 0 0 0 0 0 0 0 0 0 0 0 0 0 0 0 0 0 0 0 0 0 0 0 0 0 0 0 0 0 0 0 0 0 0 0 0 0 0 0 0 0 0 0 0 0 0 0 0 0 0 0 0 0 0 0 0 0 0 0 0 0 0 0 0 0 0 0 0 0 0 0 0 0 0 0 0 0 0 0 0 0 0 0 0 0 0 0 0 0 0 0 0 0 0.052 0.701 0.124 0.791 0.081 0.681 0.124 0.791 0.14 0.78 0.081 0.681 0.16 0.776 0.194 0.667 0.16 0.662 0.244 0.702 0.244 0.689 0.194 0.667 0.14 0.78 0.16 0.776 0.12 0.667 0.16 0.776 0.16 0.662 0.12 0.667 0.14 0.874 0.124 0.863 0.12 0.974 0.124 0.863 0.083 0.959 0.12 0.974 0.195 0.791 0.206 0.808 0.267 0.719 0.206 0.808 0.291 0.751 0.267 0.719 0.113 0.808 0.124 0.791 0.028 0.726 0.124 0.791 0.052 0.701 0.028 0.726 0.012 0.745 0.113 0.808 0.028 0.726 0.16 0.878 0.14 0.874 0.16 0.979 0.14 0.874 0.12 0.974 0.16 0.979 0.267 0.935 0.195 0.863 0.236 0.959 0.195 0.863 0.179 0.874 0.236 0.959 0.206 0.808 0.306 0.788 0.291 0.751 0.007 0.827 0.013 0.866 0.109 0.827 0.013 0.866 0.113 0.846 0.109 0.827 0.109 0.827 0.113 0.808 0.007 0.827 0.236 0.959 0.179 0.874 0.199 0.974 0.179 0.874 0.16 0.878 0.199 0.974 0.124 0.863 0.052 0.935 0.083 0.959 0.013 0.866 0.028 0.903 0.113 0.846 0.312 0.827 0.306 0.788 0.21 0.827 0.306 0.788 0.206 0.808 0.21 0.827 0.291 0.903 0.306 0.866 0.206 0.846 0.179 0.78 0.195 0.791 0.244 0.702 0.195 0.791 0.267 0.719 0.244 0.702 0.291 0.903 0.206 0.846 0.267 0.935 0.206 0.846 0.195 0.863 0.267 0.935 0.012 0.745 0.007 0.754 0.113 0.808 0.007 0.754 0.007 0.827 0.113 0.808 0.124 0.863 0.113 0.846 0.052 0.935 0.113 0.846 0.028 0.903 0.052 0.935 0.21 0.827 0.206 0.846 0.312 0.827 0.206 0.846 0.306 0.866 0.312 0.827 0.244 0.702 0.194 0.667 0.179 0.78 0.194 0.667 0.16 0.776 0.179 0.78 0.199 0.974 0.16 0.878 0.16 0.979 0.081 0.681 0.14 0.78 0.12 0.667 0 0 0 0 0 0 0 0 0 0 0 0 0 0 0 0 0 0</float_array>
					<technique_common>
						<accessor source="#3816-mesh-map-1-array" count="1152" stride="2">
							<param name="S" type="float"/>
							<param name="T" type="float"/>
						</accessor>
					</technique_common>
				</source>
				<source id="3816-mesh-map-2">
					<float_array id="3816-mesh-map-2-array" count="2304">0 0 0 0 0 0 0 0 0 0 0 0 0 0 0 0 0 0 0 0 0 0 0 0 0 0 0 0 0 0 0 0 0 0 0 0 0 0 0 0 0 0 0 0 0 0 0 0 0 0 0 0 0 0 0 0 0 0 0 0 0 0 0 0 0 0 0 0 0 0 0 0 0 0 0 0 0 0 0 0 0 0 0 0 0 0 0 0 0 0 0 0 0 0 0 0 0 0 0 0 0 0 0 0 0 0 0 0 0 0 0 0 0 0 0 0 0 0 0 0 0 0 0 0 0 0 0 0 0 0 0 0 0 0 0 0 0 0 0 0 0 0 0 0 0 0 0 0 0 0 0 0 0 0 0 0 0 0 0 0 0 0 0 0 0 0 0 0 0 0 0 0 0 0 0 0 0 0 0 0 0 0 0 0 0 0 0 0 0 0 0 0 0 0 0 0 0 0 0 0 0 0 0 0 0 0 0 0 0 0 0 0 0 0 0 0 0 0 0 0 0 0 0 0 0 0 0 0 0 0 0 0 0 0 0 0 0 0 0 0 0 0 0 0 0 0 0 0 0 0 0 0 0 0 0 0 0 0 0 0 0 0 0 0 0.936 0.304 0.936 0.449 0.573 0.304 0.936 0.449 0.828 0.449 0.573 0.304 0.373 0.685 0.078 0.704 0.389 0.454 0.078 0.704 0.069 0.454 0.389 0.454 0.079 0.737 0.078 0.704 0.373 0.737 0.078 0.704 0.373 0.704 0.373 0.737 0.083 0.815 0.081 0.773 0.373 0.815 0.081 0.773 0.373 0.773 0.373 0.815 0.085 0.895 0.084 0.857 0.373 0.895 0.084 0.857 0.373 0.857 0.373 0.895 0 0 0 0 0 0 0 0 0 0 0 0 0 0 0 0 0 0 0 0 0 0 0 0 0 0 0 0 0 0 0 0 0 0 0 0 0 0 0 0 0 0 0 0 0 0 0 0 0 0 0 0 0 0 0 0 0 0 0 0 0 0 0 0 0 0 0 0 0 0 0 0 0 0 0 0 0 0 0 0 0 0 0 0 0 0 0 0 0 0 0 0 0 0 0 0 0 0 0 0 0 0 0 0 0 0 0 0 0 0 0 0 0 0 0 0 0 0 0 0 0.081 0.773 0.079 0.737 0.373 0.773 0.079 0.737 0.373 0.737 0.373 0.773 0.084 0.857 0.083 0.815 0.373 0.857 0.083 0.815 0.373 0.815 0.373 0.857 0.086 0.93 0.085 0.895 0.373 0.93 0.085 0.895 0.373 0.895 0.373 0.93 0.389 0.685 0.373 0.685 0.389 0.454 0.373 0.685 0.373 0.704 0.078 0.704 0 0 0 0 0 0 0 0 0 0 0 0 0 0 0 0 0 0 0 0 0 0 0 0 0 0 0 0 0 0 0 0 0 0 0 0 0.39 0.211 0.068 0.211 0.39 0.066 0.068 0.211 0.063 0.066 0.39 0.066 0 0 0 0 0 0 0 0 0 0 0 0 0 0 0 0 0 0 0 0 0 0 0 0 0 0 0 0 0 0 0 0 0 0 0 0 0.087 0.973 0.086 0.954 0.373 0.973 0.086 0.954 0.373 0.954 0.373 0.973 0.068 0.276 0.39 0.276 0.068 0.383 0.39 0.276 0.39 0.383 0.068 0.383 0 0 0 0 0 0 0 0 0 0 0 0 0 0 0 0 0 0 0 0 0 0 0 0 0 0 0 0 0 0 0 0 0 0 0 0 0 0 0 0 0 0 0 0 0 0 0 0 0 0 0 0 0 0 0.086 0.954 0.086 0.93 0.373 0.954 0.086 0.93 0.373 0.93 0.373 0.954 0 0 0 0 0 0 0 0 0 0 0 0 0 0 0 0 0 0 0 0 0 0 0 0 0 0 0 0 0 0 0 0 0 0 0 0 0 0 0 0 0 0 0 0 0 0 0 0 0 0 0 0 0 0 0 0 0 0 0 0 0 0 0 0 0 0 0 0 0 0 0 0 0 0 0 0 0 0 0 0 0 0 0 0 0 0 0 0 0 0 0 0 0 0 0 0 0 0 0 0 0 0 0 0 0 0 0 0 0 0 0 0 0 0 0 0 0 0 0 0 0 0 0 0 0 0 0 0 0 0 0 0 0 0 0 0 0 0 0 0 0 0 0 0 0 0 0 0 0 0 0 0 0 0 0 0 0 0 0 0 0 0 0 0 0 0 0 0 0 0 0 0 0 0 0 0 0 0 0 0 0 0 0 0 0 0 0 0 0 0 0 0 0 0 0 0 0 0 0 0 0 0 0 0 0 0 0 0 0 0 0 0 0 0 0 0 0 0 0 0 0 0 0 0 0 0 0 0 0 0 0 0 0 0 0 0 0 0 0 0 0 0 0 0 0 0 0 0 0 0 0 0 0 0 0 0 0 0 0 0 0 0 0 0 0 0 0 0 0 0 0 0 0 0 0 0 0 0 0 0 0 0 0 0 0 0 0 0 0 0 0 0 0 0 0 0 0 0 0 0 0 0 0 0 0 0 0 0 0 0 0 0 0 0 0 0 0 0 0 0 0 0 0 0 0.737 0.979 0.695 0.973 0.78 0.973 0.819 0.957 0.78 0.973 0.655 0.957 0.78 0.973 0.695 0.973 0.655 0.957 0.655 0.957 0.621 0.93 0.819 0.957 0.621 0.93 0.853 0.93 0.819 0.957 0.879 0.896 0.853 0.93 0.595 0.896 0.853 0.93 0.621 0.93 0.595 0.896 0.595 0.896 0.579 0.857 0.879 0.896 0.579 0.857 0.896 0.857 0.879 0.896 0.896 0.857 0.579 0.857 0.901 0.814 0.579 0.857 0.573 0.814 0.901 0.814 0.896 0.772 0.901 0.814 0.853 0.698 0.901 0.814 0.828 0.679 0.853 0.698 0.853 0.698 0.879 0.732 0.896 0.772 0.573 0.814 0.828 0.679 0.901 0.814 0.573 0.814 0.573 0.304 0.828 0.679 0.573 0.304 0.828 0.449 0.828 0.679 0 0 0 0 0 0 0 0 0 0 0 0 0 0 0 0 0 0 0 0 0 0 0 0 0 0 0 0 0 0 0 0 0 0 0 0 0 0 0 0 0 0 0 0 0 0 0 0 0 0 0 0 0 0 0 0 0 0 0 0 0 0 0 0 0 0 0 0 0 0 0 0 0 0 0 0 0 0 0 0 0 0 0 0 0 0 0 0 0 0 0 0 0 0 0 0 0 0 0 0 0 0 0 0 0 0 0 0 0 0 0 0 0 0 0 0 0 0 0 0 0 0 0 0 0 0 0 0 0 0 0 0 0 0 0 0 0 0 0 0 0 0 0 0 0 0 0 0 0 0 0 0 0 0 0 0 0 0 0 0 0 0 0 0 0 0 0 0 0 0 0 0 0 0 0 0 0 0 0 0 0 0 0 0 0 0 0 0 0 0 0 0 0 0 0 0 0 0 0 0 0 0 0 0 0 0 0 0 0 0 0 0 0 0 0 0 0 0 0 0 0 0 0 0 0 0 0 0 0 0 0 0 0 0 0 0 0 0 0 0 0 0 0 0 0 0 0 0 0 0 0 0 0 0 0 0 0 0 0 0 0 0 0 0 0 0 0 0 0 0 0 0 0 0 0 0 0 0 0 0 0 0 0 0 0 0 0 0 0 0 0 0 0 0 0 0 0 0 0 0 0 0 0 0 0 0 0 0 0 0 0 0 0 0 0 0 0 0 0 0 0 0 0 0 0 0 0 0 0 0 0 0 0 0 0 0 0 0 0 0 0 0 0 0 0 0 0 0 0 0 0 0 0 0 0 0 0 0 0 0 0 0 0 0 0 0 0 0 0 0 0 0 0 0 0 0 0 0 0 0 0 0 0 0 0 0 0 0 0 0 0 0 0 0 0 0 0 0 0 0 0 0 0 0 0 0 0 0 0 0 0 0 0 0 0 0 0 0 0 0 0 0 0 0 0 0 0 0 0 0 0 0 0 0 0 0 0 0 0 0 0 0 0 0 0 0 0 0 0 0 0 0 0 0 0 0 0 0 0 0 0 0 0 0 0 0 0 0 0 0 0 0 0 0 0 0 0 0 0 0 0 0 0 0 0 0 0 0 0 0 0 0 0 0 0 0 0 0 0 0 0 0 0 0 0 0 0 0 0 0 0 0 0 0 0 0 0 0 0 0 0 0 0 0 0 0 0 0 0 0 0 0 0 0 0 0 0 0 0 0 0 0 0 0 0 0 0 0 0 0 0 0 0 0 0 0 0 0 0 0 0 0 0 0 0 0 0 0 0 0 0 0 0 0 0 0 0 0 0 0 0 0 0 0 0 0 0 0 0 0 0 0 0 0 0 0 0 0 0 0 0 0 0 0 0 0 0 0 0 0 0 0 0 0 0 0 0 0 0 0 0 0 0 0 0 0 0 0 0 0 0 0 0 0 0 0 0 0 0 0 0 0 0 0 0 0 0 0 0 0 0 0 0 0 0 0 0 0 0 0 0 0 0 0 0 0 0 0 0 0 0 0 0 0 0 0 0 0 0 0 0 0 0 0 0 0 0 0 0 0 0 0 0 0 0 0 0 0 0 0 0 0 0 0 0 0 0 0 0 0 0 0 0 0 0 0 0 0 0 0 0 0 0 0 0 0 0 0 0 0 0 0 0 0 0 0 0 0 0 0 0 0 0 0 0 0 0 0 0 0 0 0 0 0 0 0 0 0 0 0 0 0 0 0 0 0 0 0 0 0 0 0 0 0 0 0 0 0 0 0 0 0 0 0 0 0 0 0 0 0 0 0 0 0 0 0 0 0 0 0 0 0 0 0 0 0 0 0 0 0 0 0 0 0 0 0 0 0 0 0 0 0 0 0 0 0 0 0 0 0 0 0 0 0 0 0 0 0 0 0 0 0 0 0 0 0 0 0 0 0 0 0 0 0 0 0 0 0 0 0 0 0 0 0 0 0 0 0 0 0 0 0 0 0 0 0 0 0 0 0 0 0 0 0 0 0 0 0 0 0 0 0 0 0 0 0 0 0 0 0 0 0 0 0 0 0 0 0 0 0 0 0 0 0 0 0 0 0 0 0 0 0 0 0 0 0 0 0 0 0 0 0 0 0 0 0 0 0 0 0 0 0 0 0 0 0 0 0 0 0 0 0 0 0 0 0 0 0 0 0 0 0 0 0 0 0 0 0 0 0 0 0 0 0 0 0 0 0 0 0 0 0 0 0 0 0 0 0 0 0 0 0 0 0 0 0 0 0 0 0 0 0 0 0 0 0 0 0 0 0 0 0 0 0 0 0 0 0 0 0 0 0 0 0 0 0 0 0 0 0 0 0 0 0 0 0 0 0 0 0 0 0 0 0 0 0 0 0 0 0 0 0 0 0 0 0 0 0 0 0 0 0 0 0 0 0 0 0 0 0 0 0 0 0 0 0 0 0 0 0 0 0 0 0 0 0 0 0 0 0 0 0 0 0 0 0 0 0 0 0 0 0 0 0 0 0 0 0 0 0 0 0 0 0 0 0 0 0 0 0 0 0 0 0 0 0 0 0 0 0 0 0 0 0 0 0 0 0 0 0 0 0 0 0 0 0 0 0 0 0 0 0 0 0 0 0 0 0 0 0 0 0 0 0 0 0 0 0 0 0 0 0 0 0 0 0 0 0 0 0 0 0 0 0 0 0 0 0 0 0 0 0 0 0 0 0 0 0 0 0 0 0 0 0 0 0 0 0 0 0 0 0</float_array>
					<technique_common>
						<accessor source="#3816-mesh-map-2-array" count="1152" stride="2">
							<param name="S" type="float"/>
							<param name="T" type="float"/>
						</accessor>
					</technique_common>
				</source>
				<source id="3816-mesh-map-3">
					<float_array id="3816-mesh-map-3-array" count="2304">0 0 0 0 0 0 0 0 0 0 0 0 0 0 0 0 0 0 0 0 0 0 0 0 0 0 0 0 0 0 0 0 0 0 0 0 0 0 0 0 0 0 0 0 0 0 0 0 0 0 0 0 0 0 0 0 0 0 0 0 0 0 0 0 0 0 0 0 0 0 0 0 0 0 0 0 0 0 0 0 0 0 0 0 0 0 0 0 0 0 0 0 0 0 0 0 0 0 0 0 0 0 0 0 0 0 0 0 0 0 0 0 0 0 0 0 0 0 0 0 0 0 0 0 0 0 0 0 0 0 0 0 0 0 0 0 0 0 0 0 0 0 0 0 0 0 0 0 0 0 0 0 0 0 0 0 0 0 0 0 0 0 0 0 0 0 0 0 0 0 0 0 0 0 0 0 0 0 0 0 0 0 0 0 0 0 0 0 0 0 0 0 0 0 0 0 0 0 0 0 0 0 0 0 0 0 0 0 0 0 0 0 0 0 0 0 0 0 0 0 0 0 0 0 0 0 0 0 0 0 0 0 0 0 0 0 0 0 0 0 0 0 0 0 0 0 0 0 0 0 0 0 0 0 0 0 0 0 0 0 0 0 0 0 0.508 0.096 0.508 0.276 0.057 0.096 0.508 0.276 0.374 0.276 0.057 0.096 0.925 0.543 0.552 0.561 0.944 0.275 0.552 0.561 0.542 0.275 0.944 0.275 0.553 0.584 0.552 0.561 0.925 0.584 0.552 0.561 0.925 0.561 0.925 0.584 0.556 0.676 0.554 0.626 0.925 0.675 0.554 0.626 0.925 0.626 0.925 0.675 0.56 0.781 0.558 0.728 0.925 0.781 0.558 0.728 0.925 0.728 0.925 0.781 0 0 0 0 0 0 0 0 0 0 0 0 0 0 0 0 0 0 0 0 0 0 0 0 0 0 0 0 0 0 0 0 0 0 0 0 0 0 0 0 0 0 0 0 0 0 0 0 0 0 0 0 0 0 0 0 0 0 0 0 0 0 0 0 0 0 0 0 0 0 0 0 0 0 0 0 0 0 0 0 0 0 0 0 0 0 0 0 0 0 0 0 0 0 0 0 0 0 0 0 0 0 0 0 0 0 0 0 0 0 0 0 0 0 0 0 0 0 0 0 0.554 0.626 0.553 0.584 0.925 0.626 0.553 0.584 0.925 0.584 0.925 0.626 0.558 0.728 0.556 0.676 0.925 0.728 0.556 0.676 0.925 0.675 0.925 0.728 0.561 0.83 0.56 0.781 0.925 0.83 0.56 0.781 0.925 0.781 0.925 0.83 0.944 0.543 0.925 0.543 0.944 0.275 0.925 0.543 0.925 0.561 0.552 0.561 0 0 0 0 0 0 0 0 0 0 0 0 0 0 0 0 0 0 0 0 0 0 0 0 0 0 0 0 0 0 0 0 0 0 0 0 0.944 0.275 0.542 0.275 0.944 0.096 0.542 0.275 0.536 0.096 0.944 0.096 0 0 0 0 0 0 0 0 0 0 0 0 0 0 0 0 0 0 0 0 0 0 0 0 0 0 0 0 0 0 0 0 0 0 0 0 0.564 0.905 0.563 0.872 0.925 0.905 0.563 0.872 0.925 0.872 0.925 0.905 0.542 0.275 0.944 0.275 0.542 0.275 0.944 0.275 0.944 0.275 0.542 0.275 0 0 0 0 0 0 0 0 0 0 0 0 0 0 0 0 0 0 0 0 0 0 0 0 0 0 0 0 0 0 0 0 0 0 0 0 0 0 0 0 0 0 0 0 0 0 0 0 0 0 0 0 0 0 0.563 0.872 0.561 0.83 0.925 0.872 0.561 0.83 0.925 0.83 0.925 0.872 0 0 0 0 0 0 0 0 0 0 0 0 0 0 0 0 0 0 0 0 0 0 0 0 0 0 0 0 0 0 0 0 0 0 0 0 0 0 0 0 0 0 0 0 0 0 0 0 0 0 0 0 0 0 0 0 0 0 0 0 0 0 0 0 0 0 0 0 0 0 0 0 0 0 0 0 0 0 0 0 0 0 0 0 0 0 0 0 0 0 0 0 0 0 0 0 0 0 0 0 0 0 0 0 0 0 0 0 0 0 0 0 0 0 0 0 0 0 0 0 0 0 0 0 0 0 0 0 0 0 0 0 0 0 0 0 0 0 0 0 0 0 0 0 0 0 0 0 0 0 0 0 0 0 0 0 0 0 0 0 0 0 0 0 0 0 0 0 0 0 0 0 0 0 0 0 0 0 0 0 0 0 0 0 0 0 0 0 0 0 0 0 0 0 0 0 0 0 0 0 0 0 0 0 0 0 0 0 0 0 0 0 0 0 0 0 0 0 0 0 0 0 0 0 0 0 0 0 0 0 0 0 0 0 0 0 0 0 0 0 0 0 0 0 0 0 0 0 0 0 0 0 0 0 0 0 0 0 0 0 0 0 0 0 0 0 0 0 0 0 0 0 0 0 0 0 0 0 0 0 0 0 0 0 0 0 0 0 0 0 0 0 0 0 0 0 0 0 0 0 0 0 0 0 0 0 0 0 0 0 0 0 0 0 0 0 0 0 0 0 0 0 0 0 0.261 0.932 0.208 0.925 0.314 0.925 0.363 0.905 0.314 0.925 0.159 0.905 0.314 0.925 0.208 0.925 0.159 0.905 0.159 0.905 0.117 0.872 0.363 0.905 0.117 0.872 0.405 0.872 0.363 0.905 0.437 0.83 0.405 0.872 0.085 0.83 0.405 0.872 0.117 0.872 0.085 0.83 0.085 0.83 0.064 0.781 0.437 0.83 0.064 0.781 0.458 0.781 0.437 0.83 0.458 0.781 0.064 0.781 0.465 0.728 0.064 0.781 0.057 0.728 0.465 0.728 0.458 0.676 0.465 0.728 0.405 0.584 0.465 0.728 0.374 0.561 0.405 0.584 0.405 0.584 0.437 0.627 0.458 0.676 0.057 0.728 0.374 0.561 0.465 0.728 0.057 0.728 0.057 0.096 0.374 0.561 0.057 0.096 0.374 0.276 0.374 0.561 0 0 0 0 0 0 0 0 0 0 0 0 0 0 0 0 0 0 0 0 0 0 0 0 0 0 0 0 0 0 0 0 0 0 0 0 0 0 0 0 0 0 0 0 0 0 0 0 0 0 0 0 0 0 0 0 0 0 0 0 0 0 0 0 0 0 0 0 0 0 0 0 0 0 0 0 0 0 0 0 0 0 0 0 0 0 0 0 0 0 0 0 0 0 0 0 0 0 0 0 0 0 0 0 0 0 0 0 0 0 0 0 0 0 0 0 0 0 0 0 0 0 0 0 0 0 0 0 0 0 0 0 0 0 0 0 0 0 0 0 0 0 0 0 0 0 0 0 0 0 0 0 0 0 0 0 0 0 0 0 0 0 0 0 0 0 0 0 0 0 0 0 0 0 0 0 0 0 0 0 0 0 0 0 0 0 0 0 0 0 0 0 0 0 0 0 0 0 0 0 0 0 0 0 0 0 0 0 0 0 0 0 0 0 0 0 0 0 0 0 0 0 0 0 0 0 0 0 0 0 0 0 0 0 0 0 0 0 0 0 0 0 0 0 0 0 0 0 0 0 0 0 0 0 0 0 0 0 0 0 0 0 0 0 0 0 0 0 0 0 0 0 0 0 0 0 0 0 0 0 0 0 0 0 0 0 0 0 0 0 0 0 0 0 0 0 0 0 0 0 0 0 0 0 0 0 0 0 0 0 0 0 0 0 0 0 0 0 0 0 0 0 0 0 0 0 0 0 0 0 0 0 0 0 0 0 0 0 0 0 0 0 0 0 0 0 0 0 0 0 0 0 0 0 0 0 0 0 0 0 0 0 0 0 0 0 0 0 0 0 0 0 0 0 0 0 0 0 0 0 0 0 0 0 0 0 0 0 0 0 0 0 0 0 0 0 0 0 0 0 0 0 0 0 0 0 0 0 0 0 0 0 0 0 0 0 0 0 0 0 0 0 0 0 0 0 0 0 0 0 0 0 0 0 0 0 0 0 0 0 0 0 0 0 0 0 0 0 0 0 0 0 0 0 0 0 0 0 0 0 0 0 0 0 0 0 0 0 0 0 0 0 0 0 0 0 0 0 0 0 0 0 0 0 0 0 0 0 0 0 0 0 0 0 0 0 0 0 0 0 0 0 0 0 0 0 0 0 0 0 0 0 0 0 0 0 0 0 0 0 0 0 0 0 0 0 0 0 0 0 0 0 0 0 0 0 0 0 0 0 0 0 0 0 0 0 0 0 0 0 0 0 0 0 0 0 0 0 0 0 0 0 0 0 0 0 0 0 0 0 0 0 0 0 0 0 0 0 0 0 0 0 0 0 0 0 0 0 0 0 0 0 0 0 0 0 0 0 0 0 0 0 0 0 0 0 0 0 0 0 0 0 0 0 0 0 0 0 0 0 0 0 0 0 0 0 0 0 0 0 0 0 0 0 0 0 0 0 0 0 0 0 0 0 0 0 0 0 0 0 0 0 0 0 0 0 0 0 0 0 0 0 0 0 0 0 0 0 0 0 0 0 0 0 0 0 0 0 0 0 0 0 0 0 0 0 0 0 0 0 0 0 0 0 0 0 0 0 0 0 0 0 0 0 0 0 0 0 0 0 0 0 0 0 0 0 0 0 0 0 0 0 0 0 0 0 0 0 0 0 0 0 0 0 0 0 0 0 0 0 0 0 0 0 0 0 0 0 0 0 0 0 0 0 0 0 0 0 0 0 0 0 0 0 0 0 0 0 0 0 0 0 0 0 0 0 0 0 0 0 0 0 0 0 0 0 0 0 0 0 0 0 0 0 0 0 0 0 0 0 0 0 0 0 0 0 0 0 0 0 0 0 0 0 0 0 0 0 0 0 0 0 0 0 0 0 0 0 0 0 0 0 0 0 0 0 0 0 0 0 0 0 0 0 0 0 0 0 0 0 0 0 0 0 0 0 0 0 0 0 0 0 0 0 0 0 0 0 0 0 0 0 0 0 0 0 0 0 0 0 0 0 0 0 0 0 0 0 0 0 0 0 0 0 0 0 0 0 0 0 0 0 0 0 0 0 0 0 0 0 0 0 0 0 0 0 0 0 0 0 0 0 0 0 0 0 0 0 0 0 0 0 0 0 0 0 0 0 0 0 0 0 0 0 0 0 0 0 0 0 0 0 0 0 0 0 0 0 0 0 0 0 0 0 0 0 0 0 0 0 0 0 0 0 0 0 0 0 0 0 0 0 0 0 0 0 0 0 0 0 0 0 0 0 0 0 0 0 0 0 0 0 0 0 0 0 0 0 0 0 0 0 0 0 0 0 0 0 0 0 0 0 0 0 0 0 0 0 0 0 0 0 0 0 0 0 0 0 0 0 0 0 0 0 0 0 0 0 0 0 0 0 0 0 0 0 0 0 0 0 0 0 0 0 0 0 0 0 0 0 0 0 0 0 0 0 0 0 0 0 0 0 0 0 0 0 0 0 0 0 0 0 0 0 0 0 0 0 0 0 0 0 0 0 0 0 0 0 0 0 0 0 0 0 0 0 0 0 0 0 0 0 0 0 0 0 0 0 0 0 0 0 0 0 0 0 0 0 0 0 0 0 0 0 0 0 0 0 0 0 0 0 0 0 0 0 0 0 0 0 0 0 0 0 0 0 0 0 0 0 0 0 0 0 0 0 0 0 0 0 0 0 0 0 0 0 0 0 0 0 0 0 0 0 0 0 0 0 0 0 0 0 0 0 0 0 0 0 0 0 0 0</float_array>
					<technique_common>
						<accessor source="#3816-mesh-map-3-array" count="1152" stride="2">
							<param name="S" type="float"/>
							<param name="T" type="float"/>
						</accessor>
					</technique_common>
				</source>
				<source id="3816-mesh-map-4">
					<float_array id="3816-mesh-map-4-array" count="2304">0 0 0 0 0 0 0 0 0 0 0 0 0 0 0 0 0 0 0 0 0 0 0 0 0 0 0 0 0 0 0 0 0 0 0 0 0 0 0 0 0 0 0 0 0 0 0 0 0 0 0 0 0 0 0 0 0 0 0 0 0 0 0 0 0 0 0.285 0.66 0.295 0.657 0.285 0.66 0 0 0 0 0 0 0 0 0 0 0 0 0 0 0 0 0 0 0 0 0 0 0 0 0 0 0 0 0 0 0 0 0 0 0 0 0 0 0 0 0 0 0 0 0 0 0 0 0 0 0 0 0 0 0 0 0 0 0 0 0 0 0 0 0 0 0 0 0 0 0 0 0 0 0 0 0 0 0 0 0 0 0 0 0 0 0 0 0 0 0 0 0 0 0 0 0 0 0 0 0 0 0 0 0 0 0 0 0 0 0 0 0 0 0 0 0 0 0 0 0 0 0 0 0 0 0 0 0 0 0 0 0 0 0 0 0 0 0 0 0 0 0 0 0 0 0 0 0 0 0 0 0 0 0 0 0 0 0 0 0 0 0 0 0 0 0 0 0 0 0 0 0 0 0 0 0 0 0 0 0 0 0 0 0 0 0 0 0 0 0 0 0.562 0.348 0.562 0.417 0.391 0.348 0.562 0.417 0.511 0.417 0.391 0.348 0.745 0.519 0.603 0.525 0.752 0.417 0.603 0.525 0.599 0.417 0.752 0.417 0.603 0.534 0.603 0.525 0.745 0.534 0.603 0.525 0.745 0.525 0.745 0.534 0.604 0.569 0.604 0.55 0.745 0.569 0.604 0.55 0.745 0.55 0.745 0.569 0.606 0.609 0.605 0.589 0.745 0.609 0.605 0.589 0.745 0.589 0.745 0.609 0.959 0.548 0.961 0.552 0.959 0.548 0.961 0.552 0.961 0.552 0.959 0.548 0.951 0.538 0.959 0.548 0.951 0.538 0.959 0.548 0.959 0.548 0.951 0.538 0.939 0.525 0.951 0.538 0.939 0.525 0.951 0.538 0.951 0.538 0.939 0.525 0.924 0.515 0.939 0.525 0.924 0.515 0.939 0.525 0.939 0.525 0.924 0.515 0.904 0.508 0.924 0.515 0.904 0.508 0.924 0.515 0.924 0.515 0.904 0.508 0.884 0.505 0.904 0.508 0.884 0.505 0.904 0.508 0.904 0.508 0.884 0.505 0.866 0.508 0.884 0.505 0.866 0.508 0.884 0.505 0.884 0.505 0.866 0.508 0.841 0.519 0.866 0.508 0.841 0.519 0.866 0.508 0.866 0.508 0.841 0.519 0 0 0 0 0 0 0 0 0 0 0 0 0.79 0.417 0.79 0.348 0.841 0.417 0.79 0.348 0.961 0.348 0.841 0.417 0.604 0.55 0.603 0.534 0.745 0.55 0.603 0.534 0.745 0.534 0.745 0.55 0.605 0.589 0.604 0.569 0.745 0.589 0.604 0.569 0.745 0.569 0.745 0.589 0.606 0.628 0.606 0.609 0.745 0.628 0.606 0.609 0.745 0.609 0.745 0.628 0.752 0.519 0.745 0.519 0.752 0.417 0.745 0.519 0.745 0.525 0.603 0.525 0 0 0 0 0 0 0 0 0 0 0 0 0 0 0 0 0 0 0 0 0 0 0 0 0 0 0 0 0 0 0 0 0 0 0 0 0.752 0.417 0.599 0.417 0.752 0.348 0.599 0.417 0.597 0.348 0.752 0.348 0 0 0 0 0 0 0 0 0 0 0 0 0 0 0 0 0 0 0 0 0 0 0 0 0.354 0.664 0.353 0.667 0.216 0.664 0.353 0.667 0.216 0.667 0.216 0.664 0.607 0.656 0.607 0.644 0.745 0.656 0.607 0.644 0.745 0.644 0.745 0.656 0.599 0.417 0.752 0.417 0.599 0.417 0.752 0.417 0.752 0.417 0.599 0.417 0.216 0.609 0.216 0.589 0.233 0.609 0.216 0.589 0.237 0.587 0.233 0.609 0.285 0.66 0.354 0.664 0.216 0.664 0.608 0.667 0.608 0.664 0.745 0.667 0.608 0.664 0.745 0.664 0.745 0.667 0.608 0.664 0.607 0.656 0.745 0.664 0.607 0.656 0.745 0.656 0.745 0.664 0 0 0 0 0 0 0 0 0 0 0 0 0.607 0.644 0.606 0.628 0.745 0.644 0.606 0.628 0.745 0.628 0.745 0.644 0 0 0 0 0 0 0 0 0 0 0 0 0 0 0 0 0 0 0 0 0 0 0 0 0 0 0 0 0 0 0 0 0 0 0 0 0 0 0 0 0 0 0 0 0 0 0 0 0 0 0 0 0 0 0 0 0 0 0 0 0 0 0 0 0 0 0 0 0 0 0 0 0 0 0 0 0 0 0 0 0 0 0 0 0 0 0 0 0 0 0 0 0 0 0 0 0 0 0 0 0 0 0 0 0 0 0 0 0 0 0 0 0 0 0 0 0 0 0 0 0 0 0 0 0 0 0 0 0 0 0 0 0 0 0 0 0 0 0 0 0 0 0 0 0 0 0 0 0 0 0 0 0 0 0 0 0 0 0 0 0 0 0 0 0 0 0 0 0 0 0 0 0 0 0 0 0 0 0 0 0 0 0 0 0 0 0 0 0 0 0 0 0 0 0 0 0 0 0 0 0 0 0 0 0 0 0 0 0 0 0 0 0 0 0 0 0 0 0 0 0 0 0 0 0 0 0 0 0 0 0 0 0 0 0 0 0 0 0 0 0 0 0 0 0 0 0 0 0 0 0 0 0 0 0 0 0 0 0 0 0 0 0 0 0 0 0 0 0 0 0 0 0 0 0 0 0 0 0 0 0 0 0 0 0 0 0 0 0 0 0 0 0 0 0 0 0 0 0 0 0 0 0 0 0 0 0 0 0 0 0 0 0 0 0 0 0 0 0 0 0 0 0 0 0.468 0.667 0.448 0.664 0.488 0.664 0.507 0.656 0.488 0.664 0.429 0.656 0.488 0.664 0.448 0.664 0.429 0.656 0.429 0.656 0.413 0.644 0.507 0.656 0.413 0.644 0.523 0.644 0.507 0.656 0.535 0.628 0.523 0.644 0.401 0.628 0.523 0.644 0.413 0.644 0.401 0.628 0.401 0.628 0.393 0.609 0.535 0.628 0.393 0.609 0.543 0.609 0.535 0.628 0.543 0.609 0.393 0.609 0.546 0.589 0.393 0.609 0.391 0.589 0.546 0.589 0.543 0.569 0.546 0.589 0.523 0.534 0.546 0.589 0.511 0.525 0.523 0.534 0.523 0.534 0.535 0.55 0.543 0.569 0.391 0.589 0.511 0.525 0.546 0.589 0.391 0.589 0.391 0.348 0.511 0.525 0.391 0.348 0.511 0.417 0.511 0.525 0.336 0.609 0.332 0.587 0.355 0.609 0.332 0.587 0.356 0.589 0.355 0.609 0 0 0 0 0 0 0 0 0 0 0 0 0 0 0 0 0 0 0 0 0 0 0 0 0.216 0.552 0.209 0.348 0.233 0.434 0.233 0.434 0.209 0.348 0.237 0.414 0.237 0.414 0.209 0.348 0.248 0.397 0.248 0.397 0.209 0.348 0.265 0.386 0.265 0.386 0.209 0.348 0.285 0.382 0.285 0.382 0.364 0.348 0.304 0.386 0.304 0.386 0.364 0.348 0.321 0.397 0.321 0.397 0.364 0.348 0.332 0.414 0.332 0.414 0.364 0.348 0.336 0.434 0.336 0.434 0.364 0.348 0.356 0.589 0.216 0.552 0.233 0.434 0.237 0.454 0.332 0.454 0.336 0.434 0.356 0.589 0.216 0.552 0.237 0.454 0.248 0.471 0.321 0.471 0.332 0.454 0.356 0.589 0.248 0.57 0.237 0.587 0.216 0.552 0.237 0.587 0.216 0.589 0.216 0.552 0.304 0.559 0.285 0.555 0.304 0.482 0.285 0.555 0.285 0.486 0.304 0.482 0.285 0.486 0.285 0.555 0.265 0.482 0.285 0.555 0.265 0.559 0.265 0.482 0.285 0.382 0.209 0.348 0.364 0.348 0.216 0.552 0.248 0.471 0.265 0.559 0.248 0.471 0.265 0.482 0.265 0.559 0.332 0.587 0.321 0.57 0.356 0.589 0.248 0.57 0.216 0.552 0.265 0.559 0.209 0.552 0.209 0.348 0.216 0.552 0.951 0.538 0.939 0.525 0.961 0.348 0.951 0.538 0.961 0.348 0.959 0.548 0.959 0.548 0.961 0.348 0.961 0.552 0.841 0.519 0.841 0.417 0.866 0.508 0.866 0.508 0.841 0.417 0.884 0.505 0.884 0.505 0.841 0.417 0.904 0.508 0.841 0.417 0.961 0.348 0.904 0.508 0.961 0.348 0.939 0.525 0.924 0.515 0.961 0.348 0.924 0.515 0.904 0.508 0 0 0 0 0 0 0 0 0 0 0 0 0 0 0 0 0 0 0 0 0 0 0 0 0 0 0 0 0 0 0 0 0 0 0 0 0 0 0 0 0 0 0 0 0 0 0 0 0 0 0 0 0 0 0 0 0 0 0 0 0 0 0 0 0 0 0 0 0 0 0 0 0 0 0 0 0 0 0 0 0 0 0 0 0 0 0 0 0 0 0 0 0 0 0 0 0 0 0 0 0 0 0 0 0 0 0 0 0 0 0 0 0 0 0 0 0 0 0 0 0 0 0 0 0 0 0 0 0 0 0 0 0 0 0 0 0 0 0 0 0 0 0 0 0 0 0 0 0 0 0 0 0 0 0 0 0 0 0 0 0 0 0 0 0 0 0 0 0 0 0 0 0 0 0 0 0 0 0 0 0 0 0 0 0 0 0 0 0 0 0 0 0 0 0 0 0 0 0 0 0 0 0 0 0.336 0.609 0.355 0.609 0.332 0.628 0.355 0.609 0.355 0.628 0.332 0.628 0.233 0.609 0.237 0.628 0.216 0.609 0.237 0.628 0.216 0.628 0.216 0.609 0 0 0 0 0 0 0 0 0 0 0 0 0 0 0 0 0 0 0 0 0 0 0 0 0 0 0 0 0 0 0 0 0 0 0 0 0 0 0 0 0 0 0 0 0 0 0 0 0 0 0 0 0 0 0.285 0.66 0.285 0.66 0.274 0.657 0 0 0 0 0 0 0 0 0 0 0 0 0.332 0.628 0.355 0.628 0.321 0.644 0.355 0.628 0.354 0.644 0.321 0.644 0.237 0.628 0.248 0.644 0.216 0.628 0.248 0.644 0.216 0.644 0.216 0.628 0 0 0 0 0 0 0 0 0 0 0 0 0 0 0 0 0 0 0 0 0 0 0 0 0 0 0 0 0 0 0 0 0 0 0 0 0 0 0 0 0 0 0 0 0 0 0 0 0 0 0 0 0 0 0.321 0.644 0.354 0.644 0.298 0.657 0.354 0.644 0.354 0.656 0.298 0.657 0.248 0.644 0.271 0.657 0.216 0.644 0.271 0.657 0.216 0.656 0.216 0.644 0.274 0.657 0.216 0.664 0.271 0.657 0.216 0.664 0.216 0.656 0.271 0.657 0.285 0.66 0.295 0.657 0.354 0.664 0.285 0.66 0.216 0.664 0.274 0.657 0.295 0.657 0.298 0.657 0.354 0.664 0.298 0.657 0.354 0.656 0.354 0.664 0 0 0 0 0 0 0 0 0 0 0 0 0 0 0 0 0 0 0 0 0 0 0 0 0 0 0 0 0 0 0 0 0 0 0 0 0 0 0 0 0 0 0 0 0 0 0 0 0 0 0 0 0 0 0 0 0 0 0 0 0 0 0 0 0 0 0 0 0 0 0 0 0 0 0 0 0 0 0 0 0 0 0 0 0 0 0 0 0 0 0 0 0 0 0 0 0 0 0 0 0 0 0 0 0 0 0 0 0 0 0 0 0 0 0 0 0 0 0 0 0 0 0 0 0 0 0 0 0 0 0 0 0 0 0 0 0 0 0 0 0 0 0 0 0 0 0 0 0 0 0 0 0 0 0 0 0 0 0 0 0 0 0 0 0 0 0 0 0 0 0 0 0 0 0 0 0 0 0 0 0 0 0 0 0 0 0 0 0 0 0 0 0 0 0 0 0 0 0 0 0 0 0 0 0 0 0 0 0 0 0 0 0 0 0 0 0 0 0 0 0 0 0 0 0 0 0 0 0 0 0 0 0 0 0 0 0 0 0 0 0 0 0 0 0 0 0 0 0 0 0 0 0 0 0 0 0 0 0.939 0.525 0.902 0.571 0.924 0.515 0.902 0.571 0.894 0.565 0.924 0.515 0.884 0.563 0.866 0.508 0.884 0.505 0.841 0.525 0.841 0.519 0.866 0.508 0.894 0.565 0.884 0.563 0.904 0.508 0.884 0.563 0.884 0.505 0.904 0.508 0.894 0.613 0.902 0.608 0.904 0.664 0.902 0.608 0.922 0.656 0.904 0.664 0.865 0.571 0.86 0.579 0.829 0.534 0.86 0.579 0.817 0.551 0.829 0.534 0.908 0.579 0.902 0.571 0.951 0.538 0.902 0.571 0.939 0.525 0.951 0.538 0.959 0.548 0.908 0.579 0.951 0.538 0.884 0.615 0.894 0.613 0.884 0.667 0.894 0.613 0.904 0.664 0.884 0.667 0.829 0.644 0.865 0.608 0.845 0.656 0.865 0.608 0.874 0.613 0.845 0.656 0.86 0.579 0.809 0.569 0.817 0.551 0.961 0.589 0.959 0.609 0.91 0.589 0.959 0.609 0.908 0.599 0.91 0.589 0.91 0.589 0.908 0.579 0.961 0.589 0.845 0.656 0.874 0.613 0.864 0.664 0.874 0.613 0.884 0.615 0.864 0.664 0.902 0.608 0.939 0.644 0.922 0.656 0.959 0.609 0.951 0.628 0.908 0.599 0.806 0.589 0.809 0.569 0.858 0.589 0.809 0.569 0.86 0.579 0.858 0.589 0.817 0.628 0.809 0.609 0.86 0.599 0.874 0.565 0.865 0.571 0.841 0.525 0.865 0.571 0.829 0.534 0.841 0.525 0.817 0.628 0.86 0.599 0.829 0.644 0.86 0.599 0.865 0.608 0.829 0.644 0.959 0.548 0.961 0.552 0.908 0.579 0.961 0.552 0.961 0.589 0.908 0.579 0.902 0.608 0.908 0.599 0.939 0.644 0.908 0.599 0.951 0.628 0.939 0.644 0.858 0.589 0.86 0.599 0.806 0.589 0.86 0.599 0.809 0.609 0.806 0.589 0.841 0.525 0.866 0.508 0.874 0.565 0.866 0.508 0.884 0.563 0.874 0.565 0.864 0.664 0.884 0.615 0.884 0.667 0.924 0.515 0.894 0.565 0.904 0.508 0.304 0.482 0.321 0.471 0.304 0.559 0.321 0.471 0.321 0.57 0.304 0.559 0.321 0.57 0.321 0.471 0.356 0.589</float_array>
					<technique_common>
						<accessor source="#3816-mesh-map-4-array" count="1152" stride="2">
							<param name="S" type="float"/>
							<param name="T" type="float"/>
						</accessor>
					</technique_common>
				</source>
				<source id="3816-mesh-map-5">
					<float_array id="3816-mesh-map-5-array" count="2304">1 1 1 1 1 1 1 1 1 1 1 1 1 1 1 1 1 1 1 1 1 1 1 1 1 1 1 1 1 1 1 1 1 1 1 1 1 1 1 1 1 1 1 1 1 1 1 1 1 1 1 1 1 1 1 1 1 1 1 1 1 1 1 1 1 1 0.625 0.831 0.619 0.811 0.625 0.831 1 1 1 1 1 1 1 1 1 1 1 1 1 1 1 1 1 1 1 1 1 1 1 1 1 1 1 1 1 1 1 1 1 1 1 1 1 1 1 1 1 1 1 1 1 1 1 1 1 1 1 1 1 1 1 1 1 1 1 1 1 1 1 1 1 1 1 1 1 1 1 1 1 1 1 1 1 1 1 1 1 1 1 1 1 1 1 1 1 1 1 1 1 1 1 1 1 1 1 1 1 1 1 1 1 1 1 1 1 1 1 1 1 1 1 1 1 1 1 1 1 1 1 1 1 1 1 1 1 1 1 1 1 1 1 1 1 1 1 1 1 1 1 1 1 1 1 1 1 1 1 1 1 1 1 1 1 1 1 1 1 1 1 1 1 1 1 1 1 1 1 1 1 1 1 1 1 1 1 1 1 1 1 1 1 1 1 1 1 1 1 1 0.341 0.017 0.341 0.149 0.009 0.017 0.341 0.149 0.242 0.149 0.009 0.017 0.637 0.346 0.363 0.359 0.651 0.149 0.363 0.359 0.356 0.149 0.651 0.149 0.363 0.376 0.363 0.359 0.637 0.376 0.363 0.359 0.637 0.359 0.637 0.376 0.366 0.443 0.364 0.407 0.637 0.443 0.364 0.407 0.637 0.407 0.637 0.443 0.368 0.521 0.367 0.482 0.637 0.521 0.367 0.482 0.637 0.482 0.637 0.521 0.987 0.402 0.992 0.411 0.987 0.402 0.992 0.411 0.992 0.411 0.987 0.402 0.971 0.383 0.987 0.402 0.971 0.383 0.987 0.402 0.987 0.402 0.971 0.383 0.948 0.358 0.971 0.383 0.948 0.358 0.971 0.383 0.971 0.383 0.948 0.358 0.919 0.338 0.948 0.358 0.919 0.338 0.948 0.358 0.948 0.358 0.919 0.338 0.881 0.325 0.919 0.338 0.881 0.325 0.919 0.338 0.919 0.338 0.881 0.325 0.842 0.32 0.881 0.325 0.842 0.32 0.881 0.325 0.881 0.325 0.842 0.32 0.808 0.325 0.842 0.32 0.808 0.325 0.842 0.32 0.842 0.32 0.808 0.325 0.758 0.346 0.808 0.325 0.758 0.346 0.808 0.325 0.808 0.325 0.758 0.346 1 1 1 1 1 1 1 1 1 1 1 1 0.66 0.149 0.66 0.017 0.758 0.149 0.66 0.017 0.992 0.017 0.758 0.149 0.364 0.407 0.363 0.376 0.637 0.407 0.363 0.376 0.637 0.376 0.637 0.407 0.367 0.482 0.366 0.443 0.637 0.482 0.366 0.443 0.637 0.443 0.637 0.482 0.369 0.557 0.368 0.521 0.637 0.557 0.368 0.521 0.637 0.521 0.637 0.557 0.651 0.346 0.637 0.346 0.651 0.149 0.637 0.346 0.637 0.359 0.363 0.359 1 1 1 1 1 1 1 1 1 1 1 1 1 1 1 1 1 1 1 1 1 1 1 1 1 1 1 1 1 1 1 1 1 1 1 1 0.651 0.149 0.356 0.149 0.651 0.016 0.356 0.149 0.351 0.016 0.651 0.016 1 1 1 1 1 1 1 1 1 1 1 1 1 1 1 1 1 1 1 1 1 1 1 1 0.633 0.698 0.638 0.698 0.633 0.962 0.638 0.698 0.638 0.962 0.633 0.962 0.371 0.612 0.371 0.588 0.637 0.612 0.371 0.588 0.637 0.588 0.637 0.612 0.675 0.773 0.97 0.773 0.675 0.871 0.97 0.773 0.97 0.871 0.675 0.871 0.527 0.962 0.488 0.962 0.527 0.931 0.488 0.962 0.483 0.923 0.527 0.931 0.625 0.831 0.633 0.698 0.633 0.962 0.372 0.632 0.372 0.627 0.637 0.632 0.372 0.627 0.637 0.627 0.637 0.632 0.372 0.627 0.371 0.612 0.637 0.627 0.371 0.612 0.637 0.612 0.637 0.627 1 1 1 1 1 1 1 1 1 1 1 1 0.371 0.588 0.369 0.557 0.637 0.588 0.369 0.557 0.637 0.557 0.637 0.588 1 1 1 1 1 1 1 1 1 1 1 1 1 1 1 1 1 1 1 1 1 1 1 1 1 1 1 1 1 1 1 1 1 1 1 1 1 1 1 1 1 1 1 1 1 1 1 1 1 1 1 1 1 1 1 1 1 1 1 1 1 1 1 1 1 1 1 1 1 1 1 1 1 1 1 1 1 1 1 1 1 1 1 1 1 1 1 1 1 1 1 1 1 1 1 1 1 1 1 1 1 1 1 1 1 1 1 1 1 1 1 1 1 1 1 1 1 1 1 1 1 1 1 1 1 1 1 1 1 1 1 1 1 1 1 1 1 1 1 1 1 1 1 1 1 1 1 1 1 1 1 1 1 1 1 1 1 1 1 1 1 1 1 1 1 1 1 1 1 1 1 1 1 1 1 1 1 1 1 1 1 1 1 1 1 1 1 1 1 1 1 1 1 1 1 1 1 1 1 1 1 1 1 1 1 1 1 1 1 1 1 1 1 1 1 1 1 1 1 1 1 1 1 1 1 1 1 1 1 1 1 1 1 1 1 1 1 1 1 1 1 1 1 1 1 1 1 1 1 1 1 1 1 1 1 1 1 1 1 1 1 1 1 1 1 1 1 1 1 1 1 1 1 1 1 1 1 1 1 1 1 1 1 1 1 1 1 1 1 1 1 1 1 1 1 1 1 1 1 1 1 1 1 1 1 1 1 1 1 1 1 1 1 1 1 1 1 1 1 1 1 1 1 1 0.159 0.632 0.12 0.627 0.198 0.627 0.234 0.612 0.198 0.627 0.084 0.612 0.198 0.627 0.12 0.627 0.084 0.612 0.084 0.612 0.053 0.588 0.234 0.612 0.053 0.588 0.265 0.588 0.234 0.612 0.289 0.557 0.265 0.588 0.029 0.557 0.265 0.588 0.053 0.588 0.029 0.557 0.029 0.557 0.014 0.521 0.289 0.557 0.014 0.521 0.304 0.521 0.289 0.557 0.304 0.521 0.014 0.521 0.309 0.482 0.014 0.521 0.009 0.482 0.309 0.482 0.304 0.443 0.309 0.482 0.265 0.376 0.309 0.482 0.242 0.359 0.265 0.376 0.265 0.376 0.289 0.407 0.304 0.443 0.009 0.482 0.242 0.359 0.309 0.482 0.009 0.482 0.009 0.017 0.242 0.359 0.009 0.017 0.242 0.149 0.242 0.359 0.527 0.731 0.483 0.739 0.527 0.694 0.483 0.739 0.488 0.693 0.527 0.694 1 1 1 1 1 1 1 1 1 1 1 1 1 1 1 1 1 1 1 1 1 1 1 1 0.416 0.962 0.022 0.977 0.188 0.931 0.188 0.931 0.022 0.977 0.15 0.923 0.15 0.923 0.022 0.977 0.118 0.901 0.118 0.901 0.022 0.977 0.096 0.869 0.096 0.869 0.022 0.977 0.088 0.831 0.088 0.831 0.022 0.677 0.096 0.793 0.096 0.793 0.022 0.677 0.118 0.76 0.118 0.76 0.022 0.677 0.15 0.738 0.15 0.738 0.022 0.677 0.188 0.731 0.188 0.731 0.022 0.677 0.488 0.693 0.416 0.962 0.188 0.931 0.226 0.923 0.226 0.738 0.188 0.731 0.488 0.693 0.416 0.962 0.226 0.923 0.259 0.901 0.259 0.76 0.226 0.738 0.488 0.693 0.451 0.902 0.483 0.923 0.416 0.962 0.483 0.923 0.488 0.962 0.416 0.962 0.429 0.793 0.421 0.831 0.281 0.793 0.421 0.831 0.288 0.831 0.281 0.793 0.288 0.831 0.421 0.831 0.281 0.869 0.421 0.831 0.429 0.869 0.281 0.869 0.088 0.831 0.022 0.977 0.022 0.677 0.416 0.962 0.259 0.901 0.429 0.869 0.259 0.901 0.281 0.869 0.429 0.869 0.483 0.739 0.451 0.76 0.488 0.693 0.451 0.902 0.416 0.962 0.429 0.869 0.416 0.977 0.022 0.977 0.416 0.962 0.971 0.383 0.948 0.358 0.992 0.017 0.971 0.383 0.992 0.017 0.987 0.402 0.987 0.402 0.992 0.017 0.992 0.411 0.758 0.346 0.758 0.149 0.808 0.325 0.808 0.325 0.758 0.149 0.842 0.32 0.842 0.32 0.758 0.149 0.881 0.325 0.758 0.149 0.992 0.017 0.881 0.325 0.992 0.017 0.948 0.358 0.919 0.338 0.992 0.017 0.919 0.338 0.881 0.325 1 1 1 1 1 1 1 1 1 1 1 1 1 1 1 1 1 1 1 1 1 1 1 1 1 1 1 1 1 1 1 1 1 1 1 1 1 1 1 1 1 1 1 1 1 1 1 1 1 1 1 1 1 1 1 1 1 1 1 1 1 1 1 1 1 1 1 1 1 1 1 1 1 1 1 1 1 1 1 1 1 1 1 1 1 1 1 1 1 1 1 1 1 1 1 1 1 1 1 1 1 1 1 1 1 1 1 1 1 1 1 1 1 1 1 1 1 1 1 1 1 1 1 1 1 1 1 1 1 1 1 1 1 1 1 1 1 1 1 1 1 1 1 1 1 1 1 1 1 1 1 1 1 1 1 1 1 1 1 1 1 1 1 1 1 1 1 1 1 1 1 1 1 1 1 1 1 1 1 1 1 1 1 1 1 1 1 1 1 1 1 1 1 1 1 1 1 1 1 1 1 1 1 1 0.527 0.731 0.527 0.694 0.563 0.739 0.527 0.694 0.563 0.695 0.563 0.739 0.527 0.931 0.563 0.923 0.527 0.962 0.563 0.923 0.563 0.962 0.527 0.962 1 1 1 1 1 1 1 1 1 1 1 1 1 1 1 1 1 1 1 1 1 1 1 1 1 1 1 1 1 1 1 1 1 1 1 1 1 1 1 1 1 1 1 1 1 1 1 1 1 1 1 1 1 1 0.625 0.831 0.625 0.831 0.619 0.851 1 1 1 1 1 1 1 1 1 1 1 1 0.563 0.739 0.563 0.695 0.594 0.76 0.563 0.695 0.594 0.696 0.594 0.76 0.563 0.923 0.594 0.902 0.563 0.962 0.594 0.902 0.594 0.962 0.563 0.962 1 1 1 1 1 1 1 1 1 1 1 1 1 1 1 1 1 1 1 1 1 1 1 1 1 1 1 1 1 1 1 1 1 1 1 1 1 1 1 1 1 1 1 1 1 1 1 1 1 1 1 1 1 1 0.594 0.76 0.594 0.696 0.618 0.804 0.594 0.696 0.618 0.697 0.618 0.804 0.594 0.902 0.618 0.857 0.594 0.962 0.618 0.857 0.618 0.962 0.594 0.962 0.619 0.851 0.633 0.962 0.618 0.857 0.633 0.962 0.618 0.962 0.618 0.857 0.625 0.831 0.619 0.811 0.633 0.698 0.625 0.831 0.633 0.962 0.619 0.851 0.619 0.811 0.618 0.804 0.633 0.698 0.618 0.804 0.618 0.697 0.633 0.698 1 1 1 1 1 1 1 1 1 1 1 1 1 1 1 1 1 1 1 1 1 1 1 1 1 1 1 1 1 1 1 1 1 1 1 1 1 1 1 1 1 1 1 1 1 1 1 1 1 1 1 1 1 1 1 1 1 1 1 1 1 1 1 1 1 1 1 1 1 1 1 1 1 1 1 1 1 1 1 1 1 1 1 1 1 1 1 1 1 1 1 1 1 1 1 1 1 1 1 1 1 1 1 1 1 1 1 1 1 1 1 1 1 1 1 1 1 1 1 1 1 1 1 1 1 1 1 1 1 1 1 1 1 1 1 1 1 1 1 1 1 1 1 1 1 1 1 1 1 1 1 1 1 1 1 1 1 1 1 1 1 1 1 1 1 1 1 1 1 1 1 1 1 1 1 1 1 1 1 1 1 1 1 1 1 1 1 1 1 1 1 1 1 1 1 1 1 1 1 1 1 1 1 1 1 1 1 1 1 1 1 1 1 1 1 1 1 1 1 1 1 1 1 1 1 1 1 1 1 1 1 1 1 1 1 1 1 1 1 1 1 1 1 1 1 1 1 1 1 1 1 1 1 1 1 1 1 1 0.948 0.358 0.877 0.447 0.919 0.338 0.877 0.447 0.861 0.436 0.919 0.338 0.842 0.432 0.808 0.325 0.842 0.32 0.758 0.359 0.758 0.346 0.808 0.325 0.861 0.436 0.842 0.432 0.881 0.325 0.842 0.432 0.842 0.32 0.881 0.325 0.861 0.528 0.877 0.517 0.881 0.627 0.877 0.517 0.917 0.612 0.881 0.627 0.806 0.447 0.796 0.463 0.736 0.376 0.796 0.463 0.712 0.407 0.736 0.376 0.888 0.463 0.877 0.447 0.971 0.383 0.877 0.447 0.948 0.358 0.971 0.383 0.987 0.402 0.888 0.463 0.971 0.383 0.842 0.532 0.861 0.528 0.842 0.632 0.861 0.528 0.881 0.627 0.842 0.632 0.736 0.588 0.806 0.517 0.767 0.612 0.806 0.517 0.823 0.528 0.767 0.612 0.796 0.463 0.697 0.443 0.712 0.407 0.992 0.482 0.986 0.521 0.892 0.482 0.986 0.521 0.888 0.501 0.892 0.482 0.892 0.482 0.888 0.463 0.992 0.482 0.767 0.612 0.823 0.528 0.803 0.627 0.823 0.528 0.842 0.532 0.803 0.627 0.877 0.517 0.948 0.588 0.917 0.612 0.986 0.521 0.971 0.557 0.888 0.501 0.692 0.482 0.697 0.443 0.792 0.482 0.697 0.443 0.796 0.463 0.792 0.482 0.712 0.557 0.697 0.521 0.796 0.501 0.823 0.436 0.806 0.447 0.758 0.359 0.806 0.447 0.736 0.376 0.758 0.359 0.712 0.557 0.796 0.501 0.736 0.588 0.796 0.501 0.806 0.517 0.736 0.588 0.987 0.402 0.992 0.411 0.888 0.463 0.992 0.411 0.992 0.482 0.888 0.463 0.877 0.517 0.888 0.501 0.948 0.588 0.888 0.501 0.971 0.557 0.948 0.588 0.792 0.482 0.796 0.501 0.692 0.482 0.796 0.501 0.697 0.521 0.692 0.482 0.758 0.359 0.808 0.325 0.823 0.436 0.808 0.325 0.842 0.432 0.823 0.436 0.803 0.627 0.842 0.532 0.842 0.632 0.919 0.338 0.861 0.436 0.881 0.325 0.281 0.793 0.259 0.76 0.429 0.793 0.259 0.76 0.451 0.76 0.429 0.793 0.451 0.76 0.259 0.76 0.488 0.693</float_array>
					<technique_common>
						<accessor source="#3816-mesh-map-5-array" count="1152" stride="2">
							<param name="S" type="float"/>
							<param name="T" type="float"/>
						</accessor>
					</technique_common>
				</source>
				<vertices id="3816-mesh-vertices">
					<input semantic="POSITION" source="#3816-mesh-positions"/>
				</vertices>
				<triangles material="MB|26|2o9059-material" count="384">
					<input semantic="VERTEX" source="#3816-mesh-vertices" offset="0"/>
					<input semantic="TEXCOORD" source="#3816-mesh-map-0" offset="1" set="0"/>
					<input semantic="TEXCOORD" source="#3816-mesh-map-1" offset="1" set="1"/>
					<input semantic="TEXCOORD" source="#3816-mesh-map-2" offset="1" set="2"/>
					<input semantic="TEXCOORD" source="#3816-mesh-map-3" offset="1" set="3"/>
					<input semantic="TEXCOORD" source="#3816-mesh-map-4" offset="1" set="4"/>
					<input semantic="TEXCOORD" source="#3816-mesh-map-5" offset="1" set="5"/>
					<p>391 0 192 1 392 2 252 3 7 4 191 5 252 6 251 7 7 8 251 9 9 10 7 11 250 12 159 13 251 14 159 15 9 16 251 17 191 18 5 19 252 20 5 21 253 22 252 23 392 24 192 25 190 26 254 27 253 28 4 29 253 30 5 31 4 32 194 33 198 34 201 35 243 36 242 37 227 38 242 39 226 40 227 41 243 42 227 43 228 44 227 45 208 46 228 47 229 48 228 49 209 50 228 51 208 52 209 53 230 54 229 55 210 56 229 57 209 58 210 59 231 60 230 61 211 62 230 63 210 64 211 65 232 66 231 67 212 68 231 69 211 70 212 71 233 72 232 73 215 74 232 75 212 76 215 77 234 78 233 79 216 80 233 81 215 82 216 83 235 84 234 85 217 86 234 87 216 88 217 89 236 90 235 91 218 92 235 93 217 94 218 95 237 96 236 97 219 98 236 99 218 100 219 101 238 102 237 103 220 104 237 105 219 106 220 107 239 108 238 109 221 110 238 111 220 112 221 113 240 114 239 115 222 116 239 117 221 118 222 119 241 120 240 121 225 122 240 123 222 124 225 125 242 126 241 127 226 128 241 129 225 130 226 131 375 132 354 133 306 134 354 135 355 136 306 137 299 138 272 139 328 140 272 141 356 142 328 143 273 144 271 145 276 146 271 147 274 148 276 149 269 150 278 151 279 152 278 153 277 154 279 155 282 156 270 157 281 158 270 159 280 160 281 161 314 162 312 163 309 164 312 165 310 166 309 167 315 168 314 169 308 170 314 171 309 172 308 173 316 174 315 175 305 176 315 177 308 178 305 179 317 180 316 181 304 182 316 183 305 184 304 185 318 186 317 187 303 188 317 189 304 190 303 191 319 192 318 193 302 194 318 195 303 196 302 197 320 198 319 199 301 200 319 201 302 202 301 203 321 204 320 205 300 206 320 207 301 208 300 209 367 210 371 211 365 212 371 213 369 214 365 215 329 216 331 217 327 218 331 219 334 220 327 221 278 222 273 223 277 224 273 225 276 226 277 227 270 228 269 229 280 230 269 231 279 232 280 233 267 234 282 235 283 236 282 237 281 238 283 239 322 240 299 241 328 242 299 243 275 244 272 245 361 246 359 247 363 248 359 249 357 250 363 251 360 252 362 253 373 254 362 255 113 256 373 257 332 258 376 259 324 260 376 261 374 262 324 263 330 264 353 265 117 266 353 267 112 268 117 269 358 270 368 271 364 272 368 273 366 274 364 275 143 276 144 277 352 278 144 279 142 280 352 281 264 282 263 283 288 284 263 285 287 286 288 287 265 288 268 289 285 290 268 291 284 292 285 293 140 294 116 295 115 296 116 297 114 298 115 299 295 300 297 301 259 302 297 303 58 304 259 305 47 306 264 307 288 308 263 309 266 310 287 311 266 312 286 313 287 314 266 315 265 316 286 317 265 318 285 319 286 320 146 321 145 322 323 323 145 324 325 325 323 326 268 327 267 328 284 329 267 330 283 331 284 332 377 333 244 334 191 335 244 336 5 337 191 338 245 339 4 340 244 341 4 342 5 343 244 344 3 345 4 346 246 347 4 348 245 349 246 350 247 351 382 352 158 353 382 354 206 355 158 356 158 357 3 358 247 359 3 360 246 361 247 362 46 363 417 364 185 365 260 366 386 367 261 368 386 369 176 370 261 371 257 372 388 373 258 374 388 375 387 376 258 377 59 378 258 379 389 380 258 381 387 382 389 383 260 384 59 385 386 386 59 387 389 388 386 389 176 390 154 391 261 392 206 393 388 394 257 395 257 396 256 397 206 398 256 399 158 400 206 401 255 402 254 403 3 404 254 405 4 406 3 407 256 408 255 409 158 410 255 411 3 412 158 413 384 414 385 415 204 416 326 417 351 418 110 419 351 420 307 421 110 422 325 423 145 424 223 425 370 426 223 427 148 428 223 429 145 430 148 431 352 432 213 433 143 434 372 435 150 436 213 437 150 438 143 439 213 440 24 441 23 442 147 443 149 444 214 445 14 446 25 447 24 448 147 449 149 450 14 451 13 452 26 453 25 454 147 455 149 456 13 457 12 458 11 459 26 460 147 461 149 462 12 463 11 464 149 465 11 466 147 467 224 468 22 469 118 470 22 471 21 472 118 473 21 474 20 475 118 476 141 477 118 478 19 479 19 480 18 481 141 482 18 483 17 484 141 485 17 486 16 487 141 488 16 489 15 490 141 491 19 492 118 493 20 494 139 495 87 496 86 497 138 498 86 499 290 500 86 501 87 502 290 503 290 504 292 505 138 506 292 507 85 508 138 509 137 510 85 511 294 512 85 513 292 514 294 515 294 516 296 517 137 518 296 519 84 520 137 521 84 522 296 523 83 524 296 525 298 526 83 527 136 528 83 529 81 530 83 531 135 532 81 533 81 534 82 535 136 536 298 537 135 538 83 539 298 540 306 541 135 542 306 543 355 544 135 545 51 546 52 547 91 548 52 549 80 550 91 551 351 552 374 553 307 554 374 555 376 556 307 557 324 558 326 559 332 560 326 561 110 562 332 563 311 564 333 565 39 566 39 567 333 568 38 569 38 570 333 571 37 572 37 573 333 574 36 575 36 576 333 577 35 578 35 579 111 580 34 581 34 582 111 583 33 584 33 585 111 586 32 587 32 588 111 589 31 590 31 591 111 592 80 593 311 594 39 595 40 596 30 597 31 598 80 599 311 600 40 601 41 602 29 603 30 604 80 605 57 606 58 607 311 608 58 609 297 610 311 611 54 612 55 613 28 614 55 615 27 616 28 617 27 618 55 619 42 620 55 621 56 622 42 623 35 624 333 625 111 626 311 627 41 628 56 629 41 630 42 631 56 632 52 633 53 634 80 635 57 636 311 637 56 638 313 639 333 640 311 641 103 642 104 643 334 644 103 645 334 646 102 647 102 648 334 649 101 650 109 651 327 652 108 653 108 654 327 655 107 656 107 657 327 658 106 659 327 660 334 661 106 662 334 663 104 664 105 665 334 666 105 667 106 668 403 669 342 670 402 671 342 672 343 673 402 674 401 675 344 676 400 677 344 678 345 679 400 680 399 681 346 682 398 683 346 684 347 685 398 686 395 687 335 688 409 689 335 690 336 691 409 692 397 693 348 694 396 695 348 696 349 697 396 698 408 699 337 700 407 701 337 702 338 703 407 704 394 705 350 706 395 707 350 708 335 709 395 710 406 711 339 712 405 713 339 714 340 715 405 716 404 717 341 718 403 719 341 720 342 721 403 722 402 723 343 724 401 725 343 726 344 727 401 728 400 729 345 730 399 731 345 732 346 733 399 734 398 735 347 736 397 737 347 738 348 739 397 740 409 741 336 742 408 743 336 744 337 745 408 746 396 747 349 748 394 749 349 750 350 751 394 752 407 753 338 754 406 755 338 756 339 757 406 758 405 759 340 760 404 761 340 762 341 763 404 764 159 765 250 766 203 767 250 768 249 769 203 770 51 771 91 772 50 773 91 774 90 775 50 776 259 777 60 778 295 779 60 780 293 781 295 782 202 783 192 784 391 785 192 786 202 787 179 788 204 789 177 790 207 791 204 792 155 793 177 794 204 795 156 796 155 797 204 798 157 799 156 800 204 801 385 802 157 803 248 804 199 805 393 806 196 807 204 808 200 809 194 810 201 811 195 812 196 813 200 814 6 815 262 816 390 817 197 818 50 819 90 820 49 821 90 822 89 823 49 824 60 825 61 826 293 827 61 828 291 829 293 830 248 831 393 832 249 833 393 834 203 835 249 836 262 837 261 838 390 839 261 840 154 841 390 842 196 843 181 844 204 845 181 846 384 847 204 848 180 849 200 850 204 851 180 852 204 853 179 854 204 855 192 856 179 857 49 858 89 859 48 860 89 861 88 862 48 863 61 864 62 865 291 866 62 867 289 868 291 869 8 870 288 871 62 872 288 873 289 874 62 875 47 876 10 877 264 878 47 879 288 880 8 881 10 882 48 883 264 884 48 885 88 886 264 887 412 888 414 889 410 890 414 891 381 892 410 893 193 894 205 895 411 896 205 897 413 898 411 899 415 900 380 901 414 902 380 903 381 904 414 905 416 906 379 907 415 908 379 909 380 910 415 911 45 912 44 913 46 914 43 915 417 916 44 917 417 918 46 919 44 920 378 921 379 922 43 923 416 924 417 925 379 926 417 927 43 928 379 929 125 930 186 931 126 932 186 933 187 934 126 935 122 936 178 937 383 938 122 939 121 940 178 941 121 942 120 943 178 944 120 945 119 946 178 947 119 948 134 949 178 950 189 951 183 952 129 953 183 954 130 955 129 956 123 957 383 958 124 959 134 960 2 961 178 962 188 963 127 964 187 965 127 966 126 967 187 968 123 969 122 970 383 971 189 972 128 973 188 974 128 975 127 976 188 977 133 978 2 979 134 980 0 981 151 982 152 983 151 984 184 985 152 986 124 987 383 988 125 989 383 990 186 991 125 992 132 993 2 994 133 995 189 996 129 997 128 998 131 999 2 1000 132 1001 151 1002 0 1003 182 1004 0 1005 1 1006 182 1007 130 1008 183 1009 131 1010 183 1011 2 1012 131 1013 151 1014 153 1015 184 1016 97 1017 174 1018 96 1019 174 1020 173 1021 96 1022 172 1023 93 1024 94 1025 64 1026 92 1027 93 1028 173 1029 172 1030 95 1031 172 1032 94 1033 95 1034 163 1035 162 1036 75 1037 162 1038 76 1039 75 1040 170 1041 169 1042 65 1043 169 1044 66 1045 65 1046 175 1047 174 1048 98 1049 174 1050 97 1051 98 1052 99 1053 175 1054 98 1055 164 1056 163 1057 74 1058 163 1059 75 1060 74 1061 71 1062 166 1063 72 1064 166 1065 165 1066 72 1067 169 1068 67 1069 66 1070 63 1071 79 1072 160 1073 79 1074 161 1075 160 1076 160 1077 175 1078 63 1079 72 1080 165 1081 73 1082 165 1083 164 1084 73 1085 162 1086 77 1087 76 1088 79 1089 78 1090 161 1091 68 1092 67 1093 168 1094 67 1095 169 1096 168 1097 70 1098 69 1099 167 1100 171 1101 170 1102 64 1103 170 1104 65 1105 64 1106 70 1107 167 1108 71 1109 167 1110 166 1111 71 1112 99 1113 100 1114 175 1115 100 1116 63 1117 175 1118 162 1119 161 1120 77 1121 161 1122 78 1123 77 1124 168 1125 167 1126 68 1127 167 1128 69 1129 68 1130 64 1131 93 1132 171 1133 93 1134 172 1135 171 1136 73 1137 164 1138 74 1139 96 1140 173 1141 95 1142 28 1143 29 1144 54 1145 29 1146 53 1147 54 1148 53 1149 29 1150 80 1151</p>
				</triangles>
			</mesh>
		</geometry>
		<geometry id="3817-mesh" name="3817">
			<mesh>
				<source id="3817-mesh-positions">
					<float_array id="3817-mesh-positions-array" count="1254">1.8 -0.748 -1.7 1.8 2.1 -1.7 -1 2.1 -1.7 0 -1.6 -1.7 0.918 -1.417 -1.7 1.703 -0.899 -1.7 0 3.286 -1.7 2.212 -0.126 -1.7 -0.481 3.157 -1.7 2.4 0.931 -1.7 0.481 3.157 -1.7 0 -4.8 -2 0.918 -4.983 -2 1.697 -5.503 -2 2.217 -6.282 -2 2.4 -7.2 -2 2.217 -8.118 -2 1.697 -8.897 -2 0.918 -9.417 -2 0 -9.6 -2 -0.918 -9.417 -2 -1.697 -8.897 -2 -2.217 -8.118 -2 -2.4 -7.2 -2 -2.217 -6.282 -2 -1.697 -5.503 -2 -0.918 -4.983 -2 0 -4.8 -3.6 0.918 -4.983 -3.6 1.697 -5.503 -3.6 2.217 -6.282 -3.6 2.4 -7.2 -3.6 2.217 -8.118 -3.6 1.697 -8.897 -3.6 0.918 -9.417 -3.6 0 -9.6 -3.6 -0.918 -9.417 -3.6 -1.697 -8.897 -3.6 -2.217 -8.118 -3.6 -2.4 -7.2 -3.6 -2.217 -6.282 -3.6 -1.697 -5.503 -3.6 -0.918 -4.983 -3.6 1.697 -0.897 1.881 0.918 -1.417 1.541 0 -1.6 1.311 -0.918 -1.417 1.541 0 3.286 -1.393 0.634 3.116 -1.797 1.702 2.543 -2.545 2.2 1.798 -3.117 2.4 0.931 -3.476 2.212 -0.126 -3.6 1.703 -0.899 -3.6 0.918 -1.417 -3.6 0 -1.6 -3.6 -0.918 -1.417 -3.6 -1.7 -0.899 -3.6 -2.219 -0.12 -3.6 -2.4 0.931 -3.476 -2.208 1.798 -3.117 -1.702 2.543 -2.545 -0.634 3.116 -1.797 -3.16 0 -3.6 -3.16 -2.963 2 -3.16 -2.544 2.543 -3.16 -1.799 3.115 -3.16 -0.932 3.474 -3.16 0 3.597 -3.16 0.931 3.474 -3.16 1.798 3.115 -3.16 2.543 2.543 -3.16 3.115 1.798 -3.16 3.475 0.93 -3.16 3.6 0 -3.16 3.475 -0.932 -3.16 3.115 -1.798 -3.16 2.543 -2.545 -3.16 1.798 -3.117 -3.16 0.931 -3.476 3.319 0 -3.599 3.406 -2.544 2.543 3.381 -1.799 3.115 3.319 0 3.597 3.287 0.931 3.474 3.233 2.543 2.543 3.2 3.475 0.93 3.2 3.475 -0.932 3.208 3.115 -1.798 3.233 2.543 -2.545 3.258 1.798 -3.117 3.287 0.931 -3.476 -3.16 -3.265 2 -3.16 -3.78 0.806 -3.16 -3.899 0 -3.16 -3.773 -0.932 -3.16 -3.46 -1.85 -3.16 -2.976 -2.545 -3.16 -2.392 -3.117 -3.16 -1.936 -3.481 -3.16 -1.718 -3.6 -3.5 -1.718 -3.6 -3.5 -1.936 -3.481 -3.5 -2.392 -3.117 -3.5 -2.976 -2.545 -3.5 -3.46 -1.85 -3.5 -3.773 -0.932 -3.5 -3.899 0 -3.5 -3.78 0.806 -3.5 -3.265 2 -3.5 -11.18 -3.6 3.7 -11.18 -3.6 3.7 -11.18 4.36 -2.4 -11.18 2.8 -3.5 -8 2 3.592 -8 2 -3.5 -8 4.36 -3.5 -11.18 4.36 -2.4 -11.18 -2 -1 -0.459 -1.109 -1 -0.849 -0.849 -1 -1.109 -0.459 -1 -1.2 0 -1 -1.109 0.459 -1 -0.849 0.849 -1 -0.459 1.109 -1 0 1.2 -1 0.459 1.109 -1 0.849 0.849 -1 1.109 0.459 -1 1.2 0 -1 1.109 -0.459 -1 0.849 -0.849 -1 0.459 -1.109 -1 0 -1.2 3.42 -2.963 2 3.351 -0.932 3.474 3.258 1.798 3.115 3.213 3.115 1.798 3.197 3.6 0 3.592 -8 4.36 2.4 -11.18 -2 2.4 -11.18 2.8 2.4 -9.2 1.2 2.4 -9.2 2.8 -2.4 -9.2 1.2 -2.4 -9.2 2.8 -2.4 -2.2 -2 -2.4 -2.2 1.2 2.4 -2.2 -2 2.4 -2.2 1.2 1.8 1.558 1.393 1.8 -0.748 1.921 1.8 0.8 1.936 -1.702 2.543 -1.7 -2.219 -0.12 -1.7 -2.4 0.896 -1.7 -2.209 1.755 -1.7 -0.918 -1.417 -1.7 2.2 1.798 -1.7 -3.16 0 -1.2 -3.16 0.459 -1.109 -3.16 0.849 -0.849 -3.16 1.109 -0.459 -3.16 1.2 0 -3.16 1.109 0.459 -3.16 0.849 0.849 -3.16 0.459 1.109 -3.16 0 1.2 -3.16 -0.459 1.109 -3.16 -0.849 0.849 -3.16 -1.109 0.459 -3.16 -1.2 0 -3.16 -1.109 -0.459 -3.16 -0.849 -0.849 -3.16 -0.459 -1.109 -1.98 2.1 -1.7 -1.7 -0.899 -1.7 -1 -1.362 -1.7 1.702 2.543 -1.7 0.634 3.116 -1.7 -0.634 3.116 -1.7 1.8 2.1 0.699 -1 2.1 0.699 1.8 -0.118 2.074 -1 -1.365 1.574 -1 -0.897 1.881 -1 -0.118 2.074 -1 0.8 1.936 -1 1.558 1.393 1.8 -0.748 -1.7 1.8 -0.748 -1.7 1.8 2.1 -1.7 1.8 2.1 -1.7 0 3.286 -1.7 -0.481 3.157 -1.7 -0.481 3.157 -1.7 -0.481 3.157 -1.7 0.481 3.157 -1.7 0.481 3.157 -1.7 0.481 3.157 -1.7 0 3.286 -1.393 2.2 1.798 -1.7 1.702 2.543 -1.7 -1 2.1 -1.7 -1 2.1 -1.7 -1 -1.362 -1.7 -1 -1.362 -1.7 0 -4.8 -2 0.918 -4.983 -2 1.697 -5.503 -2 2.217 -6.282 -2 2.4 -7.2 -2 2.4 -7.2 -2 2.4 -7.2 -2 2.217 -8.118 -2 1.697 -8.897 -2 0.918 -9.417 -2 0 -9.6 -2 -0.918 -9.417 -2 -1.697 -8.897 -2 -2.217 -8.118 -2 -2.4 -7.2 -2 -2.4 -7.2 -2 -2.4 -7.2 -2 -2.217 -6.282 -2 -1.697 -5.503 -2 -0.918 -4.983 -2 0 -4.8 -3.6 0.918 -4.983 -3.6 1.697 -5.503 -3.6 2.217 -6.282 -3.6 2.4 -7.2 -3.6 2.217 -8.118 -3.6 1.697 -8.897 -3.6 0.918 -9.417 -3.6 0 -9.6 -3.6 -0.918 -9.417 -3.6 -1.697 -8.897 -3.6 -2.217 -8.118 -3.6 -2.4 -7.2 -3.6 -2.217 -6.282 -3.6 -1.697 -5.503 -3.6 -0.918 -4.983 -3.6 1.697 -0.897 1.881 0.918 -1.417 1.541 0 -1.6 1.311 -0.918 -1.417 1.541 0.634 3.116 -1.797 1.702 2.543 -2.545 2.2 1.798 -3.117 2.4 0.931 -3.476 2.212 -0.126 -3.6 1.703 -0.899 -3.6 0.918 -1.417 -3.6 0 -1.6 -3.6 -0.918 -1.417 -3.6 -1.7 -0.899 -3.6 -2.219 -0.12 -3.6 -2.4 0.931 -3.476 -2.208 1.798 -3.117 -1.702 2.543 -2.545 -0.634 3.116 -1.797 3.197 3.6 0 3.2 3.475 -0.932 3.213 3.115 1.798 3.2 3.475 0.93 3.258 1.798 3.115 3.233 2.543 2.543 3.351 -0.932 3.474 3.319 0 3.597 3.42 -2.963 2 3.42 -2.963 2 3.406 -2.544 2.543 -3.16 -2.963 2 -3.16 -2.963 2 -3.16 -2.544 2.543 -3.16 -1.799 3.115 3.381 -1.799 3.115 -3.16 -0.932 3.474 -3.16 0 3.597 -3.16 0.931 3.474 3.287 0.931 3.474 -3.16 1.798 3.115 -3.16 2.543 2.543 -3.16 3.115 1.798 -3.16 3.475 0.93 -3.16 3.6 0 -3.16 3.475 -0.932 -3.16 3.115 -1.798 3.208 3.115 -1.798 -3.16 2.543 -2.545 3.233 2.543 -2.545 -3.16 1.798 -3.117 3.258 1.798 -3.117 -3.16 0.931 -3.476 3.287 0.931 -3.476 -3.16 0 -3.6 3.319 0 -3.599 -3.16 -3.265 2 -3.16 -3.265 2 -3.16 -3.78 0.806 -3.16 -3.899 0 -3.16 -3.773 -0.932 -3.16 -3.46 -1.85 -3.16 -2.976 -2.545 3.7 -11.18 -3.6 3.7 -11.18 -3.6 -3.16 -2.392 -3.117 -3.16 -1.936 -3.481 -3.16 -1.718 -3.6 -3.16 -1.718 -3.6 -3.5 -1.718 -3.6 -3.5 -1.718 -3.6 -3.5 -1.936 -3.481 -3.5 -2.392 -3.117 -3.5 -2.976 -2.545 -3.5 -3.46 -1.85 -3.5 -3.773 -0.932 -3.5 -3.899 0 -3.5 -3.78 0.806 -3.5 -3.265 2 -3.5 -3.265 2 -2.4 -11.18 2.8 -2.4 -11.18 2.8 -2.4 -11.18 -2 -2.4 -11.18 -2 -3.5 -8 2 -3.5 -8 2 -3.5 -8 4.36 -3.5 -8 4.36 -3.5 -11.18 4.36 -3.5 -11.18 4.36 -3.5 -11.18 -3.6 -3.5 -11.18 -3.6 -1 0 -1.2 -1 -0.459 -1.109 -1 -0.849 -0.849 -1 -1.109 -0.459 -1 -1.2 0 -1 -1.109 0.459 -1 -0.849 0.849 -1 -0.459 1.109 -1 0 1.2 -1 0.459 1.109 -1 0.849 0.849 -1 1.109 0.459 -1 1.2 0 -1 1.109 -0.459 -1 0.849 -0.849 -1 0.459 -1.109 2.4 -11.18 -2 2.4 -11.18 -2 3.592 -8 4.36 3.592 -8 4.36 3.592 -8 2 3.592 -8 2 2.4 -9.2 1.2 2.4 -9.2 1.2 2.4 -9.2 2.8 2.4 -9.2 2.8 -2.4 -9.2 2.8 -2.4 -9.2 2.8 -2.4 -9.2 1.2 -2.4 -9.2 1.2 -2.4 -2.2 1.2 -2.4 -2.2 1.2 2.4 -2.2 1.2 2.4 -2.2 1.2 -2.4 -2.2 -2 -2.4 -2.2 -2 2.4 -2.2 -2 2.4 -2.2 -2 2.4 -11.18 2.8 2.4 -11.18 2.8 3.7 -11.18 4.36 3.7 -11.18 4.36 1.8 -0.748 1.921 1.8 -0.748 1.921 1.8 -0.118 2.074 1.8 0.8 1.936 1.8 1.558 1.393 -1 -1.365 1.574 -1 -1.365 1.574 -1.702 2.543 -1.7 -1.98 2.1 -1.7 -2.209 1.755 -1.7 -2.219 -0.12 -1.7 -1.7 -0.899 -1.7 -2.4 0.896 -1.7 -0.634 3.116 -1.7 2.4 0.931 -1.7 2.212 -0.126 -1.7 0.634 3.116 -1.7 -3.16 0.459 -1.109 -3.16 0 -1.2 -3.16 0.849 -0.849 -3.16 1.109 -0.459 -3.16 1.2 0 -3.16 1.109 0.459 -3.16 0.849 0.849 -3.16 0.459 1.109 -3.16 0 1.2 -3.16 -0.459 1.109 -3.16 -0.849 0.849 -3.16 -1.109 0.459 -3.16 -1.2 0 -3.16 -1.109 -0.459 -3.16 -0.849 -0.849 -3.16 -0.459 -1.109 1.8 2.1 0.699 1.8 2.1 0.699 -1 2.1 0.699 -1 2.1 0.699 -1 1.558 1.393 -1 0.8 1.936 -1 -0.118 2.074 -1 -0.897 1.881</float_array>
					<technique_common>
						<accessor source="#3817-mesh-positions-array" count="418" stride="3">
							<param name="X" type="float"/>
							<param name="Y" type="float"/>
							<param name="Z" type="float"/>
						</accessor>
					</technique_common>
				</source>
				<source id="3817-mesh-map-0">
					<float_array id="3817-mesh-map-0-array" count="2304">0.932 0.084 0.926 0.115 0.914 0.049 0.297 0.974 0.275 0.918 0.297 0.918 0.297 0.974 0.297 0.918 0.329 0.97 0.297 0.918 0.329 0.918 0.329 0.97 0.355 0.959 0.329 0.97 0.355 0.918 0.329 0.97 0.329 0.918 0.355 0.918 0.275 0.918 0.297 0.974 0.27 0.918 0.297 0.974 0.27 0.974 0.27 0.918 0.926 0.115 0.914 0.134 0.914 0.049 0.242 0.974 0.242 0.918 0.27 0.974 0.242 0.918 0.27 0.918 0.27 0.974 0.651 0.616 0.651 0.607 0.666 0.616 0.59 0.698 0.62 0.74 0.562 0.727 0.62 0.74 0.606 0.756 0.562 0.727 0.59 0.698 0.628 0.676 0.62 0.74 0.628 0.676 0.64 0.733 0.62 0.74 0.673 0.676 0.661 0.732 0.628 0.676 0.661 0.732 0.64 0.733 0.628 0.676 0.713 0.694 0.681 0.739 0.673 0.676 0.681 0.739 0.661 0.732 0.673 0.676 0.743 0.725 0.696 0.754 0.713 0.694 0.696 0.754 0.681 0.739 0.713 0.694 0.758 0.765 0.704 0.773 0.743 0.725 0.704 0.773 0.696 0.754 0.743 0.725 0.757 0.807 0.703 0.795 0.758 0.765 0.703 0.795 0.704 0.773 0.758 0.765 0.741 0.846 0.696 0.815 0.757 0.807 0.696 0.815 0.703 0.795 0.757 0.807 0.712 0.876 0.682 0.831 0.741 0.846 0.682 0.831 0.696 0.815 0.741 0.846 0.673 0.893 0.663 0.839 0.712 0.876 0.663 0.839 0.682 0.831 0.712 0.876 0.631 0.893 0.643 0.84 0.673 0.893 0.643 0.84 0.663 0.839 0.673 0.893 0.592 0.876 0.623 0.832 0.631 0.893 0.623 0.832 0.643 0.84 0.631 0.893 0.562 0.846 0.608 0.817 0.592 0.876 0.608 0.817 0.623 0.832 0.592 0.876 0.546 0.807 0.599 0.798 0.562 0.846 0.599 0.798 0.608 0.817 0.562 0.846 0.546 0.765 0.599 0.776 0.546 0.807 0.599 0.776 0.599 0.798 0.546 0.807 0.562 0.727 0.606 0.756 0.546 0.765 0.606 0.756 0.599 0.776 0.546 0.765 0.232 0.018 0.467 0.018 0.232 0.112 0.467 0.018 0.302 0.112 0.232 0.112 0.23 0.834 0.22 0.695 0.425 0.843 0.22 0.695 0.43 0.695 0.425 0.843 0.675 0.039 0.481 0.039 0.675 0.018 0.481 0.039 0.481 0.018 0.675 0.018 0.673 0.094 0.481 0.094 0.674 0.066 0.481 0.094 0.481 0.066 0.674 0.066 0.671 0.149 0.481 0.149 0.672 0.122 0.481 0.149 0.481 0.122 0.672 0.122 0.923 0.162 0.913 0.162 0.923 0.154 0.913 0.162 0.913 0.154 0.923 0.154 0.923 0.179 0.913 0.179 0.923 0.162 0.913 0.179 0.913 0.162 0.923 0.162 0.923 0.203 0.913 0.203 0.923 0.179 0.913 0.203 0.913 0.179 0.923 0.179 0.923 0.228 0.913 0.228 0.923 0.203 0.913 0.228 0.913 0.203 0.923 0.203 0.923 0.257 0.913 0.257 0.923 0.228 0.913 0.257 0.913 0.228 0.923 0.228 0.923 0.284 0.913 0.284 0.923 0.257 0.913 0.284 0.913 0.257 0.923 0.257 0.923 0.308 0.913 0.308 0.923 0.284 0.913 0.308 0.913 0.284 0.923 0.284 0.923 0.347 0.913 0.347 0.923 0.308 0.913 0.347 0.913 0.308 0.923 0.308 0.538 0.695 0.538 0.836 0.443 0.695 0.538 0.836 0.443 0.836 0.443 0.695 0.32 0.453 0.32 0.523 0.227 0.453 0.32 0.523 0.227 0.688 0.227 0.453 0.674 0.066 0.481 0.066 0.675 0.039 0.481 0.066 0.481 0.039 0.675 0.039 0.672 0.122 0.481 0.122 0.673 0.094 0.481 0.122 0.481 0.094 0.673 0.094 0.67 0.177 0.481 0.177 0.671 0.149 0.481 0.177 0.481 0.149 0.671 0.149 0.22 0.834 0.22 0.695 0.23 0.834 0.23 0.834 0.425 0.843 0.23 0.843 0.889 0.283 0.842 0.283 0.889 0.141 0.842 0.283 0.842 0.141 0.889 0.141 0.58 0.878 0.58 0.936 0.438 0.878 0.58 0.936 0.438 0.936 0.438 0.878 0.406 0.982 0.438 0.936 0.618 0.982 0.438 0.936 0.58 0.936 0.618 0.982 0.772 0.982 0.772 0.888 0.981 0.982 0.772 0.888 0.984 0.888 0.981 0.982 0.007 0.904 0.007 0.763 0.213 0.904 0.007 0.763 0.213 0.763 0.213 0.904 0.539 0.349 0.481 0.443 0.539 0.301 0.481 0.443 0.481 0.301 0.539 0.301 0.021 0.487 0.209 0.487 0.021 0.515 0.209 0.487 0.209 0.515 0.021 0.515 0.669 0.233 0.481 0.233 0.669 0.205 0.481 0.233 0.481 0.205 0.669 0.205 0.919 0.367 0.989 0.367 0.919 0.576 0.989 0.367 0.989 0.576 0.919 0.576 0.209 0.376 0.187 0.376 0.209 0.348 0.187 0.376 0.181 0.345 0.209 0.348 0.116 0.472 0.209 0.487 0.021 0.487 0.668 0.288 0.481 0.288 0.668 0.26 0.481 0.288 0.481 0.26 0.668 0.26 0.668 0.26 0.481 0.26 0.669 0.233 0.481 0.26 0.481 0.233 0.669 0.233 0.83 0.225 0.83 0.283 0.783 0.225 0.83 0.283 0.688 0.283 0.783 0.225 0.669 0.205 0.481 0.205 0.67 0.177 0.481 0.205 0.481 0.177 0.67 0.177 0.728 0.56 0.728 0.453 0.734 0.559 0.728 0.453 0.734 0.453 0.734 0.559 0.761 0.548 0.734 0.559 0.761 0.453 0.734 0.559 0.734 0.453 0.761 0.453 0.789 0.453 0.789 0.542 0.761 0.453 0.789 0.542 0.761 0.548 0.761 0.453 0.817 0.549 0.817 0.453 0.82 0.55 0.817 0.453 0.82 0.453 0.82 0.55 0.817 0.453 0.817 0.549 0.789 0.453 0.817 0.549 0.789 0.542 0.789 0.453 0.826 0.647 0.824 0.645 0.824 0.628 0.074 0.96 0.047 0.943 0.075 0.918 0.047 0.943 0.062 0.918 0.075 0.918 0.159 0.974 0.131 0.974 0.159 0.918 0.131 0.974 0.131 0.918 0.159 0.918 0.1 0.97 0.101 0.918 0.131 0.974 0.101 0.918 0.131 0.918 0.131 0.974 0.074 0.96 0.075 0.918 0.1 0.97 0.075 0.918 0.101 0.918 0.1 0.97 0.062 0.918 0.047 0.943 0.047 0.918 0.184 0.918 0.159 0.974 0.159 0.918 0.159 0.974 0.184 0.918 0.187 0.974 0.184 0.918 0.187 0.918 0.187 0.974 0.214 0.974 0.214 0.918 0.242 0.974 0.214 0.918 0.242 0.918 0.242 0.974 0.187 0.974 0.187 0.918 0.214 0.974 0.187 0.918 0.214 0.918 0.214 0.974 0.811 0.036 0.831 0.049 0.803 0.049 0.534 0.633 0.487 0.665 0.534 0.491 0.487 0.665 0.487 0.452 0.534 0.491 0.688 0.283 0.688 0.166 0.783 0.225 0.688 0.018 0.783 0.018 0.688 0.166 0.783 0.018 0.783 0.225 0.688 0.166 0.481 0.443 0.539 0.349 0.598 0.443 0.746 0.443 0.598 0.443 0.746 0.349 0.598 0.443 0.539 0.349 0.746 0.349 0.791 0.627 0.785 0.747 0.785 0.6 0.927 0.747 0.922 0.627 0.927 0.6 0.806 0.65 0.785 0.747 0.791 0.627 0.927 0.747 0.906 0.65 0.922 0.627 0.829 0.665 0.785 0.747 0.806 0.65 0.927 0.747 0.883 0.665 0.906 0.65 0.856 0.67 0.785 0.747 0.829 0.665 0.927 0.747 0.856 0.67 0.883 0.665 0.927 0.747 0.785 0.747 0.856 0.67 0.785 0.874 0.785 0.756 0.791 0.847 0.791 0.847 0.785 0.756 0.806 0.824 0.806 0.824 0.785 0.756 0.829 0.808 0.927 0.756 0.856 0.803 0.785 0.756 0.856 0.803 0.927 0.756 0.883 0.808 0.883 0.808 0.927 0.756 0.906 0.824 0.906 0.824 0.927 0.756 0.922 0.847 0.922 0.847 0.927 0.756 0.927 0.874 0.856 0.803 0.829 0.808 0.785 0.756 0.361 0.455 0.334 0.451 0.389 0.451 0.308 0.441 0.414 0.441 0.334 0.451 0.414 0.441 0.389 0.451 0.334 0.451 0.414 0.441 0.308 0.441 0.436 0.424 0.308 0.441 0.286 0.424 0.436 0.424 0.269 0.402 0.453 0.402 0.286 0.424 0.453 0.402 0.436 0.424 0.286 0.424 0.453 0.402 0.269 0.402 0.464 0.376 0.269 0.402 0.259 0.376 0.464 0.376 0.259 0.376 0.255 0.349 0.464 0.376 0.255 0.349 0.467 0.349 0.464 0.376 0.259 0.321 0.286 0.273 0.255 0.349 0.286 0.273 0.302 0.261 0.255 0.349 0.286 0.273 0.259 0.321 0.269 0.295 0.467 0.349 0.255 0.349 0.302 0.261 0.467 0.349 0.302 0.261 0.467 0.018 0.302 0.261 0.302 0.112 0.467 0.018 0.045 0.376 0.019 0.376 0.051 0.345 0.019 0.376 0.018 0.348 0.051 0.345 0.534 0.491 0.487 0.452 0.676 0.491 0.487 0.452 0.722 0.452 0.676 0.491 0.676 0.633 0.722 0.665 0.534 0.633 0.722 0.665 0.487 0.665 0.534 0.633 0.209 0.298 0.187 0.136 0.219 0.018 0.187 0.136 0.181 0.109 0.219 0.018 0.181 0.109 0.166 0.086 0.219 0.018 0.166 0.086 0.143 0.07 0.219 0.018 0.143 0.07 0.116 0.065 0.219 0.018 0.116 0.065 0.089 0.07 0.007 0.018 0.089 0.07 0.066 0.086 0.007 0.018 0.066 0.086 0.05 0.109 0.007 0.018 0.05 0.109 0.045 0.136 0.007 0.018 0.045 0.136 0.018 0.348 0.007 0.018 0.209 0.298 0.181 0.163 0.187 0.136 0.05 0.163 0.018 0.348 0.045 0.136 0.209 0.298 0.166 0.186 0.181 0.163 0.066 0.186 0.018 0.348 0.05 0.163 0.166 0.322 0.209 0.298 0.181 0.345 0.209 0.298 0.209 0.348 0.181 0.345 0.089 0.307 0.089 0.201 0.116 0.301 0.089 0.201 0.116 0.207 0.116 0.301 0.116 0.207 0.143 0.201 0.116 0.301 0.143 0.201 0.143 0.307 0.116 0.301 0.116 0.065 0.007 0.018 0.219 0.018 0.089 0.201 0.089 0.307 0.066 0.322 0.209 0.298 0.143 0.307 0.166 0.186 0.143 0.307 0.143 0.201 0.166 0.186 0.089 0.201 0.066 0.322 0.066 0.186 0.066 0.322 0.018 0.348 0.066 0.186 0.051 0.345 0.018 0.348 0.066 0.322 0.166 0.322 0.143 0.307 0.209 0.298 0.219 0.298 0.209 0.298 0.219 0.018 0.486 0.674 0.227 0.688 0.468 0.657 0.486 0.674 0.499 0.684 0.227 0.688 0.499 0.684 0.508 0.689 0.227 0.688 0.46 0.523 0.445 0.558 0.32 0.523 0.445 0.558 0.441 0.582 0.32 0.523 0.441 0.582 0.445 0.609 0.32 0.523 0.32 0.523 0.445 0.609 0.227 0.688 0.227 0.688 0.454 0.636 0.468 0.657 0.227 0.688 0.445 0.609 0.454 0.636 0.782 0.44 0.768 0.44 0.782 0.373 0.768 0.44 0.768 0.373 0.782 0.373 0.782 0.297 0.797 0.297 0.782 0.363 0.797 0.297 0.797 0.363 0.782 0.363 0.811 0.297 0.825 0.297 0.811 0.363 0.825 0.297 0.825 0.363 0.811 0.363 0.883 0.44 0.868 0.44 0.883 0.373 0.868 0.44 0.868 0.373 0.883 0.373 0.84 0.297 0.854 0.297 0.84 0.363 0.854 0.297 0.854 0.363 0.84 0.363 0.854 0.44 0.839 0.44 0.854 0.373 0.839 0.44 0.839 0.373 0.854 0.373 0.868 0.297 0.883 0.297 0.868 0.363 0.883 0.297 0.883 0.363 0.868 0.363 0.825 0.44 0.811 0.44 0.825 0.373 0.811 0.44 0.811 0.373 0.825 0.373 0.796 0.44 0.782 0.44 0.796 0.373 0.782 0.44 0.782 0.373 0.796 0.373 0.768 0.297 0.782 0.297 0.768 0.363 0.782 0.297 0.782 0.363 0.768 0.363 0.797 0.297 0.811 0.297 0.797 0.363 0.811 0.297 0.811 0.363 0.797 0.363 0.825 0.297 0.84 0.297 0.825 0.363 0.84 0.297 0.84 0.363 0.825 0.363 0.868 0.44 0.854 0.44 0.868 0.373 0.854 0.44 0.854 0.373 0.868 0.373 0.854 0.297 0.868 0.297 0.854 0.363 0.868 0.297 0.868 0.363 0.854 0.363 0.839 0.44 0.825 0.44 0.839 0.373 0.825 0.44 0.825 0.373 0.839 0.373 0.811 0.44 0.796 0.44 0.811 0.373 0.796 0.44 0.796 0.373 0.811 0.373 0.355 0.918 0.381 0.918 0.355 0.959 0.381 0.918 0.381 0.943 0.355 0.959 0.045 0.376 0.051 0.404 0.019 0.376 0.051 0.404 0.02 0.404 0.019 0.376 0.187 0.376 0.209 0.376 0.181 0.404 0.209 0.376 0.209 0.404 0.181 0.404 0.926 0.058 0.932 0.084 0.914 0.049 0.914 0.049 0.911 0.036 0.926 0.058 0.831 0.049 0.831 0.152 0.811 0.138 0.831 0.049 0.811 0.138 0.795 0.115 0.831 0.049 0.795 0.115 0.79 0.085 0.831 0.049 0.79 0.085 0.796 0.06 0.831 0.049 0.796 0.06 0.803 0.049 0.417 0.92 0.417 0.918 0.422 0.918 0.847 0.018 0.875 0.018 0.831 0.049 0.651 0.616 0.636 0.616 0.651 0.607 0.847 0.018 0.861 0.014 0.875 0.018 0.011 0.92 0.007 0.918 0.011 0.918 0.051 0.404 0.066 0.432 0.02 0.404 0.066 0.432 0.02 0.432 0.02 0.404 0.181 0.404 0.209 0.404 0.166 0.432 0.209 0.404 0.209 0.432 0.166 0.432 0.417 0.92 0.381 0.943 0.417 0.918 0.381 0.943 0.381 0.918 0.417 0.918 0.011 0.92 0.011 0.918 0.047 0.943 0.011 0.918 0.047 0.918 0.047 0.943 0.847 0.018 0.831 0.049 0.842 0.019 0.831 0.049 0.811 0.036 0.842 0.019 0.88 0.019 0.831 0.049 0.875 0.018 0.88 0.019 0.911 0.036 0.831 0.049 0.911 0.036 0.914 0.049 0.831 0.049 0.066 0.432 0.097 0.459 0.02 0.432 0.097 0.459 0.021 0.459 0.02 0.432 0.166 0.432 0.209 0.432 0.135 0.459 0.209 0.432 0.209 0.459 0.135 0.459 0.13 0.463 0.135 0.459 0.209 0.487 0.135 0.459 0.209 0.459 0.209 0.487 0.116 0.472 0.021 0.487 0.102 0.463 0.116 0.472 0.13 0.463 0.209 0.487 0.102 0.463 0.021 0.487 0.097 0.459 0.021 0.487 0.021 0.459 0.097 0.459 0.824 0.524 0.907 0.524 0.824 0.55 0.907 0.524 0.907 0.55 0.824 0.55 0.907 0.453 0.907 0.524 0.824 0.453 0.907 0.524 0.824 0.524 0.824 0.453 0.824 0.577 0.824 0.55 0.907 0.577 0.824 0.55 0.907 0.55 0.907 0.577 0.824 0.605 0.824 0.577 0.907 0.605 0.824 0.577 0.907 0.577 0.907 0.605 0.853 0.655 0.826 0.647 0.881 0.647 0.904 0.628 0.881 0.647 0.824 0.628 0.881 0.647 0.826 0.647 0.824 0.628 0.907 0.624 0.904 0.628 0.907 0.605 0.824 0.605 0.907 0.605 0.824 0.628 0.907 0.605 0.904 0.628 0.824 0.628 0.57 0.585 0.584 0.587 0.557 0.607 0.584 0.587 0.58 0.613 0.557 0.607 0.548 0.552 0.543 0.598 0.543 0.502 0.548 0.552 0.543 0.502 0.551 0.538 0.551 0.538 0.543 0.502 0.559 0.527 0.559 0.527 0.543 0.502 0.57 0.519 0.57 0.519 0.543 0.502 0.584 0.516 0.63 0.593 0.616 0.565 0.646 0.572 0.616 0.565 0.619 0.552 0.646 0.572 0.551 0.565 0.559 0.577 0.543 0.598 0.584 0.516 0.543 0.502 0.646 0.501 0.607 0.609 0.58 0.613 0.597 0.584 0.58 0.613 0.584 0.587 0.597 0.584 0.551 0.565 0.543 0.598 0.548 0.552 0.63 0.593 0.607 0.609 0.609 0.577 0.607 0.609 0.597 0.584 0.609 0.577 0.597 0.519 0.584 0.516 0.646 0.501 0.642 0.904 0.749 0.904 0.733 0.972 0.749 0.904 0.753 0.922 0.733 0.972 0.559 0.577 0.57 0.585 0.543 0.598 0.57 0.585 0.557 0.607 0.543 0.598 0.609 0.527 0.597 0.519 0.646 0.501 0.63 0.593 0.609 0.577 0.616 0.565 0.616 0.538 0.609 0.527 0.646 0.501 0.642 0.988 0.642 0.904 0.713 0.988 0.642 0.904 0.733 0.972 0.713 0.988 0.619 0.552 0.616 0.538 0.646 0.572 0.646 0.572 0.616 0.538 0.646 0.501 0.733 0.972 0.753 0.922 0.749 0.949 0.038 0.555 0.058 0.541 0.088 0.618 0.058 0.541 0.099 0.61 0.088 0.618 0.113 0.608 0.113 0.528 0.137 0.532 0.172 0.556 0.137 0.532 0.172 0.547 0.099 0.61 0.085 0.532 0.113 0.608 0.085 0.532 0.113 0.528 0.113 0.608 0.099 0.676 0.085 0.746 0.088 0.668 0.085 0.746 0.06 0.735 0.088 0.668 0.138 0.618 0.188 0.568 0.146 0.63 0.188 0.568 0.205 0.59 0.146 0.63 0.08 0.63 0.021 0.573 0.088 0.618 0.021 0.573 0.038 0.555 0.088 0.618 0.01 0.586 0.021 0.573 0.08 0.63 0.113 0.679 0.113 0.749 0.099 0.676 0.113 0.749 0.085 0.746 0.099 0.676 0.188 0.718 0.166 0.735 0.138 0.668 0.166 0.735 0.126 0.676 0.138 0.668 0.146 0.63 0.205 0.59 0.215 0.616 0.007 0.643 0.077 0.643 0.01 0.671 0.077 0.643 0.08 0.657 0.01 0.671 0.077 0.643 0.007 0.643 0.08 0.63 0.166 0.735 0.14 0.746 0.126 0.676 0.14 0.746 0.113 0.679 0.126 0.676 0.088 0.668 0.06 0.735 0.038 0.718 0.01 0.671 0.08 0.657 0.021 0.696 0.219 0.643 0.148 0.643 0.215 0.616 0.148 0.643 0.146 0.63 0.215 0.616 0.205 0.696 0.146 0.657 0.215 0.671 0.126 0.61 0.172 0.556 0.138 0.618 0.172 0.556 0.188 0.568 0.138 0.618 0.205 0.696 0.188 0.718 0.146 0.657 0.188 0.718 0.138 0.668 0.146 0.657 0.01 0.586 0.08 0.63 0.007 0.592 0.08 0.63 0.007 0.643 0.007 0.592 0.088 0.668 0.038 0.718 0.08 0.657 0.038 0.718 0.021 0.696 0.08 0.657 0.148 0.643 0.219 0.643 0.146 0.657 0.219 0.643 0.215 0.671 0.146 0.657 0.172 0.556 0.126 0.61 0.137 0.532 0.126 0.61 0.113 0.608 0.137 0.532 0.14 0.746 0.113 0.749 0.113 0.679 0.058 0.541 0.085 0.532 0.099 0.61</float_array>
					<technique_common>
						<accessor source="#3817-mesh-map-0-array" count="1152" stride="2">
							<param name="S" type="float"/>
							<param name="T" type="float"/>
						</accessor>
					</technique_common>
				</source>
				<source id="3817-mesh-map-1">
					<float_array id="3817-mesh-map-1-array" count="2304">0 0 0 0 0 0 0 0 0 0 0 0 0 0 0 0 0 0 0 0 0 0 0 0 0 0 0 0 0 0 0 0 0 0 0 0 0 0 0 0 0 0 0 0 0 0 0 0 0 0 0 0 0 0 0 0 0 0 0 0 0 0 0 0 0 0 0 0 0 0 0 0 0 0 0 0 0 0 0 0 0 0 0 0 0 0 0 0 0 0 0 0 0 0 0 0 0 0 0 0 0 0 0 0 0 0 0 0 0 0 0 0 0 0 0 0 0 0 0 0 0 0 0 0 0 0 0 0 0 0 0 0 0 0 0 0 0 0 0 0 0 0 0 0 0 0 0 0 0 0 0 0 0 0 0 0 0 0 0 0 0 0 0 0 0 0 0 0 0 0 0 0 0 0 0 0 0 0 0 0 0 0 0 0 0 0 0 0 0 0 0 0 0 0 0 0 0 0 0 0 0 0 0 0 0 0 0 0 0 0 0 0 0 0 0 0 0 0 0 0 0 0 0 0 0 0 0 0 0 0 0 0 0 0 0 0 0 0 0 0 0 0 0 0 0 0 0 0 0 0 0 0 0 0 0 0 0 0 0 0 0 0 0 0 0.016 0.015 0.353 0.015 0.016 0.149 0.353 0.015 0.116 0.149 0.016 0.149 0.38 0.347 0.365 0.147 0.658 0.36 0.365 0.147 0.665 0.147 0.658 0.36 0 0 0 0 0 0 0 0 0 0 0 0 0 0 0 0 0 0 0 0 0 0 0 0 0 0 0 0 0 0 0 0 0 0 0 0 0 0 0 0 0 0 0 0 0 0 0 0 0 0 0 0 0 0 0 0 0 0 0 0 0 0 0 0 0 0 0 0 0 0 0 0 0 0 0 0 0 0 0 0 0 0 0 0 0 0 0 0 0 0 0 0 0 0 0 0 0 0 0 0 0 0 0 0 0 0 0 0 0 0 0 0 0 0 0 0 0 0 0 0 0 0 0 0 0 0 0 0 0 0 0 0 0.935 0.8 0.405 0.8 0.935 0.447 0.405 0.8 0.405 0.447 0.935 0.447 0 0 0 0 0 0 0 0 0 0 0 0 0 0 0 0 0 0 0 0 0 0 0 0 0 0 0 0 0 0 0 0 0 0 0 0 0 0 0 0 0 0 0 0 0 0 0 0 0.365 0.347 0.365 0.147 0.38 0.347 0.38 0.347 0.658 0.36 0.38 0.36 0.405 0.977 0.405 0.8 0.935 0.977 0.405 0.8 0.935 0.8 0.935 0.977 0 0 0 0 0 0 0 0 0 0 0 0 0 0 0 0 0 0 0 0 0 0 0 0 0.365 0.147 0.365 0.012 0.665 0.147 0.365 0.012 0.67 0.012 0.665 0.147 0 0 0 0 0 0 0 0 0 0 0 0 0 0 0 0 0 0 0 0 0 0 0 0 0.24 0.634 0.24 0.634 0.2 0.64 0.24 0.634 0.2 0.64 0.2 0.64 0 0 0 0 0 0 0 0 0 0 0 0 0.665 0.147 0.665 0.147 0.365 0.147 0.665 0.147 0.365 0.147 0.365 0.147 0 0 0 0 0 0 0 0 0 0 0 0 0 0 0 0 0 0 0.2 0.64 0.2 0.64 0.161 0.634 0.2 0.64 0.161 0.634 0.161 0.634 0 0 0 0 0 0 0 0 0 0 0 0 0 0 0 0 0 0 0 0 0 0 0 0 0 0 0 0 0 0 0 0 0 0 0 0 0 0 0 0 0 0 0 0 0 0 0 0 0 0 0 0 0 0 0 0 0 0 0 0 0 0 0 0 0 0 0 0 0 0 0 0 0 0 0 0 0 0 0 0 0 0 0 0 0 0 0 0 0 0 0 0 0 0 0 0 0 0 0 0 0 0 0 0 0 0 0 0 0 0 0 0 0 0 0 0 0 0 0 0 0 0 0 0 0 0 0 0 0 0 0 0 0 0 0 0 0 0 0 0 0 0 0 0 0 0 0 0 0 0 0 0 0 0 0 0 0 0 0 0 0 0 0 0 0 0 0 0 0 0 0 0 0 0 0 0 0 0 0 0 0 0 0 0 0 0 0 0 0 0 0 0 0 0 0 0 0 0 0 0 0 0 0 0 0 0 0 0 0 0 0 0 0 0 0 0 0 0 0 0 0 0 0 0 0 0 0 0 0 0 0 0 0 0 0 0 0 0 0 0 0 0 0 0 0 0 0 0 0 0 0 0 0 0 0 0 0 0 0 0 0 0 0 0 0 0 0 0 0 0 0 0 0 0 0 0 0 0 0 0 0 0 0 0 0 0 0 0 0 0 0 0 0 0 0 0 0 0 0 0 0 0 0 0 0 0 0 0 0 0 0 0 0 0 0 0 0 0 0 0 0 0 0 0 0 0 0 0 0 0 0 0 0 0 0 0 0 0 0 0 0 0 0 0 0 0 0 0 0 0 0 0 0 0 0 0 0 0 0 0 0.2 0.64 0.161 0.634 0.24 0.634 0.124 0.619 0.277 0.619 0.161 0.634 0.277 0.619 0.24 0.634 0.161 0.634 0.277 0.619 0.124 0.619 0.308 0.595 0.124 0.619 0.093 0.595 0.308 0.595 0.069 0.563 0.332 0.563 0.093 0.595 0.332 0.563 0.308 0.595 0.093 0.595 0.332 0.563 0.069 0.563 0.347 0.527 0.069 0.563 0.054 0.527 0.347 0.527 0.054 0.527 0.048 0.487 0.347 0.527 0.048 0.487 0.353 0.487 0.347 0.527 0.054 0.448 0.093 0.38 0.048 0.487 0.093 0.38 0.116 0.362 0.048 0.487 0.093 0.38 0.054 0.448 0.069 0.411 0.353 0.487 0.048 0.487 0.116 0.362 0.353 0.487 0.116 0.362 0.353 0.015 0.116 0.362 0.116 0.149 0.353 0.015 0 0 0 0 0 0 0 0 0 0 0 0 0 0 0 0 0 0 0 0 0 0 0 0 0 0 0 0 0 0 0 0 0 0 0 0 0.966 0.412 0.934 0.18 0.98 0.012 0.934 0.18 0.926 0.142 0.98 0.012 0.926 0.142 0.904 0.109 0.98 0.012 0.904 0.109 0.871 0.087 0.98 0.012 0.871 0.087 0.832 0.079 0.98 0.012 0 0 0 0 0 0 0 0 0 0 0 0 0 0 0 0 0 0 0 0 0 0 0 0 0 0 0 0 0 0 0.966 0.412 0.926 0.219 0.934 0.18 0 0 0 0 0 0 0.966 0.412 0.904 0.252 0.926 0.219 0 0 0 0 0 0 0 0 0 0 0 0 0 0 0 0 0 0 0 0 0 0 0 0 0 0 0 0 0 0 0 0 0 0 0 0 0 0 0 0 0 0 0.832 0.079 0.676 0.012 0.98 0.012 0 0 0 0 0 0 0.966 0.412 0.871 0.425 0.904 0.252 0.871 0.425 0.871 0.274 0.904 0.252 0 0 0 0 0 0 0 0 0 0 0 0 0 0 0 0 0 0 0 0 0 0 0 0 0.98 0.412 0.966 0.412 0.98 0.012 0 0 0 0 0 0 0 0 0 0 0 0 0 0 0 0 0 0 0 0 0 0 0 0 0 0 0 0 0 0 0 0 0 0 0 0 0 0 0 0 0 0 0 0 0 0 0 0 0 0 0 0 0 0 0 0 0 0 0 0 0 0 0 0 0 0 0 0 0 0 0 0 0 0 0 0 0 0 0 0 0 0 0 0 0 0 0 0 0 0 0 0 0 0 0 0 0 0 0 0 0 0 0 0 0 0 0 0 0 0 0 0 0 0 0 0 0 0 0 0 0 0 0 0 0 0 0 0 0 0 0 0 0 0 0 0 0 0 0 0 0 0 0 0 0 0 0 0 0 0 0 0 0 0 0 0 0 0 0 0 0 0 0 0 0 0 0 0 0 0 0 0 0 0 0 0 0 0 0 0 0 0 0 0 0 0 0 0 0 0 0 0 0 0 0 0 0 0 0 0 0 0 0 0 0 0 0 0 0 0 0 0 0 0 0 0 0 0 0 0 0 0 0 0 0 0 0 0 0 0 0 0 0 0 0 0 0 0 0 0 0 0 0 0 0 0 0 0 0 0 0 0 0 0 0 0 0 0 0 0 0 0 0 0 0 0 0 0 0 0 0 0 0 0 0 0 0 0 0 0 0 0 0 0 0 0 0 0 0 0 0 0 0 0 0 0 0 0 0 0 0 0 0 0 0 0 0 0 0 0 0 0 0 0 0 0 0 0 0 0 0 0 0 0 0 0 0 0 0 0 0 0 0 0 0 0 0 0 0 0 0 0 0 0 0 0 0 0 0 0 0 0 0 0 0 0 0 0 0 0 0 0 0 0 0 0 0 0 0 0 0 0 0 0 0 0 0 0 0 0 0 0 0 0 0 0 0 0 0 0 0 0 0 0 0 0 0 0 0 0 0 0 0 0 0 0 0 0 0 0 0 0 0 0 0 0 0 0 0 0 0 0 0 0 0 0 0 0 0 0 0 0 0 0 0 0 0 0 0 0 0 0 0 0 0 0 0 0 0 0 0 0 0 0 0 0 0 0 0 0 0 0 0 0 0 0 0 0 0 0 0 0 0 0 0 0 0 0 0 0 0 0 0 0 0 0 0 0 0 0 0 0 0 0 0 0 0 0 0 0 0 0 0 0 0 0 0 0 0 0 0 0 0 0 0 0 0 0 0 0 0 0 0 0 0 0 0 0 0 0 0 0 0 0 0 0 0 0 0 0 0 0 0 0 0 0 0 0 0 0 0 0 0 0 0 0 0 0 0 0 0 0 0 0 0 0 0 0 0 0 0 0 0 0 0 0 0 0 0 0 0 0 0 0 0 0 0 0 0 0 0 0 0 0 0 0 0 0 0 0 0 0 0 0 0 0 0 0 0 0 0 0 0 0 0 0 0 0 0 0 0 0 0 0 0 0 0 0 0 0 0 0 0 0 0 0 0 0 0 0 0 0 0 0 0 0 0 0 0 0 0 0 0 0 0 0 0 0 0 0 0 0 0 0 0 0 0 0 0 0 0 0 0 0 0 0 0 0 0 0 0 0 0 0 0 0 0 0 0 0 0 0 0 0 0 0 0 0 0 0 0 0 0 0 0 0 0 0 0 0 0 0 0 0 0 0 0 0 0 0 0 0 0 0 0 0 0 0 0 0 0 0 0 0 0 0 0 0 0 0 0 0 0 0 0 0 0 0 0 0 0.052 0.701 0.081 0.681 0.124 0.791 0.081 0.681 0.14 0.78 0.124 0.791 0.16 0.776 0.16 0.662 0.194 0.667 0.244 0.702 0.194 0.667 0.244 0.689 0.14 0.78 0.12 0.667 0.16 0.776 0.12 0.667 0.16 0.662 0.16 0.776 0.14 0.874 0.12 0.974 0.124 0.863 0.12 0.974 0.083 0.959 0.124 0.863 0.195 0.791 0.267 0.719 0.206 0.808 0.267 0.719 0.291 0.751 0.206 0.808 0.113 0.808 0.028 0.726 0.124 0.791 0.028 0.726 0.052 0.701 0.124 0.791 0.012 0.745 0.028 0.726 0.113 0.808 0.16 0.878 0.16 0.979 0.14 0.874 0.16 0.979 0.12 0.974 0.14 0.874 0.267 0.935 0.236 0.959 0.195 0.863 0.236 0.959 0.179 0.874 0.195 0.863 0.206 0.808 0.291 0.751 0.306 0.788 0.007 0.827 0.109 0.827 0.013 0.866 0.109 0.827 0.113 0.846 0.013 0.866 0.109 0.827 0.007 0.827 0.113 0.808 0.236 0.959 0.199 0.974 0.179 0.874 0.199 0.974 0.16 0.878 0.179 0.874 0.124 0.863 0.083 0.959 0.052 0.935 0.013 0.866 0.113 0.846 0.028 0.903 0.312 0.827 0.21 0.827 0.306 0.788 0.21 0.827 0.206 0.808 0.306 0.788 0.291 0.903 0.206 0.846 0.306 0.866 0.179 0.78 0.244 0.702 0.195 0.791 0.244 0.702 0.267 0.719 0.195 0.791 0.291 0.903 0.267 0.935 0.206 0.846 0.267 0.935 0.195 0.863 0.206 0.846 0.012 0.745 0.113 0.808 0.007 0.754 0.113 0.808 0.007 0.827 0.007 0.754 0.124 0.863 0.052 0.935 0.113 0.846 0.052 0.935 0.028 0.903 0.113 0.846 0.21 0.827 0.312 0.827 0.206 0.846 0.312 0.827 0.306 0.866 0.206 0.846 0.244 0.702 0.179 0.78 0.194 0.667 0.179 0.78 0.16 0.776 0.194 0.667 0.199 0.974 0.16 0.979 0.16 0.878 0.081 0.681 0.12 0.667 0.14 0.78</float_array>
					<technique_common>
						<accessor source="#3817-mesh-map-1-array" count="1152" stride="2">
							<param name="S" type="float"/>
							<param name="T" type="float"/>
						</accessor>
					</technique_common>
				</source>
				<source id="3817-mesh-map-2">
					<float_array id="3817-mesh-map-2-array" count="2304">0 0 0 0 0 0 0 0 0 0 0 0 0 0 0 0 0 0 0 0 0 0 0 0 0 0 0 0 0 0 0 0 0 0 0 0 0 0 0 0 0 0 0 0 0 0 0 0 0 0 0 0 0 0 0 0 0 0 0 0 0 0 0 0 0 0 0 0 0 0 0 0 0 0 0 0 0 0 0 0 0 0 0 0 0 0 0 0 0 0 0 0 0 0 0 0 0 0 0 0 0 0 0 0 0 0 0 0 0 0 0 0 0 0 0 0 0 0 0 0 0 0 0 0 0 0 0 0 0 0 0 0 0 0 0 0 0 0 0 0 0 0 0 0 0 0 0 0 0 0 0 0 0 0 0 0 0 0 0 0 0 0 0 0 0 0 0 0 0 0 0 0 0 0 0 0 0 0 0 0 0 0 0 0 0 0 0 0 0 0 0 0 0 0 0 0 0 0 0 0 0 0 0 0 0 0 0 0 0 0 0 0 0 0 0 0 0 0 0 0 0 0 0 0 0 0 0 0 0 0 0 0 0 0 0 0 0 0 0 0 0 0 0 0 0 0 0 0 0 0 0 0 0 0 0 0 0 0 0 0 0 0 0 0 0.063 0.3 0.426 0.3 0.063 0.445 0.426 0.3 0.17 0.445 0.063 0.445 0.626 0.681 0.61 0.45 0.921 0.7 0.61 0.45 0.93 0.45 0.921 0.7 0.919 0.733 0.626 0.733 0.921 0.7 0.626 0.733 0.626 0.7 0.921 0.7 0.916 0.811 0.626 0.811 0.918 0.769 0.626 0.811 0.626 0.769 0.918 0.769 0.914 0.891 0.626 0.891 0.915 0.853 0.626 0.891 0.626 0.853 0.915 0.853 0 0 0 0 0 0 0 0 0 0 0 0 0 0 0 0 0 0 0 0 0 0 0 0 0 0 0 0 0 0 0 0 0 0 0 0 0 0 0 0 0 0 0 0 0 0 0 0 0 0 0 0 0 0 0 0 0 0 0 0 0 0 0 0 0 0 0 0 0 0 0 0 0 0 0 0 0 0 0 0 0 0 0 0 0 0 0 0 0 0 0 0 0 0 0 0 0 0 0 0 0 0 0 0 0 0 0 0 0 0 0 0 0 0 0 0 0 0 0 0 0.918 0.769 0.626 0.769 0.919 0.733 0.626 0.769 0.626 0.733 0.919 0.733 0.915 0.853 0.626 0.853 0.916 0.811 0.626 0.853 0.626 0.811 0.916 0.811 0.913 0.926 0.626 0.926 0.914 0.891 0.626 0.926 0.626 0.891 0.914 0.891 0.61 0.681 0.61 0.45 0.626 0.681 0.626 0.681 0.921 0.7 0.626 0.7 0 0 0 0 0 0 0 0 0 0 0 0 0 0 0 0 0 0 0 0 0 0 0 0 0 0 0 0 0 0 0 0 0 0 0 0 0.609 0.209 0.609 0.065 0.931 0.209 0.609 0.065 0.936 0.065 0.931 0.209 0 0 0 0 0 0 0 0 0 0 0 0 0 0 0 0 0 0 0 0 0 0 0 0 0 0 0 0 0 0 0 0 0 0 0 0 0.912 0.969 0.626 0.969 0.913 0.95 0.626 0.969 0.626 0.95 0.913 0.95 0.931 0.274 0.931 0.381 0.609 0.274 0.931 0.381 0.609 0.381 0.609 0.274 0 0 0 0 0 0 0 0 0 0 0 0 0 0 0 0 0 0 0 0 0 0 0 0 0 0 0 0 0 0 0 0 0 0 0 0 0 0 0 0 0 0 0 0 0 0 0 0 0 0 0 0 0 0 0.913 0.95 0.626 0.95 0.913 0.926 0.626 0.95 0.626 0.926 0.913 0.926 0 0 0 0 0 0 0 0 0 0 0 0 0 0 0 0 0 0 0 0 0 0 0 0 0 0 0 0 0 0 0 0 0 0 0 0 0 0 0 0 0 0 0 0 0 0 0 0 0 0 0 0 0 0 0 0 0 0 0 0 0 0 0 0 0 0 0 0 0 0 0 0 0 0 0 0 0 0 0 0 0 0 0 0 0 0 0 0 0 0 0 0 0 0 0 0 0 0 0 0 0 0 0 0 0 0 0 0 0 0 0 0 0 0 0 0 0 0 0 0 0 0 0 0 0 0 0 0 0 0 0 0 0 0 0 0 0 0 0 0 0 0 0 0 0 0 0 0 0 0 0 0 0 0 0 0 0 0 0 0 0 0 0 0 0 0 0 0 0 0 0 0 0 0 0 0 0 0 0 0 0 0 0 0 0 0 0 0 0 0 0 0 0 0 0 0 0 0 0 0 0 0 0 0 0 0 0 0 0 0 0 0 0 0 0 0 0 0 0 0 0 0 0 0 0 0 0 0 0 0 0 0 0 0 0 0 0 0 0 0 0 0 0 0 0 0 0 0 0 0 0 0 0 0 0 0 0 0 0 0 0 0 0 0 0 0 0 0 0 0 0 0 0 0 0 0 0 0 0 0 0 0 0 0 0 0 0 0 0 0 0 0 0 0 0 0 0 0 0 0 0 0 0 0 0 0 0 0 0 0 0 0 0 0 0 0 0 0 0 0 0 0 0 0 0.262 0.975 0.219 0.969 0.304 0.969 0.18 0.953 0.344 0.953 0.219 0.969 0.344 0.953 0.304 0.969 0.219 0.969 0.344 0.953 0.18 0.953 0.378 0.927 0.18 0.953 0.146 0.927 0.378 0.927 0.12 0.893 0.404 0.893 0.146 0.927 0.404 0.893 0.378 0.927 0.146 0.927 0.404 0.893 0.12 0.893 0.42 0.853 0.12 0.893 0.103 0.853 0.42 0.853 0.103 0.853 0.098 0.81 0.42 0.853 0.098 0.81 0.426 0.81 0.42 0.853 0.103 0.768 0.146 0.694 0.098 0.81 0.146 0.694 0.17 0.675 0.098 0.81 0.146 0.694 0.103 0.768 0.12 0.728 0.426 0.81 0.098 0.81 0.17 0.675 0.426 0.81 0.17 0.675 0.426 0.3 0.17 0.675 0.17 0.445 0.426 0.3 0 0 0 0 0 0 0 0 0 0 0 0 0 0 0 0 0 0 0 0 0 0 0 0 0 0 0 0 0 0 0 0 0 0 0 0 0 0 0 0 0 0 0 0 0 0 0 0 0 0 0 0 0 0 0 0 0 0 0 0 0 0 0 0 0 0 0 0 0 0 0 0 0 0 0 0 0 0 0 0 0 0 0 0 0 0 0 0 0 0 0 0 0 0 0 0 0 0 0 0 0 0 0 0 0 0 0 0 0 0 0 0 0 0 0 0 0 0 0 0 0 0 0 0 0 0 0 0 0 0 0 0 0 0 0 0 0 0 0 0 0 0 0 0 0 0 0 0 0 0 0 0 0 0 0 0 0 0 0 0 0 0 0 0 0 0 0 0 0 0 0 0 0 0 0 0 0 0 0 0 0 0 0 0 0 0 0 0 0 0 0 0 0 0 0 0 0 0 0 0 0 0 0 0 0 0 0 0 0 0 0 0 0 0 0 0 0 0 0 0 0 0 0 0 0 0 0 0 0 0 0 0 0 0 0 0 0 0 0 0 0 0 0 0 0 0 0 0 0 0 0 0 0 0 0 0 0 0 0 0 0 0 0 0 0 0 0 0 0 0 0 0 0 0 0 0 0 0 0 0 0 0 0 0 0 0 0 0 0 0 0 0 0 0 0 0 0 0 0 0 0 0 0 0 0 0 0 0 0 0 0 0 0 0 0 0 0 0 0 0 0 0 0 0 0 0 0 0 0 0 0 0 0 0 0 0 0 0 0 0 0 0 0 0 0 0 0 0 0 0 0 0 0 0 0 0 0 0 0 0 0 0 0 0 0 0 0 0 0 0 0 0 0 0 0 0 0 0 0 0 0 0 0 0 0 0 0 0 0 0 0 0 0 0 0 0 0 0 0 0 0 0 0 0 0 0 0 0 0 0 0 0 0 0 0 0 0 0 0 0 0 0 0 0 0 0 0 0 0 0 0 0 0 0 0 0 0 0 0 0 0 0 0 0 0 0 0 0 0 0 0 0 0 0 0 0 0 0 0 0 0 0 0 0 0 0 0 0 0 0 0 0 0 0 0 0 0 0 0 0 0 0 0 0 0 0 0 0 0 0 0 0 0 0 0 0 0 0 0 0 0 0 0 0 0 0 0 0 0 0 0 0 0 0 0 0 0 0 0 0 0 0 0 0 0 0 0 0 0 0 0 0 0 0 0 0 0 0 0 0 0 0 0 0 0 0 0 0 0 0 0 0 0 0 0 0 0 0 0 0 0 0 0 0 0 0 0 0 0 0 0 0 0 0 0 0 0 0 0 0 0 0 0 0 0 0 0 0 0 0 0 0 0 0 0 0 0 0 0 0 0 0 0 0 0 0 0 0 0 0 0 0 0 0 0 0 0 0 0 0 0 0 0 0 0 0 0 0 0 0 0 0 0 0 0 0 0 0 0 0 0 0 0 0 0 0 0 0 0 0 0 0 0 0 0 0 0 0 0 0 0 0 0 0 0 0 0 0 0 0 0 0 0 0 0 0 0 0 0 0 0 0 0 0 0 0 0 0 0 0 0 0 0 0 0 0 0 0 0 0 0 0 0 0 0 0 0 0 0 0 0 0 0 0 0 0 0 0 0 0 0 0 0 0 0 0 0 0 0 0 0 0 0 0 0 0 0 0 0 0 0 0 0 0 0 0 0 0 0 0 0 0 0 0 0 0 0 0 0 0 0 0 0 0 0 0 0 0 0 0 0 0 0 0 0 0 0 0 0 0 0 0 0 0 0 0 0 0 0 0 0 0 0 0 0 0 0 0 0 0 0 0 0 0 0 0 0 0 0 0 0 0 0 0 0 0 0 0 0 0 0 0 0 0 0 0 0 0 0 0 0 0 0 0 0 0 0 0 0 0 0 0 0 0 0 0 0 0 0 0 0 0 0 0 0 0 0 0 0 0 0 0 0 0 0 0 0 0 0 0 0 0 0 0 0 0 0 0 0 0 0 0 0 0 0 0 0 0 0 0 0 0 0 0 0 0 0 0 0 0 0 0 0 0 0 0 0 0 0 0 0 0 0 0 0 0 0 0 0 0 0 0 0 0 0 0 0 0 0 0 0 0 0 0 0 0 0 0 0 0 0 0 0 0 0 0 0 0 0 0 0 0 0 0 0 0 0 0 0 0 0 0 0 0 0 0 0 0 0 0 0 0 0 0 0 0 0 0 0 0 0 0 0 0 0 0 0 0 0 0 0 0 0 0 0 0 0 0 0 0 0 0 0 0 0 0 0 0 0 0 0 0 0 0 0 0 0 0 0 0 0 0 0 0 0 0 0 0 0 0 0 0 0 0 0 0 0 0 0 0 0 0 0 0 0 0 0 0 0 0 0 0 0 0 0 0 0 0 0 0 0 0 0 0 0 0 0 0 0 0 0 0 0 0 0 0 0 0 0 0 0 0 0 0 0 0 0 0 0 0 0 0 0 0 0 0 0 0 0 0 0 0 0 0 0 0 0 0 0 0 0 0 0 0 0 0 0 0 0 0 0 0 0 0 0 0 0 0 0 0 0 0 0 0 0 0 0 0 0 0 0 0 0 0 0 0 0 0 0 0 0 0 0 0 0 0 0 0 0 0 0 0 0 0 0 0 0 0 0 0 0 0 0 0 0 0 0 0 0 0 0 0 0 0 0 0 0 0 0 0 0 0 0 0 0 0 0 0 0 0 0 0 0 0 0 0 0 0 0 0 0 0</float_array>
					<technique_common>
						<accessor source="#3817-mesh-map-2-array" count="1152" stride="2">
							<param name="S" type="float"/>
							<param name="T" type="float"/>
						</accessor>
					</technique_common>
				</source>
				<source id="3817-mesh-map-3">
					<float_array id="3817-mesh-map-3-array" count="2304">0 0 0 0 0 0 0 0 0 0 0 0 0 0 0 0 0 0 0 0 0 0 0 0 0 0 0 0 0 0 0 0 0 0 0 0 0 0 0 0 0 0 0 0 0 0 0 0 0 0 0 0 0 0 0 0 0 0 0 0 0 0 0 0 0 0 0 0 0 0 0 0 0 0 0 0 0 0 0 0 0 0 0 0 0 0 0 0 0 0 0 0 0 0 0 0 0 0 0 0 0 0 0 0 0 0 0 0 0 0 0 0 0 0 0 0 0 0 0 0 0 0 0 0 0 0 0 0 0 0 0 0 0 0 0 0 0 0 0 0 0 0 0 0 0 0 0 0 0 0 0 0 0 0 0 0 0 0 0 0 0 0 0 0 0 0 0 0 0 0 0 0 0 0 0 0 0 0 0 0 0 0 0 0 0 0 0 0 0 0 0 0 0 0 0 0 0 0 0 0 0 0 0 0 0 0 0 0 0 0 0 0 0 0 0 0 0 0 0 0 0 0 0 0 0 0 0 0 0 0 0 0 0 0 0 0 0 0 0 0 0 0 0 0 0 0 0 0 0 0 0 0 0 0 0 0 0 0 0 0 0 0 0 0 0.492 0.094 0.943 0.094 0.492 0.274 0.943 0.094 0.626 0.274 0.492 0.274 0.075 0.542 0.056 0.274 0.448 0.559 0.056 0.274 0.458 0.274 0.448 0.559 0.447 0.582 0.075 0.582 0.448 0.559 0.075 0.582 0.075 0.559 0.448 0.559 0.444 0.674 0.075 0.674 0.446 0.624 0.075 0.674 0.075 0.624 0.446 0.624 0.44 0.779 0.075 0.779 0.442 0.726 0.075 0.779 0.075 0.726 0.442 0.726 0 0 0 0 0 0 0 0 0 0 0 0 0 0 0 0 0 0 0 0 0 0 0 0 0 0 0 0 0 0 0 0 0 0 0 0 0 0 0 0 0 0 0 0 0 0 0 0 0 0 0 0 0 0 0 0 0 0 0 0 0 0 0 0 0 0 0 0 0 0 0 0 0 0 0 0 0 0 0 0 0 0 0 0 0 0 0 0 0 0 0 0 0 0 0 0 0 0 0 0 0 0 0 0 0 0 0 0 0 0 0 0 0 0 0 0 0 0 0 0 0.446 0.624 0.075 0.624 0.447 0.582 0.075 0.624 0.075 0.582 0.447 0.582 0.442 0.726 0.075 0.726 0.444 0.674 0.075 0.726 0.075 0.674 0.444 0.674 0.439 0.828 0.075 0.828 0.44 0.779 0.075 0.828 0.075 0.779 0.44 0.779 0.056 0.542 0.056 0.274 0.075 0.542 0.075 0.542 0.448 0.559 0.075 0.559 0 0 0 0 0 0 0 0 0 0 0 0 0 0 0 0 0 0 0 0 0 0 0 0 0 0 0 0 0 0 0 0 0 0 0 0 0.056 0.274 0.056 0.094 0.458 0.274 0.056 0.094 0.464 0.094 0.458 0.274 0 0 0 0 0 0 0 0 0 0 0 0 0 0 0 0 0 0 0 0 0 0 0 0 0 0 0 0 0 0 0 0 0 0 0 0 0.436 0.903 0.075 0.903 0.437 0.87 0.075 0.903 0.075 0.87 0.437 0.87 0.458 0.274 0.458 0.274 0.056 0.274 0.458 0.274 0.056 0.274 0.056 0.274 0 0 0 0 0 0 0 0 0 0 0 0 0 0 0 0 0 0 0 0 0 0 0 0 0 0 0 0 0 0 0 0 0 0 0 0 0 0 0 0 0 0 0 0 0 0 0 0 0 0 0 0 0 0 0.437 0.87 0.075 0.87 0.439 0.828 0.075 0.87 0.075 0.828 0.439 0.828 0 0 0 0 0 0 0 0 0 0 0 0 0 0 0 0 0 0 0 0 0 0 0 0 0 0 0 0 0 0 0 0 0 0 0 0 0 0 0 0 0 0 0 0 0 0 0 0 0 0 0 0 0 0 0 0 0 0 0 0 0 0 0 0 0 0 0 0 0 0 0 0 0 0 0 0 0 0 0 0 0 0 0 0 0 0 0 0 0 0 0 0 0 0 0 0 0 0 0 0 0 0 0 0 0 0 0 0 0 0 0 0 0 0 0 0 0 0 0 0 0 0 0 0 0 0 0 0 0 0 0 0 0 0 0 0 0 0 0 0 0 0 0 0 0 0 0 0 0 0 0 0 0 0 0 0 0 0 0 0 0 0 0 0 0 0 0 0 0 0 0 0 0 0 0 0 0 0 0 0 0 0 0 0 0 0 0 0 0 0 0 0 0 0 0 0 0 0 0 0 0 0 0 0 0 0 0 0 0 0 0 0 0 0 0 0 0 0 0 0 0 0 0 0 0 0 0 0 0 0 0 0 0 0 0 0 0 0 0 0 0 0 0 0 0 0 0 0 0 0 0 0 0 0 0 0 0 0 0 0 0 0 0 0 0 0 0 0 0 0 0 0 0 0 0 0 0 0 0 0 0 0 0 0 0 0 0 0 0 0 0 0 0 0 0 0 0 0 0 0 0 0 0 0 0 0 0 0 0 0 0 0 0 0 0 0 0 0 0 0 0 0 0 0 0.739 0.93 0.686 0.923 0.792 0.923 0.637 0.903 0.841 0.903 0.686 0.923 0.841 0.903 0.792 0.923 0.686 0.923 0.841 0.903 0.637 0.903 0.883 0.87 0.637 0.903 0.595 0.87 0.883 0.87 0.563 0.828 0.915 0.828 0.595 0.87 0.915 0.828 0.883 0.87 0.595 0.87 0.915 0.828 0.563 0.828 0.936 0.779 0.563 0.828 0.542 0.779 0.936 0.779 0.542 0.779 0.535 0.726 0.936 0.779 0.535 0.726 0.943 0.726 0.936 0.779 0.542 0.674 0.595 0.582 0.535 0.726 0.595 0.582 0.626 0.559 0.535 0.726 0.595 0.582 0.542 0.674 0.563 0.625 0.943 0.726 0.535 0.726 0.626 0.559 0.943 0.726 0.626 0.559 0.943 0.094 0.626 0.559 0.626 0.274 0.943 0.094 0 0 0 0 0 0 0 0 0 0 0 0 0 0 0 0 0 0 0 0 0 0 0 0 0 0 0 0 0 0 0 0 0 0 0 0 0 0 0 0 0 0 0 0 0 0 0 0 0 0 0 0 0 0 0 0 0 0 0 0 0 0 0 0 0 0 0 0 0 0 0 0 0 0 0 0 0 0 0 0 0 0 0 0 0 0 0 0 0 0 0 0 0 0 0 0 0 0 0 0 0 0 0 0 0 0 0 0 0 0 0 0 0 0 0 0 0 0 0 0 0 0 0 0 0 0 0 0 0 0 0 0 0 0 0 0 0 0 0 0 0 0 0 0 0 0 0 0 0 0 0 0 0 0 0 0 0 0 0 0 0 0 0 0 0 0 0 0 0 0 0 0 0 0 0 0 0 0 0 0 0 0 0 0 0 0 0 0 0 0 0 0 0 0 0 0 0 0 0 0 0 0 0 0 0 0 0 0 0 0 0 0 0 0 0 0 0 0 0 0 0 0 0 0 0 0 0 0 0 0 0 0 0 0 0 0 0 0 0 0 0 0 0 0 0 0 0 0 0 0 0 0 0 0 0 0 0 0 0 0 0 0 0 0 0 0 0 0 0 0 0 0 0 0 0 0 0 0 0 0 0 0 0 0 0 0 0 0 0 0 0 0 0 0 0 0 0 0 0 0 0 0 0 0 0 0 0 0 0 0 0 0 0 0 0 0 0 0 0 0 0 0 0 0 0 0 0 0 0 0 0 0 0 0 0 0 0 0 0 0 0 0 0 0 0 0 0 0 0 0 0 0 0 0 0 0 0 0 0 0 0 0 0 0 0 0 0 0 0 0 0 0 0 0 0 0 0 0 0 0 0 0 0 0 0 0 0 0 0 0 0 0 0 0 0 0 0 0 0 0 0 0 0 0 0 0 0 0 0 0 0 0 0 0 0 0 0 0 0 0 0 0 0 0 0 0 0 0 0 0 0 0 0 0 0 0 0 0 0 0 0 0 0 0 0 0 0 0 0 0 0 0 0 0 0 0 0 0 0 0 0 0 0 0 0 0 0 0 0 0 0 0 0 0 0 0 0 0 0 0 0 0 0 0 0 0 0 0 0 0 0 0 0 0 0 0 0 0 0 0 0 0 0 0 0 0 0 0 0 0 0 0 0 0 0 0 0 0 0 0 0 0 0 0 0 0 0 0 0 0 0 0 0 0 0 0 0 0 0 0 0 0 0 0 0 0 0 0 0 0 0 0 0 0 0 0 0 0 0 0 0 0 0 0 0 0 0 0 0 0 0 0 0 0 0 0 0 0 0 0 0 0 0 0 0 0 0 0 0 0 0 0 0 0 0 0 0 0 0 0 0 0 0 0 0 0 0 0 0 0 0 0 0 0 0 0 0 0 0 0 0 0 0 0 0 0 0 0 0 0 0 0 0 0 0 0 0 0 0 0 0 0 0 0 0 0 0 0 0 0 0 0 0 0 0 0 0 0 0 0 0 0 0 0 0 0 0 0 0 0 0 0 0 0 0 0 0 0 0 0 0 0 0 0 0 0 0 0 0 0 0 0 0 0 0 0 0 0 0 0 0 0 0 0 0 0 0 0 0 0 0 0 0 0 0 0 0 0 0 0 0 0 0 0 0 0 0 0 0 0 0 0 0 0 0 0 0 0 0 0 0 0 0 0 0 0 0 0 0 0 0 0 0 0 0 0 0 0 0 0 0 0 0 0 0 0 0 0 0 0 0 0 0 0 0 0 0 0 0 0 0 0 0 0 0 0 0 0 0 0 0 0 0 0 0 0 0 0 0 0 0 0 0 0 0 0 0 0 0 0 0 0 0 0 0 0 0 0 0 0 0 0 0 0 0 0 0 0 0 0 0 0 0 0 0 0 0 0 0 0 0 0 0 0 0 0 0 0 0 0 0 0 0 0 0 0 0 0 0 0 0 0 0 0 0 0 0 0 0 0 0 0 0 0 0 0 0 0 0 0 0 0 0 0 0 0 0 0 0 0 0 0 0 0 0 0 0 0 0 0 0 0 0 0 0 0 0 0 0 0 0 0 0 0 0 0 0 0 0 0 0 0 0 0 0 0 0 0 0 0 0 0 0 0 0 0 0 0 0 0 0 0 0 0 0 0 0 0 0 0 0 0 0 0 0 0 0 0 0 0 0 0 0 0 0 0 0 0 0 0 0 0 0 0 0 0 0 0 0 0 0 0 0 0 0 0 0 0 0 0 0 0 0 0 0 0 0 0 0 0 0 0 0 0 0 0 0 0 0 0 0 0 0 0 0 0 0 0 0 0 0 0 0 0 0 0 0 0 0 0 0 0 0 0 0 0 0 0 0 0 0 0 0 0 0 0 0 0 0 0 0 0 0 0 0 0 0 0 0 0 0 0 0 0 0 0 0 0 0 0 0 0 0 0 0 0 0 0 0 0 0 0 0 0 0 0 0 0 0 0 0 0 0 0 0 0 0 0 0 0 0 0 0 0 0 0 0 0 0 0 0 0 0 0 0 0 0 0 0 0 0 0 0 0 0 0 0 0 0 0 0 0 0 0 0 0 0 0 0 0 0 0 0 0 0 0 0 0 0 0 0 0 0 0 0 0 0 0 0 0 0 0 0 0 0 0 0 0 0 0 0 0 0 0 0 0 0 0 0 0 0 0 0 0 0 0 0 0 0 0 0 0 0 0 0 0 0 0 0 0 0 0 0 0 0 0 0 0 0 0 0 0</float_array>
					<technique_common>
						<accessor source="#3817-mesh-map-3-array" count="1152" stride="2">
							<param name="S" type="float"/>
							<param name="T" type="float"/>
						</accessor>
					</technique_common>
				</source>
				<source id="3817-mesh-map-4">
					<float_array id="3817-mesh-map-4-array" count="2304">0 0 0 0 0 0 0 0 0 0 0 0 0 0 0 0 0 0 0 0 0 0 0 0 0 0 0 0 0 0 0 0 0 0 0 0 0 0 0 0 0 0 0 0 0 0 0 0 0 0 0 0 0 0 0 0 0 0 0 0 0 0 0 0 0 0 0.725 0.66 0.725 0.66 0.714 0.657 0 0 0 0 0 0 0 0 0 0 0 0 0 0 0 0 0 0 0 0 0 0 0 0 0 0 0 0 0 0 0 0 0 0 0 0 0 0 0 0 0 0 0 0 0 0 0 0 0 0 0 0 0 0 0 0 0 0 0 0 0 0 0 0 0 0 0 0 0 0 0 0 0 0 0 0 0 0 0 0 0 0 0 0 0 0 0 0 0 0 0 0 0 0 0 0 0 0 0 0 0 0 0 0 0 0 0 0 0 0 0 0 0 0 0 0 0 0 0 0 0 0 0 0 0 0 0 0 0 0 0 0 0 0 0 0 0 0 0 0 0 0 0 0 0 0 0 0 0 0 0 0 0 0 0 0 0 0 0 0 0 0 0 0 0 0 0 0 0 0 0 0 0 0 0 0 0 0 0 0 0 0 0 0 0 0 0 0 0 0 0 0 0.447 0.348 0.619 0.348 0.447 0.417 0.619 0.348 0.498 0.417 0.447 0.417 0.264 0.519 0.257 0.417 0.406 0.525 0.257 0.417 0.41 0.417 0.406 0.525 0.406 0.534 0.264 0.534 0.406 0.525 0.264 0.534 0.264 0.525 0.406 0.525 0.405 0.569 0.264 0.569 0.405 0.55 0.264 0.569 0.264 0.55 0.405 0.55 0.403 0.609 0.264 0.609 0.404 0.589 0.264 0.609 0.264 0.589 0.404 0.589 0.05 0.548 0.05 0.548 0.048 0.552 0.05 0.548 0.048 0.552 0.048 0.552 0.058 0.538 0.058 0.538 0.05 0.548 0.058 0.538 0.05 0.548 0.05 0.548 0.071 0.525 0.071 0.525 0.058 0.538 0.071 0.525 0.058 0.538 0.058 0.538 0.086 0.515 0.086 0.515 0.071 0.525 0.086 0.515 0.071 0.525 0.071 0.525 0.105 0.508 0.105 0.508 0.086 0.515 0.105 0.508 0.086 0.515 0.086 0.515 0.125 0.505 0.125 0.505 0.105 0.508 0.125 0.505 0.105 0.508 0.105 0.508 0.143 0.508 0.143 0.508 0.125 0.505 0.143 0.508 0.125 0.505 0.125 0.505 0.169 0.519 0.169 0.519 0.143 0.508 0.169 0.519 0.143 0.508 0.143 0.508 0 0 0 0 0 0 0 0 0 0 0 0 0.219 0.417 0.169 0.417 0.219 0.348 0.169 0.417 0.048 0.348 0.219 0.348 0.405 0.55 0.264 0.55 0.406 0.534 0.264 0.55 0.264 0.534 0.406 0.534 0.404 0.589 0.264 0.589 0.405 0.569 0.264 0.589 0.264 0.569 0.405 0.569 0.403 0.628 0.264 0.628 0.403 0.609 0.264 0.628 0.264 0.609 0.403 0.609 0.257 0.519 0.257 0.417 0.264 0.519 0.264 0.519 0.406 0.525 0.264 0.525 0 0 0 0 0 0 0 0 0 0 0 0 0 0 0 0 0 0 0 0 0 0 0 0 0 0 0 0 0 0 0 0 0 0 0 0 0.257 0.417 0.257 0.348 0.41 0.417 0.257 0.348 0.412 0.348 0.41 0.417 0 0 0 0 0 0 0 0 0 0 0 0 0 0 0 0 0 0 0 0 0 0 0 0 0.656 0.664 0.793 0.664 0.656 0.667 0.793 0.664 0.793 0.667 0.656 0.667 0.402 0.656 0.264 0.656 0.402 0.644 0.264 0.656 0.264 0.644 0.402 0.644 0.41 0.417 0.41 0.417 0.257 0.417 0.41 0.417 0.257 0.417 0.257 0.417 0.793 0.609 0.776 0.609 0.793 0.589 0.776 0.609 0.772 0.587 0.793 0.589 0.725 0.66 0.793 0.664 0.656 0.664 0.401 0.667 0.264 0.667 0.401 0.664 0.264 0.667 0.264 0.664 0.401 0.664 0.401 0.664 0.264 0.664 0.402 0.656 0.264 0.664 0.264 0.656 0.402 0.656 0 0 0 0 0 0 0 0 0 0 0 0 0.402 0.644 0.264 0.644 0.403 0.628 0.264 0.644 0.264 0.628 0.403 0.628 0 0 0 0 0 0 0 0 0 0 0 0 0 0 0 0 0 0 0 0 0 0 0 0 0 0 0 0 0 0 0 0 0 0 0 0 0 0 0 0 0 0 0 0 0 0 0 0 0 0 0 0 0 0 0 0 0 0 0 0 0 0 0 0 0 0 0 0 0 0 0 0 0 0 0 0 0 0 0 0 0 0 0 0 0 0 0 0 0 0 0 0 0 0 0 0 0 0 0 0 0 0 0 0 0 0 0 0 0 0 0 0 0 0 0 0 0 0 0 0 0 0 0 0 0 0 0 0 0 0 0 0 0 0 0 0 0 0 0 0 0 0 0 0 0 0 0 0 0 0 0 0 0 0 0 0 0 0 0 0 0 0 0 0 0 0 0 0 0 0 0 0 0 0 0 0 0 0 0 0 0 0 0 0 0 0 0 0 0 0 0 0 0 0 0 0 0 0 0 0 0 0 0 0 0 0 0 0 0 0 0 0 0 0 0 0 0 0 0 0 0 0 0 0 0 0 0 0 0 0 0 0 0 0 0 0 0 0 0 0 0 0 0 0 0 0 0 0 0 0 0 0 0 0 0 0 0 0 0 0 0 0 0 0 0 0 0 0 0 0 0 0 0 0 0 0 0 0 0 0 0 0 0 0 0 0 0 0 0 0 0 0 0 0 0 0 0 0 0 0 0 0 0 0 0 0 0 0 0 0 0 0 0 0 0 0 0 0 0 0 0 0 0 0 0.541 0.667 0.521 0.664 0.561 0.664 0.502 0.656 0.58 0.656 0.521 0.664 0.58 0.656 0.561 0.664 0.521 0.664 0.58 0.656 0.502 0.656 0.596 0.644 0.502 0.656 0.486 0.644 0.596 0.644 0.474 0.628 0.608 0.628 0.486 0.644 0.608 0.628 0.596 0.644 0.486 0.644 0.608 0.628 0.474 0.628 0.616 0.609 0.474 0.628 0.466 0.609 0.616 0.609 0.466 0.609 0.463 0.589 0.616 0.609 0.463 0.589 0.619 0.589 0.616 0.609 0.466 0.569 0.486 0.534 0.463 0.589 0.486 0.534 0.498 0.525 0.463 0.589 0.486 0.534 0.466 0.569 0.474 0.55 0.619 0.589 0.463 0.589 0.498 0.525 0.619 0.589 0.498 0.525 0.619 0.348 0.498 0.525 0.498 0.417 0.619 0.348 0.673 0.609 0.654 0.609 0.677 0.587 0.654 0.609 0.653 0.589 0.677 0.587 0 0 0 0 0 0 0 0 0 0 0 0 0 0 0 0 0 0 0 0 0 0 0 0 0.793 0.552 0.776 0.434 0.8 0.348 0.776 0.434 0.772 0.414 0.8 0.348 0.772 0.414 0.761 0.397 0.8 0.348 0.761 0.397 0.744 0.386 0.8 0.348 0.744 0.386 0.725 0.382 0.8 0.348 0.725 0.382 0.705 0.386 0.645 0.348 0.705 0.386 0.688 0.397 0.645 0.348 0.688 0.397 0.677 0.414 0.645 0.348 0.677 0.414 0.673 0.434 0.645 0.348 0.673 0.434 0.653 0.589 0.645 0.348 0.793 0.552 0.772 0.454 0.776 0.434 0.677 0.454 0.653 0.589 0.673 0.434 0.793 0.552 0.761 0.471 0.772 0.454 0.688 0.471 0.653 0.589 0.677 0.454 0.761 0.57 0.793 0.552 0.772 0.587 0.793 0.552 0.793 0.589 0.772 0.587 0.705 0.559 0.705 0.482 0.725 0.555 0.705 0.482 0.725 0.486 0.725 0.555 0.725 0.486 0.744 0.482 0.725 0.555 0.744 0.482 0.744 0.559 0.725 0.555 0.725 0.382 0.645 0.348 0.8 0.348 0.705 0.482 0.705 0.559 0.688 0.57 0.793 0.552 0.744 0.559 0.761 0.471 0.744 0.559 0.744 0.482 0.761 0.471 0.705 0.482 0.688 0.57 0.688 0.471 0.688 0.57 0.653 0.589 0.688 0.471 0.677 0.587 0.653 0.589 0.688 0.57 0.761 0.57 0.744 0.559 0.793 0.552 0.8 0.552 0.793 0.552 0.8 0.348 0.058 0.538 0.048 0.348 0.071 0.525 0.058 0.538 0.05 0.548 0.048 0.348 0.05 0.548 0.048 0.552 0.048 0.348 0.169 0.519 0.143 0.508 0.169 0.417 0.143 0.508 0.125 0.505 0.169 0.417 0.125 0.505 0.105 0.508 0.169 0.417 0.169 0.417 0.105 0.508 0.048 0.348 0.048 0.348 0.086 0.515 0.071 0.525 0.048 0.348 0.105 0.508 0.086 0.515 0 0 0 0 0 0 0 0 0 0 0 0 0 0 0 0 0 0 0 0 0 0 0 0 0 0 0 0 0 0 0 0 0 0 0 0 0 0 0 0 0 0 0 0 0 0 0 0 0 0 0 0 0 0 0 0 0 0 0 0 0 0 0 0 0 0 0 0 0 0 0 0 0 0 0 0 0 0 0 0 0 0 0 0 0 0 0 0 0 0 0 0 0 0 0 0 0 0 0 0 0 0 0 0 0 0 0 0 0 0 0 0 0 0 0 0 0 0 0 0 0 0 0 0 0 0 0 0 0 0 0 0 0 0 0 0 0 0 0 0 0 0 0 0 0 0 0 0 0 0 0 0 0 0 0 0 0 0 0 0 0 0 0 0 0 0 0 0 0 0 0 0 0 0 0 0 0 0 0 0 0 0 0 0 0 0 0 0 0 0 0 0 0 0 0 0 0 0 0 0 0 0 0 0 0.673 0.609 0.677 0.628 0.654 0.609 0.677 0.628 0.654 0.628 0.654 0.609 0.776 0.609 0.793 0.609 0.772 0.628 0.793 0.609 0.793 0.628 0.772 0.628 0 0 0 0 0 0 0 0 0 0 0 0 0 0 0 0 0 0 0 0 0 0 0 0 0 0 0 0 0 0 0 0 0 0 0 0 0 0 0 0 0 0 0 0 0 0 0 0 0 0 0 0 0 0 0.725 0.66 0.735 0.657 0.725 0.66 0 0 0 0 0 0 0 0 0 0 0 0 0.677 0.628 0.688 0.644 0.654 0.628 0.688 0.644 0.655 0.644 0.654 0.628 0.772 0.628 0.793 0.628 0.761 0.644 0.793 0.628 0.793 0.644 0.761 0.644 0 0 0 0 0 0 0 0 0 0 0 0 0 0 0 0 0 0 0 0 0 0 0 0 0 0 0 0 0 0 0 0 0 0 0 0 0 0 0 0 0 0 0 0 0 0 0 0 0 0 0 0 0 0 0.688 0.644 0.711 0.657 0.655 0.644 0.711 0.657 0.655 0.656 0.655 0.644 0.761 0.644 0.793 0.644 0.738 0.657 0.793 0.644 0.793 0.656 0.738 0.657 0.735 0.657 0.738 0.657 0.793 0.664 0.738 0.657 0.793 0.656 0.793 0.664 0.725 0.66 0.656 0.664 0.714 0.657 0.725 0.66 0.735 0.657 0.793 0.664 0.714 0.657 0.656 0.664 0.711 0.657 0.656 0.664 0.655 0.656 0.711 0.657 0 0 0 0 0 0 0 0 0 0 0 0 0 0 0 0 0 0 0 0 0 0 0 0 0 0 0 0 0 0 0 0 0 0 0 0 0 0 0 0 0 0 0 0 0 0 0 0 0 0 0 0 0 0 0 0 0 0 0 0 0 0 0 0 0 0 0 0 0 0 0 0 0 0 0 0 0 0 0 0 0 0 0 0 0 0 0 0 0 0 0 0 0 0 0 0 0 0 0 0 0 0 0 0 0 0 0 0 0 0 0 0 0 0 0 0 0 0 0 0 0 0 0 0 0 0 0 0 0 0 0 0 0 0 0 0 0 0 0 0 0 0 0 0 0 0 0 0 0 0 0 0 0 0 0 0 0 0 0 0 0 0 0 0 0 0 0 0 0 0 0 0 0 0 0 0 0 0 0 0 0 0 0 0 0 0 0 0 0 0 0 0 0 0 0 0 0 0 0 0 0 0 0 0 0 0 0 0 0 0 0 0 0 0 0 0 0 0 0 0 0 0 0 0 0 0 0 0 0 0 0 0 0 0 0 0 0 0 0 0 0 0 0 0 0 0 0 0 0 0 0 0 0 0 0 0 0 0 0.071 0.525 0.086 0.515 0.107 0.571 0.086 0.515 0.116 0.565 0.107 0.571 0.125 0.563 0.125 0.505 0.143 0.508 0.169 0.525 0.143 0.508 0.169 0.519 0.116 0.565 0.105 0.508 0.125 0.563 0.105 0.508 0.125 0.505 0.125 0.563 0.116 0.613 0.105 0.664 0.107 0.608 0.105 0.664 0.087 0.656 0.107 0.608 0.144 0.571 0.18 0.534 0.149 0.579 0.18 0.534 0.193 0.551 0.149 0.579 0.102 0.579 0.058 0.538 0.107 0.571 0.058 0.538 0.071 0.525 0.107 0.571 0.05 0.548 0.058 0.538 0.102 0.579 0.125 0.615 0.125 0.667 0.116 0.613 0.125 0.667 0.105 0.664 0.116 0.613 0.18 0.644 0.164 0.656 0.144 0.608 0.164 0.656 0.135 0.613 0.144 0.608 0.149 0.579 0.193 0.551 0.2 0.569 0.048 0.589 0.1 0.589 0.05 0.609 0.1 0.589 0.102 0.599 0.05 0.609 0.1 0.589 0.048 0.589 0.102 0.579 0.164 0.656 0.146 0.664 0.135 0.613 0.146 0.664 0.125 0.615 0.135 0.613 0.107 0.608 0.087 0.656 0.071 0.644 0.05 0.609 0.102 0.599 0.058 0.628 0.203 0.589 0.151 0.589 0.2 0.569 0.151 0.589 0.149 0.579 0.2 0.569 0.193 0.628 0.149 0.599 0.2 0.609 0.135 0.565 0.169 0.525 0.144 0.571 0.169 0.525 0.18 0.534 0.144 0.571 0.193 0.628 0.18 0.644 0.149 0.599 0.18 0.644 0.144 0.608 0.149 0.599 0.05 0.548 0.102 0.579 0.048 0.552 0.102 0.579 0.048 0.589 0.048 0.552 0.107 0.608 0.071 0.644 0.102 0.599 0.071 0.644 0.058 0.628 0.102 0.599 0.151 0.589 0.203 0.589 0.149 0.599 0.203 0.589 0.2 0.609 0.149 0.599 0.169 0.525 0.135 0.565 0.143 0.508 0.135 0.565 0.125 0.563 0.143 0.508 0.146 0.664 0.125 0.667 0.125 0.615 0.086 0.515 0.105 0.508 0.116 0.565</float_array>
					<technique_common>
						<accessor source="#3817-mesh-map-4-array" count="1152" stride="2">
							<param name="S" type="float"/>
							<param name="T" type="float"/>
						</accessor>
					</technique_common>
				</source>
				<source id="3817-mesh-map-5">
					<float_array id="3817-mesh-map-5-array" count="2304">1 1 1 1 1 1 1 1 1 1 1 1 1 1 1 1 1 1 1 1 1 1 1 1 1 1 1 1 1 1 1 1 1 1 1 1 1 1 1 1 1 1 1 1 1 1 1 1 1 1 1 1 1 1 1 1 1 1 1 1 1 1 1 1 1 1 0.625 0.83 0.625 0.83 0.619 0.85 1 1 1 1 1 1 1 1 1 1 1 1 1 1 1 1 1 1 1 1 1 1 1 1 1 1 1 1 1 1 1 1 1 1 1 1 1 1 1 1 1 1 1 1 1 1 1 1 1 1 1 1 1 1 1 1 1 1 1 1 1 1 1 1 1 1 1 1 1 1 1 1 1 1 1 1 1 1 1 1 1 1 1 1 1 1 1 1 1 1 1 1 1 1 1 1 1 1 1 1 1 1 1 1 1 1 1 1 1 1 1 1 1 1 1 1 1 1 1 1 1 1 1 1 1 1 1 1 1 1 1 1 1 1 1 1 1 1 1 1 1 1 1 1 1 1 1 1 1 1 1 1 1 1 1 1 1 1 1 1 1 1 1 1 1 1 1 1 1 1 1 1 1 1 1 1 1 1 1 1 1 1 1 1 1 1 1 1 1 1 1 1 0.659 0.017 0.991 0.017 0.659 0.149 0.991 0.017 0.758 0.149 0.659 0.149 0.363 0.346 0.349 0.149 0.637 0.359 0.349 0.149 0.644 0.149 0.637 0.359 0.637 0.376 0.363 0.376 0.637 0.359 0.363 0.376 0.363 0.359 0.637 0.359 0.634 0.443 0.363 0.443 0.636 0.407 0.363 0.443 0.363 0.407 0.636 0.407 0.632 0.521 0.363 0.521 0.633 0.482 0.363 0.521 0.363 0.482 0.633 0.482 0.013 0.402 0.013 0.402 0.008 0.411 0.013 0.402 0.008 0.411 0.008 0.411 0.029 0.383 0.029 0.383 0.013 0.402 0.029 0.383 0.013 0.402 0.013 0.402 0.052 0.358 0.052 0.358 0.029 0.383 0.052 0.358 0.029 0.383 0.029 0.383 0.081 0.338 0.081 0.338 0.052 0.358 0.081 0.338 0.052 0.358 0.052 0.358 0.119 0.325 0.119 0.325 0.081 0.338 0.119 0.325 0.081 0.338 0.081 0.338 0.158 0.32 0.158 0.32 0.119 0.325 0.158 0.32 0.119 0.325 0.119 0.325 0.192 0.325 0.192 0.325 0.158 0.32 0.192 0.325 0.158 0.32 0.158 0.32 0.242 0.346 0.242 0.346 0.192 0.325 0.242 0.346 0.192 0.325 0.192 0.325 1 1 1 1 1 1 1 1 1 1 1 1 0.34 0.149 0.242 0.149 0.34 0.017 0.242 0.149 0.008 0.017 0.34 0.017 0.636 0.407 0.363 0.407 0.637 0.376 0.363 0.407 0.363 0.376 0.637 0.376 0.633 0.482 0.363 0.482 0.634 0.443 0.363 0.482 0.363 0.443 0.634 0.443 0.631 0.557 0.363 0.557 0.632 0.521 0.363 0.557 0.363 0.521 0.632 0.521 0.349 0.346 0.349 0.149 0.363 0.346 0.363 0.346 0.637 0.359 0.363 0.359 1 1 1 1 1 1 1 1 1 1 1 1 1 1 1 1 1 1 1 1 1 1 1 1 1 1 1 1 1 1 1 1 1 1 1 1 0.349 0.149 0.349 0.016 0.644 0.149 0.349 0.016 0.649 0.016 0.644 0.149 1 1 1 1 1 1 1 1 1 1 1 1 1 1 1 1 1 1 1 1 1 1 1 1 0.633 0.963 0.633 0.699 0.638 0.963 0.633 0.699 0.638 0.699 0.638 0.963 0.629 0.612 0.363 0.612 0.629 0.588 0.363 0.612 0.363 0.588 0.629 0.588 0.97 0.772 0.97 0.87 0.675 0.772 0.97 0.87 0.675 0.87 0.675 0.772 0.527 0.699 0.527 0.73 0.488 0.699 0.527 0.73 0.483 0.738 0.488 0.699 0.625 0.83 0.633 0.699 0.633 0.963 0.628 0.632 0.363 0.632 0.628 0.627 0.363 0.632 0.363 0.627 0.628 0.627 0.628 0.627 0.363 0.627 0.629 0.612 0.363 0.627 0.363 0.612 0.629 0.612 1 1 1 1 1 1 1 1 1 1 1 1 0.629 0.588 0.363 0.588 0.631 0.557 0.363 0.588 0.363 0.557 0.631 0.557 1 1 1 1 1 1 1 1 1 1 1 1 1 1 1 1 1 1 1 1 1 1 1 1 1 1 1 1 1 1 1 1 1 1 1 1 1 1 1 1 1 1 1 1 1 1 1 1 1 1 1 1 1 1 1 1 1 1 1 1 1 1 1 1 1 1 1 1 1 1 1 1 1 1 1 1 1 1 1 1 1 1 1 1 1 1 1 1 1 1 1 1 1 1 1 1 1 1 1 1 1 1 1 1 1 1 1 1 1 1 1 1 1 1 1 1 1 1 1 1 1 1 1 1 1 1 1 1 1 1 1 1 1 1 1 1 1 1 1 1 1 1 1 1 1 1 1 1 1 1 1 1 1 1 1 1 1 1 1 1 1 1 1 1 1 1 1 1 1 1 1 1 1 1 1 1 1 1 1 1 1 1 1 1 1 1 1 1 1 1 1 1 1 1 1 1 1 1 1 1 1 1 1 1 1 1 1 1 1 1 1 1 1 1 1 1 1 1 1 1 1 1 1 1 1 1 1 1 1 1 1 1 1 1 1 1 1 1 1 1 1 1 1 1 1 1 1 1 1 1 1 1 1 1 1 1 1 1 1 1 1 1 1 1 1 1 1 1 1 1 1 1 1 1 1 1 1 1 1 1 1 1 1 1 1 1 1 1 1 1 1 1 1 1 1 1 1 1 1 1 1 1 1 1 1 1 1 1 1 1 1 1 1 1 1 1 1 1 1 1 1 1 1 1 0.841 0.632 0.802 0.627 0.88 0.627 0.766 0.612 0.916 0.612 0.802 0.627 0.916 0.612 0.88 0.627 0.802 0.627 0.916 0.612 0.766 0.612 0.947 0.588 0.766 0.612 0.735 0.588 0.947 0.588 0.711 0.557 0.971 0.557 0.735 0.588 0.971 0.557 0.947 0.588 0.735 0.588 0.971 0.557 0.711 0.557 0.986 0.521 0.711 0.557 0.696 0.521 0.986 0.521 0.696 0.521 0.691 0.482 0.986 0.521 0.691 0.482 0.991 0.482 0.986 0.521 0.696 0.443 0.735 0.376 0.691 0.482 0.735 0.376 0.758 0.359 0.691 0.482 0.735 0.376 0.696 0.443 0.711 0.407 0.991 0.482 0.691 0.482 0.758 0.359 0.991 0.482 0.758 0.359 0.991 0.017 0.758 0.359 0.758 0.149 0.991 0.017 0.527 0.93 0.527 0.967 0.483 0.922 0.527 0.967 0.488 0.968 0.483 0.922 1 1 1 1 1 1 1 1 1 1 1 1 1 1 1 1 1 1 1 1 1 1 1 1 0.416 0.699 0.188 0.73 0.022 0.684 0.188 0.73 0.15 0.738 0.022 0.684 0.15 0.738 0.118 0.76 0.022 0.684 0.118 0.76 0.096 0.792 0.022 0.684 0.096 0.792 0.088 0.83 0.022 0.684 0.088 0.83 0.096 0.868 0.022 0.984 0.096 0.868 0.118 0.901 0.022 0.984 0.118 0.901 0.15 0.922 0.022 0.984 0.15 0.922 0.188 0.93 0.022 0.984 0.188 0.93 0.488 0.968 0.022 0.984 0.416 0.699 0.226 0.738 0.188 0.73 0.226 0.922 0.488 0.968 0.188 0.93 0.416 0.699 0.259 0.76 0.226 0.738 0.259 0.901 0.488 0.968 0.226 0.922 0.451 0.759 0.416 0.699 0.483 0.738 0.416 0.699 0.488 0.699 0.483 0.738 0.429 0.868 0.281 0.868 0.421 0.83 0.281 0.868 0.288 0.83 0.421 0.83 0.288 0.83 0.281 0.792 0.421 0.83 0.281 0.792 0.429 0.792 0.421 0.83 0.088 0.83 0.022 0.984 0.022 0.684 0.281 0.868 0.429 0.868 0.451 0.901 0.416 0.699 0.429 0.792 0.259 0.76 0.429 0.792 0.281 0.792 0.259 0.76 0.281 0.868 0.451 0.901 0.259 0.901 0.451 0.901 0.488 0.968 0.259 0.901 0.483 0.922 0.488 0.968 0.451 0.901 0.451 0.759 0.429 0.792 0.416 0.699 0.416 0.684 0.416 0.699 0.022 0.684 0.029 0.383 0.008 0.017 0.052 0.358 0.029 0.383 0.013 0.402 0.008 0.017 0.013 0.402 0.008 0.411 0.008 0.017 0.242 0.346 0.192 0.325 0.242 0.149 0.192 0.325 0.158 0.32 0.242 0.149 0.158 0.32 0.119 0.325 0.242 0.149 0.242 0.149 0.119 0.325 0.008 0.017 0.008 0.017 0.081 0.338 0.052 0.358 0.008 0.017 0.119 0.325 0.081 0.338 1 1 1 1 1 1 1 1 1 1 1 1 1 1 1 1 1 1 1 1 1 1 1 1 1 1 1 1 1 1 1 1 1 1 1 1 1 1 1 1 1 1 1 1 1 1 1 1 1 1 1 1 1 1 1 1 1 1 1 1 1 1 1 1 1 1 1 1 1 1 1 1 1 1 1 1 1 1 1 1 1 1 1 1 1 1 1 1 1 1 1 1 1 1 1 1 1 1 1 1 1 1 1 1 1 1 1 1 1 1 1 1 1 1 1 1 1 1 1 1 1 1 1 1 1 1 1 1 1 1 1 1 1 1 1 1 1 1 1 1 1 1 1 1 1 1 1 1 1 1 1 1 1 1 1 1 1 1 1 1 1 1 1 1 1 1 1 1 1 1 1 1 1 1 1 1 1 1 1 1 1 1 1 1 1 1 1 1 1 1 1 1 1 1 1 1 1 1 1 1 1 1 1 1 0.527 0.93 0.563 0.922 0.527 0.967 0.563 0.922 0.563 0.966 0.527 0.967 0.527 0.73 0.527 0.699 0.563 0.738 0.527 0.699 0.563 0.699 0.563 0.738 1 1 1 1 1 1 1 1 1 1 1 1 1 1 1 1 1 1 1 1 1 1 1 1 1 1 1 1 1 1 1 1 1 1 1 1 1 1 1 1 1 1 1 1 1 1 1 1 1 1 1 1 1 1 0.625 0.83 0.619 0.81 0.625 0.83 1 1 1 1 1 1 1 1 1 1 1 1 0.563 0.922 0.594 0.901 0.563 0.966 0.594 0.901 0.594 0.965 0.563 0.966 0.563 0.738 0.563 0.699 0.594 0.759 0.563 0.699 0.594 0.699 0.594 0.759 1 1 1 1 1 1 1 1 1 1 1 1 1 1 1 1 1 1 1 1 1 1 1 1 1 1 1 1 1 1 1 1 1 1 1 1 1 1 1 1 1 1 1 1 1 1 1 1 1 1 1 1 1 1 0.594 0.901 0.618 0.857 0.594 0.965 0.618 0.857 0.618 0.964 0.594 0.965 0.594 0.759 0.594 0.699 0.618 0.804 0.594 0.699 0.618 0.699 0.618 0.804 0.619 0.81 0.618 0.804 0.633 0.699 0.618 0.804 0.618 0.699 0.633 0.699 0.625 0.83 0.633 0.963 0.619 0.85 0.625 0.83 0.619 0.81 0.633 0.699 0.619 0.85 0.633 0.963 0.618 0.857 0.633 0.963 0.618 0.964 0.618 0.857 1 1 1 1 1 1 1 1 1 1 1 1 1 1 1 1 1 1 1 1 1 1 1 1 1 1 1 1 1 1 1 1 1 1 1 1 1 1 1 1 1 1 1 1 1 1 1 1 1 1 1 1 1 1 1 1 1 1 1 1 1 1 1 1 1 1 1 1 1 1 1 1 1 1 1 1 1 1 1 1 1 1 1 1 1 1 1 1 1 1 1 1 1 1 1 1 1 1 1 1 1 1 1 1 1 1 1 1 1 1 1 1 1 1 1 1 1 1 1 1 1 1 1 1 1 1 1 1 1 1 1 1 1 1 1 1 1 1 1 1 1 1 1 1 1 1 1 1 1 1 1 1 1 1 1 1 1 1 1 1 1 1 1 1 1 1 1 1 1 1 1 1 1 1 1 1 1 1 1 1 1 1 1 1 1 1 1 1 1 1 1 1 1 1 1 1 1 1 1 1 1 1 1 1 1 1 1 1 1 1 1 1 1 1 1 1 1 1 1 1 1 1 1 1 1 1 1 1 1 1 1 1 1 1 1 1 1 1 1 1 1 1 1 1 1 1 1 1 1 1 1 1 1 1 1 1 1 1 0.052 0.358 0.081 0.338 0.123 0.447 0.081 0.338 0.139 0.436 0.123 0.447 0.158 0.432 0.158 0.32 0.192 0.325 0.242 0.359 0.192 0.325 0.242 0.346 0.139 0.436 0.119 0.325 0.158 0.432 0.119 0.325 0.158 0.32 0.158 0.432 0.139 0.528 0.119 0.627 0.123 0.517 0.119 0.627 0.083 0.612 0.123 0.517 0.194 0.447 0.264 0.376 0.204 0.463 0.264 0.376 0.288 0.407 0.204 0.463 0.112 0.463 0.029 0.383 0.123 0.447 0.029 0.383 0.052 0.358 0.123 0.447 0.013 0.402 0.029 0.383 0.112 0.463 0.158 0.532 0.158 0.632 0.139 0.528 0.158 0.632 0.119 0.627 0.139 0.528 0.264 0.588 0.233 0.612 0.194 0.517 0.233 0.612 0.177 0.528 0.194 0.517 0.204 0.463 0.288 0.407 0.303 0.443 0.008 0.482 0.108 0.482 0.014 0.521 0.108 0.482 0.112 0.501 0.014 0.521 0.108 0.482 0.008 0.482 0.112 0.463 0.233 0.612 0.197 0.627 0.177 0.528 0.197 0.627 0.158 0.532 0.177 0.528 0.123 0.517 0.083 0.612 0.052 0.588 0.014 0.521 0.112 0.501 0.029 0.557 0.308 0.482 0.208 0.482 0.303 0.443 0.208 0.482 0.204 0.463 0.303 0.443 0.288 0.557 0.204 0.501 0.303 0.521 0.177 0.436 0.242 0.359 0.194 0.447 0.242 0.359 0.264 0.376 0.194 0.447 0.288 0.557 0.264 0.588 0.204 0.501 0.264 0.588 0.194 0.517 0.204 0.501 0.013 0.402 0.112 0.463 0.008 0.411 0.112 0.463 0.008 0.482 0.008 0.411 0.123 0.517 0.052 0.588 0.112 0.501 0.052 0.588 0.029 0.557 0.112 0.501 0.208 0.482 0.308 0.482 0.204 0.501 0.308 0.482 0.303 0.521 0.204 0.501 0.242 0.359 0.177 0.436 0.192 0.325 0.177 0.436 0.158 0.432 0.192 0.325 0.197 0.627 0.158 0.632 0.158 0.532 0.081 0.338 0.119 0.325 0.139 0.436</float_array>
					<technique_common>
						<accessor source="#3817-mesh-map-5-array" count="1152" stride="2">
							<param name="S" type="float"/>
							<param name="T" type="float"/>
						</accessor>
					</technique_common>
				</source>
				<vertices id="3817-mesh-vertices">
					<input semantic="POSITION" source="#3817-mesh-positions"/>
				</vertices>
				<triangles material="MB|26|2o9060-material" count="384">
					<input semantic="VERTEX" source="#3817-mesh-vertices" offset="0"/>
					<input semantic="TEXCOORD" source="#3817-mesh-map-0" offset="1" set="0"/>
					<input semantic="TEXCOORD" source="#3817-mesh-map-1" offset="1" set="1"/>
					<input semantic="TEXCOORD" source="#3817-mesh-map-2" offset="1" set="2"/>
					<input semantic="TEXCOORD" source="#3817-mesh-map-3" offset="1" set="3"/>
					<input semantic="TEXCOORD" source="#3817-mesh-map-4" offset="1" set="4"/>
					<input semantic="TEXCOORD" source="#3817-mesh-map-5" offset="1" set="5"/>
					<p>391 0 392 1 192 2 252 3 191 4 7 5 252 6 7 7 251 8 7 9 9 10 251 11 250 12 251 13 159 14 251 15 9 16 159 17 191 18 252 19 5 20 252 21 253 22 5 23 392 24 190 25 192 26 254 27 4 28 253 29 4 30 5 31 253 32 194 33 201 34 198 35 243 36 227 37 242 38 227 39 226 40 242 41 243 42 228 43 227 44 228 45 208 46 227 47 229 48 209 49 228 50 209 51 208 52 228 53 230 54 210 55 229 56 210 57 209 58 229 59 231 60 211 61 230 62 211 63 210 64 230 65 232 66 212 67 231 68 212 69 211 70 231 71 233 72 215 73 232 74 215 75 212 76 232 77 234 78 216 79 233 80 216 81 215 82 233 83 235 84 217 85 234 86 217 87 216 88 234 89 236 90 218 91 235 92 218 93 217 94 235 95 237 96 219 97 236 98 219 99 218 100 236 101 238 102 220 103 237 104 220 105 219 106 237 107 239 108 221 109 238 110 221 111 220 112 238 113 240 114 222 115 239 116 222 117 221 118 239 119 241 120 225 121 240 122 225 123 222 124 240 125 242 126 226 127 241 128 226 129 225 130 241 131 375 132 306 133 354 134 306 135 355 136 354 137 299 138 328 139 272 140 328 141 356 142 272 143 273 144 276 145 271 146 276 147 274 148 271 149 269 150 279 151 278 152 279 153 277 154 278 155 282 156 281 157 270 158 281 159 280 160 270 161 314 162 309 163 312 164 309 165 310 166 312 167 315 168 308 169 314 170 308 171 309 172 314 173 316 174 305 175 315 176 305 177 308 178 315 179 317 180 304 181 316 182 304 183 305 184 316 185 318 186 303 187 317 188 303 189 304 190 317 191 319 192 302 193 318 194 302 195 303 196 318 197 320 198 301 199 319 200 301 201 302 202 319 203 321 204 300 205 320 206 300 207 301 208 320 209 367 210 365 211 371 212 365 213 369 214 371 215 329 216 327 217 331 218 327 219 334 220 331 221 278 222 277 223 273 224 277 225 276 226 273 227 270 228 280 229 269 230 280 231 279 232 269 233 267 234 283 235 282 236 283 237 281 238 282 239 322 240 328 241 299 242 299 243 272 244 275 245 361 246 363 247 359 248 363 249 357 250 359 251 360 252 373 253 362 254 373 255 113 256 362 257 332 258 324 259 376 260 324 261 374 262 376 263 330 264 117 265 353 266 117 267 112 268 353 269 358 270 364 271 368 272 364 273 366 274 368 275 143 276 352 277 144 278 352 279 142 280 144 281 264 282 288 283 263 284 288 285 287 286 263 287 265 288 285 289 268 290 285 291 284 292 268 293 140 294 115 295 116 296 115 297 114 298 116 299 295 300 259 301 297 302 259 303 58 304 297 305 47 306 288 307 264 308 263 309 287 310 266 311 287 312 286 313 266 314 266 315 286 316 265 317 286 318 285 319 265 320 146 321 323 322 145 323 323 324 325 325 145 326 268 327 284 328 267 329 284 330 283 331 267 332 377 333 191 334 244 335 191 336 5 337 244 338 245 339 244 340 4 341 244 342 5 343 4 344 3 345 246 346 4 347 246 348 245 349 4 350 247 351 158 352 382 353 158 354 206 355 382 356 158 357 247 358 3 359 247 360 246 361 3 362 46 363 185 364 417 365 260 366 261 367 386 368 261 369 176 370 386 371 257 372 258 373 388 374 258 375 387 376 388 377 59 378 389 379 258 380 389 381 387 382 258 383 260 384 386 385 59 386 386 387 389 388 59 389 176 390 261 391 154 392 206 393 257 394 388 395 257 396 206 397 256 398 206 399 158 400 256 401 255 402 3 403 254 404 3 405 4 406 254 407 256 408 158 409 255 410 158 411 3 412 255 413 384 414 204 415 385 416 326 417 110 418 351 419 110 420 307 421 351 422 325 423 223 424 145 425 370 426 148 427 223 428 148 429 145 430 223 431 352 432 143 433 213 434 372 435 213 436 150 437 213 438 143 439 150 440 24 441 147 442 23 443 149 444 14 445 214 446 25 447 147 448 24 449 149 450 13 451 14 452 26 453 147 454 25 455 149 456 12 457 13 458 11 459 147 460 26 461 149 462 11 463 12 464 149 465 147 466 11 467 224 468 118 469 22 470 22 471 118 472 21 473 21 474 118 475 20 476 141 477 19 478 118 479 19 480 141 481 18 482 18 483 141 484 17 485 17 486 141 487 16 488 16 489 141 490 15 491 19 492 20 493 118 494 139 495 86 496 87 497 138 498 290 499 86 500 290 501 87 502 86 503 290 504 138 505 292 506 138 507 85 508 292 509 137 510 294 511 85 512 294 513 292 514 85 515 294 516 137 517 296 518 137 519 84 520 296 521 84 522 83 523 296 524 83 525 298 526 296 527 136 528 81 529 83 530 81 531 135 532 83 533 81 534 136 535 82 536 298 537 83 538 135 539 298 540 135 541 306 542 135 543 355 544 306 545 51 546 91 547 52 548 91 549 80 550 52 551 351 552 307 553 374 554 307 555 376 556 374 557 324 558 332 559 326 560 332 561 110 562 326 563 311 564 39 565 333 566 39 567 38 568 333 569 38 570 37 571 333 572 37 573 36 574 333 575 36 576 35 577 333 578 35 579 34 580 111 581 34 582 33 583 111 584 33 585 32 586 111 587 32 588 31 589 111 590 31 591 80 592 111 593 311 594 40 595 39 596 30 597 80 598 31 599 311 600 41 601 40 602 29 603 80 604 30 605 57 606 311 607 58 608 311 609 297 610 58 611 54 612 28 613 55 614 28 615 27 616 55 617 27 618 42 619 55 620 42 621 56 622 55 623 35 624 111 625 333 626 28 627 54 628 53 629 311 630 56 631 41 632 56 633 42 634 41 635 28 636 53 637 29 638 53 639 80 640 29 641 52 642 80 643 53 644 57 645 56 646 311 647 313 648 311 649 333 650 103 651 334 652 104 653 103 654 102 655 334 656 102 657 101 658 334 659 109 660 108 661 327 662 108 663 107 664 327 665 107 666 106 667 327 668 327 669 106 670 334 671 334 672 105 673 104 674 334 675 106 676 105 677 403 678 402 679 342 680 402 681 343 682 342 683 401 684 400 685 344 686 400 687 345 688 344 689 399 690 398 691 346 692 398 693 347 694 346 695 395 696 409 697 335 698 409 699 336 700 335 701 397 702 396 703 348 704 396 705 349 706 348 707 408 708 407 709 337 710 407 711 338 712 337 713 394 714 395 715 350 716 395 717 335 718 350 719 406 720 405 721 339 722 405 723 340 724 339 725 404 726 403 727 341 728 403 729 342 730 341 731 402 732 401 733 343 734 401 735 344 736 343 737 400 738 399 739 345 740 399 741 346 742 345 743 398 744 397 745 347 746 397 747 348 748 347 749 409 750 408 751 336 752 408 753 337 754 336 755 396 756 394 757 349 758 394 759 350 760 349 761 407 762 406 763 338 764 406 765 339 766 338 767 405 768 404 769 340 770 404 771 341 772 340 773 159 774 203 775 250 776 203 777 249 778 250 779 51 780 50 781 91 782 50 783 90 784 91 785 259 786 295 787 60 788 295 789 293 790 60 791 202 792 391 793 192 794 192 795 179 796 202 797 204 798 207 799 177 800 204 801 177 802 155 803 204 804 155 805 156 806 204 807 156 808 157 809 204 810 157 811 385 812 248 813 393 814 199 815 196 816 200 817 204 818 194 819 195 820 201 821 196 822 6 823 200 824 262 825 197 826 390 827 50 828 49 829 90 830 49 831 89 832 90 833 60 834 293 835 61 836 293 837 291 838 61 839 248 840 249 841 393 842 249 843 203 844 393 845 262 846 390 847 261 848 390 849 154 850 261 851 196 852 204 853 181 854 204 855 384 856 181 857 180 858 204 859 200 860 180 861 179 862 204 863 179 864 192 865 204 866 49 867 48 868 89 869 48 870 88 871 89 872 61 873 291 874 62 875 291 876 289 877 62 878 8 879 62 880 288 881 62 882 289 883 288 884 47 885 264 886 10 887 47 888 8 889 288 890 10 891 264 892 48 893 264 894 88 895 48 896 412 897 410 898 414 899 410 900 381 901 414 902 193 903 411 904 205 905 411 906 413 907 205 908 415 909 414 910 380 911 414 912 381 913 380 914 416 915 415 916 379 917 415 918 380 919 379 920 45 921 46 922 44 923 43 924 44 925 417 926 44 927 46 928 417 929 378 930 43 931 379 932 416 933 379 934 417 935 379 936 43 937 417 938 125 939 126 940 186 941 126 942 187 943 186 944 122 945 383 946 178 947 122 948 178 949 121 950 121 951 178 952 120 953 120 954 178 955 119 956 119 957 178 958 134 959 189 960 129 961 183 962 129 963 130 964 183 965 123 966 124 967 383 968 134 969 178 970 2 971 188 972 187 973 127 974 187 975 126 976 127 977 123 978 383 979 122 980 189 981 188 982 128 983 188 984 127 985 128 986 133 987 134 988 2 989 0 990 152 991 151 992 152 993 184 994 151 995 124 996 125 997 383 998 125 999 186 1000 383 1001 132 1002 133 1003 2 1004 189 1005 128 1006 129 1007 131 1008 132 1009 2 1010 1 1011 0 1012 182 1013 0 1014 151 1015 182 1016 130 1017 131 1018 183 1019 183 1020 131 1021 2 1022 151 1023 184 1024 153 1025 97 1026 96 1027 174 1028 96 1029 173 1030 174 1031 172 1032 94 1033 93 1034 64 1035 93 1036 92 1037 173 1038 95 1039 172 1040 95 1041 94 1042 172 1043 163 1044 75 1045 162 1046 75 1047 76 1048 162 1049 170 1050 65 1051 169 1052 65 1053 66 1054 169 1055 175 1056 98 1057 174 1058 98 1059 97 1060 174 1061 99 1062 98 1063 175 1064 164 1065 74 1066 163 1067 74 1068 75 1069 163 1070 71 1071 72 1072 166 1073 72 1074 165 1075 166 1076 169 1077 66 1078 67 1079 63 1080 160 1081 79 1082 160 1083 161 1084 79 1085 160 1086 63 1087 175 1088 72 1089 73 1090 165 1091 73 1092 164 1093 165 1094 162 1095 76 1096 77 1097 79 1098 161 1099 78 1100 68 1101 168 1102 67 1103 168 1104 169 1105 67 1106 70 1107 167 1108 69 1109 171 1110 64 1111 170 1112 64 1113 65 1114 170 1115 70 1116 71 1117 167 1118 71 1119 166 1120 167 1121 99 1122 175 1123 100 1124 175 1125 63 1126 100 1127 162 1128 77 1129 161 1130 77 1131 78 1132 161 1133 168 1134 68 1135 167 1136 68 1137 69 1138 167 1139 64 1140 171 1141 93 1142 171 1143 172 1144 93 1145 73 1146 74 1147 164 1148 96 1149 95 1150 173 1151</p>
				</triangles>
			</mesh>
		</geometry>
		<geometry id="3814uv.json-mesh" name="3814uv.json">
			<mesh>
				<source id="3814uv.json-mesh-positions">
					<float_array id="3814uv.json-mesh-positions-array" count="3966">-1.697 12.78 1.697 -0.918 12.78 2.217 -2.217 12.78 0.918 -2.217 18.6 0.918 -1.697 18.6 1.697 -0.918 18.6 2.217 -4.817 11.2 3 -6.4 2.4 3 -4.923 10.62 0.765 -5.004 10.168 1.414 -5.117 9.535 1.848 -5.243 8.8 2 -5.382 8.053 1.848 -5.499 7.404 1.414 -5.574 6.977 0.765 -6.496 7.149 0.765 -6.417 7.576 1.414 -6.308 8.216 1.848 -6.172 8.969 2 -6.039 9.722 1.848 -5.926 10.362 1.414 -5.847 10.789 0.765 -6.765 6.232 3 -5.782 11.748 3 -6.4 0.02 3 -6.678 6.717 0.956 -7.7 0.02 3 -7.7 1 3 -6.579 7.25 1.767 -6.443 8.049 2.309 -6.272 8.99 2.499 -6.106 9.931 2.309 -5.965 10.73 1.767 -5.867 11.264 0.956 -6.577 6.696 0.956 -6.478 7.229 1.767 -6.342 8.028 2.309 -6.171 8.969 2.499 -6.005 9.91 2.309 -5.864 10.709 1.767 -5.766 11.243 0.956 -6.698 1 3.96 -4.782 11.749 3.96 -5.762 6.231 3.96 -4.598 12.78 3 -6.698 0.02 3.96 -7.398 0.02 3.96 -7.7 0.02 3.66 -7.466 0.02 3.769 -7.513 0.02 3.937 -7.611 0.02 3.872 -7.677 0.02 3.775 -7.7 1 3.66 -7.398 1 3.96 -7.677 1 3.775 -7.611 1 3.872 -7.513 1 3.937 -5.482 11.749 3.96 -5.783 11.748 3.66 -5.597 11.749 3.937 -5.695 11.749 3.872 -5.761 11.749 3.775 -6.765 6.231 3.66 -6.462 6.231 3.96 -6.741 6.231 3.775 -6.676 6.231 3.872 -6.578 6.231 3.937 -5.652 12.485 3 -5.3 12.78 3 -5.609 12.598 3 -5.527 12.693 3 -5.419 12.758 3 -4.598 12.78 3.66 -4.651 12.48 3.96 -4.602 12.757 3.775 -4.613 12.692 3.872 -4.631 12.595 3.937 -4.4 0.15 3 -3.6 0.15 3 -4.4 0.15 2.4 -3.6 0.15 2.4 -4.4 11.2 3 -3.6 11.2 3 -4.4 11.2 2.4 -3.6 11.2 2.4 -3 0.15 3 -0.9 1.2 0.4 -1.667 1.2 0.4 -0.9 0.15 1.2 -2.816 0.15 2.449 -2.543 0.15 1.947 -2.146 0.15 1.537 -2.201 0.15 3 -1.352 0.15 1.852 -2.081 0.15 2.636 -1.902 0.15 2.308 -1.643 0.15 2.04 -1.151 0.15 1.724 -1.002 0.15 1.579 -0.917 0.15 1.383 -1.863 0.15 1.354 -1.758 0.15 1.268 -1.685 0.165 1.131 -1.667 0.199 1.003 -3 11.2 3 -0.9 5 0.4 -1.668 5 0.4 -0.9 11.2 1.2 -2.816 11.2 2.449 -2.543 11.2 1.947 -2.146 11.2 1.537 -2.201 11.2 3 -1.352 11.2 1.852 -2.081 11.2 2.636 -1.902 11.2 2.308 -1.643 11.2 2.04 -1.151 11.2 1.724 -1.002 11.2 1.579 -0.917 11.2 1.383 -1.863 11.2 1.354 -1.758 11.2 1.268 -1.685 11.2 1.131 -1.667 11.2 1.003 -0.9 5.153 0.37 -1.668 5.153 0.37 -0.9 5.283 0.283 -1.668 5.283 0.283 -0.9 5.37 0.153 -1.668 5.37 0.153 -0.9 0.286 0.896 -0.9 0.491 0.649 -0.9 0.829 0.466 -1.667 0.316 0.8 -1.667 0.521 0.573 -1.667 0.858 0.439 -5.391 11.989 3.96 -5.209 12.226 3.96 -4.956 12.388 3.96 -5.219 12.78 3.254 -5.077 12.78 3.451 -4.86 12.78 3.591 -5.668 12.388 3.254 -5.697 12.226 3.462 -5.74 11.989 3.598 -5.544 11.989 3.912 -5.644 11.989 3.836 -5.711 11.989 3.729 -5.193 12.757 3.531 -5.33 12.692 3.623 -5.433 12.595 3.694 -5.507 12.485 3.744 -5.621 12.388 3.637 -5.544 12.388 3.772 -5.432 12.388 3.859 -5.655 12.226 3.673 -5.591 12.226 3.802 -5.479 12.226 3.881 -5.319 12.757 3.349 -5.433 12.692 3.463 -5.531 12.595 3.551 -5.594 12.485 3.612 -5.041 12.757 3.675 -5.193 12.692 3.747 -5.311 12.595 3.801 -5.394 12.485 3.84 -5.602 12.598 3.251 -5.504 12.693 3.251 -5.378 12.758 3.254 -5.652 12.485 3.25 -5.669 12.388 3.451 -5.352 12.757 3.305 -5.488 12.693 3.364 -5.589 12.596 3.408 -5.644 12.485 3.438 -4.952 12.481 3.944 -4.938 12.595 3.91 -4.922 12.692 3.844 -4.896 12.757 3.731 -5.158 12.483 3.906 -5.119 12.595 3.867 -5.06 12.692 3.802 -4.963 12.757 3.702 -5.181 12.388 3.935 1.697 12.78 1.697 0.918 12.78 2.217 0 12.78 2.4 2.217 12.78 0.918 2.217 18.6 0.918 1.697 18.6 1.697 0 18.6 2.4 0.918 18.6 2.217 4.817 11.2 3 6.4 2.4 3 4.923 10.62 0.765 5.004 10.168 1.414 5.117 9.535 1.848 5.243 8.8 2 5.382 8.053 1.848 5.499 7.404 1.414 5.574 6.977 0.765 0 0.02 3 0 0.02 3.96 0 1 3.96 0 6.231 3.96 0 11.749 3.96 0 12.78 3 0 11.2 3 6.496 7.149 0.765 6.417 7.576 1.414 6.308 8.216 1.848 6.172 8.969 2 6.039 9.722 1.848 5.926 10.362 1.414 5.847 10.789 0.765 6.765 6.232 3 5.782 11.748 3 6.4 0.02 3 6.678 6.717 0.956 7.7 0.02 3 7.7 1 3 6.579 7.25 1.767 6.443 8.049 2.309 6.272 8.99 2.499 6.106 9.931 2.309 5.965 10.73 1.767 5.867 11.264 0.956 6.577 6.696 0.956 6.478 7.229 1.767 6.342 8.028 2.309 6.171 8.969 2.499 6.005 9.91 2.309 5.864 10.709 1.767 5.766 11.243 0.956 6.698 1 3.96 4.782 11.749 3.96 5.762 6.231 3.96 4.598 12.78 3 6.698 0.02 3.96 0 12.78 3.66 0 12.48 3.96 0 12.757 3.775 0 12.692 3.872 0 12.595 3.937 7.398 0.02 3.96 7.7 0.02 3.66 7.466 0.02 3.769 7.513 0.02 3.937 7.611 0.02 3.872 7.677 0.02 3.775 7.7 1 3.66 7.398 1 3.96 7.677 1 3.775 7.611 1 3.872 7.513 1 3.937 5.482 11.749 3.96 5.783 11.748 3.66 5.597 11.749 3.937 5.695 11.749 3.872 5.761 11.749 3.775 6.765 6.231 3.66 6.462 6.231 3.96 6.741 6.231 3.775 6.676 6.231 3.872 6.578 6.231 3.937 5.652 12.485 3 5.3 12.78 3 5.609 12.598 3 5.527 12.693 3 5.419 12.758 3 4.598 12.78 3.66 4.651 12.48 3.96 4.602 12.757 3.775 4.613 12.692 3.872 4.631 12.595 3.937 4.4 0.15 3 3.6 0.15 3 4.4 0.15 2.4 3.6 0.15 2.4 4.4 11.2 3 3.6 11.2 3 4.4 11.2 2.4 3.6 11.2 2.4 0 2.4 3 3 0.15 3 0.9 1.2 0.4 1.667 1.2 0.4 0.9 0.15 1.2 2.816 0.15 2.449 2.543 0.15 1.947 2.146 0.15 1.537 2.201 0.15 3 1.352 0.15 1.852 2.081 0.15 2.636 1.902 0.15 2.308 1.643 0.15 2.04 1.151 0.15 1.724 1.002 0.15 1.579 0.917 0.15 1.383 1.863 0.15 1.354 1.758 0.15 1.268 1.685 0.165 1.131 1.667 0.199 1.003 3 11.2 3 0.9 5 0.4 1.668 5 0.4 0.9 11.2 1.2 2.816 11.2 2.449 2.543 11.2 1.947 2.146 11.2 1.537 2.201 11.2 3 1.352 11.2 1.852 2.081 11.2 2.636 1.902 11.2 2.308 1.643 11.2 2.04 1.151 11.2 1.724 1.002 11.2 1.579 0.917 11.2 1.383 1.863 11.2 1.354 1.758 11.2 1.268 1.685 11.2 1.131 1.667 11.2 1.003 0.9 5.153 0.37 1.668 5.153 0.37 0.9 5.283 0.283 1.668 5.283 0.283 0.9 5.37 0.153 1.668 5.37 0.153 0.9 0.286 0.896 0.9 0.491 0.649 0.9 0.829 0.466 1.667 0.316 0.8 1.667 0.521 0.573 1.667 0.858 0.439 5.391 11.989 3.96 5.209 12.226 3.96 4.956 12.388 3.96 5.219 12.78 3.254 5.077 12.78 3.451 4.86 12.78 3.591 5.668 12.388 3.254 5.697 12.226 3.462 5.74 11.989 3.598 5.544 11.989 3.912 5.644 11.989 3.836 5.711 11.989 3.729 5.193 12.757 3.531 5.33 12.692 3.623 5.433 12.595 3.694 5.507 12.485 3.744 5.621 12.388 3.637 5.544 12.388 3.772 5.432 12.388 3.859 5.655 12.226 3.673 5.591 12.226 3.802 5.479 12.226 3.881 5.319 12.757 3.349 5.433 12.692 3.463 5.531 12.595 3.551 5.594 12.485 3.612 5.041 12.757 3.675 5.193 12.692 3.747 5.311 12.595 3.801 5.394 12.485 3.84 5.602 12.598 3.251 5.504 12.693 3.251 5.378 12.758 3.254 5.652 12.485 3.25 5.669 12.388 3.451 5.352 12.757 3.305 5.488 12.693 3.364 5.589 12.596 3.408 5.644 12.485 3.438 4.952 12.481 3.944 4.938 12.595 3.91 4.922 12.692 3.844 4.896 12.757 3.731 5.158 12.483 3.906 5.119 12.595 3.867 5.06 12.692 3.802 4.963 12.757 3.702 5.181 12.388 3.935 -1.697 12.78 -1.697 -0.918 12.78 -2.217 -2.217 12.78 -0.918 -2.4 12.78 0 -2.4 18.6 0 -2.217 18.6 -0.918 -1.697 18.6 -1.697 -0.918 18.6 -2.217 -6.715 6.529 0 -4.817 11.2 -3 -6.4 2.4 -3 -4.896 10.77 0 -4.923 10.62 -0.765 -5.004 10.168 -1.414 -5.117 9.535 -1.848 -5.243 8.8 -2 -5.382 8.053 -1.848 -5.499 7.404 -1.414 -5.574 6.977 -0.765 -5.594 6.833 0 -6.526 6.999 0 -6.496 7.149 -0.765 -6.417 7.576 -1.414 -6.308 8.216 -1.848 -6.172 8.969 -2 -6.039 9.722 -1.848 -5.926 10.362 -1.414 -5.847 10.789 -0.765 -5.821 10.939 0 -6.765 6.232 -3 -5.782 11.748 -3 -6.4 0.02 -3 -6.678 6.717 -0.956 -7.7 0.02 -3 -7.7 1 -3 -7.7 0.02 0 -7.7 1 0 -6.4 2.4 0 -6.4 0.02 0 -6.765 6.232 0 -5.782 11.748 0 -4.817 11.2 0 -6.579 7.25 -1.767 -6.443 8.049 -2.309 -6.272 8.99 -2.499 -6.106 9.931 -2.309 -5.965 10.73 -1.767 -5.867 11.264 -0.956 -5.834 11.451 0 -6.614 6.508 0 -6.577 6.696 -0.956 -6.478 7.229 -1.767 -6.342 8.028 -2.309 -6.171 8.969 -2.499 -6.005 9.91 -2.309 -5.864 10.709 -1.767 -5.766 11.243 -0.956 -5.733 11.43 0 -6.698 1 -3.96 -4.782 11.749 -3.96 -5.762 6.231 -3.96 -4.598 12.78 -3 -6.698 0.02 -3.96 -4.598 12.78 0 -7.398 0.02 -3.96 -7.7 0.02 -3.66 -7.466 0.02 -3.769 -7.513 0.02 -3.937 -7.611 0.02 -3.872 -7.677 0.02 -3.775 -7.7 1 -3.66 -7.398 1 -3.96 -7.677 1 -3.775 -7.611 1 -3.872 -7.513 1 -3.937 -5.482 11.749 -3.96 -5.783 11.748 -3.66 -5.597 11.749 -3.937 -5.695 11.749 -3.872 -5.761 11.749 -3.775 -6.765 6.231 -3.66 -6.462 6.231 -3.96 -6.741 6.231 -3.775 -6.676 6.231 -3.872 -6.578 6.231 -3.937 -5.652 12.485 -3 -5.3 12.78 -3 -5.609 12.598 -3 -5.527 12.693 -3 -5.419 12.758 -3 -5.652 12.485 0 -5.3 12.78 0 -5.609 12.598 0 -5.527 12.693 0 -5.419 12.758 0 -4.598 12.78 -3.66 -4.651 12.48 -3.96 -4.602 12.757 -3.775 -4.613 12.692 -3.872 -4.631 12.595 -3.937 -4.4 0.15 -3 -3.6 0.15 -3 -4.4 0.15 -2.4 -3.6 0.15 -2.4 -4.4 11.2 -3 -3.6 11.2 -3 -4.4 11.2 -2.4 -3.6 11.2 -2.4 -3 0.15 -3 -0.9 1.2 -0.4 -1.667 1.2 -0.4 -0.9 0.15 -1.2 -2.816 0.15 -2.449 -2.543 0.15 -1.947 -2.146 0.15 -1.537 -2.201 0.15 -3 -1.352 0.15 -1.852 -2.081 0.15 -2.636 -1.902 0.15 -2.308 -1.643 0.15 -2.04 -1.151 0.15 -1.724 -1.002 0.15 -1.579 -0.917 0.15 -1.383 -1.863 0.15 -1.354 -1.758 0.15 -1.268 -1.685 0.165 -1.131 -1.667 0.199 -1.003 -3 11.2 -3 -0.9 5 -0.4 -1.668 5 -0.4 -0.9 11.2 -1.2 -2.816 11.2 -2.449 -2.543 11.2 -1.947 -2.146 11.2 -1.537 -2.201 11.2 -3 -1.352 11.2 -1.852 -2.081 11.2 -2.636 -1.902 11.2 -2.308 -1.643 11.2 -2.04 -1.151 11.2 -1.724 -1.002 11.2 -1.579 -0.917 11.2 -1.383 -1.863 11.2 -1.354 -1.758 11.2 -1.268 -1.685 11.2 -1.131 -1.667 11.2 -1.003 -0.9 5.153 -0.37 -1.668 5.153 -0.37 -0.9 5.283 -0.283 -1.668 5.283 -0.283 -0.9 5.37 -0.153 -1.668 5.37 -0.153 -0.9 5.4 0 -1.668 5.4 0 -0.9 11.2 0 -1.668 11.2 0 -0.9 0.286 -0.896 -0.9 0.491 -0.649 -0.9 0.829 -0.466 -1.667 0.316 -0.8 -1.667 0.521 -0.573 -1.667 0.858 -0.439 -5.391 11.989 -3.96 -5.209 12.226 -3.96 -4.956 12.388 -3.96 -5.219 12.78 -3.254 -5.077 12.78 -3.451 -4.86 12.78 -3.591 -5.668 12.388 -3.254 -5.697 12.226 -3.462 -5.74 11.989 -3.598 -5.544 11.989 -3.912 -5.644 11.989 -3.836 -5.711 11.989 -3.729 -5.193 12.757 -3.531 -5.33 12.692 -3.623 -5.433 12.595 -3.694 -5.507 12.485 -3.744 -5.621 12.388 -3.637 -5.544 12.388 -3.772 -5.432 12.388 -3.859 -5.655 12.226 -3.673 -5.591 12.226 -3.802 -5.479 12.226 -3.881 -5.319 12.757 -3.349 -5.433 12.692 -3.463 -5.531 12.595 -3.551 -5.594 12.485 -3.612 -5.041 12.757 -3.675 -5.193 12.692 -3.747 -5.311 12.595 -3.801 -5.394 12.485 -3.84 -5.602 12.598 -3.251 -5.504 12.693 -3.251 -5.378 12.758 -3.254 -5.652 12.485 -3.25 -5.669 12.388 -3.451 -5.352 12.757 -3.305 -5.488 12.693 -3.364 -5.589 12.596 -3.408 -5.644 12.485 -3.438 -4.952 12.481 -3.944 -4.938 12.595 -3.91 -4.922 12.692 -3.844 -4.896 12.757 -3.731 -5.158 12.483 -3.906 -5.119 12.595 -3.867 -5.06 12.692 -3.802 -4.963 12.757 -3.702 -5.181 12.388 -3.935 1.697 12.78 -1.697 0.918 12.78 -2.217 0 12.78 -2.4 2.217 12.78 -0.918 2.4 12.78 0 2.4 18.6 0 2.217 18.6 -0.918 1.697 18.6 -1.697 0 18.6 -2.4 0.918 18.6 -2.217 6.715 6.529 0 0 18.6 0 4.817 11.2 -3 6.4 2.4 -3 4.896 10.77 0 4.923 10.62 -0.765 5.004 10.168 -1.414 5.117 9.535 -1.848 5.243 8.8 -2 5.382 8.053 -1.848 5.499 7.404 -1.414 5.574 6.977 -0.765 5.594 6.833 0 0 0.02 -3 0 0.02 -3.96 0 1 -3.96 0 6.231 -3.96 0 11.749 -3.96 0 12.78 -3 0 11.2 -3 6.526 6.999 0 6.496 7.149 -0.765 6.417 7.576 -1.414 6.308 8.216 -1.848 6.172 8.969 -2 6.039 9.722 -1.848 5.926 10.362 -1.414 5.847 10.789 -0.765 5.821 10.939 0 6.765 6.232 -3 5.782 11.748 -3 6.4 0.02 -3 6.678 6.717 -0.956 7.7 0.02 -3 7.7 1 -3 7.7 0.02 0 7.7 1 0 6.4 2.4 0 6.4 0.02 0 6.765 6.232 0 5.782 11.748 0 4.817 11.2 0 0 11.2 0 6.579 7.25 -1.767 6.443 8.049 -2.309 6.272 8.99 -2.499 6.106 9.931 -2.309 5.965 10.73 -1.767 5.867 11.264 -0.956 5.834 11.451 0 6.614 6.508 0 6.577 6.696 -0.956 6.478 7.229 -1.767 6.342 8.028 -2.309 6.171 8.969 -2.499 6.005 9.91 -2.309 5.864 10.709 -1.767 5.766 11.243 -0.956 5.733 11.43 0 6.698 1 -3.96 4.782 11.749 -3.96 5.762 6.231 -3.96 4.598 12.78 -3 6.698 0.02 -3.96 4.598 12.78 0 0 12.78 -3.66 0 12.48 -3.96 0 12.757 -3.775 0 12.692 -3.872 0 12.595 -3.937 7.398 0.02 -3.96 7.7 0.02 -3.66 7.466 0.02 -3.769 7.513 0.02 -3.937 7.611 0.02 -3.872 7.677 0.02 -3.775 7.7 1 -3.66 7.398 1 -3.96 7.677 1 -3.775 7.611 1 -3.872 7.513 1 -3.937 5.482 11.749 -3.96 5.783 11.748 -3.66 5.597 11.749 -3.937 5.695 11.749 -3.872 5.761 11.749 -3.775 6.765 6.231 -3.66 6.462 6.231 -3.96 6.741 6.231 -3.775 6.676 6.231 -3.872 6.578 6.231 -3.937 5.652 12.485 -3 5.3 12.78 -3 5.609 12.598 -3 5.527 12.693 -3 5.419 12.758 -3 5.652 12.485 0 5.3 12.78 0 5.609 12.598 0 5.527 12.693 0 5.419 12.758 0 4.598 12.78 -3.66 4.651 12.48 -3.96 4.602 12.757 -3.775 4.613 12.692 -3.872 4.631 12.595 -3.937 4.4 0.15 -3 3.6 0.15 -3 4.4 0.15 -2.4 3.6 0.15 -2.4 4.4 11.2 -3 3.6 11.2 -3 4.4 11.2 -2.4 3.6 11.2 -2.4 0 2.4 -3 3 0.15 -3 0.9 1.2 -0.4 1.667 1.2 -0.4 0.9 0.15 -1.2 2.816 0.15 -2.449 2.543 0.15 -1.947 2.146 0.15 -1.537 2.201 0.15 -3 1.352 0.15 -1.852 2.081 0.15 -2.636 1.902 0.15 -2.308 1.643 0.15 -2.04 1.151 0.15 -1.724 1.002 0.15 -1.579 0.917 0.15 -1.383 1.863 0.15 -1.354 1.758 0.15 -1.268 1.685 0.165 -1.131 1.667 0.199 -1.003 3 11.2 -3 0.9 5 -0.4 1.668 5 -0.4 0.9 11.2 -1.2 2.816 11.2 -2.449 2.543 11.2 -1.947 2.146 11.2 -1.537 2.201 11.2 -3 1.352 11.2 -1.852 2.081 11.2 -2.636 1.902 11.2 -2.308 1.643 11.2 -2.04 1.151 11.2 -1.724 1.002 11.2 -1.579 0.917 11.2 -1.383 1.863 11.2 -1.354 1.758 11.2 -1.268 1.685 11.2 -1.131 1.667 11.2 -1.003 0.9 5.153 -0.37 1.668 5.153 -0.37 0.9 5.283 -0.283 1.668 5.283 -0.283 0.9 5.37 -0.153 1.668 5.37 -0.153 0.9 5.4 0 1.668 5.4 0 0.9 11.2 0 1.668 11.2 0 0.9 0.286 -0.896 0.9 0.491 -0.649 0.9 0.829 -0.466 1.667 0.316 -0.8 1.667 0.521 -0.573 1.667 0.858 -0.439 5.391 11.989 -3.96 5.209 12.226 -3.96 4.956 12.388 -3.96 5.219 12.78 -3.254 5.077 12.78 -3.451 4.86 12.78 -3.591 5.668 12.388 -3.254 5.697 12.226 -3.462 5.74 11.989 -3.598 5.544 11.989 -3.912 5.644 11.989 -3.836 5.711 11.989 -3.729 5.193 12.757 -3.531 5.33 12.692 -3.623 5.433 12.595 -3.694 5.507 12.485 -3.744 5.621 12.388 -3.637 5.544 12.388 -3.772 5.432 12.388 -3.859 5.655 12.226 -3.673 5.591 12.226 -3.802 5.479 12.226 -3.881 5.319 12.757 -3.349 5.433 12.692 -3.463 5.531 12.595 -3.551 5.594 12.485 -3.612 5.041 12.757 -3.675 5.193 12.692 -3.747 5.311 12.595 -3.801 5.394 12.485 -3.84 5.602 12.598 -3.251 5.504 12.693 -3.251 5.378 12.758 -3.254 5.652 12.485 -3.25 5.669 12.388 -3.451 5.352 12.757 -3.305 5.488 12.693 -3.364 5.589 12.596 -3.408 5.644 12.485 -3.438 4.952 12.481 -3.944 4.938 12.595 -3.91 4.922 12.692 -3.844 4.896 12.757 -3.731 5.158 12.483 -3.906 5.119 12.595 -3.867 5.06 12.692 -3.802 4.963 12.757 -3.702 5.181 12.388 -3.935 -2.4 18.6 0 -2.217 18.6 0.918 -1.697 18.6 1.697 -1.697 12.78 1.697 -0.918 12.78 2.217 0 12.78 2.4 0 18.6 2.4 -0.918 18.6 2.217 -2.217 12.78 0.918 -2.4 12.78 0 -4.896 10.77 0 -4.923 10.62 0.765 -5.004 10.168 1.414 -5.117 9.535 1.848 -5.243 8.8 2 -5.382 8.053 1.848 -5.499 7.404 1.414 -5.574 6.977 0.765 -5.594 6.833 0 -6.526 6.999 0 -6.496 7.149 0.765 -6.417 7.576 1.414 -6.308 8.216 1.848 -6.172 8.969 2 -6.039 9.722 1.848 -5.926 10.362 1.414 -5.847 10.789 0.765 -5.821 10.939 0 -6.4 0.02 0 -6.4 0.02 3 -6.4 0.02 3 -5.867 11.264 0.956 -5.834 11.451 0 -5.965 10.73 1.767 -6.106 9.931 2.309 -6.272 8.99 2.499 -6.443 8.049 2.309 -6.579 7.25 1.767 -7.7 0.02 3 -7.7 0.02 0 -7.7 1 3 -7.7 1 0 -6.678 6.717 0.956 -4.817 11.2 3 -4.817 11.2 3 -4.817 11.2 0 -6.715 6.529 0 -6.4 2.4 3 -6.4 2.4 3 -6.4 2.4 0 0 11.2 3 -5.766 11.243 0.956 -5.733 11.43 0 -5.864 10.709 1.767 -6.005 9.91 2.309 -6.171 8.969 2.499 -6.342 8.028 2.309 -6.478 7.229 1.767 -6.577 6.696 0.956 -6.614 6.508 0 0 0.02 3 0 0.02 3.96 -6.698 0.02 3.96 -7.398 0.02 3.96 -7.398 0.02 3.96 -7.513 0.02 3.937 -7.611 0.02 3.872 -7.677 0.02 3.775 -7.7 0.02 3.66 -7.7 0.02 3.66 -7.398 1 3.96 -7.677 1 3.775 -7.7 1 3.66 -7.7 1 3.66 -7.7 1 3.66 -6.462 6.231 3.96 -6.765 6.231 3.66 -5.783 11.748 3.66 -5.482 11.749 3.96 -5.3 12.78 3 -5.3 12.78 0 -5.652 12.485 0 -5.652 12.485 3 -4.651 12.48 3.96 0 12.48 3.96 0 12.78 3.66 -4.598 12.78 3.66 -4.4 0.15 2.4 -4.4 0.15 2.4 -4.4 0.15 3 -3.6 0.15 3 -3.6 0.15 2.4 -3.6 0.15 2.4 -4.4 11.2 2.4 -3.6 11.2 2.4 -1.667 0.858 0.439 -1.667 1.2 0.4 -3 0.15 3 -2.816 0.15 2.449 -2.543 0.15 1.947 -2.146 0.15 1.537 -2.201 0.15 3 -2.081 0.15 2.636 -1.902 0.15 2.308 -1.643 0.15 2.04 -1.352 0.15 1.852 -1.151 0.15 1.724 -1.002 0.15 1.579 -0.917 0.15 1.383 -0.9 0.15 1.2 -1.863 0.15 1.354 -1.758 0.15 1.268 -1.685 0.165 1.131 -1.667 0.199 1.003 -1.667 0.521 0.573 -0.9 5 0.4 -0.9 1.2 0.4 -1.667 0.316 0.8 -0.9 5.153 0.37 -1.668 5 0.4 -1.668 5.153 0.37 -0.9 5.283 0.283 -1.668 5.283 0.283 -0.9 5.37 0.153 -1.668 5.37 0.153 -0.9 5.4 0 -1.668 5.4 0 -0.9 0.286 0.896 -0.9 0.491 0.649 -0.9 0.829 0.466 -5.391 11.989 3.96 -5.209 12.226 3.96 -4.956 12.388 3.96 -5.077 12.78 3.451 -4.86 12.78 3.591 -5.219 12.78 3.254 -5.697 12.226 3.462 -5.74 11.989 3.598 -5.668 12.388 3.254 2.4 18.6 0 2.217 18.6 0.918 1.697 18.6 1.697 1.697 12.78 1.697 0.918 12.78 2.217 0.918 18.6 2.217 2.217 12.78 0.918 2.4 12.78 0 4.896 10.77 0 4.923 10.62 0.765 5.004 10.168 1.414 5.117 9.535 1.848 5.243 8.8 2 5.382 8.053 1.848 5.499 7.404 1.414 5.574 6.977 0.765 5.594 6.833 0 6.526 6.999 0 6.496 7.149 0.765 6.417 7.576 1.414 6.308 8.216 1.848 6.172 8.969 2 6.039 9.722 1.848 5.926 10.362 1.414 5.847 10.789 0.765 5.821 10.939 0 6.4 0.02 0 6.4 0.02 3 6.4 0.02 3 5.867 11.264 0.956 5.834 11.451 0 5.965 10.73 1.767 6.106 9.931 2.309 6.272 8.99 2.499 6.443 8.049 2.309 6.579 7.25 1.767 7.7 0.02 3 7.7 0.02 0 7.7 1 3 7.7 1 0 6.678 6.717 0.956 4.817 11.2 3 4.817 11.2 3 4.817 11.2 0 6.715 6.529 0 6.4 2.4 3 6.4 2.4 3 6.4 2.4 0 5.766 11.243 0.956 5.733 11.43 0 5.864 10.709 1.767 6.005 9.91 2.309 6.171 8.969 2.499 6.342 8.028 2.309 6.478 7.229 1.767 6.577 6.696 0.956 6.614 6.508 0 6.698 0.02 3.96 7.398 0.02 3.96 7.398 0.02 3.96 7.513 0.02 3.937 7.611 0.02 3.872 7.677 0.02 3.775 7.7 0.02 3.66 7.7 0.02 3.66 7.398 1 3.96 7.677 1 3.775 7.7 1 3.66 7.7 1 3.66 7.7 1 3.66 6.462 6.231 3.96 6.765 6.231 3.66 5.783 11.748 3.66 5.482 11.749 3.96 5.3 12.78 3 5.3 12.78 0 5.652 12.485 0 5.652 12.485 3 4.651 12.48 3.96 4.598 12.78 3.66 4.4 0.15 2.4 4.4 0.15 2.4 4.4 0.15 3 3.6 0.15 3 3.6 0.15 2.4 3.6 0.15 2.4 4.4 11.2 2.4 3.6 11.2 2.4 1.667 0.858 0.439 1.667 1.2 0.4 3 0.15 3 2.816 0.15 2.449 2.543 0.15 1.947 2.146 0.15 1.537 2.201 0.15 3 2.081 0.15 2.636 1.902 0.15 2.308 1.643 0.15 2.04 1.352 0.15 1.852 1.151 0.15 1.724 1.002 0.15 1.579 0.917 0.15 1.383 0.9 0.15 1.2 1.863 0.15 1.354 1.758 0.15 1.268 1.685 0.165 1.131 1.667 0.199 1.003 1.667 0.521 0.573 0.9 5 0.4 0.9 1.2 0.4 1.667 0.316 0.8 0.9 5.153 0.37 1.668 5 0.4 1.668 5.153 0.37 0.9 5.283 0.283 1.668 5.283 0.283 0.9 5.37 0.153 1.668 5.37 0.153 0.9 5.4 0 1.668 5.4 0 0.9 0.286 0.896 0.9 0.491 0.649 0.9 0.829 0.466 5.391 11.989 3.96 5.209 12.226 3.96 4.956 12.388 3.96 5.077 12.78 3.451 4.86 12.78 3.591 5.219 12.78 3.254 5.697 12.226 3.462 5.74 11.989 3.598 5.668 12.388 3.254 -2.217 18.6 -0.918 -1.697 18.6 -1.697 -1.697 12.78 -1.697 -0.918 12.78 -2.217 0 12.78 -2.4 0 18.6 -2.4 -0.918 18.6 -2.217 -2.217 12.78 -0.918 -4.923 10.62 -0.765 -5.004 10.168 -1.414 -5.117 9.535 -1.848 -5.243 8.8 -2 -5.382 8.053 -1.848 -5.499 7.404 -1.414 -5.574 6.977 -0.765 -6.496 7.149 -0.765 -6.417 7.576 -1.414 -6.308 8.216 -1.848 -6.172 8.969 -2 -6.039 9.722 -1.848 -5.926 10.362 -1.414 -5.847 10.789 -0.765 -6.4 0.02 -3 -6.4 0.02 -3 -5.867 11.264 -0.956 -5.965 10.73 -1.767 -6.106 9.931 -2.309 -6.272 8.99 -2.499 -6.443 8.049 -2.309 -6.579 7.25 -1.767 -7.7 0.02 -3 -7.7 1 -3 -6.678 6.717 -0.956 -4.817 11.2 -3 -4.817 11.2 -3 -6.4 2.4 -3 -6.4 2.4 -3 0 11.2 -3 -5.766 11.243 -0.956 -5.864 10.709 -1.767 -6.005 9.91 -2.309 -6.171 8.969 -2.499 -6.342 8.028 -2.309 -6.478 7.229 -1.767 -6.577 6.696 -0.956 0 0.02 -3 0 0.02 -3.96 -6.698 0.02 -3.96 -7.398 0.02 -3.96 -7.398 0.02 -3.96 -7.513 0.02 -3.937 -7.611 0.02 -3.872 -7.677 0.02 -3.775 -7.7 0.02 -3.66 -7.7 0.02 -3.66 -7.398 1 -3.96 -7.677 1 -3.775 -7.7 1 -3.66 -7.7 1 -3.66 -7.7 1 -3.66 -6.462 6.231 -3.96 -6.765 6.231 -3.66 -5.783 11.748 -3.66 -5.482 11.749 -3.96 -5.3 12.78 -3 -5.652 12.485 -3 -4.651 12.48 -3.96 0 12.48 -3.96 0 12.78 -3.66 -4.598 12.78 -3.66 -4.4 0.15 -2.4 -4.4 0.15 -2.4 -4.4 0.15 -3 -3.6 0.15 -3 -3.6 0.15 -2.4 -3.6 0.15 -2.4 -4.4 11.2 -2.4 -3.6 11.2 -2.4 -1.667 0.858 -0.439 -1.667 1.2 -0.4 -3 0.15 -3 -2.816 0.15 -2.449 -2.543 0.15 -1.947 -2.146 0.15 -1.537 -2.201 0.15 -3 -2.081 0.15 -2.636 -1.902 0.15 -2.308 -1.643 0.15 -2.04 -1.352 0.15 -1.852 -1.151 0.15 -1.724 -1.002 0.15 -1.579 -0.917 0.15 -1.383 -0.9 0.15 -1.2 -1.863 0.15 -1.354 -1.758 0.15 -1.268 -1.685 0.165 -1.131 -1.667 0.199 -1.003 -1.667 0.521 -0.573 -0.9 5 -0.4 -0.9 1.2 -0.4 -1.667 0.316 -0.8 -0.9 5.153 -0.37 -1.668 5 -0.4 -1.668 5.153 -0.37 -0.9 5.283 -0.283 -1.668 5.283 -0.283 -0.9 5.37 -0.153 -1.668 5.37 -0.153 -0.9 0.286 -0.896 -0.9 0.491 -0.649 -0.9 0.829 -0.466 -5.391 11.989 -3.96 -5.209 12.226 -3.96 -4.956 12.388 -3.96 -5.077 12.78 -3.451 -4.86 12.78 -3.591 -5.219 12.78 -3.254 -5.697 12.226 -3.462 -5.74 11.989 -3.598 -5.668 12.388 -3.254 2.217 18.6 -0.918 1.697 18.6 -1.697 1.697 12.78 -1.697 0.918 12.78 -2.217 0.918 18.6 -2.217 2.217 12.78 -0.918 4.923 10.62 -0.765 5.004 10.168 -1.414 5.117 9.535 -1.848 5.243 8.8 -2 5.382 8.053 -1.848 5.499 7.404 -1.414 5.574 6.977 -0.765 6.496 7.149 -0.765 6.417 7.576 -1.414 6.308 8.216 -1.848 6.172 8.969 -2 6.039 9.722 -1.848 5.926 10.362 -1.414 5.847 10.789 -0.765 6.4 0.02 -3 6.4 0.02 -3 5.867 11.264 -0.956 5.965 10.73 -1.767 6.106 9.931 -2.309 6.272 8.99 -2.499 6.443 8.049 -2.309 6.579 7.25 -1.767 7.7 0.02 -3 7.7 1 -3 6.678 6.717 -0.956 4.817 11.2 -3 4.817 11.2 -3 6.4 2.4 -3 6.4 2.4 -3 5.766 11.243 -0.956 5.864 10.709 -1.767 6.005 9.91 -2.309 6.171 8.969 -2.499 6.342 8.028 -2.309 6.478 7.229 -1.767 6.577 6.696 -0.956 6.698 0.02 -3.96 7.398 0.02 -3.96 7.398 0.02 -3.96 7.513 0.02 -3.937 7.611 0.02 -3.872 7.677 0.02 -3.775 7.7 0.02 -3.66 7.7 0.02 -3.66 7.398 1 -3.96 7.677 1 -3.775 7.7 1 -3.66 7.7 1 -3.66 7.7 1 -3.66 6.462 6.231 -3.96 6.765 6.231 -3.66 5.783 11.748 -3.66 5.482 11.749 -3.96 5.3 12.78 -3 5.652 12.485 -3 4.651 12.48 -3.96 4.598 12.78 -3.66 4.4 0.15 -2.4 4.4 0.15 -2.4 4.4 0.15 -3 3.6 0.15 -3 3.6 0.15 -2.4 3.6 0.15 -2.4 4.4 11.2 -2.4 3.6 11.2 -2.4 1.667 0.858 -0.439 1.667 1.2 -0.4 3 0.15 -3 2.816 0.15 -2.449 2.543 0.15 -1.947 2.146 0.15 -1.537 2.201 0.15 -3 2.081 0.15 -2.636 1.902 0.15 -2.308 1.643 0.15 -2.04 1.352 0.15 -1.852 1.151 0.15 -1.724 1.002 0.15 -1.579 0.917 0.15 -1.383 0.9 0.15 -1.2 1.863 0.15 -1.354 1.758 0.15 -1.268 1.685 0.165 -1.131 1.667 0.199 -1.003 1.667 0.521 -0.573 0.9 5 -0.4 0.9 1.2 -0.4 1.667 0.316 -0.8 0.9 5.153 -0.37 1.668 5 -0.4 1.668 5.153 -0.37 0.9 5.283 -0.283 1.668 5.283 -0.283 0.9 5.37 -0.153 1.668 5.37 -0.153 0.9 0.286 -0.896 0.9 0.491 -0.649 0.9 0.829 -0.466 5.391 11.989 -3.96 5.209 12.226 -3.96 4.956 12.388 -3.96 5.077 12.78 -3.451 4.86 12.78 -3.591 5.219 12.78 -3.254 5.697 12.226 -3.462 5.74 11.989 -3.598 5.668 12.388 -3.254</float_array>
					<technique_common>
						<accessor source="#3814uv.json-mesh-positions-array" count="1322" stride="3">
							<param name="X" type="float"/>
							<param name="Y" type="float"/>
							<param name="Z" type="float"/>
						</accessor>
					</technique_common>
				</source>
				<source id="3814uv.json-mesh-map-0">
					<float_array id="3814uv.json-mesh-map-0-array" count="9144">0.95 0.065 0.951 0.065 0.954 0.065 0.954 0.065 0.952 0.065 0.954 0.065 0.954 0.065 0.951 0.065 0.952 0.065 0.954 0.065 0.95 0.065 0.95 0.065 0.822 0.469 0.807 0.469 0.822 0.38 0.807 0.469 0.807 0.38 0.822 0.38 0.822 0.38 0.836 0.38 0.822 0.469 0.836 0.38 0.836 0.469 0.822 0.469 0.836 0.38 0.851 0.38 0.836 0.469 0.851 0.38 0.851 0.469 0.836 0.469 0.865 0.38 0.865 0.469 0.851 0.38 0.865 0.469 0.851 0.469 0.851 0.38 0.248 0.906 0.228 0.906 0.248 0.732 0.228 0.906 0.228 0.732 0.248 0.732 0.248 0.732 0.228 0.732 0.248 0.568 0.228 0.732 0.228 0.568 0.248 0.568 0.289 0.568 0.289 0.537 0.499 0.568 0.289 0.537 0.499 0.537 0.499 0.568 0.318 0.732 0.349 0.905 0.296 0.732 0.349 0.905 0.327 0.905 0.296 0.732 0.944 0.044 0.942 0.044 0.944 0.044 0.942 0.044 0.942 0.044 0.944 0.044 0.944 0.044 0.942 0.044 0.944 0.045 0.942 0.044 0.943 0.045 0.944 0.045 0.944 0.046 0.944 0.045 0.943 0.046 0.944 0.045 0.943 0.045 0.943 0.046 0.945 0.047 0.944 0.046 0.943 0.048 0.944 0.046 0.943 0.046 0.943 0.048 0.945 0.049 0.945 0.047 0.943 0.049 0.945 0.047 0.943 0.048 0.943 0.049 0.945 0.049 0.943 0.049 0.945 0.05 0.943 0.049 0.943 0.05 0.945 0.05 0.945 0.05 0.945 0.05 0.944 0.051 0.945 0.05 0.943 0.05 0.944 0.051 0.945 0.051 0.945 0.05 0.944 0.051 0.945 0.05 0.944 0.051 0.944 0.051 0.94 0.032 0.94 0.032 0.943 0.032 0.94 0.032 0.943 0.032 0.943 0.032 0.942 0.043 0.942 0.043 0.942 0.044 0.942 0.043 0.942 0.043 0.942 0.044 0.941 0.032 0.941 0.032 0.942 0.032 0.941 0.032 0.943 0.032 0.942 0.032 0.228 0.732 0.133 0.732 0.228 0.568 0.133 0.732 0.133 0.568 0.228 0.568 0.289 0.568 0.267 0.568 0.289 0.537 0.267 0.568 0.267 0.537 0.289 0.537 0.942 0.044 0.942 0.043 0.942 0.044 0.942 0.043 0.942 0.044 0.942 0.044 0.318 0.732 0.296 0.732 0.289 0.568 0.296 0.732 0.267 0.568 0.289 0.568 0.943 0.046 0.942 0.044 0.943 0.046 0.942 0.044 0.942 0.044 0.943 0.046 0.946 0.054 0.945 0.054 0.946 0.054 0.945 0.054 0.945 0.054 0.946 0.054 0.943 0.048 0.943 0.046 0.943 0.048 0.943 0.046 0.943 0.046 0.943 0.048 0.943 0.049 0.943 0.048 0.943 0.049 0.943 0.048 0.943 0.048 0.943 0.049 0.944 0.051 0.943 0.049 0.943 0.051 0.943 0.049 0.943 0.049 0.943 0.051 0.944 0.052 0.944 0.051 0.944 0.052 0.944 0.051 0.943 0.051 0.944 0.052 0.228 0.568 0.133 0.568 0.228 0.537 0.133 0.568 0.133 0.537 0.228 0.537 0.945 0.051 0.945 0.052 0.945 0.052 0.944 0.052 0.944 0.052 0.944 0.052 0.944 0.052 0.944 0.052 0.944 0.052 0.944 0.044 0.944 0.044 0.943 0.036 0.943 0.036 0.954 0.036 0.943 0.032 0.954 0.036 0.954 0.032 0.943 0.032 0.944 0.045 0.943 0.036 0.944 0.044 0.944 0.046 0.943 0.036 0.944 0.045 0.954 0.052 0.954 0.052 0.945 0.052 0.954 0.052 0.945 0.052 0.945 0.052 0.944 0.046 0.945 0.047 0.943 0.036 0.943 0.032 0.943 0.032 0.943 0.036 0.943 0.032 0.943 0.036 0.943 0.036 0.945 0.052 0.945 0.05 0.945 0.05 0.945 0.052 0.945 0.049 0.945 0.05 0.945 0.052 0.945 0.05 0.945 0.051 0.945 0.052 0.945 0.047 0.945 0.049 0.943 0.036 0.945 0.052 0.954 0.036 0.945 0.052 0.954 0.052 0.954 0.036 0.945 0.047 0.945 0.052 0.943 0.036 0.944 0.051 0.944 0.051 0.944 0.052 0.944 0.051 0.944 0.052 0.944 0.052 0.944 0.051 0.943 0.05 0.944 0.052 0.943 0.05 0.944 0.051 0.944 0.052 0.943 0.05 0.943 0.049 0.944 0.051 0.943 0.049 0.943 0.049 0.944 0.051 0.943 0.049 0.943 0.048 0.943 0.049 0.943 0.048 0.943 0.048 0.943 0.049 0.943 0.048 0.943 0.046 0.943 0.048 0.943 0.046 0.943 0.046 0.943 0.048 0.943 0.046 0.943 0.045 0.943 0.046 0.943 0.045 0.942 0.044 0.943 0.046 0.943 0.045 0.942 0.044 0.942 0.044 0.942 0.044 0.942 0.043 0.942 0.044 0.942 0.044 0.942 0.044 0.942 0.043 0.942 0.044 0.942 0.043 0.942 0.043 0.133 0.732 0.228 0.732 0.163 0.748 0.163 0.748 0.228 0.732 0.189 0.764 0.189 0.764 0.228 0.732 0.206 0.789 0.206 0.789 0.228 0.732 0.212 0.819 0.212 0.819 0.228 0.732 0.228 0.906 0.133 0.742 0.133 0.732 0.163 0.748 0.206 0.849 0.212 0.819 0.228 0.906 0.189 0.874 0.206 0.849 0.228 0.906 0.163 0.891 0.189 0.874 0.228 0.906 0.228 0.906 0.133 0.906 0.163 0.891 0.133 0.906 0.133 0.896 0.163 0.891 0.954 0.032 0.942 0.032 0.954 0.032 0.942 0.032 0.943 0.032 0.954 0.032 0.944 0.044 0.943 0.036 0.943 0.036 0.228 0.537 0.248 0.537 0.228 0.568 0.248 0.537 0.248 0.568 0.228 0.568 0.946 0.054 0.954 0.054 0.946 0.054 0.954 0.054 0.954 0.054 0.946 0.054 0.499 0.732 0.499 0.905 0.318 0.732 0.499 0.905 0.349 0.905 0.318 0.732 0.289 0.568 0.499 0.568 0.318 0.732 0.499 0.568 0.499 0.732 0.318 0.732 0.941 0.032 0.94 0.032 0.943 0.032 0.94 0.032 0.94 0.032 0.943 0.032 0.228 0.929 0.133 0.929 0.228 0.906 0.133 0.929 0.133 0.906 0.228 0.906 0.95 0.054 0.95 0.054 0.946 0.054 0.95 0.054 0.946 0.054 0.946 0.054 0.951 0.054 0.95 0.054 0.946 0.054 0.952 0.054 0.951 0.054 0.946 0.054 0.946 0.054 0.954 0.054 0.952 0.054 0.954 0.054 0.954 0.054 0.952 0.054 0.941 0.032 0.941 0.032 0.941 0.032 0.941 0.032 0.94 0.032 0.941 0.032 0.94 0.032 0.94 0.032 0.941 0.032 0.94 0.032 0.94 0.032 0.941 0.032 0.335 0.92 0.33 0.912 0.349 0.905 0.248 0.906 0.246 0.913 0.228 0.906 0.228 0.906 0.242 0.921 0.236 0.926 0.335 0.92 0.349 0.905 0.343 0.925 0.946 0.054 0.945 0.054 0.945 0.054 0.946 0.054 0.946 0.054 0.945 0.054 0.349 0.905 0.353 0.928 0.343 0.925 0.941 0.032 0.941 0.033 0.941 0.032 0.941 0.033 0.941 0.033 0.941 0.032 0.941 0.032 0.941 0.033 0.94 0.032 0.941 0.033 0.94 0.033 0.94 0.032 0.94 0.032 0.94 0.033 0.94 0.032 0.94 0.033 0.94 0.033 0.94 0.032 0.94 0.032 0.94 0.033 0.94 0.032 0.94 0.033 0.94 0.033 0.94 0.032 0.228 0.929 0.228 0.906 0.236 0.926 0.941 0.033 0.942 0.043 0.941 0.033 0.942 0.043 0.942 0.043 0.941 0.033 0.941 0.033 0.942 0.043 0.94 0.033 0.942 0.043 0.942 0.043 0.94 0.033 0.94 0.033 0.942 0.043 0.94 0.033 0.942 0.043 0.942 0.043 0.94 0.033 0.94 0.033 0.942 0.043 0.94 0.033 0.942 0.043 0.942 0.043 0.94 0.033 0.944 0.053 0.942 0.043 0.944 0.053 0.942 0.043 0.942 0.043 0.944 0.053 0.944 0.053 0.942 0.043 0.944 0.053 0.942 0.043 0.942 0.043 0.944 0.053 0.944 0.053 0.942 0.043 0.944 0.053 0.942 0.043 0.942 0.043 0.944 0.053 0.944 0.053 0.942 0.043 0.944 0.053 0.942 0.043 0.942 0.043 0.944 0.053 0.945 0.054 0.945 0.054 0.946 0.054 0.228 0.906 0.246 0.913 0.242 0.921 0.945 0.054 0.945 0.054 0.944 0.054 0.945 0.054 0.944 0.054 0.944 0.054 0.944 0.054 0.944 0.054 0.944 0.054 0.944 0.054 0.944 0.054 0.944 0.054 0.944 0.054 0.944 0.054 0.944 0.054 0.944 0.054 0.944 0.054 0.944 0.054 0.944 0.054 0.944 0.054 0.944 0.054 0.944 0.054 0.944 0.054 0.944 0.054 0.946 0.054 0.945 0.054 0.945 0.054 0.33 0.912 0.327 0.905 0.349 0.905 0.946 0.054 0.954 0.054 0.946 0.054 0.954 0.054 0.954 0.054 0.946 0.054 0.946 0.054 0.954 0.054 0.946 0.054 0.954 0.054 0.954 0.054 0.946 0.054 0.946 0.054 0.954 0.054 0.946 0.054 0.954 0.054 0.954 0.054 0.946 0.054 0.946 0.054 0.954 0.054 0.946 0.054 0.954 0.054 0.954 0.054 0.946 0.054 0.499 0.905 0.499 0.928 0.349 0.905 0.499 0.928 0.353 0.928 0.349 0.905 0.946 0.032 0.946 0.032 0.948 0.032 0.946 0.032 0.948 0.032 0.948 0.032 0.946 0.032 0.946 0.052 0.948 0.032 0.946 0.052 0.948 0.052 0.948 0.032 0.948 0.032 0.948 0.052 0.948 0.032 0.948 0.052 0.948 0.052 0.948 0.032 0.946 0.032 0.946 0.052 0.946 0.032 0.946 0.052 0.946 0.052 0.946 0.032 0.949 0.032 0.95 0.032 0.949 0.032 0.95 0.032 0.95 0.032 0.949 0.032 0.949 0.032 0.951 0.032 0.949 0.032 0.951 0.032 0.95 0.032 0.949 0.032 0.95 0.032 0.951 0.032 0.949 0.032 0.951 0.032 0.951 0.032 0.949 0.032 0.952 0.032 0.951 0.032 0.951 0.032 0.951 0.032 0.95 0.032 0.951 0.032 0.951 0.032 0.952 0.032 0.952 0.032 0.952 0.032 0.952 0.032 0.951 0.032 0.952 0.032 0.951 0.032 0.951 0.032 0.952 0.032 0.952 0.032 0.951 0.032 0.952 0.032 0.951 0.032 0.951 0.032 0.951 0.032 0.952 0.032 0.951 0.032 0.952 0.032 0.952 0.032 0.951 0.032 0.952 0.033 0.952 0.032 0.951 0.033 0.952 0.032 0.951 0.032 0.951 0.033 0.952 0.032 0.952 0.032 0.951 0.032 0.952 0.032 0.951 0.032 0.951 0.032 0.951 0.032 0.951 0.032 0.951 0.052 0.951 0.032 0.951 0.052 0.951 0.052 0.951 0.032 0.951 0.032 0.951 0.052 0.951 0.032 0.951 0.052 0.951 0.052 0.95 0.032 0.95 0.032 0.95 0.052 0.95 0.032 0.95 0.052 0.95 0.052 0.952 0.032 0.952 0.032 0.952 0.052 0.952 0.032 0.952 0.052 0.952 0.052 0.952 0.034 0.952 0.033 0.951 0.034 0.952 0.033 0.951 0.033 0.951 0.034 0.95 0.032 0.949 0.032 0.95 0.052 0.949 0.032 0.949 0.052 0.95 0.052 0.952 0.032 0.952 0.032 0.952 0.052 0.952 0.032 0.952 0.052 0.952 0.052 0.949 0.032 0.949 0.032 0.949 0.052 0.949 0.032 0.949 0.052 0.949 0.052 0.951 0.032 0.951 0.032 0.951 0.052 0.951 0.032 0.951 0.052 0.951 0.052 0.952 0.032 0.952 0.034 0.952 0.052 0.952 0.034 0.952 0.04 0.952 0.052 0.951 0.032 0.95 0.032 0.951 0.052 0.95 0.032 0.95 0.052 0.951 0.052 0.951 0.032 0.952 0.032 0.951 0.052 0.952 0.032 0.952 0.052 0.951 0.052 0.95 0.032 0.951 0.032 0.95 0.052 0.951 0.032 0.951 0.052 0.95 0.052 0.952 0.032 0.952 0.032 0.952 0.052 0.952 0.032 0.952 0.052 0.952 0.052 0.952 0.032 0.952 0.032 0.952 0.052 0.952 0.032 0.952 0.052 0.952 0.052 0.951 0.032 0.951 0.032 0.951 0.052 0.951 0.032 0.951 0.052 0.951 0.052 0.949 0.032 0.949 0.032 0.949 0.052 0.949 0.032 0.949 0.052 0.949 0.052 0.952 0.04 0.951 0.04 0.952 0.041 0.951 0.04 0.951 0.041 0.952 0.041 0.952 0.041 0.951 0.041 0.952 0.041 0.951 0.041 0.951 0.041 0.952 0.041 0.952 0.041 0.951 0.041 0.952 0.041 0.951 0.041 0.951 0.041 0.952 0.041 0.952 0.041 0.951 0.041 0.952 0.041 0.951 0.041 0.951 0.041 0.952 0.041 0.951 0.052 0.951 0.041 0.951 0.041 0.951 0.052 0.951 0.041 0.951 0.041 0.951 0.052 0.951 0.041 0.951 0.041 0.951 0.052 0.951 0.041 0.951 0.04 0.952 0.052 0.952 0.04 0.952 0.041 0.952 0.052 0.952 0.041 0.952 0.041 0.952 0.052 0.952 0.041 0.952 0.041 0.952 0.052 0.952 0.041 0.952 0.041 0.952 0.041 0.952 0.052 0.952 0.052 0.951 0.052 0.951 0.052 0.951 0.041 0.951 0.032 0.951 0.032 0.952 0.032 0.951 0.032 0.952 0.032 0.952 0.032 0.952 0.032 0.952 0.033 0.952 0.032 0.952 0.034 0.952 0.032 0.952 0.033 0.952 0.032 0.952 0.032 0.952 0.033 0.952 0.04 0.952 0.034 0.951 0.04 0.952 0.034 0.951 0.034 0.951 0.04 0.951 0.04 0.951 0.034 0.951 0.052 0.951 0.034 0.951 0.032 0.951 0.052 0.951 0.033 0.951 0.032 0.951 0.034 0.951 0.032 0.951 0.032 0.951 0.034 0.951 0.032 0.951 0.032 0.951 0.033 0.944 0.053 0.944 0.053 0.944 0.053 0.944 0.053 0.944 0.053 0.944 0.053 0.944 0.053 0.944 0.053 0.944 0.053 0.944 0.053 0.944 0.053 0.944 0.053 0.944 0.053 0.944 0.053 0.944 0.053 0.944 0.053 0.944 0.053 0.944 0.053 0.944 0.053 0.944 0.053 0.944 0.053 0.944 0.053 0.944 0.053 0.944 0.053 0.945 0.053 0.944 0.053 0.944 0.053 0.944 0.053 0.944 0.053 0.944 0.053 0.944 0.053 0.944 0.053 0.944 0.053 0.944 0.053 0.944 0.053 0.944 0.053 0.944 0.053 0.944 0.053 0.944 0.053 0.944 0.053 0.944 0.053 0.944 0.053 0.944 0.053 0.944 0.053 0.944 0.053 0.944 0.053 0.944 0.053 0.944 0.053 0.945 0.054 0.945 0.054 0.945 0.053 0.944 0.054 0.944 0.054 0.944 0.053 0.944 0.054 0.944 0.053 0.944 0.053 0.944 0.054 0.944 0.054 0.944 0.053 0.944 0.054 0.944 0.053 0.944 0.053 0.944 0.054 0.944 0.054 0.944 0.054 0.944 0.054 0.944 0.054 0.944 0.054 0.944 0.054 0.944 0.054 0.944 0.054 0.944 0.054 0.944 0.054 0.944 0.054 0.945 0.054 0.944 0.054 0.944 0.054 0.944 0.054 0.944 0.054 0.944 0.054 0.945 0.054 0.945 0.054 0.945 0.054 0.945 0.054 0.944 0.054 0.945 0.054 0.945 0.054 0.945 0.054 0.945 0.054 0.945 0.054 0.945 0.054 0.945 0.054 0.944 0.054 0.944 0.054 0.944 0.054 0.944 0.054 0.944 0.054 0.944 0.054 0.944 0.054 0.944 0.054 0.945 0.054 0.944 0.054 0.944 0.054 0.945 0.054 0.945 0.054 0.944 0.054 0.945 0.054 0.944 0.054 0.945 0.054 0.945 0.054 0.945 0.054 0.945 0.054 0.945 0.054 0.945 0.054 0.945 0.054 0.945 0.054 0.944 0.054 0.944 0.054 0.944 0.054 0.944 0.054 0.944 0.054 0.944 0.054 0.945 0.054 0.945 0.054 0.945 0.054 0.945 0.054 0.945 0.054 0.945 0.054 0.944 0.054 0.944 0.054 0.944 0.054 0.944 0.054 0.944 0.054 0.944 0.054 0.944 0.054 0.944 0.054 0.944 0.054 0.944 0.054 0.944 0.054 0.944 0.054 0.944 0.054 0.944 0.054 0.944 0.054 0.944 0.054 0.944 0.054 0.945 0.054 0.944 0.054 0.945 0.054 0.945 0.054 0.945 0.054 0.944 0.054 0.944 0.054 0.944 0.054 0.944 0.054 0.944 0.054 0.944 0.054 0.944 0.054 0.944 0.054 0.944 0.054 0.944 0.054 0.944 0.054 0.944 0.054 0.944 0.054 0.944 0.054 0.944 0.054 0.944 0.054 0.944 0.054 0.944 0.054 0.944 0.054 0.944 0.054 0.944 0.054 0.944 0.054 0.944 0.054 0.944 0.054 0.944 0.054 0.944 0.054 0.944 0.054 0.944 0.054 0.944 0.054 0.944 0.054 0.944 0.054 0.944 0.054 0.944 0.054 0.944 0.054 0.944 0.054 0.944 0.054 0.944 0.054 0.944 0.054 0.944 0.054 0.944 0.054 0.944 0.054 0.944 0.054 0.944 0.054 0.944 0.054 0.944 0.054 0.945 0.054 0.944 0.054 0.945 0.054 0.944 0.054 0.944 0.054 0.944 0.054 0.944 0.054 0.944 0.053 0.944 0.054 0.944 0.053 0.944 0.053 0.944 0.053 0.944 0.054 0.944 0.054 0.945 0.054 0.945 0.054 0.944 0.054 0.945 0.054 0.945 0.054 0.944 0.054 0.945 0.054 0.945 0.054 0.945 0.054 0.945 0.054 0.945 0.054 0.945 0.054 0.945 0.054 0.945 0.054 0.945 0.054 0.945 0.054 0.945 0.054 0.945 0.054 0.946 0.054 0.946 0.054 0.945 0.054 0.946 0.054 0.945 0.054 0.945 0.054 0.946 0.054 0.946 0.054 0.945 0.054 0.946 0.054 0.945 0.054 0.945 0.054 0.946 0.054 0.946 0.054 0.945 0.054 0.946 0.054 0.945 0.054 0.945 0.054 0.946 0.054 0.946 0.054 0.945 0.054 0.946 0.054 0.945 0.054 0.945 0.054 0.945 0.054 0.946 0.054 0.945 0.054 0.945 0.054 0.945 0.054 0.944 0.054 0.945 0.054 0.945 0.054 0.945 0.054 0.945 0.054 0.945 0.054 0.945 0.054 0.945 0.054 0.945 0.054 0.945 0.054 0.945 0.054 0.945 0.054 0.945 0.054 0.945 0.054 0.945 0.054 0.945 0.054 0.945 0.054 0.945 0.054 0.945 0.054 0.944 0.054 0.944 0.053 0.945 0.054 0.944 0.053 0.945 0.053 0.945 0.054 0.945 0.054 0.945 0.054 0.945 0.054 0.945 0.054 0.945 0.054 0.945 0.054 0.944 0.054 0.945 0.054 0.944 0.054 0.945 0.054 0.945 0.054 0.944 0.054 0.945 0.054 0.945 0.054 0.945 0.054 0.945 0.054 0.945 0.054 0.945 0.054 0.958 0.065 0.954 0.065 0.957 0.065 0.954 0.065 0.954 0.065 0.956 0.065 0.954 0.065 0.956 0.065 0.957 0.065 0.954 0.065 0.958 0.065 0.958 0.065 0.908 0.469 0.908 0.38 0.923 0.469 0.908 0.38 0.923 0.38 0.923 0.469 0.894 0.469 0.894 0.38 0.908 0.469 0.894 0.38 0.908 0.38 0.908 0.469 0.879 0.469 0.879 0.38 0.894 0.469 0.879 0.38 0.894 0.38 0.894 0.469 0.865 0.38 0.879 0.38 0.865 0.469 0.879 0.38 0.879 0.469 0.865 0.469 0.75 0.906 0.75 0.732 0.771 0.906 0.75 0.732 0.771 0.732 0.771 0.906 0.75 0.732 0.75 0.568 0.771 0.732 0.75 0.568 0.771 0.568 0.771 0.732 0.709 0.568 0.499 0.568 0.709 0.537 0.499 0.568 0.499 0.537 0.709 0.537 0.679 0.732 0.701 0.732 0.649 0.905 0.701 0.732 0.67 0.905 0.649 0.905 0.964 0.044 0.964 0.044 0.966 0.044 0.964 0.044 0.966 0.044 0.966 0.044 0.964 0.044 0.964 0.045 0.966 0.044 0.964 0.045 0.965 0.045 0.966 0.044 0.964 0.046 0.965 0.046 0.964 0.045 0.965 0.046 0.965 0.045 0.964 0.045 0.963 0.047 0.965 0.048 0.964 0.046 0.965 0.048 0.965 0.046 0.964 0.046 0.963 0.049 0.965 0.049 0.963 0.047 0.965 0.049 0.965 0.048 0.963 0.047 0.963 0.049 0.963 0.05 0.965 0.049 0.963 0.05 0.965 0.05 0.965 0.049 0.963 0.05 0.964 0.051 0.963 0.05 0.964 0.051 0.965 0.05 0.963 0.05 0.963 0.051 0.964 0.051 0.963 0.05 0.964 0.051 0.964 0.051 0.963 0.05 0.968 0.032 0.965 0.032 0.968 0.032 0.965 0.032 0.965 0.032 0.968 0.032 0.966 0.043 0.966 0.044 0.966 0.043 0.966 0.044 0.966 0.043 0.966 0.043 0.967 0.032 0.966 0.032 0.967 0.032 0.966 0.032 0.965 0.032 0.967 0.032 0.771 0.732 0.771 0.568 0.865 0.732 0.771 0.568 0.865 0.568 0.865 0.732 0.709 0.568 0.709 0.537 0.731 0.568 0.709 0.537 0.731 0.537 0.731 0.568 0.966 0.044 0.966 0.044 0.966 0.043 0.966 0.044 0.966 0.044 0.966 0.043 0.679 0.732 0.709 0.568 0.701 0.732 0.709 0.568 0.731 0.568 0.701 0.732 0.965 0.046 0.966 0.046 0.966 0.044 0.966 0.046 0.966 0.044 0.966 0.044 0.962 0.054 0.962 0.054 0.963 0.054 0.962 0.054 0.963 0.054 0.963 0.054 0.965 0.048 0.965 0.048 0.965 0.046 0.965 0.048 0.966 0.046 0.965 0.046 0.965 0.049 0.965 0.049 0.965 0.048 0.965 0.049 0.965 0.048 0.965 0.048 0.964 0.051 0.965 0.051 0.965 0.049 0.965 0.051 0.965 0.049 0.965 0.049 0.964 0.052 0.964 0.052 0.964 0.051 0.964 0.052 0.965 0.051 0.964 0.051 0.771 0.568 0.771 0.537 0.865 0.568 0.771 0.537 0.865 0.537 0.865 0.568 0.963 0.051 0.963 0.052 0.963 0.052 0.964 0.052 0.964 0.052 0.964 0.052 0.964 0.052 0.964 0.052 0.964 0.052 0.964 0.044 0.965 0.036 0.964 0.044 0.965 0.036 0.965 0.032 0.954 0.036 0.965 0.032 0.954 0.032 0.954 0.036 0.964 0.045 0.964 0.044 0.965 0.036 0.964 0.046 0.964 0.045 0.965 0.036 0.954 0.052 0.963 0.052 0.954 0.052 0.963 0.052 0.963 0.052 0.954 0.052 0.964 0.046 0.965 0.036 0.963 0.047 0.965 0.032 0.965 0.036 0.965 0.032 0.965 0.036 0.965 0.036 0.965 0.032 0.963 0.052 0.963 0.05 0.963 0.05 0.963 0.052 0.963 0.05 0.963 0.049 0.963 0.052 0.963 0.051 0.963 0.05 0.963 0.052 0.963 0.049 0.963 0.047 0.965 0.036 0.954 0.036 0.963 0.052 0.954 0.036 0.954 0.052 0.963 0.052 0.963 0.047 0.965 0.036 0.963 0.052 0.964 0.051 0.964 0.052 0.964 0.051 0.964 0.052 0.964 0.052 0.964 0.051 0.964 0.051 0.964 0.052 0.965 0.05 0.964 0.052 0.964 0.051 0.965 0.05 0.965 0.05 0.964 0.051 0.965 0.049 0.964 0.051 0.965 0.049 0.965 0.049 0.965 0.049 0.965 0.049 0.965 0.048 0.965 0.049 0.965 0.048 0.965 0.048 0.965 0.048 0.965 0.048 0.965 0.046 0.965 0.048 0.965 0.046 0.965 0.046 0.965 0.046 0.965 0.046 0.965 0.045 0.965 0.046 0.966 0.044 0.965 0.045 0.965 0.045 0.966 0.044 0.966 0.044 0.966 0.044 0.966 0.043 0.966 0.044 0.966 0.044 0.966 0.043 0.966 0.044 0.966 0.043 0.966 0.043 0.966 0.044 0.865 0.732 0.835 0.748 0.771 0.732 0.835 0.748 0.81 0.764 0.771 0.732 0.81 0.764 0.793 0.789 0.771 0.732 0.793 0.789 0.787 0.819 0.771 0.732 0.787 0.819 0.771 0.906 0.771 0.732 0.865 0.742 0.835 0.748 0.865 0.732 0.793 0.849 0.771 0.906 0.787 0.819 0.81 0.874 0.771 0.906 0.793 0.849 0.835 0.891 0.771 0.906 0.81 0.874 0.771 0.906 0.835 0.891 0.865 0.906 0.865 0.906 0.835 0.891 0.865 0.896 0.954 0.032 0.954 0.032 0.966 0.032 0.954 0.032 0.965 0.032 0.966 0.032 0.964 0.044 0.965 0.036 0.965 0.036 0.771 0.537 0.771 0.568 0.75 0.537 0.771 0.568 0.75 0.568 0.75 0.537 0.962 0.054 0.962 0.054 0.954 0.054 0.962 0.054 0.954 0.054 0.954 0.054 0.499 0.732 0.679 0.732 0.499 0.905 0.679 0.732 0.649 0.905 0.499 0.905 0.709 0.568 0.679 0.732 0.499 0.568 0.679 0.732 0.499 0.732 0.499 0.568 0.967 0.032 0.965 0.032 0.968 0.032 0.965 0.032 0.968 0.032 0.968 0.032 0.771 0.929 0.771 0.906 0.865 0.929 0.771 0.906 0.865 0.906 0.865 0.929 0.958 0.054 0.962 0.054 0.958 0.054 0.958 0.054 0.962 0.054 0.962 0.054 0.957 0.054 0.962 0.054 0.958 0.054 0.956 0.054 0.962 0.054 0.957 0.054 0.962 0.054 0.956 0.054 0.954 0.054 0.954 0.054 0.956 0.054 0.954 0.054 0.967 0.032 0.967 0.032 0.967 0.032 0.967 0.032 0.967 0.032 0.968 0.032 0.968 0.032 0.967 0.032 0.968 0.032 0.968 0.032 0.967 0.032 0.968 0.032 0.662 0.92 0.649 0.905 0.668 0.912 0.75 0.906 0.771 0.906 0.752 0.913 0.771 0.906 0.763 0.926 0.757 0.921 0.662 0.92 0.654 0.925 0.649 0.905 0.962 0.054 0.963 0.054 0.963 0.054 0.962 0.054 0.963 0.054 0.962 0.054 0.649 0.905 0.654 0.925 0.644 0.928 0.967 0.032 0.967 0.032 0.967 0.033 0.967 0.032 0.967 0.033 0.967 0.033 0.967 0.032 0.968 0.032 0.967 0.033 0.968 0.032 0.968 0.033 0.967 0.033 0.968 0.032 0.968 0.032 0.968 0.033 0.968 0.032 0.968 0.033 0.968 0.033 0.968 0.032 0.968 0.032 0.968 0.033 0.968 0.032 0.968 0.033 0.968 0.033 0.771 0.929 0.763 0.926 0.771 0.906 0.967 0.033 0.967 0.033 0.966 0.043 0.967 0.033 0.966 0.043 0.966 0.043 0.967 0.033 0.968 0.033 0.966 0.043 0.968 0.033 0.966 0.043 0.966 0.043 0.968 0.033 0.968 0.033 0.966 0.043 0.968 0.033 0.966 0.043 0.966 0.043 0.968 0.033 0.968 0.033 0.966 0.043 0.968 0.033 0.966 0.043 0.966 0.043 0.964 0.053 0.964 0.053 0.966 0.043 0.964 0.053 0.966 0.043 0.966 0.043 0.964 0.053 0.964 0.053 0.966 0.043 0.964 0.053 0.966 0.043 0.966 0.043 0.964 0.053 0.964 0.053 0.966 0.043 0.964 0.053 0.966 0.043 0.966 0.043 0.964 0.053 0.964 0.053 0.966 0.043 0.964 0.053 0.966 0.043 0.966 0.043 0.963 0.054 0.962 0.054 0.963 0.054 0.771 0.906 0.757 0.921 0.752 0.913 0.963 0.054 0.964 0.054 0.963 0.054 0.964 0.054 0.964 0.054 0.963 0.054 0.964 0.054 0.964 0.054 0.964 0.054 0.964 0.054 0.964 0.054 0.964 0.054 0.964 0.054 0.964 0.054 0.964 0.054 0.964 0.054 0.964 0.054 0.964 0.054 0.964 0.054 0.964 0.054 0.964 0.054 0.964 0.054 0.964 0.054 0.964 0.054 0.962 0.054 0.963 0.054 0.963 0.054 0.668 0.912 0.649 0.905 0.67 0.905 0.962 0.054 0.962 0.054 0.954 0.054 0.962 0.054 0.954 0.054 0.954 0.054 0.962 0.054 0.962 0.054 0.954 0.054 0.962 0.054 0.954 0.054 0.954 0.054 0.962 0.054 0.962 0.054 0.954 0.054 0.962 0.054 0.954 0.054 0.954 0.054 0.962 0.054 0.962 0.054 0.954 0.054 0.962 0.054 0.954 0.054 0.954 0.054 0.499 0.905 0.649 0.905 0.499 0.928 0.649 0.905 0.644 0.928 0.499 0.928 0.962 0.032 0.96 0.032 0.962 0.032 0.96 0.032 0.96 0.032 0.962 0.032 0.962 0.032 0.96 0.032 0.962 0.052 0.96 0.032 0.96 0.052 0.962 0.052 0.96 0.032 0.96 0.032 0.96 0.052 0.96 0.032 0.96 0.052 0.96 0.052 0.962 0.032 0.962 0.032 0.962 0.052 0.962 0.032 0.962 0.052 0.962 0.052 0.959 0.032 0.959 0.032 0.958 0.032 0.959 0.032 0.958 0.032 0.958 0.032 0.959 0.032 0.959 0.032 0.957 0.032 0.959 0.032 0.958 0.032 0.957 0.032 0.958 0.032 0.959 0.032 0.957 0.032 0.959 0.032 0.957 0.032 0.957 0.032 0.956 0.032 0.957 0.032 0.957 0.032 0.957 0.032 0.958 0.032 0.957 0.032 0.957 0.032 0.956 0.032 0.956 0.032 0.956 0.032 0.957 0.032 0.956 0.032 0.957 0.032 0.957 0.032 0.956 0.032 0.956 0.032 0.957 0.032 0.956 0.032 0.957 0.032 0.957 0.032 0.956 0.032 0.957 0.032 0.957 0.032 0.956 0.032 0.957 0.032 0.956 0.032 0.956 0.032 0.956 0.033 0.957 0.033 0.956 0.032 0.957 0.033 0.957 0.032 0.956 0.032 0.956 0.032 0.957 0.032 0.956 0.032 0.957 0.032 0.957 0.032 0.956 0.032 0.957 0.032 0.957 0.052 0.957 0.032 0.957 0.052 0.957 0.052 0.957 0.032 0.957 0.032 0.957 0.052 0.957 0.032 0.957 0.052 0.957 0.052 0.957 0.032 0.958 0.032 0.958 0.052 0.958 0.032 0.958 0.052 0.958 0.052 0.958 0.032 0.956 0.032 0.956 0.052 0.956 0.032 0.956 0.052 0.956 0.052 0.956 0.032 0.956 0.034 0.957 0.034 0.956 0.033 0.957 0.034 0.957 0.033 0.956 0.033 0.958 0.032 0.958 0.052 0.959 0.032 0.958 0.052 0.959 0.052 0.959 0.032 0.956 0.032 0.956 0.052 0.956 0.032 0.956 0.052 0.956 0.052 0.956 0.032 0.959 0.032 0.959 0.052 0.959 0.032 0.959 0.052 0.959 0.052 0.959 0.032 0.957 0.032 0.957 0.052 0.957 0.032 0.957 0.052 0.957 0.052 0.957 0.032 0.956 0.032 0.956 0.052 0.956 0.034 0.956 0.052 0.956 0.04 0.956 0.034 0.957 0.032 0.957 0.052 0.958 0.032 0.957 0.052 0.958 0.052 0.958 0.032 0.957 0.032 0.957 0.052 0.956 0.032 0.957 0.052 0.956 0.052 0.956 0.032 0.958 0.032 0.958 0.052 0.957 0.032 0.958 0.052 0.957 0.052 0.957 0.032 0.956 0.032 0.956 0.052 0.956 0.032 0.956 0.052 0.956 0.052 0.956 0.032 0.956 0.032 0.956 0.052 0.956 0.032 0.956 0.052 0.956 0.052 0.956 0.032 0.957 0.032 0.957 0.052 0.957 0.032 0.957 0.052 0.957 0.052 0.957 0.032 0.959 0.032 0.959 0.052 0.959 0.032 0.959 0.052 0.959 0.052 0.959 0.032 0.956 0.04 0.956 0.041 0.957 0.04 0.956 0.041 0.957 0.041 0.957 0.04 0.956 0.041 0.956 0.041 0.957 0.041 0.956 0.041 0.957 0.041 0.957 0.041 0.956 0.041 0.956 0.041 0.957 0.041 0.956 0.041 0.957 0.041 0.957 0.041 0.956 0.041 0.956 0.041 0.957 0.041 0.956 0.041 0.957 0.041 0.957 0.041 0.957 0.052 0.957 0.041 0.957 0.041 0.957 0.052 0.957 0.041 0.957 0.041 0.957 0.052 0.957 0.041 0.957 0.041 0.957 0.052 0.957 0.04 0.957 0.041 0.956 0.052 0.956 0.041 0.956 0.04 0.956 0.052 0.956 0.041 0.956 0.041 0.956 0.052 0.956 0.041 0.956 0.041 0.956 0.052 0.956 0.041 0.956 0.041 0.956 0.041 0.956 0.052 0.956 0.052 0.957 0.052 0.957 0.041 0.957 0.052 0.957 0.032 0.956 0.032 0.957 0.032 0.956 0.032 0.956 0.032 0.957 0.032 0.956 0.032 0.956 0.032 0.956 0.033 0.956 0.034 0.956 0.033 0.956 0.032 0.956 0.033 0.956 0.032 0.956 0.032 0.956 0.04 0.957 0.04 0.956 0.034 0.957 0.04 0.957 0.034 0.956 0.034 0.957 0.04 0.957 0.052 0.957 0.034 0.957 0.052 0.957 0.032 0.957 0.034 0.957 0.033 0.957 0.034 0.957 0.032 0.957 0.034 0.957 0.032 0.957 0.032 0.957 0.032 0.957 0.033 0.957 0.032 0.964 0.053 0.964 0.053 0.964 0.053 0.964 0.053 0.964 0.053 0.964 0.053 0.964 0.053 0.964 0.053 0.964 0.053 0.964 0.053 0.964 0.053 0.964 0.053 0.964 0.053 0.964 0.053 0.964 0.053 0.964 0.053 0.964 0.053 0.964 0.053 0.964 0.053 0.964 0.053 0.964 0.053 0.964 0.053 0.964 0.053 0.964 0.053 0.963 0.053 0.964 0.053 0.964 0.053 0.964 0.053 0.964 0.053 0.964 0.053 0.964 0.053 0.964 0.053 0.964 0.053 0.964 0.053 0.964 0.053 0.964 0.053 0.964 0.053 0.964 0.053 0.964 0.053 0.964 0.053 0.964 0.053 0.964 0.053 0.964 0.053 0.964 0.053 0.964 0.053 0.964 0.053 0.964 0.053 0.964 0.053 0.963 0.054 0.963 0.053 0.963 0.054 0.964 0.054 0.964 0.053 0.964 0.054 0.964 0.053 0.964 0.053 0.964 0.054 0.964 0.054 0.964 0.053 0.964 0.054 0.964 0.053 0.964 0.053 0.964 0.054 0.964 0.054 0.964 0.054 0.964 0.054 0.964 0.054 0.964 0.054 0.964 0.054 0.964 0.054 0.964 0.054 0.964 0.054 0.964 0.054 0.964 0.054 0.964 0.054 0.964 0.054 0.964 0.054 0.964 0.054 0.964 0.054 0.964 0.054 0.964 0.054 0.963 0.054 0.964 0.054 0.964 0.054 0.964 0.054 0.964 0.054 0.964 0.054 0.963 0.054 0.963 0.054 0.963 0.054 0.963 0.054 0.964 0.054 0.963 0.054 0.964 0.054 0.964 0.054 0.964 0.054 0.964 0.054 0.964 0.054 0.964 0.054 0.964 0.054 0.964 0.054 0.964 0.054 0.964 0.054 0.964 0.054 0.964 0.054 0.964 0.054 0.963 0.054 0.964 0.054 0.963 0.054 0.964 0.054 0.964 0.054 0.963 0.054 0.963 0.054 0.964 0.054 0.963 0.054 0.963 0.054 0.964 0.054 0.964 0.054 0.964 0.054 0.964 0.054 0.964 0.054 0.964 0.054 0.964 0.054 0.963 0.054 0.963 0.054 0.963 0.054 0.963 0.054 0.963 0.054 0.963 0.054 0.964 0.054 0.964 0.054 0.964 0.054 0.964 0.054 0.964 0.054 0.964 0.054 0.964 0.054 0.964 0.054 0.964 0.054 0.964 0.054 0.964 0.054 0.964 0.054 0.964 0.054 0.964 0.054 0.964 0.054 0.964 0.054 0.963 0.054 0.964 0.054 0.963 0.054 0.963 0.054 0.964 0.054 0.963 0.054 0.964 0.054 0.964 0.054 0.964 0.054 0.964 0.054 0.964 0.054 0.964 0.054 0.964 0.054 0.964 0.054 0.964 0.054 0.964 0.054 0.964 0.054 0.964 0.054 0.964 0.054 0.964 0.054 0.964 0.054 0.964 0.054 0.964 0.054 0.964 0.054 0.964 0.054 0.964 0.054 0.964 0.054 0.964 0.054 0.964 0.054 0.964 0.054 0.964 0.054 0.964 0.054 0.964 0.054 0.964 0.054 0.964 0.054 0.964 0.054 0.964 0.054 0.964 0.054 0.964 0.054 0.964 0.054 0.964 0.054 0.964 0.054 0.964 0.054 0.964 0.054 0.964 0.054 0.964 0.054 0.964 0.054 0.964 0.054 0.964 0.054 0.964 0.054 0.964 0.054 0.964 0.054 0.964 0.054 0.964 0.054 0.964 0.054 0.964 0.054 0.964 0.054 0.964 0.053 0.964 0.054 0.964 0.053 0.964 0.053 0.964 0.054 0.964 0.053 0.964 0.054 0.964 0.054 0.963 0.054 0.964 0.054 0.963 0.054 0.964 0.054 0.964 0.054 0.963 0.054 0.963 0.054 0.964 0.054 0.963 0.054 0.964 0.054 0.963 0.054 0.963 0.054 0.963 0.054 0.963 0.054 0.963 0.054 0.963 0.054 0.963 0.054 0.963 0.054 0.962 0.054 0.963 0.054 0.962 0.054 0.963 0.054 0.963 0.054 0.962 0.054 0.962 0.054 0.963 0.054 0.962 0.054 0.963 0.054 0.963 0.054 0.962 0.054 0.962 0.054 0.963 0.054 0.962 0.054 0.963 0.054 0.963 0.054 0.962 0.054 0.962 0.054 0.963 0.054 0.962 0.054 0.963 0.054 0.963 0.054 0.962 0.054 0.963 0.054 0.963 0.054 0.962 0.054 0.964 0.054 0.964 0.054 0.963 0.054 0.963 0.054 0.963 0.054 0.963 0.054 0.963 0.054 0.963 0.054 0.963 0.054 0.963 0.054 0.963 0.054 0.963 0.054 0.963 0.054 0.963 0.054 0.963 0.054 0.963 0.054 0.963 0.054 0.963 0.054 0.963 0.054 0.963 0.054 0.963 0.054 0.964 0.054 0.963 0.054 0.964 0.053 0.963 0.054 0.963 0.053 0.964 0.053 0.963 0.054 0.963 0.054 0.963 0.054 0.963 0.054 0.963 0.054 0.963 0.054 0.964 0.054 0.964 0.054 0.963 0.054 0.964 0.054 0.963 0.054 0.963 0.054 0.963 0.054 0.963 0.054 0.963 0.054 0.963 0.054 0.963 0.054 0.963 0.054 0.95 0.065 0.954 0.065 0.951 0.065 0.954 0.065 0.954 0.065 0.952 0.065 0.954 0.065 0.952 0.065 0.951 0.065 0.954 0.065 0.95 0.065 0.95 0.065 0.793 0.469 0.793 0.38 0.807 0.469 0.793 0.38 0.807 0.38 0.807 0.469 0.779 0.469 0.779 0.38 0.793 0.469 0.779 0.38 0.793 0.38 0.793 0.469 0.764 0.469 0.764 0.38 0.779 0.469 0.764 0.38 0.779 0.38 0.779 0.469 0.75 0.38 0.764 0.38 0.75 0.469 0.764 0.38 0.764 0.469 0.75 0.469 0.018 0.906 0.018 0.732 0.039 0.906 0.018 0.732 0.039 0.732 0.039 0.906 0.018 0.732 0.018 0.568 0.039 0.732 0.018 0.568 0.039 0.568 0.039 0.732 0.709 0.104 0.499 0.104 0.709 0.073 0.499 0.104 0.499 0.073 0.709 0.073 0.679 0.268 0.701 0.268 0.649 0.441 0.701 0.268 0.67 0.441 0.649 0.441 0.944 0.044 0.944 0.044 0.942 0.044 0.944 0.044 0.942 0.044 0.942 0.044 0.944 0.044 0.944 0.045 0.942 0.044 0.944 0.045 0.943 0.045 0.942 0.044 0.944 0.046 0.943 0.046 0.944 0.045 0.943 0.046 0.943 0.045 0.944 0.045 0.945 0.047 0.943 0.048 0.944 0.046 0.943 0.048 0.943 0.046 0.944 0.046 0.945 0.049 0.943 0.049 0.945 0.047 0.943 0.049 0.943 0.048 0.945 0.047 0.945 0.049 0.945 0.05 0.943 0.049 0.945 0.05 0.943 0.05 0.943 0.049 0.945 0.05 0.944 0.051 0.945 0.05 0.944 0.051 0.943 0.05 0.945 0.05 0.945 0.051 0.944 0.051 0.945 0.05 0.944 0.051 0.944 0.051 0.945 0.05 0.94 0.032 0.943 0.032 0.94 0.032 0.943 0.032 0.943 0.032 0.94 0.032 0.942 0.043 0.942 0.044 0.942 0.043 0.942 0.044 0.942 0.043 0.942 0.043 0.941 0.032 0.942 0.032 0.941 0.032 0.942 0.032 0.943 0.032 0.941 0.032 0.039 0.732 0.039 0.568 0.133 0.732 0.039 0.568 0.133 0.568 0.133 0.732 0.709 0.104 0.709 0.073 0.731 0.104 0.709 0.073 0.731 0.073 0.731 0.104 0.942 0.044 0.942 0.044 0.942 0.043 0.942 0.044 0.942 0.044 0.942 0.043 0.679 0.268 0.709 0.104 0.701 0.268 0.709 0.104 0.731 0.104 0.701 0.268 0.943 0.046 0.943 0.046 0.942 0.044 0.943 0.046 0.942 0.044 0.942 0.044 0.946 0.054 0.946 0.054 0.945 0.054 0.946 0.054 0.945 0.054 0.945 0.054 0.943 0.048 0.943 0.048 0.943 0.046 0.943 0.048 0.943 0.046 0.943 0.046 0.943 0.049 0.943 0.049 0.943 0.048 0.943 0.049 0.943 0.048 0.943 0.048 0.944 0.051 0.943 0.051 0.943 0.049 0.943 0.051 0.943 0.049 0.943 0.049 0.944 0.052 0.944 0.052 0.944 0.051 0.944 0.052 0.943 0.051 0.944 0.051 0.039 0.568 0.039 0.537 0.133 0.568 0.039 0.537 0.133 0.537 0.133 0.568 0.945 0.051 0.945 0.052 0.945 0.052 0.944 0.052 0.944 0.052 0.944 0.052 0.944 0.052 0.944 0.052 0.944 0.052 0.944 0.044 0.943 0.036 0.944 0.044 0.943 0.036 0.943 0.032 0.954 0.036 0.943 0.032 0.954 0.032 0.954 0.036 0.944 0.045 0.944 0.044 0.943 0.036 0.944 0.046 0.944 0.045 0.943 0.036 0.954 0.052 0.945 0.052 0.954 0.052 0.945 0.052 0.945 0.052 0.954 0.052 0.944 0.046 0.943 0.036 0.945 0.047 0.943 0.032 0.943 0.036 0.943 0.032 0.943 0.036 0.943 0.036 0.943 0.032 0.945 0.052 0.945 0.05 0.945 0.05 0.945 0.052 0.945 0.05 0.945 0.049 0.945 0.052 0.945 0.051 0.945 0.05 0.945 0.052 0.945 0.049 0.945 0.047 0.943 0.036 0.954 0.036 0.945 0.052 0.954 0.036 0.954 0.052 0.945 0.052 0.945 0.047 0.943 0.036 0.945 0.052 0.944 0.051 0.944 0.052 0.944 0.051 0.944 0.052 0.944 0.052 0.944 0.051 0.944 0.051 0.944 0.052 0.943 0.05 0.944 0.052 0.944 0.051 0.943 0.05 0.943 0.05 0.944 0.051 0.943 0.049 0.944 0.051 0.943 0.049 0.943 0.049 0.943 0.049 0.943 0.049 0.943 0.048 0.943 0.049 0.943 0.048 0.943 0.048 0.943 0.048 0.943 0.048 0.943 0.046 0.943 0.048 0.943 0.046 0.943 0.046 0.943 0.046 0.943 0.046 0.943 0.045 0.943 0.046 0.942 0.044 0.943 0.045 0.943 0.045 0.942 0.044 0.942 0.044 0.942 0.044 0.942 0.043 0.942 0.044 0.942 0.044 0.942 0.043 0.942 0.044 0.942 0.043 0.942 0.043 0.942 0.044 0.133 0.732 0.103 0.748 0.039 0.732 0.103 0.748 0.078 0.764 0.039 0.732 0.078 0.764 0.061 0.789 0.039 0.732 0.061 0.789 0.055 0.819 0.039 0.732 0.055 0.819 0.039 0.906 0.039 0.732 0.133 0.742 0.103 0.748 0.133 0.732 0.061 0.849 0.039 0.906 0.055 0.819 0.078 0.874 0.039 0.906 0.061 0.849 0.103 0.891 0.039 0.906 0.078 0.874 0.039 0.906 0.103 0.891 0.133 0.906 0.133 0.906 0.103 0.891 0.133 0.896 0.954 0.032 0.954 0.032 0.942 0.032 0.954 0.032 0.943 0.032 0.942 0.032 0.944 0.044 0.943 0.036 0.943 0.036 0.039 0.537 0.039 0.568 0.018 0.537 0.039 0.568 0.018 0.568 0.018 0.537 0.946 0.054 0.946 0.054 0.954 0.054 0.946 0.054 0.954 0.054 0.954 0.054 0.499 0.268 0.679 0.268 0.499 0.441 0.679 0.268 0.649 0.441 0.499 0.441 0.709 0.104 0.679 0.268 0.499 0.104 0.679 0.268 0.499 0.268 0.499 0.104 0.941 0.032 0.943 0.032 0.94 0.032 0.943 0.032 0.94 0.032 0.94 0.032 0.039 0.929 0.039 0.906 0.133 0.929 0.039 0.906 0.133 0.906 0.133 0.929 0.95 0.054 0.946 0.054 0.95 0.054 0.95 0.054 0.946 0.054 0.946 0.054 0.951 0.054 0.946 0.054 0.95 0.054 0.952 0.054 0.946 0.054 0.951 0.054 0.946 0.054 0.952 0.054 0.954 0.054 0.954 0.054 0.952 0.054 0.954 0.054 0.941 0.032 0.941 0.032 0.941 0.032 0.941 0.032 0.941 0.032 0.94 0.032 0.94 0.032 0.941 0.032 0.94 0.032 0.94 0.032 0.941 0.032 0.94 0.032 0.662 0.456 0.649 0.441 0.668 0.448 0.018 0.906 0.039 0.906 0.02 0.913 0.039 0.906 0.031 0.926 0.025 0.921 0.662 0.456 0.654 0.461 0.649 0.441 0.946 0.054 0.945 0.054 0.945 0.054 0.946 0.054 0.945 0.054 0.946 0.054 0.649 0.441 0.654 0.461 0.644 0.464 0.941 0.032 0.941 0.032 0.941 0.033 0.941 0.032 0.941 0.033 0.941 0.033 0.941 0.032 0.94 0.032 0.941 0.033 0.94 0.032 0.94 0.033 0.941 0.033 0.94 0.032 0.94 0.032 0.94 0.033 0.94 0.032 0.94 0.033 0.94 0.033 0.94 0.032 0.94 0.032 0.94 0.033 0.94 0.032 0.94 0.033 0.94 0.033 0.039 0.929 0.031 0.926 0.039 0.906 0.941 0.033 0.941 0.033 0.942 0.043 0.941 0.033 0.942 0.043 0.942 0.043 0.941 0.033 0.94 0.033 0.942 0.043 0.94 0.033 0.942 0.043 0.942 0.043 0.94 0.033 0.94 0.033 0.942 0.043 0.94 0.033 0.942 0.043 0.942 0.043 0.94 0.033 0.94 0.033 0.942 0.043 0.94 0.033 0.942 0.043 0.942 0.043 0.944 0.053 0.944 0.053 0.942 0.043 0.944 0.053 0.942 0.043 0.942 0.043 0.944 0.053 0.944 0.053 0.942 0.043 0.944 0.053 0.942 0.043 0.942 0.043 0.944 0.053 0.944 0.053 0.942 0.043 0.944 0.053 0.942 0.043 0.942 0.043 0.944 0.053 0.944 0.053 0.942 0.043 0.944 0.053 0.942 0.043 0.942 0.043 0.945 0.054 0.946 0.054 0.945 0.054 0.039 0.906 0.025 0.921 0.02 0.913 0.945 0.054 0.944 0.054 0.945 0.054 0.944 0.054 0.944 0.054 0.945 0.054 0.944 0.054 0.944 0.054 0.944 0.054 0.944 0.054 0.944 0.054 0.944 0.054 0.944 0.054 0.944 0.054 0.944 0.054 0.944 0.054 0.944 0.054 0.944 0.054 0.944 0.054 0.944 0.054 0.944 0.054 0.944 0.054 0.944 0.054 0.944 0.054 0.946 0.054 0.945 0.054 0.945 0.054 0.668 0.448 0.649 0.441 0.67 0.441 0.946 0.054 0.946 0.054 0.954 0.054 0.946 0.054 0.954 0.054 0.954 0.054 0.946 0.054 0.946 0.054 0.954 0.054 0.946 0.054 0.954 0.054 0.954 0.054 0.946 0.054 0.946 0.054 0.954 0.054 0.946 0.054 0.954 0.054 0.954 0.054 0.946 0.054 0.946 0.054 0.954 0.054 0.946 0.054 0.954 0.054 0.954 0.054 0.499 0.441 0.649 0.441 0.499 0.464 0.649 0.441 0.644 0.464 0.499 0.464 0.946 0.032 0.948 0.032 0.946 0.032 0.948 0.032 0.948 0.032 0.946 0.032 0.946 0.032 0.948 0.032 0.946 0.052 0.948 0.032 0.948 0.052 0.946 0.052 0.948 0.032 0.948 0.032 0.948 0.052 0.948 0.032 0.948 0.052 0.948 0.052 0.946 0.032 0.946 0.032 0.946 0.052 0.946 0.032 0.946 0.052 0.946 0.052 0.949 0.032 0.949 0.032 0.95 0.032 0.949 0.032 0.95 0.032 0.95 0.032 0.949 0.032 0.949 0.032 0.951 0.032 0.949 0.032 0.95 0.032 0.951 0.032 0.95 0.032 0.949 0.032 0.951 0.032 0.949 0.032 0.951 0.032 0.951 0.032 0.952 0.032 0.951 0.032 0.951 0.032 0.951 0.032 0.95 0.032 0.951 0.032 0.951 0.032 0.952 0.032 0.952 0.032 0.952 0.032 0.951 0.032 0.952 0.032 0.951 0.032 0.951 0.032 0.952 0.032 0.952 0.032 0.951 0.032 0.952 0.032 0.951 0.032 0.951 0.032 0.952 0.032 0.951 0.032 0.951 0.032 0.952 0.032 0.951 0.032 0.952 0.032 0.952 0.032 0.952 0.033 0.951 0.033 0.952 0.032 0.951 0.033 0.951 0.032 0.952 0.032 0.952 0.032 0.951 0.032 0.952 0.032 0.951 0.032 0.951 0.032 0.952 0.032 0.951 0.032 0.951 0.052 0.951 0.032 0.951 0.052 0.951 0.052 0.951 0.032 0.951 0.032 0.951 0.052 0.951 0.032 0.951 0.052 0.951 0.052 0.951 0.032 0.95 0.032 0.95 0.052 0.95 0.032 0.95 0.052 0.95 0.052 0.95 0.032 0.952 0.032 0.952 0.052 0.952 0.032 0.952 0.052 0.952 0.052 0.952 0.032 0.952 0.034 0.951 0.034 0.952 0.033 0.951 0.034 0.951 0.033 0.952 0.033 0.95 0.032 0.95 0.052 0.949 0.032 0.95 0.052 0.949 0.052 0.949 0.032 0.952 0.032 0.952 0.052 0.952 0.032 0.952 0.052 0.952 0.052 0.952 0.032 0.949 0.032 0.949 0.052 0.949 0.032 0.949 0.052 0.949 0.052 0.949 0.032 0.951 0.032 0.951 0.052 0.951 0.032 0.951 0.052 0.951 0.052 0.951 0.032 0.952 0.032 0.952 0.052 0.952 0.034 0.952 0.052 0.952 0.04 0.952 0.034 0.951 0.032 0.951 0.052 0.95 0.032 0.951 0.052 0.95 0.052 0.95 0.032 0.951 0.032 0.951 0.052 0.952 0.032 0.951 0.052 0.952 0.052 0.952 0.032 0.95 0.032 0.95 0.052 0.951 0.032 0.95 0.052 0.951 0.052 0.951 0.032 0.952 0.032 0.952 0.052 0.952 0.032 0.952 0.052 0.952 0.052 0.952 0.032 0.952 0.032 0.952 0.052 0.952 0.032 0.952 0.052 0.952 0.052 0.952 0.032 0.951 0.032 0.951 0.052 0.951 0.032 0.951 0.052 0.951 0.052 0.951 0.032 0.949 0.032 0.949 0.052 0.949 0.032 0.949 0.052 0.949 0.052 0.949 0.032 0.952 0.04 0.952 0.041 0.951 0.04 0.952 0.041 0.951 0.041 0.951 0.04 0.952 0.041 0.952 0.041 0.951 0.041 0.952 0.041 0.951 0.041 0.951 0.041 0.952 0.041 0.952 0.041 0.951 0.041 0.952 0.041 0.951 0.041 0.951 0.041 0.952 0.041 0.952 0.041 0.951 0.041 0.952 0.041 0.951 0.041 0.951 0.041 0.951 0.052 0.951 0.041 0.951 0.041 0.951 0.052 0.951 0.041 0.951 0.041 0.951 0.052 0.951 0.041 0.951 0.041 0.951 0.052 0.951 0.04 0.951 0.041 0.952 0.052 0.952 0.041 0.952 0.04 0.952 0.052 0.952 0.041 0.952 0.041 0.952 0.052 0.952 0.041 0.952 0.041 0.952 0.052 0.952 0.041 0.952 0.041 0.952 0.041 0.952 0.052 0.952 0.052 0.951 0.052 0.951 0.041 0.951 0.052 0.951 0.032 0.952 0.032 0.951 0.032 0.952 0.032 0.952 0.032 0.951 0.032 0.952 0.032 0.952 0.032 0.952 0.033 0.952 0.034 0.952 0.033 0.952 0.032 0.952 0.033 0.952 0.032 0.952 0.032 0.952 0.04 0.951 0.04 0.952 0.034 0.951 0.04 0.951 0.034 0.952 0.034 0.951 0.04 0.951 0.052 0.951 0.034 0.951 0.052 0.951 0.032 0.951 0.034 0.951 0.033 0.951 0.034 0.951 0.032 0.951 0.034 0.951 0.032 0.951 0.032 0.951 0.032 0.951 0.033 0.951 0.032 0.944 0.053 0.944 0.053 0.944 0.053 0.944 0.053 0.944 0.053 0.944 0.053 0.944 0.053 0.944 0.053 0.944 0.053 0.944 0.053 0.944 0.053 0.944 0.053 0.944 0.053 0.944 0.053 0.944 0.053 0.944 0.053 0.944 0.053 0.944 0.053 0.944 0.053 0.944 0.053 0.944 0.053 0.944 0.053 0.944 0.053 0.944 0.053 0.945 0.053 0.944 0.053 0.944 0.053 0.944 0.053 0.944 0.053 0.944 0.053 0.944 0.053 0.944 0.053 0.944 0.053 0.944 0.053 0.944 0.053 0.944 0.053 0.944 0.053 0.944 0.053 0.944 0.053 0.944 0.053 0.944 0.053 0.944 0.053 0.944 0.053 0.944 0.053 0.944 0.053 0.944 0.053 0.944 0.053 0.944 0.053 0.945 0.054 0.945 0.053 0.945 0.054 0.944 0.054 0.944 0.053 0.944 0.054 0.944 0.053 0.944 0.053 0.944 0.054 0.944 0.054 0.944 0.053 0.944 0.054 0.944 0.053 0.944 0.053 0.944 0.054 0.944 0.054 0.944 0.054 0.944 0.054 0.944 0.054 0.944 0.054 0.944 0.054 0.944 0.054 0.944 0.054 0.944 0.054 0.944 0.054 0.944 0.054 0.944 0.054 0.945 0.054 0.944 0.054 0.944 0.054 0.944 0.054 0.944 0.054 0.944 0.054 0.945 0.054 0.945 0.054 0.945 0.054 0.945 0.054 0.944 0.054 0.945 0.054 0.945 0.054 0.945 0.054 0.945 0.054 0.945 0.054 0.945 0.054 0.945 0.054 0.944 0.054 0.944 0.054 0.944 0.054 0.944 0.054 0.944 0.054 0.944 0.054 0.944 0.054 0.945 0.054 0.944 0.054 0.945 0.054 0.944 0.054 0.944 0.054 0.945 0.054 0.945 0.054 0.944 0.054 0.945 0.054 0.945 0.054 0.944 0.054 0.945 0.054 0.945 0.054 0.945 0.054 0.945 0.054 0.945 0.054 0.945 0.054 0.944 0.054 0.944 0.054 0.944 0.054 0.944 0.054 0.944 0.054 0.944 0.054 0.945 0.054 0.945 0.054 0.945 0.054 0.945 0.054 0.945 0.054 0.945 0.054 0.944 0.054 0.944 0.054 0.944 0.054 0.944 0.054 0.944 0.054 0.944 0.054 0.944 0.054 0.944 0.054 0.944 0.054 0.944 0.054 0.944 0.054 0.944 0.054 0.944 0.054 0.944 0.054 0.944 0.054 0.944 0.054 0.945 0.054 0.944 0.054 0.945 0.054 0.945 0.054 0.944 0.054 0.945 0.054 0.944 0.054 0.944 0.054 0.944 0.054 0.944 0.054 0.944 0.054 0.944 0.054 0.944 0.054 0.944 0.054 0.944 0.054 0.944 0.054 0.944 0.054 0.944 0.054 0.944 0.054 0.944 0.054 0.944 0.054 0.944 0.054 0.944 0.054 0.944 0.054 0.944 0.054 0.944 0.054 0.944 0.054 0.944 0.054 0.944 0.054 0.944 0.054 0.944 0.054 0.944 0.054 0.944 0.054 0.944 0.054 0.944 0.054 0.944 0.054 0.944 0.054 0.944 0.054 0.944 0.054 0.944 0.054 0.944 0.054 0.944 0.054 0.944 0.054 0.944 0.054 0.944 0.054 0.944 0.054 0.944 0.054 0.944 0.054 0.944 0.054 0.944 0.054 0.944 0.054 0.944 0.054 0.945 0.054 0.944 0.054 0.944 0.054 0.945 0.054 0.944 0.054 0.944 0.053 0.944 0.054 0.944 0.053 0.944 0.053 0.944 0.054 0.944 0.053 0.944 0.054 0.944 0.054 0.945 0.054 0.944 0.054 0.945 0.054 0.944 0.054 0.945 0.054 0.945 0.054 0.945 0.054 0.945 0.054 0.945 0.054 0.945 0.054 0.945 0.054 0.945 0.054 0.945 0.054 0.945 0.054 0.945 0.054 0.945 0.054 0.945 0.054 0.945 0.054 0.946 0.054 0.945 0.054 0.946 0.054 0.945 0.054 0.945 0.054 0.946 0.054 0.946 0.054 0.945 0.054 0.946 0.054 0.945 0.054 0.945 0.054 0.946 0.054 0.946 0.054 0.945 0.054 0.946 0.054 0.945 0.054 0.945 0.054 0.946 0.054 0.946 0.054 0.945 0.054 0.946 0.054 0.945 0.054 0.945 0.054 0.946 0.054 0.945 0.054 0.945 0.054 0.946 0.054 0.945 0.054 0.944 0.054 0.945 0.054 0.945 0.054 0.945 0.054 0.945 0.054 0.945 0.054 0.945 0.054 0.945 0.054 0.945 0.054 0.945 0.054 0.945 0.054 0.945 0.054 0.945 0.054 0.945 0.054 0.945 0.054 0.945 0.054 0.945 0.054 0.945 0.054 0.945 0.054 0.945 0.054 0.944 0.054 0.945 0.054 0.944 0.053 0.945 0.054 0.945 0.053 0.944 0.053 0.945 0.054 0.945 0.054 0.945 0.054 0.945 0.054 0.945 0.054 0.945 0.054 0.944 0.054 0.944 0.054 0.945 0.054 0.944 0.054 0.945 0.054 0.945 0.054 0.945 0.054 0.945 0.054 0.945 0.054 0.945 0.054 0.945 0.054 0.945 0.054 0.958 0.065 0.957 0.065 0.954 0.065 0.954 0.065 0.956 0.065 0.954 0.065 0.954 0.065 0.957 0.065 0.956 0.065 0.954 0.065 0.958 0.065 0.958 0.065 0.937 0.469 0.923 0.469 0.937 0.38 0.923 0.469 0.923 0.38 0.937 0.38 0.951 0.469 0.937 0.469 0.951 0.38 0.937 0.469 0.937 0.38 0.951 0.38 0.966 0.469 0.951 0.469 0.966 0.38 0.951 0.469 0.951 0.38 0.966 0.38 0.98 0.38 0.98 0.469 0.966 0.38 0.98 0.469 0.966 0.469 0.966 0.38 0.981 0.906 0.96 0.906 0.981 0.732 0.96 0.906 0.96 0.732 0.981 0.732 0.981 0.732 0.96 0.732 0.981 0.568 0.96 0.732 0.96 0.568 0.981 0.568 0.289 0.104 0.289 0.073 0.499 0.104 0.289 0.073 0.499 0.073 0.499 0.104 0.318 0.268 0.349 0.441 0.296 0.268 0.349 0.441 0.327 0.441 0.296 0.268 0.964 0.044 0.966 0.044 0.964 0.044 0.966 0.044 0.966 0.044 0.964 0.044 0.964 0.044 0.966 0.044 0.964 0.045 0.966 0.044 0.965 0.045 0.964 0.045 0.964 0.046 0.964 0.045 0.965 0.046 0.964 0.045 0.965 0.045 0.965 0.046 0.963 0.047 0.964 0.046 0.965 0.048 0.964 0.046 0.965 0.046 0.965 0.048 0.963 0.049 0.963 0.047 0.965 0.049 0.963 0.047 0.965 0.048 0.965 0.049 0.963 0.049 0.965 0.049 0.963 0.05 0.965 0.049 0.965 0.05 0.963 0.05 0.963 0.05 0.963 0.05 0.964 0.051 0.963 0.05 0.965 0.05 0.964 0.051 0.963 0.051 0.963 0.05 0.964 0.051 0.963 0.05 0.964 0.051 0.964 0.051 0.968 0.032 0.968 0.032 0.965 0.032 0.968 0.032 0.965 0.032 0.965 0.032 0.966 0.043 0.966 0.043 0.966 0.044 0.966 0.043 0.966 0.043 0.966 0.044 0.967 0.032 0.967 0.032 0.966 0.032 0.967 0.032 0.965 0.032 0.966 0.032 0.96 0.732 0.865 0.732 0.96 0.568 0.865 0.732 0.865 0.568 0.96 0.568 0.289 0.104 0.267 0.104 0.289 0.073 0.267 0.104 0.267 0.073 0.289 0.073 0.966 0.044 0.966 0.043 0.966 0.044 0.966 0.043 0.966 0.044 0.966 0.044 0.318 0.268 0.296 0.268 0.289 0.104 0.296 0.268 0.267 0.104 0.289 0.104 0.965 0.046 0.966 0.044 0.966 0.046 0.966 0.044 0.966 0.044 0.966 0.046 0.962 0.054 0.963 0.054 0.962 0.054 0.963 0.054 0.963 0.054 0.962 0.054 0.965 0.048 0.965 0.046 0.965 0.048 0.965 0.046 0.966 0.046 0.965 0.048 0.965 0.049 0.965 0.048 0.965 0.049 0.965 0.048 0.965 0.048 0.965 0.049 0.964 0.051 0.965 0.049 0.965 0.051 0.965 0.049 0.965 0.049 0.965 0.051 0.964 0.052 0.964 0.051 0.964 0.052 0.964 0.051 0.965 0.051 0.964 0.052 0.96 0.568 0.865 0.568 0.96 0.537 0.865 0.568 0.865 0.537 0.96 0.537 0.963 0.051 0.963 0.052 0.963 0.052 0.964 0.052 0.964 0.052 0.964 0.052 0.964 0.052 0.964 0.052 0.964 0.052 0.964 0.044 0.964 0.044 0.965 0.036 0.965 0.036 0.954 0.036 0.965 0.032 0.954 0.036 0.954 0.032 0.965 0.032 0.964 0.045 0.965 0.036 0.964 0.044 0.964 0.046 0.965 0.036 0.964 0.045 0.954 0.052 0.954 0.052 0.963 0.052 0.954 0.052 0.963 0.052 0.963 0.052 0.964 0.046 0.963 0.047 0.965 0.036 0.965 0.032 0.965 0.032 0.965 0.036 0.965 0.032 0.965 0.036 0.965 0.036 0.963 0.052 0.963 0.05 0.963 0.05 0.963 0.052 0.963 0.049 0.963 0.05 0.963 0.052 0.963 0.05 0.963 0.051 0.963 0.052 0.963 0.047 0.963 0.049 0.965 0.036 0.963 0.052 0.954 0.036 0.963 0.052 0.954 0.052 0.954 0.036 0.963 0.047 0.963 0.052 0.965 0.036 0.964 0.051 0.964 0.051 0.964 0.052 0.964 0.051 0.964 0.052 0.964 0.052 0.964 0.051 0.965 0.05 0.964 0.052 0.965 0.05 0.964 0.051 0.964 0.052 0.965 0.05 0.965 0.049 0.964 0.051 0.965 0.049 0.965 0.049 0.964 0.051 0.965 0.049 0.965 0.048 0.965 0.049 0.965 0.048 0.965 0.048 0.965 0.049 0.965 0.048 0.965 0.046 0.965 0.048 0.965 0.046 0.965 0.046 0.965 0.048 0.965 0.046 0.965 0.045 0.965 0.046 0.965 0.045 0.966 0.044 0.965 0.046 0.965 0.045 0.966 0.044 0.966 0.044 0.966 0.044 0.966 0.043 0.966 0.044 0.966 0.044 0.966 0.044 0.966 0.043 0.966 0.044 0.966 0.043 0.966 0.043 0.865 0.732 0.96 0.732 0.896 0.748 0.896 0.748 0.96 0.732 0.921 0.764 0.921 0.764 0.96 0.732 0.938 0.789 0.938 0.789 0.96 0.732 0.944 0.819 0.944 0.819 0.96 0.732 0.96 0.906 0.865 0.742 0.865 0.732 0.896 0.748 0.938 0.849 0.944 0.819 0.96 0.906 0.921 0.874 0.938 0.849 0.96 0.906 0.896 0.891 0.921 0.874 0.96 0.906 0.96 0.906 0.865 0.906 0.896 0.891 0.865 0.906 0.865 0.896 0.896 0.891 0.954 0.032 0.966 0.032 0.954 0.032 0.966 0.032 0.965 0.032 0.954 0.032 0.964 0.044 0.965 0.036 0.965 0.036 0.96 0.537 0.981 0.537 0.96 0.568 0.981 0.537 0.981 0.568 0.96 0.568 0.962 0.054 0.954 0.054 0.962 0.054 0.954 0.054 0.954 0.054 0.962 0.054 0.499 0.268 0.499 0.441 0.318 0.268 0.499 0.441 0.349 0.441 0.318 0.268 0.289 0.104 0.499 0.104 0.318 0.268 0.499 0.104 0.499 0.268 0.318 0.268 0.967 0.032 0.968 0.032 0.965 0.032 0.968 0.032 0.968 0.032 0.965 0.032 0.96 0.929 0.865 0.929 0.96 0.906 0.865 0.929 0.865 0.906 0.96 0.906 0.958 0.054 0.958 0.054 0.962 0.054 0.958 0.054 0.962 0.054 0.962 0.054 0.957 0.054 0.958 0.054 0.962 0.054 0.956 0.054 0.957 0.054 0.962 0.054 0.962 0.054 0.954 0.054 0.956 0.054 0.954 0.054 0.954 0.054 0.956 0.054 0.967 0.032 0.967 0.032 0.967 0.032 0.967 0.032 0.968 0.032 0.967 0.032 0.968 0.032 0.968 0.032 0.967 0.032 0.968 0.032 0.968 0.032 0.967 0.032 0.335 0.456 0.33 0.448 0.349 0.441 0.981 0.906 0.979 0.913 0.96 0.906 0.96 0.906 0.974 0.921 0.968 0.926 0.335 0.456 0.349 0.441 0.343 0.461 0.962 0.054 0.963 0.054 0.963 0.054 0.962 0.054 0.962 0.054 0.963 0.054 0.349 0.441 0.353 0.464 0.343 0.461 0.967 0.032 0.967 0.033 0.967 0.032 0.967 0.033 0.967 0.033 0.967 0.032 0.967 0.032 0.967 0.033 0.968 0.032 0.967 0.033 0.968 0.033 0.968 0.032 0.968 0.032 0.968 0.033 0.968 0.032 0.968 0.033 0.968 0.033 0.968 0.032 0.968 0.032 0.968 0.033 0.968 0.032 0.968 0.033 0.968 0.033 0.968 0.032 0.96 0.929 0.96 0.906 0.968 0.926 0.967 0.033 0.966 0.043 0.967 0.033 0.966 0.043 0.966 0.043 0.967 0.033 0.967 0.033 0.966 0.043 0.968 0.033 0.966 0.043 0.966 0.043 0.968 0.033 0.968 0.033 0.966 0.043 0.968 0.033 0.966 0.043 0.966 0.043 0.968 0.033 0.968 0.033 0.966 0.043 0.968 0.033 0.966 0.043 0.966 0.043 0.968 0.033 0.964 0.053 0.966 0.043 0.964 0.053 0.966 0.043 0.966 0.043 0.964 0.053 0.964 0.053 0.966 0.043 0.964 0.053 0.966 0.043 0.966 0.043 0.964 0.053 0.964 0.053 0.966 0.043 0.964 0.053 0.966 0.043 0.966 0.043 0.964 0.053 0.964 0.053 0.966 0.043 0.964 0.053 0.966 0.043 0.966 0.043 0.964 0.053 0.963 0.054 0.963 0.054 0.962 0.054 0.96 0.906 0.979 0.913 0.974 0.921 0.963 0.054 0.963 0.054 0.964 0.054 0.963 0.054 0.964 0.054 0.964 0.054 0.964 0.054 0.964 0.054 0.964 0.054 0.964 0.054 0.964 0.054 0.964 0.054 0.964 0.054 0.964 0.054 0.964 0.054 0.964 0.054 0.964 0.054 0.964 0.054 0.964 0.054 0.964 0.054 0.964 0.054 0.964 0.054 0.964 0.054 0.964 0.054 0.962 0.054 0.963 0.054 0.963 0.054 0.33 0.448 0.327 0.441 0.349 0.441 0.962 0.054 0.954 0.054 0.962 0.054 0.954 0.054 0.954 0.054 0.962 0.054 0.962 0.054 0.954 0.054 0.962 0.054 0.954 0.054 0.954 0.054 0.962 0.054 0.962 0.054 0.954 0.054 0.962 0.054 0.954 0.054 0.954 0.054 0.962 0.054 0.962 0.054 0.954 0.054 0.962 0.054 0.954 0.054 0.954 0.054 0.962 0.054 0.499 0.441 0.499 0.464 0.349 0.441 0.499 0.464 0.353 0.464 0.349 0.441 0.962 0.032 0.962 0.032 0.96 0.032 0.962 0.032 0.96 0.032 0.96 0.032 0.962 0.032 0.962 0.052 0.96 0.032 0.962 0.052 0.96 0.052 0.96 0.032 0.96 0.032 0.96 0.052 0.96 0.032 0.96 0.052 0.96 0.052 0.96 0.032 0.962 0.032 0.962 0.052 0.962 0.032 0.962 0.052 0.962 0.052 0.962 0.032 0.959 0.032 0.958 0.032 0.959 0.032 0.958 0.032 0.958 0.032 0.959 0.032 0.959 0.032 0.957 0.032 0.959 0.032 0.957 0.032 0.958 0.032 0.959 0.032 0.958 0.032 0.957 0.032 0.959 0.032 0.957 0.032 0.957 0.032 0.959 0.032 0.956 0.032 0.957 0.032 0.957 0.032 0.957 0.032 0.958 0.032 0.957 0.032 0.957 0.032 0.956 0.032 0.956 0.032 0.956 0.032 0.956 0.032 0.957 0.032 0.956 0.032 0.957 0.032 0.957 0.032 0.956 0.032 0.956 0.032 0.957 0.032 0.956 0.032 0.957 0.032 0.957 0.032 0.957 0.032 0.956 0.032 0.957 0.032 0.956 0.032 0.956 0.032 0.957 0.032 0.956 0.033 0.956 0.032 0.957 0.033 0.956 0.032 0.957 0.032 0.957 0.033 0.956 0.032 0.956 0.032 0.957 0.032 0.956 0.032 0.957 0.032 0.957 0.032 0.957 0.032 0.957 0.032 0.957 0.052 0.957 0.032 0.957 0.052 0.957 0.052 0.957 0.032 0.957 0.032 0.957 0.052 0.957 0.032 0.957 0.052 0.957 0.052 0.958 0.032 0.958 0.032 0.958 0.052 0.958 0.032 0.958 0.052 0.958 0.052 0.956 0.032 0.956 0.032 0.956 0.052 0.956 0.032 0.956 0.052 0.956 0.052 0.956 0.034 0.956 0.033 0.957 0.034 0.956 0.033 0.957 0.033 0.957 0.034 0.958 0.032 0.959 0.032 0.958 0.052 0.959 0.032 0.959 0.052 0.958 0.052 0.956 0.032 0.956 0.032 0.956 0.052 0.956 0.032 0.956 0.052 0.956 0.052 0.959 0.032 0.959 0.032 0.959 0.052 0.959 0.032 0.959 0.052 0.959 0.052 0.957 0.032 0.957 0.032 0.957 0.052 0.957 0.032 0.957 0.052 0.957 0.052 0.956 0.032 0.956 0.034 0.956 0.052 0.956 0.034 0.956 0.04 0.956 0.052 0.957 0.032 0.958 0.032 0.957 0.052 0.958 0.032 0.958 0.052 0.957 0.052 0.957 0.032 0.956 0.032 0.957 0.052 0.956 0.032 0.956 0.052 0.957 0.052 0.958 0.032 0.957 0.032 0.958 0.052 0.957 0.032 0.957 0.052 0.958 0.052 0.956 0.032 0.956 0.032 0.956 0.052 0.956 0.032 0.956 0.052 0.956 0.052 0.956 0.032 0.956 0.032 0.956 0.052 0.956 0.032 0.956 0.052 0.956 0.052 0.957 0.032 0.957 0.032 0.957 0.052 0.957 0.032 0.957 0.052 0.957 0.052 0.959 0.032 0.959 0.032 0.959 0.052 0.959 0.032 0.959 0.052 0.959 0.052 0.956 0.04 0.957 0.04 0.956 0.041 0.957 0.04 0.957 0.041 0.956 0.041 0.956 0.041 0.957 0.041 0.956 0.041 0.957 0.041 0.957 0.041 0.956 0.041 0.956 0.041 0.957 0.041 0.956 0.041 0.957 0.041 0.957 0.041 0.956 0.041 0.956 0.041 0.957 0.041 0.956 0.041 0.957 0.041 0.957 0.041 0.956 0.041 0.957 0.052 0.957 0.041 0.957 0.041 0.957 0.052 0.957 0.041 0.957 0.041 0.957 0.052 0.957 0.041 0.957 0.041 0.957 0.052 0.957 0.041 0.957 0.04 0.956 0.052 0.956 0.04 0.956 0.041 0.956 0.052 0.956 0.041 0.956 0.041 0.956 0.052 0.956 0.041 0.956 0.041 0.956 0.052 0.956 0.041 0.956 0.041 0.956 0.041 0.956 0.052 0.956 0.052 0.957 0.052 0.957 0.052 0.957 0.041 0.957 0.032 0.957 0.032 0.956 0.032 0.957 0.032 0.956 0.032 0.956 0.032 0.956 0.032 0.956 0.033 0.956 0.032 0.956 0.034 0.956 0.032 0.956 0.033 0.956 0.032 0.956 0.032 0.956 0.033 0.956 0.04 0.956 0.034 0.957 0.04 0.956 0.034 0.957 0.034 0.957 0.04 0.957 0.04 0.957 0.034 0.957 0.052 0.957 0.034 0.957 0.032 0.957 0.052 0.957 0.033 0.957 0.032 0.957 0.034 0.957 0.032 0.957 0.032 0.957 0.034 0.957 0.032 0.957 0.032 0.957 0.033 0.964 0.053 0.964 0.053 0.964 0.053 0.964 0.053 0.964 0.053 0.964 0.053 0.964 0.053 0.964 0.053 0.964 0.053 0.964 0.053 0.964 0.053 0.964 0.053 0.964 0.053 0.964 0.053 0.964 0.053 0.964 0.053 0.964 0.053 0.964 0.053 0.964 0.053 0.964 0.053 0.964 0.053 0.964 0.053 0.964 0.053 0.964 0.053 0.963 0.053 0.964 0.053 0.964 0.053 0.964 0.053 0.964 0.053 0.964 0.053 0.964 0.053 0.964 0.053 0.964 0.053 0.964 0.053 0.964 0.053 0.964 0.053 0.964 0.053 0.964 0.053 0.964 0.053 0.964 0.053 0.964 0.053 0.964 0.053 0.964 0.053 0.964 0.053 0.964 0.053 0.964 0.053 0.964 0.053 0.964 0.053 0.963 0.054 0.963 0.054 0.963 0.053 0.964 0.054 0.964 0.054 0.964 0.053 0.964 0.054 0.964 0.053 0.964 0.053 0.964 0.054 0.964 0.054 0.964 0.053 0.964 0.054 0.964 0.053 0.964 0.053 0.964 0.054 0.964 0.054 0.964 0.054 0.964 0.054 0.964 0.054 0.964 0.054 0.964 0.054 0.964 0.054 0.964 0.054 0.964 0.054 0.964 0.054 0.964 0.054 0.964 0.054 0.964 0.054 0.964 0.054 0.964 0.054 0.964 0.054 0.964 0.054 0.963 0.054 0.964 0.054 0.964 0.054 0.964 0.054 0.964 0.054 0.964 0.054 0.963 0.054 0.963 0.054 0.963 0.054 0.963 0.054 0.964 0.054 0.963 0.054 0.964 0.054 0.964 0.054 0.964 0.054 0.964 0.054 0.964 0.054 0.964 0.054 0.964 0.054 0.964 0.054 0.964 0.054 0.964 0.054 0.964 0.054 0.964 0.054 0.964 0.054 0.964 0.054 0.963 0.054 0.964 0.054 0.964 0.054 0.963 0.054 0.963 0.054 0.964 0.054 0.963 0.054 0.964 0.054 0.963 0.054 0.963 0.054 0.964 0.054 0.964 0.054 0.964 0.054 0.964 0.054 0.964 0.054 0.964 0.054 0.963 0.054 0.963 0.054 0.963 0.054 0.963 0.054 0.963 0.054 0.963 0.054 0.964 0.054 0.964 0.054 0.964 0.054 0.964 0.054 0.964 0.054 0.964 0.054 0.964 0.054 0.964 0.054 0.964 0.054 0.964 0.054 0.964 0.054 0.964 0.054 0.964 0.054 0.964 0.054 0.964 0.054 0.964 0.054 0.964 0.054 0.963 0.054 0.964 0.054 0.963 0.054 0.963 0.054 0.963 0.054 0.964 0.054 0.964 0.054 0.964 0.054 0.964 0.054 0.964 0.054 0.964 0.054 0.964 0.054 0.964 0.054 0.964 0.054 0.964 0.054 0.964 0.054 0.964 0.054 0.964 0.054 0.964 0.054 0.964 0.054 0.964 0.054 0.964 0.054 0.964 0.054 0.964 0.054 0.964 0.054 0.964 0.054 0.964 0.054 0.964 0.054 0.964 0.054 0.964 0.054 0.964 0.054 0.964 0.054 0.964 0.054 0.964 0.054 0.964 0.054 0.964 0.054 0.964 0.054 0.964 0.054 0.964 0.054 0.964 0.054 0.964 0.054 0.964 0.054 0.964 0.054 0.964 0.054 0.964 0.054 0.964 0.054 0.964 0.054 0.964 0.054 0.964 0.054 0.964 0.054 0.964 0.054 0.964 0.054 0.964 0.054 0.964 0.054 0.964 0.054 0.964 0.054 0.964 0.054 0.964 0.053 0.964 0.054 0.964 0.053 0.964 0.053 0.964 0.053 0.964 0.054 0.964 0.054 0.963 0.054 0.963 0.054 0.964 0.054 0.963 0.054 0.964 0.054 0.964 0.054 0.963 0.054 0.963 0.054 0.964 0.054 0.963 0.054 0.963 0.054 0.964 0.054 0.963 0.054 0.963 0.054 0.963 0.054 0.963 0.054 0.963 0.054 0.963 0.054 0.962 0.054 0.962 0.054 0.963 0.054 0.962 0.054 0.963 0.054 0.963 0.054 0.962 0.054 0.962 0.054 0.963 0.054 0.962 0.054 0.963 0.054 0.963 0.054 0.962 0.054 0.962 0.054 0.963 0.054 0.962 0.054 0.963 0.054 0.963 0.054 0.962 0.054 0.962 0.054 0.963 0.054 0.962 0.054 0.963 0.054 0.963 0.054 0.963 0.054 0.962 0.054 0.963 0.054 0.964 0.054 0.963 0.054 0.964 0.054 0.963 0.054 0.963 0.054 0.963 0.054 0.963 0.054 0.963 0.054 0.963 0.054 0.963 0.054 0.963 0.054 0.963 0.054 0.963 0.054 0.963 0.054 0.963 0.054 0.963 0.054 0.963 0.054 0.963 0.054 0.963 0.054 0.963 0.054 0.963 0.054 0.964 0.054 0.964 0.053 0.963 0.054 0.964 0.053 0.963 0.053 0.963 0.054 0.963 0.054 0.963 0.054 0.963 0.054 0.963 0.054 0.963 0.054 0.963 0.054 0.964 0.054 0.963 0.054 0.964 0.054 0.963 0.054 0.963 0.054 0.964 0.054 0.963 0.054 0.963 0.054 0.963 0.054 0.963 0.054 0.963 0.054 0.963 0.054</float_array>
					<technique_common>
						<accessor source="#3814uv.json-mesh-map-0-array" count="4572" stride="2">
							<param name="S" type="float"/>
							<param name="T" type="float"/>
						</accessor>
					</technique_common>
				</source>
				<vertices id="3814uv.json-mesh-vertices">
					<input semantic="POSITION" source="#3814uv.json-mesh-positions"/>
				</vertices>
				<triangles material="MB|26|1o7545-material" count="1524">
					<input semantic="VERTEX" source="#3814uv.json-mesh-vertices" offset="0"/>
					<input semantic="TEXCOORD" source="#3814uv.json-mesh-map-0" offset="1" set="0"/>
					<p>3 0 4 1 602 2 602 3 5 4 189 5 602 6 4 7 5 8 602 9 385 10 3 11 819 12 818 13 2 14 818 15 384 16 2 17 2 18 0 19 819 20 0 21 820 22 819 23 0 24 1 25 820 26 1 27 825 28 820 29 185 30 824 31 1 32 824 33 825 34 1 35 895 36 23 37 894 38 23 39 22 40 894 41 894 42 22 43 891 44 22 45 858 46 891 47 41 48 45 49 202 50 45 51 201 52 202 53 43 54 42 55 63 56 42 57 896 58 63 59 400 60 401 61 14 62 401 63 15 64 14 65 14 66 15 67 13 68 15 69 16 70 13 71 12 72 13 73 17 74 13 75 16 76 17 77 11 78 12 79 18 80 12 81 17 82 18 83 10 84 11 85 19 86 11 87 18 88 19 89 10 90 19 91 9 92 19 93 20 94 9 95 8 96 9 97 21 98 9 99 20 100 21 101 392 102 8 103 409 104 8 105 21 106 409 107 856 108 416 109 24 110 416 111 419 112 24 113 34 114 430 115 25 116 430 117 389 118 25 119 46 120 48 121 880 122 48 123 24 124 880 125 22 126 420 127 858 128 420 129 417 130 858 131 41 132 53 133 45 134 53 135 881 136 45 137 35 138 34 139 28 140 34 141 25 142 28 143 43 144 63 145 41 146 63 147 53 148 41 149 36 150 35 151 29 152 35 153 28 154 29 155 444 156 472 157 44 158 472 159 897 160 44 161 37 162 36 163 30 164 36 165 29 166 30 167 38 168 37 169 31 170 37 171 30 172 31 173 39 174 38 175 32 176 38 177 31 178 32 179 40 180 39 181 33 182 39 183 32 184 33 185 27 186 859 187 26 188 859 189 857 190 26 191 828 192 422 193 6 194 870 195 40 196 429 197 40 198 33 199 429 200 836 201 835 202 7 203 865 204 282 205 847 206 282 207 878 208 847 209 834 210 7 211 835 212 833 213 7 214 834 215 643 216 206 217 863 218 206 219 861 220 863 221 833 222 832 223 7 224 848 225 846 226 866 227 846 228 418 229 866 230 6 231 830 232 829 233 6 234 831 235 830 236 6 237 829 238 828 239 6 240 832 241 831 242 865 243 862 244 282 245 862 246 868 247 282 248 832 249 6 250 7 251 845 252 844 253 438 254 844 255 869 256 438 257 844 258 843 259 869 260 843 261 871 262 869 263 843 264 842 265 871 266 842 267 872 268 871 269 842 270 841 271 872 272 841 273 873 274 872 275 841 276 840 277 873 278 840 279 874 280 873 281 840 282 839 283 874 284 839 285 875 286 874 287 839 288 838 289 875 290 838 291 876 292 875 293 838 294 837 295 876 296 837 297 877 298 876 299 420 300 22 301 860 302 860 303 22 304 855 305 855 306 22 307 854 308 854 309 22 310 853 311 853 312 22 313 23 314 864 315 420 316 860 317 852 318 853 319 23 320 851 321 852 322 23 323 849 324 851 325 23 326 23 327 421 328 849 329 421 330 850 331 849 332 879 333 880 334 200 335 880 336 24 337 200 338 836 339 7 340 867 341 26 342 886 343 27 344 886 345 890 346 27 347 904 348 903 349 44 350 903 351 205 352 44 353 203 354 204 355 43 356 204 357 42 358 43 359 41 360 202 361 43 362 202 363 203 364 43 365 48 366 47 367 24 368 47 369 856 370 24 371 900 372 899 373 23 374 899 375 421 376 23 377 826 378 827 379 444 380 826 381 444 382 44 383 821 384 826 385 44 386 822 387 821 388 44 389 44 390 205 391 822 392 205 393 823 394 822 395 46 396 49 397 48 398 49 399 50 400 48 401 50 402 51 403 48 404 51 405 47 406 48 407 136 408 135 409 42 410 895 411 143 412 23 413 23 414 142 415 141 416 136 417 42 418 137 419 44 420 138 421 139 422 904 423 44 424 140 425 42 426 901 427 137 428 882 429 888 430 883 431 888 432 56 433 883 434 883 435 56 436 884 437 56 438 55 439 884 440 884 441 55 442 885 443 55 444 54 445 885 446 885 447 54 448 887 449 54 450 52 451 887 452 900 453 23 454 141 455 888 456 893 457 56 458 893 459 66 460 56 461 56 462 66 463 55 464 66 465 65 466 55 467 55 468 65 469 889 470 65 471 64 472 889 473 889 474 64 475 892 476 64 477 62 478 892 479 58 480 62 481 61 482 62 483 64 484 61 485 61 486 64 487 60 488 64 489 65 490 60 491 60 492 65 493 59 494 65 495 66 496 59 497 59 498 66 499 57 500 66 501 893 502 57 503 897 504 138 505 44 506 23 507 143 508 142 509 68 510 898 511 71 512 898 513 475 514 71 515 71 516 475 517 70 518 475 519 474 520 70 521 70 522 474 523 69 524 474 525 473 526 69 527 69 528 473 529 67 530 473 531 471 532 67 533 44 534 139 535 140 536 135 537 896 538 42 539 73 540 239 541 76 542 239 543 242 544 76 545 76 546 242 547 75 548 242 549 241 550 75 551 75 552 241 553 74 554 241 555 240 556 74 557 74 558 240 559 72 560 240 561 238 562 72 563 204 564 902 565 42 566 902 567 901 568 42 569 77 570 79 571 78 572 79 573 80 574 78 575 905 576 911 577 909 578 911 579 912 580 909 581 910 582 84 583 908 584 84 585 82 586 908 587 907 588 81 589 906 590 81 591 83 592 906 593 89 594 94 595 85 596 94 597 92 598 85 599 90 600 95 601 89 602 95 603 94 604 89 605 91 606 96 607 90 608 96 609 95 610 90 611 93 612 96 613 100 614 96 615 91 616 100 617 103 618 927 619 99 620 98 621 97 622 102 623 97 624 101 625 102 626 97 627 93 628 101 629 93 630 100 631 101 632 103 633 99 634 102 635 99 636 98 637 102 638 131 639 130 640 134 641 130 642 133 643 134 644 130 645 129 646 133 647 129 648 132 649 133 650 929 651 928 652 120 653 928 654 119 655 120 656 921 657 922 658 114 659 922 660 115 661 114 662 919 663 920 664 111 665 920 666 113 667 111 668 925 669 926 670 117 671 926 672 118 673 117 674 934 675 131 676 87 677 131 678 134 679 87 680 918 681 917 682 110 683 917 684 109 685 110 686 923 687 924 688 112 689 924 690 116 691 112 692 916 693 915 694 108 695 915 696 104 697 108 698 930 699 929 700 121 701 929 702 120 703 121 704 88 705 86 706 107 707 86 708 105 709 107 710 928 711 918 712 119 713 918 714 110 715 119 716 922 717 923 718 115 719 923 720 112 721 115 722 920 723 921 724 113 725 921 726 114 727 113 728 926 729 88 730 118 731 88 732 107 733 118 734 924 735 925 736 116 737 925 738 117 739 116 740 931 741 930 742 122 743 930 744 121 745 122 746 917 747 916 748 109 749 916 750 108 751 109 752 933 753 106 754 123 755 106 756 124 757 123 758 123 759 124 760 125 761 124 762 126 763 125 764 125 765 126 766 127 767 126 768 128 769 127 770 127 771 128 772 533 773 128 774 534 775 533 776 122 777 944 778 942 779 122 780 942 781 940 782 122 783 940 784 938 785 122 786 938 787 937 788 107 789 105 790 936 791 107 792 936 793 939 794 107 795 939 796 941 797 107 798 941 799 943 800 943 801 535 802 107 803 122 804 536 805 944 806 103 807 132 808 927 809 132 810 129 811 927 812 946 813 947 814 945 815 86 816 88 817 947 818 88 819 945 820 947 821 933 822 934 823 106 824 934 825 87 826 106 827 937 828 914 829 122 830 914 831 931 832 122 833 913 834 935 835 914 836 935 837 931 838 914 839 932 840 935 841 913 842 58 843 61 844 955 845 61 846 146 847 955 848 61 849 60 850 146 851 60 852 145 853 146 854 60 855 59 856 145 857 59 858 144 859 145 860 59 861 57 862 144 863 57 864 948 865 144 866 949 867 156 868 948 869 156 870 144 871 948 872 144 873 156 874 145 875 156 876 155 877 145 878 145 879 155 880 146 881 155 882 154 883 146 884 954 885 955 886 154 887 955 888 146 889 154 890 950 891 182 892 949 893 153 894 152 895 156 896 152 897 155 898 156 899 152 900 151 901 155 902 151 903 154 904 155 905 151 906 160 907 169 908 160 909 173 910 169 911 149 912 159 913 150 914 159 915 160 916 150 917 148 918 158 919 149 920 158 921 159 922 149 923 147 924 157 925 148 926 157 927 158 928 148 929 951 930 953 931 147 932 953 933 157 934 147 935 151 936 152 937 160 938 152 939 150 940 160 941 149 942 150 943 163 944 150 945 164 946 163 947 148 948 149 949 162 950 149 951 163 952 162 953 147 954 148 955 161 956 148 957 162 958 161 959 153 960 164 961 152 962 164 963 150 964 152 965 951 966 147 967 952 968 147 969 161 970 952 971 70 972 69 973 166 974 69 975 165 976 166 977 71 978 70 979 167 980 70 981 166 982 167 983 956 984 168 985 67 986 71 987 167 988 68 989 167 990 953 991 68 992 953 993 167 994 170 995 171 996 170 997 166 998 170 999 167 1000 166 1001 172 1002 171 1003 165 1004 171 1005 166 1006 165 1007 172 1008 165 1009 173 1010 165 1011 168 1012 173 1013 69 1014 67 1015 165 1016 67 1017 168 1018 165 1019 169 1020 173 1021 956 1022 173 1023 168 1024 956 1025 159 1026 172 1027 160 1028 172 1029 173 1030 160 1031 159 1032 158 1033 172 1034 158 1035 171 1036 172 1037 158 1038 157 1039 171 1040 157 1041 170 1042 171 1043 151 1044 169 1045 154 1046 169 1047 954 1048 154 1049 954 1050 169 1051 956 1052 178 1053 179 1054 164 1055 179 1056 163 1057 164 1058 179 1059 180 1060 163 1061 180 1062 162 1063 163 1064 180 1065 181 1066 162 1067 181 1068 161 1069 162 1070 75 1071 74 1072 176 1073 74 1074 177 1075 176 1076 76 1077 75 1078 175 1079 75 1080 176 1081 175 1082 73 1083 76 1084 174 1085 76 1086 175 1087 174 1088 74 1089 72 1090 177 1091 72 1092 952 1093 177 1094 950 1095 73 1096 174 1097 157 1098 953 1099 170 1100 176 1101 177 1102 180 1103 177 1104 181 1105 180 1106 175 1107 176 1108 179 1109 176 1110 180 1111 179 1112 174 1113 175 1114 178 1115 175 1116 179 1117 178 1118 153 1119 156 1120 182 1121 156 1122 949 1123 182 1124 950 1125 174 1126 182 1127 174 1128 178 1129 182 1130 153 1131 182 1132 164 1133 182 1134 178 1135 164 1136 177 1137 952 1138 181 1139 161 1140 181 1141 952 1142 187 1143 602 1144 188 1145 602 1146 189 1147 190 1148 602 1149 190 1150 188 1151 602 1152 187 1153 596 1154 958 1155 186 1156 957 1157 186 1158 595 1159 957 1160 959 1161 183 1162 958 1163 183 1164 186 1165 958 1166 962 1167 184 1168 959 1169 184 1170 183 1171 959 1172 185 1173 184 1174 824 1175 184 1176 962 1177 824 1178 1029 1179 1028 1180 215 1181 1028 1182 214 1183 215 1184 1028 1185 1025 1186 214 1187 1025 1188 995 1189 214 1190 233 1191 202 1192 237 1193 202 1194 201 1195 237 1196 235 1197 260 1198 234 1199 260 1200 1030 1201 234 1202 613 1203 199 1204 621 1205 199 1206 207 1207 621 1208 199 1209 198 1210 207 1211 198 1212 208 1213 207 1214 197 1215 209 1216 198 1217 209 1218 208 1219 198 1220 196 1221 210 1222 197 1223 210 1224 209 1225 197 1226 195 1227 211 1228 196 1229 211 1230 210 1231 196 1232 195 1233 194 1234 211 1235 194 1236 212 1237 211 1238 193 1239 213 1240 194 1241 213 1242 212 1243 194 1244 605 1245 629 1246 193 1247 629 1248 213 1249 193 1250 993 1251 216 1252 636 1253 216 1254 639 1255 636 1256 226 1257 217 1258 651 1259 217 1260 601 1261 651 1262 243 1263 1014 1264 245 1265 1014 1266 216 1267 245 1268 214 1269 995 1270 640 1271 995 1272 637 1273 640 1274 233 1275 237 1276 250 1277 237 1278 1015 1279 250 1280 227 1281 220 1282 226 1283 220 1284 217 1285 226 1286 235 1287 233 1288 260 1289 233 1290 250 1291 260 1292 228 1293 221 1294 227 1295 221 1296 220 1297 227 1298 665 1299 236 1300 698 1301 236 1302 1031 1303 698 1304 229 1305 222 1306 228 1307 222 1308 221 1309 228 1310 230 1311 223 1312 229 1313 223 1314 222 1315 229 1316 231 1317 224 1318 230 1319 224 1320 223 1321 230 1322 232 1323 225 1324 231 1325 225 1326 224 1327 231 1328 219 1329 218 1330 996 1331 218 1332 994 1333 996 1334 965 1335 191 1336 642 1337 1006 1338 650 1339 232 1340 650 1341 225 1342 232 1343 973 1344 192 1345 972 1346 1002 1347 984 1348 282 1349 984 1350 878 1351 282 1352 971 1353 972 1354 192 1355 970 1356 971 1357 192 1358 643 1359 1000 1360 206 1361 1000 1362 998 1363 206 1364 970 1365 192 1366 969 1367 985 1368 1003 1369 983 1370 1003 1371 638 1372 983 1373 191 1374 966 1375 967 1376 191 1377 967 1378 968 1379 191 1380 965 1381 966 1382 191 1383 968 1384 969 1385 1002 1386 282 1387 999 1388 282 1389 868 1390 999 1391 969 1392 192 1393 191 1394 982 1395 659 1396 981 1397 659 1398 1005 1399 981 1400 981 1401 1005 1402 980 1403 1005 1404 1007 1405 980 1406 980 1407 1007 1408 979 1409 1007 1410 1008 1411 979 1412 979 1413 1008 1414 978 1415 1008 1416 1009 1417 978 1418 978 1419 1009 1420 977 1421 1009 1422 1010 1423 977 1424 977 1425 1010 1426 976 1427 1010 1428 1011 1429 976 1430 976 1431 1011 1432 975 1433 1011 1434 1012 1435 975 1436 975 1437 1012 1438 974 1439 1012 1440 1013 1441 974 1442 640 1443 997 1444 214 1445 997 1446 992 1447 214 1448 992 1449 991 1450 214 1451 991 1452 990 1453 214 1454 990 1455 215 1456 214 1457 1001 1458 997 1459 640 1460 989 1461 215 1462 990 1463 988 1464 215 1465 989 1466 986 1467 215 1468 988 1469 215 1470 986 1471 641 1472 641 1473 986 1474 987 1475 879 1476 200 1477 1014 1478 200 1479 216 1480 1014 1481 973 1482 1004 1483 192 1484 218 1485 219 1486 1020 1487 219 1488 1024 1489 1020 1490 1036 1491 236 1492 903 1493 236 1494 205 1495 903 1496 203 1497 235 1498 204 1499 235 1500 234 1501 204 1502 233 1503 235 1504 202 1505 235 1506 203 1507 202 1508 245 1509 216 1510 244 1511 216 1512 993 1513 244 1514 1034 1515 215 1516 1033 1517 215 1518 641 1519 1033 1520 963 1521 665 1522 964 1523 963 1524 236 1525 665 1526 960 1527 236 1528 963 1529 961 1530 236 1531 960 1532 236 1533 961 1534 205 1535 205 1536 961 1537 823 1538 243 1539 245 1540 246 1541 246 1542 245 1543 247 1544 247 1545 245 1546 248 1547 248 1548 245 1549 244 1550 334 1551 234 1552 333 1553 1029 1554 215 1555 341 1556 215 1557 339 1558 340 1559 334 1560 335 1561 234 1562 236 1563 337 1564 336 1565 1036 1566 338 1567 236 1568 234 1569 335 1570 1035 1571 1016 1572 1017 1573 1022 1574 1017 1575 253 1576 1022 1577 1017 1578 1018 1579 253 1580 1018 1581 252 1582 253 1583 1018 1584 1019 1585 252 1586 1019 1587 251 1588 252 1589 1019 1590 1021 1591 251 1592 1021 1593 249 1594 251 1595 1034 1596 339 1597 215 1598 1022 1599 253 1600 1027 1601 253 1602 263 1603 1027 1604 253 1605 252 1606 263 1607 252 1608 262 1609 263 1610 252 1611 1023 1612 262 1613 1023 1614 261 1615 262 1616 1023 1617 1026 1618 261 1619 1026 1620 259 1621 261 1622 255 1623 258 1624 259 1625 258 1626 261 1627 259 1628 258 1629 257 1630 261 1631 257 1632 262 1633 261 1634 257 1635 256 1636 262 1637 256 1638 263 1639 262 1640 256 1641 254 1642 263 1643 254 1644 1027 1645 263 1646 1031 1647 236 1648 336 1649 215 1650 340 1651 341 1652 265 1653 268 1654 1032 1655 268 1656 701 1657 1032 1658 268 1659 267 1660 701 1661 267 1662 700 1663 701 1664 267 1665 266 1666 700 1667 266 1668 699 1669 700 1670 266 1671 264 1672 699 1673 264 1674 697 1675 699 1676 236 1677 338 1678 337 1679 333 1680 234 1681 1030 1682 270 1683 273 1684 239 1685 273 1686 242 1687 239 1688 273 1689 272 1690 242 1691 272 1692 241 1693 242 1694 272 1695 271 1696 241 1697 271 1698 240 1699 241 1700 271 1701 269 1702 240 1703 269 1704 238 1705 240 1706 204 1707 234 1708 902 1709 234 1710 1035 1711 902 1712 274 1713 275 1714 276 1715 275 1716 277 1717 276 1718 1037 1719 1041 1720 1043 1721 1041 1722 1044 1723 1043 1724 1042 1725 1040 1726 281 1727 1040 1728 279 1729 281 1730 1039 1731 1038 1732 278 1733 1038 1734 280 1735 278 1736 287 1737 283 1738 292 1739 283 1740 290 1741 292 1742 288 1743 287 1744 293 1745 287 1746 292 1747 293 1748 289 1749 288 1750 294 1751 288 1752 293 1753 294 1754 291 1755 298 1756 294 1757 298 1758 289 1759 294 1760 301 1761 297 1762 1059 1763 296 1764 300 1765 295 1766 300 1767 299 1768 295 1769 295 1770 299 1771 291 1772 299 1773 298 1774 291 1775 301 1776 300 1777 297 1778 300 1779 296 1780 297 1781 329 1782 332 1783 328 1784 332 1785 331 1786 328 1787 328 1788 331 1789 327 1790 331 1791 330 1792 327 1793 1061 1794 318 1795 1060 1796 318 1797 317 1798 1060 1799 1053 1800 312 1801 1054 1802 312 1803 313 1804 1054 1805 1051 1806 309 1807 1052 1808 309 1809 311 1810 1052 1811 1057 1812 315 1813 1058 1814 315 1815 316 1816 1058 1817 1066 1818 285 1819 329 1820 285 1821 332 1822 329 1823 1050 1824 308 1825 1049 1826 308 1827 307 1828 1049 1829 1055 1830 310 1831 1056 1832 310 1833 314 1834 1056 1835 1048 1836 306 1837 1047 1838 306 1839 302 1840 1047 1841 1062 1842 319 1843 1061 1844 319 1845 318 1846 1061 1847 286 1848 305 1849 284 1850 305 1851 303 1852 284 1853 1060 1854 317 1855 1050 1856 317 1857 308 1858 1050 1859 1054 1860 313 1861 1055 1862 313 1863 310 1864 1055 1865 1052 1866 311 1867 1053 1868 311 1869 312 1870 1053 1871 1058 1872 316 1873 286 1874 316 1875 305 1876 286 1877 1056 1878 314 1879 1057 1880 314 1881 315 1882 1057 1883 1063 1884 320 1885 1062 1886 320 1887 319 1888 1062 1889 1049 1890 307 1891 1048 1892 307 1893 306 1894 1048 1895 1065 1896 321 1897 304 1898 321 1899 322 1900 304 1901 321 1902 323 1903 322 1904 323 1905 324 1906 322 1907 323 1908 325 1909 324 1910 325 1911 326 1912 324 1913 325 1914 760 1915 326 1916 760 1917 761 1918 326 1919 320 1920 1074 1921 1076 1922 320 1923 1072 1924 1074 1925 320 1926 1070 1927 1072 1928 320 1929 1069 1930 1070 1931 305 1932 1068 1933 303 1934 305 1935 1071 1936 1068 1937 305 1938 1073 1939 1071 1940 305 1941 1075 1942 1073 1943 1075 1944 305 1945 762 1946 320 1947 1076 1948 763 1949 301 1950 1059 1951 330 1952 1059 1953 327 1954 330 1955 1078 1956 1077 1957 1079 1958 284 1959 1079 1960 286 1961 1079 1962 1077 1963 286 1964 1065 1965 304 1966 1066 1967 304 1968 285 1969 1066 1970 1069 1971 320 1972 1046 1973 320 1974 1063 1975 1046 1976 1045 1977 1046 1978 1067 1979 1046 1980 1063 1981 1067 1982 1064 1983 1045 1984 1067 1985 255 1986 1087 1987 258 1988 1087 1989 344 1990 258 1991 258 1992 344 1993 257 1994 344 1995 343 1996 257 1997 257 1998 343 1999 256 2000 343 2001 342 2002 256 2003 256 2004 342 2005 254 2006 342 2007 1080 2008 254 2009 1081 2010 1080 2011 354 2012 1080 2013 342 2014 354 2015 342 2016 343 2017 354 2018 343 2019 353 2020 354 2021 343 2022 344 2023 353 2024 344 2025 352 2026 353 2027 1086 2028 352 2029 1087 2030 352 2031 344 2032 1087 2033 1082 2034 1081 2035 380 2036 351 2037 354 2038 350 2039 354 2040 353 2041 350 2042 350 2043 353 2044 349 2045 353 2046 352 2047 349 2048 349 2049 367 2050 358 2051 367 2052 371 2053 358 2054 347 2055 348 2056 357 2057 348 2058 358 2059 357 2060 346 2061 347 2062 356 2063 347 2064 357 2065 356 2066 345 2067 346 2068 355 2069 346 2070 356 2071 355 2072 1083 2073 345 2074 1085 2075 345 2076 355 2077 1085 2078 349 2079 358 2080 350 2081 358 2082 348 2083 350 2084 347 2085 361 2086 348 2087 361 2088 362 2089 348 2090 346 2091 360 2092 347 2093 360 2094 361 2095 347 2096 345 2097 359 2098 346 2099 359 2100 360 2101 346 2102 351 2103 350 2104 362 2105 350 2106 348 2107 362 2108 1083 2109 1084 2110 345 2111 1084 2112 359 2113 345 2114 267 2115 364 2116 266 2117 364 2118 363 2119 266 2120 268 2121 365 2122 267 2123 365 2124 364 2125 267 2126 1088 2127 264 2128 366 2129 268 2130 265 2131 365 2132 265 2133 1085 2134 365 2135 1085 2136 368 2137 365 2138 369 2139 364 2140 368 2141 364 2142 365 2143 368 2144 370 2145 363 2146 369 2147 363 2148 364 2149 369 2150 370 2151 371 2152 363 2153 371 2154 366 2155 363 2156 266 2157 363 2158 264 2159 363 2160 366 2161 264 2162 367 2163 1088 2164 371 2165 1088 2166 366 2167 371 2168 357 2169 358 2170 370 2171 358 2172 371 2173 370 2174 357 2175 370 2176 356 2177 370 2178 369 2179 356 2180 356 2181 369 2182 355 2183 369 2184 368 2185 355 2186 349 2187 352 2188 367 2189 352 2190 1086 2191 367 2192 1086 2193 1088 2194 367 2195 376 2196 362 2197 377 2198 362 2199 361 2200 377 2201 377 2202 361 2203 378 2204 361 2205 360 2206 378 2207 378 2208 360 2209 379 2210 360 2211 359 2212 379 2213 272 2214 374 2215 271 2216 374 2217 375 2218 271 2219 273 2220 373 2221 272 2222 373 2223 374 2224 272 2225 270 2226 372 2227 273 2228 372 2229 373 2230 273 2231 271 2232 375 2233 269 2234 375 2235 1084 2236 269 2237 1082 2238 372 2239 270 2240 355 2241 368 2242 1085 2243 374 2244 378 2245 375 2246 378 2247 379 2248 375 2249 373 2250 377 2251 374 2252 377 2253 378 2254 374 2255 372 2256 376 2257 373 2258 376 2259 377 2260 373 2261 351 2262 380 2263 354 2264 380 2265 1081 2266 354 2267 1082 2268 380 2269 372 2270 380 2271 376 2272 372 2273 351 2274 362 2275 380 2276 362 2277 376 2278 380 2279 375 2280 379 2281 1084 2282 359 2283 1084 2284 379 2285 386 2286 602 2287 387 2288 602 2289 599 2290 388 2291 602 2292 388 2293 387 2294 602 2295 386 2296 385 2297 1089 2298 383 2299 818 2300 383 2301 384 2302 818 2303 1090 2304 381 2305 1089 2306 381 2307 383 2308 1089 2309 1095 2310 382 2311 1090 2312 382 2313 381 2314 1090 2315 593 2316 382 2317 1094 2318 382 2319 1095 2320 1094 2321 1151 2322 1150 2323 411 2324 1150 2325 410 2326 411 2327 1150 2328 1147 2329 410 2330 1147 2331 1120 2332 410 2333 439 2334 616 2335 443 2336 616 2337 615 2338 443 2339 441 2340 462 2341 440 2342 462 2343 1152 2344 440 2345 400 2346 399 2347 401 2348 399 2349 402 2350 401 2351 399 2352 398 2353 402 2354 398 2355 403 2356 402 2357 397 2358 404 2359 398 2360 404 2361 403 2362 398 2363 396 2364 405 2365 397 2366 405 2367 404 2368 397 2369 395 2370 406 2371 396 2372 406 2373 405 2374 396 2375 395 2376 394 2377 406 2378 394 2379 407 2380 406 2381 393 2382 408 2383 394 2384 408 2385 407 2386 394 2387 392 2388 409 2389 393 2390 409 2391 408 2392 393 2393 1119 2394 412 2395 416 2396 412 2397 419 2398 416 2399 431 2400 413 2401 430 2402 413 2403 389 2404 430 2405 445 2406 1136 2407 447 2408 1136 2409 412 2410 447 2411 410 2412 1120 2413 420 2414 1120 2415 417 2416 420 2417 439 2418 443 2419 452 2420 443 2421 1137 2422 452 2423 432 2424 423 2425 431 2426 423 2427 413 2428 431 2429 441 2430 439 2431 462 2432 439 2433 452 2434 462 2435 433 2436 424 2437 432 2438 424 2439 423 2440 432 2441 444 2442 442 2443 472 2444 442 2445 1153 2446 472 2447 434 2448 425 2449 433 2450 425 2451 424 2452 433 2453 435 2454 426 2455 434 2456 426 2457 425 2458 434 2459 436 2460 427 2461 435 2462 427 2463 426 2464 435 2465 437 2466 428 2467 436 2468 428 2469 427 2470 436 2471 415 2472 414 2473 859 2474 414 2475 857 2476 859 2477 828 2478 390 2479 422 2480 870 2481 429 2482 437 2483 429 2484 428 2485 437 2486 836 2487 391 2488 1103 2489 1124 2490 1111 2491 715 2492 1111 2493 1134 2494 715 2495 1102 2496 1103 2497 391 2498 1101 2499 1102 2500 391 2501 643 2502 863 2503 620 2504 863 2505 1122 2506 620 2507 1101 2508 391 2509 1100 2510 1112 2511 1125 2512 846 2513 1125 2514 418 2515 846 2516 390 2517 1097 2518 1098 2519 390 2520 1098 2521 1099 2522 390 2523 828 2524 1097 2525 390 2526 1099 2527 1100 2528 1124 2529 715 2530 1123 2531 715 2532 1126 2533 1123 2534 1100 2535 391 2536 390 2537 845 2538 438 2539 1110 2540 438 2541 1127 2542 1110 2543 1110 2544 1127 2545 1109 2546 1127 2547 1128 2548 1109 2549 1109 2550 1128 2551 1108 2552 1128 2553 1129 2554 1108 2555 1108 2556 1129 2557 1107 2558 1129 2559 1130 2560 1107 2561 1107 2562 1130 2563 1106 2564 1130 2565 1131 2566 1106 2567 1106 2568 1131 2569 1105 2570 1131 2571 1132 2572 1105 2573 1105 2574 1132 2575 1104 2576 1132 2577 1133 2578 1104 2579 1104 2580 1133 2581 837 2582 1133 2583 877 2584 837 2585 420 2586 1121 2587 410 2588 1121 2589 1118 2590 410 2591 1118 2592 1117 2593 410 2594 1117 2595 1116 2596 410 2597 1116 2598 411 2599 410 2600 864 2601 1121 2602 420 2603 1115 2604 411 2605 1116 2606 1114 2607 411 2608 1115 2609 1113 2610 411 2611 1114 2612 411 2613 1113 2614 421 2615 421 2616 1113 2617 850 2618 1135 2619 614 2620 1136 2621 614 2622 412 2623 1136 2624 836 2625 867 2626 391 2627 414 2628 415 2629 1142 2630 415 2631 1146 2632 1142 2633 1158 2634 442 2635 1157 2636 442 2637 619 2638 1157 2639 617 2640 441 2641 618 2642 441 2643 440 2644 618 2645 439 2646 441 2647 616 2648 441 2649 617 2650 616 2651 447 2652 412 2653 446 2654 412 2655 1119 2656 446 2657 1154 2658 411 2659 899 2660 411 2661 421 2662 899 2663 1096 2664 444 2665 827 2666 1096 2667 442 2668 444 2669 1091 2670 442 2671 1096 2672 1092 2673 442 2674 1091 2675 442 2676 1092 2677 619 2678 619 2679 1092 2680 1093 2681 445 2682 447 2683 448 2684 448 2685 447 2686 449 2687 449 2688 447 2689 450 2690 450 2691 447 2692 446 2693 544 2694 440 2695 543 2696 1151 2697 411 2698 551 2699 411 2700 549 2701 550 2702 544 2703 545 2704 440 2705 442 2706 547 2707 546 2708 1158 2709 548 2710 442 2711 440 2712 545 2713 1155 2714 1138 2715 1139 2716 1144 2717 1139 2718 455 2719 1144 2720 1139 2721 1140 2722 455 2723 1140 2724 454 2725 455 2726 1140 2727 1141 2728 454 2729 1141 2730 453 2731 454 2732 1141 2733 1143 2734 453 2735 1143 2736 451 2737 453 2738 1154 2739 549 2740 411 2741 1144 2742 455 2743 1149 2744 455 2745 465 2746 1149 2747 455 2748 454 2749 465 2750 454 2751 464 2752 465 2753 454 2754 1145 2755 464 2756 1145 2757 463 2758 464 2759 1145 2760 1148 2761 463 2762 1148 2763 461 2764 463 2765 457 2766 460 2767 461 2768 460 2769 463 2770 461 2771 460 2772 459 2773 463 2774 459 2775 464 2776 463 2777 459 2778 458 2779 464 2780 458 2781 465 2782 464 2783 458 2784 456 2785 465 2786 456 2787 1149 2788 465 2789 1153 2790 442 2791 546 2792 411 2793 550 2794 551 2795 467 2796 470 2797 898 2798 470 2799 475 2800 898 2801 470 2802 469 2803 475 2804 469 2805 474 2806 475 2807 469 2808 468 2809 474 2810 468 2811 473 2812 474 2813 468 2814 466 2815 473 2816 466 2817 471 2818 473 2819 442 2820 548 2821 547 2822 543 2823 440 2824 1152 2825 477 2826 480 2827 667 2828 480 2829 670 2830 667 2831 480 2832 479 2833 670 2834 479 2835 669 2836 670 2837 479 2838 478 2839 669 2840 478 2841 668 2842 669 2843 478 2844 476 2845 668 2846 476 2847 666 2848 668 2849 618 2850 440 2851 1156 2852 440 2853 1155 2854 1156 2855 481 2856 482 2857 483 2858 482 2859 484 2860 483 2861 1159 2862 1163 2863 1165 2864 1163 2865 1166 2866 1165 2867 1164 2868 1162 2869 488 2870 1162 2871 486 2872 488 2873 1161 2874 1160 2875 485 2876 1160 2877 487 2878 485 2879 493 2880 489 2881 498 2882 489 2883 496 2884 498 2885 494 2886 493 2887 499 2888 493 2889 498 2890 499 2891 495 2892 494 2893 500 2894 494 2895 499 2896 500 2897 497 2898 504 2899 500 2900 504 2901 495 2902 500 2903 507 2904 503 2905 1181 2906 502 2907 506 2908 501 2909 506 2910 505 2911 501 2912 501 2913 505 2914 497 2915 505 2916 504 2917 497 2918 507 2919 506 2920 503 2921 506 2922 502 2923 503 2924 539 2925 542 2926 538 2927 542 2928 541 2929 538 2930 538 2931 541 2932 537 2933 541 2934 540 2935 537 2936 1183 2937 524 2938 1182 2939 524 2940 523 2941 1182 2942 1175 2943 518 2944 1176 2945 518 2946 519 2947 1176 2948 1173 2949 515 2950 1174 2951 515 2952 517 2953 1174 2954 1179 2955 521 2956 1180 2957 521 2958 522 2959 1180 2960 1188 2961 491 2962 539 2963 491 2964 542 2965 539 2966 1172 2967 514 2968 1171 2969 514 2970 513 2971 1171 2972 1177 2973 516 2974 1178 2975 516 2976 520 2977 1178 2978 1170 2979 512 2980 1169 2981 512 2982 508 2983 1169 2984 1184 2985 525 2986 1183 2987 525 2988 524 2989 1183 2990 492 2991 511 2992 490 2993 511 2994 509 2995 490 2996 1182 2997 523 2998 1172 2999 523 3000 514 3001 1172 3002 1176 3003 519 3004 1177 3005 519 3006 516 3007 1177 3008 1174 3009 517 3010 1175 3011 517 3012 518 3013 1175 3014 1180 3015 522 3016 492 3017 522 3018 511 3019 492 3020 1178 3021 520 3022 1179 3023 520 3024 521 3025 1179 3026 1185 3027 526 3028 1184 3029 526 3030 525 3031 1184 3032 1171 3033 513 3034 1170 3035 513 3036 512 3037 1170 3038 1187 3039 527 3040 510 3041 527 3042 528 3043 510 3044 527 3045 529 3046 528 3047 529 3048 530 3049 528 3050 529 3051 531 3052 530 3053 531 3054 532 3055 530 3056 531 3057 533 3058 532 3059 533 3060 534 3061 532 3062 526 3063 1196 3064 944 3065 526 3066 1194 3067 1196 3068 526 3069 1192 3070 1194 3071 526 3072 1191 3073 1192 3074 511 3075 1190 3076 509 3077 511 3078 1193 3079 1190 3080 511 3081 1195 3082 1193 3083 511 3084 943 3085 1195 3086 943 3087 511 3088 535 3089 526 3090 944 3091 536 3092 507 3093 1181 3094 540 3095 1181 3096 537 3097 540 3098 1198 3099 1197 3100 1199 3101 490 3102 1199 3103 492 3104 1199 3105 1197 3106 492 3107 1187 3108 510 3109 1188 3110 510 3111 491 3112 1188 3113 1191 3114 526 3115 1168 3116 526 3117 1185 3118 1168 3119 1167 3120 1168 3121 1189 3122 1168 3123 1185 3124 1189 3125 1186 3126 1167 3127 1189 3128 457 3129 1207 3130 460 3131 1207 3132 554 3133 460 3134 460 3135 554 3136 459 3137 554 3138 553 3139 459 3140 459 3141 553 3142 458 3143 553 3144 552 3145 458 3146 458 3147 552 3148 456 3149 552 3150 1200 3151 456 3152 1201 3153 1200 3154 564 3155 1200 3156 552 3157 564 3158 552 3159 553 3160 564 3161 553 3162 563 3163 564 3164 553 3165 554 3166 563 3167 554 3168 562 3169 563 3170 1206 3171 562 3172 1207 3173 562 3174 554 3175 1207 3176 1202 3177 1201 3178 590 3179 561 3180 564 3181 560 3182 564 3183 563 3184 560 3185 560 3186 563 3187 559 3188 563 3189 562 3190 559 3191 559 3192 577 3193 568 3194 577 3195 581 3196 568 3197 557 3198 558 3199 567 3200 558 3201 568 3202 567 3203 556 3204 557 3205 566 3206 557 3207 567 3208 566 3209 555 3210 556 3211 565 3212 556 3213 566 3214 565 3215 1203 3216 555 3217 1205 3218 555 3219 565 3220 1205 3221 559 3222 568 3223 560 3224 568 3225 558 3226 560 3227 557 3228 571 3229 558 3230 571 3231 572 3232 558 3233 556 3234 570 3235 557 3236 570 3237 571 3238 557 3239 555 3240 569 3241 556 3242 569 3243 570 3244 556 3245 561 3246 560 3247 572 3248 560 3249 558 3250 572 3251 1203 3252 1204 3253 555 3254 1204 3255 569 3256 555 3257 469 3258 574 3259 468 3260 574 3261 573 3262 468 3263 470 3264 575 3265 469 3266 575 3267 574 3268 469 3269 1208 3270 466 3271 576 3272 470 3273 467 3274 575 3275 467 3276 1205 3277 575 3278 1205 3279 578 3280 575 3281 579 3282 574 3283 578 3284 574 3285 575 3286 578 3287 580 3288 573 3289 579 3290 573 3291 574 3292 579 3293 580 3294 581 3295 573 3296 581 3297 576 3298 573 3299 468 3300 573 3301 466 3302 573 3303 576 3304 466 3305 577 3306 1208 3307 581 3308 1208 3309 576 3310 581 3311 567 3312 568 3313 580 3314 568 3315 581 3316 580 3317 567 3318 580 3319 566 3320 580 3321 579 3322 566 3323 566 3324 579 3325 565 3326 579 3327 578 3328 565 3329 559 3330 562 3331 577 3332 562 3333 1206 3334 577 3335 1206 3336 1208 3337 577 3338 586 3339 572 3340 587 3341 572 3342 571 3343 587 3344 587 3345 571 3346 588 3347 571 3348 570 3349 588 3350 588 3351 570 3352 589 3353 570 3354 569 3355 589 3356 479 3357 584 3358 478 3359 584 3360 585 3361 478 3362 480 3363 583 3364 479 3365 583 3366 584 3367 479 3368 477 3369 582 3370 480 3371 582 3372 583 3373 480 3374 478 3375 585 3376 476 3377 585 3378 1204 3379 476 3380 1202 3381 582 3382 477 3383 565 3384 578 3385 1205 3386 584 3387 588 3388 585 3389 588 3390 589 3391 585 3392 583 3393 587 3394 584 3395 587 3396 588 3397 584 3398 582 3399 586 3400 583 3401 586 3402 587 3403 583 3404 561 3405 590 3406 564 3407 590 3408 1201 3409 564 3410 1202 3411 590 3412 582 3413 590 3414 586 3415 582 3416 561 3417 572 3418 590 3419 572 3420 586 3421 590 3422 585 3423 589 3424 1204 3425 569 3426 1204 3427 589 3428 597 3429 598 3430 602 3431 602 3432 600 3433 599 3434 602 3435 598 3436 600 3437 602 3438 596 3439 597 3440 1209 3441 957 3442 594 3443 957 3444 595 3445 594 3446 1210 3447 1209 3448 591 3449 1209 3450 594 3451 591 3452 1213 3453 1210 3454 592 3455 1210 3456 591 3457 592 3458 593 3459 1094 3460 592 3461 1094 3462 1213 3463 592 3464 1266 3465 631 3466 1265 3467 631 3468 630 3469 1265 3470 1265 3471 630 3472 1262 3473 630 3474 1238 3475 1262 3476 660 3477 664 3478 616 3479 664 3480 615 3481 616 3482 662 3483 661 3484 688 3485 661 3486 1267 3487 688 3488 613 3489 621 3490 612 3491 621 3492 622 3493 612 3494 612 3495 622 3496 611 3497 622 3498 623 3499 611 3500 610 3501 611 3502 624 3503 611 3504 623 3505 624 3506 609 3507 610 3508 625 3509 610 3510 624 3511 625 3512 608 3513 609 3514 626 3515 609 3516 625 3517 626 3518 608 3519 626 3520 607 3521 626 3522 627 3523 607 3524 606 3525 607 3526 628 3527 607 3528 627 3529 628 3530 605 3531 606 3532 629 3533 606 3534 628 3535 629 3536 1237 3537 636 3538 632 3539 636 3540 639 3541 632 3542 652 3543 651 3544 633 3545 651 3546 601 3547 633 3548 671 3549 673 3550 1251 3551 673 3552 632 3553 1251 3554 630 3555 640 3556 1238 3557 640 3558 637 3559 1238 3560 660 3561 678 3562 664 3563 678 3564 1252 3565 664 3566 653 3567 652 3568 644 3569 652 3570 633 3571 644 3572 662 3573 688 3574 660 3575 688 3576 678 3577 660 3578 654 3579 653 3580 645 3581 653 3582 644 3583 645 3584 665 3585 698 3586 663 3587 698 3588 1268 3589 663 3590 655 3591 654 3592 646 3593 654 3594 645 3595 646 3596 656 3597 655 3598 647 3599 655 3600 646 3601 647 3602 657 3603 656 3604 648 3605 656 3606 647 3607 648 3608 658 3609 657 3610 649 3611 657 3612 648 3613 649 3614 635 3615 996 3616 634 3617 996 3618 994 3619 634 3620 965 3621 642 3622 603 3623 1006 3624 658 3625 650 3626 658 3627 649 3628 650 3629 973 3630 1221 3631 604 3632 1242 3633 715 3634 1229 3635 715 3636 1134 3637 1229 3638 1220 3639 604 3640 1221 3641 1219 3642 604 3643 1220 3644 643 3645 620 3646 1000 3647 620 3648 1240 3649 1000 3650 1219 3651 1218 3652 604 3653 1230 3654 983 3655 1243 3656 983 3657 638 3658 1243 3659 603 3660 1216 3661 1215 3662 603 3663 1217 3664 1216 3665 603 3666 1215 3667 965 3668 603 3669 1218 3670 1217 3671 1242 3672 1241 3673 715 3674 1241 3675 1126 3676 715 3677 1218 3678 603 3679 604 3680 982 3681 1228 3682 659 3683 1228 3684 1244 3685 659 3686 1228 3687 1227 3688 1244 3689 1227 3690 1245 3691 1244 3692 1227 3693 1226 3694 1245 3695 1226 3696 1246 3697 1245 3698 1226 3699 1225 3700 1246 3701 1225 3702 1247 3703 1246 3704 1225 3705 1224 3706 1247 3707 1224 3708 1248 3709 1247 3710 1224 3711 1223 3712 1248 3713 1223 3714 1249 3715 1248 3716 1223 3717 1222 3718 1249 3719 1222 3720 1250 3721 1249 3722 1222 3723 974 3724 1250 3725 974 3726 1013 3727 1250 3728 640 3729 630 3730 1239 3731 1239 3732 630 3733 1236 3734 1236 3735 630 3736 1235 3737 1235 3738 630 3739 1234 3740 1234 3741 630 3742 631 3743 1001 3744 640 3745 1239 3746 1233 3747 1234 3748 631 3749 1232 3750 1233 3751 631 3752 1231 3753 1232 3754 631 3755 631 3756 641 3757 1231 3758 641 3759 987 3760 1231 3761 1135 3762 1251 3763 614 3764 1251 3765 632 3766 614 3767 973 3768 604 3769 1004 3770 634 3771 1257 3772 635 3773 1257 3774 1261 3775 635 3776 1271 3777 1157 3778 663 3779 1157 3780 619 3781 663 3782 617 3783 618 3784 662 3785 618 3786 661 3787 662 3788 660 3789 616 3790 662 3791 616 3792 617 3793 662 3794 673 3795 672 3796 632 3797 672 3798 1237 3799 632 3800 1269 3801 1033 3802 631 3803 1033 3804 641 3805 631 3806 1214 3807 964 3808 665 3809 1214 3810 665 3811 663 3812 1211 3813 1214 3814 663 3815 1212 3816 1211 3817 663 3818 663 3819 619 3820 1212 3821 619 3822 1093 3823 1212 3824 671 3825 674 3826 673 3827 674 3828 675 3829 673 3830 675 3831 676 3832 673 3833 676 3834 672 3835 673 3836 771 3837 770 3838 661 3839 1266 3840 778 3841 631 3842 631 3843 777 3844 776 3845 771 3846 661 3847 772 3848 663 3849 773 3850 774 3851 1271 3852 663 3853 775 3854 661 3855 1270 3856 772 3857 1253 3858 1259 3859 1254 3860 1259 3861 681 3862 1254 3863 1254 3864 681 3865 1255 3866 681 3867 680 3868 1255 3869 1255 3870 680 3871 1256 3872 680 3873 679 3874 1256 3875 1256 3876 679 3877 1258 3878 679 3879 677 3880 1258 3881 1269 3882 631 3883 776 3884 1259 3885 1264 3886 681 3887 1264 3888 691 3889 681 3890 681 3891 691 3892 680 3893 691 3894 690 3895 680 3896 680 3897 690 3898 1260 3899 690 3900 689 3901 1260 3902 1260 3903 689 3904 1263 3905 689 3906 687 3907 1263 3908 683 3909 687 3910 686 3911 687 3912 689 3913 686 3914 686 3915 689 3916 685 3917 689 3918 690 3919 685 3920 685 3921 690 3922 684 3923 690 3924 691 3925 684 3926 684 3927 691 3928 682 3929 691 3930 1264 3931 682 3932 1268 3933 773 3934 663 3935 631 3936 778 3937 777 3938 693 3939 1032 3940 696 3941 1032 3942 701 3943 696 3944 696 3945 701 3946 695 3947 701 3948 700 3949 695 3950 695 3951 700 3952 694 3953 700 3954 699 3955 694 3956 694 3957 699 3958 692 3959 699 3960 697 3961 692 3962 663 3963 774 3964 775 3965 770 3966 1267 3967 661 3968 703 3969 667 3970 706 3971 667 3972 670 3973 706 3974 706 3975 670 3976 705 3977 670 3978 669 3979 705 3980 705 3981 669 3982 704 3983 669 3984 668 3985 704 3986 704 3987 668 3988 702 3989 668 3990 666 3991 702 3992 618 3993 1156 3994 661 3995 1156 3996 1270 3997 661 3998 707 3999 709 4000 708 4001 709 4002 710 4003 708 4004 1272 4005 1278 4006 1276 4007 1278 4008 1279 4009 1276 4010 1277 4011 714 4012 1275 4013 714 4014 712 4015 1275 4016 1274 4017 711 4018 1273 4019 711 4020 713 4021 1273 4022 720 4023 725 4024 716 4025 725 4026 723 4027 716 4028 721 4029 726 4030 720 4031 726 4032 725 4033 720 4034 722 4035 727 4036 721 4037 727 4038 726 4039 721 4040 724 4041 727 4042 731 4043 727 4044 722 4045 731 4046 734 4047 1294 4048 730 4049 729 4050 728 4051 733 4052 728 4053 732 4054 733 4055 728 4056 724 4057 732 4058 724 4059 731 4060 732 4061 734 4062 730 4063 733 4064 730 4065 729 4066 733 4067 766 4068 765 4069 769 4070 765 4071 768 4072 769 4073 765 4074 764 4075 768 4076 764 4077 767 4078 768 4079 1296 4080 1295 4081 751 4082 1295 4083 750 4084 751 4085 1288 4086 1289 4087 745 4088 1289 4089 746 4090 745 4091 1286 4092 1287 4093 742 4094 1287 4095 744 4096 742 4097 1292 4098 1293 4099 748 4100 1293 4101 749 4102 748 4103 1301 4104 766 4105 718 4106 766 4107 769 4108 718 4109 1285 4110 1284 4111 741 4112 1284 4113 740 4114 741 4115 1290 4116 1291 4117 743 4118 1291 4119 747 4120 743 4121 1283 4122 1282 4123 739 4124 1282 4125 735 4126 739 4127 1297 4128 1296 4129 752 4130 1296 4131 751 4132 752 4133 719 4134 717 4135 738 4136 717 4137 736 4138 738 4139 1295 4140 1285 4141 750 4142 1285 4143 741 4144 750 4145 1289 4146 1290 4147 746 4148 1290 4149 743 4150 746 4151 1287 4152 1288 4153 744 4154 1288 4155 745 4156 744 4157 1293 4158 719 4159 749 4160 719 4161 738 4162 749 4163 1291 4164 1292 4165 747 4166 1292 4167 748 4168 747 4169 1298 4170 1297 4171 753 4172 1297 4173 752 4174 753 4175 1284 4176 1283 4177 740 4178 1283 4179 739 4180 740 4181 1300 4182 737 4183 754 4184 737 4185 755 4186 754 4187 754 4188 755 4189 756 4190 755 4191 757 4192 756 4193 756 4194 757 4195 758 4196 757 4197 759 4198 758 4199 758 4200 759 4201 760 4202 759 4203 761 4204 760 4205 753 4206 1076 4207 1309 4208 753 4209 1309 4210 1307 4211 753 4212 1307 4213 1305 4214 753 4215 1305 4216 1304 4217 738 4218 736 4219 1303 4220 738 4221 1303 4222 1306 4223 738 4224 1306 4225 1308 4226 738 4227 1308 4228 1075 4229 1075 4230 762 4231 738 4232 753 4233 763 4234 1076 4235 734 4236 767 4237 1294 4238 767 4239 764 4240 1294 4241 1311 4242 1312 4243 1310 4244 717 4245 719 4246 1312 4247 719 4248 1310 4249 1312 4250 1300 4251 1301 4252 737 4253 1301 4254 718 4255 737 4256 1304 4257 1281 4258 753 4259 1281 4260 1298 4261 753 4262 1280 4263 1302 4264 1281 4265 1302 4266 1298 4267 1281 4268 1299 4269 1302 4270 1280 4271 683 4272 686 4273 1320 4274 686 4275 781 4276 1320 4277 686 4278 685 4279 781 4280 685 4281 780 4282 781 4283 685 4284 684 4285 780 4286 684 4287 779 4288 780 4289 684 4290 682 4291 779 4292 682 4293 1313 4294 779 4295 1314 4296 791 4297 1313 4298 791 4299 779 4300 1313 4301 779 4302 791 4303 780 4304 791 4305 790 4306 780 4307 780 4308 790 4309 781 4310 790 4311 789 4312 781 4313 1319 4314 1320 4315 789 4316 1320 4317 781 4318 789 4319 1315 4320 817 4321 1314 4322 788 4323 787 4324 791 4325 787 4326 790 4327 791 4328 787 4329 786 4330 790 4331 786 4332 789 4333 790 4334 786 4335 795 4336 804 4337 795 4338 808 4339 804 4340 784 4341 794 4342 785 4343 794 4344 795 4345 785 4346 783 4347 793 4348 784 4349 793 4350 794 4351 784 4352 782 4353 792 4354 783 4355 792 4356 793 4357 783 4358 1316 4359 1318 4360 782 4361 1318 4362 792 4363 782 4364 786 4365 787 4366 795 4367 787 4368 785 4369 795 4370 784 4371 785 4372 798 4373 785 4374 799 4375 798 4376 783 4377 784 4378 797 4379 784 4380 798 4381 797 4382 782 4383 783 4384 796 4385 783 4386 797 4387 796 4388 788 4389 799 4390 787 4391 799 4392 785 4393 787 4394 1316 4395 782 4396 1317 4397 782 4398 796 4399 1317 4400 695 4401 694 4402 801 4403 694 4404 800 4405 801 4406 696 4407 695 4408 802 4409 695 4410 801 4411 802 4412 1321 4413 803 4414 692 4415 696 4416 802 4417 693 4418 802 4419 1318 4420 693 4421 1318 4422 802 4423 805 4424 806 4425 805 4426 801 4427 805 4428 802 4429 801 4430 807 4431 806 4432 800 4433 806 4434 801 4435 800 4436 807 4437 800 4438 808 4439 800 4440 803 4441 808 4442 694 4443 692 4444 800 4445 692 4446 803 4447 800 4448 804 4449 808 4450 1321 4451 808 4452 803 4453 1321 4454 794 4455 807 4456 795 4457 807 4458 808 4459 795 4460 794 4461 793 4462 807 4463 793 4464 806 4465 807 4466 793 4467 792 4468 806 4469 792 4470 805 4471 806 4472 786 4473 804 4474 789 4475 804 4476 1319 4477 789 4478 1319 4479 804 4480 1321 4481 813 4482 814 4483 799 4484 814 4485 798 4486 799 4487 814 4488 815 4489 798 4490 815 4491 797 4492 798 4493 815 4494 816 4495 797 4496 816 4497 796 4498 797 4499 705 4500 704 4501 811 4502 704 4503 812 4504 811 4505 706 4506 705 4507 810 4508 705 4509 811 4510 810 4511 703 4512 706 4513 809 4514 706 4515 810 4516 809 4517 704 4518 702 4519 812 4520 702 4521 1317 4522 812 4523 1315 4524 703 4525 809 4526 792 4527 1318 4528 805 4529 811 4530 812 4531 815 4532 812 4533 816 4534 815 4535 810 4536 811 4537 814 4538 811 4539 815 4540 814 4541 809 4542 810 4543 813 4544 810 4545 814 4546 813 4547 788 4548 791 4549 817 4550 791 4551 1314 4552 817 4553 1315 4554 809 4555 817 4556 809 4557 813 4558 817 4559 788 4560 817 4561 799 4562 817 4563 813 4564 799 4565 812 4566 1317 4567 816 4568 796 4569 816 4570 1317 4571</p>
				</triangles>
			</mesh>
		</geometry>
		<geometry id="3818v2-mesh" name="3818v2">
			<mesh>
				<source id="3818v2-mesh-positions">
					<float_array id="3818v2-mesh-positions-array" count="2079">3.2 -0.643 0.647 3.2 -0.841 0.35 3.2 -0.911 0 3.2 -0.841 -0.35 3.2 -0.643 -0.647 3.2 -0.346 -0.845 3.2 0.004 -0.915 3.2 0.354 -0.845 3.2 0.651 -0.647 3.2 0.849 -0.35 3.2 0.919 0 3.2 0.849 0.35 3.2 0.651 0.647 -0.841 1.916 1.768 -1.121 0.365 3.386 -1.755 0.402 3.212 -1.537 1.857 1.42 -2.238 0.306 2.864 -2.719 0.051 2.41 -2.091 1.564 0.897 -2.367 1.108 0.327 -2.995 -0.404 1.839 -2.157 1.338 -0.568 -2.326 1.227 0.169 -2.189 1.364 -0.38 -2.133 1.278 -0.749 -1.846 1.954 -0.309 -1.743 1.436 -1.432 -1.756 1.642 -1.194 -2.118 1.186 -0.914 -2.113 1.06 -1.056 -1.774 1.798 -0.92 -1.805 1.904 -0.622 -1.898 1.947 0.011 -2.276 1.308 -0.004 -2.229 1.354 -0.19 -0.71 2.591 0.434 -0.751 2.459 0.92 -0.796 2.235 1.373 -1.476 2.117 1.059 -1.959 1.88 0.326 -2.027 1.754 0.626 -0.606 1.85 -1.846 -1.217 1.715 -1.711 -0.613 2.178 -1.474 -0.625 2.417 -1.037 -0.647 2.568 -0.562 -0.675 2.628 -0.066 -1.226 1.991 -1.391 -1.243 2.2 -1.022 -1.271 2.338 -0.62 -1.31 2.402 -0.197 -1.358 2.387 0.233 -1.414 2.292 0.656 -1.537 -1.416 -1.853 -1.756 1.198 -1.638 -2.326 -0.165 -1.223 -2.027 -0.622 -1.75 -2.091 -0.893 -1.56 -2.367 -0.323 -1.104 -1.898 -0.007 -1.943 -2.276 0.008 -1.304 -1.959 -0.322 -1.876 -2.229 0.194 -1.35 -1.846 0.313 -1.95 -1.805 0.626 -1.9 -1.774 0.924 -1.795 -2.189 0.384 -1.36 -2.157 0.572 -1.334 -2.118 0.918 -1.182 -2.133 0.752 -1.274 -0.675 0.07 -2.624 -0.647 0.566 -2.564 -0.625 1.041 -2.413 -0.613 1.478 -2.174 -0.841 -1.764 -1.912 -0.796 -1.37 -2.231 -0.751 -0.916 -2.455 -0.71 -0.43 -2.587 -1.476 -1.055 -2.113 -1.414 -0.652 -2.288 -1.358 -0.229 -2.383 -1.226 1.395 -1.987 -1.243 1.026 -2.196 -1.271 0.624 -2.334 -1.31 0.201 -2.398 -1.2 0.004 0 -1.2 0.004 0.915 -1.2 0.354 0.845 -1.2 0.651 0.647 -1.2 0.849 0.35 -1.2 0.919 0 -1.2 0.849 -0.35 -1.2 0.651 -0.647 -1.2 0.354 -0.845 -1.2 0.004 -0.915 -1.2 -0.346 -0.845 -1.2 -0.643 -0.647 -1.2 -0.841 -0.35 -1.2 -0.911 0 -1.2 -0.841 0.35 -1.2 -0.643 0.647 -1.2 -0.346 0.845 -2.98 -1.799 0.372 -2.74 -2.28 -0.009 -2.221 -2.789 -0.303 -1.655 -3.107 -0.386 -1.106 -3.346 -0.398 -3.52 -1.648 3.078 -3.607 -3.264 1.854 -3.273 -2.453 1.033 -3.725 -2.182 3.668 -2.321 -0.699 4.278 -2.821 -0.863 4.005 -2.961 -1.3 4.508 -3.285 -1.198 3.556 -3.46 -1.678 4.106 -1.909 -0.645 4.396 -3.022 -0.572 2.957 -2.544 -0.262 3.44 -2.084 -0.179 3.692 -3.267 -1.017 2.443 -1.578 -0.147 3.899 0 2.206 1.471 -0.007 1.776 1.976 -0.284 1.34 2.412 -0.703 0.798 2.953 -0.029 -1.934 -1.805 0 -1.547 -2.137 0 -1.076 -2.411 0 -0.576 -2.579 0 0.445 -2.613 0 -0.054 -2.643 0 1.471 -2.197 0 1.015 -2.442 0 1.871 -1.868 0 2.199 -1.467 0 2.443 -1.011 0 2.652 0 0 2.587 -0.549 0 2.593 0.562 0 2.45 1.013 -0.276 -2.402 -1.341 -0.707 -2.932 -0.811 -3.346 -3.613 1.372 -2.575 -3.385 0.333 -1.63 -3.916 0.172 -2.008 -3.742 0.195 -1.999 -4.677 0.933 -2.98 -4.071 1.098 -2.382 -4.488 0.954 -3.015 -2.94 0.622 -2 -1.064 4.839 -3.463 -1.864 4.634 -3.848 -2.535 5.46 -3.807 -2.489 4.43 -2 -1.212 5.082 -2.494 -1.303 4.984 -2.849 -1.399 4.901 -2.418 -1.09 4.73 -3.414 -1.886 5.46 -0.717 0.294 3.345 -1.177 -0.771 4.268 -0.988 -0.254 3.81 0 0.3 2.452 0 -0.451 2.6 -0.08 -0.156 2.894 0 -1.251 2.827 -0.562 -1.04 3.997 -0.467 -0.487 3.577 -0.112 -0.87 3.195 -0.135 -1.5 3.537 -0.146 -2.042 4.005 0 -2.219 3.632 0 -1.787 3.158 -0.332 0.116 3.166 -0.049 0.484 2.641 -0.019 1.215 2.291 -0.081 1.281 2.357 -0.205 0.652 2.809 0 1.143 2.219 -0.174 1.324 2.4 -0.443 0.763 2.919 -0.58 -4.288 1.389 -0.499 -3.647 0.609 -0.332 -3.14 -0.134 -0.716 -3.319 -0.312 -1.295 -4.66 1.06 -0.125 -3.844 1.929 -0.174 -2.389 -1.328 -0.08 -2.959 0.057 -0.049 -2.654 -0.53 -0.443 -2.9 -0.774 -0.205 -2.79 -0.663 -0.019 -2.279 -1.218 -0.005 -2.855 0.164 0 -2.553 -0.467 0 -2.217 -1.166 -0.081 -2.345 -1.284 -0.12 -3.376 0.878 0 -3.804 2.275 0 -3.25 1.036 -1.049 -3.914 0.292 -1.999 -4.908 1.2 -2.511 -4.709 1.228 -2 -5.253 1.982 -2 -5.136 1.607 -2 -5.296 2.381 -3.526 -3.899 2.038 -3.505 -3.867 1.855 -3.42 -3.731 1.541 -3.071 -4.225 1.304 -2.676 -5.014 2.24 -3.279 -4.465 2.104 -2.591 -4.869 1.541 -3.233 -4.441 1.825 -2.644 -4.974 1.876 -3.464 -3.815 1.689 -3.168 -4.361 1.57 -3.776 -3.288 2.842 -4 -3.3 5.46 -2 -1.3 5.46 -2.765 -1.452 5.46 -1.235 -1.452 5.46 -0.586 -1.886 5.46 -0.152 -2.535 5.46 0 -3.3 5.46 0 -2.591 4.438 -0.586 -1.528 4.464 -1.229 -1.206 4.725 -1.229 -1.378 5.014 -0.16 -2.392 4.594 -0.586 -1.761 4.855 -0.18 -4.045 2.142 -0.575 -4.544 1.759 -0.152 -4.065 2.381 -0.576 -4.66 2.066 -0.586 -4.714 2.381 -1.241 -5.148 2.059 -1.235 -5.195 2.381 -1.269 -5.077 1.746 -1.309 -4.861 1.311 -2.73 -5.071 2.955 -2 -5.297 3.053 -2.76 -5.088 4.389 -3.906 -3.298 4.359 -3.761 -4.015 4.328 -3.371 -4.651 4.352 -3.659 -3.927 2.801 -3.364 -4.529 2.853 -2 -5.296 4.43 -2 -5.3 5.46 -2.765 -5.148 5.46 -3.848 -4.065 5.46 -3.414 -4.714 5.46 -2 -3.3 1.9 -2.44 -2.238 1.9 -2.813 -2.487 1.9 -3.062 -2.86 1.9 -3.15 -3.3 1.9 -3.062 -3.74 1.9 -2.813 -4.113 1.9 -2.44 -4.362 1.9 -2 -4.45 1.9 -1.56 -4.362 1.9 -1.187 -4.113 1.9 -0.938 -3.74 1.9 -0.85 -3.3 1.9 -0.938 -2.86 1.9 -1.187 -2.487 1.9 -1.56 -2.238 1.9 -2 -2.15 1.9 -2 -2.15 7.7 -1.56 -2.238 7.7 -1.187 -2.487 7.7 -0.938 -2.86 7.7 -0.85 -3.3 7.7 -0.938 -3.74 7.7 -1.187 -4.113 7.7 -1.56 -4.362 7.7 -2 -4.45 7.7 -2.44 -4.362 7.7 -2.813 -4.113 7.7 -3.062 -3.74 7.7 -3.15 -3.3 7.7 -3.062 -2.86 7.7 -2.813 -2.487 7.7 -2.44 -2.238 7.7 -2 -1.3 7.7 -1.235 -1.452 7.7 -0.586 -1.886 7.7 -0.152 -2.535 7.7 0 -3.3 7.7 -0.152 -4.065 7.7 -0.586 -4.714 7.7 -1.235 -5.148 7.7 -2 -5.3 7.7 -2.765 -5.148 7.7 -3.414 -4.714 7.7 -3.848 -4.065 7.7 -4 -3.3 7.7 -3.848 -2.535 7.7 -3.414 -1.886 7.7 -2.765 -1.452 7.7 -0.152 -4.065 5.46 -0.586 -4.714 5.46 -1.235 -5.148 5.46 0 -3.801 3.053 -0.152 -4.065 3.053 -0.586 -4.714 3.053 0 -3.8 4.435 -1.235 -5.148 3.053 -0.586 -4.714 4.435 -0.152 -4.065 4.435 -1.235 -5.148 4.435 0 0.004 -1.887 0 0.726 -1.744 0 1.339 -1.335 0 1.748 -0.722 0 1.891 0 0 1.748 0.722 0 1.339 1.335 0 0.726 1.744 0 0.004 1.887 0 -0.718 1.744 0 -1.331 1.335 0 -1.74 0.722 0 -1.884 0 0 -1.74 -0.722 0 -1.331 -1.335 0 -0.718 -1.744 1 0.004 -1.887 1 0.726 -1.744 1 1.339 -1.335 1 1.748 -0.722 1 1.891 0 1 1.748 0.722 1 1.339 1.335 1 0.726 1.744 1 -0.718 1.744 1 -1.331 1.335 1 -1.74 0.722 1 -1.884 0 1 -1.74 -0.722 1 -1.331 -1.335 1 -0.718 -1.744 -2.367 0.393 -0.389 1 2.045 0 1.578 2.03 0 2.7 1.801 0 3.2 1.5 0 1 1.89 -0.781 1.578 1.876 -0.775 2.7 1.664 -0.688 3.2 1.386 -0.573 1 1.447 -1.444 1.578 1.437 -1.433 2.7 1.275 -1.271 3.2 1.062 -1.058 1 0.785 -1.886 1.578 0.779 -1.872 2.7 0.692 -1.66 3.2 0.576 -1.382 1 0.004 -2.042 1.578 0.004 -2.026 2.7 0.004 -1.797 3.2 0.004 -1.496 1 -0.777 -1.886 1.578 -0.771 -1.872 2.7 -0.684 -1.66 3.2 -0.569 -1.382 1 -1.44 -1.444 1.578 -1.429 -1.433 2.7 -1.267 -1.271 3.2 -1.054 -1.058 1 -1.882 -0.781 1.578 -1.868 -0.775 2.7 -1.656 -0.688 3.2 -1.378 -0.573 1 -2.038 0 1.578 -2.022 0 2.7 -1.793 0 3.2 -1.492 0 1 -1.882 0.781 1.578 -1.868 0.775 2.7 -1.656 0.688 3.2 -1.378 0.573 1 -1.44 1.444 1.578 -1.429 1.433 2.7 -1.267 1.271 3.2 -1.054 1.058 1 -0.777 1.886 1.578 -0.771 1.872 2.7 -0.684 1.66 3.2 -0.569 1.382 1 0.785 1.886 1.578 0.779 1.872 2.7 0.692 1.66 3.2 0.576 1.382 1 1.447 1.444 1.578 1.437 1.433 2.7 1.275 1.271 3.2 1.062 1.058 1 1.89 0.781 1.578 1.876 0.775 2.7 1.664 0.688 3.2 1.386 0.573 2.15 1.978 0 2.15 1.827 -0.755 2.15 1.399 -1.396 2.15 0.759 -1.823 2.15 0.004 -1.974 2.15 -0.751 -1.823 2.15 -1.392 -1.396 2.15 -1.819 -0.755 2.15 -1.97 0 2.15 -1.819 0.755 2.15 -1.392 1.396 2.15 -0.751 1.823 2.15 0.759 1.823 2.15 1.399 1.396 2.15 1.827 0.755 3.2 -0.346 0.845 1.194 -0.346 0.845 1.06 -0.32 0.851 0.947 -0.244 0.866 0.871 -0.13 0.888 0.844 0.004 0.915 0.871 0.138 0.888 0.947 0.252 0.866 1.06 0.327 0.851 1.194 0.354 0.845 3.2 0.354 0.845 3.2 -0.346 1.426 2.7 -0.346 1.727 2.15 -0.346 1.904 1.578 -0.346 1.956 1.194 -0.346 1.967 1.06 -0.32 1.976 1 -0.279 1.985 1 -0.279 1.831 0.947 -0.244 1.838 0.871 -0.13 1.861 0.844 0.004 1.887 0.871 0.138 1.861 0.947 0.252 1.838 1 0.287 1.831 1 0.287 1.985 1.06 0.327 1.976 1.194 0.354 1.967 1.578 0.354 1.956 2.15 0.354 1.904 2.7 0.354 1.727 3.2 0.354 1.426 0 -2.728 5.46 0 -2.8 7.7 0 -3.8 7.7 0 -3.8 5.46 0 -3.3 4.433 0 -3.3 3.587 -2.518 0.535 1.926 -1.463 0.886 2.751 -2.021 0.787 2.415 -2.797 0.073 1.362 -2.8 -1.366 -0.062 -2.549 -1.871 -0.466 -2.017 -2.38 -0.766 -1.408 -2.699 -0.849 -2.543 -0.038 0.028 -1.777 -1.899 -1.309 -2.529 0.717 0.718 -2.312 -1.366 -1.032 -2.556 -0.78 -0.648 -1.116 -2.218 -1.396 -2.277 1.116 1.345 -1.137 1.427 2.235 -2.528 0.719 0.716 -1.766 1.351 1.891 0 1.471 -2.197 0 1.015 -2.442 0 -2.553 -0.467 0 -2.217 -1.166 -1.2 -0.643 0.647 -1.2 -0.841 0.35 -1.2 -0.911 0 -1.2 -0.841 -0.35 -1.2 -0.643 -0.647 -1.2 -0.346 -0.845 0.844 0.004 0.915 0.871 0.138 0.888 -1.2 0.919 0 -1.2 0.849 0.35 -1.2 0.849 -0.35 -1.2 0.651 0.647 -1.2 0.354 0.845 -1.2 0.651 -0.647 -1.2 0.354 -0.845 -1.2 0.004 -0.915 -1.2 -0.346 0.845 0 1.871 -1.868 0 2.199 -1.467 0 -3.25 1.036 -0.005 -2.855 0.164 0 0.445 -2.613 0 -0.054 -2.643 0 -0.576 -2.579 0 -1.076 -2.411 0 -0.451 2.6 0 -1.251 2.827 0 0.3 2.452 3.2 -0.346 -0.845 3.2 0.004 -0.915 0 1.143 2.219 -0.007 1.776 1.976 -1.2 0.004 0.915 3.2 0.354 -0.845 3.2 0.651 -0.647 3.2 0.849 -0.35 0 2.587 -0.549 0 2.443 -1.011 3.2 0.849 0.35 3.2 0.651 0.647 3.2 0.919 0 0 -1.547 -2.137 0 2.206 1.471 -0.85 -3.3 1.9 -0.938 -2.86 1.9 -2.44 -2.238 1.9 -2.813 -2.487 1.9 3.2 -0.841 -0.35 3.2 -0.643 -0.647 -3.062 -3.74 1.9 -2.813 -4.113 1.9 -2.44 -4.362 1.9 0 2.652 0 3.2 -0.841 0.35 3.2 -0.911 0 -1.56 -4.362 1.9 -1.187 -4.113 1.9 -3.062 -2.86 1.9 3.2 -0.643 0.647 0 -2.219 3.632 0 -1.787 3.158 -0.029 -1.934 -1.805 0 2.45 1.013 0 2.593 0.562 -1.187 -2.487 1.9 -1.56 -2.238 1.9 -2 -4.45 1.9 -0.938 -3.74 1.9 -3.15 -3.3 1.9 -2 -2.15 1.9 -1.56 -2.238 7.7 -2 -2.15 7.7 -1.187 -2.487 7.7 -0.938 -2.86 7.7 -0.85 -3.3 7.7 -0.938 -3.74 7.7 -1.187 -4.113 7.7 -1.56 -4.362 7.7 -2 -4.45 7.7 -2.44 -4.362 7.7 -2.813 -4.113 7.7 -3.062 -3.74 7.7 -3.15 -3.3 7.7 -3.062 -2.86 7.7 -2.813 -2.487 7.7 -2.44 -2.238 7.7 -1.235 -1.452 7.7 -2 -1.3 7.7 -0.586 -1.886 7.7 -0.152 -2.535 7.7 0 -2.8 7.7 0 -2.8 7.7 0 -3.8 7.7 0 -3.8 7.7 0 -3.3 7.7 -0.586 -4.714 7.7 -0.152 -4.065 7.7 -1.235 -5.148 7.7 -2 -5.3 7.7 -2.765 -5.148 7.7 -3.414 -4.714 7.7 -3.848 -4.065 7.7 -4 -3.3 7.7 -3.848 -2.535 7.7 -3.414 -1.886 7.7 -2.765 -1.452 7.7 0 -2.591 4.438 0 -3.804 2.275 0 -3.801 3.053 0 -3.8 4.435 0 0.726 -1.744 0 0.004 -1.887 0 1.339 -1.335 0 1.748 -0.722 0 1.891 0 0 1.748 0.722 0 1.339 1.335 0 0.726 1.744 0 0.004 1.887 0 -0.718 1.744 0 -1.331 1.335 0 -1.74 0.722 0 -1.884 0 0 -1.74 -0.722 0 -1.331 -1.335 0 -0.718 -1.744 1 0.004 -1.887 1 -0.718 -1.744 1 -1.331 -1.335 1 -1.74 -0.722 1 -1.884 0 1 -1.74 0.722 1 -1.331 1.335 1 -0.718 1.744 1 0.726 1.744 1 1.339 1.335 1 1.748 0.722 1 1.891 0 1 1.748 -0.722 1 1.339 -1.335 1 0.726 -1.744 3.2 1.5 0 3.2 1.386 -0.573 1 2.045 0 1 1.89 -0.781 3.2 1.062 -1.058 1 1.447 -1.444 3.2 0.576 -1.382 1 0.785 -1.886 3.2 0.004 -1.496 1 0.004 -2.042 3.2 -0.569 -1.382 1 -0.777 -1.886 3.2 -1.054 -1.058 1 -1.44 -1.444 3.2 -1.378 -0.573 1 -1.882 -0.781 3.2 -1.492 0 1 -2.038 0 3.2 -1.378 0.573 1 -1.882 0.781 3.2 -1.054 1.058 1 -1.44 1.444 3.2 -0.569 1.382 1 -0.777 1.886 3.2 0.354 0.845 3.2 0.354 0.845 3.2 -0.346 0.845 3.2 -0.346 0.845 3.2 0.576 1.382 3.2 1.062 1.058 1 0.785 1.886 1 1.447 1.444 3.2 1.386 0.573 1 1.89 0.781 1 -0.279 1.985 1 -0.279 1.985 1 -0.279 1.831 1 -0.279 1.831 1 0.287 1.985 1 0.287 1.985 1 0.287 1.831 1 0.287 1.831 0.844 0.004 1.887 0.871 0.138 1.861 1.06 0.327 0.851 1.194 0.354 0.845 3.2 -0.346 1.426 3.2 -0.346 1.426 1.194 -0.346 0.845 1.06 -0.32 0.851 0.947 -0.244 0.866 0.871 -0.13 0.888 0.947 0.252 0.866 2.7 -0.346 1.727 2.15 -0.346 1.904 1.578 -0.346 1.956 1.194 -0.346 1.967 1.06 -0.32 1.976 0.947 -0.244 1.838 0.871 -0.13 1.861 0.947 0.252 1.838 1.06 0.327 1.976 1.194 0.354 1.967 1.578 0.354 1.956 2.15 0.354 1.904 2.7 0.354 1.727 3.2 0.354 1.426 3.2 0.354 1.426 0 -2.728 5.46 0 -3.8 5.46</float_array>
					<technique_common>
						<accessor source="#3818v2-mesh-positions-array" count="693" stride="3">
							<param name="X" type="float"/>
							<param name="Y" type="float"/>
							<param name="Z" type="float"/>
						</accessor>
					</technique_common>
				</source>
				<source id="3818v2-mesh-map-0">
					<float_array id="3818v2-mesh-map-0-array" count="5712">0.274 0.368 0.279 0.327 0.241 0.369 0.279 0.327 0.242 0.326 0.241 0.369 0.272 0.588 0.287 0.56 0.247 0.573 0.287 0.56 0.268 0.548 0.247 0.573 0.211 0.369 0.241 0.369 0.215 0.327 0.241 0.369 0.242 0.326 0.215 0.327 0.224 0.498 0.213 0.478 0.191 0.516 0.213 0.478 0.173 0.488 0.191 0.516 0.317 0.288 0.285 0.284 0.312 0.329 0.285 0.284 0.279 0.327 0.312 0.329 0.236 0.517 0.224 0.498 0.207 0.537 0.224 0.498 0.191 0.516 0.207 0.537 0.451 0.531 0.48 0.55 0.465 0.513 0.48 0.55 0.498 0.529 0.465 0.513 0.485 0.473 0.476 0.494 0.524 0.481 0.476 0.494 0.514 0.505 0.524 0.481 0.416 0.477 0.388 0.47 0.411 0.488 0.388 0.47 0.386 0.477 0.411 0.488 0.374 0.574 0.381 0.604 0.396 0.568 0.381 0.604 0.408 0.597 0.396 0.568 0.459 0.569 0.48 0.55 0.435 0.546 0.48 0.55 0.451 0.531 0.435 0.546 0.404 0.498 0.411 0.488 0.382 0.483 0.411 0.488 0.386 0.477 0.382 0.483 0.785 0.429 0.773 0.44 0.808 0.464 0.832 0.429 0.817 0.422 0.808 0.464 0.817 0.422 0.8 0.422 0.808 0.464 0.767 0.456 0.767 0.472 0.808 0.464 0.844 0.44 0.832 0.429 0.808 0.464 0.767 0.472 0.773 0.487 0.808 0.464 0.608 0.758 0.608 0.774 0.812 0.758 0.608 0.774 0.812 0.774 0.812 0.758 0.608 0.724 0.608 0.741 0.812 0.724 0.608 0.741 0.812 0.741 0.812 0.724 0.608 0.791 0.608 0.807 0.812 0.791 0.608 0.807 0.812 0.807 0.812 0.791 0.761 0.407 0.775 0.373 0.755 0.403 0.775 0.373 0.768 0.371 0.755 0.403 0.61 0.306 0.604 0.302 0.596 0.337 0.604 0.302 0.589 0.336 0.596 0.337 0.785 0.499 0.8 0.506 0.808 0.464 0.8 0.506 0.817 0.506 0.808 0.464 0.8 0.422 0.785 0.429 0.808 0.464 0.85 0.472 0.85 0.456 0.808 0.464 0.832 0.499 0.844 0.487 0.808 0.464 0.85 0.456 0.844 0.44 0.808 0.464 0.767 0.456 0.808 0.464 0.773 0.44 0.817 0.506 0.832 0.499 0.808 0.464 0.773 0.487 0.785 0.499 0.808 0.464 0.844 0.487 0.85 0.472 0.808 0.464 0.731 0.427 0.7 0.44 0.735 0.433 0.7 0.44 0.701 0.447 0.735 0.433 0.672 0.133 0.619 0.132 0.623 0.164 0.608 0.883 0.608 0.9 0.812 0.883 0.608 0.9 0.812 0.9 0.812 0.883 0.608 0.774 0.608 0.791 0.812 0.774 0.608 0.791 0.812 0.791 0.812 0.774 0.7 0.44 0.665 0.44 0.701 0.447 0.665 0.44 0.664 0.447 0.701 0.447 0.665 0.44 0.634 0.427 0.664 0.447 0.634 0.427 0.63 0.433 0.664 0.447 0.608 0.9 0.608 0.916 0.812 0.9 0.608 0.916 0.812 0.916 0.812 0.9 0.677 0.161 0.628 0.171 0.633 0.179 0.735 0.275 0.701 0.261 0.731 0.281 0.701 0.261 0.7 0.268 0.731 0.281 0.696 0.425 0.721 0.414 0.691 0.398 0.721 0.414 0.706 0.392 0.691 0.398 0.664 0.261 0.63 0.275 0.665 0.268 0.63 0.275 0.634 0.281 0.665 0.268 0.735 0.433 0.761 0.407 0.731 0.427 0.761 0.407 0.755 0.403 0.731 0.427 0.608 0.741 0.608 0.758 0.812 0.741 0.608 0.758 0.812 0.758 0.812 0.741 0.775 0.373 0.775 0.336 0.768 0.371 0.775 0.336 0.768 0.337 0.768 0.371 0.608 0.833 0.608 0.85 0.812 0.833 0.608 0.85 0.812 0.85 0.812 0.833 0.701 0.261 0.664 0.261 0.7 0.268 0.664 0.261 0.665 0.268 0.7 0.268 0.608 0.866 0.608 0.883 0.812 0.866 0.608 0.883 0.812 0.883 0.812 0.866 0.761 0.302 0.735 0.275 0.755 0.306 0.735 0.275 0.731 0.281 0.755 0.306 0.724 0.348 0.724 0.365 0.75 0.343 0.724 0.365 0.75 0.37 0.75 0.343 0.608 0.807 0.608 0.824 0.812 0.807 0.608 0.824 0.812 0.824 0.812 0.807 0.608 0.85 0.608 0.866 0.812 0.85 0.608 0.866 0.812 0.866 0.812 0.85 0.634 0.281 0.63 0.275 0.61 0.306 0.63 0.275 0.604 0.302 0.61 0.306 0.775 0.336 0.761 0.302 0.768 0.337 0.761 0.302 0.755 0.306 0.768 0.337 0.608 0.916 0.608 0.933 0.812 0.916 0.608 0.933 0.812 0.933 0.812 0.916 0.623 0.164 0.628 0.171 0.672 0.133 0.596 0.337 0.589 0.336 0.596 0.371 0.589 0.336 0.589 0.373 0.596 0.371 0.32 0.211 0.283 0.219 0.324 0.251 0.283 0.219 0.289 0.247 0.324 0.251 0.352 0.607 0.352 0.576 0.323 0.605 0.352 0.576 0.329 0.574 0.323 0.605 0.402 0.292 0.383 0.258 0.317 0.288 0.383 0.258 0.324 0.251 0.317 0.288 0.289 0.247 0.285 0.284 0.324 0.251 0.285 0.284 0.317 0.288 0.324 0.251 0.358 0.498 0.363 0.522 0.365 0.496 0.363 0.522 0.374 0.519 0.365 0.496 0.423 0.34 0.449 0.342 0.423 0.301 0.449 0.342 0.446 0.302 0.423 0.301 0.215 0.282 0.247 0.282 0.213 0.247 0.247 0.282 0.249 0.244 0.213 0.247 0.213 0.247 0.249 0.244 0.214 0.227 0.249 0.244 0.237 0.224 0.214 0.227 0.215 0.282 0.215 0.327 0.247 0.282 0.215 0.327 0.242 0.326 0.247 0.282 0.166 0.457 0.161 0.459 0.173 0.488 0.396 0.337 0.312 0.329 0.394 0.376 0.312 0.329 0.309 0.369 0.394 0.376 0.365 0.496 0.374 0.519 0.371 0.493 0.374 0.519 0.385 0.514 0.371 0.493 0.316 0.477 0.313 0.47 0.29 0.489 0.313 0.47 0.284 0.478 0.29 0.489 0.538 0.451 0.552 0.416 0.533 0.45 0.552 0.416 0.54 0.414 0.533 0.45 0.445 0.293 0.446 0.302 0.469 0.289 0.446 0.302 0.471 0.301 0.469 0.289 0.421 0.378 0.394 0.376 0.421 0.404 0.394 0.376 0.393 0.402 0.421 0.404 0.396 0.568 0.408 0.597 0.416 0.558 0.408 0.597 0.437 0.584 0.416 0.558 0.381 0.604 0.374 0.574 0.352 0.607 0.374 0.574 0.352 0.576 0.352 0.607 0.416 0.558 0.437 0.584 0.435 0.546 0.437 0.584 0.459 0.569 0.435 0.546 0.329 0.574 0.307 0.569 0.323 0.605 0.307 0.569 0.296 0.598 0.323 0.605 0.287 0.56 0.302 0.537 0.268 0.548 0.302 0.537 0.288 0.527 0.268 0.548 0.288 0.527 0.275 0.516 0.268 0.548 0.275 0.516 0.251 0.533 0.268 0.548 0.287 0.56 0.272 0.588 0.307 0.569 0.272 0.588 0.296 0.598 0.307 0.569 0.476 0.494 0.485 0.473 0.446 0.485 0.485 0.473 0.452 0.468 0.446 0.485 0.487 0.288 0.469 0.289 0.485 0.3 0.469 0.289 0.471 0.301 0.485 0.3 0.231 0.06 0.191 0.07 0.264 0.178 0.191 0.07 0.222 0.193 0.264 0.178 0.264 0.178 0.283 0.219 0.303 0.163 0.283 0.219 0.32 0.211 0.303 0.163 0.154 0.341 0.148 0.301 0.123 0.354 0.148 0.301 0.109 0.317 0.123 0.354 0.136 0.391 0.147 0.423 0.158 0.382 0.147 0.423 0.16 0.417 0.158 0.382 0.038 0.51 0.015 0.51 0.038 0.614 0.015 0.51 0.015 0.614 0.038 0.614 0.134 0.427 0.147 0.423 0.113 0.398 0.147 0.423 0.136 0.391 0.113 0.398 0.151 0.462 0.173 0.488 0.156 0.461 0.147 0.423 0.161 0.459 0.16 0.417 0.161 0.459 0.166 0.457 0.16 0.417 0.068 0.333 0.09 0.365 0.109 0.317 0.09 0.365 0.123 0.354 0.109 0.317 0.063 0.373 0.092 0.403 0.09 0.365 0.092 0.403 0.113 0.398 0.09 0.365 0.05 0.299 0.033 0.316 0.068 0.333 0.033 0.316 0.045 0.346 0.068 0.333 0.039 0.263 0.025 0.27 0.05 0.299 0.025 0.27 0.033 0.316 0.05 0.299 0.533 0.45 0.528 0.449 0.524 0.481 0.523 0.447 0.528 0.449 0.515 0.408 0.528 0.449 0.527 0.411 0.515 0.408 0.523 0.381 0.543 0.384 0.516 0.342 0.543 0.384 0.545 0.342 0.516 0.342 0.51 0.299 0.516 0.342 0.544 0.298 0.516 0.342 0.545 0.342 0.544 0.298 0.543 0.384 0.561 0.385 0.545 0.342 0.561 0.385 0.57 0.341 0.545 0.342 0.533 0.45 0.524 0.481 0.538 0.451 0.505 0.378 0.515 0.408 0.523 0.381 0.515 0.408 0.527 0.411 0.523 0.381 0.544 0.298 0.545 0.342 0.578 0.288 0.545 0.342 0.57 0.341 0.578 0.288 0.527 0.411 0.54 0.414 0.523 0.381 0.54 0.414 0.543 0.384 0.523 0.381 0.561 0.385 0.552 0.416 0.569 0.385 0.552 0.416 0.558 0.417 0.569 0.385 0.466 0.266 0.488 0.261 0.464 0.254 0.488 0.261 0.489 0.247 0.464 0.254 0.423 0.301 0.446 0.302 0.423 0.293 0.446 0.302 0.445 0.293 0.423 0.293 0.396 0.337 0.402 0.292 0.312 0.329 0.402 0.292 0.317 0.288 0.312 0.329 0.488 0.223 0.46 0.229 0.489 0.247 0.46 0.229 0.464 0.254 0.489 0.247 0.148 0.301 0.154 0.341 0.19 0.286 0.154 0.341 0.186 0.33 0.19 0.286 0.085 0.253 0.132 0.242 0.08 0.217 0.132 0.242 0.128 0.214 0.08 0.217 0.109 0.087 0.068 0.092 0.128 0.214 0.068 0.092 0.08 0.217 0.128 0.214 0.505 0.378 0.48 0.379 0.515 0.408 0.48 0.379 0.483 0.407 0.515 0.408 0.148 0.301 0.138 0.263 0.109 0.317 0.138 0.263 0.093 0.279 0.109 0.317 0.173 0.488 0.161 0.459 0.156 0.461 0.05 0.299 0.068 0.333 0.093 0.279 0.068 0.333 0.109 0.317 0.093 0.279 0.123 0.354 0.136 0.391 0.154 0.341 0.136 0.391 0.158 0.382 0.154 0.341 0.136 0.391 0.123 0.354 0.113 0.398 0.123 0.354 0.09 0.365 0.113 0.398 0.54 0.414 0.527 0.411 0.533 0.45 0.527 0.411 0.528 0.449 0.533 0.45 0.54 0.414 0.552 0.416 0.543 0.384 0.552 0.416 0.561 0.385 0.543 0.384 0.449 0.342 0.453 0.379 0.476 0.342 0.453 0.379 0.48 0.379 0.476 0.342 0.396 0.337 0.394 0.376 0.423 0.34 0.394 0.376 0.421 0.378 0.423 0.34 0.307 0.508 0.325 0.489 0.298 0.499 0.325 0.489 0.32 0.484 0.298 0.499 0.32 0.484 0.316 0.477 0.298 0.499 0.316 0.477 0.29 0.489 0.298 0.499 0.438 0.265 0.441 0.274 0.464 0.254 0.441 0.274 0.466 0.266 0.464 0.254 0.33 0.839 0.33 0.86 0.599 0.839 0.33 0.86 0.599 0.86 0.599 0.839 0.329 0.64 0.329 0.661 0.598 0.64 0.329 0.661 0.598 0.661 0.598 0.64 0.33 0.818 0.33 0.839 0.599 0.818 0.33 0.839 0.599 0.839 0.599 0.818 0.33 0.964 0.33 0.985 0.599 0.964 0.33 0.985 0.599 0.985 0.599 0.964 0.329 0.661 0.329 0.681 0.598 0.661 0.329 0.681 0.598 0.681 0.598 0.661 0.329 0.723 0.329 0.744 0.598 0.723 0.329 0.744 0.598 0.744 0.598 0.723 0.329 0.765 0.329 0.786 0.598 0.765 0.329 0.786 0.598 0.786 0.598 0.765 0.329 0.681 0.329 0.702 0.598 0.681 0.329 0.702 0.598 0.702 0.598 0.681 0.33 0.881 0.33 0.902 0.599 0.881 0.33 0.902 0.599 0.902 0.599 0.881 0.33 0.86 0.33 0.881 0.599 0.86 0.33 0.881 0.599 0.881 0.599 0.86 0.33 0.922 0.33 0.943 0.599 0.922 0.33 0.943 0.599 0.943 0.599 0.922 0.33 0.943 0.33 0.964 0.599 0.943 0.33 0.964 0.599 0.964 0.599 0.943 0.329 0.744 0.329 0.765 0.598 0.744 0.329 0.765 0.598 0.765 0.598 0.744 0.33 0.902 0.33 0.922 0.599 0.902 0.33 0.922 0.599 0.922 0.599 0.902 0.329 0.702 0.329 0.723 0.598 0.702 0.329 0.723 0.598 0.723 0.598 0.702 0.329 0.786 0.329 0.807 0.598 0.786 0.329 0.807 0.598 0.807 0.598 0.786 0.224 0.555 0.251 0.533 0.207 0.537 0.251 0.533 0.236 0.517 0.207 0.537 0.247 0.573 0.268 0.548 0.224 0.555 0.268 0.548 0.251 0.533 0.224 0.555 0.498 0.529 0.514 0.505 0.465 0.513 0.514 0.505 0.476 0.494 0.465 0.513 0.181 0.816 0.162 0.824 0.191 0.869 0.236 0.839 0.221 0.824 0.191 0.869 0.236 0.899 0.244 0.879 0.191 0.869 0.147 0.899 0.162 0.913 0.191 0.869 0.244 0.879 0.244 0.858 0.191 0.869 0.221 0.824 0.202 0.816 0.191 0.869 0.139 0.858 0.139 0.879 0.191 0.869 0.181 0.921 0.202 0.921 0.191 0.869 0.202 0.816 0.181 0.816 0.191 0.869 0.221 0.913 0.236 0.899 0.191 0.869 0.162 0.824 0.147 0.839 0.191 0.869 0.162 0.913 0.181 0.921 0.191 0.869 0.244 0.858 0.236 0.839 0.191 0.869 0.139 0.879 0.147 0.899 0.191 0.869 0.147 0.839 0.139 0.858 0.191 0.869 0.202 0.921 0.221 0.913 0.191 0.869 0.241 0.369 0.241 0.402 0.274 0.368 0.241 0.402 0.275 0.401 0.274 0.368 0.161 0.459 0.147 0.423 0.156 0.461 0.147 0.423 0.134 0.427 0.156 0.461 0.173 0.488 0.171 0.454 0.166 0.457 0.16 0.417 0.166 0.457 0.172 0.411 0.166 0.457 0.171 0.454 0.172 0.411 0.665 0.499 0.685 0.503 0.665 0.46 0.685 0.503 0.7 0.467 0.665 0.46 0.627 0.515 0.645 0.503 0.599 0.487 0.645 0.503 0.629 0.467 0.599 0.487 0.665 0.606 0.645 0.602 0.665 0.645 0.645 0.602 0.629 0.638 0.665 0.645 0.714 0.532 0.718 0.552 0.751 0.517 0.718 0.552 0.758 0.552 0.751 0.517 0.751 0.517 0.731 0.487 0.714 0.532 0.731 0.487 0.703 0.515 0.714 0.532 0.7 0.638 0.685 0.602 0.665 0.645 0.685 0.602 0.665 0.606 0.665 0.645 0.612 0.552 0.572 0.529 0.572 0.552 0.616 0.573 0.612 0.552 0.579 0.588 0.612 0.552 0.572 0.576 0.579 0.588 0.587 0.003 0.547 0.006 0.593 0.115 0.547 0.006 0.555 0.116 0.593 0.115 0.751 0.588 0.758 0.552 0.714 0.573 0.758 0.552 0.718 0.552 0.714 0.573 0.579 0.588 0.599 0.618 0.616 0.573 0.599 0.618 0.627 0.59 0.616 0.573 0.731 0.618 0.751 0.588 0.703 0.59 0.751 0.588 0.714 0.573 0.703 0.59 0.7 0.638 0.731 0.618 0.685 0.602 0.731 0.618 0.703 0.59 0.685 0.602 0.629 0.467 0.645 0.503 0.665 0.46 0.645 0.503 0.665 0.499 0.665 0.46 0.731 0.487 0.7 0.467 0.703 0.515 0.7 0.467 0.685 0.503 0.703 0.515 0.599 0.618 0.629 0.638 0.627 0.59 0.629 0.638 0.645 0.602 0.627 0.59 0.627 0.515 0.599 0.487 0.616 0.532 0.599 0.487 0.579 0.517 0.616 0.532 0.547 0.006 0.508 0.009 0.555 0.116 0.508 0.009 0.517 0.118 0.555 0.116 0.134 0.427 0.113 0.398 0.121 0.43 0.113 0.398 0.092 0.403 0.121 0.43 0.151 0.462 0.156 0.461 0.121 0.43 0.156 0.461 0.134 0.427 0.121 0.43 0.027 0.096 0.011 0.097 0.036 0.216 0.011 0.097 0.022 0.216 0.036 0.216 0.186 0.248 0.138 0.263 0.19 0.286 0.138 0.263 0.148 0.301 0.19 0.286 0.068 0.092 0.027 0.096 0.08 0.217 0.027 0.096 0.036 0.216 0.08 0.217 0.09 0.365 0.068 0.333 0.063 0.373 0.068 0.333 0.045 0.346 0.063 0.373 0.138 0.263 0.186 0.248 0.132 0.242 0.186 0.248 0.182 0.231 0.132 0.242 0.132 0.242 0.182 0.231 0.128 0.214 0.182 0.231 0.176 0.206 0.128 0.214 0.039 0.263 0.085 0.253 0.036 0.216 0.085 0.253 0.08 0.217 0.036 0.216 0.036 0.216 0.022 0.216 0.039 0.263 0.022 0.216 0.025 0.27 0.039 0.263 0.05 0.299 0.093 0.279 0.039 0.263 0.093 0.279 0.085 0.253 0.039 0.263 0.093 0.279 0.138 0.263 0.085 0.253 0.138 0.263 0.132 0.242 0.085 0.253 0.32 0.211 0.357 0.198 0.303 0.163 0.357 0.198 0.339 0.149 0.303 0.163 0.311 0.039 0.272 0.049 0.339 0.149 0.272 0.049 0.303 0.163 0.339 0.149 0.272 0.049 0.231 0.06 0.303 0.163 0.231 0.06 0.264 0.178 0.303 0.163 0.242 0.326 0.279 0.327 0.247 0.282 0.279 0.327 0.285 0.284 0.247 0.282 0.247 0.282 0.285 0.284 0.249 0.244 0.285 0.284 0.289 0.247 0.249 0.244 0.309 0.369 0.312 0.329 0.274 0.368 0.312 0.329 0.279 0.327 0.274 0.368 0.283 0.219 0.237 0.224 0.289 0.247 0.237 0.224 0.249 0.244 0.289 0.247 0.237 0.224 0.283 0.219 0.222 0.193 0.283 0.219 0.264 0.178 0.222 0.193 0.211 0.369 0.215 0.327 0.178 0.374 0.215 0.327 0.186 0.33 0.178 0.374 0.186 0.248 0.19 0.286 0.213 0.247 0.19 0.286 0.215 0.282 0.213 0.247 0.182 0.231 0.186 0.248 0.214 0.227 0.186 0.248 0.213 0.247 0.214 0.227 0.19 0.286 0.186 0.33 0.215 0.282 0.186 0.33 0.215 0.327 0.215 0.282 0.186 0.33 0.154 0.341 0.178 0.374 0.154 0.341 0.158 0.382 0.178 0.374 0.16 0.417 0.172 0.411 0.158 0.382 0.172 0.411 0.178 0.374 0.158 0.382 0.222 0.193 0.214 0.227 0.237 0.224 0.182 0.231 0.214 0.227 0.176 0.206 0.214 0.227 0.222 0.193 0.176 0.206 0.421 0.378 0.453 0.379 0.423 0.34 0.453 0.379 0.449 0.342 0.423 0.34 0.351 0.499 0.344 0.498 0.351 0.523 0.344 0.498 0.339 0.522 0.351 0.523 0.311 0.463 0.28 0.465 0.313 0.47 0.28 0.465 0.284 0.478 0.313 0.47 0.328 0.519 0.318 0.543 0.339 0.522 0.318 0.543 0.334 0.547 0.339 0.522 0.427 0.514 0.437 0.501 0.404 0.498 0.437 0.501 0.411 0.488 0.404 0.498 0.274 0.368 0.275 0.401 0.309 0.369 0.275 0.401 0.309 0.399 0.309 0.369 0.15 0.079 0.109 0.087 0.176 0.206 0.109 0.087 0.128 0.214 0.176 0.206 0.191 0.07 0.15 0.079 0.222 0.193 0.15 0.079 0.176 0.206 0.222 0.193 0.544 0.298 0.51 0.288 0.51 0.299 0.51 0.288 0.487 0.288 0.51 0.299 0.487 0.288 0.485 0.3 0.51 0.299 0.469 0.013 0.43 0.017 0.481 0.121 0.43 0.017 0.445 0.125 0.481 0.121 0.481 0.121 0.445 0.125 0.485 0.167 0.445 0.125 0.451 0.172 0.485 0.167 0.488 0.223 0.485 0.167 0.46 0.229 0.485 0.167 0.451 0.172 0.46 0.229 0.357 0.198 0.32 0.211 0.383 0.258 0.32 0.211 0.324 0.251 0.383 0.258 0.508 0.009 0.469 0.013 0.517 0.118 0.469 0.013 0.481 0.121 0.517 0.118 0.351 0.499 0.351 0.523 0.358 0.498 0.351 0.523 0.363 0.522 0.358 0.498 0.466 0.266 0.468 0.278 0.488 0.261 0.468 0.278 0.488 0.273 0.488 0.261 0.371 0.493 0.385 0.514 0.377 0.489 0.385 0.514 0.395 0.507 0.377 0.489 0.41 0.131 0.42 0.179 0.445 0.125 0.42 0.179 0.451 0.172 0.445 0.125 0.317 0.514 0.328 0.519 0.331 0.493 0.328 0.519 0.337 0.497 0.331 0.493 0.388 0.188 0.357 0.198 0.407 0.249 0.357 0.198 0.383 0.258 0.407 0.249 0.46 0.229 0.451 0.172 0.43 0.239 0.451 0.172 0.42 0.179 0.43 0.239 0.421 0.281 0.441 0.274 0.419 0.275 0.441 0.274 0.438 0.265 0.419 0.275 0.422 0.287 0.423 0.293 0.443 0.283 0.423 0.293 0.445 0.293 0.443 0.283 0.421 0.281 0.422 0.287 0.441 0.274 0.422 0.287 0.443 0.283 0.441 0.274 0.443 0.283 0.445 0.293 0.468 0.278 0.445 0.293 0.469 0.289 0.468 0.278 0.438 0.265 0.43 0.239 0.419 0.275 0.43 0.239 0.407 0.249 0.419 0.275 0.441 0.274 0.443 0.283 0.466 0.266 0.443 0.283 0.468 0.278 0.466 0.266 0.464 0.254 0.46 0.229 0.438 0.265 0.46 0.229 0.43 0.239 0.438 0.265 0.317 0.514 0.331 0.493 0.307 0.508 0.331 0.493 0.325 0.489 0.307 0.508 0.375 0.139 0.388 0.188 0.41 0.131 0.388 0.188 0.42 0.179 0.41 0.131 0.43 0.239 0.42 0.179 0.407 0.249 0.42 0.179 0.388 0.188 0.407 0.249 0.337 0.497 0.328 0.519 0.344 0.498 0.328 0.519 0.339 0.522 0.344 0.498 0.395 0.507 0.404 0.498 0.377 0.489 0.404 0.498 0.382 0.483 0.377 0.489 0.351 0.031 0.311 0.039 0.375 0.139 0.311 0.039 0.339 0.149 0.375 0.139 0.388 0.188 0.375 0.139 0.357 0.198 0.375 0.139 0.339 0.149 0.357 0.198 0.43 0.017 0.391 0.023 0.445 0.125 0.391 0.023 0.41 0.131 0.445 0.125 0.391 0.023 0.351 0.031 0.41 0.131 0.351 0.031 0.375 0.139 0.41 0.131 0.469 0.289 0.487 0.288 0.468 0.278 0.487 0.288 0.488 0.273 0.468 0.278 0.524 0.481 0.528 0.449 0.523 0.447 0.542 0.452 0.538 0.451 0.524 0.481 0.42 0.465 0.39 0.463 0.416 0.477 0.39 0.463 0.388 0.47 0.416 0.477 0.42 0.465 0.452 0.468 0.421 0.436 0.452 0.468 0.453 0.437 0.421 0.436 0.275 0.516 0.298 0.499 0.264 0.503 0.298 0.499 0.29 0.489 0.264 0.503 0.435 0.546 0.451 0.531 0.414 0.526 0.451 0.531 0.427 0.514 0.414 0.526 0.4 0.536 0.416 0.558 0.414 0.526 0.416 0.558 0.435 0.546 0.414 0.526 0.351 0.548 0.334 0.547 0.352 0.576 0.334 0.547 0.329 0.574 0.352 0.576 0.368 0.547 0.374 0.574 0.385 0.543 0.374 0.574 0.396 0.568 0.385 0.543 0.264 0.503 0.254 0.487 0.236 0.517 0.254 0.487 0.224 0.498 0.236 0.517 0.275 0.516 0.288 0.527 0.298 0.499 0.288 0.527 0.307 0.508 0.298 0.499 0.247 0.47 0.254 0.487 0.28 0.465 0.254 0.487 0.284 0.478 0.28 0.465 0.254 0.487 0.264 0.503 0.284 0.478 0.264 0.503 0.29 0.489 0.284 0.478 0.329 0.574 0.334 0.547 0.307 0.569 0.334 0.547 0.318 0.543 0.307 0.569 0.351 0.548 0.352 0.576 0.368 0.547 0.352 0.576 0.374 0.574 0.368 0.547 0.351 0.548 0.368 0.547 0.351 0.523 0.368 0.547 0.363 0.522 0.351 0.523 0.339 0.522 0.334 0.547 0.351 0.523 0.334 0.547 0.351 0.548 0.351 0.523 0.302 0.537 0.317 0.514 0.288 0.527 0.317 0.514 0.307 0.508 0.288 0.527 0.374 0.519 0.385 0.543 0.385 0.514 0.385 0.543 0.4 0.536 0.385 0.514 0.363 0.522 0.368 0.547 0.374 0.519 0.368 0.547 0.385 0.543 0.374 0.519 0.437 0.501 0.465 0.513 0.446 0.485 0.465 0.513 0.476 0.494 0.446 0.485 0.451 0.531 0.465 0.513 0.427 0.514 0.465 0.513 0.437 0.501 0.427 0.514 0.395 0.507 0.414 0.526 0.404 0.498 0.414 0.526 0.427 0.514 0.404 0.498 0.251 0.533 0.275 0.516 0.236 0.517 0.275 0.516 0.264 0.503 0.236 0.517 0.446 0.485 0.452 0.468 0.416 0.477 0.452 0.468 0.42 0.465 0.416 0.477 0.437 0.501 0.446 0.485 0.411 0.488 0.446 0.485 0.416 0.477 0.411 0.488 0.385 0.514 0.4 0.536 0.395 0.507 0.4 0.536 0.414 0.526 0.395 0.507 0.317 0.514 0.302 0.537 0.328 0.519 0.302 0.537 0.318 0.543 0.328 0.519 0.385 0.543 0.396 0.568 0.4 0.536 0.396 0.568 0.416 0.558 0.4 0.536 0.318 0.543 0.302 0.537 0.307 0.569 0.302 0.537 0.287 0.56 0.307 0.569 0.247 0.47 0.213 0.478 0.254 0.487 0.213 0.478 0.224 0.498 0.254 0.487 0.241 0.369 0.211 0.369 0.241 0.402 0.211 0.369 0.21 0.405 0.241 0.402 0.178 0.374 0.172 0.411 0.211 0.369 0.172 0.411 0.21 0.405 0.211 0.369 0.449 0.342 0.476 0.342 0.446 0.302 0.476 0.342 0.471 0.301 0.446 0.302 0.172 0.411 0.171 0.454 0.21 0.405 0.171 0.454 0.211 0.444 0.21 0.405 0.48 0.379 0.505 0.378 0.476 0.342 0.505 0.378 0.492 0.341 0.476 0.342 0.485 0.3 0.471 0.301 0.492 0.341 0.471 0.301 0.476 0.342 0.492 0.341 0.452 0.468 0.485 0.473 0.453 0.437 0.485 0.473 0.485 0.441 0.453 0.437 0.578 0.288 0.57 0.341 0.59 0.274 0.57 0.341 0.582 0.339 0.59 0.274 0.519 0.223 0.516 0.249 0.551 0.227 0.516 0.249 0.546 0.254 0.551 0.227 0.543 0.28 0.578 0.288 0.544 0.267 0.578 0.288 0.574 0.275 0.544 0.267 0.489 0.247 0.488 0.261 0.516 0.249 0.488 0.261 0.514 0.26 0.516 0.249 0.523 0.381 0.516 0.342 0.505 0.378 0.516 0.342 0.492 0.341 0.505 0.378 0.542 0.452 0.558 0.417 0.538 0.451 0.558 0.417 0.552 0.416 0.538 0.451 0.57 0.341 0.561 0.385 0.582 0.339 0.561 0.385 0.569 0.385 0.582 0.339 0.635 0.188 0.677 0.161 0.633 0.179 0.543 0.28 0.544 0.298 0.578 0.288 0.492 0.341 0.516 0.342 0.485 0.3 0.516 0.342 0.51 0.299 0.485 0.3 0.593 0.166 0.586 0.233 0.608 0.167 0.586 0.233 0.601 0.236 0.608 0.167 0.551 0.227 0.546 0.254 0.586 0.233 0.546 0.254 0.578 0.264 0.586 0.233 0.488 0.261 0.488 0.273 0.514 0.26 0.488 0.273 0.512 0.271 0.514 0.26 0.487 0.288 0.51 0.288 0.488 0.273 0.51 0.288 0.512 0.271 0.488 0.273 0.514 0.26 0.512 0.271 0.544 0.267 0.512 0.271 0.543 0.28 0.544 0.267 0.593 0.115 0.593 0.166 0.609 0.115 0.593 0.166 0.608 0.167 0.609 0.115 0.512 0.271 0.51 0.288 0.543 0.28 0.51 0.288 0.544 0.298 0.543 0.28 0.586 0.233 0.578 0.264 0.601 0.236 0.578 0.264 0.59 0.274 0.601 0.236 0.555 0.116 0.555 0.165 0.593 0.115 0.555 0.165 0.593 0.166 0.593 0.115 0.555 0.165 0.551 0.227 0.593 0.166 0.551 0.227 0.586 0.233 0.593 0.166 0.514 0.26 0.544 0.267 0.516 0.249 0.544 0.267 0.546 0.254 0.516 0.249 0.544 0.267 0.574 0.275 0.546 0.254 0.574 0.275 0.578 0.264 0.546 0.254 0.519 0.165 0.519 0.223 0.555 0.165 0.519 0.223 0.551 0.227 0.555 0.165 0.519 0.223 0.488 0.223 0.516 0.249 0.488 0.223 0.489 0.247 0.516 0.249 0.517 0.118 0.519 0.165 0.555 0.116 0.519 0.165 0.555 0.165 0.555 0.116 0.517 0.118 0.481 0.121 0.519 0.165 0.481 0.121 0.485 0.167 0.519 0.165 0.485 0.167 0.488 0.223 0.519 0.165 0.488 0.223 0.519 0.223 0.519 0.165 0.015 0.762 0.088 0.699 0.015 0.726 0.088 0.699 0.038 0.701 0.015 0.726 0.13 0.806 0.133 0.736 0.04 0.819 0.133 0.736 0.108 0.721 0.04 0.819 0.279 0.868 0.312 0.842 0.272 0.834 0.312 0.842 0.305 0.821 0.272 0.834 0.305 0.915 0.311 0.893 0.272 0.901 0.311 0.893 0.279 0.868 0.272 0.901 0.088 0.699 0.015 0.762 0.108 0.721 0.015 0.762 0.04 0.819 0.108 0.721 0.13 0.806 0.04 0.819 0.111 0.834 0.04 0.819 0.059 0.86 0.111 0.834 0.776 0.067 0.793 0.017 0.747 0.062 0.793 0.017 0.745 0.009 0.747 0.062 0.678 0.105 0.63 0.086 0.672 0.133 0.63 0.086 0.619 0.132 0.672 0.133 0.293 0.936 0.305 0.915 0.253 0.93 0.305 0.915 0.272 0.901 0.253 0.93 0.158 0.949 0.119 0.967 0.141 0.98 0.815 0.16 0.864 0.178 0.821 0.132 0.864 0.178 0.874 0.13 0.821 0.132 0.719 0.067 0.697 0.019 0.695 0.082 0.697 0.019 0.657 0.046 0.695 0.082 0.133 0.736 0.13 0.806 0.17 0.747 0.13 0.806 0.158 0.787 0.17 0.747 0.798 0.183 0.837 0.22 0.815 0.16 0.837 0.22 0.864 0.178 0.815 0.16 0.158 0.949 0.141 0.98 0.191 0.955 0.141 0.98 0.164 0.987 0.191 0.955 0.274 0.776 0.253 0.806 0.294 0.799 0.253 0.806 0.272 0.834 0.294 0.799 0.815 0.105 0.863 0.082 0.8 0.082 0.863 0.082 0.834 0.043 0.8 0.082 0.17 0.747 0.158 0.787 0.205 0.754 0.158 0.787 0.192 0.78 0.205 0.754 0.191 0.955 0.189 0.99 0.225 0.949 0.189 0.99 0.212 0.989 0.225 0.949 0.745 0.203 0.748 0.258 0.774 0.198 0.748 0.258 0.796 0.247 0.774 0.198 0.189 0.99 0.191 0.955 0.164 0.987 0.692 0.184 0.655 0.224 0.716 0.199 0.655 0.224 0.699 0.25 0.716 0.199 0.205 0.754 0.192 0.78 0.244 0.765 0.192 0.78 0.225 0.787 0.244 0.765 0.244 0.765 0.225 0.787 0.274 0.776 0.225 0.787 0.253 0.806 0.274 0.776 0.716 0.697 0.712 0.702 0.812 0.708 0.695 0.082 0.657 0.046 0.678 0.105 0.657 0.046 0.63 0.086 0.678 0.105 0.238 0.981 0.225 0.949 0.212 0.989 0.11 0.901 0.088 0.922 0.129 0.93 0.088 0.922 0.101 0.951 0.129 0.93 0.8 0.082 0.834 0.043 0.776 0.067 0.834 0.043 0.793 0.017 0.776 0.067 0.26 0.97 0.278 0.954 0.225 0.949 0.278 0.954 0.253 0.93 0.225 0.949 0.747 0.062 0.745 0.009 0.719 0.067 0.745 0.009 0.697 0.019 0.719 0.067 0.015 0.726 0.038 0.701 0.015 0.662 0.038 0.701 0.038 0.662 0.015 0.662 0.272 0.834 0.305 0.821 0.294 0.799 0.104 0.868 0.073 0.889 0.11 0.901 0.073 0.889 0.088 0.922 0.11 0.901 0.279 0.868 0.314 0.868 0.312 0.842 0.059 0.86 0.073 0.889 0.111 0.834 0.073 0.889 0.104 0.868 0.111 0.834 0.716 0.199 0.699 0.25 0.745 0.203 0.699 0.25 0.748 0.258 0.745 0.203 0.293 0.936 0.253 0.93 0.278 0.954 0.26 0.97 0.225 0.949 0.238 0.981 0.821 0.132 0.874 0.13 0.815 0.105 0.874 0.13 0.863 0.082 0.815 0.105 0.129 0.93 0.101 0.951 0.158 0.949 0.101 0.951 0.119 0.967 0.158 0.949 0.311 0.893 0.314 0.868 0.279 0.868 0.774 0.198 0.796 0.247 0.798 0.183 0.796 0.247 0.837 0.22 0.798 0.183 0.402 0.292 0.422 0.287 0.421 0.281 0.402 0.292 0.419 0.275 0.383 0.258 0.419 0.275 0.407 0.249 0.383 0.258 0.422 0.287 0.402 0.292 0.423 0.293 0.423 0.293 0.402 0.292 0.423 0.301 0.402 0.292 0.421 0.281 0.419 0.275 0.423 0.301 0.402 0.292 0.423 0.34 0.402 0.292 0.396 0.337 0.423 0.34 0.351 0.462 0.344 0.498 0.351 0.499 0.351 0.462 0.358 0.498 0.365 0.496 0.371 0.493 0.351 0.462 0.365 0.496 0.371 0.493 0.377 0.489 0.351 0.462 0.377 0.489 0.382 0.483 0.351 0.462 0.382 0.483 0.386 0.477 0.351 0.462 0.386 0.477 0.388 0.47 0.351 0.462 0.388 0.47 0.39 0.463 0.351 0.462 0.351 0.462 0.337 0.497 0.344 0.498 0.311 0.463 0.313 0.47 0.351 0.462 0.351 0.462 0.331 0.493 0.337 0.497 0.313 0.47 0.316 0.477 0.351 0.462 0.351 0.462 0.325 0.489 0.331 0.493 0.316 0.477 0.32 0.484 0.351 0.462 0.32 0.484 0.325 0.489 0.351 0.462 0.351 0.462 0.351 0.499 0.358 0.498 0.86 0.355 0.871 0.383 0.887 0.344 0.871 0.383 0.898 0.375 0.887 0.344 0.912 0.335 0.923 0.368 0.936 0.325 0.923 0.368 0.948 0.36 0.936 0.325 0.936 0.325 0.948 0.36 0.963 0.315 0.948 0.36 0.975 0.353 0.963 0.315 0.871 0.383 0.878 0.411 0.898 0.375 0.878 0.411 0.905 0.406 0.898 0.375 0.923 0.368 0.931 0.401 0.948 0.36 0.931 0.401 0.956 0.396 0.948 0.36 0.948 0.36 0.956 0.396 0.975 0.353 0.956 0.396 0.984 0.392 0.975 0.353 0.878 0.411 0.883 0.439 0.905 0.406 0.883 0.439 0.91 0.437 0.905 0.406 0.931 0.401 0.935 0.434 0.956 0.396 0.935 0.434 0.961 0.432 0.956 0.396 0.956 0.396 0.961 0.432 0.984 0.392 0.961 0.432 0.988 0.43 0.984 0.392 0.883 0.439 0.885 0.467 0.91 0.437 0.885 0.467 0.911 0.467 0.91 0.437 0.935 0.434 0.937 0.468 0.961 0.432 0.937 0.468 0.962 0.468 0.961 0.432 0.961 0.432 0.962 0.468 0.988 0.43 0.962 0.468 0.989 0.469 0.988 0.43 0.885 0.467 0.883 0.495 0.911 0.467 0.883 0.495 0.91 0.498 0.911 0.467 0.937 0.468 0.935 0.501 0.962 0.468 0.935 0.501 0.96 0.504 0.962 0.468 0.962 0.468 0.96 0.504 0.989 0.469 0.96 0.504 0.987 0.507 0.989 0.469 0.883 0.495 0.878 0.523 0.91 0.498 0.878 0.523 0.905 0.528 0.91 0.498 0.935 0.501 0.929 0.534 0.96 0.504 0.929 0.534 0.954 0.539 0.96 0.504 0.96 0.504 0.954 0.539 0.987 0.507 0.954 0.539 0.981 0.545 0.987 0.507 0.878 0.523 0.871 0.55 0.905 0.528 0.871 0.55 0.897 0.558 0.905 0.528 0.929 0.534 0.921 0.566 0.954 0.539 0.921 0.566 0.945 0.574 0.954 0.539 0.954 0.539 0.945 0.574 0.981 0.545 0.945 0.574 0.971 0.582 0.981 0.545 0.871 0.55 0.861 0.577 0.897 0.558 0.861 0.577 0.886 0.587 0.897 0.558 0.921 0.566 0.909 0.597 0.945 0.574 0.909 0.597 0.933 0.607 0.945 0.574 0.945 0.574 0.933 0.607 0.971 0.582 0.933 0.607 0.958 0.618 0.971 0.582 0.861 0.577 0.848 0.602 0.886 0.587 0.848 0.602 0.872 0.615 0.886 0.587 0.909 0.597 0.895 0.628 0.933 0.607 0.895 0.628 0.917 0.64 0.933 0.607 0.933 0.607 0.917 0.64 0.958 0.618 0.917 0.64 0.941 0.653 0.958 0.618 0.848 0.602 0.833 0.626 0.872 0.615 0.833 0.626 0.856 0.642 0.872 0.615 0.895 0.628 0.877 0.657 0.917 0.64 0.877 0.657 0.899 0.671 0.917 0.64 0.917 0.64 0.899 0.671 0.941 0.653 0.899 0.671 0.921 0.686 0.941 0.653 0.833 0.626 0.815 0.648 0.856 0.642 0.815 0.648 0.836 0.667 0.856 0.642 0.877 0.657 0.857 0.684 0.899 0.671 0.857 0.684 0.878 0.701 0.899 0.671 0.899 0.671 0.878 0.701 0.921 0.686 0.878 0.701 0.9 0.717 0.921 0.686 0.812 0.724 0.701 0.708 0.608 0.724 0.701 0.708 0.608 0.708 0.608 0.724 0.812 0.724 0.812 0.708 0.701 0.708 0.672 0.133 0.628 0.171 0.677 0.161 0.608 0.933 0.608 0.949 0.812 0.933 0.608 0.949 0.701 0.949 0.812 0.933 0.692 0.184 0.636 0.196 0.655 0.224 0.636 0.196 0.692 0.184 0.635 0.188 0.816 0.279 0.833 0.302 0.837 0.26 0.833 0.302 0.857 0.287 0.837 0.26 0.859 0.243 0.88 0.272 0.881 0.226 0.88 0.272 0.903 0.258 0.881 0.226 0.881 0.226 0.903 0.258 0.905 0.209 0.903 0.258 0.927 0.243 0.905 0.209 0.833 0.302 0.848 0.328 0.857 0.287 0.848 0.328 0.873 0.315 0.857 0.287 0.88 0.272 0.897 0.303 0.903 0.258 0.897 0.303 0.921 0.291 0.903 0.258 0.903 0.258 0.921 0.291 0.927 0.243 0.921 0.291 0.947 0.278 0.927 0.243 0.848 0.328 0.86 0.355 0.873 0.315 0.86 0.355 0.887 0.344 0.873 0.315 0.897 0.303 0.912 0.335 0.921 0.291 0.912 0.335 0.936 0.325 0.921 0.291 0.921 0.291 0.936 0.325 0.947 0.278 0.936 0.325 0.963 0.315 0.947 0.278 0.696 0.288 0.691 0.315 0.721 0.299 0.691 0.315 0.706 0.321 0.721 0.299 0.659 0.392 0.647 0.38 0.644 0.414 0.647 0.38 0.624 0.395 0.644 0.414 0.674 0.315 0.669 0.288 0.659 0.321 0.669 0.288 0.644 0.299 0.659 0.321 0.706 0.321 0.718 0.333 0.721 0.299 0.718 0.333 0.74 0.318 0.721 0.299 0.718 0.333 0.724 0.348 0.74 0.318 0.724 0.348 0.75 0.343 0.74 0.318 0.669 0.425 0.674 0.398 0.644 0.414 0.674 0.398 0.659 0.392 0.644 0.414 0.655 0.224 0.636 0.196 0.634 0.2 0.624 0.318 0.614 0.343 0.647 0.333 0.614 0.343 0.641 0.348 0.647 0.333 0.623 0.164 0.619 0.132 0.619 0.162 0.614 0.343 0.614 0.37 0.641 0.348 0.614 0.37 0.641 0.365 0.641 0.348 0.669 0.425 0.696 0.425 0.674 0.398 0.696 0.425 0.691 0.398 0.674 0.398 0.614 0.37 0.624 0.395 0.641 0.365 0.624 0.395 0.647 0.38 0.641 0.365 0.692 0.184 0.677 0.161 0.635 0.188 0.669 0.288 0.674 0.315 0.696 0.288 0.674 0.315 0.691 0.315 0.696 0.288 0.624 0.318 0.647 0.333 0.644 0.299 0.647 0.333 0.659 0.321 0.644 0.299 0.873 0.315 0.887 0.344 0.897 0.303 0.887 0.344 0.912 0.335 0.897 0.303 0.857 0.287 0.873 0.315 0.88 0.272 0.873 0.315 0.897 0.303 0.88 0.272 0.837 0.26 0.857 0.287 0.859 0.243 0.857 0.287 0.88 0.272 0.859 0.243 0.596 0.371 0.589 0.373 0.604 0.391 0.589 0.373 0.598 0.394 0.604 0.391 0.63 0.433 0.634 0.427 0.613 0.416 0.634 0.427 0.619 0.412 0.613 0.416 0.856 0.642 0.836 0.667 0.877 0.657 0.836 0.667 0.857 0.684 0.877 0.657 0.872 0.615 0.856 0.642 0.895 0.628 0.856 0.642 0.877 0.657 0.895 0.628 0.886 0.587 0.872 0.615 0.909 0.597 0.872 0.615 0.895 0.628 0.909 0.597 0.897 0.558 0.886 0.587 0.921 0.566 0.886 0.587 0.909 0.597 0.921 0.566 0.905 0.528 0.897 0.558 0.929 0.534 0.897 0.558 0.921 0.566 0.929 0.534 0.91 0.498 0.905 0.528 0.935 0.501 0.905 0.528 0.929 0.534 0.935 0.501 0.911 0.467 0.91 0.498 0.937 0.468 0.91 0.498 0.935 0.501 0.937 0.468 0.91 0.437 0.911 0.467 0.935 0.434 0.911 0.467 0.937 0.468 0.935 0.434 0.905 0.406 0.91 0.437 0.931 0.401 0.91 0.437 0.935 0.434 0.931 0.401 0.898 0.375 0.905 0.406 0.923 0.368 0.905 0.406 0.931 0.401 0.923 0.368 0.887 0.344 0.898 0.375 0.912 0.335 0.898 0.375 0.923 0.368 0.912 0.335 0.75 0.37 0.724 0.365 0.746 0.38 0.721 0.414 0.728 0.407 0.706 0.392 0.71 0.951 0.812 0.949 0.701 0.949 0.712 0.702 0.707 0.706 0.812 0.708 0.715 0.955 0.718 0.96 0.812 0.949 0.812 0.949 0.812 0.933 0.701 0.949 0.718 0.96 0.72 0.966 0.812 0.949 0.72 0.966 0.812 0.966 0.812 0.949 0.812 0.949 0.71 0.951 0.715 0.955 0.707 0.706 0.701 0.708 0.812 0.708 0.812 0.708 0.812 0.691 0.716 0.697 0.812 0.691 0.717 0.691 0.716 0.697 0.836 0.667 0.815 0.648 0.824 0.679 0.815 0.648 0.807 0.656 0.824 0.679 0.857 0.684 0.836 0.667 0.844 0.699 0.836 0.667 0.824 0.679 0.844 0.699 0.878 0.701 0.857 0.684 0.865 0.717 0.857 0.684 0.844 0.699 0.865 0.717 0.9 0.717 0.878 0.701 0.879 0.728 0.878 0.701 0.865 0.717 0.879 0.728 0.879 0.728 0.884 0.733 0.9 0.717 0.9 0.717 0.884 0.733 0.885 0.737 0.89 0.188 0.889 0.192 0.905 0.209 0.889 0.192 0.884 0.197 0.905 0.209 0.881 0.226 0.905 0.209 0.868 0.209 0.905 0.209 0.884 0.197 0.868 0.209 0.859 0.243 0.881 0.226 0.846 0.227 0.881 0.226 0.868 0.209 0.846 0.227 0.837 0.26 0.859 0.243 0.825 0.248 0.859 0.243 0.846 0.227 0.825 0.248 0.816 0.279 0.837 0.26 0.807 0.271 0.837 0.26 0.825 0.248 0.807 0.271 0.193 0.6 0.148 0.6 0.194 0.606 0.148 0.6 0.149 0.606 0.194 0.606 0.09 0.502 0.135 0.502 0.091 0.496 0.135 0.502 0.136 0.496 0.091 0.496 0.194 0.606 0.149 0.606 0.195 0.612 0.149 0.606 0.15 0.612 0.195 0.612 0.089 0.508 0.134 0.508 0.09 0.502 0.134 0.508 0.135 0.502 0.09 0.502 0.088 0.521 0.14 0.521 0.088 0.515 0.14 0.521 0.14 0.515 0.088 0.515 0.196 0.619 0.144 0.619 0.196 0.625 0.144 0.619 0.144 0.625 0.196 0.625 0.143 0.615 0.144 0.619 0.15 0.615 0.144 0.619 0.196 0.619 0.15 0.615 0.195 0.612 0.15 0.612 0.196 0.619 0.15 0.612 0.15 0.615 0.196 0.619 0.088 0.515 0.133 0.511 0.089 0.508 0.133 0.511 0.134 0.508 0.089 0.508 0.141 0.511 0.133 0.511 0.14 0.515 0.14 0.515 0.133 0.511 0.088 0.515 0.088 0.521 0.139 0.539 0.14 0.521 0.088 0.521 0.088 0.614 0.137 0.565 0.088 0.614 0.129 0.591 0.137 0.565 0.169 0.718 0.196 0.718 0.155 0.695 0.196 0.718 0.196 0.625 0.155 0.695 0.137 0.565 0.139 0.539 0.088 0.521 0.129 0.591 0.088 0.614 0.115 0.614 0.196 0.625 0.147 0.669 0.155 0.695 0.144 0.625 0.144 0.643 0.196 0.625 0.196 0.625 0.144 0.643 0.147 0.669 0.171 0.454 0.173 0.488 0.211 0.444 0.173 0.488 0.213 0.478 0.211 0.444 0.485 0.441 0.485 0.473 0.523 0.447 0.485 0.473 0.524 0.481 0.523 0.447 0.038 0.662 0.038 0.614 0.015 0.662 0.038 0.614 0.015 0.614 0.015 0.662 0.061 0.51 0.038 0.51 0.065 0.614 0.038 0.51 0.038 0.614 0.065 0.614 0.602 0.003 0.587 0.003 0.609 0.115 0.587 0.003 0.593 0.115 0.609 0.115 0.071 0.661 0.065 0.614 0.038 0.662 0.065 0.614 0.038 0.614 0.038 0.662 0.038 0.701 0.088 0.699 0.038 0.662 0.088 0.699 0.071 0.661 0.038 0.662 0.59 0.274 0.578 0.264 0.578 0.288 0.578 0.264 0.574 0.275 0.578 0.288 0.21 0.405 0.211 0.444 0.241 0.402 0.211 0.444 0.243 0.439 0.241 0.402 0.241 0.402 0.243 0.439 0.275 0.401 0.243 0.439 0.277 0.438 0.275 0.401 0.453 0.406 0.453 0.379 0.421 0.404 0.453 0.379 0.421 0.378 0.421 0.404 0.393 0.402 0.394 0.376 0.309 0.399 0.394 0.376 0.309 0.369 0.309 0.399 0.309 0.399 0.31 0.439 0.351 0.437 0.309 0.399 0.275 0.401 0.277 0.438 0.277 0.438 0.31 0.44 0.31 0.439 0.277 0.438 0.31 0.439 0.309 0.399 0.483 0.407 0.48 0.379 0.453 0.406 0.48 0.379 0.453 0.379 0.453 0.406 0.393 0.402 0.391 0.436 0.421 0.404 0.391 0.436 0.421 0.436 0.421 0.404 0.393 0.402 0.351 0.437 0.391 0.436 0.453 0.437 0.453 0.406 0.421 0.436 0.453 0.406 0.421 0.404 0.421 0.436 0.351 0.437 0.393 0.402 0.309 0.399 0.485 0.441 0.483 0.407 0.453 0.437 0.483 0.407 0.453 0.406 0.453 0.437 0.483 0.407 0.485 0.441 0.515 0.408 0.485 0.441 0.523 0.447 0.515 0.408 0.391 0.436 0.39 0.463 0.421 0.436 0.39 0.463 0.42 0.465 0.421 0.436 0.351 0.437 0.31 0.439 0.31 0.44 0.31 0.44 0.311 0.463 0.351 0.462 0.31 0.44 0.351 0.462 0.351 0.437 0.351 0.437 0.351 0.462 0.391 0.436 0.351 0.462 0.39 0.463 0.391 0.436 0.211 0.444 0.213 0.478 0.243 0.439 0.213 0.478 0.247 0.47 0.243 0.439 0.277 0.438 0.28 0.465 0.31 0.44 0.28 0.465 0.311 0.463 0.31 0.44 0.243 0.439 0.247 0.47 0.277 0.438 0.247 0.47 0.28 0.465 0.277 0.438 0.572 0.529 0.612 0.552 0.579 0.517 0.612 0.552 0.616 0.532 0.579 0.517 0.612 0.552 0.572 0.552 0.572 0.576</float_array>
					<technique_common>
						<accessor source="#3818v2-mesh-map-0-array" count="2856" stride="2">
							<param name="S" type="float"/>
							<param name="T" type="float"/>
						</accessor>
					</technique_common>
				</source>
				<source id="3818v2-mesh-map-1">
					<float_array id="3818v2-mesh-map-1-array" count="5712">0.055 0.773 0.034 0.735 0.089 0.742 0.034 0.735 0.068 0.702 0.089 0.742 0.244 0.978 0.199 0.979 0.244 0.94 0.199 0.979 0.197 0.944 0.244 0.94 0.122 0.717 0.089 0.742 0.099 0.684 0.089 0.742 0.068 0.702 0.099 0.684 0.189 0.845 0.185 0.817 0.244 0.838 0.185 0.817 0.243 0.803 0.244 0.838 1 0 1 0 1 0 1 0 1 0 1 0 0.192 0.876 0.189 0.845 0.244 0.87 0.189 0.845 0.244 0.838 0.244 0.87 1 0 1 0 1 0 1 0 1 0 1 0 1 0 1 0 1 0 1 0 1 0 1 0 1 0 1 0 1 0 1 0 1 0 1 0 1 0 1 0 1 0 1 0 1 0 1 0 1 0 1 0 1 0 1 0 1 0 1 0 1 0 1 0 1 0 1 0 1 0 1 0 0.586 0.753 0.586 0.747 0.586 0.82 0.586 0.82 0.586 0.792 0.586 0.82 0.586 0.792 0.586 0.768 0.586 0.82 0.586 0.753 0.586 0.768 0.586 0.82 0.586 0.847 0.586 0.82 0.586 0.82 0.586 0.768 0.586 0.792 0.586 0.82 0.934 0.82 0.934 0.847 0.586 0.82 0.934 0.847 0.586 0.847 0.586 0.82 0.934 0.768 0.934 0.792 0.586 0.768 0.934 0.792 0.586 0.792 0.586 0.768 0.934 0.871 0.934 0.886 0.586 0.871 0.934 0.886 0.586 0.886 0.586 0.871 0.76 0.881 0.76 0.934 0.76 0.877 0.76 0.934 0.76 0.925 0.76 0.877 0.76 0.762 0.76 0.758 0.76 0.714 0.76 0.758 0.76 0.705 0.76 0.714 0.586 0.82 0.586 0.847 0.586 0.82 0.586 0.847 0.586 0.871 0.586 0.82 0.586 0.768 0.586 0.753 0.586 0.82 0.586 0.886 0.586 0.871 0.586 0.82 0.586 0.886 0.586 0.892 0.586 0.82 0.586 0.871 0.586 0.847 0.586 0.82 0.586 0.753 0.586 0.82 0.586 0.747 0.586 0.871 0.586 0.886 0.586 0.82 0.586 0.792 0.586 0.82 0.586 0.82 0.586 0.892 0.586 0.886 0.586 0.82 0.76 0.82 0.76 0.762 0.76 0.82 0.76 0.762 0.76 0.758 0.76 0.82 0.681 0.681 0.76 0.681 0.756 0.674 0.934 0.847 0.934 0.82 0.586 0.847 0.934 0.82 0.586 0.82 0.586 0.847 0.934 0.847 0.934 0.871 0.586 0.847 0.934 0.871 0.586 0.871 0.586 0.847 0.76 0.762 0.76 0.714 0.76 0.758 0.76 0.714 0.76 0.705 0.76 0.758 0.76 0.714 0.76 0.681 0.76 0.705 0.76 0.681 0.76 0.67 0.76 0.705 0.934 0.82 0.934 0.792 0.586 0.82 0.934 0.792 0.586 0.792 0.586 0.82 0.681 0.67 0.75 0.672 0.748 0.67 0.76 0.969 0.76 0.934 0.76 0.958 0.76 0.934 0.76 0.925 0.76 0.958 0.934 0.736 0.934 0.71 0.934 0.768 0.934 0.71 0.934 0.753 0.934 0.768 0.76 0.881 0.76 0.82 0.76 0.877 0.76 0.82 0.76 0.82 0.76 0.877 0.76 0.82 0.76 0.881 0.76 0.82 0.76 0.881 0.76 0.877 0.76 0.82 0.934 0.792 0.934 0.82 0.586 0.792 0.934 0.82 0.586 0.82 0.586 0.792 0.76 0.934 0.76 0.969 0.76 0.925 0.76 0.969 0.76 0.958 0.76 0.925 0.934 0.892 0.934 0.886 0.586 0.892 0.934 0.886 0.586 0.886 0.586 0.892 0.76 0.934 0.76 0.881 0.76 0.925 0.76 0.881 0.76 0.877 0.76 0.925 0.934 0.871 0.934 0.847 0.586 0.871 0.934 0.847 0.586 0.847 0.586 0.871 0.76 0.981 0.76 0.969 0.76 0.969 0.76 0.969 0.76 0.958 0.76 0.969 0.934 0.768 0.934 0.753 0.934 0.736 0.934 0.753 0.934 0.71 0.934 0.736 0.934 0.886 0.934 0.892 0.586 0.886 0.934 0.892 0.586 0.892 0.586 0.886 0.934 0.886 0.934 0.871 0.586 0.886 0.934 0.871 0.586 0.871 0.586 0.886 0.76 0.82 0.76 0.82 0.76 0.762 0.76 0.82 0.76 0.758 0.76 0.762 0.76 0.969 0.76 0.981 0.76 0.958 0.76 0.981 0.76 0.969 0.76 0.958 0.934 0.792 0.934 0.768 0.586 0.792 0.934 0.768 0.586 0.768 0.586 0.792 0.756 0.674 0.75 0.672 0.681 0.681 0.76 0.714 0.76 0.705 0.76 0.681 0.76 0.705 0.76 0.67 0.76 0.681 1 0 1 0 1 0 1 0 1 0 1 0 1 0 1 0 1 0 1 0 1 0 1 0 1 0 1 0 1 0 1 0 1 0 1 0 1 0 1 0 1 0 1 0 1 0 1 0 1 0 1 0 1 0 1 0 1 0 1 0 1 0 1 0 1 0 1 0 1 0 1 0 0.083 0.644 0.048 0.663 0.076 0.612 0.048 0.663 0.039 0.628 0.076 0.612 0.076 0.612 0.039 0.628 0.071 0.595 0.039 0.628 0.046 0.6 0.071 0.595 0.083 0.644 0.099 0.684 0.048 0.663 0.099 0.684 0.068 0.702 0.048 0.663 0.232 0.774 0.238 0.777 0.243 0.803 1 0 1 0 1 0 1 0 1 0 1 0 1 0 1 0 1 0 1 0 1 0 1 0 1 0 1 0 1 0 1 0 1 0 1 0 1 0 1 0 1 0 1 0 1 0 1 0 0.472 0.846 0.466 0.861 0.433 0.852 0.466 0.861 0.425 0.87 0.433 0.852 1 0 1 0 1 0 1 0 1 0 1 0 1 0 1 0 1 0 1 0 1 0 1 0 1 0 1 0 1 0 1 0 1 0 1 0 1 0 1 0 1 0 1 0 1 0 1 0 1 0 1 0 1 0 1 0 1 0 1 0 0.199 0.979 0.156 0.983 0.197 0.944 0.156 0.983 0.153 0.953 0.197 0.944 0.153 0.953 0.15 0.924 0.197 0.944 0.15 0.924 0.194 0.91 0.197 0.944 1 0 1 0 1 0 1 0 1 0 1 0 1 0 1 0 1 0 1 0 1 0 1 0 0.398 0.854 0.433 0.852 0.398 0.872 0.433 0.852 0.425 0.87 0.398 0.872 0.007 0.407 0.052 0.407 0.007 0.562 0.052 0.407 0.052 0.562 0.007 0.562 1 0 1 0 1 0 1 0 1 0 1 0 0.175 0.676 0.162 0.644 0.211 0.692 0.162 0.644 0.205 0.663 0.211 0.692 0.221 0.721 0.229 0.745 0.194 0.708 0.229 0.745 0.213 0.738 0.194 0.708 0.015 0.06 0.015 0.013 0.227 0.06 0.015 0.013 0.227 0.013 0.227 0.06 0.24 0.757 0.229 0.745 0.238 0.739 0.229 0.745 0.221 0.721 0.238 0.739 0.244 0.786 0.243 0.803 0.242 0.781 0.229 0.745 0.238 0.777 0.213 0.738 0.238 0.777 0.232 0.774 0.213 0.738 0.234 0.695 0.236 0.719 0.205 0.663 0.236 0.719 0.211 0.692 0.205 0.663 0.244 0.744 0.244 0.76 0.236 0.719 0.244 0.76 0.238 0.739 0.236 0.719 0.234 0.663 0.244 0.688 0.234 0.695 0.244 0.688 0.244 0.721 0.234 0.695 0.233 0.622 0.244 0.633 0.234 0.663 0.244 0.633 0.244 0.688 0.234 0.663 1 0 1 0 1 0 1 0 1 0 1 0 1 0 1 0 1 0 0.31 0.958 0.284 0.945 0.333 0.916 0.284 0.945 0.295 0.894 0.333 0.916 0.35 0.863 0.333 0.916 0.301 0.841 0.333 0.916 0.295 0.894 0.301 0.841 0.284 0.945 0.266 0.932 0.295 0.894 0.266 0.932 0.269 0.876 0.295 0.894 1 0 1 0 1 0 0.337 0.963 0.309 0.992 0.31 0.958 0.309 0.992 0.291 0.989 0.31 0.958 0.301 0.841 0.295 0.894 0.269 0.803 0.295 0.894 0.269 0.876 0.269 0.803 0.291 0.989 0.275 0.982 0.31 0.958 0.275 0.982 0.284 0.945 0.31 0.958 0.266 0.932 0.264 0.973 0.261 0.925 0.264 0.973 0.261 0.968 0.261 0.925 0.443 0.807 0.398 0.8 0.445 0.782 0.398 0.8 0.398 0.772 0.445 0.782 1 0 1 0 1 0 1 0 1 0 1 0 1 0 1 0 1 0 1 0 1 0 1 0 0.398 0.726 0.449 0.733 0.398 0.772 0.449 0.733 0.445 0.782 0.398 0.772 0.162 0.644 0.175 0.676 0.111 0.635 0.175 0.676 0.134 0.67 0.111 0.635 0.203 0.604 0.158 0.593 0.203 0.562 0.158 0.593 0.158 0.562 0.203 0.562 0.158 0.407 0.203 0.407 0.158 0.562 0.203 0.407 0.203 0.562 0.158 0.562 0.337 0.963 0.375 0.963 0.309 0.992 0.375 0.963 0.358 0.994 0.309 0.992 0.162 0.644 0.158 0.613 0.205 0.663 0.158 0.613 0.203 0.631 0.205 0.663 0.243 0.803 0.238 0.777 0.242 0.781 0.234 0.663 0.234 0.695 0.203 0.631 0.234 0.695 0.205 0.663 0.203 0.631 0.211 0.692 0.221 0.721 0.175 0.676 0.221 0.721 0.194 0.708 0.175 0.676 0.221 0.721 0.211 0.692 0.238 0.739 0.211 0.692 0.236 0.719 0.238 0.739 1 0 1 0 1 0 1 0 1 0 1 0 0.275 0.982 0.264 0.973 0.284 0.945 0.264 0.973 0.266 0.932 0.284 0.945 0.438 0.913 0.414 0.957 0.399 0.923 0.414 0.957 0.375 0.963 0.399 0.923 1 0 1 0 1 0 1 0 1 0 1 0 1 0 1 0 1 0 1 0 1 0 1 0 1 0 1 0 1 0 1 0 1 0 1 0 0.486 0.791 0.483 0.81 0.445 0.782 0.483 0.81 0.443 0.807 0.445 0.782 1 0 1 0 1 0 1 0 1 0 1 0 1 0 1 0 1 0 1 0 1 0 1 0 1 0 1 0 1 0 1 0 1 0 1 0 1 0 1 0 1 0 1 0 1 0 1 0 1 0 1 0 1 0 1 0 1 0 1 0 1 0 1 0 1 0 1 0 1 0 1 0 1 0 1 0 1 0 1 0 1 0 1 0 1 0 1 0 1 0 1 0 1 0 1 0 1 0 1 0 1 0 1 0 1 0 1 0 1 0 1 0 1 0 1 0 1 0 1 0 1 0 1 0 1 0 1 0 1 0 1 0 1 0 1 0 1 0 1 0 1 0 1 0 1 0 1 0 1 0 1 0 1 0 1 0 1 0 1 0 1 0 1 0 1 0 1 0 1 0 1 0 1 0 1 0 1 0 1 0 1 0 1 0 1 0 1 0 1 0 1 0 0.244 0.901 0.194 0.91 0.244 0.87 0.194 0.91 0.192 0.876 0.244 0.87 0.244 0.94 0.197 0.944 0.244 0.901 0.197 0.944 0.194 0.91 0.244 0.901 1 0 1 0 1 0 1 0 1 0 1 0 1 0 1 0 1 0 1 0 1 0 1 0 1 0 1 0 1 0 1 0 1 0 1 0 1 0 1 0 1 0 1 0 1 0 1 0 1 0 1 0 1 0 1 0 1 0 1 0 1 0 1 0 1 0 1 0 1 0 1 0 1 0 1 0 1 0 1 0 1 0 1 0 1 0 1 0 1 0 1 0 1 0 1 0 1 0 1 0 1 0 1 0 1 0 1 0 0.089 0.742 0.104 0.773 0.055 0.773 0.104 0.773 0.069 0.806 0.055 0.773 0.238 0.777 0.229 0.745 0.242 0.781 0.229 0.745 0.24 0.757 0.242 0.781 0.243 0.803 0.224 0.773 0.232 0.774 0.213 0.738 0.232 0.774 0.195 0.735 0.232 0.774 0.224 0.773 0.195 0.735 1 0 1 0 1 0 1 0 1 0 1 0 1 0 1 0 1 0 1 0 1 0 1 0 1 0 1 0 1 0 1 0 1 0 1 0 1 0 1 0 1 0 1 0 1 0 1 0 1 0 1 0 1 0 1 0 1 0 1 0 1 0 1 0 1 0 1 0 1 0 1 0 1 0 1 0 1 0 1 0 1 0 1 0 1 0 1 0 1 0 1 0 1 0 1 0 1 0 1 0 1 0 1 0 1 0 1 0 1 0 1 0 1 0 1 0 1 0 1 0 1 0 1 0 1 0 1 0 1 0 1 0 1 0 1 0 1 0 1 0 1 0 1 0 1 0 1 0 1 0 1 0 1 0 1 0 1 0 1 0 1 0 1 0 1 0 1 0 1 0 1 0 1 0 1 0 1 0 1 0 1 0 1 0 1 0 1 0 1 0 1 0 1 0 1 0 1 0 0.301 0.406 0.346 0.406 0.301 0.56 0.346 0.406 0.346 0.56 0.301 0.56 0.24 0.757 0.238 0.739 0.244 0.77 0.238 0.739 0.244 0.76 0.244 0.77 0.244 0.786 0.242 0.781 0.244 0.77 0.242 0.781 0.24 0.757 0.244 0.77 0.233 0.407 0.244 0.407 0.233 0.562 0.244 0.407 0.244 0.562 0.233 0.562 0.105 0.605 0.158 0.613 0.111 0.635 0.158 0.613 0.162 0.644 0.111 0.635 0.203 0.407 0.233 0.407 0.203 0.562 0.233 0.407 0.233 0.562 0.203 0.562 0.236 0.719 0.234 0.695 0.244 0.744 0.234 0.695 0.244 0.721 0.244 0.744 0.158 0.613 0.105 0.605 0.158 0.593 0.105 0.605 0.105 0.588 0.158 0.593 0.158 0.593 0.105 0.588 0.158 0.562 0.105 0.588 0.105 0.562 0.158 0.562 0.233 0.622 0.203 0.604 0.233 0.562 0.203 0.604 0.203 0.562 0.233 0.562 0.233 0.562 0.244 0.562 0.233 0.622 0.244 0.562 0.244 0.633 0.233 0.622 0.234 0.663 0.203 0.631 0.233 0.622 0.203 0.631 0.203 0.604 0.233 0.622 0.203 0.631 0.158 0.613 0.203 0.604 0.158 0.613 0.158 0.593 0.203 0.604 1 0 1 0 1 0 1 0 1 0 1 0 1 0 1 0 1 0 1 0 1 0 1 0 1 0 1 0 1 0 1 0 1 0 1 0 0.068 0.702 0.034 0.735 0.048 0.663 0.034 0.735 0.016 0.694 0.048 0.663 0.048 0.663 0.016 0.694 0.039 0.628 0.016 0.694 0.004 0.656 0.039 0.628 1 0 1 0 1 0 1 0 1 0 1 0 0.004 0.619 0.046 0.6 0.004 0.656 0.046 0.6 0.039 0.628 0.004 0.656 0.046 0.6 0.004 0.619 0.052 0.562 0.004 0.619 0.007 0.562 0.052 0.562 0.122 0.717 0.099 0.684 0.166 0.705 0.099 0.684 0.134 0.67 0.166 0.705 0.105 0.605 0.111 0.635 0.076 0.612 0.111 0.635 0.083 0.644 0.076 0.612 0.105 0.588 0.105 0.605 0.071 0.595 0.105 0.605 0.076 0.612 0.071 0.595 0.111 0.635 0.134 0.67 0.083 0.644 0.134 0.67 0.099 0.684 0.083 0.644 0.134 0.67 0.175 0.676 0.166 0.705 0.175 0.676 0.194 0.708 0.166 0.705 0.213 0.738 0.195 0.735 0.194 0.708 0.195 0.735 0.166 0.705 0.194 0.708 0.052 0.562 0.071 0.595 0.046 0.6 0.105 0.588 0.071 0.595 0.105 0.562 0.071 0.595 0.052 0.562 0.105 0.562 1 0 1 0 1 0 1 0 1 0 1 0 1 0 1 0 1 0 1 0 1 0 1 0 1 0 1 0 1 0 1 0 1 0 1 0 1 0 1 0 1 0 1 0 1 0 1 0 1 0 1 0 1 0 1 0 1 0 1 0 1 0 1 0 1 0 1 0 1 0 1 0 0.105 0.407 0.158 0.407 0.105 0.562 0.158 0.407 0.158 0.562 0.105 0.562 0.052 0.407 0.105 0.407 0.052 0.562 0.105 0.407 0.105 0.562 0.052 0.562 0.301 0.841 0.351 0.846 0.35 0.863 0.351 0.846 0.398 0.854 0.35 0.863 0.398 0.854 0.398 0.872 0.35 0.863 0.398 0.406 0.451 0.406 0.398 0.56 0.451 0.406 0.451 0.56 0.398 0.56 0.398 0.56 0.451 0.56 0.398 0.631 0.451 0.56 0.451 0.634 0.398 0.631 0.398 0.726 0.398 0.631 0.449 0.733 0.398 0.631 0.451 0.634 0.449 0.733 1 0 1 0 1 0 1 0 1 0 1 0 0.346 0.406 0.398 0.406 0.346 0.56 0.398 0.406 0.398 0.56 0.346 0.56 1 0 1 0 1 0 1 0 1 0 1 0 0.443 0.807 0.439 0.83 0.398 0.8 0.439 0.83 0.398 0.826 0.398 0.8 1 0 1 0 1 0 1 0 1 0 1 0 0.496 0.56 0.493 0.637 0.451 0.56 0.493 0.637 0.451 0.634 0.451 0.56 1 0 1 0 1 0 1 0 1 0 1 0 1 0 1 0 1 0 1 0 1 0 1 0 0.449 0.733 0.451 0.634 0.492 0.74 0.451 0.634 0.493 0.637 0.492 0.74 1 0 1 0 1 0 1 0 1 0 1 0 1 0 1 0 1 0 1 0 1 0 1 0 1 0 1 0 1 0 1 0 1 0 1 0 0.479 0.828 0.472 0.846 0.439 0.83 0.472 0.846 0.433 0.852 0.439 0.83 1 0 1 0 1 0 1 0 1 0 1 0 0.483 0.81 0.479 0.828 0.443 0.807 0.479 0.828 0.439 0.83 0.443 0.807 0.445 0.782 0.449 0.733 0.486 0.791 0.449 0.733 0.492 0.74 0.486 0.791 1 0 1 0 1 0 1 0 1 0 1 0 1 0 1 0 1 0 1 0 1 0 1 0 1 0 1 0 1 0 1 0 1 0 1 0 1 0 1 0 1 0 1 0 1 0 1 0 1 0 1 0 1 0 1 0 1 0 1 0 1 0 1 0 1 0 1 0 1 0 1 0 1 0 1 0 1 0 1 0 1 0 1 0 0.451 0.406 0.496 0.406 0.451 0.56 0.496 0.406 0.496 0.56 0.451 0.56 1 0 1 0 1 0 1 0 1 0 1 0 0.433 0.852 0.398 0.854 0.439 0.83 0.398 0.854 0.398 0.826 0.439 0.83 1 0 1 0 1 0 1 0 1 0 1 0 1 0 1 0 1 0 1 0 1 0 1 0 1 0 1 0 1 0 1 0 1 0 1 0 0.15 0.924 0.112 0.939 0.146 0.894 0.112 0.939 0.108 0.917 0.146 0.894 1 0 1 0 1 0 1 0 1 0 1 0 1 0 1 0 1 0 1 0 1 0 1 0 1 0 1 0 1 0 1 0 1 0 1 0 1 0 1 0 1 0 1 0 1 0 1 0 0.146 0.894 0.141 0.866 0.192 0.876 0.141 0.866 0.189 0.845 0.192 0.876 0.15 0.924 0.153 0.953 0.112 0.939 0.153 0.953 0.116 0.961 0.112 0.939 0.137 0.841 0.141 0.866 0.099 0.878 0.141 0.866 0.103 0.896 0.099 0.878 0.141 0.866 0.146 0.894 0.103 0.896 0.146 0.894 0.108 0.917 0.103 0.896 1 0 1 0 1 0 1 0 1 0 1 0 1 0 1 0 1 0 1 0 1 0 1 0 1 0 1 0 1 0 1 0 1 0 1 0 1 0 1 0 1 0 1 0 1 0 1 0 0.156 0.983 0.119 0.983 0.153 0.953 0.119 0.983 0.116 0.961 0.153 0.953 1 0 1 0 1 0 1 0 1 0 1 0 1 0 1 0 1 0 1 0 1 0 1 0 1 0 1 0 1 0 1 0 1 0 1 0 1 0 1 0 1 0 1 0 1 0 1 0 1 0 1 0 1 0 1 0 1 0 1 0 0.194 0.91 0.15 0.924 0.192 0.876 0.15 0.924 0.146 0.894 0.192 0.876 1 0 1 0 1 0 1 0 1 0 1 0 1 0 1 0 1 0 1 0 1 0 1 0 1 0 1 0 1 0 1 0 1 0 1 0 1 0 1 0 1 0 1 0 1 0 1 0 1 0 1 0 1 0 1 0 1 0 1 0 1 0 1 0 1 0 1 0 1 0 1 0 0.137 0.841 0.185 0.817 0.141 0.866 0.185 0.817 0.189 0.845 0.141 0.866 0.089 0.742 0.122 0.717 0.104 0.773 0.122 0.717 0.142 0.749 0.104 0.773 0.166 0.705 0.195 0.735 0.122 0.717 0.195 0.735 0.142 0.749 0.122 0.717 0.438 0.913 0.399 0.923 0.466 0.861 0.399 0.923 0.425 0.87 0.466 0.861 0.195 0.735 0.224 0.773 0.142 0.749 0.224 0.773 0.165 0.785 0.142 0.749 0.375 0.963 0.337 0.963 0.399 0.923 0.337 0.963 0.373 0.924 0.399 0.923 0.398 0.872 0.425 0.87 0.373 0.924 0.425 0.87 0.399 0.923 0.373 0.924 1 0 1 0 1 0 1 0 1 0 1 0 0.269 0.803 0.269 0.876 0.261 0.78 0.269 0.876 0.261 0.865 0.261 0.78 0.346 0.726 0.346 0.772 0.301 0.726 0.346 0.772 0.301 0.772 0.301 0.726 0.3 0.815 0.269 0.803 0.3 0.794 0.269 0.803 0.273 0.789 0.3 0.794 0.398 0.772 0.398 0.8 0.346 0.772 0.398 0.8 0.346 0.794 0.346 0.772 0.31 0.958 0.333 0.916 0.337 0.963 0.333 0.916 0.373 0.924 0.337 0.963 1 0 1 0 1 0 1 0 1 0 1 0 0.269 0.876 0.266 0.932 0.261 0.865 0.266 0.932 0.261 0.925 0.261 0.865 0.75 0.672 0.681 0.67 0.748 0.67 0.3 0.815 0.301 0.841 0.269 0.803 0.373 0.924 0.333 0.916 0.398 0.872 0.333 0.916 0.35 0.863 0.398 0.872 1 0 1 0 1 0 1 0 1 0 1 0 1 0 1 0 1 0 1 0 1 0 1 0 0.398 0.8 0.398 0.826 0.346 0.794 0.398 0.826 0.348 0.816 0.346 0.794 0.398 0.854 0.351 0.846 0.398 0.826 0.351 0.846 0.348 0.816 0.398 0.826 0.346 0.794 0.348 0.816 0.3 0.794 0.348 0.816 0.3 0.815 0.3 0.794 1 0 1 0 1 0 1 0 1 0 1 0 0.348 0.816 0.351 0.846 0.3 0.815 0.351 0.846 0.301 0.841 0.3 0.815 1 0 1 0 1 0 1 0 1 0 1 0 1 0 1 0 1 0 1 0 1 0 1 0 1 0 1 0 1 0 1 0 1 0 1 0 0.346 0.794 0.3 0.794 0.346 0.772 0.3 0.794 0.301 0.772 0.346 0.772 0.3 0.794 0.273 0.789 0.301 0.772 0.273 0.789 0.271 0.772 0.301 0.772 0.346 0.631 0.346 0.726 0.301 0.631 0.346 0.726 0.301 0.726 0.301 0.631 0.346 0.726 0.398 0.726 0.346 0.772 0.398 0.726 0.398 0.772 0.346 0.772 0.346 0.56 0.346 0.631 0.301 0.56 0.346 0.631 0.301 0.631 0.301 0.56 0.346 0.56 0.398 0.56 0.346 0.631 0.398 0.56 0.398 0.631 0.346 0.631 0.398 0.631 0.398 0.726 0.346 0.631 0.398 0.726 0.346 0.726 0.346 0.631 0.528 0.013 0.399 0.163 0.454 0.013 0.399 0.163 0.404 0.06 0.454 0.013 0.616 0.246 0.475 0.254 0.645 0.065 0.475 0.254 0.444 0.203 0.645 0.065 0.742 0.551 0.689 0.617 0.674 0.537 0.689 0.617 0.647 0.603 0.674 0.537 0.838 0.603 0.794 0.616 0.811 0.537 0.794 0.616 0.742 0.551 0.811 0.537 0.399 0.163 0.528 0.013 0.444 0.203 0.528 0.013 0.645 0.065 0.444 0.203 0.616 0.246 0.645 0.065 0.674 0.208 0.645 0.065 0.727 0.102 0.674 0.208 0.681 0.925 0.76 0.925 0.681 0.877 0.76 0.925 0.76 0.877 0.681 0.877 0.681 0.714 0.76 0.714 0.681 0.681 0.76 0.714 0.76 0.681 0.681 0.681 0.881 0.58 0.838 0.603 0.868 0.499 0.838 0.603 0.811 0.537 0.868 0.499 0.907 0.304 0.944 0.226 0.97 0.271 0.681 0.925 0.76 0.925 0.681 0.958 0.76 0.925 0.76 0.958 0.681 0.958 0.681 0.82 0.76 0.82 0.681 0.762 0.76 0.82 0.76 0.762 0.681 0.762 0.475 0.254 0.616 0.246 0.497 0.33 0.616 0.246 0.578 0.304 0.497 0.33 0.681 0.877 0.76 0.877 0.681 0.925 0.76 0.877 0.76 0.925 0.681 0.925 0.907 0.304 0.97 0.271 0.921 0.373 0.97 0.271 0.986 0.318 0.921 0.373 0.556 0.54 0.616 0.499 0.603 0.58 0.616 0.499 0.674 0.537 0.603 0.58 0.681 0.969 0.76 0.969 0.681 0.958 0.76 0.969 0.76 0.958 0.681 0.958 0.497 0.33 0.578 0.304 0.511 0.4 0.578 0.304 0.564 0.373 0.511 0.4 0.921 0.373 0.992 0.367 0.907 0.441 0.992 0.367 0.989 0.414 0.907 0.441 0.681 0.762 0.76 0.762 0.681 0.82 0.76 0.762 0.76 0.82 0.681 0.82 0.992 0.367 0.921 0.373 0.986 0.318 0.681 0.681 0.76 0.681 0.681 0.714 0.76 0.681 0.76 0.714 0.681 0.714 0.511 0.4 0.564 0.373 0.533 0.48 0.564 0.373 0.578 0.441 0.533 0.48 0.533 0.48 0.578 0.441 0.556 0.54 0.578 0.441 0.616 0.499 0.556 0.54 0.75 0.749 0.756 0.751 0.586 0.753 0.681 0.762 0.76 0.762 0.681 0.714 0.76 0.762 0.76 0.714 0.681 0.714 0.973 0.468 0.907 0.441 0.989 0.414 0.811 0.208 0.852 0.163 0.868 0.246 0.852 0.163 0.913 0.189 0.868 0.246 0.681 0.958 0.76 0.958 0.681 0.925 0.76 0.958 0.76 0.925 0.681 0.925 0.95 0.511 0.919 0.549 0.907 0.441 0.919 0.549 0.868 0.499 0.907 0.441 0.681 0.877 0.76 0.877 0.681 0.82 0.76 0.877 0.76 0.82 0.681 0.82 0.454 0.013 0.404 0.06 0.323 0.013 0.404 0.06 0.324 0.06 0.323 0.013 0.674 0.537 0.647 0.603 0.603 0.58 0.742 0.194 0.787 0.131 0.811 0.208 0.787 0.131 0.852 0.163 0.811 0.208 0.742 0.551 0.742 0.623 0.689 0.617 0.727 0.102 0.787 0.131 0.674 0.208 0.787 0.131 0.742 0.194 0.674 0.208 0.681 0.714 0.76 0.714 0.681 0.762 0.76 0.714 0.76 0.762 0.681 0.762 0.881 0.58 0.868 0.499 0.919 0.549 0.95 0.511 0.907 0.441 0.973 0.468 0.681 0.958 0.76 0.958 0.681 0.969 0.76 0.958 0.76 0.969 0.681 0.969 0.868 0.246 0.913 0.189 0.907 0.304 0.913 0.189 0.944 0.226 0.907 0.304 0.794 0.616 0.742 0.623 0.742 0.551 0.681 0.82 0.76 0.82 0.681 0.877 0.76 0.82 0.76 0.877 0.681 0.877 1 0 1 0 1 0 1 0 1 0 1 0 1 0 1 0 1 0 1 0 1 0 1 0 1 0 1 0 1 0 1 0 1 0 1 0 1 0 1 0 1 0 1 0 1 0 1 0 1 0 1 0 1 0 1 0 1 0 1 0 1 0 1 0 1 0 1 0 1 0 1 0 1 0 1 0 1 0 1 0 1 0 1 0 1 0 1 0 1 0 1 0 1 0 1 0 1 0 1 0 1 0 1 0 1 0 1 0 1 0 1 0 1 0 1 0 1 0 1 0 1 0 1 0 1 0 1 0 1 0 1 0 1 0 1 0 1 0 1 0 1 0 1 0 0.934 0.82 0.934 0.865 0.895 0.82 0.934 0.865 0.895 0.874 0.895 0.82 0.851 0.82 0.851 0.879 0.806 0.82 0.851 0.879 0.806 0.881 0.806 0.82 0.806 0.82 0.806 0.881 0.76 0.82 0.806 0.881 0.76 0.881 0.76 0.82 0.934 0.865 0.934 0.903 0.895 0.874 0.934 0.903 0.895 0.92 0.895 0.874 0.851 0.879 0.851 0.93 0.806 0.881 0.851 0.93 0.806 0.933 0.806 0.881 0.806 0.881 0.806 0.933 0.76 0.881 0.806 0.933 0.76 0.934 0.76 0.881 0.934 0.903 0.934 0.929 0.895 0.92 0.934 0.929 0.895 0.951 0.895 0.92 0.851 0.93 0.851 0.964 0.806 0.933 0.851 0.964 0.806 0.968 0.806 0.933 0.806 0.933 0.806 0.968 0.76 0.934 0.806 0.968 0.76 0.969 0.76 0.934 0.934 0.929 0.934 0.938 0.895 0.951 0.934 0.938 0.895 0.962 0.895 0.951 0.851 0.964 0.851 0.976 0.806 0.968 0.851 0.976 0.806 0.98 0.806 0.968 0.806 0.968 0.806 0.98 0.76 0.969 0.806 0.98 0.76 0.981 0.76 0.969 0.934 0.938 0.934 0.929 0.895 0.962 0.934 0.929 0.895 0.951 0.895 0.962 0.851 0.976 0.851 0.964 0.806 0.98 0.851 0.964 0.806 0.968 0.806 0.98 0.806 0.98 0.806 0.968 0.76 0.981 0.806 0.968 0.76 0.969 0.76 0.981 0.934 0.929 0.934 0.903 0.895 0.951 0.934 0.903 0.895 0.92 0.895 0.951 0.851 0.964 0.851 0.93 0.806 0.968 0.851 0.93 0.806 0.933 0.806 0.968 0.806 0.968 0.806 0.933 0.76 0.969 0.806 0.933 0.76 0.934 0.76 0.969 0.934 0.903 0.934 0.865 0.895 0.92 0.934 0.865 0.895 0.874 0.895 0.92 0.851 0.93 0.851 0.879 0.806 0.933 0.851 0.879 0.806 0.881 0.806 0.933 0.806 0.933 0.806 0.881 0.76 0.934 0.806 0.881 0.76 0.881 0.76 0.934 0.934 0.865 0.934 0.82 0.895 0.874 0.934 0.82 0.895 0.82 0.895 0.874 0.851 0.879 0.851 0.82 0.806 0.881 0.851 0.82 0.806 0.82 0.806 0.881 0.806 0.881 0.806 0.82 0.76 0.881 0.806 0.82 0.76 0.82 0.76 0.881 0.934 0.82 0.934 0.774 0.895 0.82 0.934 0.774 0.895 0.765 0.895 0.82 0.851 0.82 0.851 0.76 0.806 0.82 0.851 0.76 0.806 0.758 0.806 0.82 0.806 0.82 0.806 0.758 0.76 0.82 0.806 0.758 0.76 0.758 0.76 0.82 0.934 0.774 0.934 0.736 0.895 0.765 0.934 0.736 0.895 0.719 0.895 0.765 0.851 0.76 0.851 0.709 0.806 0.758 0.851 0.709 0.806 0.706 0.806 0.758 0.806 0.758 0.806 0.706 0.76 0.758 0.806 0.706 0.76 0.705 0.76 0.758 0.934 0.736 0.934 0.71 0.895 0.719 0.934 0.71 0.895 0.688 0.895 0.719 0.851 0.709 0.851 0.675 0.806 0.706 0.851 0.675 0.806 0.671 0.806 0.706 0.806 0.706 0.806 0.671 0.76 0.705 0.806 0.671 0.76 0.67 0.76 0.705 0.586 0.768 0.776 0.753 0.934 0.768 0.776 0.753 0.934 0.753 0.934 0.768 0.586 0.768 0.586 0.753 0.776 0.753 0.681 0.681 0.75 0.672 0.681 0.67 0.934 0.768 0.934 0.753 0.586 0.768 0.934 0.753 0.776 0.753 0.586 0.768 0.681 0.681 0.756 0.674 0.76 0.681 0.756 0.674 0.681 0.681 0.75 0.672 0.934 0.71 0.934 0.736 0.895 0.688 0.934 0.736 0.895 0.719 0.895 0.688 0.851 0.675 0.851 0.709 0.806 0.671 0.851 0.709 0.806 0.706 0.806 0.671 0.806 0.671 0.806 0.706 0.76 0.67 0.806 0.706 0.76 0.705 0.76 0.67 0.934 0.736 0.934 0.774 0.895 0.719 0.934 0.774 0.895 0.765 0.895 0.719 0.851 0.709 0.851 0.76 0.806 0.706 0.851 0.76 0.806 0.758 0.806 0.706 0.806 0.706 0.806 0.758 0.76 0.705 0.806 0.758 0.76 0.758 0.76 0.705 0.934 0.774 0.934 0.82 0.895 0.765 0.934 0.82 0.895 0.82 0.895 0.765 0.851 0.76 0.851 0.82 0.806 0.758 0.851 0.82 0.806 0.82 0.806 0.758 0.806 0.758 0.806 0.82 0.76 0.758 0.806 0.82 0.76 0.82 0.76 0.758 0.934 0.865 0.934 0.847 0.934 0.82 0.934 0.847 0.934 0.82 0.934 0.82 0.934 0.82 0.934 0.847 0.934 0.82 0.934 0.847 0.934 0.865 0.934 0.82 0.934 0.871 0.934 0.903 0.934 0.886 0.934 0.903 0.934 0.929 0.934 0.886 0.934 0.82 0.934 0.792 0.934 0.82 0.934 0.792 0.934 0.774 0.934 0.82 0.934 0.792 0.934 0.768 0.934 0.774 0.934 0.768 0.934 0.736 0.934 0.774 0.934 0.774 0.934 0.792 0.934 0.82 0.934 0.792 0.934 0.82 0.934 0.82 0.76 0.681 0.756 0.674 0.76 0.675 0.934 0.938 0.934 0.929 0.934 0.892 0.934 0.929 0.934 0.886 0.934 0.892 0.756 0.674 0.76 0.681 0.76 0.675 0.934 0.929 0.934 0.903 0.934 0.886 0.934 0.903 0.934 0.871 0.934 0.886 0.934 0.774 0.934 0.736 0.934 0.792 0.934 0.736 0.934 0.768 0.934 0.792 0.934 0.903 0.934 0.865 0.934 0.871 0.934 0.865 0.934 0.847 0.934 0.871 0.681 0.681 0.681 0.67 0.75 0.672 0.934 0.903 0.934 0.871 0.934 0.865 0.934 0.871 0.934 0.847 0.934 0.865 0.934 0.938 0.934 0.892 0.934 0.929 0.934 0.892 0.934 0.886 0.934 0.929 0.895 0.765 0.895 0.82 0.851 0.76 0.895 0.82 0.851 0.82 0.851 0.76 0.895 0.719 0.895 0.765 0.851 0.709 0.895 0.765 0.851 0.76 0.851 0.709 0.895 0.688 0.895 0.719 0.851 0.675 0.895 0.719 0.851 0.709 0.851 0.675 0.76 0.681 0.76 0.67 0.76 0.675 0.76 0.67 0.76 0.662 0.76 0.675 0.76 0.67 0.76 0.681 0.76 0.662 0.76 0.681 0.76 0.675 0.76 0.662 0.895 0.719 0.895 0.688 0.851 0.709 0.895 0.688 0.851 0.675 0.851 0.709 0.895 0.765 0.895 0.719 0.851 0.76 0.895 0.719 0.851 0.709 0.851 0.76 0.895 0.82 0.895 0.765 0.851 0.82 0.895 0.765 0.851 0.76 0.851 0.82 0.895 0.874 0.895 0.82 0.851 0.879 0.895 0.82 0.851 0.82 0.851 0.879 0.895 0.92 0.895 0.874 0.851 0.93 0.895 0.874 0.851 0.879 0.851 0.93 0.895 0.951 0.895 0.92 0.851 0.964 0.895 0.92 0.851 0.93 0.851 0.964 0.895 0.962 0.895 0.951 0.851 0.976 0.895 0.951 0.851 0.964 0.851 0.976 0.895 0.951 0.895 0.962 0.851 0.964 0.895 0.962 0.851 0.976 0.851 0.964 0.895 0.92 0.895 0.951 0.851 0.93 0.895 0.951 0.851 0.964 0.851 0.93 0.895 0.874 0.895 0.92 0.851 0.879 0.895 0.92 0.851 0.93 0.851 0.879 0.895 0.82 0.895 0.874 0.851 0.82 0.895 0.874 0.851 0.879 0.851 0.82 0.934 0.71 0.934 0.753 0.934 0.707 0.934 0.71 0.934 0.707 0.934 0.753 0.765 0.752 0.586 0.753 0.776 0.753 0.756 0.751 0.765 0.752 0.586 0.753 0.756 0.751 0.75 0.749 0.586 0.753 0.586 0.753 0.586 0.768 0.776 0.753 0.75 0.749 0.748 0.747 0.586 0.753 0.748 0.747 0.586 0.747 0.586 0.753 0.586 0.753 0.765 0.752 0.756 0.751 0.765 0.752 0.776 0.753 0.586 0.753 0.586 0.753 0.586 0.747 0.75 0.749 0.586 0.747 0.748 0.747 0.75 0.749 0.895 0.688 0.934 0.71 0.895 0.683 0.934 0.71 0.934 0.707 0.895 0.683 0.851 0.675 0.895 0.688 0.851 0.669 0.895 0.688 0.895 0.683 0.851 0.669 0.806 0.671 0.851 0.675 0.806 0.665 0.851 0.675 0.851 0.669 0.806 0.665 0.76 0.67 0.806 0.671 0.776 0.664 0.806 0.671 0.806 0.665 0.776 0.664 0.776 0.664 0.765 0.663 0.76 0.67 0.76 0.67 0.765 0.663 0.76 0.662 0.76 0.662 0.765 0.663 0.76 0.67 0.765 0.663 0.776 0.664 0.76 0.67 0.806 0.671 0.76 0.67 0.806 0.665 0.76 0.67 0.776 0.664 0.806 0.665 0.851 0.675 0.806 0.671 0.851 0.669 0.806 0.671 0.806 0.665 0.851 0.669 0.895 0.688 0.851 0.675 0.895 0.683 0.851 0.675 0.851 0.669 0.895 0.683 0.934 0.71 0.895 0.688 0.934 0.707 0.895 0.688 0.895 0.683 0.934 0.707 0.748 0.747 0.748 0.67 0.75 0.749 0.748 0.67 0.75 0.672 0.75 0.749 0.75 0.749 0.75 0.672 0.748 0.747 0.75 0.672 0.748 0.67 0.748 0.747 0.75 0.749 0.75 0.672 0.756 0.751 0.75 0.672 0.756 0.674 0.756 0.751 0.756 0.751 0.756 0.674 0.75 0.749 0.756 0.674 0.75 0.672 0.75 0.749 0.776 0.753 0.776 0.664 0.765 0.752 0.776 0.664 0.765 0.663 0.765 0.752 0.765 0.752 0.765 0.663 0.776 0.753 0.765 0.663 0.776 0.664 0.776 0.753 0.76 0.662 0.765 0.663 0.76 0.675 0.765 0.663 0.765 0.752 0.76 0.675 0.756 0.751 0.756 0.674 0.765 0.752 0.756 0.674 0.76 0.675 0.765 0.752 0.765 0.752 0.76 0.675 0.756 0.751 0.76 0.675 0.756 0.674 0.756 0.751 0.76 0.662 0.76 0.675 0.765 0.663 0.765 0.663 0.76 0.675 0.765 0.752 0.776 0.753 0.806 0.665 0.776 0.664 0.776 0.753 0.934 0.753 0.851 0.669 0.934 0.753 0.895 0.683 0.851 0.669 0.934 0.707 0.934 0.753 0.895 0.683 0.934 0.753 0.776 0.753 0.895 0.683 0.851 0.669 0.806 0.665 0.776 0.753 0.895 0.683 0.934 0.753 0.934 0.707 0.776 0.753 0.851 0.669 0.895 0.683 0.776 0.664 0.806 0.665 0.776 0.753 0.776 0.753 0.806 0.665 0.851 0.669 0.224 0.773 0.243 0.803 0.165 0.785 0.243 0.803 0.185 0.817 0.165 0.785 1 0 1 0 1 0 1 0 1 0 1 0 0.324 0.06 0.227 0.06 0.323 0.013 0.227 0.06 0.227 0.013 0.323 0.013 0.015 0.108 0.015 0.06 0.227 0.115 0.015 0.06 0.227 0.06 0.227 0.115 1 0 1 0 1 0 1 0 1 0 1 0 0.323 0.127 0.227 0.115 0.324 0.06 0.227 0.115 0.227 0.06 0.324 0.06 0.404 0.06 0.399 0.163 0.324 0.06 0.399 0.163 0.323 0.127 0.324 0.06 0.261 0.78 0.271 0.772 0.269 0.803 0.271 0.772 0.273 0.789 0.269 0.803 0.142 0.749 0.165 0.785 0.104 0.773 0.165 0.785 0.121 0.809 0.104 0.773 0.104 0.773 0.121 0.809 0.069 0.806 0.121 0.809 0.086 0.847 0.069 0.806 1 0 1 0 1 0 1 0 1 0 1 0 1 0 1 0 1 0 1 0 1 0 1 0 1 0 1 0 1 0 1 0 1 0 1 0 1 0 1 0 1 0 1 0 1 0 1 0 0.358 0.994 0.375 0.963 0.399 0.989 0.375 0.963 0.414 0.957 0.399 0.989 1 0 1 0 1 0 1 0 1 0 1 0 1 0 1 0 1 0 1 0 1 0 1 0 1 0 1 0 1 0 1 0 1 0 1 0 1 0 1 0 1 0 1 0 1 0 1 0 1 0 1 0 1 0 1 0 1 0 1 0 1 0 1 0 1 0 1 0 1 0 1 0 1 0 1 0 1 0 1 0 1 0 1 0 1 0 1 0 1 0 1 0 1 0 1 0 1 0 1 0 1 0 0.165 0.785 0.185 0.817 0.121 0.809 0.185 0.817 0.137 0.841 0.121 0.809 1 0 1 0 1 0 1 0 1 0 1 0 0.121 0.809 0.137 0.841 0.086 0.847 0.137 0.841 0.099 0.878 0.086 0.847 1 0 1 0 1 0 1 0 1 0 1 0 1 0 1 0 1 0</float_array>
					<technique_common>
						<accessor source="#3818v2-mesh-map-1-array" count="2856" stride="2">
							<param name="S" type="float"/>
							<param name="T" type="float"/>
						</accessor>
					</technique_common>
				</source>
				<source id="3818v2-mesh-map-2">
					<float_array id="3818v2-mesh-map-2-array" count="5712">0.808 0.591 0.805 0.539 0.839 0.582 0.805 0.539 0.84 0.532 0.839 0.582 0.789 0.833 0.788 0.832 0.816 0.811 0.788 0.832 0.813 0.813 0.816 0.811 0.859 0.571 0.839 0.582 0.854 0.524 0.839 0.582 0.84 0.532 0.854 0.524 0.859 0.733 0.862 0.701 0.862 0.727 0.862 0.701 0.865 0.686 0.862 0.727 0.763 0.487 0.804 0.486 0.763 0.543 0.804 0.486 0.805 0.539 0.763 0.543 0.848 0.762 0.859 0.733 0.852 0.758 0.859 0.733 0.862 0.727 0.852 0.758 0.567 0.79 0.561 0.783 0.552 0.762 0.561 0.783 0.547 0.753 0.552 0.762 0.538 0.701 0.542 0.733 0.535 0.689 0.542 0.733 0.538 0.721 0.535 0.689 0.596 0.744 0.639 0.741 0.603 0.763 0.639 0.741 0.643 0.752 0.603 0.763 0.669 0.855 0.668 0.856 0.64 0.847 0.668 0.856 0.637 0.847 0.64 0.847 0.581 0.808 0.561 0.783 0.588 0.813 0.561 0.783 0.567 0.79 0.588 0.813 0.614 0.78 0.603 0.763 0.649 0.763 0.603 0.763 0.643 0.752 0.649 0.763 0.198 0.672 0.198 0.654 0.198 0.694 0.198 0.734 0.198 0.716 0.198 0.694 0.198 0.716 0.198 0.694 0.198 0.694 0.198 0.642 0.198 0.637 0.198 0.694 0.198 0.746 0.198 0.734 0.198 0.694 0.198 0.637 0.198 0.642 0.198 0.694 0.47 0.654 0.47 0.672 0.198 0.654 0.47 0.672 0.198 0.672 0.198 0.654 0.47 0.637 0.47 0.642 0.198 0.637 0.47 0.642 0.198 0.642 0.198 0.637 0.47 0.694 0.47 0.716 0.198 0.694 0.47 0.716 0.198 0.716 0.198 0.694 0.334 0.811 0.334 0.82 0.334 0.802 0.334 0.82 0.334 0.811 0.334 0.802 0.334 0.586 0.334 0.577 0.334 0.577 0.334 0.577 0.334 0.568 0.334 0.577 0.198 0.654 0.198 0.672 0.198 0.694 0.198 0.672 0.198 0.694 0.198 0.694 0.198 0.694 0.198 0.672 0.198 0.694 0.198 0.746 0.198 0.751 0.198 0.694 0.198 0.716 0.198 0.734 0.198 0.694 0.198 0.751 0.198 0.746 0.198 0.694 0.198 0.642 0.198 0.694 0.198 0.654 0.198 0.694 0.198 0.716 0.198 0.694 0.198 0.642 0.198 0.654 0.198 0.694 0.198 0.734 0.198 0.746 0.198 0.694 0.334 0.777 0.334 0.739 0.334 0.783 0.334 0.739 0.334 0.742 0.334 0.783 0.272 0.586 0.334 0.586 0.331 0.603 0.47 0.746 0.47 0.734 0.198 0.746 0.47 0.734 0.198 0.734 0.198 0.746 0.47 0.672 0.47 0.694 0.198 0.672 0.47 0.694 0.198 0.694 0.198 0.672 0.334 0.739 0.334 0.694 0.334 0.742 0.334 0.694 0.334 0.694 0.334 0.742 0.334 0.694 0.334 0.649 0.334 0.694 0.334 0.649 0.334 0.646 0.334 0.694 0.47 0.734 0.47 0.716 0.198 0.734 0.47 0.716 0.198 0.716 0.198 0.734 0.272 0.611 0.326 0.607 0.324 0.611 0.334 0.742 0.334 0.694 0.334 0.739 0.334 0.694 0.334 0.694 0.334 0.739 0.47 0.694 0.47 0.659 0.47 0.694 0.47 0.659 0.47 0.672 0.47 0.694 0.334 0.646 0.334 0.605 0.334 0.649 0.334 0.605 0.334 0.611 0.334 0.649 0.334 0.783 0.334 0.811 0.334 0.777 0.334 0.811 0.334 0.802 0.334 0.777 0.47 0.642 0.47 0.654 0.198 0.642 0.47 0.654 0.198 0.654 0.198 0.642 0.334 0.82 0.334 0.811 0.334 0.811 0.334 0.811 0.334 0.802 0.334 0.811 0.47 0.734 0.47 0.746 0.198 0.734 0.47 0.746 0.198 0.746 0.198 0.734 0.334 0.694 0.334 0.646 0.334 0.694 0.334 0.646 0.334 0.649 0.334 0.694 0.47 0.751 0.47 0.746 0.198 0.751 0.47 0.746 0.198 0.746 0.198 0.751 0.334 0.783 0.334 0.742 0.334 0.777 0.334 0.742 0.334 0.739 0.334 0.777 0.47 0.637 0.47 0.642 0.47 0.601 0.47 0.642 0.47 0.608 0.47 0.601 0.47 0.716 0.47 0.734 0.198 0.716 0.47 0.734 0.198 0.734 0.198 0.716 0.47 0.746 0.47 0.751 0.198 0.746 0.47 0.751 0.198 0.751 0.198 0.746 0.334 0.611 0.334 0.605 0.334 0.586 0.334 0.605 0.334 0.577 0.334 0.586 0.334 0.811 0.334 0.783 0.334 0.802 0.334 0.783 0.334 0.777 0.334 0.802 0.47 0.716 0.47 0.694 0.198 0.716 0.47 0.694 0.198 0.694 0.198 0.716 0.331 0.603 0.326 0.607 0.272 0.586 0.334 0.577 0.334 0.568 0.334 0.586 0.334 0.568 0.334 0.577 0.334 0.586 0.785 0.39 0.822 0.409 0.765 0.437 0.822 0.409 0.807 0.44 0.765 0.437 0.7 0.859 0.7 0.857 0.732 0.856 0.7 0.857 0.731 0.855 0.732 0.856 0.638 0.47 0.68 0.425 0.763 0.487 0.68 0.425 0.765 0.437 0.763 0.487 0.807 0.44 0.804 0.486 0.765 0.437 0.804 0.486 0.763 0.487 0.765 0.437 0.688 0.787 0.681 0.819 0.677 0.784 0.681 0.819 0.662 0.814 0.677 0.784 0.598 0.538 0.566 0.531 0.601 0.475 0.566 0.531 0.569 0.467 0.601 0.475 0.857 0.476 0.838 0.481 0.86 0.439 0.838 0.481 0.841 0.439 0.86 0.439 0.86 0.439 0.841 0.439 0.862 0.418 0.841 0.439 0.854 0.418 0.862 0.418 0.857 0.476 0.854 0.524 0.838 0.481 0.854 0.524 0.84 0.532 0.838 0.481 0.261 0.647 0.267 0.647 0.272 0.685 0.637 0.541 0.763 0.543 0.637 0.599 0.763 0.543 0.763 0.596 0.637 0.599 0.677 0.784 0.662 0.814 0.666 0.779 0.662 0.814 0.644 0.806 0.666 0.779 0.757 0.752 0.761 0.741 0.797 0.763 0.761 0.741 0.805 0.744 0.797 0.763 0.271 0.647 0.269 0.601 0.267 0.647 0.269 0.601 0.259 0.601 0.267 0.647 0.571 0.452 0.569 0.467 0.547 0.434 0.569 0.467 0.544 0.455 0.547 0.434 0.599 0.595 0.637 0.599 0.597 0.633 0.637 0.599 0.637 0.637 0.597 0.633 0.64 0.847 0.637 0.847 0.612 0.832 0.637 0.847 0.605 0.829 0.612 0.832 0.668 0.856 0.669 0.855 0.7 0.859 0.669 0.855 0.7 0.857 0.7 0.859 0.612 0.832 0.605 0.829 0.588 0.813 0.605 0.829 0.581 0.808 0.588 0.813 0.731 0.855 0.761 0.847 0.732 0.856 0.761 0.847 0.763 0.847 0.732 0.856 0.788 0.832 0.775 0.825 0.813 0.813 0.775 0.825 0.797 0.809 0.813 0.813 0.797 0.809 0.815 0.789 0.813 0.813 0.815 0.789 0.833 0.79 0.813 0.813 0.788 0.832 0.789 0.833 0.761 0.847 0.789 0.833 0.763 0.847 0.761 0.847 0.542 0.733 0.538 0.701 0.561 0.741 0.538 0.701 0.556 0.714 0.561 0.741 0.537 0.426 0.547 0.434 0.535 0.448 0.547 0.434 0.544 0.455 0.535 0.448 0.956 0.273 0.975 0.292 0.857 0.372 0.975 0.292 0.876 0.391 0.857 0.372 0.857 0.372 0.822 0.409 0.829 0.343 0.822 0.409 0.785 0.39 0.829 0.343 0.211 0.516 0.199 0.473 0.243 0.516 0.199 0.473 0.237 0.473 0.243 0.516 0.252 0.56 0.259 0.599 0.228 0.56 0.259 0.599 0.245 0.599 0.228 0.56 0.272 0.212 0.272 0.19 0.272 0.31 0.272 0.19 0.272 0.288 0.272 0.31 0.269 0.599 0.259 0.599 0.267 0.56 0.259 0.599 0.252 0.56 0.267 0.56 0.272 0.647 0.272 0.685 0.271 0.647 0.259 0.599 0.267 0.647 0.245 0.599 0.267 0.647 0.261 0.647 0.245 0.599 0.264 0.473 0.265 0.516 0.237 0.473 0.265 0.516 0.243 0.516 0.237 0.473 0.272 0.515 0.272 0.56 0.265 0.516 0.272 0.56 0.267 0.56 0.265 0.516 0.263 0.429 0.272 0.438 0.264 0.473 0.272 0.438 0.272 0.477 0.264 0.473 0.262 0.388 0.272 0.386 0.263 0.429 0.272 0.386 0.272 0.438 0.263 0.429 0.267 0.647 0.261 0.647 0.27 0.688 0.255 0.647 0.261 0.647 0.228 0.601 0.261 0.647 0.245 0.601 0.228 0.601 0.228 0.562 0.252 0.562 0.207 0.51 0.252 0.562 0.241 0.507 0.207 0.51 0.192 0.443 0.207 0.51 0.236 0.445 0.207 0.51 0.241 0.507 0.236 0.445 0.252 0.562 0.267 0.562 0.241 0.507 0.267 0.562 0.265 0.508 0.241 0.507 0.267 0.647 0.27 0.688 0.271 0.647 0.204 0.565 0.228 0.601 0.228 0.562 0.228 0.601 0.245 0.601 0.228 0.562 0.236 0.445 0.241 0.507 0.264 0.441 0.241 0.507 0.265 0.508 0.264 0.441 0.245 0.601 0.259 0.601 0.228 0.562 0.259 0.601 0.252 0.562 0.228 0.562 0.267 0.562 0.269 0.601 0.272 0.562 0.269 0.601 0.272 0.602 0.272 0.562 0.564 0.393 0.556 0.377 0.578 0.376 0.556 0.377 0.572 0.357 0.578 0.376 0.601 0.475 0.569 0.467 0.604 0.463 0.569 0.467 0.571 0.452 0.604 0.463 0.637 0.541 0.638 0.47 0.763 0.543 0.638 0.47 0.763 0.487 0.763 0.543 0.601 0.327 0.607 0.342 0.572 0.357 0.607 0.342 0.578 0.376 0.572 0.357 0.199 0.473 0.211 0.516 0.154 0.473 0.211 0.516 0.174 0.517 0.154 0.473 0.236 0.404 0.196 0.414 0.236 0.372 0.196 0.414 0.196 0.391 0.236 0.372 0.196 0.293 0.236 0.274 0.196 0.391 0.236 0.274 0.236 0.372 0.196 0.391 0.535 0.565 0.546 0.575 0.535 0.601 0.546 0.575 0.544 0.613 0.535 0.601 0.199 0.473 0.196 0.434 0.237 0.473 0.196 0.434 0.236 0.431 0.237 0.473 0.272 0.685 0.267 0.647 0.271 0.647 0.263 0.429 0.264 0.473 0.236 0.431 0.264 0.473 0.237 0.473 0.236 0.431 0.243 0.516 0.252 0.56 0.211 0.516 0.252 0.56 0.228 0.56 0.211 0.516 0.252 0.56 0.243 0.516 0.267 0.56 0.243 0.516 0.265 0.516 0.267 0.56 0.259 0.601 0.245 0.601 0.267 0.647 0.245 0.601 0.261 0.647 0.267 0.647 0.259 0.601 0.269 0.601 0.252 0.562 0.269 0.601 0.267 0.562 0.252 0.562 0.566 0.531 0.564 0.585 0.544 0.522 0.564 0.585 0.546 0.575 0.544 0.522 0.637 0.541 0.637 0.599 0.598 0.538 0.637 0.599 0.599 0.595 0.598 0.538 0.772 0.794 0.743 0.771 0.786 0.78 0.743 0.771 0.751 0.763 0.786 0.78 0.751 0.763 0.757 0.752 0.786 0.78 0.757 0.752 0.797 0.763 0.786 0.78 0.596 0.406 0.585 0.419 0.578 0.376 0.585 0.419 0.564 0.393 0.578 0.376 0.082 0.193 0.098 0.177 0.082 0.447 0.098 0.177 0.098 0.43 0.082 0.447 0.219 0.212 0.214 0.231 0.219 0.466 0.214 0.231 0.214 0.485 0.219 0.466 0.077 0.212 0.082 0.193 0.077 0.466 0.082 0.193 0.082 0.447 0.077 0.466 0.214 0.193 0.219 0.212 0.214 0.447 0.219 0.212 0.219 0.466 0.214 0.447 0.214 0.231 0.199 0.248 0.214 0.485 0.199 0.248 0.199 0.502 0.214 0.485 0.148 0.262 0.121 0.259 0.148 0.516 0.121 0.259 0.121 0.513 0.148 0.516 0.098 0.248 0.082 0.231 0.098 0.502 0.082 0.231 0.082 0.485 0.098 0.502 0.199 0.248 0.176 0.259 0.199 0.502 0.176 0.259 0.176 0.513 0.199 0.502 0.121 0.166 0.148 0.162 0.121 0.42 0.148 0.162 0.148 0.416 0.121 0.42 0.098 0.177 0.121 0.166 0.098 0.43 0.121 0.166 0.121 0.42 0.098 0.43 0.176 0.166 0.199 0.177 0.176 0.42 0.199 0.177 0.199 0.43 0.176 0.42 0.199 0.177 0.214 0.193 0.199 0.43 0.214 0.193 0.214 0.447 0.199 0.43 0.121 0.259 0.098 0.248 0.121 0.513 0.098 0.248 0.098 0.502 0.121 0.513 0.148 0.162 0.176 0.166 0.148 0.416 0.176 0.166 0.176 0.42 0.148 0.416 0.176 0.259 0.148 0.262 0.176 0.513 0.148 0.262 0.148 0.516 0.176 0.513 0.082 0.231 0.077 0.212 0.082 0.485 0.077 0.212 0.077 0.466 0.082 0.485 0.839 0.784 0.833 0.79 0.852 0.758 0.833 0.79 0.848 0.762 0.852 0.758 0.816 0.811 0.813 0.813 0.839 0.784 0.813 0.813 0.833 0.79 0.839 0.784 0.547 0.753 0.538 0.721 0.552 0.762 0.538 0.721 0.542 0.733 0.552 0.762 0.148 0.416 0.176 0.42 0.148 0.466 0.082 0.447 0.098 0.43 0.148 0.466 0.098 0.502 0.082 0.485 0.148 0.466 0.214 0.485 0.199 0.502 0.148 0.466 0.082 0.485 0.077 0.466 0.148 0.466 0.098 0.43 0.121 0.42 0.148 0.466 0.214 0.447 0.219 0.466 0.148 0.466 0.176 0.513 0.148 0.516 0.148 0.466 0.121 0.42 0.148 0.416 0.148 0.466 0.121 0.513 0.098 0.502 0.148 0.466 0.176 0.42 0.199 0.43 0.148 0.466 0.199 0.502 0.176 0.513 0.148 0.466 0.077 0.466 0.082 0.447 0.148 0.466 0.219 0.466 0.214 0.485 0.148 0.466 0.199 0.43 0.214 0.447 0.148 0.466 0.148 0.516 0.121 0.513 0.148 0.466 0.839 0.582 0.841 0.623 0.808 0.591 0.841 0.623 0.808 0.633 0.808 0.591 0.267 0.647 0.259 0.599 0.271 0.647 0.259 0.599 0.269 0.599 0.271 0.647 0.272 0.685 0.255 0.647 0.261 0.647 0.245 0.599 0.261 0.647 0.229 0.599 0.261 0.647 0.255 0.647 0.229 0.599 0.148 0.162 0.121 0.166 0.148 0.125 0.121 0.166 0.101 0.131 0.148 0.125 0.199 0.177 0.176 0.166 0.236 0.15 0.176 0.166 0.196 0.131 0.236 0.15 0.148 0.262 0.176 0.259 0.148 0.3 0.176 0.259 0.196 0.293 0.148 0.3 0.082 0.193 0.077 0.212 0.034 0.179 0.077 0.212 0.024 0.212 0.034 0.179 0.034 0.179 0.061 0.15 0.082 0.193 0.061 0.15 0.098 0.177 0.082 0.193 0.101 0.293 0.121 0.259 0.148 0.3 0.121 0.259 0.148 0.262 0.148 0.3 0.219 0.212 0.272 0.19 0.272 0.212 0.214 0.231 0.219 0.212 0.263 0.246 0.219 0.212 0.272 0.234 0.263 0.246 0.263 0.179 0.236 0.15 0.263 0.277 0.236 0.15 0.236 0.248 0.263 0.277 0.034 0.246 0.024 0.212 0.082 0.231 0.024 0.212 0.077 0.212 0.082 0.231 0.263 0.246 0.236 0.274 0.214 0.231 0.236 0.274 0.199 0.248 0.214 0.231 0.061 0.274 0.034 0.246 0.098 0.248 0.034 0.246 0.082 0.231 0.098 0.248 0.101 0.293 0.061 0.274 0.121 0.259 0.061 0.274 0.098 0.248 0.121 0.259 0.196 0.131 0.176 0.166 0.148 0.125 0.176 0.166 0.148 0.162 0.148 0.125 0.061 0.15 0.101 0.131 0.098 0.177 0.101 0.131 0.121 0.166 0.098 0.177 0.236 0.274 0.196 0.293 0.199 0.248 0.196 0.293 0.176 0.259 0.199 0.248 0.199 0.177 0.236 0.15 0.214 0.193 0.236 0.15 0.263 0.179 0.214 0.193 0.236 0.15 0.196 0.131 0.236 0.248 0.196 0.131 0.196 0.229 0.236 0.248 0.269 0.599 0.267 0.56 0.272 0.6 0.267 0.56 0.272 0.56 0.272 0.6 0.272 0.647 0.271 0.647 0.272 0.6 0.271 0.647 0.269 0.599 0.272 0.6 0.263 0.246 0.272 0.234 0.263 0.344 0.272 0.234 0.272 0.335 0.263 0.344 0.148 0.435 0.196 0.434 0.154 0.473 0.196 0.434 0.199 0.473 0.154 0.473 0.236 0.274 0.263 0.246 0.236 0.372 0.263 0.246 0.263 0.344 0.236 0.372 0.265 0.516 0.264 0.473 0.272 0.515 0.264 0.473 0.272 0.477 0.272 0.515 0.196 0.434 0.148 0.435 0.196 0.414 0.148 0.435 0.148 0.418 0.196 0.414 0.196 0.414 0.148 0.418 0.196 0.391 0.148 0.418 0.148 0.398 0.196 0.391 0.262 0.388 0.236 0.404 0.263 0.344 0.236 0.404 0.236 0.372 0.263 0.344 0.263 0.344 0.272 0.335 0.262 0.388 0.272 0.335 0.272 0.386 0.262 0.388 0.263 0.429 0.236 0.431 0.262 0.388 0.236 0.431 0.236 0.404 0.262 0.388 0.236 0.431 0.196 0.434 0.236 0.404 0.196 0.434 0.196 0.414 0.236 0.404 0.785 0.39 0.747 0.358 0.829 0.343 0.747 0.358 0.795 0.309 0.829 0.343 0.893 0.211 0.927 0.245 0.795 0.309 0.927 0.245 0.829 0.343 0.795 0.309 0.927 0.245 0.956 0.273 0.829 0.343 0.956 0.273 0.857 0.372 0.829 0.343 0.84 0.532 0.805 0.539 0.838 0.481 0.805 0.539 0.804 0.486 0.838 0.481 0.838 0.481 0.804 0.486 0.841 0.439 0.804 0.486 0.807 0.44 0.841 0.439 0.763 0.596 0.763 0.543 0.808 0.591 0.763 0.543 0.805 0.539 0.808 0.591 0.822 0.409 0.854 0.418 0.807 0.44 0.854 0.418 0.841 0.439 0.807 0.44 0.854 0.418 0.822 0.409 0.876 0.391 0.822 0.409 0.857 0.372 0.876 0.391 0.859 0.571 0.854 0.524 0.865 0.562 0.854 0.524 0.865 0.517 0.865 0.562 0.866 0.435 0.865 0.473 0.86 0.439 0.865 0.473 0.857 0.476 0.86 0.439 0.87 0.418 0.866 0.435 0.862 0.418 0.866 0.435 0.86 0.439 0.862 0.418 0.865 0.473 0.865 0.517 0.857 0.476 0.865 0.517 0.854 0.524 0.857 0.476 0.174 0.517 0.211 0.516 0.203 0.562 0.211 0.516 0.228 0.56 0.203 0.562 0.245 0.599 0.229 0.599 0.228 0.56 0.229 0.599 0.203 0.562 0.228 0.56 0.876 0.391 0.862 0.418 0.854 0.418 0.87 0.418 0.862 0.418 0.883 0.397 0.862 0.418 0.876 0.391 0.883 0.397 0.599 0.595 0.564 0.585 0.598 0.538 0.564 0.585 0.566 0.531 0.598 0.538 0.7 0.788 0.712 0.787 0.7 0.821 0.712 0.787 0.72 0.819 0.7 0.821 0.763 0.729 0.808 0.724 0.761 0.741 0.808 0.724 0.805 0.744 0.761 0.741 0.738 0.814 0.752 0.836 0.72 0.819 0.752 0.836 0.726 0.843 0.72 0.819 0.585 0.789 0.571 0.767 0.614 0.78 0.571 0.767 0.603 0.763 0.614 0.78 0.808 0.591 0.808 0.633 0.763 0.596 0.808 0.633 0.763 0.638 0.763 0.596 0.148 0.3 0.196 0.293 0.148 0.398 0.196 0.293 0.196 0.391 0.148 0.398 0.975 0.292 0.981 0.299 0.876 0.391 0.981 0.299 0.883 0.397 0.876 0.391 0.236 0.445 0.191 0.424 0.192 0.443 0.191 0.424 0.148 0.426 0.192 0.443 0.148 0.426 0.148 0.448 0.192 0.443 0.805 0.123 0.812 0.13 0.707 0.222 0.812 0.13 0.714 0.228 0.707 0.222 0.707 0.222 0.714 0.228 0.662 0.267 0.714 0.228 0.669 0.278 0.662 0.267 0.601 0.327 0.662 0.267 0.607 0.342 0.662 0.267 0.669 0.278 0.607 0.342 0.747 0.358 0.785 0.39 0.68 0.425 0.785 0.39 0.765 0.437 0.68 0.425 0.196 0.131 0.148 0.125 0.196 0.229 0.148 0.125 0.148 0.223 0.196 0.229 0.7 0.788 0.7 0.821 0.688 0.787 0.7 0.821 0.681 0.819 0.688 0.787 0.564 0.393 0.554 0.413 0.556 0.377 0.554 0.413 0.545 0.398 0.556 0.377 0.666 0.779 0.644 0.806 0.657 0.771 0.644 0.806 0.628 0.794 0.657 0.771 0.733 0.247 0.687 0.299 0.714 0.228 0.687 0.299 0.669 0.278 0.714 0.228 0.756 0.806 0.738 0.814 0.734 0.779 0.738 0.814 0.723 0.784 0.734 0.779 0.714 0.328 0.747 0.358 0.65 0.399 0.747 0.358 0.68 0.425 0.65 0.399 0.607 0.342 0.669 0.278 0.626 0.37 0.669 0.278 0.687 0.299 0.626 0.37 0.611 0.443 0.585 0.419 0.618 0.434 0.585 0.419 0.596 0.406 0.618 0.434 0.606 0.453 0.604 0.463 0.577 0.434 0.604 0.463 0.571 0.452 0.577 0.434 0.611 0.443 0.606 0.453 0.585 0.419 0.606 0.453 0.577 0.434 0.585 0.419 0.577 0.434 0.571 0.452 0.554 0.413 0.571 0.452 0.547 0.434 0.554 0.413 0.596 0.406 0.626 0.37 0.618 0.434 0.626 0.37 0.65 0.399 0.618 0.434 0.585 0.419 0.577 0.434 0.564 0.393 0.577 0.434 0.554 0.413 0.564 0.393 0.578 0.376 0.607 0.342 0.596 0.406 0.607 0.342 0.626 0.37 0.596 0.406 0.756 0.806 0.734 0.779 0.772 0.794 0.734 0.779 0.743 0.771 0.772 0.794 0.761 0.276 0.714 0.328 0.733 0.247 0.714 0.328 0.687 0.299 0.733 0.247 0.626 0.37 0.687 0.299 0.65 0.399 0.687 0.299 0.714 0.328 0.65 0.399 0.723 0.784 0.738 0.814 0.712 0.787 0.738 0.814 0.72 0.819 0.712 0.787 0.628 0.794 0.614 0.78 0.657 0.771 0.614 0.78 0.649 0.763 0.657 0.771 0.86 0.177 0.893 0.211 0.761 0.276 0.893 0.211 0.795 0.309 0.761 0.276 0.714 0.328 0.761 0.276 0.747 0.358 0.761 0.276 0.795 0.309 0.747 0.358 0.812 0.13 0.831 0.149 0.714 0.228 0.831 0.149 0.733 0.247 0.714 0.228 0.831 0.149 0.86 0.177 0.733 0.247 0.86 0.177 0.761 0.276 0.733 0.247 0.547 0.434 0.537 0.426 0.554 0.413 0.537 0.426 0.545 0.398 0.554 0.413 0.27 0.688 0.261 0.647 0.255 0.647 0.272 0.648 0.271 0.647 0.27 0.688 0.592 0.724 0.637 0.729 0.596 0.744 0.637 0.729 0.639 0.741 0.596 0.744 0.592 0.724 0.556 0.714 0.594 0.68 0.556 0.714 0.559 0.669 0.594 0.68 0.815 0.789 0.786 0.78 0.83 0.767 0.786 0.78 0.797 0.763 0.83 0.767 0.588 0.813 0.567 0.79 0.603 0.809 0.567 0.79 0.585 0.789 0.603 0.809 0.625 0.825 0.612 0.832 0.603 0.809 0.612 0.832 0.588 0.813 0.603 0.809 0.7 0.845 0.726 0.843 0.7 0.857 0.726 0.843 0.731 0.855 0.7 0.857 0.674 0.843 0.669 0.855 0.648 0.836 0.669 0.855 0.64 0.847 0.648 0.836 0.83 0.767 0.84 0.741 0.848 0.762 0.84 0.741 0.859 0.733 0.848 0.762 0.815 0.789 0.797 0.809 0.786 0.78 0.797 0.809 0.772 0.794 0.786 0.78 0.844 0.714 0.84 0.741 0.808 0.724 0.84 0.741 0.805 0.744 0.808 0.724 0.84 0.741 0.83 0.767 0.805 0.744 0.83 0.767 0.797 0.763 0.805 0.744 0.731 0.855 0.726 0.843 0.761 0.847 0.726 0.843 0.752 0.836 0.761 0.847 0.7 0.845 0.7 0.857 0.674 0.843 0.7 0.857 0.669 0.855 0.674 0.843 0.7 0.845 0.674 0.843 0.7 0.821 0.674 0.843 0.681 0.819 0.7 0.821 0.72 0.819 0.726 0.843 0.7 0.821 0.726 0.843 0.7 0.845 0.7 0.821 0.775 0.825 0.756 0.806 0.797 0.809 0.756 0.806 0.772 0.794 0.797 0.809 0.662 0.814 0.648 0.836 0.644 0.806 0.648 0.836 0.625 0.825 0.644 0.806 0.681 0.819 0.674 0.843 0.662 0.814 0.674 0.843 0.648 0.836 0.662 0.814 0.571 0.767 0.552 0.762 0.561 0.741 0.552 0.762 0.542 0.733 0.561 0.741 0.567 0.79 0.552 0.762 0.585 0.789 0.552 0.762 0.571 0.767 0.585 0.789 0.628 0.794 0.603 0.809 0.614 0.78 0.603 0.809 0.585 0.789 0.614 0.78 0.833 0.79 0.815 0.789 0.848 0.762 0.815 0.789 0.83 0.767 0.848 0.762 0.561 0.741 0.556 0.714 0.596 0.744 0.556 0.714 0.592 0.724 0.596 0.744 0.571 0.767 0.561 0.741 0.603 0.763 0.561 0.741 0.596 0.744 0.603 0.763 0.644 0.806 0.625 0.825 0.628 0.794 0.625 0.825 0.603 0.809 0.628 0.794 0.756 0.806 0.775 0.825 0.738 0.814 0.775 0.825 0.752 0.836 0.738 0.814 0.648 0.836 0.64 0.847 0.625 0.825 0.64 0.847 0.612 0.832 0.625 0.825 0.752 0.836 0.775 0.825 0.761 0.847 0.775 0.825 0.788 0.832 0.761 0.847 0.844 0.714 0.862 0.701 0.84 0.741 0.862 0.701 0.859 0.733 0.84 0.741 0.839 0.582 0.859 0.571 0.841 0.623 0.859 0.571 0.86 0.613 0.841 0.623 0.865 0.562 0.865 0.6 0.859 0.571 0.865 0.6 0.86 0.613 0.859 0.571 0.566 0.531 0.544 0.522 0.569 0.467 0.544 0.522 0.544 0.455 0.569 0.467 0.865 0.6 0.865 0.648 0.86 0.613 0.865 0.648 0.861 0.659 0.86 0.613 0.546 0.575 0.535 0.565 0.544 0.522 0.535 0.565 0.535 0.515 0.544 0.522 0.535 0.448 0.544 0.455 0.535 0.515 0.544 0.455 0.544 0.522 0.535 0.515 0.556 0.714 0.538 0.701 0.559 0.669 0.538 0.701 0.541 0.659 0.559 0.669 0.264 0.441 0.265 0.508 0.272 0.428 0.265 0.508 0.272 0.506 0.272 0.428 0.196 0.335 0.196 0.362 0.236 0.354 0.196 0.362 0.236 0.383 0.236 0.354 0.236 0.418 0.264 0.441 0.236 0.399 0.264 0.441 0.261 0.423 0.236 0.399 0.148 0.358 0.148 0.377 0.196 0.362 0.148 0.377 0.195 0.378 0.196 0.362 0.228 0.562 0.207 0.51 0.204 0.565 0.207 0.51 0.171 0.515 0.204 0.565 0.272 0.648 0.272 0.602 0.271 0.647 0.272 0.602 0.269 0.601 0.271 0.647 0.265 0.508 0.267 0.562 0.272 0.506 0.267 0.562 0.272 0.562 0.272 0.506 0.326 0.618 0.272 0.611 0.324 0.611 0.236 0.418 0.236 0.445 0.264 0.441 0.171 0.515 0.207 0.51 0.148 0.448 0.207 0.51 0.192 0.443 0.148 0.448 0.263 0.322 0.263 0.382 0.272 0.333 0.263 0.382 0.272 0.394 0.272 0.333 0.236 0.354 0.236 0.383 0.263 0.382 0.236 0.383 0.263 0.412 0.263 0.382 0.148 0.377 0.148 0.399 0.195 0.378 0.148 0.399 0.194 0.395 0.195 0.378 0.148 0.426 0.191 0.424 0.148 0.399 0.191 0.424 0.194 0.395 0.148 0.399 0.195 0.378 0.194 0.395 0.236 0.399 0.194 0.395 0.236 0.418 0.236 0.399 0.263 0.277 0.263 0.322 0.272 0.288 0.263 0.322 0.272 0.333 0.272 0.288 0.194 0.395 0.191 0.424 0.236 0.418 0.191 0.424 0.236 0.445 0.236 0.418 0.263 0.382 0.263 0.412 0.272 0.394 0.263 0.412 0.272 0.428 0.272 0.394 0.236 0.248 0.236 0.293 0.263 0.277 0.236 0.293 0.263 0.322 0.263 0.277 0.236 0.293 0.236 0.354 0.263 0.322 0.236 0.354 0.263 0.382 0.263 0.322 0.195 0.378 0.236 0.399 0.196 0.362 0.236 0.399 0.236 0.383 0.196 0.362 0.236 0.399 0.261 0.423 0.236 0.383 0.261 0.423 0.263 0.412 0.236 0.383 0.196 0.274 0.196 0.335 0.236 0.293 0.196 0.335 0.236 0.354 0.236 0.293 0.196 0.335 0.148 0.328 0.196 0.362 0.148 0.328 0.148 0.358 0.196 0.362 0.196 0.229 0.196 0.274 0.236 0.248 0.196 0.274 0.236 0.293 0.236 0.248 0.196 0.229 0.148 0.223 0.196 0.274 0.148 0.223 0.148 0.268 0.196 0.274 0.148 0.268 0.148 0.328 0.196 0.274 0.148 0.328 0.196 0.335 0.196 0.274 0.272 0.428 0.272 0.438 0.272 0.394 0.272 0.438 0.272 0.392 0.272 0.394 0.272 0.577 0.272 0.515 0.272 0.506 0.272 0.515 0.272 0.477 0.272 0.506 0.272 0.777 0.272 0.783 0.272 0.739 0.272 0.783 0.272 0.757 0.272 0.739 0.272 0.845 0.272 0.831 0.272 0.802 0.272 0.831 0.272 0.777 0.272 0.802 0.272 0.438 0.272 0.428 0.272 0.477 0.272 0.428 0.272 0.506 0.272 0.477 0.272 0.577 0.272 0.506 0.272 0.586 0.272 0.506 0.272 0.562 0.272 0.586 0.272 0.694 0.334 0.694 0.272 0.649 0.334 0.694 0.334 0.649 0.272 0.649 0.272 0.577 0.334 0.577 0.272 0.586 0.334 0.577 0.334 0.586 0.272 0.586 0.272 0.854 0.272 0.845 0.272 0.811 0.272 0.845 0.272 0.802 0.272 0.811 0.272 0.739 0.272 0.72 0.272 0.752 0.272 0.811 0.334 0.811 0.272 0.802 0.334 0.811 0.334 0.802 0.272 0.802 0.272 0.611 0.334 0.611 0.272 0.586 0.334 0.611 0.334 0.586 0.272 0.586 0.272 0.515 0.272 0.577 0.272 0.56 0.272 0.577 0.272 0.586 0.272 0.56 0.272 0.802 0.334 0.802 0.272 0.811 0.334 0.802 0.334 0.811 0.272 0.811 0.272 0.739 0.272 0.752 0.272 0.777 0.272 0.752 0.272 0.782 0.272 0.777 0.272 0.685 0.272 0.694 0.272 0.726 0.272 0.694 0.272 0.739 0.272 0.726 0.272 0.777 0.334 0.777 0.272 0.739 0.334 0.777 0.334 0.739 0.272 0.739 0.272 0.56 0.272 0.586 0.272 0.6 0.272 0.586 0.272 0.611 0.272 0.6 0.272 0.777 0.272 0.807 0.272 0.802 0.272 0.807 0.272 0.828 0.272 0.802 0.272 0.739 0.334 0.739 0.272 0.777 0.334 0.739 0.334 0.777 0.272 0.777 0.272 0.807 0.272 0.777 0.272 0.782 0.272 0.649 0.334 0.649 0.272 0.694 0.334 0.649 0.334 0.694 0.272 0.694 0.272 0.6 0.272 0.611 0.272 0.647 0.272 0.611 0.272 0.649 0.272 0.647 0.272 0.647 0.272 0.649 0.272 0.685 0.272 0.649 0.272 0.694 0.272 0.685 0.326 0.649 0.331 0.645 0.198 0.642 0.272 0.586 0.334 0.586 0.272 0.577 0.334 0.586 0.334 0.577 0.272 0.577 0.272 0.845 0.272 0.802 0.272 0.828 0.272 0.649 0.272 0.648 0.272 0.694 0.272 0.648 0.27 0.688 0.272 0.694 0.272 0.739 0.334 0.739 0.272 0.694 0.334 0.739 0.334 0.694 0.272 0.694 0.272 0.854 0.272 0.858 0.272 0.802 0.272 0.858 0.272 0.811 0.272 0.802 0.272 0.649 0.334 0.649 0.272 0.611 0.334 0.649 0.334 0.611 0.272 0.611 0.272 0.394 0.272 0.392 0.272 0.333 0.272 0.392 0.272 0.355 0.272 0.333 0.272 0.739 0.272 0.757 0.272 0.726 0.272 0.611 0.272 0.602 0.272 0.649 0.272 0.602 0.272 0.648 0.272 0.649 0.272 0.777 0.272 0.81 0.272 0.783 0.272 0.562 0.272 0.602 0.272 0.586 0.272 0.602 0.272 0.611 0.272 0.586 0.272 0.694 0.334 0.694 0.272 0.739 0.334 0.694 0.334 0.739 0.272 0.739 0.272 0.854 0.272 0.811 0.272 0.858 0.272 0.854 0.272 0.802 0.272 0.845 0.272 0.802 0.334 0.802 0.272 0.777 0.334 0.802 0.334 0.777 0.272 0.777 0.272 0.694 0.27 0.688 0.272 0.739 0.27 0.688 0.272 0.72 0.272 0.739 0.272 0.831 0.272 0.81 0.272 0.777 0.272 0.777 0.334 0.777 0.272 0.802 0.334 0.777 0.334 0.802 0.272 0.802 0.638 0.47 0.606 0.453 0.611 0.443 0.638 0.47 0.618 0.434 0.68 0.425 0.618 0.434 0.65 0.399 0.68 0.425 0.606 0.453 0.638 0.47 0.604 0.463 0.604 0.463 0.638 0.47 0.601 0.475 0.638 0.47 0.611 0.443 0.618 0.434 0.601 0.475 0.638 0.47 0.598 0.538 0.638 0.47 0.637 0.541 0.598 0.538 0.7 0.729 0.712 0.787 0.7 0.788 0.7 0.729 0.688 0.787 0.677 0.784 0.666 0.779 0.7 0.729 0.677 0.784 0.666 0.779 0.657 0.771 0.7 0.729 0.657 0.771 0.649 0.763 0.7 0.729 0.649 0.763 0.643 0.752 0.7 0.729 0.643 0.752 0.639 0.741 0.7 0.729 0.639 0.741 0.637 0.729 0.7 0.729 0.7 0.729 0.723 0.784 0.712 0.787 0.763 0.729 0.761 0.741 0.7 0.729 0.7 0.729 0.734 0.779 0.723 0.784 0.761 0.741 0.757 0.752 0.7 0.729 0.7 0.729 0.743 0.771 0.734 0.779 0.757 0.752 0.751 0.763 0.7 0.729 0.751 0.763 0.743 0.771 0.7 0.729 0.7 0.729 0.7 0.788 0.688 0.787 0.47 0.76 0.47 0.78 0.439 0.773 0.47 0.78 0.439 0.797 0.439 0.773 0.405 0.78 0.405 0.807 0.37 0.783 0.405 0.807 0.37 0.81 0.37 0.783 0.37 0.783 0.37 0.81 0.334 0.783 0.37 0.81 0.334 0.811 0.334 0.783 0.47 0.78 0.47 0.787 0.439 0.797 0.47 0.787 0.439 0.805 0.439 0.797 0.405 0.807 0.405 0.816 0.37 0.81 0.405 0.816 0.37 0.819 0.37 0.81 0.37 0.81 0.37 0.819 0.334 0.811 0.37 0.819 0.334 0.82 0.334 0.811 0.47 0.787 0.47 0.78 0.439 0.805 0.47 0.78 0.439 0.797 0.439 0.805 0.405 0.816 0.405 0.807 0.37 0.819 0.405 0.807 0.37 0.81 0.37 0.819 0.37 0.819 0.37 0.81 0.334 0.82 0.37 0.81 0.334 0.811 0.334 0.82 0.47 0.78 0.47 0.76 0.439 0.797 0.47 0.76 0.439 0.773 0.439 0.797 0.405 0.807 0.405 0.78 0.37 0.81 0.405 0.78 0.37 0.783 0.37 0.81 0.37 0.81 0.37 0.783 0.334 0.811 0.37 0.783 0.334 0.783 0.334 0.811 0.47 0.76 0.47 0.729 0.439 0.773 0.47 0.729 0.439 0.737 0.439 0.773 0.405 0.78 0.405 0.741 0.37 0.783 0.405 0.741 0.37 0.742 0.37 0.783 0.37 0.783 0.37 0.742 0.334 0.783 0.37 0.742 0.334 0.742 0.334 0.783 0.47 0.729 0.47 0.694 0.439 0.737 0.47 0.694 0.439 0.694 0.439 0.737 0.405 0.741 0.405 0.694 0.37 0.742 0.405 0.694 0.37 0.694 0.37 0.742 0.37 0.742 0.37 0.694 0.334 0.742 0.37 0.694 0.334 0.694 0.334 0.742 0.47 0.694 0.47 0.659 0.439 0.694 0.47 0.659 0.439 0.651 0.439 0.694 0.405 0.694 0.405 0.647 0.37 0.694 0.405 0.647 0.37 0.646 0.37 0.694 0.37 0.694 0.37 0.646 0.334 0.694 0.37 0.646 0.334 0.646 0.334 0.694 0.47 0.659 0.47 0.628 0.439 0.651 0.47 0.628 0.439 0.615 0.439 0.651 0.405 0.647 0.405 0.608 0.37 0.646 0.405 0.608 0.37 0.605 0.37 0.646 0.37 0.646 0.37 0.605 0.334 0.646 0.37 0.605 0.334 0.605 0.334 0.646 0.47 0.628 0.47 0.608 0.439 0.615 0.47 0.608 0.439 0.591 0.439 0.615 0.405 0.608 0.405 0.581 0.37 0.605 0.405 0.581 0.37 0.578 0.37 0.605 0.37 0.605 0.37 0.578 0.334 0.605 0.37 0.578 0.334 0.577 0.334 0.605 0.47 0.608 0.47 0.601 0.439 0.591 0.47 0.601 0.439 0.583 0.439 0.591 0.405 0.581 0.405 0.572 0.37 0.578 0.405 0.572 0.37 0.569 0.37 0.578 0.37 0.578 0.37 0.569 0.334 0.577 0.37 0.569 0.334 0.568 0.334 0.577 0.47 0.601 0.47 0.608 0.439 0.583 0.47 0.608 0.439 0.591 0.439 0.583 0.405 0.572 0.405 0.581 0.37 0.569 0.405 0.581 0.37 0.578 0.37 0.569 0.37 0.569 0.37 0.578 0.334 0.568 0.37 0.578 0.334 0.577 0.334 0.568 0.198 0.637 0.346 0.642 0.47 0.637 0.346 0.642 0.47 0.642 0.47 0.637 0.198 0.637 0.198 0.642 0.346 0.642 0.272 0.586 0.326 0.607 0.272 0.611 0.47 0.694 0.47 0.672 0.198 0.694 0.47 0.672 0.346 0.672 0.198 0.694 0.272 0.649 0.331 0.624 0.334 0.649 0.331 0.624 0.272 0.649 0.326 0.618 0.47 0.659 0.47 0.694 0.439 0.651 0.47 0.694 0.439 0.694 0.439 0.651 0.405 0.647 0.405 0.694 0.37 0.646 0.405 0.694 0.37 0.694 0.37 0.646 0.37 0.646 0.37 0.694 0.334 0.646 0.37 0.694 0.334 0.694 0.334 0.646 0.47 0.694 0.47 0.729 0.439 0.694 0.47 0.729 0.439 0.737 0.439 0.694 0.405 0.694 0.405 0.741 0.37 0.694 0.405 0.741 0.37 0.742 0.37 0.694 0.37 0.694 0.37 0.742 0.334 0.694 0.37 0.742 0.334 0.742 0.334 0.694 0.47 0.729 0.47 0.76 0.439 0.737 0.47 0.76 0.439 0.773 0.439 0.737 0.405 0.741 0.405 0.78 0.37 0.742 0.405 0.78 0.37 0.783 0.37 0.742 0.37 0.742 0.37 0.783 0.334 0.742 0.37 0.783 0.334 0.783 0.334 0.742 0.47 0.659 0.47 0.672 0.47 0.628 0.47 0.672 0.47 0.654 0.47 0.628 0.47 0.734 0.47 0.746 0.47 0.76 0.47 0.746 0.47 0.78 0.47 0.76 0.47 0.694 0.47 0.694 0.47 0.716 0.47 0.694 0.47 0.729 0.47 0.716 0.47 0.654 0.47 0.642 0.47 0.628 0.47 0.642 0.47 0.608 0.47 0.628 0.47 0.642 0.47 0.637 0.47 0.608 0.47 0.637 0.47 0.601 0.47 0.608 0.47 0.729 0.47 0.716 0.47 0.76 0.47 0.716 0.47 0.734 0.47 0.76 0.334 0.649 0.331 0.624 0.334 0.626 0.47 0.76 0.47 0.78 0.47 0.734 0.47 0.78 0.47 0.746 0.47 0.734 0.331 0.603 0.334 0.586 0.334 0.601 0.47 0.78 0.47 0.787 0.47 0.746 0.47 0.787 0.47 0.751 0.47 0.746 0.47 0.729 0.47 0.694 0.47 0.716 0.47 0.694 0.47 0.694 0.47 0.716 0.47 0.787 0.47 0.78 0.47 0.751 0.47 0.78 0.47 0.746 0.47 0.751 0.272 0.649 0.272 0.611 0.326 0.618 0.47 0.694 0.47 0.694 0.47 0.659 0.47 0.694 0.47 0.672 0.47 0.659 0.47 0.76 0.47 0.734 0.47 0.729 0.47 0.734 0.47 0.716 0.47 0.729 0.439 0.737 0.439 0.773 0.405 0.741 0.439 0.773 0.405 0.78 0.405 0.741 0.439 0.694 0.439 0.737 0.405 0.694 0.439 0.737 0.405 0.741 0.405 0.694 0.439 0.651 0.439 0.694 0.405 0.647 0.439 0.694 0.405 0.694 0.405 0.647 0.334 0.586 0.334 0.577 0.334 0.601 0.334 0.577 0.334 0.595 0.334 0.601 0.334 0.646 0.334 0.649 0.334 0.619 0.334 0.649 0.334 0.626 0.334 0.619 0.439 0.583 0.439 0.591 0.405 0.572 0.439 0.591 0.405 0.581 0.405 0.572 0.439 0.591 0.439 0.583 0.405 0.581 0.439 0.583 0.405 0.572 0.405 0.581 0.439 0.615 0.439 0.591 0.405 0.608 0.439 0.591 0.405 0.581 0.405 0.608 0.439 0.651 0.439 0.615 0.405 0.647 0.439 0.615 0.405 0.608 0.405 0.647 0.439 0.694 0.439 0.651 0.405 0.694 0.439 0.651 0.405 0.647 0.405 0.694 0.439 0.737 0.439 0.694 0.405 0.741 0.439 0.694 0.405 0.694 0.405 0.741 0.439 0.773 0.439 0.737 0.405 0.78 0.439 0.737 0.405 0.741 0.405 0.78 0.439 0.797 0.439 0.773 0.405 0.807 0.439 0.773 0.405 0.78 0.405 0.807 0.439 0.805 0.439 0.797 0.405 0.816 0.439 0.797 0.405 0.807 0.405 0.816 0.439 0.797 0.439 0.805 0.405 0.807 0.439 0.805 0.405 0.816 0.405 0.807 0.439 0.773 0.439 0.797 0.405 0.78 0.439 0.797 0.405 0.807 0.405 0.78 0.47 0.608 0.47 0.642 0.47 0.616 0.47 0.659 0.47 0.647 0.47 0.672 0.338 0.671 0.198 0.672 0.346 0.672 0.331 0.645 0.338 0.643 0.198 0.642 0.331 0.667 0.326 0.661 0.198 0.672 0.198 0.672 0.198 0.694 0.346 0.672 0.326 0.661 0.324 0.654 0.198 0.672 0.324 0.654 0.198 0.654 0.198 0.672 0.198 0.672 0.338 0.671 0.331 0.667 0.338 0.643 0.346 0.642 0.198 0.642 0.198 0.642 0.198 0.654 0.326 0.649 0.198 0.654 0.324 0.654 0.326 0.649 0.439 0.591 0.47 0.608 0.439 0.603 0.47 0.608 0.47 0.616 0.439 0.603 0.405 0.581 0.439 0.591 0.405 0.595 0.439 0.591 0.439 0.603 0.405 0.595 0.37 0.578 0.405 0.581 0.37 0.593 0.405 0.581 0.405 0.595 0.37 0.593 0.334 0.577 0.37 0.578 0.346 0.593 0.37 0.578 0.37 0.593 0.346 0.593 0.346 0.593 0.338 0.593 0.334 0.577 0.334 0.577 0.338 0.593 0.334 0.595 0.334 0.619 0.338 0.622 0.334 0.646 0.338 0.622 0.346 0.623 0.334 0.646 0.37 0.646 0.334 0.646 0.37 0.624 0.334 0.646 0.346 0.623 0.37 0.624 0.405 0.647 0.37 0.646 0.405 0.626 0.37 0.646 0.37 0.624 0.405 0.626 0.439 0.651 0.405 0.647 0.439 0.634 0.405 0.647 0.405 0.626 0.439 0.634 0.47 0.659 0.439 0.651 0.47 0.647 0.439 0.651 0.439 0.634 0.47 0.647 0.324 0.654 0.324 0.611 0.326 0.649 0.324 0.611 0.326 0.607 0.326 0.649 0.326 0.661 0.326 0.618 0.324 0.654 0.326 0.618 0.324 0.611 0.324 0.654 0.326 0.649 0.326 0.607 0.331 0.645 0.326 0.607 0.331 0.603 0.331 0.645 0.331 0.667 0.331 0.624 0.326 0.661 0.331 0.624 0.326 0.618 0.326 0.661 0.346 0.672 0.346 0.623 0.338 0.671 0.346 0.623 0.338 0.622 0.338 0.671 0.338 0.643 0.338 0.593 0.346 0.642 0.338 0.593 0.346 0.593 0.346 0.642 0.334 0.595 0.338 0.593 0.334 0.601 0.338 0.593 0.338 0.643 0.334 0.601 0.331 0.645 0.331 0.603 0.338 0.643 0.331 0.603 0.334 0.601 0.338 0.643 0.338 0.671 0.334 0.626 0.331 0.667 0.334 0.626 0.331 0.624 0.331 0.667 0.334 0.619 0.334 0.626 0.338 0.622 0.338 0.622 0.334 0.626 0.338 0.671 0.346 0.672 0.37 0.624 0.346 0.623 0.346 0.672 0.47 0.672 0.405 0.626 0.47 0.672 0.439 0.634 0.405 0.626 0.47 0.616 0.47 0.642 0.439 0.603 0.47 0.642 0.346 0.642 0.439 0.603 0.405 0.626 0.37 0.624 0.346 0.672 0.439 0.634 0.47 0.672 0.47 0.647 0.346 0.642 0.405 0.595 0.439 0.603 0.346 0.593 0.37 0.593 0.346 0.642 0.346 0.642 0.37 0.593 0.405 0.595 0.865 0.648 0.865 0.686 0.861 0.659 0.865 0.686 0.862 0.701 0.861 0.659 0.541 0.659 0.538 0.701 0.535 0.648 0.538 0.701 0.535 0.689 0.535 0.648 0.272 0.355 0.272 0.31 0.272 0.333 0.272 0.31 0.272 0.288 0.272 0.333 0.272 0.234 0.272 0.212 0.272 0.335 0.272 0.212 0.272 0.31 0.272 0.335 0.272 0.19 0.263 0.179 0.272 0.288 0.263 0.179 0.263 0.277 0.272 0.288 0.272 0.386 0.272 0.335 0.272 0.355 0.272 0.335 0.272 0.31 0.272 0.355 0.272 0.392 0.272 0.438 0.272 0.355 0.272 0.438 0.272 0.386 0.272 0.355 0.272 0.428 0.263 0.412 0.264 0.441 0.263 0.412 0.261 0.423 0.264 0.441 0.86 0.613 0.861 0.659 0.841 0.623 0.861 0.659 0.842 0.671 0.841 0.623 0.841 0.623 0.842 0.671 0.808 0.633 0.842 0.671 0.808 0.685 0.808 0.633 0.562 0.624 0.564 0.585 0.597 0.633 0.564 0.585 0.599 0.595 0.597 0.633 0.637 0.637 0.637 0.599 0.763 0.638 0.637 0.599 0.763 0.596 0.763 0.638 0.763 0.638 0.763 0.695 0.699 0.692 0.763 0.638 0.808 0.633 0.808 0.685 0.808 0.685 0.763 0.695 0.763 0.695 0.808 0.685 0.763 0.695 0.763 0.638 0.544 0.613 0.546 0.575 0.562 0.624 0.546 0.575 0.564 0.585 0.562 0.624 0.637 0.637 0.637 0.689 0.597 0.633 0.637 0.689 0.594 0.68 0.597 0.633 0.637 0.637 0.699 0.692 0.637 0.689 0.559 0.669 0.562 0.624 0.594 0.68 0.562 0.624 0.597 0.633 0.594 0.68 0.699 0.692 0.637 0.637 0.763 0.638 0.541 0.659 0.544 0.613 0.559 0.669 0.544 0.613 0.562 0.624 0.559 0.669 0.544 0.613 0.541 0.659 0.535 0.601 0.541 0.659 0.535 0.648 0.535 0.601 0.637 0.689 0.637 0.729 0.594 0.68 0.637 0.729 0.592 0.724 0.594 0.68 0.699 0.692 0.763 0.695 0.763 0.695 0.763 0.695 0.763 0.729 0.7 0.729 0.763 0.695 0.7 0.729 0.699 0.692 0.699 0.692 0.7 0.729 0.637 0.689 0.7 0.729 0.637 0.729 0.637 0.689 0.861 0.659 0.862 0.701 0.842 0.671 0.862 0.701 0.844 0.714 0.842 0.671 0.808 0.685 0.808 0.724 0.763 0.695 0.808 0.724 0.763 0.729 0.763 0.695 0.842 0.671 0.844 0.714 0.808 0.685 0.844 0.714 0.808 0.724 0.808 0.685 0.272 0.19 0.219 0.212 0.263 0.179 0.219 0.212 0.214 0.193 0.263 0.179 0.219 0.212 0.272 0.212 0.272 0.234</float_array>
					<technique_common>
						<accessor source="#3818v2-mesh-map-2-array" count="2856" stride="2">
							<param name="S" type="float"/>
							<param name="T" type="float"/>
						</accessor>
					</technique_common>
				</source>
				<source id="3818v2-mesh-map-3">
					<float_array id="3818v2-mesh-map-3-array" count="5712">0.7 0.63 0.698 0.569 0.75 0.629 0.698 0.569 0.748 0.569 0.75 0.629 0.711 0.951 0.689 0.909 0.75 0.929 0.689 0.909 0.718 0.891 0.75 0.929 0.798 0.629 0.75 0.629 0.795 0.569 0.75 0.629 0.748 0.569 0.795 0.569 0.783 0.815 0.799 0.784 0.834 0.841 0.799 0.784 0.859 0.798 0.834 0.841 0.653 0.502 0.698 0.501 0.652 0.57 0.698 0.501 0.698 0.569 0.652 0.57 0.765 0.843 0.783 0.815 0.81 0.873 0.783 0.815 0.834 0.841 0.81 0.873 0.44 0.865 0.397 0.894 0.42 0.839 0.397 0.894 0.37 0.862 0.42 0.839 0.389 0.779 0.402 0.81 0.332 0.791 0.402 0.81 0.347 0.827 0.332 0.791 0.493 0.784 0.535 0.773 0.501 0.801 0.535 0.773 0.539 0.784 0.501 0.801 0.557 0.93 0.547 0.976 0.524 0.921 0.547 0.976 0.506 0.965 0.524 0.921 0.428 0.922 0.397 0.894 0.465 0.888 0.397 0.894 0.44 0.865 0.465 0.888 0.512 0.816 0.501 0.801 0.545 0.793 0.501 0.801 0.539 0.784 0.545 0.793 0 0 0 0 0 0 0 0 0 0 0 0 0 0 0 0 0 0 0 0 0 0 0 0 0 0 0 0 0 0 0 0 0 0 0 0 0 0 0 0 0 0 0 0 0 0 0 0 0 0 0 0 0 0 0 0 0 0 0 0 0 0 0 0 0 0 0 0 0 0 0 0 0 0 0 0 0 0 0 0 0 0 0 0 0 0 0 0 0 0 0 0 0 0 0 0 0 0 0 0 0 0 0 0 0 0 0 0 0 0 0 0 0 0 0 0 0 0 0 0 0 0 0 0 0 0 0 0 0 0 0 0 0 0 0 0 0 0 0 0 0 0 0 0 0 0 0 0 0 0 0 0 0 0 0 0 0 0 0 0 0 0 0 0 0 0 0 0 0 0 0 0 0 0 0 0 0 0 0 0 0 0 0 0 0 0 0 0 0 0 0 0 0 0 0 0 0 0 0 0 0 0 0 0 0 0 0 0 0 0 0 0 0 0 0 0 0 0 0 0 0 0 0 0 0 0 0 0 0 0 0 0 0 0 0 0 0 0 0 0 0 0 0 0 0 0 0 0 0 0 0 0 0 0 0 0 0 0 0 0 0 0 0 0 0 0 0 0 0 0 0 0 0 0 0 0 0 0 0 0 0 0 0 0 0 0 0 0 0 0 0 0 0 0 0 0 0 0 0 0 0 0 0 0 0 0 0 0 0 0 0 0 0 0 0 0 0 0 0 0 0 0 0 0 0 0 0 0 0 0 0 0 0 0 0 0 0 0 0 0 0 0 0 0 0 0 0 0 0 0 0 0 0 0 0 0 0 0 0 0 0 0 0 0 0 0 0 0 0 0 0 0 0 0 0 0 0 0 0 0 0 0 0 0 0 0 0 0 0 0 0 0 0 0 0 0 0 0 0 0 0 0 0 0 0 0 0 0 0 0 0 0 0 0 0 0 0 0 0 0 0 0 0 0 0 0 0 0 0 0 0 0 0 0 0 0 0 0 0 0 0 0 0 0 0 0 0 0 0 0 0.657 0.392 0.708 0.408 0.653 0.45 0.708 0.408 0.695 0.447 0.653 0.45 0.59 0.981 0.591 0.933 0.634 0.977 0.591 0.933 0.625 0.931 0.634 0.977 0.523 0.501 0.556 0.451 0.653 0.502 0.556 0.451 0.653 0.45 0.653 0.502 0.695 0.447 0.698 0.501 0.653 0.45 0.698 0.501 0.653 0.502 0.653 0.45 0.581 0.816 0.574 0.852 0.571 0.813 0.574 0.852 0.556 0.847 0.571 0.813 0.486 0.572 0.445 0.573 0.489 0.513 0.445 0.573 0.453 0.512 0.489 0.513 0.795 0.504 0.75 0.503 0.801 0.457 0.75 0.503 0.752 0.449 0.801 0.457 0.801 0.457 0.752 0.449 0.802 0.429 0.752 0.449 0.772 0.422 0.802 0.429 0.795 0.504 0.795 0.569 0.75 0.503 0.795 0.569 0.748 0.569 0.75 0.503 0 0 0 0 0 0 0.533 0.572 0.652 0.57 0.532 0.631 0.652 0.57 0.652 0.631 0.532 0.631 0.571 0.813 0.556 0.847 0.561 0.808 0.556 0.847 0.54 0.839 0.561 0.808 0.645 0.784 0.649 0.774 0.684 0.802 0.649 0.774 0.693 0.785 0.684 0.802 0 0 0 0 0 0 0 0 0 0 0 0 0.455 0.498 0.453 0.512 0.417 0.489 0.453 0.512 0.413 0.509 0.417 0.489 0.488 0.632 0.532 0.631 0.487 0.671 0.532 0.631 0.533 0.67 0.487 0.671 0.524 0.921 0.506 0.965 0.493 0.907 0.506 0.965 0.461 0.945 0.493 0.907 0.547 0.976 0.557 0.93 0.59 0.981 0.557 0.93 0.591 0.933 0.59 0.981 0.493 0.907 0.461 0.945 0.465 0.888 0.461 0.945 0.428 0.922 0.465 0.888 0.625 0.931 0.658 0.923 0.634 0.977 0.658 0.923 0.675 0.967 0.634 0.977 0.689 0.909 0.665 0.874 0.718 0.891 0.665 0.874 0.687 0.86 0.718 0.891 0.687 0.86 0.707 0.843 0.718 0.891 0.707 0.843 0.743 0.869 0.718 0.891 0.689 0.909 0.711 0.951 0.658 0.923 0.711 0.951 0.675 0.967 0.658 0.923 0.402 0.81 0.389 0.779 0.448 0.796 0.389 0.779 0.438 0.771 0.448 0.796 0.388 0.486 0.417 0.489 0.389 0.505 0.417 0.489 0.413 0.509 0.389 0.505 0.815 0.197 0.869 0.221 0.741 0.353 0.869 0.221 0.796 0.382 0.741 0.353 0.741 0.353 0.708 0.408 0.688 0.329 0.708 0.408 0.657 0.392 0.688 0.329 0 0 0 0 0 0 0 0 0 0 0 0 0 0 0 0 0 0 0 0 0 0 0 0 0 0 0 0 0 0 0 0 0 0 0 0 0 0 0 0 0 0 0 0 0 0 0 0 0 0 0 0 0 0 0 0 0 0 0 0 0 0 0 0 0 0 0 0 0 0 0 0 0 0 0 0 0 0 0 0 0 0 0 0 0 0 0 0 0 0 0 0 0 0 0 0 0 0 0 0 0 0 0 0 0 0 0 0 0 0 0 0 0 0 0.316 0.745 0.324 0.742 0.332 0.791 0.331 0.74 0.324 0.742 0.341 0.679 0.324 0.742 0.323 0.685 0.341 0.679 0.328 0.636 0.295 0.643 0.338 0.573 0.295 0.643 0.288 0.575 0.338 0.573 0.346 0.502 0.338 0.573 0.286 0.498 0.338 0.573 0.288 0.575 0.286 0.498 0 0 0 0 0 0 0 0 0 0 0 0 0 0 0 0 0 0 0.356 0.632 0.341 0.679 0.328 0.636 0.341 0.679 0.323 0.685 0.328 0.636 0 0 0 0 0 0 0 0 0 0 0 0 0.323 0.685 0.303 0.69 0.328 0.636 0.303 0.69 0.295 0.643 0.328 0.636 0 0 0 0 0 0 0 0 0 0 0 0 0.425 0.452 0.389 0.439 0.43 0.433 0.389 0.439 0.391 0.417 0.43 0.433 0.489 0.513 0.453 0.512 0.49 0.501 0.453 0.512 0.455 0.498 0.49 0.501 0.533 0.572 0.523 0.501 0.652 0.57 0.523 0.501 0.653 0.502 0.652 0.57 0.397 0.377 0.441 0.393 0.391 0.417 0.441 0.393 0.43 0.433 0.391 0.417 0.882 0.53 0.877 0.584 0.828 0.51 0.877 0.584 0.834 0.569 0.828 0.51 0 0 0 0 0 0 0 0 0 0 0 0 0 0 0 0 0 0 0 0 0 0 0 0 0.356 0.632 0.396 0.633 0.341 0.679 0.396 0.633 0.394 0.677 0.341 0.679 0 0 0 0 0 0 0 0 0 0 0 0 0 0 0 0 0 0 0 0 0 0 0 0 0 0 0 0 0 0 0 0 0 0 0 0 0 0 0 0 0 0 0 0 0 0 0 0 0 0 0 0 0 0 0.303 0.69 0.323 0.685 0.316 0.745 0.323 0.685 0.324 0.742 0.316 0.745 0 0 0 0 0 0 0 0 0 0 0 0 0.445 0.573 0.438 0.633 0.403 0.574 0.438 0.633 0.396 0.633 0.403 0.574 0.533 0.572 0.532 0.631 0.486 0.572 0.532 0.631 0.488 0.632 0.486 0.572 0.659 0.83 0.632 0.802 0.672 0.817 0.632 0.802 0.639 0.794 0.672 0.817 0.639 0.794 0.645 0.784 0.672 0.817 0.645 0.784 0.684 0.802 0.672 0.817 0.47 0.454 0.464 0.468 0.43 0.433 0.464 0.468 0.425 0.452 0.43 0.433 0 0 0 0 0 0 0 0 0 0 0 0 0 0 0 0 0 0 0 0 0 0 0 0 0 0 0 0 0 0 0 0 0 0 0 0 0 0 0 0 0 0 0 0 0 0 0 0 0 0 0 0 0 0 0 0 0 0 0 0 0 0 0 0 0 0 0 0 0 0 0 0 0 0 0 0 0 0 0 0 0 0 0 0 0 0 0 0 0 0 0 0 0 0 0 0 0 0 0 0 0 0 0 0 0 0 0 0 0 0 0 0 0 0 0 0 0 0 0 0 0 0 0 0 0 0 0 0 0 0 0 0 0 0 0 0 0 0 0 0 0 0 0 0 0 0 0 0 0 0 0 0 0 0 0 0 0 0 0 0 0 0 0 0 0 0 0 0 0 0 0 0 0 0 0 0 0 0 0 0 0 0 0 0 0 0 0 0 0 0 0 0 0.784 0.901 0.743 0.869 0.81 0.873 0.743 0.869 0.765 0.843 0.81 0.873 0.75 0.929 0.718 0.891 0.784 0.901 0.718 0.891 0.743 0.869 0.784 0.901 0.37 0.862 0.347 0.827 0.42 0.839 0.347 0.827 0.402 0.81 0.42 0.839 0 0 0 0 0 0 0 0 0 0 0 0 0 0 0 0 0 0 0 0 0 0 0 0 0 0 0 0 0 0 0 0 0 0 0 0 0 0 0 0 0 0 0 0 0 0 0 0 0 0 0 0 0 0 0 0 0 0 0 0 0 0 0 0 0 0 0 0 0 0 0 0 0 0 0 0 0 0 0 0 0 0 0 0 0 0 0 0 0 0 0 0 0 0 0 0 0.75 0.629 0.75 0.674 0.7 0.63 0.75 0.674 0.699 0.673 0.7 0.63 0 0 0 0 0 0 0 0 0 0 0 0 0.859 0.798 0.861 0.748 0.868 0.751 0.874 0.692 0.868 0.751 0.857 0.685 0.868 0.751 0.861 0.748 0.857 0.685 0 0 0 0 0 0 0 0 0 0 0 0 0 0 0 0 0 0 0 0 0 0 0 0 0 0 0 0 0 0 0 0 0 0 0 0 0 0 0 0 0 0 0 0 0 0 0 0 0 0 0 0 0 0 0 0 0 0 0 0 0 0 0 0 0 0 0 0 0 0 0 0 0 0 0 0 0 0 0 0 0 0 0 0 0 0 0 0 0 0 0 0 0 0 0 0 0 0 0 0 0 0 0 0 0 0 0 0 0 0 0 0 0 0 0 0 0 0 0 0 0 0 0 0 0 0 0 0 0 0 0 0 0 0 0 0 0 0 0 0 0 0 0 0 0 0 0 0 0 0 0 0 0 0 0 0 0 0 0 0 0 0 0 0 0 0 0 0 0 0 0 0 0 0 0 0 0 0 0 0 0 0 0 0 0 0 0 0 0 0 0 0 0 0 0 0 0 0 0.378 0.031 0.433 0.049 0.328 0.189 0.433 0.049 0.384 0.205 0.328 0.189 0 0 0 0 0 0 0 0 0 0 0 0 0 0 0 0 0 0 0 0 0 0 0 0 0 0 0 0 0 0 0 0 0 0 0 0 0.836 0.461 0.895 0.484 0.828 0.51 0.895 0.484 0.882 0.53 0.828 0.51 0 0 0 0 0 0 0 0 0 0 0 0 0 0 0 0 0 0 0 0 0 0 0 0 0.895 0.484 0.836 0.461 0.904 0.46 0.836 0.461 0.844 0.438 0.904 0.46 0.904 0.46 0.844 0.438 0.914 0.427 0.844 0.438 0.855 0.408 0.914 0.427 0 0 0 0 0 0 0 0 0 0 0 0 0 0 0 0 0 0 0 0 0 0 0 0 0 0 0 0 0 0 0 0 0 0 0 0 0 0 0 0 0 0 0 0 0 0 0 0 0.657 0.392 0.604 0.366 0.688 0.329 0.604 0.366 0.637 0.304 0.688 0.329 0.706 0.148 0.761 0.172 0.637 0.304 0.761 0.172 0.688 0.329 0.637 0.304 0.761 0.172 0.815 0.197 0.688 0.329 0.815 0.197 0.741 0.353 0.688 0.329 0.748 0.569 0.698 0.569 0.75 0.503 0.698 0.569 0.698 0.501 0.75 0.503 0.75 0.503 0.698 0.501 0.752 0.449 0.698 0.501 0.695 0.447 0.752 0.449 0.652 0.631 0.652 0.57 0.7 0.63 0.652 0.57 0.698 0.569 0.7 0.63 0.708 0.408 0.772 0.422 0.695 0.447 0.772 0.422 0.752 0.449 0.695 0.447 0.772 0.422 0.708 0.408 0.796 0.382 0.708 0.408 0.741 0.353 0.796 0.382 0.798 0.629 0.795 0.569 0.846 0.632 0.795 0.569 0.834 0.569 0.846 0.632 0.836 0.461 0.828 0.51 0.801 0.457 0.828 0.51 0.795 0.504 0.801 0.457 0.844 0.438 0.836 0.461 0.802 0.429 0.836 0.461 0.801 0.457 0.802 0.429 0.828 0.51 0.834 0.569 0.795 0.504 0.834 0.569 0.795 0.569 0.795 0.504 0.834 0.569 0.877 0.584 0.846 0.632 0.877 0.584 0.875 0.642 0.846 0.632 0.874 0.692 0.857 0.685 0.875 0.642 0.857 0.685 0.846 0.632 0.875 0.642 0.796 0.382 0.802 0.429 0.772 0.422 0.844 0.438 0.802 0.429 0.855 0.408 0.802 0.429 0.796 0.382 0.855 0.408 0.488 0.632 0.438 0.633 0.486 0.572 0.438 0.633 0.445 0.573 0.486 0.572 0.592 0.817 0.603 0.816 0.592 0.853 0.603 0.816 0.609 0.852 0.592 0.853 0.652 0.762 0.699 0.766 0.649 0.774 0.699 0.766 0.693 0.785 0.649 0.774 0.627 0.848 0.642 0.884 0.609 0.852 0.642 0.884 0.617 0.89 0.609 0.852 0.477 0.84 0.461 0.82 0.512 0.816 0.461 0.82 0.501 0.801 0.512 0.816 0.7 0.63 0.699 0.673 0.652 0.631 0.699 0.673 0.652 0.672 0.652 0.631 0.924 0.245 0.979 0.268 0.855 0.408 0.979 0.268 0.914 0.427 0.855 0.408 0.869 0.221 0.924 0.245 0.796 0.382 0.924 0.245 0.855 0.408 0.796 0.382 0.286 0.498 0.348 0.482 0.346 0.502 0.348 0.482 0.388 0.486 0.346 0.502 0.388 0.486 0.389 0.505 0.346 0.502 0.488 0.066 0.543 0.085 0.437 0.221 0.543 0.085 0.49 0.237 0.437 0.221 0.437 0.221 0.49 0.237 0.418 0.29 0.49 0.237 0.468 0.307 0.418 0.29 0.397 0.377 0.418 0.29 0.441 0.393 0.418 0.29 0.468 0.307 0.441 0.393 0.604 0.366 0.657 0.392 0.556 0.451 0.657 0.392 0.653 0.45 0.556 0.451 0.433 0.049 0.488 0.066 0.384 0.205 0.488 0.066 0.437 0.221 0.384 0.205 0.592 0.817 0.592 0.853 0.581 0.816 0.592 0.853 0.574 0.852 0.581 0.816 0.425 0.452 0.421 0.47 0.389 0.439 0.421 0.47 0.388 0.461 0.389 0.439 0.561 0.808 0.54 0.839 0.553 0.802 0.54 0.839 0.525 0.829 0.553 0.802 0.54 0.258 0.515 0.325 0.49 0.237 0.515 0.325 0.468 0.307 0.49 0.237 0.643 0.84 0.627 0.848 0.623 0.809 0.627 0.848 0.613 0.813 0.623 0.809 0.56 0.346 0.604 0.366 0.52 0.434 0.604 0.366 0.556 0.451 0.52 0.434 0.441 0.393 0.468 0.307 0.486 0.414 0.468 0.307 0.515 0.325 0.486 0.414 0.495 0.482 0.464 0.468 0.499 0.472 0.464 0.468 0.47 0.454 0.499 0.472 0.492 0.491 0.49 0.501 0.459 0.482 0.49 0.501 0.455 0.498 0.459 0.482 0.495 0.482 0.492 0.491 0.464 0.468 0.492 0.491 0.459 0.482 0.464 0.468 0.459 0.482 0.455 0.498 0.421 0.47 0.455 0.498 0.417 0.489 0.421 0.47 0.47 0.454 0.486 0.414 0.499 0.472 0.486 0.414 0.52 0.434 0.499 0.472 0.464 0.468 0.459 0.482 0.425 0.452 0.459 0.482 0.421 0.47 0.425 0.452 0.43 0.433 0.441 0.393 0.47 0.454 0.441 0.393 0.486 0.414 0.47 0.454 0.643 0.84 0.623 0.809 0.659 0.83 0.623 0.809 0.632 0.802 0.659 0.83 0.589 0.28 0.56 0.346 0.54 0.258 0.56 0.346 0.515 0.325 0.54 0.258 0.486 0.414 0.515 0.325 0.52 0.434 0.515 0.325 0.56 0.346 0.52 0.434 0.613 0.813 0.627 0.848 0.603 0.816 0.627 0.848 0.609 0.852 0.603 0.816 0.525 0.829 0.512 0.816 0.553 0.802 0.512 0.816 0.545 0.793 0.553 0.802 0.652 0.125 0.706 0.148 0.589 0.28 0.706 0.148 0.637 0.304 0.589 0.28 0.56 0.346 0.589 0.28 0.604 0.366 0.589 0.28 0.637 0.304 0.604 0.366 0.543 0.085 0.597 0.104 0.49 0.237 0.597 0.104 0.54 0.258 0.49 0.237 0.597 0.104 0.652 0.125 0.54 0.258 0.652 0.125 0.589 0.28 0.54 0.258 0.417 0.489 0.388 0.486 0.421 0.47 0.388 0.486 0.388 0.461 0.421 0.47 0.332 0.791 0.324 0.742 0.331 0.74 0 0 0 0 0 0 0.487 0.765 0.533 0.762 0.493 0.784 0.533 0.762 0.535 0.773 0.493 0.784 0.487 0.765 0.438 0.771 0.487 0.72 0.438 0.771 0.438 0.722 0.487 0.72 0.707 0.843 0.672 0.817 0.724 0.822 0.672 0.817 0.684 0.802 0.724 0.822 0.465 0.888 0.44 0.865 0.496 0.858 0.44 0.865 0.477 0.84 0.496 0.858 0.517 0.872 0.493 0.907 0.496 0.858 0.493 0.907 0.465 0.888 0.496 0.858 0.591 0.892 0.617 0.89 0.591 0.933 0.617 0.89 0.625 0.931 0.591 0.933 0.566 0.89 0.557 0.93 0.541 0.883 0.557 0.93 0.524 0.921 0.541 0.883 0.724 0.822 0.738 0.799 0.765 0.843 0.738 0.799 0.783 0.815 0.765 0.843 0.707 0.843 0.687 0.86 0.672 0.817 0.687 0.86 0.659 0.83 0.672 0.817 0.749 0.774 0.738 0.799 0.699 0.766 0.738 0.799 0.693 0.785 0.699 0.766 0.738 0.799 0.724 0.822 0.693 0.785 0.724 0.822 0.684 0.802 0.693 0.785 0.625 0.931 0.617 0.89 0.658 0.923 0.617 0.89 0.642 0.884 0.658 0.923 0.591 0.892 0.591 0.933 0.566 0.89 0.591 0.933 0.557 0.93 0.566 0.89 0.591 0.892 0.566 0.89 0.592 0.853 0.566 0.89 0.574 0.852 0.592 0.853 0.609 0.852 0.617 0.89 0.592 0.853 0.617 0.89 0.591 0.892 0.592 0.853 0.665 0.874 0.643 0.84 0.687 0.86 0.643 0.84 0.659 0.83 0.687 0.86 0.556 0.847 0.541 0.883 0.54 0.839 0.541 0.883 0.517 0.872 0.54 0.839 0.574 0.852 0.566 0.89 0.556 0.847 0.566 0.89 0.541 0.883 0.556 0.847 0.461 0.82 0.42 0.839 0.448 0.796 0.42 0.839 0.402 0.81 0.448 0.796 0.44 0.865 0.42 0.839 0.477 0.84 0.42 0.839 0.461 0.82 0.477 0.84 0.525 0.829 0.496 0.858 0.512 0.816 0.496 0.858 0.477 0.84 0.512 0.816 0.743 0.869 0.707 0.843 0.765 0.843 0.707 0.843 0.724 0.822 0.765 0.843 0.448 0.796 0.438 0.771 0.493 0.784 0.438 0.771 0.487 0.765 0.493 0.784 0.461 0.82 0.448 0.796 0.501 0.801 0.448 0.796 0.493 0.784 0.501 0.801 0.54 0.839 0.517 0.872 0.525 0.829 0.517 0.872 0.496 0.858 0.525 0.829 0.643 0.84 0.665 0.874 0.627 0.848 0.665 0.874 0.642 0.884 0.627 0.848 0.541 0.883 0.524 0.921 0.517 0.872 0.524 0.921 0.493 0.907 0.517 0.872 0.642 0.884 0.665 0.874 0.658 0.923 0.665 0.874 0.689 0.909 0.658 0.923 0.749 0.774 0.799 0.784 0.738 0.799 0.799 0.784 0.783 0.815 0.738 0.799 0.75 0.629 0.798 0.629 0.75 0.674 0.798 0.629 0.798 0.679 0.75 0.674 0.846 0.632 0.857 0.685 0.798 0.629 0.857 0.685 0.798 0.679 0.798 0.629 0.445 0.573 0.403 0.574 0.453 0.512 0.403 0.574 0.413 0.509 0.453 0.512 0.857 0.685 0.861 0.748 0.798 0.679 0.861 0.748 0.799 0.734 0.798 0.679 0.396 0.633 0.356 0.632 0.403 0.574 0.356 0.632 0.377 0.572 0.403 0.574 0.389 0.505 0.413 0.509 0.377 0.572 0.413 0.509 0.403 0.574 0.377 0.572 0.438 0.771 0.389 0.779 0.438 0.722 0.389 0.779 0.391 0.73 0.438 0.722 0 0 0 0 0 0 0 0 0 0 0 0 0.347 0.37 0.345 0.414 0.292 0.366 0.345 0.414 0.29 0.416 0.292 0.366 0 0 0 0 0 0 0 0 0 0 0 0 0.391 0.417 0.389 0.439 0.345 0.414 0.389 0.439 0.345 0.434 0.345 0.414 0.328 0.636 0.338 0.573 0.356 0.632 0.338 0.573 0.377 0.572 0.356 0.632 0 0 0 0 0 0 0 0 0 0 0 0 0 0 0 0 0 0 0 0 0 0 0 0 0 0 0 0 0 0 0 0 0 0 0 0 0.377 0.572 0.338 0.573 0.389 0.505 0.338 0.573 0.346 0.502 0.389 0.505 0 0 0 0 0 0 0 0 0 0 0 0 0 0 0 0 0 0 0 0 0 0 0 0 0.389 0.439 0.388 0.461 0.345 0.434 0.388 0.461 0.346 0.453 0.345 0.434 0.388 0.486 0.348 0.482 0.388 0.461 0.348 0.482 0.346 0.453 0.388 0.461 0.345 0.434 0.346 0.453 0.289 0.44 0.346 0.453 0.288 0.464 0.289 0.44 0 0 0 0 0 0 0 0 0 0 0 0 0.346 0.453 0.348 0.482 0.288 0.464 0.348 0.482 0.286 0.498 0.288 0.464 0 0 0 0 0 0 0 0 0 0 0 0 0 0 0 0 0 0 0 0 0 0 0 0 0 0 0 0 0 0 0 0 0 0 0 0 0.345 0.434 0.289 0.44 0.345 0.414 0.289 0.44 0.29 0.416 0.345 0.414 0 0 0 0 0 0 0 0 0 0 0 0 0.365 0.276 0.347 0.37 0.309 0.264 0.347 0.37 0.292 0.366 0.309 0.264 0.347 0.37 0.397 0.377 0.345 0.414 0.397 0.377 0.391 0.417 0.345 0.414 0.384 0.205 0.365 0.276 0.328 0.189 0.365 0.276 0.309 0.264 0.328 0.189 0.384 0.205 0.437 0.221 0.365 0.276 0.437 0.221 0.418 0.29 0.365 0.276 0.418 0.29 0.397 0.377 0.365 0.276 0.397 0.377 0.347 0.37 0.365 0.276 0 0 0 0 0 0 0 0 0 0 0 0 0 0 0 0 0 0 0 0 0 0 0 0 0 0 0 0 0 0 0 0 0 0 0 0 0 0 0 0 0 0 0 0 0 0 0 0 0 0 0 0 0 0 0 0 0 0 0 0 0 0 0 0 0 0 0 0 0 0 0 0 0 0 0 0 0 0 0 0 0 0 0 0 0 0 0 0 0 0 0 0 0 0 0 0 0 0 0 0 0 0 0 0 0 0 0 0 0 0 0 0 0 0 0 0 0 0 0 0 0 0 0 0 0 0 0 0 0 0 0 0 0 0 0 0 0 0 0 0 0 0 0 0 0 0 0 0 0 0 0 0 0 0 0 0 0 0 0 0 0 0 0 0 0 0 0 0 0 0 0 0 0 0 0 0 0 0 0 0 0 0 0 0 0 0 0 0 0 0 0 0 0 0 0 0 0 0 0 0 0 0 0 0 0 0 0 0 0 0 0 0 0 0 0 0 0 0 0 0 0 0 0 0 0 0 0 0 0 0 0 0 0 0 0 0 0 0 0 0 0 0 0 0 0 0 0 0 0 0 0 0 0 0 0 0 0 0 0 0 0 0 0 0 0 0 0 0 0 0 0 0 0 0 0 0 0 0 0 0 0 0 0 0 0 0 0 0 0 0 0 0 0 0 0 0 0 0 0 0 0 0 0 0 0 0 0 0 0 0 0 0 0 0 0 0 0 0 0 0 0 0 0 0 0 0 0 0 0 0 0 0 0 0 0 0 0 0 0 0 0 0 0 0 0 0 0 0 0 0 0 0 0 0 0 0 0 0 0 0 0 0 0 0 0 0 0 0 0 0 0 0 0 0 0 0 0 0 0 0 0 0 0 0 0 0 0 0 0 0 0 0 0 0 0 0 0 0 0 0 0 0 0 0 0 0 0 0 0 0 0 0 0 0 0 0 0 0 0 0 0 0 0 0 0 0 0 0 0 0 0 0 0 0 0 0 0 0 0 0 0 0 0 0 0 0 0 0 0 0 0 0 0 0 0 0 0 0 0 0 0 0 0.523 0.501 0.492 0.491 0.495 0.482 0.523 0.501 0.499 0.472 0.556 0.451 0.499 0.472 0.52 0.434 0.556 0.451 0.492 0.491 0.523 0.501 0.49 0.501 0.49 0.501 0.523 0.501 0.489 0.513 0.523 0.501 0.495 0.482 0.499 0.472 0.489 0.513 0.523 0.501 0.486 0.572 0.523 0.501 0.533 0.572 0.486 0.572 0.592 0.761 0.603 0.816 0.592 0.817 0.592 0.761 0.581 0.816 0.571 0.813 0.561 0.808 0.592 0.761 0.571 0.813 0.561 0.808 0.553 0.802 0.592 0.761 0.553 0.802 0.545 0.793 0.592 0.761 0.545 0.793 0.539 0.784 0.592 0.761 0.539 0.784 0.535 0.773 0.592 0.761 0.535 0.773 0.533 0.762 0.592 0.761 0.592 0.761 0.613 0.813 0.603 0.816 0.652 0.762 0.649 0.774 0.592 0.761 0.592 0.761 0.623 0.809 0.613 0.813 0.649 0.774 0.645 0.784 0.592 0.761 0.592 0.761 0.632 0.802 0.623 0.809 0.645 0.784 0.639 0.794 0.592 0.761 0.639 0.794 0.632 0.802 0.592 0.761 0.592 0.761 0.592 0.817 0.581 0.816 0 0 0 0 0 0 0 0 0 0 0 0 0 0 0 0 0 0 0 0 0 0 0 0 0 0 0 0 0 0 0 0 0 0 0 0 0 0 0 0 0 0 0 0 0 0 0 0 0 0 0 0 0 0 0 0 0 0 0 0 0 0 0 0 0 0 0 0 0 0 0 0 0 0 0 0 0 0 0 0 0 0 0 0 0 0 0 0 0 0 0 0 0 0 0 0 0 0 0 0 0 0 0 0 0 0 0 0 0 0 0 0 0 0 0 0 0 0 0 0 0 0 0 0 0 0 0 0 0 0 0 0 0 0 0 0 0 0 0 0 0 0 0 0 0 0 0 0 0 0 0 0 0 0 0 0 0 0 0 0 0 0 0 0 0 0 0 0 0 0 0 0 0 0 0 0 0 0 0 0 0 0 0 0 0 0 0 0 0 0 0 0 0 0 0 0 0 0 0 0 0 0 0 0 0 0 0 0 0 0 0 0 0 0 0 0 0 0 0 0 0 0 0 0 0 0 0 0 0 0 0 0 0 0 0 0 0 0 0 0 0 0 0 0 0 0 0 0 0 0 0 0 0 0 0 0 0 0 0 0 0 0 0 0 0 0 0 0 0 0 0 0 0 0 0 0 0 0 0 0 0 0 0 0 0 0 0 0 0 0 0 0 0 0 0 0 0 0 0 0 0 0 0 0 0 0 0 0 0 0 0 0 0 0 0 0 0 0 0 0 0 0 0 0 0 0 0 0 0 0 0 0 0 0 0 0 0 0 0 0 0 0 0 0 0 0 0 0 0 0 0 0 0 0 0 0 0 0 0 0 0 0 0 0 0 0 0 0 0 0 0 0 0 0 0 0 0 0 0 0 0 0 0 0 0 0 0 0 0 0 0 0 0 0 0 0 0 0 0 0 0 0 0 0 0 0 0 0 0 0 0 0 0 0 0 0 0 0 0 0 0 0 0 0 0 0 0 0 0 0 0 0 0 0 0 0 0 0 0 0 0 0 0 0 0 0 0 0 0 0 0 0 0 0 0 0 0 0 0 0 0 0 0 0 0 0 0 0 0 0 0 0 0 0 0 0 0 0 0 0 0 0 0 0 0 0 0 0 0 0 0 0 0 0 0 0 0 0 0 0 0 0 0 0 0 0 0 0 0 0 0 0 0 0 0 0 0 0 0 0 0 0 0 0 0 0 0 0 0 0 0 0 0 0 0 0 0 0 0 0 0 0 0 0 0 0 0 0 0 0 0 0 0 0 0 0 0 0 0 0 0 0 0 0 0 0 0 0 0 0 0 0 0 0 0 0 0 0 0 0 0 0 0 0 0 0 0 0 0 0 0 0 0 0 0 0 0 0 0 0 0 0 0 0 0 0 0 0 0 0 0 0 0 0 0 0 0 0 0 0 0 0 0 0 0 0 0 0 0 0 0 0 0 0 0 0 0 0 0 0 0 0 0 0 0 0 0 0 0 0 0 0 0 0 0 0 0 0 0 0 0 0 0 0 0 0 0 0 0 0 0 0 0 0 0 0 0 0 0 0 0 0 0 0 0 0 0 0 0 0 0 0 0 0 0 0 0 0 0 0 0 0 0 0 0 0 0 0 0 0 0 0 0 0 0 0 0 0 0 0 0 0 0 0 0 0 0 0 0 0 0 0 0 0 0 0 0 0 0 0 0 0 0 0 0 0 0 0 0 0 0 0 0 0 0 0 0 0 0 0 0 0 0 0 0 0 0 0 0 0 0 0 0 0 0 0 0 0 0 0 0 0 0 0 0 0 0 0 0 0 0 0 0 0 0 0 0 0 0 0 0 0 0 0 0 0 0 0 0 0 0 0 0 0 0 0 0 0 0 0 0 0 0 0 0 0 0 0 0 0 0 0 0 0 0 0 0 0 0 0 0 0 0 0 0 0 0 0 0 0 0 0 0 0 0 0 0 0 0 0 0 0 0 0 0 0 0 0 0 0 0 0 0 0 0 0 0 0 0 0 0 0 0 0 0 0 0 0 0 0 0 0 0 0 0 0 0 0 0 0 0 0 0 0 0 0 0 0 0 0 0 0 0 0 0 0 0 0 0 0 0 0 0 0 0 0 0 0 0 0 0 0 0 0 0 0 0 0 0 0 0 0 0 0 0 0 0 0 0 0 0 0 0 0 0 0 0 0 0 0 0 0 0 0 0 0 0 0 0 0 0 0 0 0 0 0 0 0 0 0 0 0 0 0 0 0 0 0 0 0 0 0 0 0 0 0 0 0 0 0 0 0 0 0 0 0 0 0 0 0 0 0 0 0 0 0 0 0 0 0 0 0 0 0 0 0 0 0 0 0 0 0 0 0 0 0 0 0 0 0 0 0 0 0 0 0 0 0 0 0 0 0 0 0 0 0 0 0 0 0 0 0 0 0 0 0 0 0 0 0 0 0 0 0 0 0 0 0 0 0 0 0 0 0 0 0 0 0 0 0 0 0 0 0 0 0 0 0 0 0 0 0 0 0 0 0 0 0 0 0 0 0 0 0 0 0 0 0 0 0 0 0 0 0 0 0 0 0 0 0 0 0 0 0 0 0 0 0 0 0 0 0 0 0 0 0 0 0 0 0 0 0 0 0 0 0 0 0 0 0 0 0 0 0 0 0 0 0 0 0 0 0 0 0 0 0 0 0 0 0 0 0 0 0 0 0 0 0 0 0 0 0 0 0 0 0 0 0 0 0 0 0 0 0 0 0 0 0 0 0 0 0 0 0 0 0 0 0 0 0 0 0 0 0 0 0 0 0 0 0 0 0 0 0 0 0 0 0 0 0 0 0 0 0 0 0 0 0 0 0 0 0 0 0 0 0 0 0 0 0 0 0 0 0 0 0 0 0 0 0 0 0 0 0 0 0 0 0 0.861 0.748 0.859 0.798 0.799 0.734 0.859 0.798 0.799 0.784 0.799 0.734 0.391 0.73 0.389 0.779 0.331 0.74 0.389 0.779 0.332 0.791 0.331 0.74 0 0 0 0 0 0 0 0 0 0 0 0 0 0 0 0 0 0 0 0 0 0 0 0 0 0 0 0 0 0 0 0 0 0 0 0 0 0 0 0 0 0 0 0 0 0 0 0 0 0 0 0 0 0 0 0 0 0 0 0 0 0 0 0 0 0 0 0 0 0 0 0 0.798 0.679 0.799 0.734 0.75 0.674 0.799 0.734 0.749 0.726 0.75 0.674 0.75 0.674 0.749 0.726 0.699 0.673 0.749 0.726 0.699 0.725 0.699 0.673 0.438 0.674 0.438 0.633 0.487 0.671 0.438 0.633 0.488 0.632 0.487 0.671 0.533 0.67 0.532 0.631 0.652 0.672 0.532 0.631 0.652 0.631 0.652 0.672 0.652 0.672 0.652 0.728 0.592 0.724 0.652 0.672 0.699 0.673 0.699 0.725 0.699 0.725 0.652 0.728 0.652 0.728 0.699 0.725 0.652 0.728 0.652 0.672 0.394 0.677 0.396 0.633 0.438 0.674 0.396 0.633 0.438 0.633 0.438 0.674 0.533 0.67 0.533 0.721 0.487 0.671 0.533 0.721 0.487 0.72 0.487 0.671 0.533 0.67 0.592 0.724 0.533 0.721 0.438 0.722 0.438 0.674 0.487 0.72 0.438 0.674 0.487 0.671 0.487 0.72 0.592 0.724 0.533 0.67 0.652 0.672 0.391 0.73 0.394 0.677 0.438 0.722 0.394 0.677 0.438 0.674 0.438 0.722 0.394 0.677 0.391 0.73 0.341 0.679 0.391 0.73 0.331 0.74 0.341 0.679 0.533 0.721 0.533 0.762 0.487 0.72 0.533 0.762 0.487 0.765 0.487 0.72 0.592 0.724 0.652 0.728 0.652 0.728 0.652 0.728 0.652 0.762 0.592 0.761 0.652 0.728 0.592 0.761 0.592 0.724 0.592 0.724 0.592 0.761 0.533 0.721 0.592 0.761 0.533 0.762 0.533 0.721 0.799 0.734 0.799 0.784 0.749 0.726 0.799 0.784 0.749 0.774 0.749 0.726 0.699 0.725 0.699 0.766 0.652 0.728 0.699 0.766 0.652 0.762 0.652 0.728 0.749 0.726 0.749 0.774 0.699 0.725 0.749 0.774 0.699 0.766 0.699 0.725 0 0 0 0 0 0 0 0 0 0 0 0 0 0 0 0 0 0</float_array>
					<technique_common>
						<accessor source="#3818v2-mesh-map-3-array" count="2856" stride="2">
							<param name="S" type="float"/>
							<param name="T" type="float"/>
						</accessor>
					</technique_common>
				</source>
				<vertices id="3818v2-mesh-vertices">
					<input semantic="POSITION" source="#3818v2-mesh-positions"/>
				</vertices>
				<triangles material="MB|26-material" count="952">
					<input semantic="VERTEX" source="#3818v2-mesh-vertices" offset="0"/>
					<input semantic="TEXCOORD" source="#3818v2-mesh-map-0" offset="1" set="0"/>
					<input semantic="TEXCOORD" source="#3818v2-mesh-map-1" offset="1" set="1"/>
					<input semantic="TEXCOORD" source="#3818v2-mesh-map-2" offset="1" set="2"/>
					<input semantic="TEXCOORD" source="#3818v2-mesh-map-3" offset="1" set="3"/>
					<p>18 0 118 1 17 2 118 3 119 4 17 5 518 6 46 7 534 8 46 9 47 10 534 11 15 12 17 13 120 14 17 15 119 16 120 17 38 18 13 19 524 20 13 21 513 22 524 23 108 24 115 25 121 26 115 27 118 28 121 29 37 30 38 31 544 32 38 33 524 34 544 35 78 36 505 37 77 38 505 39 506 40 77 41 75 42 76 43 543 44 76 45 523 46 543 47 57 48 56 49 62 50 56 51 61 52 62 53 74 54 478 55 73 56 478 57 479 58 73 59 504 60 505 61 71 62 505 63 78 64 71 65 60 66 62 67 63 68 62 69 61 70 63 71 494 72 514 73 86 74 490 75 491 76 86 77 491 78 493 79 86 80 498 81 101 82 86 83 492 84 490 85 86 86 101 87 100 88 86 89 536 90 529 91 484 92 529 93 485 94 484 95 540 96 535 97 482 98 535 99 483 100 482 101 530 102 510 103 486 104 510 105 487 106 486 107 626 108 628 109 620 110 628 111 621 112 620 113 613 114 642 115 614 116 642 117 644 118 614 119 99 120 98 121 86 122 98 123 97 124 86 125 493 126 494 127 86 128 496 129 495 130 86 131 96 132 497 133 86 134 495 135 492 136 86 137 498 138 86 139 514 140 97 141 96 142 86 143 100 144 99 145 86 146 497 147 496 148 86 149 619 150 618 151 625 152 618 153 656 154 625 155 324 156 339 157 681 158 517 159 522 160 92 161 522 162 91 163 92 164 529 165 530 166 485 167 530 168 486 169 485 170 618 171 617 172 656 173 617 174 654 175 656 176 617 177 616 178 654 179 616 180 653 181 654 182 522 183 520 184 91 185 520 186 90 187 91 188 323 189 682 190 665 191 634 192 636 193 609 194 636 195 610 196 609 197 402 198 651 199 12 200 651 201 647 202 12 203 638 204 640 205 611 206 640 207 612 208 611 209 625 210 626 211 619 212 626 213 620 214 619 215 535 216 536 217 483 218 536 219 484 220 483 221 628 222 630 223 621 224 630 225 622 226 621 227 511 228 515 229 95 230 515 231 94 232 95 233 636 234 638 235 610 236 638 237 611 238 610 239 516 240 517 241 93 242 517 243 92 244 93 245 632 246 634 247 608 248 634 249 609 250 608 251 0 252 649 253 390 254 649 255 645 256 390 257 510 258 511 259 487 260 511 261 95 262 487 263 515 264 516 265 94 266 516 267 93 268 94 269 612 270 640 271 613 272 640 273 642 274 613 275 630 276 632 277 622 278 632 279 608 280 622 281 520 282 521 283 90 284 521 285 89 286 90 287 681 288 682 289 324 290 614 291 644 292 615 293 644 294 646 295 615 296 155 297 153 298 111 299 153 300 116 301 111 302 499 303 42 304 500 305 42 306 44 307 500 308 109 309 219 310 108 311 219 312 111 313 108 314 116 315 115 316 111 317 115 318 108 319 111 320 69 321 55 322 70 323 55 324 66 325 70 326 151 327 145 328 144 329 145 330 149 331 144 332 112 333 113 334 159 335 113 336 114 337 159 338 159 339 114 340 157 341 114 342 158 343 157 344 112 345 120 346 113 347 120 348 119 349 113 350 181 351 178 352 513 353 110 354 121 355 103 356 121 357 21 358 103 359 70 360 66 361 68 362 66 363 65 364 68 365 34 366 23 367 40 368 23 369 41 370 40 371 194 372 191 373 198 374 191 375 193 376 198 377 211 378 149 379 204 380 149 381 150 382 204 383 104 384 103 385 465 386 103 387 464 388 465 389 73 390 479 391 72 392 479 393 503 394 72 395 478 396 74 397 499 398 74 399 42 400 499 401 72 402 503 403 71 404 503 405 504 406 71 407 44 408 45 409 500 410 45 411 519 412 500 413 46 414 50 415 47 416 50 417 51 418 47 419 51 420 52 421 47 422 52 423 36 424 47 425 46 426 518 427 45 428 518 429 519 430 45 431 76 432 75 433 79 434 75 435 54 436 79 437 203 438 204 439 148 440 204 441 150 442 148 443 302 444 587 445 160 446 587 447 222 448 160 449 160 450 153 451 154 452 153 453 155 454 154 455 163 456 162 457 169 458 162 459 168 460 169 461 175 462 179 463 161 464 179 465 182 466 161 467 576 468 574 469 226 470 574 471 692 472 226 473 176 474 179 475 166 476 179 477 175 478 166 479 512 480 513 481 177 482 179 483 178 484 182 485 178 486 181 487 182 488 171 489 170 490 168 491 170 492 169 493 168 494 508 495 507 496 170 497 507 498 166 499 170 500 172 501 541 502 171 503 541 504 542 505 171 506 231 507 588 508 172 509 588 510 541 511 172 512 198 513 189 514 543 515 142 516 189 517 143 518 189 519 192 520 143 521 186 522 185 523 202 524 185 525 184 526 202 527 187 528 202 529 183 530 202 531 184 532 183 533 185 534 190 535 184 536 190 537 199 538 184 539 198 540 543 541 194 542 107 543 143 544 186 545 143 546 192 547 186 548 183 549 184 550 188 551 184 552 199 553 188 554 192 555 193 556 186 557 193 558 185 559 186 560 190 561 191 562 502 563 191 564 480 565 502 566 216 567 205 568 212 569 205 570 207 571 212 572 144 573 149 574 210 575 149 576 211 577 210 578 110 579 109 580 121 581 109 582 108 583 121 584 243 585 242 586 207 587 242 588 212 589 207 590 162 591 163 592 117 593 163 594 122 595 117 596 232 597 230 598 224 599 230 600 223 601 224 602 568 603 570 604 223 605 570 606 224 607 223 608 107 609 106 610 143 611 106 612 467 613 143 614 162 615 229 616 168 617 229 618 228 619 168 620 513 621 178 622 177 623 172 624 171 625 228 626 171 627 168 628 228 629 169 630 175 631 163 632 175 633 161 634 163 635 175 636 169 637 166 638 169 639 170 640 166 641 193 642 192 643 198 644 192 645 189 646 198 647 193 648 191 649 185 650 191 651 190 652 185 653 145 654 105 655 147 656 105 657 106 658 147 659 110 660 103 661 151 662 103 663 104 664 151 665 26 666 24 667 33 668 24 669 35 670 33 671 35 672 34 673 33 674 34 675 40 676 33 677 213 678 215 679 212 680 215 681 216 682 212 683 563 684 562 685 531 686 562 687 532 688 531 689 556 690 555 691 525 692 555 693 526 694 525 695 564 696 563 697 550 698 563 699 531 700 550 701 557 702 556 703 549 704 556 705 525 706 549 707 555 708 554 709 526 710 554 711 546 712 526 713 553 714 567 715 551 716 567 717 527 718 551 719 566 720 565 721 528 722 565 723 539 724 528 725 554 726 552 727 546 728 552 729 547 730 546 731 561 732 560 733 533 734 560 735 548 736 533 737 562 738 561 739 532 740 561 741 533 742 532 743 559 744 558 745 537 746 558 747 538 748 537 749 558 750 557 751 538 752 557 753 549 754 538 755 567 756 566 757 527 758 566 759 528 760 527 761 560 762 559 763 548 764 559 765 537 766 548 767 552 768 553 769 547 770 553 771 551 772 547 773 565 774 564 775 539 776 564 777 550 778 539 779 545 780 36 781 544 782 36 783 37 784 544 785 534 786 47 787 545 788 47 789 36 790 545 791 506 792 523 793 77 794 523 795 76 796 77 797 263 798 264 799 255 800 260 801 261 802 255 803 257 804 258 805 255 806 268 807 269 808 255 809 258 810 259 811 255 812 261 813 262 814 255 815 266 816 267 817 255 818 270 819 271 820 255 821 262 822 263 823 255 824 256 825 257 826 255 827 264 828 265 829 255 830 269 831 270 832 255 833 259 834 260 835 255 836 267 837 268 838 255 839 265 840 266 841 255 842 271 843 256 844 255 845 17 846 462 847 18 848 462 849 460 850 18 851 178 852 179 853 177 854 179 855 176 856 177 857 513 858 125 859 181 860 182 861 181 862 126 863 181 864 125 865 126 866 280 867 281 868 580 869 281 870 297 871 580 872 278 873 279 874 294 875 279 876 579 877 294 878 272 879 273 880 569 881 273 882 289 883 569 884 283 885 284 886 583 887 284 888 584 889 583 890 583 891 582 892 283 893 582 894 282 895 283 896 303 897 287 898 569 899 287 900 272 901 569 902 276 903 456 904 292 905 275 906 276 907 571 908 276 909 572 910 571 911 578 912 577 913 304 914 577 915 305 916 304 917 301 918 584 919 285 920 584 921 284 922 285 923 571 924 290 925 275 926 290 927 274 928 275 929 586 930 301 931 286 932 301 933 285 934 286 935 303 936 586 937 287 938 586 939 286 940 287 941 579 942 279 943 580 944 279 945 280 946 580 947 582 948 297 949 282 950 297 951 281 952 282 953 290 954 289 955 274 956 289 957 273 958 274 959 278 960 294 961 277 962 294 963 293 964 277 965 577 966 295 967 305 968 295 969 306 970 305 971 176 972 166 973 509 974 166 975 507 976 509 977 512 978 177 979 509 980 177 981 176 982 509 983 291 984 455 985 225 986 455 987 454 988 225 989 152 990 229 991 117 992 229 993 162 994 117 995 570 996 291 997 224 998 291 999 225 1000 224 1001 170 1002 171 1003 508 1004 171 1005 542 1006 508 1007 229 1008 152 1009 230 1010 152 1011 156 1012 230 1013 230 1014 156 1015 223 1016 156 1017 221 1018 223 1019 231 1020 232 1021 225 1022 232 1023 224 1024 225 1025 225 1026 454 1027 231 1028 454 1029 588 1030 231 1031 172 1032 228 1033 231 1034 228 1035 232 1036 231 1037 228 1038 229 1039 232 1040 229 1041 230 1042 232 1043 155 1044 245 1045 154 1046 245 1047 220 1048 154 1049 300 1050 585 1051 220 1052 585 1053 154 1054 220 1055 585 1056 302 1057 154 1058 302 1059 160 1060 154 1061 119 1062 118 1063 113 1064 118 1065 115 1066 113 1067 113 1068 115 1069 114 1070 115 1071 116 1072 114 1073 21 1074 121 1075 18 1076 121 1077 118 1078 18 1079 153 1080 158 1081 116 1082 158 1083 114 1084 116 1085 158 1086 153 1087 222 1088 153 1089 160 1090 222 1091 15 1092 120 1093 14 1094 120 1095 122 1096 14 1097 152 1098 117 1099 159 1100 117 1101 112 1102 159 1103 156 1104 152 1105 157 1106 152 1107 159 1108 157 1109 117 1110 122 1111 112 1112 122 1113 120 1114 112 1115 122 1116 163 1117 14 1118 163 1119 161 1120 14 1121 182 1122 126 1123 161 1124 126 1125 14 1126 161 1127 222 1128 157 1129 158 1130 156 1131 157 1132 221 1133 157 1134 222 1135 221 1136 104 1137 105 1138 151 1139 105 1140 145 1141 151 1142 30 1143 29 1144 27 1145 29 1146 28 1147 27 1148 20 1149 19 1150 23 1151 19 1152 41 1153 23 1154 31 1155 49 1156 28 1157 49 1158 48 1159 28 1160 81 1161 80 1162 60 1163 80 1164 62 1165 60 1166 18 1167 460 1168 21 1169 460 1170 463 1171 21 1172 288 1173 568 1174 221 1175 568 1176 223 1177 221 1178 587 1179 288 1180 222 1181 288 1182 221 1183 222 1184 183 1185 241 1186 187 1187 241 1188 203 1189 187 1190 203 1191 148 1192 187 1193 296 1194 581 1195 251 1196 581 1197 252 1198 251 1199 251 1200 252 1201 250 1202 252 1203 244 1204 250 1205 243 1206 250 1207 242 1208 250 1209 244 1210 242 1211 245 1212 155 1213 219 1214 155 1215 111 1216 219 1217 295 1218 296 1219 306 1220 296 1221 251 1222 306 1223 30 1224 27 1225 69 1226 27 1227 55 1228 69 1229 216 1230 214 1231 205 1232 214 1233 206 1234 205 1235 68 1236 65 1237 67 1238 65 1239 64 1240 67 1241 254 1242 247 1243 252 1244 247 1245 244 1246 252 1247 32 1248 31 1249 22 1250 31 1251 25 1252 22 1253 246 1254 245 1255 248 1256 245 1257 219 1258 248 1259 242 1260 244 1261 249 1262 244 1263 247 1264 249 1265 209 1266 215 1267 208 1268 215 1269 213 1270 208 1271 217 1272 210 1273 218 1274 210 1275 211 1276 218 1277 209 1278 217 1279 215 1280 217 1281 218 1282 215 1283 218 1284 211 1285 214 1286 211 1287 204 1288 214 1289 213 1290 249 1291 208 1292 249 1293 248 1294 208 1295 215 1296 218 1297 216 1298 218 1299 214 1300 216 1301 212 1302 242 1303 213 1304 242 1305 249 1306 213 1307 32 1308 22 1309 26 1310 22 1311 24 1312 26 1313 253 1314 246 1315 254 1316 246 1317 247 1318 254 1319 249 1320 247 1321 248 1322 247 1323 246 1324 248 1325 25 1326 31 1327 29 1328 31 1329 28 1330 29 1331 64 1332 60 1333 67 1334 60 1335 63 1336 67 1337 299 1338 300 1339 253 1340 300 1341 220 1342 253 1343 246 1344 253 1345 245 1346 253 1347 220 1348 245 1349 581 1350 298 1351 252 1352 298 1353 254 1354 252 1355 298 1356 299 1357 254 1358 299 1359 253 1360 254 1361 204 1362 203 1363 214 1364 203 1365 206 1366 214 1367 543 1368 189 1369 142 1370 481 1371 194 1372 543 1373 58 1374 59 1375 57 1376 59 1377 56 1378 57 1379 58 1380 54 1381 471 1382 54 1383 469 1384 471 1385 52 1386 33 1387 53 1388 33 1389 40 1390 53 1391 71 1392 78 1393 85 1394 78 1395 81 1396 85 1397 84 1398 72 1399 85 1400 72 1401 71 1402 85 1403 43 1404 48 1405 42 1406 48 1407 44 1408 42 1409 82 1410 74 1411 83 1412 74 1413 73 1414 83 1415 53 1416 39 1417 37 1418 39 1419 38 1420 37 1421 52 1422 51 1423 33 1424 51 1425 26 1426 33 1427 16 1428 39 1429 19 1430 39 1431 41 1432 19 1433 39 1434 53 1435 41 1436 53 1437 40 1438 41 1439 44 1440 48 1441 45 1442 48 1443 49 1444 45 1445 43 1446 42 1447 82 1448 42 1449 74 1450 82 1451 43 1452 82 1453 27 1454 82 1455 55 1456 27 1457 28 1458 48 1459 27 1460 48 1461 43 1462 27 1463 50 1464 32 1465 51 1466 32 1467 26 1468 51 1469 66 1470 83 1471 65 1472 83 1473 84 1474 65 1475 55 1476 82 1477 66 1478 82 1479 83 1480 66 1481 80 1482 77 1483 79 1484 77 1485 76 1486 79 1487 78 1488 77 1489 81 1490 77 1491 80 1492 81 1493 64 1494 85 1495 60 1496 85 1497 81 1498 60 1499 36 1500 52 1501 37 1502 52 1503 53 1504 37 1505 79 1506 54 1507 57 1508 54 1509 58 1510 57 1511 80 1512 79 1513 62 1514 79 1515 57 1516 62 1517 65 1518 84 1519 64 1520 84 1521 85 1522 64 1523 32 1524 50 1525 31 1526 50 1527 49 1528 31 1529 83 1530 73 1531 84 1532 73 1533 72 1534 84 1535 49 1536 50 1537 45 1538 50 1539 46 1540 45 1541 16 1542 13 1543 39 1544 13 1545 38 1546 39 1547 17 1548 15 1549 462 1550 15 1551 461 1552 462 1553 14 1554 126 1555 15 1556 126 1557 461 1558 15 1559 145 1560 147 1561 149 1562 147 1563 150 1564 149 1565 126 1566 125 1567 461 1568 125 1569 475 1570 461 1571 106 1572 107 1573 147 1574 107 1575 146 1576 147 1577 148 1578 150 1579 146 1580 150 1581 147 1582 146 1583 54 1584 75 1585 469 1586 75 1587 473 1588 469 1589 188 1590 199 1591 589 1592 199 1593 501 1594 589 1595 311 1596 239 1597 309 1598 239 1599 237 1600 309 1601 234 1602 188 1603 236 1604 188 1605 233 1606 236 1607 207 1608 205 1609 239 1610 205 1611 238 1612 239 1613 186 1614 202 1615 107 1616 202 1617 146 1618 107 1619 481 1620 480 1621 194 1622 480 1623 191 1624 194 1625 199 1626 190 1627 501 1628 190 1629 502 1630 501 1631 666 1632 323 1633 665 1634 234 1635 183 1636 188 1637 146 1638 202 1639 148 1640 202 1641 187 1642 148 1643 313 1644 308 1645 591 1646 308 1647 590 1648 591 1649 309 1650 237 1651 308 1652 237 1653 235 1654 308 1655 205 1656 206 1657 238 1658 206 1659 240 1660 238 1661 203 1662 241 1663 206 1664 241 1665 240 1666 206 1667 238 1668 240 1669 236 1670 240 1671 234 1672 236 1673 304 1674 313 1675 457 1676 313 1677 591 1678 457 1679 240 1680 241 1681 234 1682 241 1683 183 1684 234 1685 308 1686 235 1687 590 1688 235 1689 589 1690 590 1691 305 1692 312 1693 304 1694 312 1695 313 1696 304 1697 312 1698 309 1699 313 1700 309 1701 308 1702 313 1703 238 1704 236 1705 239 1706 236 1707 237 1708 239 1709 236 1710 233 1711 237 1712 233 1713 235 1714 237 1715 314 1716 311 1717 312 1718 311 1719 309 1720 312 1721 311 1722 243 1723 239 1724 243 1725 207 1726 239 1727 306 1728 314 1729 305 1730 314 1731 312 1732 305 1733 306 1734 251 1735 314 1736 251 1737 250 1738 314 1739 250 1740 243 1741 314 1742 243 1743 311 1744 314 1745 200 1746 173 1747 307 1748 173 1749 459 1750 307 1751 325 1752 167 1753 201 1754 167 1755 174 1756 201 1757 596 1758 140 1759 597 1760 140 1761 141 1762 597 1763 137 1764 139 1765 595 1766 139 1767 596 1768 595 1769 173 1770 200 1771 174 1772 200 1773 201 1774 174 1775 325 1776 201 1777 603 1778 201 1779 195 1780 603 1781 606 1782 344 1783 605 1784 344 1785 343 1786 605 1787 602 1788 340 1789 324 1790 340 1791 339 1792 324 1793 136 1794 137 1795 317 1796 137 1797 595 1798 317 1799 330 1800 128 1801 129 1802 594 1803 333 1804 316 1805 333 1806 332 1807 316 1808 604 1809 342 1810 326 1811 342 1812 341 1813 326 1814 167 1815 325 1816 165 1817 325 1818 601 1819 165 1820 318 1821 334 1822 594 1823 334 1824 333 1825 594 1826 330 1827 129 1828 593 1829 129 1830 130 1831 593 1832 124 1833 598 1834 123 1835 598 1836 597 1837 123 1838 315 1839 331 1840 607 1841 331 1842 345 1843 607 1844 165 1845 601 1846 164 1847 601 1848 600 1849 164 1850 593 1851 132 1852 592 1853 132 1854 131 1855 592 1856 320 1857 336 1858 319 1859 336 1860 335 1861 319 1862 132 1863 593 1864 130 1865 599 1866 338 1867 321 1868 338 1869 337 1870 321 1871 164 1872 600 1873 180 1874 600 1875 322 1876 180 1877 180 1878 322 1879 124 1880 322 1881 598 1882 124 1883 674 1884 673 1885 102 1886 326 1887 341 1888 602 1889 341 1890 340 1891 602 1892 134 1893 592 1894 131 1895 328 1896 197 1897 329 1898 197 1899 127 1900 329 1901 607 1902 345 1903 606 1904 345 1905 344 1906 606 1907 133 1908 135 1909 592 1910 135 1911 317 1912 592 1913 605 1914 343 1915 604 1916 343 1917 342 1918 604 1919 307 1920 459 1921 310 1922 459 1923 458 1924 310 1925 597 1926 141 1927 123 1928 327 1929 196 1930 328 1931 196 1932 197 1933 328 1934 596 1935 138 1936 140 1937 195 1938 196 1939 603 1940 196 1941 327 1942 603 1943 321 1944 337 1945 320 1946 337 1947 336 1948 320 1949 136 1950 317 1951 135 1952 133 1953 592 1954 134 1955 316 1956 332 1957 315 1958 332 1959 331 1960 315 1961 329 1962 127 1963 330 1964 127 1965 128 1966 330 1967 139 1968 138 1969 596 1970 319 1971 335 1972 318 1973 335 1974 334 1975 318 1976 109 1977 217 1978 209 1979 109 1980 208 1981 219 1982 208 1983 248 1984 219 1985 217 1986 109 1987 210 1988 210 1989 109 1990 144 1991 109 1992 209 1993 208 1994 144 1995 109 1996 151 1997 109 1998 110 1999 151 2000 346 2001 29 2002 30 2003 346 2004 69 2005 70 2006 68 2007 346 2008 70 2009 68 2010 67 2011 346 2012 67 2013 63 2014 346 2015 63 2016 61 2017 346 2018 61 2019 56 2020 346 2021 56 2022 59 2023 346 2024 346 2025 25 2026 29 2027 20 2028 23 2029 346 2030 346 2031 22 2032 25 2033 23 2034 34 2035 346 2036 346 2037 24 2038 22 2039 34 2040 35 2041 346 2042 35 2043 24 2044 346 2045 346 2046 30 2047 69 2048 623 2049 624 2050 349 2051 624 2052 353 2053 349 2054 407 2055 408 2056 348 2057 408 2058 352 2059 348 2060 348 2061 352 2062 347 2063 352 2064 351 2065 347 2066 624 2067 627 2068 353 2069 627 2070 357 2071 353 2072 408 2073 409 2074 352 2075 409 2076 356 2077 352 2078 352 2079 356 2080 351 2081 356 2082 355 2083 351 2084 627 2085 629 2086 357 2087 629 2088 361 2089 357 2090 409 2091 410 2092 356 2093 410 2094 360 2095 356 2096 356 2097 360 2098 355 2099 360 2100 359 2101 355 2102 629 2103 631 2104 361 2105 631 2106 365 2107 361 2108 410 2109 411 2110 360 2111 411 2112 364 2113 360 2114 360 2115 364 2116 359 2117 364 2118 363 2119 359 2120 631 2121 633 2122 365 2123 633 2124 369 2125 365 2126 411 2127 412 2128 364 2129 412 2130 368 2131 364 2132 364 2133 368 2134 363 2135 368 2136 367 2137 363 2138 633 2139 635 2140 369 2141 635 2142 373 2143 369 2144 412 2145 413 2146 368 2147 413 2148 372 2149 368 2150 368 2151 372 2152 367 2153 372 2154 371 2155 367 2156 635 2157 637 2158 373 2159 637 2160 377 2161 373 2162 413 2163 414 2164 372 2165 414 2166 376 2167 372 2168 372 2169 376 2170 371 2171 376 2172 375 2173 371 2174 637 2175 639 2176 377 2177 639 2178 381 2179 377 2180 414 2181 415 2182 376 2183 415 2184 380 2185 376 2186 376 2187 380 2188 375 2189 380 2190 379 2191 375 2192 639 2193 641 2194 381 2195 641 2196 385 2197 381 2198 415 2199 416 2200 380 2201 416 2202 384 2203 380 2204 380 2205 384 2206 379 2207 384 2208 383 2209 379 2210 641 2211 643 2212 385 2213 643 2214 389 2215 385 2216 416 2217 417 2218 384 2219 417 2220 388 2221 384 2222 384 2223 388 2224 383 2225 388 2226 387 2227 383 2228 643 2229 394 2230 389 2231 394 2232 393 2233 389 2234 417 2235 418 2236 388 2237 418 2238 392 2239 388 2240 388 2241 392 2242 387 2243 392 2244 391 2245 387 2246 482 2247 671 2248 540 2249 671 2250 650 2251 540 2252 482 2253 102 2254 671 2255 324 2256 682 2257 323 2258 521 2259 648 2260 89 2261 648 2262 668 2263 89 2264 599 2265 683 2266 338 2267 683 2268 599 2269 666 2270 398 2271 652 2272 397 2273 652 2274 401 2275 397 2276 419 2277 420 2278 396 2279 420 2280 400 2281 396 2282 396 2283 400 2284 395 2285 400 2286 399 2287 395 2288 652 2289 655 2290 401 2291 655 2292 405 2293 401 2294 420 2295 421 2296 400 2297 421 2298 404 2299 400 2300 400 2301 404 2302 399 2303 404 2304 403 2305 399 2306 655 2307 623 2308 405 2309 623 2310 349 2311 405 2312 421 2313 407 2314 404 2315 407 2316 348 2317 404 2318 404 2319 348 2320 403 2321 348 2322 347 2323 403 2324 378 2325 3 2326 382 2327 3 2328 2 2329 382 2330 10 2331 9 2332 350 2333 9 2334 354 2335 350 2336 4 2337 374 2338 5 2339 374 2340 370 2341 5 2342 2 2343 1 2344 382 2345 1 2346 386 2347 382 2348 1 2349 0 2350 386 2351 0 2352 390 2353 386 2354 406 2355 11 2356 350 2357 11 2358 10 2359 350 2360 338 2361 683 2362 663 2363 366 2364 362 2365 6 2366 362 2367 7 2368 6 2369 681 2370 339 2371 659 2372 362 2373 358 2374 7 2375 358 2376 8 2377 7 2378 406 2379 402 2380 11 2381 402 2382 12 2383 11 2384 358 2385 354 2386 8 2387 354 2388 9 2389 8 2390 599 2391 323 2392 666 2393 374 2394 4 2395 378 2396 4 2397 3 2398 378 2399 366 2400 6 2401 370 2402 6 2403 5 2404 370 2405 405 2406 349 2407 421 2408 349 2409 407 2410 421 2411 401 2412 405 2413 420 2414 405 2415 421 2416 420 2417 397 2418 401 2419 419 2420 401 2421 420 2422 419 2423 615 2424 646 2425 660 2426 646 2427 657 2428 660 2429 653 2430 616 2431 661 2432 616 2433 664 2434 661 2435 389 2436 393 2437 417 2438 393 2439 418 2440 417 2441 385 2442 389 2443 416 2444 389 2445 417 2446 416 2447 381 2448 385 2449 415 2450 385 2451 416 2452 415 2453 377 2454 381 2455 414 2456 381 2457 415 2458 414 2459 373 2460 377 2461 413 2462 377 2463 414 2464 413 2465 369 2466 373 2467 412 2468 373 2469 413 2470 412 2471 365 2472 369 2473 411 2474 369 2475 412 2476 411 2477 361 2478 365 2479 410 2480 365 2481 411 2482 410 2483 357 2484 361 2485 409 2486 361 2487 410 2488 409 2489 353 2490 357 2491 408 2492 357 2493 409 2494 408 2495 349 2496 353 2497 407 2498 353 2499 408 2500 407 2501 645 2502 649 2503 669 2504 651 2505 690 2506 647 2507 667 2508 88 2509 668 2510 673 2511 672 2512 102 2513 675 2514 489 2515 88 2516 88 2517 89 2518 668 2519 489 2520 488 2521 88 2522 488 2523 87 2524 88 2525 88 2526 667 2527 675 2528 672 2529 671 2530 102 2531 102 2532 87 2533 674 2534 87 2535 488 2536 674 2537 393 2538 394 2539 676 2540 394 2541 670 2542 676 2543 418 2544 393 2545 677 2546 393 2547 676 2548 677 2549 392 2550 418 2551 678 2552 418 2553 677 2554 678 2555 391 2556 392 2557 679 2558 392 2559 678 2560 679 2561 679 2562 680 2563 391 2564 391 2565 680 2566 658 2567 662 2568 684 2569 395 2570 684 2571 685 2572 395 2573 396 2574 395 2575 686 2576 395 2577 685 2578 686 2579 419 2580 396 2581 687 2582 396 2583 686 2584 687 2585 397 2586 419 2587 688 2588 419 2589 687 2590 688 2591 398 2592 397 2593 689 2594 397 2595 688 2596 689 2597 427 2598 443 2599 426 2600 443 2601 442 2602 426 2603 428 2604 444 2605 427 2606 444 2607 443 2608 427 2609 426 2610 442 2611 425 2612 442 2613 441 2614 425 2615 429 2616 445 2617 428 2618 445 2619 444 2620 428 2621 431 2622 449 2623 430 2624 449 2625 448 2626 430 2627 424 2628 438 2629 423 2630 438 2631 437 2632 423 2633 439 2634 438 2635 440 2636 438 2637 424 2638 440 2639 425 2640 441 2641 424 2642 441 2643 440 2644 424 2645 430 2646 446 2647 429 2648 446 2649 445 2650 429 2651 447 2652 446 2653 448 2654 448 2655 446 2656 430 2657 431 2658 450 2659 449 2660 431 2661 432 2662 451 2663 432 2664 452 2665 451 2666 433 2667 422 2668 434 2669 422 2670 423 2671 434 2672 451 2673 450 2674 431 2675 452 2676 432 2677 453 2678 423 2679 435 2680 434 2681 437 2682 436 2683 423 2684 423 2685 436 2686 435 2687 125 2688 513 2689 475 2690 513 2691 13 2692 475 2693 473 2694 75 2695 142 2696 75 2697 543 2698 142 2699 458 2700 226 2701 310 2702 226 2703 692 2704 310 2705 573 2706 576 2707 691 2708 576 2709 226 2710 691 2711 575 2712 578 2713 457 2714 578 2715 304 2716 457 2717 227 2718 691 2719 458 2720 691 2721 226 2722 458 2723 459 2724 173 2725 458 2726 173 2727 227 2728 458 2729 589 2730 235 2731 188 2732 235 2733 233 2734 188 2735 461 2736 475 2737 462 2738 475 2739 477 2740 462 2741 462 2742 477 2743 460 2744 477 2745 474 2746 460 2747 466 2748 105 2749 465 2750 105 2751 104 2752 465 2753 464 2754 103 2755 463 2756 103 2757 21 2758 463 2759 463 2760 470 2761 468 2762 463 2763 460 2764 474 2765 474 2766 476 2767 470 2768 474 2769 470 2770 463 2771 467 2772 106 2773 466 2774 106 2775 105 2776 466 2777 464 2778 472 2779 465 2780 472 2781 471 2782 465 2783 464 2784 468 2785 472 2786 469 2787 466 2788 471 2789 466 2790 465 2791 471 2792 468 2793 464 2794 463 2795 473 2796 467 2797 469 2798 467 2799 466 2800 469 2801 467 2802 473 2803 143 2804 473 2805 142 2806 143 2807 472 2808 59 2809 471 2810 59 2811 58 2812 471 2813 468 2814 470 2815 476 2816 476 2817 20 2818 346 2819 476 2820 346 2821 468 2822 468 2823 346 2824 472 2825 346 2826 59 2827 472 2828 475 2829 13 2830 477 2831 13 2832 16 2833 477 2834 474 2835 19 2836 476 2837 19 2838 20 2839 476 2840 477 2841 16 2842 474 2843 16 2844 19 2845 474 2846 456 2847 276 2848 293 2849 276 2850 277 2851 293 2852 276 2853 292 2854 572 2855</p>
				</triangles>
			</mesh>
		</geometry>
		<geometry id="3820v2-mesh" name="3820v2">
			<mesh>
				<source id="3820v2-mesh-positions">
					<float_array id="3820v2-mesh-positions-array" count="1551">1.2 0.658 -5.471 1.171 0.676 -5.402 1.171 0.64 -5.539 1.109 1.101 -5.589 1.082 1.109 -5.518 1.082 1.072 -5.655 0.849 1.477 -5.69 0.828 1.476 -5.617 0.828 1.439 -5.753 0.459 1.729 -5.758 0.448 1.721 -5.682 0.448 1.684 -5.819 0.459 -0.413 -5.184 0.448 -0.369 -5.122 0.448 -0.405 -5.259 0.849 -0.162 -5.251 0.828 -0.123 -5.188 0.828 -0.16 -5.325 1.109 0.214 -5.352 1.082 0.243 -5.286 1.082 0.207 -5.423 0.421 0.151 -3.437 0.778 0.382 -3.499 1.016 0.727 -3.591 1.1 1.133 -3.7 1.016 1.54 -3.809 0.778 1.884 -3.901 0.421 2.115 -3.963 0.244 -0.892 -8.975 0.451 -0.759 -9.011 0.589 -0.559 -9.064 0.637 -0.323 -9.128 0.589 -0.088 -9.191 0.451 0.112 -9.244 0.244 0.245 -9.28 0.778 -1 -8.647 0.421 -1.23 -8.585 0.421 0.733 -9.111 0.778 0.503 -9.049 1.016 0.158 -8.957 1.1 -0.249 -8.848 1.016 -0.655 -8.739 0.778 -0.121 -5.367 0.421 1.612 -5.832 1.016 1.037 -5.678 1.016 0.224 -5.46 0.421 -0.352 -5.306 0.778 1.381 -5.77 1.1 0.63 -5.569 0.778 -0.069 -5.173 0.421 1.664 -5.637 1.016 1.089 -5.483 1.016 0.276 -5.265 0.421 -0.299 -5.111 0.778 1.434 -5.575 1.1 0.682 -5.374 0.414 0 -1.551 0.8 0 -1.391 1.131 0 -1.137 1.386 0 -0.806 1.545 0 -0.42 1.6 0 -0.006 1.545 0.069 0.408 1.545 0.22 0.794 0.647 0 -2.421 1.25 0 -2.171 1.768 0 -1.774 2.165 0 -1.256 2.415 0 -0.653 2.5 0 -0.006 2.415 0.143 0.641 1.545 1.691 1.837 2.29 4.4 0.988 2.415 4.4 0.641 2.5 4.4 -0.006 2.415 4.4 -0.653 2.165 4.4 -1.256 1.768 4.4 -1.774 1.25 4.4 -2.171 0.647 4.4 -2.421 1.545 4.4 0.794 1.545 4.4 0.408 1.6 4.4 -0.006 1.545 4.4 -0.42 1.386 4.4 -0.806 1.131 4.4 -1.137 0.8 4.4 -1.391 0.414 4.4 -1.551 2.078 4.4 1.344 1.545 0.632 1.344 1.545 4.4 1.344 1.701 1.384 1.797 1.545 1.384 1.797 0.528 -0.098 -3.37 0.976 0.191 -3.448 1.275 0.623 -3.563 1.38 1.133 -3.7 1.275 1.643 -3.837 0.976 2.076 -3.953 1.25 2.189 -2.171 0.983 2.189 -3.531 0.79 2.189 -3.985 0.647 2.189 -2.421 0.537 0.127 -2.435 0.996 0.48 -2.276 1.307 0.99 -2.127 1.42 1.574 -2.04 1.314 2.115 -2.122 2.291 0.355 0.989 2.079 0.632 1.344 1.616 1.691 1.837 1.545 3.957 1.837 1.545 4.366 1.563 1.545 4.126 1.803 1.545 4.27 1.707 1.617 3.957 1.837 1.739 4.27 1.707 1.649 4.126 1.803 1.545 0.943 1.595 1.89 0.943 1.595 1.545 1.129 1.696 1.796 1.129 1.696 1.874 4.366 1.563 0.343 -1.123 -8.913 0.415 -1.249 -8.712 0.393 -1.225 -8.825 0.634 -0.935 -8.964 0.766 -1.022 -8.773 0.726 -1.01 -8.883 0.828 -0.655 -9.039 1.001 -0.682 -8.864 0.949 -0.688 -8.969 0.896 -0.323 -9.128 1.084 -0.282 -8.971 1.027 -0.308 -9.071 0.828 0.008 -9.216 1.001 0.119 -9.078 0.949 0.071 -9.173 0.634 0.289 -9.292 0.766 0.459 -9.169 0.726 0.393 -9.259 0.343 0.476 -9.342 0.415 0.686 -9.23 0.393 0.608 -9.317 -1.2 0.658 -5.471 -1.171 0.676 -5.402 -1.171 0.64 -5.539 -1.109 1.101 -5.589 -1.082 1.109 -5.518 -1.082 1.072 -5.655 -0.849 1.477 -5.69 -0.828 1.476 -5.617 -0.828 1.439 -5.753 -0.459 1.729 -5.758 -0.448 1.721 -5.682 -0.448 1.684 -5.819 -0.459 -0.413 -5.184 -0.448 -0.369 -5.122 -0.448 -0.405 -5.259 -0.849 -0.162 -5.251 -0.828 -0.123 -5.188 -0.828 -0.16 -5.325 -1.109 0.214 -5.352 -1.082 0.243 -5.286 -1.082 0.207 -5.423 -0.421 0.151 -3.437 -0.778 0.382 -3.499 -1.016 0.727 -3.591 -1.1 1.133 -3.7 -1.016 1.54 -3.809 -0.778 1.884 -3.901 -0.421 2.115 -3.963 -0.244 -0.892 -8.975 -0.451 -0.759 -9.011 -0.589 -0.559 -9.064 -0.637 -0.323 -9.128 -0.589 -0.088 -9.191 -0.451 0.112 -9.244 -0.244 0.245 -9.28 -0.778 -1 -8.647 -0.421 -1.23 -8.585 -0.421 0.733 -9.111 -0.778 0.503 -9.049 -1.016 0.158 -8.957 -1.1 -0.249 -8.848 -1.016 -0.655 -8.739 -0.778 -0.121 -5.367 -0.421 1.612 -5.832 -1.016 1.037 -5.678 -1.016 0.224 -5.46 -0.421 -0.352 -5.306 -0.778 1.381 -5.77 -1.1 0.63 -5.569 -0.778 -0.069 -5.173 -0.421 1.664 -5.637 -1.016 1.089 -5.483 -1.016 0.276 -5.265 -0.421 -0.299 -5.111 -0.778 1.434 -5.575 -1.1 0.682 -5.374 -0.414 0 -1.551 -0.8 0 -1.391 -1.131 0 -1.137 -1.386 0 -0.806 -1.545 0 -0.42 -1.6 0 -0.006 -1.545 0.069 0.408 -1.545 0.22 0.794 -0.647 0 -2.421 -1.25 0 -2.171 -1.768 0 -1.774 -2.165 0 -1.256 -2.415 0 -0.653 -2.5 0 -0.006 -2.415 0.143 0.641 -1.545 1.691 1.837 -2.29 4.4 0.988 -2.415 4.4 0.641 -2.5 4.4 -0.006 -2.415 4.4 -0.653 -2.165 4.4 -1.256 -1.768 4.4 -1.774 -1.25 4.4 -2.171 -0.647 4.4 -2.421 -1.545 4.4 0.794 -1.545 4.4 0.408 -1.6 4.4 -0.006 -1.545 4.4 -0.42 -1.386 4.4 -0.806 -1.131 4.4 -1.137 -0.8 4.4 -1.391 -0.414 4.4 -1.551 -2.078 4.4 1.344 -1.545 0.632 1.344 -1.545 4.4 1.344 -1.701 1.384 1.797 -1.545 1.384 1.797 -0.528 -0.098 -3.37 -0.976 0.191 -3.448 -1.275 0.623 -3.563 -1.38 1.133 -3.7 -1.275 1.643 -3.837 -0.976 2.076 -3.953 -1.25 2.189 -2.171 -0.983 2.189 -3.531 -0.79 2.189 -3.985 -0.647 2.189 -2.421 -0.537 0.127 -2.435 -0.996 0.48 -2.276 -1.307 0.99 -2.127 -1.42 1.574 -2.04 -1.314 2.115 -2.122 -2.291 0.355 0.989 -2.079 0.632 1.344 -1.616 1.691 1.837 -1.545 3.957 1.837 -1.545 4.366 1.563 -1.545 4.126 1.803 -1.545 4.27 1.707 -1.617 3.957 1.837 -1.739 4.27 1.707 -1.649 4.126 1.803 -1.545 0.943 1.595 -1.89 0.943 1.595 -1.545 1.129 1.696 -1.796 1.129 1.696 -1.874 4.366 1.563 0 1.817 -5.781 0 1.807 -5.705 0 1.77 -5.842 0 -0.501 -5.16 0 -0.455 -5.099 0 -0.491 -5.236 0 0.071 -3.415 0 0.292 -9.292 0 -0.939 -8.963 0 -1.311 -8.563 0 0.814 -9.133 0 -0.323 -9.128 0 -0.432 -5.284 0 1.693 -5.853 0 -0.38 -5.089 0 1.745 -5.659 0 0 -1.606 0 4.4 -2.506 0 4.4 -1.606 0 -0.2 -3.343 0 2.189 -3.985 0 2.189 -2.506 0 0 -2.506 -0.343 -1.123 -8.913 -0.415 -1.249 -8.712 -0.393 -1.225 -8.825 -0.634 -0.935 -8.964 -0.766 -1.022 -8.773 -0.726 -1.01 -8.883 -0.828 -0.655 -9.039 -1.001 -0.682 -8.864 -0.949 -0.688 -8.969 -0.896 -0.323 -9.128 -1.084 -0.282 -8.971 -1.027 -0.308 -9.071 -0.828 0.008 -9.216 -1.001 0.119 -9.078 -0.949 0.071 -9.173 -0.634 0.289 -9.292 -0.766 0.459 -9.169 -0.726 0.393 -9.259 -0.343 0.476 -9.342 -0.415 0.686 -9.23 -0.393 0.608 -9.317 0 0.542 -9.359 0 0.765 -9.252 0 0.684 -9.337 0 -1.329 -8.691 0 -1.189 -8.896 0 -1.3 -8.805 0.421 0.151 -3.437 0 0.071 -3.415 0.778 0.382 -3.499 1.016 0.727 -3.591 1.1 1.133 -3.7 1.016 1.54 -3.809 0.778 1.884 -3.901 0.421 2.115 -3.963 0.421 -0.352 -5.306 0.778 -0.121 -5.367 0.778 1.381 -5.77 0.421 1.612 -5.832 1.1 0.63 -5.569 1.016 1.037 -5.678 1.016 0.224 -5.46 0 -0.432 -5.284 0 1.693 -5.853 1.016 0.276 -5.265 1.1 0.682 -5.374 1.016 1.089 -5.483 0.778 1.434 -5.575 0.421 1.664 -5.637 0 1.745 -5.659 0 -0.38 -5.089 0.421 -0.299 -5.111 0.778 -0.069 -5.173 0 0 -1.606 0.414 0 -1.551 0.8 0 -1.391 1.131 0 -1.137 1.386 0 -0.806 1.545 0 -0.42 1.6 0 -0.006 1.545 0.069 0.408 1.545 0.069 0.408 1.545 0.22 0.794 0.647 0 -2.421 1.25 0 -2.171 1.768 0 -1.774 2.165 0 -1.256 2.415 0 -0.653 2.5 0 -0.006 2.415 0.143 0.641 2.29 4.4 0.988 2.415 4.4 0.641 2.5 4.4 -0.006 2.415 4.4 -0.653 2.165 4.4 -1.256 1.768 4.4 -1.774 1.25 4.4 -2.171 0.647 4.4 -2.421 0.996 0.48 -2.276 0.537 0.127 -2.435 0 4.4 -2.506 1.545 4.4 0.794 1.545 4.4 0.408 1.545 4.4 0.408 1.6 4.4 -0.006 1.545 4.4 -0.42 1.386 4.4 -0.806 1.131 4.4 -1.137 0.8 4.4 -1.391 0.414 4.4 -1.551 0 4.4 -1.606 2.078 4.4 1.344 1.545 0.632 1.344 1.545 4.4 1.344 1.616 1.691 1.837 1.701 1.384 1.797 2.291 0.355 0.989 1.545 1.691 1.837 1.545 1.384 1.797 1.545 1.129 1.696 0.528 -0.098 -3.37 0 -0.2 -3.343 0.976 0.191 -3.448 1.275 0.623 -3.563 1.38 1.133 -3.7 1.275 1.643 -3.837 0.976 2.076 -3.953 0 2.189 -3.985 0 2.189 -3.985 0 2.189 -3.985 0.79 2.189 -3.985 0.79 2.189 -3.985 0.983 2.189 -3.531 0 2.189 -2.506 0.647 2.189 -2.421 0 0 -2.506 0 0 -2.506 0 0 -2.506 1.307 0.99 -2.127 1.42 1.574 -2.04 1.314 2.115 -2.122 1.25 2.189 -2.171 1.25 2.189 -2.171 2.079 0.632 1.344 1.796 1.129 1.696 1.545 4.126 1.803 1.545 3.957 1.837 1.617 3.957 1.837 1.649 4.126 1.803 1.545 4.27 1.707 1.739 4.27 1.707 1.545 0.943 1.595 1.89 0.943 1.595 1.545 4.366 1.563 1.874 4.366 1.563 -0.421 0.151 -3.437 -0.778 0.382 -3.499 -1.016 0.727 -3.591 -1.1 1.133 -3.7 -1.016 1.54 -3.809 -0.778 1.884 -3.901 -0.421 2.115 -3.963 -0.421 -0.352 -5.306 -0.778 -0.121 -5.367 -0.778 1.381 -5.77 -0.421 1.612 -5.832 -1.1 0.63 -5.569 -1.016 1.037 -5.678 -1.016 0.224 -5.46 -1.016 0.276 -5.265 -1.1 0.682 -5.374 -1.016 1.089 -5.483 -0.778 1.434 -5.575 -0.421 1.664 -5.637 -0.421 -0.299 -5.111 -0.778 -0.069 -5.173 -0.414 0 -1.551 -0.8 0 -1.391 -1.131 0 -1.137 -1.386 0 -0.806 -1.545 0 -0.42 -1.6 0 -0.006 -1.545 0.069 0.408 -1.545 0.069 0.408 -1.545 0.22 0.794 -0.647 0 -2.421 -1.25 0 -2.171 -1.768 0 -1.774 -2.165 0 -1.256 -2.415 0 -0.653 -2.5 0 -0.006 -2.415 0.143 0.641 -2.29 4.4 0.988 -2.415 4.4 0.641 -2.5 4.4 -0.006 -2.415 4.4 -0.653 -2.165 4.4 -1.256 -1.768 4.4 -1.774 -1.25 4.4 -2.171 -0.647 4.4 -2.421 -0.996 0.48 -2.276 -0.537 0.127 -2.435 -1.545 4.4 0.794 -1.545 4.4 0.408 -1.545 4.4 0.408 -1.6 4.4 -0.006 -1.545 4.4 -0.42 -1.386 4.4 -0.806 -1.131 4.4 -1.137 -0.8 4.4 -1.391 -0.414 4.4 -1.551 -2.078 4.4 1.344 -1.545 0.632 1.344 -1.545 4.4 1.344 -1.616 1.691 1.837 -1.701 1.384 1.797 -2.291 0.355 0.989 -1.545 1.691 1.837 -1.545 1.384 1.797 -1.545 1.129 1.696 -0.528 -0.098 -3.37 -0.976 0.191 -3.448 -1.275 0.623 -3.563 -1.38 1.133 -3.7 -1.275 1.643 -3.837 -0.976 2.076 -3.953 -0.79 2.189 -3.985 -0.79 2.189 -3.985 -0.983 2.189 -3.531 -0.647 2.189 -2.421 -1.307 0.99 -2.127 -1.42 1.574 -2.04 -1.314 2.115 -2.122 -1.25 2.189 -2.171 -1.25 2.189 -2.171 -2.079 0.632 1.344 -1.796 1.129 1.696 -1.545 4.126 1.803 -1.545 3.957 1.837 -1.617 3.957 1.837 -1.649 4.126 1.803 -1.545 4.27 1.707 -1.739 4.27 1.707 -1.545 0.943 1.595 -1.89 0.943 1.595 -1.545 4.366 1.563 -1.874 4.366 1.563</float_array>
					<technique_common>
						<accessor source="#3820v2-mesh-positions-array" count="517" stride="3">
							<param name="X" type="float"/>
							<param name="Y" type="float"/>
							<param name="Z" type="float"/>
						</accessor>
					</technique_common>
				</source>
				<source id="3820v2-mesh-map-0">
					<float_array id="3820v2-mesh-map-0-array" count="3780">0.585 0.961 0.585 0.968 0.545 0.96 0.585 0.968 0.545 0.967 0.545 0.96 0.545 0.967 0.585 0.968 0.545 0.974 0.585 0.968 0.585 0.975 0.545 0.974 0.755 0.97 0.71 0.969 0.755 0.962 0.71 0.969 0.71 0.961 0.755 0.962 0.585 0.947 0.585 0.954 0.545 0.947 0.585 0.954 0.545 0.954 0.545 0.947 0.585 0.954 0.585 0.961 0.545 0.954 0.585 0.961 0.545 0.96 0.545 0.954 0.505 0.967 0.545 0.967 0.505 0.974 0.545 0.967 0.545 0.974 0.505 0.974 0.668 0.954 0.667 0.961 0.626 0.954 0.667 0.961 0.626 0.961 0.626 0.954 0.71 0.954 0.71 0.961 0.668 0.954 0.71 0.961 0.667 0.961 0.668 0.954 0.71 0.969 0.667 0.968 0.71 0.961 0.667 0.968 0.667 0.961 0.71 0.961 0.466 0.947 0.505 0.947 0.466 0.953 0.505 0.947 0.506 0.953 0.466 0.953 0.585 0.947 0.626 0.946 0.585 0.954 0.626 0.946 0.626 0.954 0.585 0.954 0.585 0.961 0.585 0.954 0.626 0.961 0.585 0.954 0.626 0.954 0.626 0.961 0.506 0.953 0.505 0.96 0.466 0.953 0.505 0.96 0.466 0.96 0.466 0.953 0.667 0.968 0.626 0.968 0.667 0.961 0.626 0.968 0.626 0.961 0.667 0.961 0.545 0.967 0.505 0.967 0.545 0.96 0.505 0.967 0.505 0.96 0.545 0.96 0.545 0.954 0.545 0.96 0.506 0.953 0.545 0.96 0.505 0.96 0.506 0.953 0.545 0.947 0.545 0.954 0.505 0.947 0.545 0.954 0.506 0.953 0.505 0.947 0.427 0.974 0.426 0.967 0.466 0.973 0.426 0.967 0.466 0.967 0.466 0.973 0.667 0.976 0.667 0.968 0.709 0.976 0.667 0.968 0.71 0.969 0.709 0.976 0.466 0.947 0.466 0.953 0.427 0.946 0.466 0.953 0.426 0.953 0.427 0.946 0.71 0.947 0.753 0.946 0.71 0.954 0.753 0.946 0.755 0.954 0.71 0.954 0.709 0.976 0.71 0.969 0.753 0.978 0.71 0.969 0.755 0.97 0.753 0.978 0.755 0.954 0.755 0.962 0.71 0.954 0.755 0.962 0.71 0.961 0.71 0.954 0.667 0.947 0.71 0.947 0.668 0.954 0.71 0.947 0.71 0.954 0.668 0.954 0.466 0.967 0.505 0.967 0.466 0.973 0.505 0.967 0.505 0.974 0.466 0.973 0.585 0.975 0.585 0.968 0.626 0.975 0.585 0.968 0.626 0.968 0.626 0.975 0.585 0.968 0.585 0.961 0.626 0.968 0.585 0.961 0.626 0.961 0.626 0.968 0.626 0.975 0.626 0.968 0.667 0.976 0.626 0.968 0.667 0.968 0.667 0.976 0.626 0.946 0.667 0.947 0.626 0.954 0.667 0.947 0.668 0.954 0.626 0.954 0.466 0.953 0.466 0.96 0.426 0.953 0.466 0.96 0.425 0.96 0.426 0.953 0.466 0.967 0.426 0.967 0.466 0.96 0.426 0.967 0.425 0.96 0.466 0.96 0.177 0.908 0.157 0.87 0.187 0.901 0.157 0.87 0.168 0.865 0.187 0.901 0.374 0.859 0.36 0.889 0.348 0.854 0.36 0.889 0.34 0.876 0.348 0.854 0.339 0.912 0.313 0.926 0.325 0.894 0.313 0.926 0.306 0.905 0.325 0.894 0.284 0.931 0.254 0.926 0.284 0.909 0.254 0.926 0.262 0.905 0.284 0.909 0.228 0.911 0.207 0.888 0.243 0.893 0.207 0.888 0.228 0.875 0.243 0.893 0.36 0.889 0.339 0.912 0.34 0.876 0.339 0.912 0.325 0.894 0.34 0.876 0.313 0.926 0.284 0.931 0.306 0.905 0.284 0.931 0.284 0.909 0.306 0.905 0.361 0.939 0.325 0.959 0.353 0.93 0.325 0.959 0.321 0.948 0.353 0.93 0.283 0.966 0.243 0.959 0.283 0.954 0.243 0.959 0.247 0.948 0.283 0.954 0.254 0.926 0.228 0.911 0.262 0.905 0.228 0.911 0.243 0.893 0.262 0.905 0.389 0.909 0.361 0.939 0.379 0.902 0.361 0.939 0.353 0.93 0.379 0.902 0.325 0.959 0.283 0.966 0.321 0.948 0.283 0.966 0.283 0.954 0.321 0.948 0.243 0.959 0.206 0.939 0.247 0.948 0.206 0.939 0.214 0.929 0.247 0.948 0.206 0.939 0.177 0.908 0.214 0.929 0.177 0.908 0.187 0.901 0.214 0.929 0.409 0.873 0.389 0.909 0.398 0.868 0.389 0.909 0.379 0.902 0.398 0.868 0.422 0.584 0.422 0.545 0.734 0.584 0.422 0.545 0.734 0.545 0.734 0.584 0.422 0.663 0.422 0.624 0.734 0.663 0.422 0.624 0.734 0.624 0.734 0.663 0.422 0.742 0.422 0.703 0.734 0.742 0.422 0.703 0.734 0.703 0.734 0.742 0.422 0.466 0.422 0.426 0.734 0.466 0.422 0.426 0.734 0.426 0.734 0.466 0.422 0.545 0.422 0.505 0.734 0.545 0.422 0.505 0.734 0.505 0.734 0.545 0.422 0.624 0.422 0.584 0.734 0.624 0.422 0.584 0.734 0.584 0.734 0.624 0.422 0.703 0.422 0.663 0.734 0.703 0.422 0.663 0.734 0.663 0.734 0.703 0.422 0.505 0.422 0.466 0.734 0.505 0.422 0.466 0.734 0.466 0.734 0.505 0.34 0.876 0.325 0.894 0.284 0.848 0.306 0.905 0.284 0.909 0.284 0.848 0.262 0.905 0.243 0.893 0.284 0.848 0.228 0.875 0.22 0.852 0.284 0.848 0.348 0.854 0.34 0.876 0.284 0.848 0.325 0.894 0.306 0.905 0.284 0.848 0.284 0.909 0.262 0.905 0.284 0.848 0.243 0.893 0.228 0.875 0.284 0.848 0.581 0.913 0.541 0.913 0.58 0.754 0.541 0.913 0.541 0.754 0.58 0.754 0.659 0.913 0.62 0.913 0.659 0.754 0.62 0.913 0.62 0.754 0.659 0.754 0.462 0.913 0.423 0.913 0.462 0.754 0.423 0.913 0.423 0.754 0.462 0.754 0.541 0.913 0.502 0.913 0.541 0.754 0.502 0.913 0.501 0.754 0.541 0.754 0.62 0.913 0.581 0.913 0.62 0.754 0.581 0.913 0.58 0.754 0.62 0.754 0.699 0.913 0.659 0.913 0.699 0.754 0.659 0.913 0.659 0.754 0.699 0.754 0.502 0.913 0.462 0.913 0.501 0.754 0.462 0.913 0.462 0.754 0.501 0.754 0.712 0.364 0.624 0.362 0.735 0.313 0.624 0.362 0.624 0.312 0.735 0.313 0.718 0.096 0.738 0.016 0.753 0.111 0.738 0.016 0.794 0.039 0.753 0.111 0.753 0.111 0.794 0.039 0.784 0.134 0.794 0.039 0.842 0.075 0.784 0.134 0.784 0.134 0.842 0.075 0.807 0.164 0.842 0.075 0.879 0.122 0.807 0.164 0.807 0.164 0.879 0.122 0.822 0.199 0.879 0.122 0.902 0.177 0.822 0.199 0.822 0.199 0.902 0.177 0.828 0.238 0.902 0.177 0.911 0.237 0.828 0.238 0.828 0.238 0.911 0.237 0.823 0.276 0.911 0.237 0.903 0.298 0.823 0.276 0.145 0.025 0.205 0.012 0.144 0.416 0.205 0.012 0.204 0.417 0.144 0.416 0.205 0.012 0.265 0.012 0.204 0.417 0.265 0.012 0.264 0.417 0.204 0.417 0.265 0.012 0.325 0.012 0.264 0.417 0.325 0.012 0.324 0.417 0.264 0.417 0.325 0.012 0.385 0.012 0.324 0.417 0.385 0.012 0.384 0.417 0.324 0.417 0.385 0.012 0.445 0.012 0.425 0.157 0.445 0.012 0.438 0.103 0.425 0.157 0.505 0.012 0.515 0.024 0.445 0.012 0.515 0.024 0.47 0.056 0.445 0.012 0.624 0.362 0.712 0.364 0.623 0.411 0.712 0.364 0.702 0.414 0.623 0.411 0.552 0.176 0.497 0.199 0.521 0.074 0.281 0.433 0.316 0.447 0.28 0.831 0.316 0.447 0.315 0.831 0.28 0.831 0.242 0.427 0.281 0.433 0.241 0.831 0.281 0.433 0.28 0.831 0.241 0.831 0.204 0.427 0.242 0.427 0.203 0.831 0.242 0.427 0.241 0.831 0.203 0.831 0.166 0.426 0.204 0.427 0.165 0.831 0.204 0.427 0.203 0.831 0.165 0.831 0.127 0.426 0.166 0.426 0.126 0.831 0.166 0.426 0.165 0.831 0.126 0.831 0.089 0.426 0.127 0.426 0.088 0.831 0.127 0.426 0.126 0.831 0.088 0.831 0.05 0.426 0.089 0.426 0.049 0.831 0.089 0.426 0.088 0.831 0.049 0.831 0.012 0.426 0.05 0.426 0.011 0.831 0.05 0.426 0.049 0.831 0.011 0.831 0.504 0.417 0.505 0.214 0.564 0.417 0.505 0.214 0.565 0.214 0.564 0.417 0.444 0.417 0.445 0.213 0.504 0.417 0.445 0.213 0.505 0.214 0.504 0.417 0.444 0.417 0.384 0.417 0.445 0.213 0.384 0.417 0.437 0.207 0.445 0.213 0.821 0.859 0.761 0.867 0.8 0.779 0.761 0.867 0.762 0.784 0.8 0.779 0.877 0.837 0.821 0.859 0.836 0.765 0.821 0.859 0.8 0.779 0.836 0.765 0.924 0.8 0.877 0.837 0.866 0.742 0.877 0.837 0.836 0.765 0.866 0.742 0.961 0.753 0.924 0.8 0.89 0.711 0.924 0.8 0.866 0.742 0.89 0.711 0.985 0.698 0.961 0.753 0.905 0.676 0.961 0.753 0.89 0.711 0.905 0.676 0.993 0.638 0.985 0.698 0.91 0.638 0.985 0.698 0.905 0.676 0.91 0.638 0.985 0.579 0.993 0.638 0.905 0.6 0.993 0.638 0.91 0.638 0.905 0.6 0.974 0.547 0.985 0.579 0.906 0.564 0.985 0.579 0.905 0.6 0.906 0.564 0.316 0.447 0.367 0.485 0.315 0.831 0.367 0.485 0.366 0.831 0.315 0.831 0.974 0.547 0.906 0.564 0.955 0.514 0.906 0.564 0.906 0.514 0.955 0.514 0.018 0.139 0.014 0.391 0.01 0.167 0.014 0.391 0.01 0.376 0.01 0.167 0.825 0.487 0.825 0.459 0.831 0.487 0.825 0.459 0.839 0.459 0.831 0.487 0.624 0.312 0.624 0.263 0.735 0.313 0.624 0.263 0.761 0.263 0.735 0.313 0.437 0.207 0.384 0.417 0.425 0.157 0.823 0.314 0.823 0.276 0.892 0.335 0.823 0.276 0.903 0.298 0.892 0.335 0.521 0.074 0.539 0.032 0.611 0.168 0.539 0.032 0.611 0.032 0.611 0.168 0.624 0.213 0.782 0.212 0.624 0.263 0.782 0.212 0.761 0.263 0.624 0.263 0.776 0.577 0.752 0.567 0.798 0.544 0.752 0.567 0.78 0.526 0.798 0.544 0.78 0.526 0.821 0.499 0.798 0.544 0.821 0.499 0.831 0.522 0.798 0.544 0.769 0.616 0.743 0.616 0.776 0.577 0.743 0.616 0.752 0.567 0.776 0.577 0.798 0.687 0.78 0.706 0.776 0.655 0.78 0.706 0.752 0.664 0.776 0.655 0.769 0.616 0.776 0.655 0.743 0.616 0.776 0.655 0.752 0.664 0.743 0.616 0.87 0.515 0.831 0.522 0.87 0.489 0.831 0.522 0.821 0.499 0.87 0.489 0.738 0.913 0.699 0.913 0.738 0.754 0.699 0.913 0.699 0.754 0.738 0.754 0.679 0.092 0.679 0.009 0.718 0.096 0.679 0.009 0.738 0.016 0.718 0.096 0.621 0.094 0.662 0.114 0.622 0.114 0.831 0.709 0.87 0.717 0.797 0.717 0.515 0.024 0.505 0.012 0.565 0.013 0.798 0.687 0.831 0.709 0.78 0.706 0.831 0.709 0.797 0.717 0.78 0.706 0.611 0.168 0.552 0.176 0.521 0.074 0.384 0.417 0.385 0.012 0.425 0.157 0.47 0.056 0.438 0.103 0.445 0.012 0.787 0.161 0.782 0.212 0.623 0.164 0.782 0.212 0.624 0.213 0.623 0.164 0.623 0.164 0.622 0.114 0.662 0.114 0.662 0.114 0.784 0.151 0.623 0.164 0.784 0.151 0.787 0.161 0.623 0.164 0.823 0.314 0.892 0.335 0.824 0.377 0.892 0.335 0.873 0.377 0.824 0.377 0.825 0.434 0.848 0.434 0.825 0.459 0.848 0.434 0.839 0.459 0.825 0.459 0.072 0.416 0.073 0.07 0.11 0.416 0.073 0.07 0.111 0.044 0.11 0.416 0.145 0.025 0.144 0.416 0.111 0.044 0.144 0.416 0.11 0.416 0.111 0.044 0.045 0.413 0.044 0.098 0.072 0.416 0.044 0.098 0.073 0.07 0.072 0.416 0.906 0.446 0.913 0.446 0.906 0.461 0.913 0.446 0.916 0.461 0.906 0.461 0.906 0.461 0.916 0.461 0.906 0.477 0.916 0.461 0.924 0.477 0.906 0.477 0.423 0.931 0.423 0.925 0.632 0.931 0.423 0.925 0.632 0.924 0.632 0.931 0.824 0.377 0.873 0.377 0.824 0.414 0.873 0.377 0.856 0.414 0.824 0.414 0.955 0.514 0.906 0.514 0.936 0.493 0.906 0.514 0.906 0.493 0.936 0.493 0.367 0.485 0.39 0.514 0.366 0.831 0.39 0.514 0.386 0.828 0.366 0.831 0.412 0.583 0.412 0.787 0.408 0.554 0.412 0.787 0.408 0.806 0.408 0.554 0.031 0.115 0.027 0.404 0.018 0.139 0.027 0.404 0.014 0.391 0.018 0.139 0.408 0.554 0.408 0.806 0.399 0.531 0.408 0.806 0.399 0.82 0.399 0.531 0.386 0.828 0.39 0.514 0.399 0.82 0.39 0.514 0.399 0.531 0.399 0.82 0.906 0.477 0.924 0.477 0.906 0.493 0.924 0.477 0.936 0.493 0.906 0.493 0.824 0.414 0.856 0.414 0.825 0.434 0.856 0.414 0.848 0.434 0.825 0.434 0.027 0.404 0.031 0.115 0.045 0.413 0.031 0.115 0.044 0.098 0.045 0.413 0.179 0.86 0.194 0.856 0.196 0.895 0.194 0.856 0.207 0.888 0.196 0.895 0.187 0.901 0.196 0.895 0.214 0.929 0.196 0.895 0.22 0.921 0.214 0.929 0.196 0.895 0.207 0.888 0.22 0.921 0.207 0.888 0.228 0.911 0.22 0.921 0.214 0.929 0.22 0.921 0.247 0.948 0.22 0.921 0.25 0.938 0.247 0.948 0.22 0.921 0.228 0.911 0.25 0.938 0.228 0.911 0.254 0.926 0.25 0.938 0.247 0.948 0.25 0.938 0.283 0.954 0.25 0.938 0.284 0.943 0.283 0.954 0.25 0.938 0.254 0.926 0.284 0.943 0.254 0.926 0.284 0.931 0.284 0.943 0.283 0.954 0.284 0.943 0.321 0.948 0.284 0.943 0.317 0.938 0.321 0.948 0.284 0.943 0.284 0.931 0.317 0.938 0.284 0.931 0.313 0.926 0.317 0.938 0.321 0.948 0.317 0.938 0.353 0.93 0.317 0.938 0.347 0.922 0.353 0.93 0.317 0.938 0.313 0.926 0.347 0.922 0.313 0.926 0.339 0.912 0.347 0.922 0.353 0.93 0.347 0.922 0.379 0.902 0.347 0.922 0.371 0.896 0.379 0.902 0.347 0.922 0.339 0.912 0.371 0.896 0.339 0.912 0.36 0.889 0.371 0.896 0.379 0.902 0.371 0.896 0.398 0.868 0.371 0.896 0.388 0.863 0.398 0.868 0.371 0.896 0.36 0.889 0.388 0.863 0.36 0.889 0.374 0.859 0.388 0.863 0.207 0.888 0.194 0.856 0.228 0.875 0.194 0.856 0.22 0.852 0.228 0.875 0.505 0.967 0.466 0.967 0.505 0.96 0.466 0.967 0.466 0.96 0.505 0.96 0.168 0.865 0.179 0.86 0.187 0.901 0.179 0.86 0.196 0.895 0.187 0.901 0.585 0.961 0.545 0.96 0.585 0.968 0.545 0.96 0.545 0.967 0.585 0.968 0.545 0.967 0.545 0.974 0.585 0.968 0.545 0.974 0.585 0.975 0.585 0.968 0.755 0.97 0.755 0.962 0.71 0.969 0.755 0.962 0.71 0.961 0.71 0.969 0.585 0.947 0.545 0.947 0.585 0.954 0.545 0.947 0.545 0.954 0.585 0.954 0.585 0.954 0.545 0.954 0.585 0.961 0.545 0.954 0.545 0.96 0.585 0.961 0.505 0.967 0.505 0.974 0.545 0.967 0.505 0.974 0.545 0.974 0.545 0.967 0.668 0.954 0.626 0.954 0.667 0.961 0.626 0.954 0.626 0.961 0.667 0.961 0.71 0.954 0.668 0.954 0.71 0.961 0.668 0.954 0.667 0.961 0.71 0.961 0.71 0.969 0.71 0.961 0.667 0.968 0.71 0.961 0.667 0.961 0.667 0.968 0.466 0.947 0.466 0.953 0.505 0.947 0.466 0.953 0.506 0.953 0.505 0.947 0.585 0.947 0.585 0.954 0.626 0.946 0.585 0.954 0.626 0.954 0.626 0.946 0.585 0.961 0.626 0.961 0.585 0.954 0.626 0.961 0.626 0.954 0.585 0.954 0.506 0.953 0.466 0.953 0.505 0.96 0.466 0.953 0.466 0.96 0.505 0.96 0.667 0.968 0.667 0.961 0.626 0.968 0.667 0.961 0.626 0.961 0.626 0.968 0.545 0.967 0.545 0.96 0.505 0.967 0.545 0.96 0.505 0.96 0.505 0.967 0.545 0.954 0.506 0.953 0.545 0.96 0.506 0.953 0.505 0.96 0.545 0.96 0.545 0.947 0.505 0.947 0.545 0.954 0.505 0.947 0.506 0.953 0.545 0.954 0.427 0.974 0.466 0.973 0.426 0.967 0.466 0.973 0.466 0.967 0.426 0.967 0.667 0.976 0.709 0.976 0.667 0.968 0.709 0.976 0.71 0.969 0.667 0.968 0.466 0.947 0.427 0.946 0.466 0.953 0.427 0.946 0.426 0.953 0.466 0.953 0.71 0.947 0.71 0.954 0.753 0.946 0.71 0.954 0.755 0.954 0.753 0.946 0.709 0.976 0.753 0.978 0.71 0.969 0.753 0.978 0.755 0.97 0.71 0.969 0.755 0.954 0.71 0.954 0.755 0.962 0.71 0.954 0.71 0.961 0.755 0.962 0.667 0.947 0.668 0.954 0.71 0.947 0.668 0.954 0.71 0.954 0.71 0.947 0.466 0.967 0.466 0.973 0.505 0.967 0.466 0.973 0.505 0.974 0.505 0.967 0.585 0.975 0.626 0.975 0.585 0.968 0.626 0.975 0.626 0.968 0.585 0.968 0.626 0.961 0.585 0.961 0.626 0.968 0.585 0.961 0.585 0.968 0.626 0.968 0.626 0.975 0.667 0.976 0.626 0.968 0.667 0.976 0.667 0.968 0.626 0.968 0.626 0.946 0.626 0.954 0.667 0.947 0.626 0.954 0.668 0.954 0.667 0.947 0.466 0.953 0.426 0.953 0.466 0.96 0.426 0.953 0.425 0.96 0.466 0.96 0.466 0.967 0.466 0.96 0.426 0.967 0.466 0.96 0.425 0.96 0.426 0.967 0.177 0.908 0.187 0.901 0.157 0.87 0.187 0.901 0.168 0.865 0.157 0.87 0.374 0.859 0.348 0.854 0.36 0.889 0.348 0.854 0.34 0.876 0.36 0.889 0.339 0.912 0.325 0.894 0.313 0.926 0.325 0.894 0.306 0.905 0.313 0.926 0.284 0.931 0.284 0.909 0.254 0.926 0.284 0.909 0.262 0.905 0.254 0.926 0.228 0.911 0.243 0.893 0.207 0.888 0.243 0.893 0.228 0.875 0.207 0.888 0.36 0.889 0.34 0.876 0.339 0.912 0.34 0.876 0.325 0.894 0.339 0.912 0.313 0.926 0.306 0.905 0.284 0.931 0.306 0.905 0.284 0.909 0.284 0.931 0.361 0.939 0.353 0.93 0.325 0.959 0.353 0.93 0.321 0.948 0.325 0.959 0.283 0.966 0.283 0.954 0.243 0.959 0.283 0.954 0.247 0.948 0.243 0.959 0.254 0.926 0.262 0.905 0.228 0.911 0.262 0.905 0.243 0.893 0.228 0.911 0.389 0.909 0.379 0.902 0.361 0.939 0.379 0.902 0.353 0.93 0.361 0.939 0.325 0.959 0.321 0.948 0.283 0.966 0.321 0.948 0.283 0.954 0.283 0.966 0.243 0.959 0.247 0.948 0.206 0.939 0.247 0.948 0.214 0.929 0.206 0.939 0.206 0.939 0.214 0.929 0.177 0.908 0.214 0.929 0.187 0.901 0.177 0.908 0.409 0.873 0.398 0.868 0.389 0.909 0.398 0.868 0.379 0.902 0.389 0.909 0.422 0.584 0.734 0.584 0.422 0.545 0.734 0.584 0.734 0.545 0.422 0.545 0.422 0.663 0.734 0.663 0.422 0.624 0.734 0.663 0.734 0.624 0.422 0.624 0.422 0.742 0.734 0.742 0.422 0.703 0.734 0.742 0.734 0.703 0.422 0.703 0.422 0.466 0.734 0.466 0.422 0.426 0.734 0.466 0.734 0.426 0.422 0.426 0.422 0.545 0.734 0.545 0.422 0.505 0.734 0.545 0.734 0.505 0.422 0.505 0.422 0.624 0.734 0.624 0.422 0.584 0.734 0.624 0.734 0.584 0.422 0.584 0.422 0.703 0.734 0.703 0.422 0.663 0.734 0.703 0.734 0.663 0.422 0.663 0.422 0.505 0.734 0.505 0.422 0.466 0.734 0.505 0.734 0.466 0.422 0.466 0.34 0.876 0.284 0.848 0.325 0.894 0.306 0.905 0.284 0.848 0.284 0.909 0.262 0.905 0.284 0.848 0.243 0.893 0.228 0.875 0.284 0.848 0.22 0.852 0.348 0.854 0.284 0.848 0.34 0.876 0.325 0.894 0.284 0.848 0.306 0.905 0.284 0.909 0.284 0.848 0.262 0.905 0.243 0.893 0.284 0.848 0.228 0.875 0.581 0.913 0.58 0.754 0.541 0.913 0.58 0.754 0.541 0.754 0.541 0.913 0.659 0.913 0.659 0.754 0.62 0.913 0.659 0.754 0.62 0.754 0.62 0.913 0.462 0.913 0.462 0.754 0.423 0.913 0.462 0.754 0.423 0.754 0.423 0.913 0.541 0.913 0.541 0.754 0.502 0.913 0.541 0.754 0.501 0.754 0.502 0.913 0.62 0.913 0.62 0.754 0.581 0.913 0.62 0.754 0.58 0.754 0.581 0.913 0.699 0.913 0.699 0.754 0.659 0.913 0.699 0.754 0.659 0.754 0.659 0.913 0.502 0.913 0.501 0.754 0.462 0.913 0.501 0.754 0.462 0.754 0.462 0.913 0.712 0.364 0.735 0.313 0.624 0.362 0.735 0.313 0.624 0.312 0.624 0.362 0.718 0.096 0.753 0.111 0.738 0.016 0.753 0.111 0.794 0.039 0.738 0.016 0.753 0.111 0.784 0.134 0.794 0.039 0.784 0.134 0.842 0.075 0.794 0.039 0.784 0.134 0.807 0.164 0.842 0.075 0.807 0.164 0.879 0.122 0.842 0.075 0.807 0.164 0.822 0.199 0.879 0.122 0.822 0.199 0.902 0.177 0.879 0.122 0.822 0.199 0.828 0.238 0.902 0.177 0.828 0.238 0.911 0.237 0.902 0.177 0.828 0.238 0.823 0.276 0.911 0.237 0.823 0.276 0.903 0.298 0.911 0.237 0.145 0.025 0.144 0.416 0.205 0.012 0.144 0.416 0.204 0.417 0.205 0.012 0.205 0.012 0.204 0.417 0.265 0.012 0.204 0.417 0.264 0.417 0.265 0.012 0.265 0.012 0.264 0.417 0.325 0.012 0.264 0.417 0.324 0.417 0.325 0.012 0.325 0.012 0.324 0.417 0.385 0.012 0.324 0.417 0.384 0.417 0.385 0.012 0.385 0.012 0.425 0.157 0.445 0.012 0.425 0.157 0.438 0.103 0.445 0.012 0.505 0.012 0.445 0.012 0.515 0.024 0.445 0.012 0.47 0.056 0.515 0.024 0.624 0.362 0.623 0.411 0.712 0.364 0.623 0.411 0.702 0.414 0.712 0.364 0.552 0.176 0.521 0.074 0.497 0.199 0.281 0.433 0.28 0.831 0.316 0.447 0.28 0.831 0.315 0.831 0.316 0.447 0.242 0.427 0.241 0.831 0.281 0.433 0.241 0.831 0.28 0.831 0.281 0.433 0.204 0.427 0.203 0.831 0.242 0.427 0.203 0.831 0.241 0.831 0.242 0.427 0.166 0.426 0.165 0.831 0.204 0.427 0.165 0.831 0.203 0.831 0.204 0.427 0.127 0.426 0.126 0.831 0.166 0.426 0.126 0.831 0.165 0.831 0.166 0.426 0.089 0.426 0.088 0.831 0.127 0.426 0.088 0.831 0.126 0.831 0.127 0.426 0.05 0.426 0.049 0.831 0.089 0.426 0.049 0.831 0.088 0.831 0.089 0.426 0.012 0.426 0.011 0.831 0.05 0.426 0.011 0.831 0.049 0.831 0.05 0.426 0.504 0.417 0.564 0.417 0.505 0.214 0.564 0.417 0.565 0.214 0.505 0.214 0.444 0.417 0.504 0.417 0.445 0.213 0.504 0.417 0.505 0.214 0.445 0.213 0.444 0.417 0.445 0.213 0.384 0.417 0.445 0.213 0.437 0.207 0.384 0.417 0.821 0.859 0.8 0.779 0.761 0.867 0.8 0.779 0.762 0.784 0.761 0.867 0.877 0.837 0.836 0.765 0.821 0.859 0.836 0.765 0.8 0.779 0.821 0.859 0.924 0.8 0.866 0.742 0.877 0.837 0.866 0.742 0.836 0.765 0.877 0.837 0.961 0.753 0.89 0.711 0.924 0.8 0.89 0.711 0.866 0.742 0.924 0.8 0.985 0.698 0.905 0.676 0.961 0.753 0.905 0.676 0.89 0.711 0.961 0.753 0.993 0.638 0.91 0.638 0.985 0.698 0.91 0.638 0.905 0.676 0.985 0.698 0.985 0.579 0.905 0.6 0.993 0.638 0.905 0.6 0.91 0.638 0.993 0.638 0.974 0.547 0.906 0.564 0.985 0.579 0.906 0.564 0.905 0.6 0.985 0.579 0.316 0.447 0.315 0.831 0.367 0.485 0.315 0.831 0.366 0.831 0.367 0.485 0.974 0.547 0.955 0.514 0.906 0.564 0.955 0.514 0.906 0.514 0.906 0.564 0.018 0.139 0.01 0.167 0.014 0.391 0.01 0.167 0.01 0.376 0.014 0.391 0.825 0.487 0.831 0.487 0.825 0.459 0.831 0.487 0.839 0.459 0.825 0.459 0.624 0.312 0.735 0.313 0.624 0.263 0.735 0.313 0.761 0.263 0.624 0.263 0.437 0.207 0.425 0.157 0.384 0.417 0.823 0.314 0.892 0.335 0.823 0.276 0.892 0.335 0.903 0.298 0.823 0.276 0.521 0.074 0.611 0.168 0.539 0.032 0.611 0.168 0.611 0.032 0.539 0.032 0.624 0.213 0.624 0.263 0.782 0.212 0.624 0.263 0.761 0.263 0.782 0.212 0.776 0.577 0.798 0.544 0.752 0.567 0.798 0.544 0.78 0.526 0.752 0.567 0.78 0.526 0.798 0.544 0.821 0.499 0.798 0.544 0.831 0.522 0.821 0.499 0.769 0.616 0.776 0.577 0.743 0.616 0.776 0.577 0.752 0.567 0.743 0.616 0.798 0.687 0.776 0.655 0.78 0.706 0.776 0.655 0.752 0.664 0.78 0.706 0.769 0.616 0.743 0.616 0.776 0.655 0.743 0.616 0.752 0.664 0.776 0.655 0.87 0.515 0.87 0.489 0.831 0.522 0.87 0.489 0.821 0.499 0.831 0.522 0.738 0.913 0.738 0.754 0.699 0.913 0.738 0.754 0.699 0.754 0.699 0.913 0.679 0.092 0.718 0.096 0.679 0.009 0.718 0.096 0.738 0.016 0.679 0.009 0.621 0.094 0.622 0.114 0.662 0.114 0.831 0.709 0.797 0.717 0.87 0.717 0.515 0.024 0.565 0.013 0.505 0.012 0.798 0.687 0.78 0.706 0.831 0.709 0.78 0.706 0.797 0.717 0.831 0.709 0.611 0.168 0.521 0.074 0.552 0.176 0.384 0.417 0.425 0.157 0.385 0.012 0.47 0.056 0.445 0.012 0.438 0.103 0.787 0.161 0.623 0.164 0.782 0.212 0.623 0.164 0.624 0.213 0.782 0.212 0.623 0.164 0.662 0.114 0.622 0.114 0.662 0.114 0.623 0.164 0.784 0.151 0.623 0.164 0.787 0.161 0.784 0.151 0.823 0.314 0.824 0.377 0.892 0.335 0.824 0.377 0.873 0.377 0.892 0.335 0.825 0.434 0.825 0.459 0.848 0.434 0.825 0.459 0.839 0.459 0.848 0.434 0.072 0.416 0.11 0.416 0.073 0.07 0.11 0.416 0.111 0.044 0.073 0.07 0.145 0.025 0.111 0.044 0.144 0.416 0.111 0.044 0.11 0.416 0.144 0.416 0.045 0.413 0.072 0.416 0.044 0.098 0.072 0.416 0.073 0.07 0.044 0.098 0.906 0.446 0.906 0.461 0.913 0.446 0.906 0.461 0.916 0.461 0.913 0.446 0.906 0.461 0.906 0.477 0.916 0.461 0.906 0.477 0.924 0.477 0.916 0.461 0.423 0.931 0.632 0.931 0.423 0.925 0.632 0.931 0.632 0.924 0.423 0.925 0.824 0.377 0.824 0.414 0.873 0.377 0.824 0.414 0.856 0.414 0.873 0.377 0.955 0.514 0.936 0.493 0.906 0.514 0.936 0.493 0.906 0.493 0.906 0.514 0.367 0.485 0.366 0.831 0.39 0.514 0.366 0.831 0.386 0.828 0.39 0.514 0.412 0.583 0.408 0.554 0.412 0.787 0.408 0.554 0.408 0.806 0.412 0.787 0.031 0.115 0.018 0.139 0.027 0.404 0.018 0.139 0.014 0.391 0.027 0.404 0.408 0.554 0.399 0.531 0.408 0.806 0.399 0.531 0.399 0.82 0.408 0.806 0.386 0.828 0.399 0.82 0.39 0.514 0.399 0.82 0.399 0.531 0.39 0.514 0.906 0.477 0.906 0.493 0.924 0.477 0.906 0.493 0.936 0.493 0.924 0.477 0.824 0.414 0.825 0.434 0.856 0.414 0.825 0.434 0.848 0.434 0.856 0.414 0.027 0.404 0.045 0.413 0.031 0.115 0.045 0.413 0.044 0.098 0.031 0.115 0.179 0.86 0.196 0.895 0.194 0.856 0.196 0.895 0.207 0.888 0.194 0.856 0.187 0.901 0.214 0.929 0.196 0.895 0.214 0.929 0.22 0.921 0.196 0.895 0.196 0.895 0.22 0.921 0.207 0.888 0.22 0.921 0.228 0.911 0.207 0.888 0.214 0.929 0.247 0.948 0.22 0.921 0.247 0.948 0.25 0.938 0.22 0.921 0.22 0.921 0.25 0.938 0.228 0.911 0.25 0.938 0.254 0.926 0.228 0.911 0.247 0.948 0.283 0.954 0.25 0.938 0.283 0.954 0.284 0.943 0.25 0.938 0.25 0.938 0.284 0.943 0.254 0.926 0.284 0.943 0.284 0.931 0.254 0.926 0.283 0.954 0.321 0.948 0.284 0.943 0.321 0.948 0.317 0.938 0.284 0.943 0.284 0.943 0.317 0.938 0.284 0.931 0.317 0.938 0.313 0.926 0.284 0.931 0.321 0.948 0.353 0.93 0.317 0.938 0.353 0.93 0.347 0.922 0.317 0.938 0.317 0.938 0.347 0.922 0.313 0.926 0.347 0.922 0.339 0.912 0.313 0.926 0.353 0.93 0.379 0.902 0.347 0.922 0.379 0.902 0.371 0.896 0.347 0.922 0.347 0.922 0.371 0.896 0.339 0.912 0.371 0.896 0.36 0.889 0.339 0.912 0.379 0.902 0.398 0.868 0.371 0.896 0.398 0.868 0.388 0.863 0.371 0.896 0.371 0.896 0.388 0.863 0.36 0.889 0.388 0.863 0.374 0.859 0.36 0.889 0.207 0.888 0.228 0.875 0.194 0.856 0.228 0.875 0.22 0.852 0.194 0.856 0.505 0.967 0.505 0.96 0.466 0.967 0.505 0.96 0.466 0.96 0.466 0.967 0.168 0.865 0.187 0.901 0.179 0.86 0.187 0.901 0.196 0.895 0.179 0.86</float_array>
					<technique_common>
						<accessor source="#3820v2-mesh-map-0-array" count="1890" stride="2">
							<param name="S" type="float"/>
							<param name="T" type="float"/>
						</accessor>
					</technique_common>
				</source>
				<source id="3820v2-mesh-map-1">
					<float_array id="3820v2-mesh-map-1-array" count="3780">0.1 0.57 0.101 0.574 0.075 0.577 0.101 0.574 0.077 0.581 0.075 0.577 0.077 0.581 0.101 0.574 0.078 0.582 0.101 0.574 0.101 0.576 0.078 0.582 0 0 0 0 0 0 0 0 0 0 0 0 0.099 0.565 0.099 0.566 0.076 0.571 0.099 0.566 0.075 0.573 0.076 0.571 0.099 0.566 0.1 0.57 0.075 0.573 0.1 0.57 0.075 0.577 0.075 0.573 0 0 0 0 0 0 0 0 0 0 0 0 0 0 0 0 0 0 0 0 0 0 0 0 0 0 0 0 0 0 0 0 0 0 0 0 0 0 0 0 0 0 0 0 0 0 0 0 0 0 0 0 0 0 0 0 0 0 0 0 0.099 0.565 0.122 0.558 0.099 0.566 0.122 0.558 0.124 0.56 0.099 0.566 0.1 0.57 0.099 0.566 0.125 0.563 0.099 0.566 0.124 0.56 0.125 0.563 0 0 0 0 0 0 0 0 0 0 0 0 0 0 0 0 0 0 0 0 0 0 0 0 0 0 0 0 0 0 0 0 0 0 0 0 0 0 0 0 0 0 0 0 0 0 0 0 0 0 0 0 0 0 0 0 0 0 0 0 0 0 0 0 0 0 0 0 0 0 0 0 0 0 0 0 0 0 0 0 0 0 0 0 0 0 0 0 0 0 0 0 0 0 0 0 0 0 0 0 0 0 0 0 0 0 0 0 0 0 0 0 0 0 0 0 0 0 0 0 0 0 0 0 0 0 0 0 0 0 0 0 0 0 0 0 0 0 0 0 0 0 0 0 0 0 0 0 0 0 0 0 0 0 0 0 0.101 0.576 0.101 0.574 0.124 0.569 0.101 0.574 0.126 0.567 0.124 0.569 0.101 0.574 0.1 0.57 0.126 0.567 0.1 0.57 0.125 0.563 0.126 0.567 0 0 0 0 0 0 0 0 0 0 0 0 0 0 0 0 0 0 0 0 0 0 0 0 0 0 0 0 0 0 0 0 0 0 0 0 0 0 0 0 0 0 0 0 0 0 0 0 0 0 0 0 0 0 0 0 0 0 0 0 0 0 0 0 0 0 0 0 0 0 0 0 0 0 0 0 0 0 0 0 0 0 0 0 0.045 0.363 0.026 0.368 0.045 0.363 0.026 0.368 0.031 0.367 0.045 0.363 0 0 0 0 0 0 0 0 0 0 0 0 0 0 0 0 0 0 0 0 0 0 0 0 0.063 0.358 0.045 0.363 0.058 0.36 0.045 0.363 0.045 0.363 0.058 0.36 0 0 0 0 0 0 0 0 0 0 0 0 0.049 0.379 0.026 0.385 0.047 0.372 0.026 0.385 0.024 0.378 0.047 0.372 0 0 0 0 0 0 0 0 0 0 0 0 0 0 0 0 0 0 0 0 0 0 0 0 0.072 0.373 0.049 0.379 0.07 0.366 0.049 0.379 0.047 0.372 0.07 0.366 0 0 0 0 0 0 0 0 0 0 0 0 0 0 0 0 0 0 0 0 0 0 0 0 0 0 0 0 0 0 0 0 0 0 0 0 0.099 0.565 0.076 0.571 0.049 0.379 0.076 0.571 0.026 0.385 0.049 0.379 0 0 0 0 0 0 0 0 0 0 0 0 0 0 0 0 0 0 0 0 0 0 0 0 0.824 0.533 0.88 0.533 0.824 0.983 0.88 0.533 0.88 0.983 0.824 0.983 0 0 0 0 0 0 0 0 0 0 0 0 0.122 0.558 0.099 0.565 0.072 0.373 0.099 0.565 0.049 0.379 0.072 0.373 0 0 0 0 0 0 0 0 0 0 0 0 0.777 0.533 0.824 0.533 0.777 0.983 0.824 0.533 0.824 0.983 0.777 0.983 0.077 0.355 0.069 0.357 0.045 0.363 0.058 0.36 0.045 0.363 0.045 0.363 0.031 0.367 0.02 0.37 0.045 0.363 0.012 0.372 0.01 0.372 0.045 0.363 0.079 0.354 0.077 0.355 0.045 0.363 0.069 0.357 0.058 0.36 0.045 0.363 0.045 0.363 0.031 0.367 0.045 0.363 0.02 0.37 0.012 0.372 0.045 0.363 0.127 0.67 0.104 0.676 0.101 0.576 0.104 0.676 0.078 0.582 0.101 0.576 0 0 0 0 0 0 0 0 0 0 0 0 0.824 0.276 0.88 0.276 0.824 0.506 0.88 0.276 0.88 0.506 0.824 0.506 0 0 0 0 0 0 0 0 0 0 0 0 0.15 0.664 0.127 0.67 0.124 0.569 0.127 0.67 0.101 0.576 0.124 0.569 0.492 0.753 0.539 0.753 0.492 0.983 0.539 0.753 0.539 0.983 0.492 0.983 0.777 0.276 0.824 0.276 0.777 0.506 0.824 0.276 0.824 0.506 0.777 0.506 0 0 0 0 0 0 0 0 0 0 0 0 0 0 0 0 0 0 0 0 0 0 0 0 0 0 0 0 0 0 0 0 0 0 0 0 0 0 0 0 0 0 0 0 0 0 0 0 0 0 0 0 0 0 0 0 0 0 0 0 0 0 0 0 0 0 0 0 0 0 0 0 0 0 0 0 0 0 0 0 0 0 0 0 0.071 0.916 0.063 0.879 0.312 0.916 0.063 0.879 0.312 0.879 0.312 0.916 0.063 0.879 0.063 0.843 0.312 0.879 0.063 0.843 0.312 0.843 0.312 0.879 0.063 0.843 0.063 0.809 0.312 0.843 0.063 0.809 0.312 0.809 0.312 0.843 0.063 0.809 0.063 0.779 0.312 0.809 0.063 0.779 0.312 0.779 0.312 0.809 0.063 0.779 0.063 0.757 0.152 0.764 0.063 0.757 0.119 0.759 0.152 0.764 0 0 0 0 0 0 0 0 0 0 0 0 0 0 0 0 0 0 0 0 0 0 0 0 0.522 0.53 0.601 0.498 0.566 0.677 0 0 0 0 0 0 0 0 0 0 0 0 0 0 0 0 0 0 0 0 0 0 0 0 0 0 0 0 0 0 0 0 0 0 0 0 0 0 0 0 0 0 0 0 0 0 0 0 0 0 0 0 0 0 0 0 0 0 0 0 0 0 0 0 0 0 0 0 0 0 0 0 0 0 0 0 0 0 0 0 0 0 0 0 0 0 0 0 0 0 0 0 0 0 0 0 0 0 0 0 0 0 0 0 0 0 0 0 0 0 0 0 0 0 0 0 0 0 0 0 0.312 0.757 0.312 0.779 0.187 0.757 0.312 0.779 0.183 0.76 0.187 0.757 0.522 0.53 0.436 0.542 0.491 0.416 0.436 0.542 0.436 0.423 0.491 0.416 0.601 0.498 0.522 0.53 0.542 0.395 0.522 0.53 0.491 0.416 0.542 0.395 0.669 0.445 0.601 0.498 0.585 0.361 0.601 0.498 0.542 0.395 0.585 0.361 0.722 0.377 0.669 0.445 0.619 0.318 0.669 0.445 0.585 0.361 0.619 0.318 0.755 0.298 0.722 0.377 0.64 0.267 0.722 0.377 0.619 0.318 0.64 0.267 0.766 0.212 0.755 0.298 0.647 0.212 0.755 0.298 0.64 0.267 0.647 0.212 0.755 0.127 0.766 0.212 0.64 0.158 0.766 0.212 0.647 0.212 0.64 0.158 0.738 0.081 0.755 0.127 0.64 0.107 0.755 0.127 0.64 0.158 0.64 0.107 0 0 0 0 0 0 0 0 0 0 0 0 0.738 0.081 0.64 0.107 0.71 0.035 0.64 0.107 0.64 0.034 0.71 0.035 0.141 0.981 0.296 0.982 0.159 0.984 0.296 0.982 0.287 0.984 0.159 0.984 0 0 0 0 0 0 0 0 0 0 0 0 0 0 0 0 0 0 0 0 0 0 0 0 0.183 0.76 0.312 0.779 0.152 0.764 0 0 0 0 0 0 0 0 0 0 0 0 0.566 0.677 0.54 0.736 0.436 0.542 0.54 0.736 0.436 0.736 0.436 0.542 0.127 0.67 0.152 0.764 0.098 0.678 0.152 0.764 0.119 0.759 0.098 0.678 0 0 0 0 0 0 0 0 0 0 0 0 0 0 0 0 0 0 0 0 0 0 0 0 0.127 0.67 0.127 0.67 0.104 0.676 0.127 0.67 0.098 0.678 0.104 0.676 0 0 0 0 0 0 0 0 0 0 0 0 0.127 0.67 0.15 0.664 0.127 0.67 0.15 0.664 0.156 0.663 0.127 0.67 0 0 0 0 0 0 0 0 0 0 0 0 0.436 0.754 0.492 0.753 0.436 0.983 0.492 0.753 0.492 0.983 0.436 0.983 0 0 0 0 0 0 0 0 0 0 0 0 0 0 0 0 0 0 0 0 0 0 0 0 0 0 0 0 0 0 0 0 0 0 0 0 0 0 0 0 0 0 0.436 0.542 0.522 0.53 0.566 0.677 0.312 0.779 0.063 0.779 0.152 0.764 0 0 0 0 0 0 0.183 0.76 0.152 0.764 0.156 0.663 0.152 0.764 0.127 0.67 0.156 0.663 0 0 0 0 0 0 0 0 0 0 0 0 0 0 0 0 0 0 0 0 0 0 0 0 0 0 0 0 0 0 0 0 0 0 0 0 0 0 0 0 0 0 0.312 0.956 0.099 0.956 0.312 0.936 0.099 0.956 0.083 0.936 0.312 0.936 0.071 0.916 0.312 0.916 0.083 0.936 0.312 0.916 0.312 0.936 0.083 0.936 0.31 0.968 0.116 0.97 0.312 0.956 0.116 0.97 0.099 0.956 0.312 0.956 0 0 0 0 0 0 0 0 0 0 0 0 0 0 0 0 0 0 0 0 0 0 0 0 0 0 0 0 0 0 0 0 0 0 0 0 0 0 0 0 0 0 0 0 0 0 0 0 0 0 0 0 0 0 0 0 0 0 0 0 0 0 0 0 0 0 0 0 0 0 0 0 0 0 0 0 0 0 0 0 0 0 0 0 0.127 0.976 0.305 0.976 0.141 0.981 0.305 0.976 0.296 0.982 0.141 0.981 0 0 0 0 0 0 0 0 0 0 0 0 0 0 0 0 0 0 0 0 0 0 0 0 0 0 0 0 0 0 0 0 0 0 0 0 0 0 0 0 0 0 0 0 0 0 0 0 0.305 0.976 0.127 0.976 0.31 0.968 0.127 0.976 0.116 0.97 0.31 0.968 0 0 0 0 0 0 0 0 0 0 0 0 0 0 0 0 0 0 0 0 0 0 0 0 0 0 0 0 0 0 0 0 0 0 0 0 0 0 0 0 0 0 0 0 0 0 0 0 0 0 0 0 0 0 0 0 0 0 0 0 0.024 0.378 0.024 0.372 0.047 0.372 0.024 0.372 0.045 0.366 0.047 0.372 0.024 0.372 0.026 0.368 0.045 0.366 0.026 0.368 0.045 0.363 0.045 0.366 0.047 0.372 0.045 0.366 0.07 0.366 0.045 0.366 0.067 0.361 0.07 0.366 0.045 0.366 0.045 0.363 0.067 0.361 0.045 0.363 0.063 0.358 0.067 0.361 0 0 0 0 0 0 0 0 0 0 0 0 0 0 0 0 0 0 0 0 0 0 0 0 0 0 0 0 0 0 0 0 0 0 0 0 0 0 0 0 0 0 0 0 0 0 0 0 0 0 0 0 0 0 0 0 0 0 0 0 0 0 0 0 0 0 0 0 0 0 0 0 0 0 0 0 0 0 0 0 0 0 0 0 0 0 0 0 0 0 0 0 0 0 0 0 0 0 0 0 0 0 0 0 0 0 0 0 0.1 0.57 0.075 0.577 0.101 0.574 0.075 0.577 0.077 0.581 0.101 0.574 0.077 0.581 0.078 0.582 0.101 0.574 0.078 0.582 0.101 0.576 0.101 0.574 0 0 0 0 0 0 0 0 0 0 0 0 0.099 0.565 0.076 0.571 0.099 0.566 0.076 0.571 0.075 0.573 0.099 0.566 0.099 0.566 0.075 0.573 0.1 0.57 0.075 0.573 0.075 0.577 0.1 0.57 0 0 0 0 0 0 0 0 0 0 0 0 0 0 0 0 0 0 0 0 0 0 0 0 0 0 0 0 0 0 0 0 0 0 0 0 0 0 0 0 0 0 0 0 0 0 0 0 0 0 0 0 0 0 0 0 0 0 0 0 0.099 0.565 0.099 0.566 0.122 0.558 0.099 0.566 0.124 0.56 0.122 0.558 0.1 0.57 0.125 0.563 0.099 0.566 0.125 0.563 0.124 0.56 0.099 0.566 0 0 0 0 0 0 0 0 0 0 0 0 0 0 0 0 0 0 0 0 0 0 0 0 0 0 0 0 0 0 0 0 0 0 0 0 0 0 0 0 0 0 0 0 0 0 0 0 0 0 0 0 0 0 0 0 0 0 0 0 0 0 0 0 0 0 0 0 0 0 0 0 0 0 0 0 0 0 0 0 0 0 0 0 0 0 0 0 0 0 0 0 0 0 0 0 0 0 0 0 0 0 0 0 0 0 0 0 0 0 0 0 0 0 0 0 0 0 0 0 0 0 0 0 0 0 0 0 0 0 0 0 0 0 0 0 0 0 0 0 0 0 0 0 0 0 0 0 0 0 0 0 0 0 0 0 0.101 0.576 0.124 0.569 0.101 0.574 0.124 0.569 0.126 0.567 0.101 0.574 0.125 0.563 0.1 0.57 0.126 0.567 0.1 0.57 0.101 0.574 0.126 0.567 0 0 0 0 0 0 0 0 0 0 0 0 0 0 0 0 0 0 0 0 0 0 0 0 0 0 0 0 0 0 0 0 0 0 0 0 0 0 0 0 0 0 0 0 0 0 0 0 0 0 0 0 0 0 0 0 0 0 0 0 0 0 0 0 0 0 0 0 0 0 0 0 0 0 0 0 0 0 0 0 0 0 0 0 0.045 0.363 0.045 0.363 0.026 0.368 0.045 0.363 0.031 0.367 0.026 0.368 0 0 0 0 0 0 0 0 0 0 0 0 0 0 0 0 0 0 0 0 0 0 0 0 0.063 0.358 0.058 0.36 0.045 0.363 0.058 0.36 0.045 0.363 0.045 0.363 0 0 0 0 0 0 0 0 0 0 0 0 0.049 0.379 0.047 0.372 0.026 0.385 0.047 0.372 0.024 0.378 0.026 0.385 0 0 0 0 0 0 0 0 0 0 0 0 0 0 0 0 0 0 0 0 0 0 0 0 0.072 0.373 0.07 0.366 0.049 0.379 0.07 0.366 0.047 0.372 0.049 0.379 0 0 0 0 0 0 0 0 0 0 0 0 0 0 0 0 0 0 0 0 0 0 0 0 0 0 0 0 0 0 0 0 0 0 0 0 0.099 0.565 0.049 0.379 0.076 0.571 0.049 0.379 0.026 0.385 0.076 0.571 0 0 0 0 0 0 0 0 0 0 0 0 0 0 0 0 0 0 0 0 0 0 0 0 0.936 0.533 0.936 0.983 0.88 0.533 0.936 0.983 0.88 0.983 0.88 0.533 0 0 0 0 0 0 0 0 0 0 0 0 0.122 0.558 0.072 0.373 0.099 0.565 0.072 0.373 0.049 0.379 0.099 0.565 0 0 0 0 0 0 0 0 0 0 0 0 0.983 0.533 0.983 0.983 0.936 0.533 0.983 0.983 0.936 0.983 0.936 0.533 0.077 0.355 0.045 0.363 0.069 0.357 0.058 0.36 0.045 0.363 0.045 0.363 0.031 0.367 0.045 0.363 0.02 0.37 0.012 0.372 0.045 0.363 0.01 0.372 0.079 0.354 0.045 0.363 0.077 0.355 0.069 0.357 0.045 0.363 0.058 0.36 0.045 0.363 0.045 0.363 0.031 0.367 0.02 0.37 0.045 0.363 0.012 0.372 0.127 0.67 0.101 0.576 0.104 0.676 0.101 0.576 0.078 0.582 0.104 0.676 0 0 0 0 0 0 0 0 0 0 0 0 0.936 0.276 0.936 0.506 0.88 0.276 0.936 0.506 0.88 0.506 0.88 0.276 0 0 0 0 0 0 0 0 0 0 0 0 0.15 0.664 0.124 0.569 0.127 0.67 0.124 0.569 0.101 0.576 0.127 0.67 0.381 0.753 0.381 0.983 0.333 0.753 0.381 0.983 0.333 0.983 0.333 0.753 0.983 0.276 0.983 0.506 0.936 0.276 0.983 0.506 0.936 0.506 0.936 0.276 0 0 0 0 0 0 0 0 0 0 0 0 0 0 0 0 0 0 0 0 0 0 0 0 0 0 0 0 0 0 0 0 0 0 0 0 0 0 0 0 0 0 0 0 0 0 0 0 0 0 0 0 0 0 0 0 0 0 0 0 0 0 0 0 0 0 0 0 0 0 0 0 0 0 0 0 0 0 0 0 0 0 0 0 0.071 0.916 0.312 0.916 0.063 0.879 0.312 0.916 0.312 0.879 0.063 0.879 0.063 0.879 0.312 0.879 0.063 0.843 0.312 0.879 0.312 0.843 0.063 0.843 0.063 0.843 0.312 0.843 0.063 0.809 0.312 0.843 0.312 0.809 0.063 0.809 0.063 0.809 0.312 0.809 0.063 0.779 0.312 0.809 0.312 0.779 0.063 0.779 0.063 0.779 0.152 0.764 0.063 0.757 0.152 0.764 0.119 0.759 0.063 0.757 0 0 0 0 0 0 0 0 0 0 0 0 0 0 0 0 0 0 0 0 0 0 0 0 0.351 0.53 0.307 0.677 0.272 0.498 0 0 0 0 0 0 0 0 0 0 0 0 0 0 0 0 0 0 0 0 0 0 0 0 0 0 0 0 0 0 0 0 0 0 0 0 0 0 0 0 0 0 0 0 0 0 0 0 0 0 0 0 0 0 0 0 0 0 0 0 0 0 0 0 0 0 0 0 0 0 0 0 0 0 0 0 0 0 0 0 0 0 0 0 0 0 0 0 0 0 0 0 0 0 0 0 0 0 0 0 0 0 0 0 0 0 0 0 0 0 0 0 0 0 0 0 0 0 0 0 0.312 0.757 0.187 0.757 0.312 0.779 0.187 0.757 0.183 0.76 0.312 0.779 0.351 0.53 0.382 0.416 0.436 0.542 0.382 0.416 0.436 0.423 0.436 0.542 0.272 0.498 0.331 0.395 0.351 0.53 0.331 0.395 0.382 0.416 0.351 0.53 0.204 0.445 0.287 0.361 0.272 0.498 0.287 0.361 0.331 0.395 0.272 0.498 0.151 0.377 0.254 0.318 0.204 0.445 0.254 0.318 0.287 0.361 0.204 0.445 0.118 0.298 0.233 0.267 0.151 0.377 0.233 0.267 0.254 0.318 0.151 0.377 0.107 0.212 0.226 0.212 0.118 0.298 0.226 0.212 0.233 0.267 0.118 0.298 0.118 0.127 0.233 0.158 0.107 0.212 0.233 0.158 0.226 0.212 0.107 0.212 0.135 0.081 0.233 0.107 0.118 0.127 0.233 0.107 0.233 0.158 0.118 0.127 0 0 0 0 0 0 0 0 0 0 0 0 0.135 0.081 0.163 0.035 0.233 0.107 0.163 0.035 0.233 0.034 0.233 0.107 0.141 0.981 0.159 0.984 0.296 0.982 0.159 0.984 0.287 0.984 0.296 0.982 0 0 0 0 0 0 0 0 0 0 0 0 0 0 0 0 0 0 0 0 0 0 0 0 0.183 0.76 0.152 0.764 0.312 0.779 0 0 0 0 0 0 0 0 0 0 0 0 0.307 0.677 0.436 0.542 0.332 0.736 0.436 0.542 0.436 0.736 0.332 0.736 0.127 0.67 0.098 0.678 0.152 0.764 0.098 0.678 0.119 0.759 0.152 0.764 0 0 0 0 0 0 0 0 0 0 0 0 0 0 0 0 0 0 0 0 0 0 0 0 0.127 0.67 0.104 0.676 0.127 0.67 0.104 0.676 0.098 0.678 0.127 0.67 0 0 0 0 0 0 0 0 0 0 0 0 0.127 0.67 0.127 0.67 0.15 0.664 0.127 0.67 0.156 0.663 0.15 0.664 0 0 0 0 0 0 0 0 0 0 0 0 0.436 0.754 0.436 0.983 0.381 0.753 0.436 0.983 0.381 0.983 0.381 0.753 0 0 0 0 0 0 0 0 0 0 0 0 0 0 0 0 0 0 0 0 0 0 0 0 0 0 0 0 0 0 0 0 0 0 0 0 0 0 0 0 0 0 0.436 0.542 0.307 0.677 0.351 0.53 0.312 0.779 0.152 0.764 0.063 0.779 0 0 0 0 0 0 0.183 0.76 0.156 0.663 0.152 0.764 0.156 0.663 0.127 0.67 0.152 0.764 0 0 0 0 0 0 0 0 0 0 0 0 0 0 0 0 0 0 0 0 0 0 0 0 0 0 0 0 0 0 0 0 0 0 0 0 0 0 0 0 0 0 0.312 0.956 0.312 0.936 0.099 0.956 0.312 0.936 0.083 0.936 0.099 0.956 0.071 0.916 0.083 0.936 0.312 0.916 0.083 0.936 0.312 0.936 0.312 0.916 0.31 0.968 0.312 0.956 0.116 0.97 0.312 0.956 0.099 0.956 0.116 0.97 0 0 0 0 0 0 0 0 0 0 0 0 0 0 0 0 0 0 0 0 0 0 0 0 0 0 0 0 0 0 0 0 0 0 0 0 0 0 0 0 0 0 0 0 0 0 0 0 0 0 0 0 0 0 0 0 0 0 0 0 0 0 0 0 0 0 0 0 0 0 0 0 0 0 0 0 0 0 0 0 0 0 0 0 0.127 0.976 0.141 0.981 0.305 0.976 0.141 0.981 0.296 0.982 0.305 0.976 0 0 0 0 0 0 0 0 0 0 0 0 0 0 0 0 0 0 0 0 0 0 0 0 0 0 0 0 0 0 0 0 0 0 0 0 0 0 0 0 0 0 0 0 0 0 0 0 0.305 0.976 0.31 0.968 0.127 0.976 0.31 0.968 0.116 0.97 0.127 0.976 0 0 0 0 0 0 0 0 0 0 0 0 0 0 0 0 0 0 0 0 0 0 0 0 0 0 0 0 0 0 0 0 0 0 0 0 0 0 0 0 0 0 0 0 0 0 0 0 0 0 0 0 0 0 0 0 0 0 0 0 0.024 0.378 0.047 0.372 0.024 0.372 0.047 0.372 0.045 0.366 0.024 0.372 0.024 0.372 0.045 0.366 0.026 0.368 0.045 0.366 0.045 0.363 0.026 0.368 0.047 0.372 0.07 0.366 0.045 0.366 0.07 0.366 0.067 0.361 0.045 0.366 0.045 0.366 0.067 0.361 0.045 0.363 0.067 0.361 0.063 0.358 0.045 0.363 0 0 0 0 0 0 0 0 0 0 0 0 0 0 0 0 0 0 0 0 0 0 0 0 0 0 0 0 0 0 0 0 0 0 0 0 0 0 0 0 0 0 0 0 0 0 0 0 0 0 0 0 0 0 0 0 0 0 0 0 0 0 0 0 0 0 0 0 0 0 0 0 0 0 0 0 0 0 0 0 0 0 0 0 0 0 0 0 0 0 0 0 0 0 0 0 0 0 0 0 0 0 0 0 0 0 0 0</float_array>
					<technique_common>
						<accessor source="#3820v2-mesh-map-1-array" count="1890" stride="2">
							<param name="S" type="float"/>
							<param name="T" type="float"/>
						</accessor>
					</technique_common>
				</source>
				<vertices id="3820v2-mesh-vertices">
					<input semantic="POSITION" source="#3820v2-mesh-positions"/>
				</vertices>
				<triangles material="MB|26-material" count="630">
					<input semantic="VERTEX" source="#3820v2-mesh-vertices" offset="0"/>
					<input semantic="TEXCOORD" source="#3820v2-mesh-map-0" offset="1" set="0"/>
					<input semantic="TEXCOORD" source="#3820v2-mesh-map-1" offset="1" set="1"/>
					<p>0 0 1 1 18 2 1 3 19 4 18 5 19 6 1 7 334 8 1 9 335 10 334 11 268 12 10 13 267 14 10 15 9 16 267 17 329 18 2 19 331 20 2 21 20 22 331 23 2 24 0 25 20 26 0 27 18 28 20 29 16 30 19 31 342 32 19 33 334 34 342 35 8 36 6 37 5 38 6 39 3 40 5 41 11 42 9 43 8 44 9 45 6 46 8 47 10 48 7 49 9 50 7 51 6 52 9 53 325 54 326 55 14 56 326 57 17 58 14 59 329 60 330 61 2 62 330 63 5 64 2 65 0 66 2 67 3 68 2 69 5 70 3 71 17 72 15 73 14 74 15 75 12 76 14 77 7 78 4 79 6 80 4 81 3 82 6 83 19 84 16 85 18 86 16 87 15 88 18 89 20 90 18 91 17 92 18 93 15 94 17 95 331 96 20 97 326 98 20 99 17 100 326 101 340 102 271 103 341 104 271 105 13 106 341 107 337 108 7 109 338 110 7 111 10 112 338 113 325 114 14 115 332 116 14 117 272 118 332 119 328 120 333 121 11 122 333 123 269 124 11 125 338 126 10 127 339 128 10 129 268 130 339 131 269 132 267 133 11 134 267 135 9 136 11 137 327 138 328 139 8 140 328 141 11 142 8 143 13 144 16 145 341 146 16 147 342 148 341 149 335 150 1 151 336 152 1 153 4 154 336 155 1 156 0 157 4 158 0 159 3 160 4 161 336 162 4 163 337 164 4 165 7 166 337 167 330 168 327 169 5 170 327 171 8 172 5 173 14 174 12 175 272 176 12 177 270 178 272 179 13 180 271 181 12 182 271 183 270 184 12 185 36 186 276 187 124 188 276 189 314 190 124 191 311 192 141 193 274 194 141 195 34 196 274 197 138 198 135 199 33 200 135 201 32 202 33 203 132 204 129 205 31 206 129 207 30 208 31 209 126 210 123 211 29 212 123 213 28 214 29 215 141 216 138 217 34 218 138 219 33 220 34 221 135 222 132 223 32 224 132 225 31 226 32 227 38 228 39 229 139 230 39 231 136 232 139 233 40 234 41 235 133 236 41 237 130 238 133 239 129 240 126 241 30 242 126 243 29 244 30 245 37 246 38 247 142 248 38 249 139 250 142 251 39 252 40 253 136 254 40 255 133 256 136 257 41 258 35 259 130 260 35 261 127 262 130 263 35 264 36 265 127 266 36 267 124 268 127 269 277 270 37 271 312 272 37 273 142 274 312 275 48 276 45 277 40 278 45 279 41 280 40 281 47 282 44 283 38 284 44 285 39 286 38 287 280 288 43 289 277 290 43 291 37 292 277 293 46 294 279 295 36 296 279 297 276 298 36 299 45 300 42 301 41 302 42 303 35 304 41 305 44 306 48 307 39 308 48 309 40 310 39 311 43 312 47 313 37 314 47 315 38 316 37 317 42 318 46 319 35 320 46 321 36 322 35 323 34 324 33 325 278 326 32 327 31 328 278 329 30 330 29 331 278 332 28 333 275 334 278 335 274 336 34 337 278 338 33 339 32 340 278 341 31 342 30 343 278 344 29 345 28 346 278 347 321 348 320 349 55 350 320 351 52 352 55 353 323 354 322 355 54 356 322 357 51 358 54 359 317 360 318 361 53 362 318 363 281 364 53 365 320 366 319 367 52 368 319 369 49 370 52 371 322 372 321 373 51 374 321 375 55 376 51 377 324 378 323 379 50 380 323 381 54 382 50 383 319 384 317 385 49 386 317 387 53 388 49 389 369 390 390 391 368 392 390 393 392 394 368 395 56 396 353 397 345 398 353 399 354 400 345 401 345 402 354 403 346 404 354 405 355 406 346 407 346 408 355 409 347 410 355 411 356 412 347 413 347 414 356 415 348 416 356 417 357 418 348 419 348 420 357 421 349 422 357 423 358 424 349 425 349 426 358 427 350 428 358 429 359 430 350 431 70 432 69 433 361 434 69 435 362 436 361 437 69 438 68 439 362 440 68 441 363 442 362 443 68 444 67 445 363 446 67 447 364 448 363 449 67 450 66 451 364 452 66 453 365 454 364 455 66 456 65 457 409 458 65 459 105 460 409 461 64 462 103 463 65 464 103 465 104 466 65 467 390 468 369 469 391 470 369 471 405 472 391 473 102 474 412 475 402 476 351 477 352 478 372 479 352 480 371 481 372 482 61 483 62 484 374 485 62 486 373 487 374 488 60 489 61 490 375 491 61 492 374 493 375 494 59 495 60 496 376 497 60 498 375 499 376 500 58 501 59 502 377 503 59 504 376 505 377 506 57 507 58 508 378 509 58 510 377 511 378 512 344 513 57 514 379 515 57 516 378 517 379 518 343 519 344 520 380 521 344 522 379 523 380 524 367 525 404 526 370 527 404 528 288 529 370 530 366 531 411 532 367 533 411 534 404 535 367 536 366 537 365 538 411 539 365 540 410 541 411 542 79 543 284 544 87 545 284 546 285 547 87 548 78 549 79 550 86 551 79 552 87 553 86 554 77 555 78 556 85 557 78 558 86 559 85 560 76 561 77 562 84 563 77 564 85 565 84 566 75 567 76 568 83 569 76 570 84 571 83 572 74 573 75 574 82 575 75 576 83 577 82 578 73 579 74 580 81 581 74 582 82 583 81 584 360 585 73 586 80 587 73 588 81 589 80 590 352 591 382 592 371 593 382 594 383 595 371 596 360 597 80 598 381 599 80 600 90 601 381 602 385 603 418 604 384 605 418 606 115 607 384 608 387 609 388 610 110 611 388 612 91 613 110 614 392 615 393 616 368 617 393 618 408 619 368 620 410 621 365 622 409 623 63 624 350 625 386 626 350 627 359 628 386 629 402 630 101 631 403 632 101 633 397 634 403 635 394 636 106 637 393 638 106 639 408 640 393 641 23 642 95 643 22 644 95 645 94 646 22 647 94 648 93 649 22 650 93 651 21 652 22 653 24 654 96 655 23 656 96 657 95 658 23 659 26 660 396 661 25 662 396 663 395 664 25 665 24 666 25 667 96 668 25 669 395 670 96 671 273 672 21 673 286 674 21 675 93 676 286 677 398 678 324 679 282 680 324 681 50 682 282 683 283 684 406 685 56 686 406 687 353 688 56 689 401 690 100 691 98 692 27 693 399 694 400 695 103 696 64 697 407 698 26 699 27 700 396 701 27 702 400 703 396 704 403 705 102 706 402 707 365 708 66 709 409 710 104 711 105 712 65 713 107 714 106 715 97 716 106 717 394 718 97 719 97 720 98 721 100 722 100 723 99 724 97 725 99 726 107 727 97 728 63 729 386 730 89 731 386 732 413 733 89 734 389 735 414 736 388 737 414 738 91 739 388 740 88 741 109 742 72 743 109 744 108 745 72 746 70 747 361 748 108 749 361 750 72 751 108 752 122 753 422 754 88 755 422 756 109 757 88 758 416 759 417 760 415 761 417 762 117 763 415 764 415 765 117 766 419 767 117 768 420 769 419 770 387 771 110 772 416 773 110 774 417 775 416 776 89 777 413 778 421 779 413 780 119 781 421 782 381 783 90 784 424 785 90 786 423 787 424 788 382 789 118 790 383 791 118 792 112 793 383 794 71 795 111 796 92 797 111 798 113 799 92 800 121 801 116 802 385 803 116 804 418 805 385 806 92 807 113 808 120 809 113 810 114 811 120 812 112 813 118 814 114 815 118 816 120 817 114 818 419 819 420 820 423 821 420 822 424 823 423 824 421 825 119 826 389 827 119 828 414 829 389 830 116 831 121 832 122 833 121 834 422 835 122 836 316 837 315 838 125 839 315 840 123 841 125 842 124 843 125 844 127 845 125 846 128 847 127 848 125 849 123 850 128 851 123 852 126 853 128 854 127 855 128 856 130 857 128 858 131 859 130 860 128 861 126 862 131 863 126 864 129 865 131 866 130 867 131 868 133 869 131 870 134 871 133 872 131 873 129 874 134 875 129 876 132 877 134 878 133 879 134 880 136 881 134 882 137 883 136 884 134 885 132 886 137 887 132 888 135 889 137 890 136 891 137 892 139 893 137 894 140 895 139 896 137 897 135 898 140 899 135 900 138 901 140 902 139 903 140 904 142 905 140 906 143 907 142 908 140 909 138 910 143 911 138 912 141 913 143 914 142 915 143 916 312 917 143 918 313 919 312 920 143 921 141 922 313 923 141 924 311 925 313 926 123 927 315 928 28 929 315 930 275 931 28 932 16 933 13 934 15 935 13 936 12 937 15 938 314 939 316 940 124 941 316 942 125 943 124 944 144 945 162 946 145 947 162 948 163 949 145 950 163 951 439 952 145 953 439 954 440 955 145 956 268 957 267 958 154 959 267 960 153 961 154 962 436 963 438 964 146 965 438 966 164 967 146 968 146 969 164 970 144 971 164 972 162 973 144 974 160 975 445 976 163 977 445 978 439 979 163 980 152 981 149 982 150 983 149 984 147 985 150 986 155 987 152 988 153 989 152 990 150 991 153 992 154 993 153 994 151 995 153 996 150 997 151 998 432 999 158 1000 433 1001 158 1002 161 1003 433 1004 436 1005 146 1006 437 1007 146 1008 149 1009 437 1010 144 1011 147 1012 146 1013 147 1014 149 1015 146 1016 161 1017 158 1018 159 1019 158 1020 156 1021 159 1022 151 1023 150 1024 148 1025 150 1026 147 1027 148 1028 163 1029 162 1030 160 1031 162 1032 159 1033 160 1034 164 1035 161 1036 162 1037 161 1038 159 1039 162 1040 438 1041 433 1042 164 1043 433 1044 161 1045 164 1046 340 1047 444 1048 271 1049 444 1050 157 1051 271 1052 442 1053 443 1054 151 1055 443 1056 154 1057 151 1058 432 1059 332 1060 158 1061 332 1062 272 1063 158 1064 435 1065 155 1066 333 1067 155 1068 269 1069 333 1070 443 1071 339 1072 154 1073 339 1074 268 1075 154 1076 269 1077 155 1078 267 1079 155 1080 153 1081 267 1082 434 1083 152 1084 435 1085 152 1086 155 1087 435 1088 157 1089 444 1090 160 1091 444 1092 445 1093 160 1094 440 1095 441 1096 145 1097 441 1098 148 1099 145 1100 147 1101 144 1102 148 1103 144 1104 145 1105 148 1106 441 1107 442 1108 148 1109 442 1110 151 1111 148 1112 437 1113 149 1114 434 1115 149 1116 152 1117 434 1118 158 1119 272 1120 156 1121 272 1122 270 1123 156 1124 157 1125 156 1126 271 1127 156 1128 270 1129 271 1130 180 1131 291 1132 276 1133 291 1134 314 1135 276 1136 311 1137 274 1138 308 1139 274 1140 178 1141 308 1142 305 1143 177 1144 302 1145 177 1146 176 1147 302 1148 299 1149 175 1150 296 1151 175 1152 174 1153 296 1154 293 1155 173 1156 290 1157 173 1158 172 1159 290 1160 308 1161 178 1162 305 1163 178 1164 177 1165 305 1166 302 1167 176 1168 299 1169 176 1170 175 1171 299 1172 182 1173 306 1174 183 1175 306 1176 303 1177 183 1178 184 1179 300 1180 185 1181 300 1182 297 1183 185 1184 296 1185 174 1186 293 1187 174 1188 173 1189 293 1190 181 1191 309 1192 182 1193 309 1194 306 1195 182 1196 183 1197 303 1198 184 1199 303 1200 300 1201 184 1202 185 1203 297 1204 179 1205 297 1206 294 1207 179 1208 179 1209 294 1210 180 1211 294 1212 291 1213 180 1214 277 1215 312 1216 181 1217 312 1218 309 1219 181 1220 192 1221 184 1222 189 1223 184 1224 185 1225 189 1226 191 1227 182 1228 188 1229 182 1230 183 1231 188 1232 280 1233 277 1234 187 1235 277 1236 181 1237 187 1238 190 1239 180 1240 279 1241 180 1242 276 1243 279 1244 189 1245 185 1246 186 1247 185 1248 179 1249 186 1250 188 1251 183 1252 192 1253 183 1254 184 1255 192 1256 187 1257 181 1258 191 1259 181 1260 182 1261 191 1262 186 1263 179 1264 190 1265 179 1266 180 1267 190 1268 178 1269 278 1270 177 1271 176 1272 278 1273 175 1274 174 1275 278 1276 173 1277 172 1278 278 1279 275 1280 274 1281 278 1282 178 1283 177 1284 278 1285 176 1286 175 1287 278 1288 174 1289 173 1290 278 1291 172 1292 428 1293 199 1294 427 1295 199 1296 196 1297 427 1298 430 1299 198 1300 429 1301 198 1302 195 1303 429 1304 425 1305 197 1306 318 1307 197 1308 281 1309 318 1310 427 1311 196 1312 426 1313 196 1314 193 1315 426 1316 429 1317 195 1318 428 1319 195 1320 199 1321 428 1322 431 1323 194 1324 430 1325 194 1326 198 1327 430 1328 426 1329 193 1330 425 1331 193 1332 197 1333 425 1334 471 1335 470 1336 490 1337 470 1338 491 1339 490 1340 200 1341 447 1342 455 1343 447 1344 456 1345 455 1346 447 1347 448 1348 456 1349 448 1350 457 1351 456 1352 448 1353 449 1354 457 1355 449 1356 458 1357 457 1358 449 1359 450 1360 458 1361 450 1362 459 1363 458 1364 450 1365 451 1366 459 1367 451 1368 460 1369 459 1370 451 1371 452 1372 460 1373 452 1374 461 1375 460 1376 214 1377 463 1378 213 1379 463 1380 464 1381 213 1382 213 1383 464 1384 212 1385 464 1386 465 1387 212 1388 212 1389 465 1390 211 1391 465 1392 466 1393 211 1394 211 1395 466 1396 210 1397 466 1398 467 1399 210 1400 210 1401 501 1402 209 1403 501 1404 249 1405 209 1406 208 1407 209 1408 247 1409 209 1410 248 1411 247 1412 490 1413 391 1414 471 1415 391 1416 405 1417 471 1418 246 1419 498 1420 504 1421 453 1422 473 1423 454 1424 473 1425 472 1426 454 1427 205 1428 475 1429 206 1430 475 1431 474 1432 206 1433 204 1434 476 1435 205 1436 476 1437 475 1438 205 1439 203 1440 477 1441 204 1442 477 1443 476 1444 204 1445 202 1446 478 1447 203 1448 478 1449 477 1450 203 1451 201 1452 479 1453 202 1454 479 1455 478 1456 202 1457 446 1458 480 1459 201 1460 480 1461 479 1462 201 1463 343 1464 380 1465 446 1466 380 1467 480 1468 446 1469 469 1470 370 1471 499 1472 370 1473 288 1474 499 1475 468 1476 469 1477 503 1478 469 1479 499 1480 503 1481 468 1482 503 1483 467 1484 503 1485 502 1486 467 1487 223 1488 231 1489 284 1490 231 1491 285 1492 284 1493 222 1494 230 1495 223 1496 230 1497 231 1498 223 1499 221 1500 229 1501 222 1502 229 1503 230 1504 222 1505 220 1506 228 1507 221 1508 228 1509 229 1510 221 1511 219 1512 227 1513 220 1514 227 1515 228 1516 220 1517 218 1518 226 1519 219 1520 226 1521 227 1522 219 1523 217 1524 225 1525 218 1526 225 1527 226 1528 218 1529 462 1530 224 1531 217 1532 224 1533 225 1534 217 1535 454 1536 472 1537 482 1538 472 1539 483 1540 482 1541 462 1542 481 1543 224 1544 481 1545 234 1546 224 1547 485 1548 484 1549 510 1550 484 1551 259 1552 510 1553 487 1554 254 1555 488 1556 254 1557 235 1558 488 1559 491 1560 470 1561 492 1562 470 1563 500 1564 492 1565 502 1566 501 1567 467 1568 207 1569 486 1570 452 1571 486 1572 461 1573 452 1574 498 1575 403 1576 245 1577 403 1578 397 1579 245 1580 493 1581 492 1582 250 1583 492 1584 500 1585 250 1586 167 1587 166 1588 239 1589 166 1590 238 1591 239 1592 238 1593 166 1594 237 1595 166 1596 165 1597 237 1598 168 1599 167 1600 240 1601 167 1602 239 1603 240 1604 170 1605 169 1606 495 1607 169 1608 494 1609 495 1610 168 1611 240 1612 169 1613 240 1614 494 1615 169 1616 273 1617 286 1618 165 1619 286 1620 237 1621 165 1622 398 1623 282 1624 431 1625 282 1626 194 1627 431 1628 283 1629 200 1630 406 1631 200 1632 455 1633 406 1634 497 1635 242 1636 244 1637 171 1638 496 1639 287 1640 247 1641 289 1642 208 1643 170 1644 495 1645 171 1646 495 1647 496 1648 171 1649 403 1650 498 1651 246 1652 467 1653 501 1654 210 1655 248 1656 209 1657 249 1658 251 1659 241 1660 250 1661 241 1662 493 1663 250 1664 241 1665 244 1666 242 1667 244 1668 241 1669 243 1670 241 1671 251 1672 243 1673 207 1674 233 1675 486 1676 233 1677 505 1678 486 1679 489 1680 488 1681 506 1682 488 1683 235 1684 506 1685 232 1686 216 1687 253 1688 216 1689 252 1690 253 1691 214 1692 252 1693 463 1694 252 1695 216 1696 463 1697 266 1698 232 1699 514 1700 232 1701 253 1702 514 1703 508 1704 507 1705 509 1706 507 1707 261 1708 509 1709 507 1710 511 1711 261 1712 511 1713 512 1714 261 1715 487 1716 508 1717 254 1718 508 1719 509 1720 254 1721 233 1722 513 1723 505 1724 513 1725 263 1726 505 1727 481 1728 516 1729 234 1730 516 1731 515 1732 234 1733 482 1734 483 1735 262 1736 483 1737 256 1738 262 1739 215 1740 236 1741 255 1742 236 1743 257 1744 255 1745 265 1746 485 1747 260 1748 485 1749 510 1750 260 1751 236 1752 264 1753 257 1754 264 1755 258 1756 257 1757 256 1758 258 1759 262 1760 258 1761 264 1762 262 1763 511 1764 515 1765 512 1766 515 1767 516 1768 512 1769 513 1770 489 1771 263 1772 489 1773 506 1774 263 1775 260 1776 266 1777 265 1778 266 1779 514 1780 265 1781 316 1782 292 1783 315 1784 292 1785 290 1786 315 1787 291 1788 294 1789 292 1790 294 1791 295 1792 292 1793 292 1794 295 1795 290 1796 295 1797 293 1798 290 1799 294 1800 297 1801 295 1802 297 1803 298 1804 295 1805 295 1806 298 1807 293 1808 298 1809 296 1810 293 1811 297 1812 300 1813 298 1814 300 1815 301 1816 298 1817 298 1818 301 1819 296 1820 301 1821 299 1822 296 1823 300 1824 303 1825 301 1826 303 1827 304 1828 301 1829 301 1830 304 1831 299 1832 304 1833 302 1834 299 1835 303 1836 306 1837 304 1838 306 1839 307 1840 304 1841 304 1842 307 1843 302 1844 307 1845 305 1846 302 1847 306 1848 309 1849 307 1850 309 1851 310 1852 307 1853 307 1854 310 1855 305 1856 310 1857 308 1858 305 1859 309 1860 312 1861 310 1862 312 1863 313 1864 310 1865 310 1866 313 1867 308 1868 313 1869 311 1870 308 1871 290 1872 172 1873 315 1874 172 1875 275 1876 315 1877 160 1878 159 1879 157 1880 159 1881 156 1882 157 1883 314 1884 291 1885 316 1886 291 1887 292 1888 316 1889</p>
				</triangles>
			</mesh>
		</geometry>
		<geometry id="3819v2-mesh" name="3819v2">
			<mesh>
				<source id="3819v2-mesh-positions">
					<float_array id="3819v2-mesh-positions-array" count="2079">-3.2 -0.643 0.647 -3.2 -0.841 0.35 -3.2 -0.911 0 -3.2 -0.841 -0.35 -3.2 -0.643 -0.647 -3.2 -0.346 -0.845 -3.2 0.004 -0.915 -3.2 0.354 -0.845 -3.2 0.651 -0.647 -3.2 0.849 -0.35 -3.2 0.919 0 -3.2 0.849 0.35 -3.2 0.651 0.647 0.841 1.916 1.768 1.121 0.365 3.386 1.755 0.402 3.212 1.537 1.857 1.42 2.238 0.306 2.864 2.719 0.051 2.41 2.091 1.564 0.897 2.367 1.108 0.327 2.995 -0.404 1.839 2.157 1.338 -0.568 2.326 1.227 0.169 2.189 1.364 -0.38 2.133 1.278 -0.749 1.846 1.954 -0.309 1.743 1.436 -1.432 1.756 1.642 -1.194 2.118 1.186 -0.914 2.113 1.06 -1.056 1.774 1.798 -0.92 1.805 1.904 -0.622 1.898 1.947 0.011 2.276 1.308 -0.004 2.229 1.354 -0.19 0.71 2.591 0.434 0.751 2.459 0.92 0.796 2.235 1.373 1.476 2.117 1.059 1.959 1.88 0.326 2.027 1.754 0.626 0.606 1.85 -1.846 1.217 1.715 -1.711 0.613 2.178 -1.474 0.625 2.417 -1.037 0.647 2.568 -0.562 0.675 2.628 -0.066 1.226 1.991 -1.391 1.243 2.2 -1.022 1.271 2.338 -0.62 1.31 2.402 -0.197 1.358 2.387 0.233 1.414 2.292 0.656 1.537 -1.416 -1.853 1.756 1.198 -1.638 2.326 -0.165 -1.223 2.027 -0.622 -1.75 2.091 -0.893 -1.56 2.367 -0.323 -1.104 1.898 -0.007 -1.943 2.276 0.008 -1.304 1.959 -0.322 -1.876 2.229 0.194 -1.35 1.846 0.313 -1.95 1.805 0.626 -1.9 1.774 0.924 -1.795 2.189 0.384 -1.36 2.157 0.572 -1.334 2.118 0.918 -1.182 2.133 0.752 -1.274 0.675 0.07 -2.624 0.647 0.566 -2.564 0.625 1.041 -2.413 0.613 1.478 -2.174 0.841 -1.764 -1.912 0.796 -1.37 -2.231 0.751 -0.916 -2.455 0.71 -0.43 -2.587 1.476 -1.055 -2.113 1.414 -0.652 -2.288 1.358 -0.229 -2.383 1.226 1.395 -1.987 1.243 1.026 -2.196 1.271 0.624 -2.334 1.31 0.201 -2.398 1.2 0.004 0 1.2 0.004 0.915 1.2 0.354 0.845 1.2 0.651 0.647 1.2 0.849 0.35 1.2 0.919 0 1.2 0.849 -0.35 1.2 0.651 -0.647 1.2 0.354 -0.845 1.2 0.004 -0.915 1.2 -0.346 -0.845 1.2 -0.643 -0.647 1.2 -0.841 -0.35 1.2 -0.911 0 1.2 -0.841 0.35 1.2 -0.643 0.647 1.2 -0.346 0.845 2.98 -1.799 0.372 2.74 -2.28 -0.009 2.221 -2.789 -0.303 1.655 -3.107 -0.386 1.106 -3.346 -0.398 3.52 -1.648 3.078 3.607 -3.264 1.854 3.273 -2.453 1.033 3.725 -2.182 3.668 2.321 -0.699 4.278 2.821 -0.863 4.005 2.961 -1.3 4.508 3.285 -1.198 3.556 3.46 -1.678 4.106 1.909 -0.645 4.396 3.022 -0.572 2.957 2.544 -0.262 3.44 2.084 -0.179 3.692 3.267 -1.017 2.443 1.578 -0.147 3.899 0 2.206 1.471 0.007 1.776 1.976 0.284 1.34 2.412 0.703 0.798 2.953 0.029 -1.934 -1.805 0 -1.547 -2.137 0 -1.076 -2.411 0 -0.576 -2.579 0 0.445 -2.613 0 -0.054 -2.643 0 1.471 -2.197 0 1.015 -2.442 0 1.871 -1.868 0 2.199 -1.467 0 2.443 -1.011 0 2.652 0 0 2.587 -0.549 0 2.593 0.562 0 2.45 1.013 0.276 -2.402 -1.341 0.707 -2.932 -0.811 3.346 -3.613 1.372 2.575 -3.385 0.333 1.63 -3.916 0.172 2.008 -3.742 0.195 1.999 -4.677 0.933 2.98 -4.071 1.098 2.382 -4.488 0.954 3.015 -2.94 0.622 2 -1.064 4.839 3.463 -1.864 4.634 3.848 -2.535 5.46 3.807 -2.489 4.43 2 -1.212 5.082 2.494 -1.303 4.984 2.849 -1.399 4.901 2.418 -1.09 4.73 3.414 -1.886 5.46 0.717 0.294 3.345 1.177 -0.771 4.268 0.988 -0.254 3.81 0 0.3 2.452 0 -0.451 2.6 0.08 -0.156 2.894 0 -1.251 2.827 0.562 -1.04 3.997 0.467 -0.487 3.577 0.112 -0.87 3.195 0.135 -1.5 3.537 0.146 -2.042 4.005 0 -2.219 3.632 0 -1.787 3.158 0.332 0.116 3.166 0.049 0.484 2.641 0.019 1.215 2.291 0.081 1.281 2.357 0.205 0.652 2.809 0 1.143 2.219 0.174 1.324 2.4 0.443 0.763 2.919 0.58 -4.288 1.389 0.499 -3.647 0.609 0.332 -3.14 -0.134 0.716 -3.319 -0.312 1.295 -4.66 1.06 0.125 -3.844 1.929 0.174 -2.389 -1.328 0.08 -2.959 0.057 0.049 -2.654 -0.53 0.443 -2.9 -0.774 0.205 -2.79 -0.663 0.019 -2.279 -1.218 0.005 -2.855 0.164 0 -2.553 -0.467 0 -2.217 -1.166 0.081 -2.345 -1.284 0.12 -3.376 0.878 0 -3.804 2.275 0 -3.25 1.036 1.049 -3.914 0.292 1.999 -4.908 1.2 2.511 -4.709 1.228 2 -5.253 1.982 2 -5.136 1.607 2 -5.296 2.381 3.526 -3.899 2.038 3.505 -3.867 1.855 3.42 -3.731 1.541 3.071 -4.225 1.304 2.676 -5.014 2.24 3.279 -4.465 2.104 2.591 -4.869 1.541 3.233 -4.441 1.825 2.644 -4.974 1.876 3.464 -3.815 1.689 3.168 -4.361 1.57 3.776 -3.288 2.842 4 -3.3 5.46 2 -1.3 5.46 2.765 -1.452 5.46 1.235 -1.452 5.46 0.586 -1.886 5.46 0.152 -2.535 5.46 0 -3.3 5.46 0 -2.591 4.438 0.586 -1.528 4.464 1.229 -1.206 4.725 1.229 -1.378 5.014 0.16 -2.392 4.594 0.586 -1.761 4.855 0.18 -4.045 2.142 0.575 -4.544 1.759 0.152 -4.065 2.381 0.576 -4.66 2.066 0.586 -4.714 2.381 1.241 -5.148 2.059 1.235 -5.195 2.381 1.269 -5.077 1.746 1.309 -4.861 1.311 2.73 -5.071 2.955 2 -5.297 3.053 2.76 -5.088 4.389 3.906 -3.298 4.359 3.761 -4.015 4.328 3.371 -4.651 4.352 3.659 -3.927 2.801 3.364 -4.529 2.853 2 -5.296 4.43 2 -5.3 5.46 2.765 -5.148 5.46 3.848 -4.065 5.46 3.414 -4.714 5.46 2 -3.3 1.9 2.44 -2.238 1.9 2.813 -2.487 1.9 3.062 -2.86 1.9 3.15 -3.3 1.9 3.062 -3.74 1.9 2.813 -4.113 1.9 2.44 -4.362 1.9 2 -4.45 1.9 1.56 -4.362 1.9 1.187 -4.113 1.9 0.938 -3.74 1.9 0.85 -3.3 1.9 0.938 -2.86 1.9 1.187 -2.487 1.9 1.56 -2.238 1.9 2 -2.15 1.9 2 -2.15 7.7 1.56 -2.238 7.7 1.187 -2.487 7.7 0.938 -2.86 7.7 0.85 -3.3 7.7 0.938 -3.74 7.7 1.187 -4.113 7.7 1.56 -4.362 7.7 2 -4.45 7.7 2.44 -4.362 7.7 2.813 -4.113 7.7 3.062 -3.74 7.7 3.15 -3.3 7.7 3.062 -2.86 7.7 2.813 -2.487 7.7 2.44 -2.238 7.7 2 -1.3 7.7 1.235 -1.452 7.7 0.586 -1.886 7.7 0.152 -2.535 7.7 0 -3.3 7.7 0.152 -4.065 7.7 0.586 -4.714 7.7 1.235 -5.148 7.7 2 -5.3 7.7 2.765 -5.148 7.7 3.414 -4.714 7.7 3.848 -4.065 7.7 4 -3.3 7.7 3.848 -2.535 7.7 3.414 -1.886 7.7 2.765 -1.452 7.7 0.152 -4.065 5.46 0.586 -4.714 5.46 1.235 -5.148 5.46 0 -3.801 3.053 0.152 -4.065 3.053 0.586 -4.714 3.053 0 -3.8 4.435 1.235 -5.148 3.053 0.586 -4.714 4.435 0.152 -4.065 4.435 1.235 -5.148 4.435 0 0.004 -1.887 0 0.726 -1.744 0 1.339 -1.335 0 1.748 -0.722 0 1.891 0 0 1.748 0.722 0 1.339 1.335 0 0.726 1.744 0 0.004 1.887 0 -0.718 1.744 0 -1.331 1.335 0 -1.74 0.722 0 -1.884 0 0 -1.74 -0.722 0 -1.331 -1.335 0 -0.718 -1.744 -1 0.004 -1.887 -1 0.726 -1.744 -1 1.339 -1.335 -1 1.748 -0.722 -1 1.891 0 -1 1.748 0.722 -1 1.339 1.335 -1 0.726 1.744 -1 -0.718 1.744 -1 -1.331 1.335 -1 -1.74 0.722 -1 -1.884 0 -1 -1.74 -0.722 -1 -1.331 -1.335 -1 -0.718 -1.744 2.367 0.393 -0.389 -1 2.045 0 -1.578 2.03 0 -2.7 1.801 0 -3.2 1.5 0 -1 1.89 -0.781 -1.578 1.876 -0.775 -2.7 1.664 -0.688 -3.2 1.386 -0.573 -1 1.447 -1.444 -1.578 1.437 -1.433 -2.7 1.275 -1.271 -3.2 1.062 -1.058 -1 0.785 -1.886 -1.578 0.779 -1.872 -2.7 0.692 -1.66 -3.2 0.576 -1.382 -1 0.004 -2.042 -1.578 0.004 -2.026 -2.7 0.004 -1.797 -3.2 0.004 -1.496 -1 -0.777 -1.886 -1.578 -0.771 -1.872 -2.7 -0.684 -1.66 -3.2 -0.569 -1.382 -1 -1.44 -1.444 -1.578 -1.429 -1.433 -2.7 -1.267 -1.271 -3.2 -1.054 -1.058 -1 -1.882 -0.781 -1.578 -1.868 -0.775 -2.7 -1.656 -0.688 -3.2 -1.378 -0.573 -1 -2.038 0 -1.578 -2.022 0 -2.7 -1.793 0 -3.2 -1.492 0 -1 -1.882 0.781 -1.578 -1.868 0.775 -2.7 -1.656 0.688 -3.2 -1.378 0.573 -1 -1.44 1.444 -1.578 -1.429 1.433 -2.7 -1.267 1.271 -3.2 -1.054 1.058 -1 -0.777 1.886 -1.578 -0.771 1.872 -2.7 -0.684 1.66 -3.2 -0.569 1.382 -1 0.785 1.886 -1.578 0.779 1.872 -2.7 0.692 1.66 -3.2 0.576 1.382 -1 1.447 1.444 -1.578 1.437 1.433 -2.7 1.275 1.271 -3.2 1.062 1.058 -1 1.89 0.781 -1.578 1.876 0.775 -2.7 1.664 0.688 -3.2 1.386 0.573 -2.15 1.978 0 -2.15 1.827 -0.755 -2.15 1.399 -1.396 -2.15 0.759 -1.823 -2.15 0.004 -1.974 -2.15 -0.751 -1.823 -2.15 -1.392 -1.396 -2.15 -1.819 -0.755 -2.15 -1.97 0 -2.15 -1.819 0.755 -2.15 -1.392 1.396 -2.15 -0.751 1.823 -2.15 0.759 1.823 -2.15 1.399 1.396 -2.15 1.827 0.755 -3.2 -0.346 0.845 -1.194 -0.346 0.845 -1.06 -0.32 0.851 -0.947 -0.244 0.866 -0.871 -0.13 0.888 -0.844 0.004 0.915 -0.871 0.138 0.888 -0.947 0.252 0.866 -1.06 0.327 0.851 -1.194 0.354 0.845 -3.2 0.354 0.845 -3.2 -0.346 1.426 -2.7 -0.346 1.727 -2.15 -0.346 1.904 -1.578 -0.346 1.956 -1.194 -0.346 1.967 -1.06 -0.32 1.976 -1 -0.279 1.985 -1 -0.279 1.831 -0.947 -0.244 1.838 -0.871 -0.13 1.861 -0.844 0.004 1.887 -0.871 0.138 1.861 -0.947 0.252 1.838 -1 0.287 1.831 -1 0.287 1.985 -1.06 0.327 1.976 -1.194 0.354 1.967 -1.578 0.354 1.956 -2.15 0.354 1.904 -2.7 0.354 1.727 -3.2 0.354 1.426 0 -2.728 5.46 0 -2.8 7.7 0 -3.8 7.7 0 -3.8 5.46 0 -3.3 4.433 0 -3.3 3.587 2.518 0.535 1.926 1.463 0.886 2.751 2.021 0.787 2.415 2.797 0.073 1.362 2.8 -1.366 -0.062 2.549 -1.871 -0.466 2.017 -2.38 -0.766 1.408 -2.699 -0.849 2.543 -0.038 0.028 1.777 -1.899 -1.309 2.529 0.717 0.718 2.312 -1.366 -1.032 2.556 -0.78 -0.648 1.116 -2.218 -1.396 2.277 1.116 1.345 1.137 1.427 2.235 2.528 0.719 0.716 1.766 1.351 1.891 0 1.471 -2.197 0 1.015 -2.442 0 -2.553 -0.467 0 -2.217 -1.166 1.2 -0.643 0.647 1.2 -0.841 0.35 1.2 -0.911 0 1.2 -0.841 -0.35 1.2 -0.643 -0.647 1.2 -0.346 -0.845 -0.844 0.004 0.915 -0.871 0.138 0.888 1.2 0.919 0 1.2 0.849 0.35 1.2 0.849 -0.35 1.2 0.651 0.647 1.2 0.354 0.845 1.2 0.651 -0.647 1.2 0.354 -0.845 1.2 0.004 -0.915 1.2 -0.346 0.845 0 1.871 -1.868 0 2.199 -1.467 0 -3.25 1.036 0.005 -2.855 0.164 0 0.445 -2.613 0 -0.054 -2.643 0 -0.576 -2.579 0 -1.076 -2.411 0 -0.451 2.6 0 -1.251 2.827 0 0.3 2.452 -3.2 -0.346 -0.845 -3.2 0.004 -0.915 0 1.143 2.219 0.007 1.776 1.976 1.2 0.004 0.915 -3.2 0.354 -0.845 -3.2 0.651 -0.647 -3.2 0.849 -0.35 0 2.587 -0.549 0 2.443 -1.011 -3.2 0.849 0.35 -3.2 0.651 0.647 -3.2 0.919 0 0 -1.547 -2.137 0 2.206 1.471 0.85 -3.3 1.9 0.938 -2.86 1.9 2.44 -2.238 1.9 2.813 -2.487 1.9 -3.2 -0.841 -0.35 -3.2 -0.643 -0.647 3.062 -3.74 1.9 2.813 -4.113 1.9 2.44 -4.362 1.9 0 2.652 0 -3.2 -0.841 0.35 -3.2 -0.911 0 1.56 -4.362 1.9 1.187 -4.113 1.9 3.062 -2.86 1.9 -3.2 -0.643 0.647 0 -2.219 3.632 0 -1.787 3.158 0.029 -1.934 -1.805 0 2.45 1.013 0 2.593 0.562 1.187 -2.487 1.9 1.56 -2.238 1.9 2 -4.45 1.9 0.938 -3.74 1.9 3.15 -3.3 1.9 2 -2.15 1.9 1.56 -2.238 7.7 2 -2.15 7.7 1.187 -2.487 7.7 0.938 -2.86 7.7 0.85 -3.3 7.7 0.938 -3.74 7.7 1.187 -4.113 7.7 1.56 -4.362 7.7 2 -4.45 7.7 2.44 -4.362 7.7 2.813 -4.113 7.7 3.062 -3.74 7.7 3.15 -3.3 7.7 3.062 -2.86 7.7 2.813 -2.487 7.7 2.44 -2.238 7.7 1.235 -1.452 7.7 2 -1.3 7.7 0.586 -1.886 7.7 0.152 -2.535 7.7 0 -2.8 7.7 0 -2.8 7.7 0 -3.8 7.7 0 -3.8 7.7 0 -3.3 7.7 0.586 -4.714 7.7 0.152 -4.065 7.7 1.235 -5.148 7.7 2 -5.3 7.7 2.765 -5.148 7.7 3.414 -4.714 7.7 3.848 -4.065 7.7 4 -3.3 7.7 3.848 -2.535 7.7 3.414 -1.886 7.7 2.765 -1.452 7.7 0 -2.591 4.438 0 -3.804 2.275 0 -3.801 3.053 0 -3.8 4.435 0 0.726 -1.744 0 0.004 -1.887 0 1.339 -1.335 0 1.748 -0.722 0 1.891 0 0 1.748 0.722 0 1.339 1.335 0 0.726 1.744 0 0.004 1.887 0 -0.718 1.744 0 -1.331 1.335 0 -1.74 0.722 0 -1.884 0 0 -1.74 -0.722 0 -1.331 -1.335 0 -0.718 -1.744 -1 0.004 -1.887 -1 -0.718 -1.744 -1 -1.331 -1.335 -1 -1.74 -0.722 -1 -1.884 0 -1 -1.74 0.722 -1 -1.331 1.335 -1 -0.718 1.744 -1 0.726 1.744 -1 1.339 1.335 -1 1.748 0.722 -1 1.891 0 -1 1.748 -0.722 -1 1.339 -1.335 -1 0.726 -1.744 -3.2 1.5 0 -3.2 1.386 -0.573 -1 2.045 0 -1 1.89 -0.781 -3.2 1.062 -1.058 -1 1.447 -1.444 -3.2 0.576 -1.382 -1 0.785 -1.886 -3.2 0.004 -1.496 -1 0.004 -2.042 -3.2 -0.569 -1.382 -1 -0.777 -1.886 -3.2 -1.054 -1.058 -1 -1.44 -1.444 -3.2 -1.378 -0.573 -1 -1.882 -0.781 -3.2 -1.492 0 -1 -2.038 0 -3.2 -1.378 0.573 -1 -1.882 0.781 -3.2 -1.054 1.058 -1 -1.44 1.444 -3.2 -0.569 1.382 -1 -0.777 1.886 -3.2 0.354 0.845 -3.2 0.354 0.845 -3.2 -0.346 0.845 -3.2 -0.346 0.845 -3.2 0.576 1.382 -3.2 1.062 1.058 -1 0.785 1.886 -1 1.447 1.444 -3.2 1.386 0.573 -1 1.89 0.781 -1 -0.279 1.985 -1 -0.279 1.985 -1 -0.279 1.831 -1 -0.279 1.831 -1 0.287 1.985 -1 0.287 1.985 -1 0.287 1.831 -1 0.287 1.831 -0.844 0.004 1.887 -0.871 0.138 1.861 -1.06 0.327 0.851 -1.194 0.354 0.845 -3.2 -0.346 1.426 -3.2 -0.346 1.426 -1.194 -0.346 0.845 -1.06 -0.32 0.851 -0.947 -0.244 0.866 -0.871 -0.13 0.888 -0.947 0.252 0.866 -2.7 -0.346 1.727 -2.15 -0.346 1.904 -1.578 -0.346 1.956 -1.194 -0.346 1.967 -1.06 -0.32 1.976 -0.947 -0.244 1.838 -0.871 -0.13 1.861 -0.947 0.252 1.838 -1.06 0.327 1.976 -1.194 0.354 1.967 -1.578 0.354 1.956 -2.15 0.354 1.904 -2.7 0.354 1.727 -3.2 0.354 1.426 -3.2 0.354 1.426 0 -2.728 5.46 0 -3.8 5.46</float_array>
					<technique_common>
						<accessor source="#3819v2-mesh-positions-array" count="693" stride="3">
							<param name="X" type="float"/>
							<param name="Y" type="float"/>
							<param name="Z" type="float"/>
						</accessor>
					</technique_common>
				</source>
				<source id="3819v2-mesh-map-0">
					<float_array id="3819v2-mesh-map-0-array" count="5712">0.274 0.368 0.241 0.369 0.279 0.327 0.241 0.369 0.242 0.326 0.279 0.327 0.272 0.588 0.247 0.573 0.287 0.56 0.247 0.573 0.268 0.548 0.287 0.56 0.211 0.369 0.215 0.327 0.241 0.369 0.215 0.327 0.242 0.326 0.241 0.369 0.224 0.498 0.191 0.516 0.213 0.478 0.191 0.516 0.173 0.488 0.213 0.478 0.317 0.288 0.312 0.329 0.285 0.284 0.312 0.329 0.279 0.327 0.285 0.284 0.236 0.517 0.207 0.537 0.224 0.498 0.207 0.537 0.191 0.516 0.224 0.498 0.451 0.531 0.465 0.513 0.48 0.55 0.465 0.513 0.498 0.529 0.48 0.55 0.485 0.473 0.524 0.481 0.476 0.494 0.524 0.481 0.514 0.505 0.476 0.494 0.416 0.477 0.411 0.488 0.388 0.47 0.411 0.488 0.386 0.477 0.388 0.47 0.374 0.574 0.396 0.568 0.381 0.604 0.396 0.568 0.408 0.597 0.381 0.604 0.459 0.569 0.435 0.546 0.48 0.55 0.435 0.546 0.451 0.531 0.48 0.55 0.404 0.498 0.382 0.483 0.411 0.488 0.382 0.483 0.386 0.477 0.411 0.488 0.785 0.429 0.808 0.464 0.773 0.44 0.832 0.429 0.808 0.464 0.817 0.422 0.817 0.422 0.808 0.464 0.8 0.422 0.767 0.456 0.808 0.464 0.767 0.472 0.844 0.44 0.808 0.464 0.832 0.429 0.767 0.472 0.808 0.464 0.773 0.487 0.608 0.758 0.812 0.758 0.608 0.774 0.812 0.758 0.812 0.774 0.608 0.774 0.608 0.724 0.812 0.724 0.608 0.741 0.812 0.724 0.812 0.741 0.608 0.741 0.608 0.791 0.812 0.791 0.608 0.807 0.812 0.791 0.812 0.807 0.608 0.807 0.761 0.407 0.755 0.403 0.775 0.373 0.755 0.403 0.768 0.371 0.775 0.373 0.61 0.306 0.596 0.337 0.604 0.302 0.596 0.337 0.589 0.336 0.604 0.302 0.785 0.499 0.808 0.464 0.8 0.506 0.8 0.506 0.808 0.464 0.817 0.506 0.8 0.422 0.808 0.464 0.785 0.429 0.85 0.472 0.808 0.464 0.85 0.456 0.832 0.499 0.808 0.464 0.844 0.487 0.85 0.456 0.808 0.464 0.844 0.44 0.767 0.456 0.773 0.44 0.808 0.464 0.817 0.506 0.808 0.464 0.832 0.499 0.773 0.487 0.808 0.464 0.785 0.499 0.844 0.487 0.808 0.464 0.85 0.472 0.731 0.427 0.735 0.433 0.7 0.44 0.735 0.433 0.701 0.447 0.7 0.44 0.672 0.133 0.623 0.164 0.619 0.132 0.608 0.883 0.812 0.883 0.608 0.9 0.812 0.883 0.812 0.9 0.608 0.9 0.608 0.774 0.812 0.774 0.608 0.791 0.812 0.774 0.812 0.791 0.608 0.791 0.7 0.44 0.701 0.447 0.665 0.44 0.701 0.447 0.664 0.447 0.665 0.44 0.665 0.44 0.664 0.447 0.634 0.427 0.664 0.447 0.63 0.433 0.634 0.427 0.608 0.9 0.812 0.9 0.608 0.916 0.812 0.9 0.812 0.916 0.608 0.916 0.677 0.161 0.633 0.179 0.628 0.171 0.735 0.275 0.731 0.281 0.701 0.261 0.731 0.281 0.7 0.268 0.701 0.261 0.696 0.425 0.691 0.398 0.721 0.414 0.691 0.398 0.706 0.392 0.721 0.414 0.664 0.261 0.665 0.268 0.63 0.275 0.665 0.268 0.634 0.281 0.63 0.275 0.735 0.433 0.731 0.427 0.761 0.407 0.731 0.427 0.755 0.403 0.761 0.407 0.608 0.741 0.812 0.741 0.608 0.758 0.812 0.741 0.812 0.758 0.608 0.758 0.775 0.373 0.768 0.371 0.775 0.336 0.768 0.371 0.768 0.337 0.775 0.336 0.608 0.833 0.812 0.833 0.608 0.85 0.812 0.833 0.812 0.85 0.608 0.85 0.701 0.261 0.7 0.268 0.664 0.261 0.7 0.268 0.665 0.268 0.664 0.261 0.608 0.866 0.812 0.866 0.608 0.883 0.812 0.866 0.812 0.883 0.608 0.883 0.761 0.302 0.755 0.306 0.735 0.275 0.755 0.306 0.731 0.281 0.735 0.275 0.724 0.348 0.75 0.343 0.724 0.365 0.75 0.343 0.75 0.37 0.724 0.365 0.608 0.807 0.812 0.807 0.608 0.824 0.812 0.807 0.812 0.824 0.608 0.824 0.608 0.85 0.812 0.85 0.608 0.866 0.812 0.85 0.812 0.866 0.608 0.866 0.634 0.281 0.61 0.306 0.63 0.275 0.61 0.306 0.604 0.302 0.63 0.275 0.775 0.336 0.768 0.337 0.761 0.302 0.768 0.337 0.755 0.306 0.761 0.302 0.608 0.916 0.812 0.916 0.608 0.933 0.812 0.916 0.812 0.933 0.608 0.933 0.623 0.164 0.672 0.133 0.628 0.171 0.596 0.337 0.596 0.371 0.589 0.336 0.596 0.371 0.589 0.373 0.589 0.336 0.32 0.211 0.324 0.251 0.283 0.219 0.324 0.251 0.289 0.247 0.283 0.219 0.352 0.607 0.323 0.605 0.352 0.576 0.323 0.605 0.329 0.574 0.352 0.576 0.402 0.292 0.317 0.288 0.383 0.258 0.317 0.288 0.324 0.251 0.383 0.258 0.289 0.247 0.324 0.251 0.285 0.284 0.324 0.251 0.317 0.288 0.285 0.284 0.358 0.498 0.365 0.496 0.363 0.522 0.365 0.496 0.374 0.519 0.363 0.522 0.423 0.34 0.423 0.301 0.449 0.342 0.423 0.301 0.446 0.302 0.449 0.342 0.215 0.282 0.213 0.247 0.247 0.282 0.213 0.247 0.249 0.244 0.247 0.282 0.213 0.247 0.214 0.227 0.249 0.244 0.214 0.227 0.237 0.224 0.249 0.244 0.215 0.282 0.247 0.282 0.215 0.327 0.247 0.282 0.242 0.326 0.215 0.327 0.166 0.457 0.173 0.488 0.161 0.459 0.396 0.337 0.394 0.376 0.312 0.329 0.394 0.376 0.309 0.369 0.312 0.329 0.365 0.496 0.371 0.493 0.374 0.519 0.371 0.493 0.385 0.514 0.374 0.519 0.316 0.477 0.29 0.489 0.313 0.47 0.29 0.489 0.284 0.478 0.313 0.47 0.538 0.451 0.533 0.45 0.552 0.416 0.533 0.45 0.54 0.414 0.552 0.416 0.445 0.293 0.469 0.289 0.446 0.302 0.469 0.289 0.471 0.301 0.446 0.302 0.421 0.378 0.421 0.404 0.394 0.376 0.421 0.404 0.393 0.402 0.394 0.376 0.396 0.568 0.416 0.558 0.408 0.597 0.416 0.558 0.437 0.584 0.408 0.597 0.381 0.604 0.352 0.607 0.374 0.574 0.352 0.607 0.352 0.576 0.374 0.574 0.416 0.558 0.435 0.546 0.437 0.584 0.435 0.546 0.459 0.569 0.437 0.584 0.329 0.574 0.323 0.605 0.307 0.569 0.323 0.605 0.296 0.598 0.307 0.569 0.287 0.56 0.268 0.548 0.302 0.537 0.268 0.548 0.288 0.527 0.302 0.537 0.288 0.527 0.268 0.548 0.275 0.516 0.268 0.548 0.251 0.533 0.275 0.516 0.287 0.56 0.307 0.569 0.272 0.588 0.307 0.569 0.296 0.598 0.272 0.588 0.476 0.494 0.446 0.485 0.485 0.473 0.446 0.485 0.452 0.468 0.485 0.473 0.487 0.288 0.485 0.3 0.469 0.289 0.485 0.3 0.471 0.301 0.469 0.289 0.231 0.06 0.264 0.178 0.191 0.07 0.264 0.178 0.222 0.193 0.191 0.07 0.264 0.178 0.303 0.163 0.283 0.219 0.303 0.163 0.32 0.211 0.283 0.219 0.154 0.341 0.123 0.354 0.148 0.301 0.123 0.354 0.109 0.317 0.148 0.301 0.136 0.391 0.158 0.382 0.147 0.423 0.158 0.382 0.16 0.417 0.147 0.423 0.038 0.51 0.038 0.614 0.015 0.51 0.038 0.614 0.015 0.614 0.015 0.51 0.134 0.427 0.113 0.398 0.147 0.423 0.113 0.398 0.136 0.391 0.147 0.423 0.151 0.462 0.156 0.461 0.173 0.488 0.147 0.423 0.16 0.417 0.161 0.459 0.16 0.417 0.166 0.457 0.161 0.459 0.068 0.333 0.109 0.317 0.09 0.365 0.109 0.317 0.123 0.354 0.09 0.365 0.063 0.373 0.09 0.365 0.092 0.403 0.09 0.365 0.113 0.398 0.092 0.403 0.05 0.299 0.068 0.333 0.033 0.316 0.068 0.333 0.045 0.346 0.033 0.316 0.039 0.263 0.05 0.299 0.025 0.27 0.05 0.299 0.033 0.316 0.025 0.27 0.533 0.45 0.524 0.481 0.528 0.449 0.523 0.447 0.515 0.408 0.528 0.449 0.515 0.408 0.527 0.411 0.528 0.449 0.523 0.381 0.516 0.342 0.543 0.384 0.516 0.342 0.545 0.342 0.543 0.384 0.51 0.299 0.544 0.298 0.516 0.342 0.544 0.298 0.545 0.342 0.516 0.342 0.543 0.384 0.545 0.342 0.561 0.385 0.545 0.342 0.57 0.341 0.561 0.385 0.533 0.45 0.538 0.451 0.524 0.481 0.505 0.378 0.523 0.381 0.515 0.408 0.523 0.381 0.527 0.411 0.515 0.408 0.544 0.298 0.578 0.288 0.545 0.342 0.578 0.288 0.57 0.341 0.545 0.342 0.527 0.411 0.523 0.381 0.54 0.414 0.523 0.381 0.543 0.384 0.54 0.414 0.561 0.385 0.569 0.385 0.552 0.416 0.569 0.385 0.558 0.417 0.552 0.416 0.466 0.266 0.464 0.254 0.488 0.261 0.464 0.254 0.489 0.247 0.488 0.261 0.423 0.301 0.423 0.293 0.446 0.302 0.423 0.293 0.445 0.293 0.446 0.302 0.396 0.337 0.312 0.329 0.402 0.292 0.312 0.329 0.317 0.288 0.402 0.292 0.488 0.223 0.489 0.247 0.46 0.229 0.489 0.247 0.464 0.254 0.46 0.229 0.148 0.301 0.19 0.286 0.154 0.341 0.19 0.286 0.186 0.33 0.154 0.341 0.085 0.253 0.08 0.217 0.132 0.242 0.08 0.217 0.128 0.214 0.132 0.242 0.109 0.087 0.128 0.214 0.068 0.092 0.128 0.214 0.08 0.217 0.068 0.092 0.505 0.378 0.515 0.408 0.48 0.379 0.515 0.408 0.483 0.407 0.48 0.379 0.148 0.301 0.109 0.317 0.138 0.263 0.109 0.317 0.093 0.279 0.138 0.263 0.173 0.488 0.156 0.461 0.161 0.459 0.05 0.299 0.093 0.279 0.068 0.333 0.093 0.279 0.109 0.317 0.068 0.333 0.123 0.354 0.154 0.341 0.136 0.391 0.154 0.341 0.158 0.382 0.136 0.391 0.136 0.391 0.113 0.398 0.123 0.354 0.113 0.398 0.09 0.365 0.123 0.354 0.54 0.414 0.533 0.45 0.527 0.411 0.533 0.45 0.528 0.449 0.527 0.411 0.54 0.414 0.543 0.384 0.552 0.416 0.543 0.384 0.561 0.385 0.552 0.416 0.449 0.342 0.476 0.342 0.453 0.379 0.476 0.342 0.48 0.379 0.453 0.379 0.396 0.337 0.423 0.34 0.394 0.376 0.423 0.34 0.421 0.378 0.394 0.376 0.307 0.508 0.298 0.499 0.325 0.489 0.298 0.499 0.32 0.484 0.325 0.489 0.32 0.484 0.298 0.499 0.316 0.477 0.298 0.499 0.29 0.489 0.316 0.477 0.438 0.265 0.464 0.254 0.441 0.274 0.464 0.254 0.466 0.266 0.441 0.274 0.33 0.839 0.599 0.839 0.33 0.86 0.599 0.839 0.599 0.86 0.33 0.86 0.329 0.64 0.598 0.64 0.329 0.661 0.598 0.64 0.598 0.661 0.329 0.661 0.33 0.818 0.599 0.818 0.33 0.839 0.599 0.818 0.599 0.839 0.33 0.839 0.33 0.964 0.599 0.964 0.33 0.985 0.599 0.964 0.599 0.985 0.33 0.985 0.329 0.661 0.598 0.661 0.329 0.681 0.598 0.661 0.598 0.681 0.329 0.681 0.329 0.723 0.598 0.723 0.329 0.744 0.598 0.723 0.598 0.744 0.329 0.744 0.329 0.765 0.598 0.765 0.329 0.786 0.598 0.765 0.598 0.786 0.329 0.786 0.329 0.681 0.598 0.681 0.329 0.702 0.598 0.681 0.598 0.702 0.329 0.702 0.33 0.881 0.599 0.881 0.33 0.902 0.599 0.881 0.599 0.902 0.33 0.902 0.33 0.86 0.599 0.86 0.33 0.881 0.599 0.86 0.599 0.881 0.33 0.881 0.33 0.922 0.599 0.922 0.33 0.943 0.599 0.922 0.599 0.943 0.33 0.943 0.33 0.943 0.599 0.943 0.33 0.964 0.599 0.943 0.599 0.964 0.33 0.964 0.329 0.744 0.598 0.744 0.329 0.765 0.598 0.744 0.598 0.765 0.329 0.765 0.33 0.902 0.599 0.902 0.33 0.922 0.599 0.902 0.599 0.922 0.33 0.922 0.329 0.702 0.598 0.702 0.329 0.723 0.598 0.702 0.598 0.723 0.329 0.723 0.329 0.786 0.598 0.786 0.329 0.807 0.598 0.786 0.598 0.807 0.329 0.807 0.224 0.555 0.207 0.537 0.251 0.533 0.207 0.537 0.236 0.517 0.251 0.533 0.247 0.573 0.224 0.555 0.268 0.548 0.224 0.555 0.251 0.533 0.268 0.548 0.498 0.529 0.465 0.513 0.514 0.505 0.465 0.513 0.476 0.494 0.514 0.505 0.181 0.816 0.191 0.869 0.162 0.824 0.236 0.839 0.191 0.869 0.221 0.824 0.236 0.899 0.191 0.869 0.244 0.879 0.147 0.899 0.191 0.869 0.162 0.913 0.244 0.879 0.191 0.869 0.244 0.858 0.221 0.824 0.191 0.869 0.202 0.816 0.139 0.858 0.191 0.869 0.139 0.879 0.181 0.921 0.191 0.869 0.202 0.921 0.202 0.816 0.191 0.869 0.181 0.816 0.221 0.913 0.191 0.869 0.236 0.899 0.162 0.824 0.191 0.869 0.147 0.839 0.162 0.913 0.191 0.869 0.181 0.921 0.244 0.858 0.191 0.869 0.236 0.839 0.139 0.879 0.191 0.869 0.147 0.899 0.147 0.839 0.191 0.869 0.139 0.858 0.202 0.921 0.191 0.869 0.221 0.913 0.241 0.369 0.274 0.368 0.241 0.402 0.274 0.368 0.275 0.401 0.241 0.402 0.161 0.459 0.156 0.461 0.147 0.423 0.156 0.461 0.134 0.427 0.147 0.423 0.173 0.488 0.166 0.457 0.171 0.454 0.16 0.417 0.172 0.411 0.166 0.457 0.172 0.411 0.171 0.454 0.166 0.457 0.665 0.499 0.665 0.46 0.685 0.503 0.665 0.46 0.7 0.467 0.685 0.503 0.627 0.515 0.599 0.487 0.645 0.503 0.599 0.487 0.629 0.467 0.645 0.503 0.665 0.606 0.665 0.645 0.645 0.602 0.665 0.645 0.629 0.638 0.645 0.602 0.714 0.532 0.751 0.517 0.718 0.552 0.751 0.517 0.758 0.552 0.718 0.552 0.751 0.517 0.714 0.532 0.731 0.487 0.714 0.532 0.703 0.515 0.731 0.487 0.7 0.638 0.665 0.645 0.685 0.602 0.665 0.645 0.665 0.606 0.685 0.602 0.612 0.552 0.572 0.552 0.572 0.529 0.616 0.573 0.579 0.588 0.612 0.552 0.579 0.588 0.572 0.576 0.612 0.552 0.587 0.003 0.593 0.115 0.547 0.006 0.593 0.115 0.555 0.116 0.547 0.006 0.751 0.588 0.714 0.573 0.758 0.552 0.714 0.573 0.718 0.552 0.758 0.552 0.579 0.588 0.616 0.573 0.599 0.618 0.616 0.573 0.627 0.59 0.599 0.618 0.731 0.618 0.703 0.59 0.751 0.588 0.703 0.59 0.714 0.573 0.751 0.588 0.7 0.638 0.685 0.602 0.731 0.618 0.685 0.602 0.703 0.59 0.731 0.618 0.629 0.467 0.665 0.46 0.645 0.503 0.665 0.46 0.665 0.499 0.645 0.503 0.731 0.487 0.703 0.515 0.7 0.467 0.703 0.515 0.685 0.503 0.7 0.467 0.599 0.618 0.627 0.59 0.629 0.638 0.627 0.59 0.645 0.602 0.629 0.638 0.627 0.515 0.616 0.532 0.599 0.487 0.616 0.532 0.579 0.517 0.599 0.487 0.547 0.006 0.555 0.116 0.508 0.009 0.555 0.116 0.517 0.118 0.508 0.009 0.134 0.427 0.121 0.43 0.113 0.398 0.121 0.43 0.092 0.403 0.113 0.398 0.151 0.462 0.121 0.43 0.156 0.461 0.121 0.43 0.134 0.427 0.156 0.461 0.027 0.096 0.036 0.216 0.011 0.097 0.036 0.216 0.022 0.216 0.011 0.097 0.186 0.248 0.19 0.286 0.138 0.263 0.19 0.286 0.148 0.301 0.138 0.263 0.068 0.092 0.08 0.217 0.027 0.096 0.08 0.217 0.036 0.216 0.027 0.096 0.09 0.365 0.063 0.373 0.068 0.333 0.063 0.373 0.045 0.346 0.068 0.333 0.138 0.263 0.132 0.242 0.186 0.248 0.132 0.242 0.182 0.231 0.186 0.248 0.132 0.242 0.128 0.214 0.182 0.231 0.128 0.214 0.176 0.206 0.182 0.231 0.039 0.263 0.036 0.216 0.085 0.253 0.036 0.216 0.08 0.217 0.085 0.253 0.036 0.216 0.039 0.263 0.022 0.216 0.039 0.263 0.025 0.27 0.022 0.216 0.05 0.299 0.039 0.263 0.093 0.279 0.039 0.263 0.085 0.253 0.093 0.279 0.093 0.279 0.085 0.253 0.138 0.263 0.085 0.253 0.132 0.242 0.138 0.263 0.32 0.211 0.303 0.163 0.357 0.198 0.303 0.163 0.339 0.149 0.357 0.198 0.311 0.039 0.339 0.149 0.272 0.049 0.339 0.149 0.303 0.163 0.272 0.049 0.272 0.049 0.303 0.163 0.231 0.06 0.303 0.163 0.264 0.178 0.231 0.06 0.242 0.326 0.247 0.282 0.279 0.327 0.247 0.282 0.285 0.284 0.279 0.327 0.247 0.282 0.249 0.244 0.285 0.284 0.249 0.244 0.289 0.247 0.285 0.284 0.309 0.369 0.274 0.368 0.312 0.329 0.274 0.368 0.279 0.327 0.312 0.329 0.283 0.219 0.289 0.247 0.237 0.224 0.289 0.247 0.249 0.244 0.237 0.224 0.237 0.224 0.222 0.193 0.283 0.219 0.222 0.193 0.264 0.178 0.283 0.219 0.211 0.369 0.178 0.374 0.215 0.327 0.178 0.374 0.186 0.33 0.215 0.327 0.186 0.248 0.213 0.247 0.19 0.286 0.213 0.247 0.215 0.282 0.19 0.286 0.182 0.231 0.214 0.227 0.186 0.248 0.214 0.227 0.213 0.247 0.186 0.248 0.19 0.286 0.215 0.282 0.186 0.33 0.215 0.282 0.215 0.327 0.186 0.33 0.186 0.33 0.178 0.374 0.154 0.341 0.178 0.374 0.158 0.382 0.154 0.341 0.16 0.417 0.158 0.382 0.172 0.411 0.158 0.382 0.178 0.374 0.172 0.411 0.222 0.193 0.237 0.224 0.214 0.227 0.182 0.231 0.176 0.206 0.214 0.227 0.176 0.206 0.222 0.193 0.214 0.227 0.421 0.378 0.423 0.34 0.453 0.379 0.423 0.34 0.449 0.342 0.453 0.379 0.351 0.499 0.351 0.523 0.344 0.498 0.351 0.523 0.339 0.522 0.344 0.498 0.311 0.463 0.313 0.47 0.28 0.465 0.313 0.47 0.284 0.478 0.28 0.465 0.328 0.519 0.339 0.522 0.318 0.543 0.339 0.522 0.334 0.547 0.318 0.543 0.427 0.514 0.404 0.498 0.437 0.501 0.404 0.498 0.411 0.488 0.437 0.501 0.274 0.368 0.309 0.369 0.275 0.401 0.309 0.369 0.309 0.399 0.275 0.401 0.15 0.079 0.176 0.206 0.109 0.087 0.176 0.206 0.128 0.214 0.109 0.087 0.191 0.07 0.222 0.193 0.15 0.079 0.222 0.193 0.176 0.206 0.15 0.079 0.544 0.298 0.51 0.299 0.51 0.288 0.51 0.288 0.51 0.299 0.487 0.288 0.51 0.299 0.485 0.3 0.487 0.288 0.469 0.013 0.481 0.121 0.43 0.017 0.481 0.121 0.445 0.125 0.43 0.017 0.481 0.121 0.485 0.167 0.445 0.125 0.485 0.167 0.451 0.172 0.445 0.125 0.488 0.223 0.46 0.229 0.485 0.167 0.46 0.229 0.451 0.172 0.485 0.167 0.357 0.198 0.383 0.258 0.32 0.211 0.383 0.258 0.324 0.251 0.32 0.211 0.508 0.009 0.517 0.118 0.469 0.013 0.517 0.118 0.481 0.121 0.469 0.013 0.351 0.499 0.358 0.498 0.351 0.523 0.358 0.498 0.363 0.522 0.351 0.523 0.466 0.266 0.488 0.261 0.468 0.278 0.488 0.261 0.488 0.273 0.468 0.278 0.371 0.493 0.377 0.489 0.385 0.514 0.377 0.489 0.395 0.507 0.385 0.514 0.41 0.131 0.445 0.125 0.42 0.179 0.445 0.125 0.451 0.172 0.42 0.179 0.317 0.514 0.331 0.493 0.328 0.519 0.331 0.493 0.337 0.497 0.328 0.519 0.388 0.188 0.407 0.249 0.357 0.198 0.407 0.249 0.383 0.258 0.357 0.198 0.46 0.229 0.43 0.239 0.451 0.172 0.43 0.239 0.42 0.179 0.451 0.172 0.421 0.281 0.419 0.275 0.441 0.274 0.419 0.275 0.438 0.265 0.441 0.274 0.422 0.287 0.443 0.283 0.423 0.293 0.443 0.283 0.445 0.293 0.423 0.293 0.421 0.281 0.441 0.274 0.422 0.287 0.441 0.274 0.443 0.283 0.422 0.287 0.443 0.283 0.468 0.278 0.445 0.293 0.468 0.278 0.469 0.289 0.445 0.293 0.438 0.265 0.419 0.275 0.43 0.239 0.419 0.275 0.407 0.249 0.43 0.239 0.441 0.274 0.466 0.266 0.443 0.283 0.466 0.266 0.468 0.278 0.443 0.283 0.464 0.254 0.438 0.265 0.46 0.229 0.438 0.265 0.43 0.239 0.46 0.229 0.317 0.514 0.307 0.508 0.331 0.493 0.307 0.508 0.325 0.489 0.331 0.493 0.375 0.139 0.41 0.131 0.388 0.188 0.41 0.131 0.42 0.179 0.388 0.188 0.43 0.239 0.407 0.249 0.42 0.179 0.407 0.249 0.388 0.188 0.42 0.179 0.337 0.497 0.344 0.498 0.328 0.519 0.344 0.498 0.339 0.522 0.328 0.519 0.395 0.507 0.377 0.489 0.404 0.498 0.377 0.489 0.382 0.483 0.404 0.498 0.351 0.031 0.375 0.139 0.311 0.039 0.375 0.139 0.339 0.149 0.311 0.039 0.388 0.188 0.357 0.198 0.375 0.139 0.357 0.198 0.339 0.149 0.375 0.139 0.43 0.017 0.445 0.125 0.391 0.023 0.445 0.125 0.41 0.131 0.391 0.023 0.391 0.023 0.41 0.131 0.351 0.031 0.41 0.131 0.375 0.139 0.351 0.031 0.469 0.289 0.468 0.278 0.487 0.288 0.468 0.278 0.488 0.273 0.487 0.288 0.524 0.481 0.523 0.447 0.528 0.449 0.542 0.452 0.524 0.481 0.538 0.451 0.42 0.465 0.416 0.477 0.39 0.463 0.416 0.477 0.388 0.47 0.39 0.463 0.42 0.465 0.421 0.436 0.452 0.468 0.421 0.436 0.453 0.437 0.452 0.468 0.275 0.516 0.264 0.503 0.298 0.499 0.264 0.503 0.29 0.489 0.298 0.499 0.435 0.546 0.414 0.526 0.451 0.531 0.414 0.526 0.427 0.514 0.451 0.531 0.4 0.536 0.414 0.526 0.416 0.558 0.414 0.526 0.435 0.546 0.416 0.558 0.351 0.548 0.352 0.576 0.334 0.547 0.352 0.576 0.329 0.574 0.334 0.547 0.368 0.547 0.385 0.543 0.374 0.574 0.385 0.543 0.396 0.568 0.374 0.574 0.264 0.503 0.236 0.517 0.254 0.487 0.236 0.517 0.224 0.498 0.254 0.487 0.275 0.516 0.298 0.499 0.288 0.527 0.298 0.499 0.307 0.508 0.288 0.527 0.247 0.47 0.28 0.465 0.254 0.487 0.28 0.465 0.284 0.478 0.254 0.487 0.254 0.487 0.284 0.478 0.264 0.503 0.284 0.478 0.29 0.489 0.264 0.503 0.329 0.574 0.307 0.569 0.334 0.547 0.307 0.569 0.318 0.543 0.334 0.547 0.351 0.548 0.368 0.547 0.352 0.576 0.368 0.547 0.374 0.574 0.352 0.576 0.351 0.548 0.351 0.523 0.368 0.547 0.351 0.523 0.363 0.522 0.368 0.547 0.339 0.522 0.351 0.523 0.334 0.547 0.351 0.523 0.351 0.548 0.334 0.547 0.302 0.537 0.288 0.527 0.317 0.514 0.288 0.527 0.307 0.508 0.317 0.514 0.374 0.519 0.385 0.514 0.385 0.543 0.385 0.514 0.4 0.536 0.385 0.543 0.363 0.522 0.374 0.519 0.368 0.547 0.374 0.519 0.385 0.543 0.368 0.547 0.437 0.501 0.446 0.485 0.465 0.513 0.446 0.485 0.476 0.494 0.465 0.513 0.451 0.531 0.427 0.514 0.465 0.513 0.427 0.514 0.437 0.501 0.465 0.513 0.395 0.507 0.404 0.498 0.414 0.526 0.404 0.498 0.427 0.514 0.414 0.526 0.251 0.533 0.236 0.517 0.275 0.516 0.236 0.517 0.264 0.503 0.275 0.516 0.446 0.485 0.416 0.477 0.452 0.468 0.416 0.477 0.42 0.465 0.452 0.468 0.437 0.501 0.411 0.488 0.446 0.485 0.411 0.488 0.416 0.477 0.446 0.485 0.385 0.514 0.395 0.507 0.4 0.536 0.395 0.507 0.414 0.526 0.4 0.536 0.317 0.514 0.328 0.519 0.302 0.537 0.328 0.519 0.318 0.543 0.302 0.537 0.385 0.543 0.4 0.536 0.396 0.568 0.4 0.536 0.416 0.558 0.396 0.568 0.318 0.543 0.307 0.569 0.302 0.537 0.307 0.569 0.287 0.56 0.302 0.537 0.247 0.47 0.254 0.487 0.213 0.478 0.254 0.487 0.224 0.498 0.213 0.478 0.241 0.369 0.241 0.402 0.211 0.369 0.241 0.402 0.21 0.405 0.211 0.369 0.178 0.374 0.211 0.369 0.172 0.411 0.211 0.369 0.21 0.405 0.172 0.411 0.449 0.342 0.446 0.302 0.476 0.342 0.446 0.302 0.471 0.301 0.476 0.342 0.172 0.411 0.21 0.405 0.171 0.454 0.21 0.405 0.211 0.444 0.171 0.454 0.48 0.379 0.476 0.342 0.505 0.378 0.476 0.342 0.492 0.341 0.505 0.378 0.485 0.3 0.492 0.341 0.471 0.301 0.492 0.341 0.476 0.342 0.471 0.301 0.452 0.468 0.453 0.437 0.485 0.473 0.453 0.437 0.485 0.441 0.485 0.473 0.578 0.288 0.59 0.274 0.57 0.341 0.59 0.274 0.582 0.339 0.57 0.341 0.519 0.223 0.551 0.227 0.516 0.249 0.551 0.227 0.546 0.254 0.516 0.249 0.543 0.28 0.544 0.267 0.578 0.288 0.544 0.267 0.574 0.275 0.578 0.288 0.489 0.247 0.516 0.249 0.488 0.261 0.516 0.249 0.514 0.26 0.488 0.261 0.523 0.381 0.505 0.378 0.516 0.342 0.505 0.378 0.492 0.341 0.516 0.342 0.542 0.452 0.538 0.451 0.558 0.417 0.538 0.451 0.552 0.416 0.558 0.417 0.57 0.341 0.582 0.339 0.561 0.385 0.582 0.339 0.569 0.385 0.561 0.385 0.635 0.188 0.633 0.179 0.677 0.161 0.543 0.28 0.578 0.288 0.544 0.298 0.492 0.341 0.485 0.3 0.516 0.342 0.485 0.3 0.51 0.299 0.516 0.342 0.593 0.166 0.608 0.167 0.586 0.233 0.608 0.167 0.601 0.236 0.586 0.233 0.551 0.227 0.586 0.233 0.546 0.254 0.586 0.233 0.578 0.264 0.546 0.254 0.488 0.261 0.514 0.26 0.488 0.273 0.514 0.26 0.512 0.271 0.488 0.273 0.487 0.288 0.488 0.273 0.51 0.288 0.488 0.273 0.512 0.271 0.51 0.288 0.514 0.26 0.544 0.267 0.512 0.271 0.544 0.267 0.543 0.28 0.512 0.271 0.593 0.115 0.609 0.115 0.593 0.166 0.609 0.115 0.608 0.167 0.593 0.166 0.512 0.271 0.543 0.28 0.51 0.288 0.543 0.28 0.544 0.298 0.51 0.288 0.586 0.233 0.601 0.236 0.578 0.264 0.601 0.236 0.59 0.274 0.578 0.264 0.555 0.116 0.593 0.115 0.555 0.165 0.593 0.115 0.593 0.166 0.555 0.165 0.555 0.165 0.593 0.166 0.551 0.227 0.593 0.166 0.586 0.233 0.551 0.227 0.514 0.26 0.516 0.249 0.544 0.267 0.516 0.249 0.546 0.254 0.544 0.267 0.544 0.267 0.546 0.254 0.574 0.275 0.546 0.254 0.578 0.264 0.574 0.275 0.519 0.165 0.555 0.165 0.519 0.223 0.555 0.165 0.551 0.227 0.519 0.223 0.519 0.223 0.516 0.249 0.488 0.223 0.516 0.249 0.489 0.247 0.488 0.223 0.517 0.118 0.555 0.116 0.519 0.165 0.555 0.116 0.555 0.165 0.519 0.165 0.517 0.118 0.519 0.165 0.481 0.121 0.519 0.165 0.485 0.167 0.481 0.121 0.485 0.167 0.519 0.165 0.488 0.223 0.519 0.165 0.519 0.223 0.488 0.223 0.015 0.762 0.015 0.726 0.088 0.699 0.015 0.726 0.038 0.701 0.088 0.699 0.13 0.806 0.04 0.819 0.133 0.736 0.04 0.819 0.108 0.721 0.133 0.736 0.279 0.868 0.272 0.834 0.312 0.842 0.272 0.834 0.305 0.821 0.312 0.842 0.305 0.915 0.272 0.901 0.311 0.893 0.272 0.901 0.279 0.868 0.311 0.893 0.088 0.699 0.108 0.721 0.015 0.762 0.108 0.721 0.04 0.819 0.015 0.762 0.13 0.806 0.111 0.834 0.04 0.819 0.111 0.834 0.059 0.86 0.04 0.819 0.776 0.067 0.747 0.062 0.793 0.017 0.747 0.062 0.745 0.009 0.793 0.017 0.678 0.105 0.672 0.133 0.63 0.086 0.672 0.133 0.619 0.132 0.63 0.086 0.293 0.936 0.253 0.93 0.305 0.915 0.253 0.93 0.272 0.901 0.305 0.915 0.158 0.949 0.141 0.98 0.119 0.967 0.815 0.16 0.821 0.132 0.864 0.178 0.821 0.132 0.874 0.13 0.864 0.178 0.719 0.067 0.695 0.082 0.697 0.019 0.695 0.082 0.657 0.046 0.697 0.019 0.133 0.736 0.17 0.747 0.13 0.806 0.17 0.747 0.158 0.787 0.13 0.806 0.798 0.183 0.815 0.16 0.837 0.22 0.815 0.16 0.864 0.178 0.837 0.22 0.158 0.949 0.191 0.955 0.141 0.98 0.191 0.955 0.164 0.987 0.141 0.98 0.274 0.776 0.294 0.799 0.253 0.806 0.294 0.799 0.272 0.834 0.253 0.806 0.815 0.105 0.8 0.082 0.863 0.082 0.8 0.082 0.834 0.043 0.863 0.082 0.17 0.747 0.205 0.754 0.158 0.787 0.205 0.754 0.192 0.78 0.158 0.787 0.191 0.955 0.225 0.949 0.189 0.99 0.225 0.949 0.212 0.989 0.189 0.99 0.745 0.203 0.774 0.198 0.748 0.258 0.774 0.198 0.796 0.247 0.748 0.258 0.189 0.99 0.164 0.987 0.191 0.955 0.692 0.184 0.716 0.199 0.655 0.224 0.716 0.199 0.699 0.25 0.655 0.224 0.205 0.754 0.244 0.765 0.192 0.78 0.244 0.765 0.225 0.787 0.192 0.78 0.244 0.765 0.274 0.776 0.225 0.787 0.274 0.776 0.253 0.806 0.225 0.787 0.716 0.697 0.812 0.708 0.712 0.702 0.695 0.082 0.678 0.105 0.657 0.046 0.678 0.105 0.63 0.086 0.657 0.046 0.238 0.981 0.212 0.989 0.225 0.949 0.11 0.901 0.129 0.93 0.088 0.922 0.129 0.93 0.101 0.951 0.088 0.922 0.8 0.082 0.776 0.067 0.834 0.043 0.776 0.067 0.793 0.017 0.834 0.043 0.26 0.97 0.225 0.949 0.278 0.954 0.225 0.949 0.253 0.93 0.278 0.954 0.747 0.062 0.719 0.067 0.745 0.009 0.719 0.067 0.697 0.019 0.745 0.009 0.015 0.726 0.015 0.662 0.038 0.701 0.015 0.662 0.038 0.662 0.038 0.701 0.272 0.834 0.294 0.799 0.305 0.821 0.104 0.868 0.11 0.901 0.073 0.889 0.11 0.901 0.088 0.922 0.073 0.889 0.279 0.868 0.312 0.842 0.314 0.868 0.059 0.86 0.111 0.834 0.073 0.889 0.111 0.834 0.104 0.868 0.073 0.889 0.716 0.199 0.745 0.203 0.699 0.25 0.745 0.203 0.748 0.258 0.699 0.25 0.293 0.936 0.278 0.954 0.253 0.93 0.26 0.97 0.238 0.981 0.225 0.949 0.821 0.132 0.815 0.105 0.874 0.13 0.815 0.105 0.863 0.082 0.874 0.13 0.129 0.93 0.158 0.949 0.101 0.951 0.158 0.949 0.119 0.967 0.101 0.951 0.311 0.893 0.279 0.868 0.314 0.868 0.774 0.198 0.798 0.183 0.796 0.247 0.798 0.183 0.837 0.22 0.796 0.247 0.402 0.292 0.421 0.281 0.422 0.287 0.402 0.292 0.383 0.258 0.419 0.275 0.383 0.258 0.407 0.249 0.419 0.275 0.422 0.287 0.423 0.293 0.402 0.292 0.423 0.293 0.423 0.301 0.402 0.292 0.402 0.292 0.419 0.275 0.421 0.281 0.423 0.301 0.423 0.34 0.402 0.292 0.423 0.34 0.396 0.337 0.402 0.292 0.351 0.462 0.351 0.499 0.344 0.498 0.351 0.462 0.365 0.496 0.358 0.498 0.371 0.493 0.365 0.496 0.351 0.462 0.371 0.493 0.351 0.462 0.377 0.489 0.377 0.489 0.351 0.462 0.382 0.483 0.382 0.483 0.351 0.462 0.386 0.477 0.386 0.477 0.351 0.462 0.388 0.47 0.388 0.47 0.351 0.462 0.39 0.463 0.351 0.462 0.344 0.498 0.337 0.497 0.311 0.463 0.351 0.462 0.313 0.47 0.351 0.462 0.337 0.497 0.331 0.493 0.313 0.47 0.351 0.462 0.316 0.477 0.351 0.462 0.331 0.493 0.325 0.489 0.316 0.477 0.351 0.462 0.32 0.484 0.32 0.484 0.351 0.462 0.325 0.489 0.351 0.462 0.358 0.498 0.351 0.499 0.86 0.355 0.887 0.344 0.871 0.383 0.887 0.344 0.898 0.375 0.871 0.383 0.912 0.335 0.936 0.325 0.923 0.368 0.936 0.325 0.948 0.36 0.923 0.368 0.936 0.325 0.963 0.315 0.948 0.36 0.963 0.315 0.975 0.353 0.948 0.36 0.871 0.383 0.898 0.375 0.878 0.411 0.898 0.375 0.905 0.406 0.878 0.411 0.923 0.368 0.948 0.36 0.931 0.401 0.948 0.36 0.956 0.396 0.931 0.401 0.948 0.36 0.975 0.353 0.956 0.396 0.975 0.353 0.984 0.392 0.956 0.396 0.878 0.411 0.905 0.406 0.883 0.439 0.905 0.406 0.91 0.437 0.883 0.439 0.931 0.401 0.956 0.396 0.935 0.434 0.956 0.396 0.961 0.432 0.935 0.434 0.956 0.396 0.984 0.392 0.961 0.432 0.984 0.392 0.988 0.43 0.961 0.432 0.883 0.439 0.91 0.437 0.885 0.467 0.91 0.437 0.911 0.467 0.885 0.467 0.935 0.434 0.961 0.432 0.937 0.468 0.961 0.432 0.962 0.468 0.937 0.468 0.961 0.432 0.988 0.43 0.962 0.468 0.988 0.43 0.989 0.469 0.962 0.468 0.885 0.467 0.911 0.467 0.883 0.495 0.911 0.467 0.91 0.498 0.883 0.495 0.937 0.468 0.962 0.468 0.935 0.501 0.962 0.468 0.96 0.504 0.935 0.501 0.962 0.468 0.989 0.469 0.96 0.504 0.989 0.469 0.987 0.507 0.96 0.504 0.883 0.495 0.91 0.498 0.878 0.523 0.91 0.498 0.905 0.528 0.878 0.523 0.935 0.501 0.96 0.504 0.929 0.534 0.96 0.504 0.954 0.539 0.929 0.534 0.96 0.504 0.987 0.507 0.954 0.539 0.987 0.507 0.981 0.545 0.954 0.539 0.878 0.523 0.905 0.528 0.871 0.55 0.905 0.528 0.897 0.558 0.871 0.55 0.929 0.534 0.954 0.539 0.921 0.566 0.954 0.539 0.945 0.574 0.921 0.566 0.954 0.539 0.981 0.545 0.945 0.574 0.981 0.545 0.971 0.582 0.945 0.574 0.871 0.55 0.897 0.558 0.861 0.577 0.897 0.558 0.886 0.587 0.861 0.577 0.921 0.566 0.945 0.574 0.909 0.597 0.945 0.574 0.933 0.607 0.909 0.597 0.945 0.574 0.971 0.582 0.933 0.607 0.971 0.582 0.958 0.618 0.933 0.607 0.861 0.577 0.886 0.587 0.848 0.602 0.886 0.587 0.872 0.615 0.848 0.602 0.909 0.597 0.933 0.607 0.895 0.628 0.933 0.607 0.917 0.64 0.895 0.628 0.933 0.607 0.958 0.618 0.917 0.64 0.958 0.618 0.941 0.653 0.917 0.64 0.848 0.602 0.872 0.615 0.833 0.626 0.872 0.615 0.856 0.642 0.833 0.626 0.895 0.628 0.917 0.64 0.877 0.657 0.917 0.64 0.899 0.671 0.877 0.657 0.917 0.64 0.941 0.653 0.899 0.671 0.941 0.653 0.921 0.686 0.899 0.671 0.833 0.626 0.856 0.642 0.815 0.648 0.856 0.642 0.836 0.667 0.815 0.648 0.877 0.657 0.899 0.671 0.857 0.684 0.899 0.671 0.878 0.701 0.857 0.684 0.899 0.671 0.921 0.686 0.878 0.701 0.921 0.686 0.9 0.717 0.878 0.701 0.812 0.724 0.608 0.724 0.701 0.708 0.608 0.724 0.608 0.708 0.701 0.708 0.812 0.724 0.701 0.708 0.812 0.708 0.672 0.133 0.677 0.161 0.628 0.171 0.608 0.933 0.812 0.933 0.608 0.949 0.812 0.933 0.701 0.949 0.608 0.949 0.692 0.184 0.655 0.224 0.636 0.196 0.636 0.196 0.635 0.188 0.692 0.184 0.816 0.279 0.837 0.26 0.833 0.302 0.837 0.26 0.857 0.287 0.833 0.302 0.859 0.243 0.881 0.226 0.88 0.272 0.881 0.226 0.903 0.258 0.88 0.272 0.881 0.226 0.905 0.209 0.903 0.258 0.905 0.209 0.927 0.243 0.903 0.258 0.833 0.302 0.857 0.287 0.848 0.328 0.857 0.287 0.873 0.315 0.848 0.328 0.88 0.272 0.903 0.258 0.897 0.303 0.903 0.258 0.921 0.291 0.897 0.303 0.903 0.258 0.927 0.243 0.921 0.291 0.927 0.243 0.947 0.278 0.921 0.291 0.848 0.328 0.873 0.315 0.86 0.355 0.873 0.315 0.887 0.344 0.86 0.355 0.897 0.303 0.921 0.291 0.912 0.335 0.921 0.291 0.936 0.325 0.912 0.335 0.921 0.291 0.947 0.278 0.936 0.325 0.947 0.278 0.963 0.315 0.936 0.325 0.696 0.288 0.721 0.299 0.691 0.315 0.721 0.299 0.706 0.321 0.691 0.315 0.659 0.392 0.644 0.414 0.647 0.38 0.644 0.414 0.624 0.395 0.647 0.38 0.674 0.315 0.659 0.321 0.669 0.288 0.659 0.321 0.644 0.299 0.669 0.288 0.706 0.321 0.721 0.299 0.718 0.333 0.721 0.299 0.74 0.318 0.718 0.333 0.75 0.343 0.724 0.348 0.74 0.318 0.724 0.348 0.718 0.333 0.74 0.318 0.669 0.425 0.644 0.414 0.674 0.398 0.644 0.414 0.659 0.392 0.674 0.398 0.655 0.224 0.634 0.2 0.636 0.196 0.624 0.318 0.647 0.333 0.614 0.343 0.647 0.333 0.641 0.348 0.614 0.343 0.623 0.164 0.619 0.162 0.619 0.132 0.614 0.343 0.641 0.348 0.614 0.37 0.641 0.348 0.641 0.365 0.614 0.37 0.669 0.425 0.674 0.398 0.696 0.425 0.674 0.398 0.691 0.398 0.696 0.425 0.614 0.37 0.641 0.365 0.624 0.395 0.641 0.365 0.647 0.38 0.624 0.395 0.692 0.184 0.635 0.188 0.677 0.161 0.669 0.288 0.696 0.288 0.674 0.315 0.696 0.288 0.691 0.315 0.674 0.315 0.624 0.318 0.644 0.299 0.647 0.333 0.644 0.299 0.659 0.321 0.647 0.333 0.873 0.315 0.897 0.303 0.887 0.344 0.897 0.303 0.912 0.335 0.887 0.344 0.857 0.287 0.88 0.272 0.873 0.315 0.88 0.272 0.897 0.303 0.873 0.315 0.837 0.26 0.859 0.243 0.857 0.287 0.859 0.243 0.88 0.272 0.857 0.287 0.596 0.371 0.604 0.391 0.589 0.373 0.604 0.391 0.598 0.394 0.589 0.373 0.63 0.433 0.613 0.416 0.634 0.427 0.613 0.416 0.619 0.412 0.634 0.427 0.856 0.642 0.877 0.657 0.836 0.667 0.877 0.657 0.857 0.684 0.836 0.667 0.872 0.615 0.895 0.628 0.856 0.642 0.895 0.628 0.877 0.657 0.856 0.642 0.886 0.587 0.909 0.597 0.872 0.615 0.909 0.597 0.895 0.628 0.872 0.615 0.897 0.558 0.921 0.566 0.886 0.587 0.921 0.566 0.909 0.597 0.886 0.587 0.905 0.528 0.929 0.534 0.897 0.558 0.929 0.534 0.921 0.566 0.897 0.558 0.91 0.498 0.935 0.501 0.905 0.528 0.935 0.501 0.929 0.534 0.905 0.528 0.911 0.467 0.937 0.468 0.91 0.498 0.937 0.468 0.935 0.501 0.91 0.498 0.91 0.437 0.935 0.434 0.911 0.467 0.935 0.434 0.937 0.468 0.911 0.467 0.905 0.406 0.931 0.401 0.91 0.437 0.931 0.401 0.935 0.434 0.91 0.437 0.898 0.375 0.923 0.368 0.905 0.406 0.923 0.368 0.931 0.401 0.905 0.406 0.887 0.344 0.912 0.335 0.898 0.375 0.912 0.335 0.923 0.368 0.898 0.375 0.75 0.37 0.746 0.38 0.724 0.365 0.721 0.414 0.706 0.392 0.728 0.407 0.71 0.951 0.701 0.949 0.812 0.949 0.712 0.702 0.812 0.708 0.707 0.706 0.715 0.955 0.812 0.949 0.718 0.96 0.812 0.949 0.701 0.949 0.812 0.933 0.718 0.96 0.812 0.949 0.72 0.966 0.812 0.949 0.812 0.966 0.72 0.966 0.812 0.949 0.715 0.955 0.71 0.951 0.707 0.706 0.812 0.708 0.701 0.708 0.812 0.708 0.716 0.697 0.812 0.691 0.716 0.697 0.717 0.691 0.812 0.691 0.836 0.667 0.824 0.679 0.815 0.648 0.824 0.679 0.807 0.656 0.815 0.648 0.857 0.684 0.844 0.699 0.836 0.667 0.844 0.699 0.824 0.679 0.836 0.667 0.878 0.701 0.865 0.717 0.857 0.684 0.865 0.717 0.844 0.699 0.857 0.684 0.9 0.717 0.879 0.728 0.878 0.701 0.879 0.728 0.865 0.717 0.878 0.701 0.879 0.728 0.9 0.717 0.884 0.733 0.9 0.717 0.885 0.737 0.884 0.733 0.89 0.188 0.905 0.209 0.889 0.192 0.889 0.192 0.905 0.209 0.884 0.197 0.881 0.226 0.868 0.209 0.905 0.209 0.868 0.209 0.884 0.197 0.905 0.209 0.859 0.243 0.846 0.227 0.881 0.226 0.846 0.227 0.868 0.209 0.881 0.226 0.837 0.26 0.825 0.248 0.859 0.243 0.825 0.248 0.846 0.227 0.859 0.243 0.816 0.279 0.807 0.271 0.837 0.26 0.807 0.271 0.825 0.248 0.837 0.26 0.193 0.6 0.194 0.606 0.148 0.6 0.194 0.606 0.149 0.606 0.148 0.6 0.09 0.502 0.091 0.496 0.135 0.502 0.091 0.496 0.136 0.496 0.135 0.502 0.194 0.606 0.195 0.612 0.149 0.606 0.195 0.612 0.15 0.612 0.149 0.606 0.089 0.508 0.09 0.502 0.134 0.508 0.09 0.502 0.135 0.502 0.134 0.508 0.088 0.521 0.088 0.515 0.14 0.521 0.088 0.515 0.14 0.515 0.14 0.521 0.196 0.619 0.196 0.625 0.144 0.619 0.196 0.625 0.144 0.625 0.144 0.619 0.143 0.615 0.15 0.615 0.144 0.619 0.144 0.619 0.15 0.615 0.196 0.619 0.195 0.612 0.196 0.619 0.15 0.612 0.196 0.619 0.15 0.615 0.15 0.612 0.088 0.515 0.089 0.508 0.133 0.511 0.089 0.508 0.134 0.508 0.133 0.511 0.141 0.511 0.14 0.515 0.133 0.511 0.14 0.515 0.088 0.515 0.133 0.511 0.088 0.521 0.14 0.521 0.139 0.539 0.088 0.521 0.137 0.565 0.088 0.614 0.137 0.565 0.129 0.591 0.088 0.614 0.169 0.718 0.155 0.695 0.196 0.718 0.155 0.695 0.196 0.625 0.196 0.718 0.137 0.565 0.088 0.521 0.139 0.539 0.129 0.591 0.115 0.614 0.088 0.614 0.196 0.625 0.155 0.695 0.147 0.669 0.144 0.625 0.196 0.625 0.144 0.643 0.196 0.625 0.147 0.669 0.144 0.643 0.171 0.454 0.211 0.444 0.173 0.488 0.211 0.444 0.213 0.478 0.173 0.488 0.485 0.441 0.523 0.447 0.485 0.473 0.523 0.447 0.524 0.481 0.485 0.473 0.038 0.662 0.015 0.662 0.038 0.614 0.015 0.662 0.015 0.614 0.038 0.614 0.061 0.51 0.065 0.614 0.038 0.51 0.065 0.614 0.038 0.614 0.038 0.51 0.602 0.003 0.609 0.115 0.587 0.003 0.609 0.115 0.593 0.115 0.587 0.003 0.071 0.661 0.038 0.662 0.065 0.614 0.038 0.662 0.038 0.614 0.065 0.614 0.038 0.701 0.038 0.662 0.088 0.699 0.038 0.662 0.071 0.661 0.088 0.699 0.59 0.274 0.578 0.288 0.578 0.264 0.578 0.288 0.574 0.275 0.578 0.264 0.21 0.405 0.241 0.402 0.211 0.444 0.241 0.402 0.243 0.439 0.211 0.444 0.241 0.402 0.275 0.401 0.243 0.439 0.275 0.401 0.277 0.438 0.243 0.439 0.453 0.406 0.421 0.404 0.453 0.379 0.421 0.404 0.421 0.378 0.453 0.379 0.393 0.402 0.309 0.399 0.394 0.376 0.309 0.399 0.309 0.369 0.394 0.376 0.309 0.399 0.351 0.437 0.31 0.439 0.277 0.438 0.275 0.401 0.309 0.399 0.31 0.439 0.31 0.44 0.277 0.438 0.309 0.399 0.31 0.439 0.277 0.438 0.483 0.407 0.453 0.406 0.48 0.379 0.453 0.406 0.453 0.379 0.48 0.379 0.393 0.402 0.421 0.404 0.391 0.436 0.421 0.404 0.421 0.436 0.391 0.436 0.393 0.402 0.391 0.436 0.351 0.437 0.453 0.437 0.421 0.436 0.453 0.406 0.421 0.436 0.421 0.404 0.453 0.406 0.351 0.437 0.309 0.399 0.393 0.402 0.485 0.441 0.453 0.437 0.483 0.407 0.453 0.437 0.453 0.406 0.483 0.407 0.483 0.407 0.515 0.408 0.485 0.441 0.515 0.408 0.523 0.447 0.485 0.441 0.391 0.436 0.421 0.436 0.39 0.463 0.421 0.436 0.42 0.465 0.39 0.463 0.31 0.44 0.31 0.439 0.351 0.437 0.351 0.437 0.351 0.462 0.311 0.463 0.351 0.437 0.311 0.463 0.31 0.44 0.351 0.437 0.391 0.436 0.351 0.462 0.391 0.436 0.39 0.463 0.351 0.462 0.211 0.444 0.243 0.439 0.213 0.478 0.243 0.439 0.247 0.47 0.213 0.478 0.277 0.438 0.31 0.44 0.28 0.465 0.31 0.44 0.311 0.463 0.28 0.465 0.243 0.439 0.277 0.438 0.247 0.47 0.277 0.438 0.28 0.465 0.247 0.47 0.572 0.529 0.579 0.517 0.612 0.552 0.579 0.517 0.616 0.532 0.612 0.552 0.612 0.552 0.572 0.576 0.572 0.552</float_array>
					<technique_common>
						<accessor source="#3819v2-mesh-map-0-array" count="2856" stride="2">
							<param name="S" type="float"/>
							<param name="T" type="float"/>
						</accessor>
					</technique_common>
				</source>
				<source id="3819v2-mesh-map-1">
					<float_array id="3819v2-mesh-map-1-array" count="5712">0.945 0.773 0.911 0.742 0.966 0.735 0.911 0.742 0.932 0.702 0.966 0.735 0.756 0.978 0.756 0.94 0.801 0.979 0.756 0.94 0.803 0.944 0.801 0.979 0.878 0.717 0.901 0.684 0.911 0.742 0.901 0.684 0.932 0.702 0.911 0.742 0.811 0.845 0.756 0.838 0.815 0.817 0.756 0.838 0.757 0.803 0.815 0.817 0 0 0 0 0 0 0 0 0 0 0 0 0.808 0.876 0.756 0.87 0.811 0.845 0.756 0.87 0.756 0.838 0.811 0.845 0 0 0 0 0 0 0 0 0 0 0 0 0 0 0 0 0 0 0 0 0 0 0 0 0 0 0 0 0 0 0 0 0 0 0 0 0 0 0 0 0 0 0 0 0 0 0 0 0 0 0 0 0 0 0 0 0 0 0 0 0 0 0 0 0 0 0 0 0 0 0 0 0.414 0.753 0.414 0.82 0.414 0.747 0.414 0.82 0.414 0.82 0.414 0.792 0.414 0.792 0.414 0.82 0.414 0.768 0.414 0.753 0.414 0.82 0.414 0.768 0.414 0.847 0.414 0.82 0.414 0.82 0.414 0.768 0.414 0.82 0.414 0.792 0.066 0.82 0.414 0.82 0.066 0.847 0.414 0.82 0.414 0.847 0.066 0.847 0.066 0.768 0.414 0.768 0.066 0.792 0.414 0.768 0.414 0.792 0.066 0.792 0.066 0.871 0.414 0.871 0.066 0.886 0.414 0.871 0.414 0.886 0.066 0.886 0.24 0.881 0.24 0.877 0.24 0.934 0.24 0.877 0.24 0.925 0.24 0.934 0.24 0.762 0.24 0.714 0.24 0.758 0.24 0.714 0.24 0.705 0.24 0.758 0.414 0.82 0.414 0.82 0.414 0.847 0.414 0.847 0.414 0.82 0.414 0.871 0.414 0.768 0.414 0.82 0.414 0.753 0.414 0.886 0.414 0.82 0.414 0.871 0.414 0.886 0.414 0.82 0.414 0.892 0.414 0.871 0.414 0.82 0.414 0.847 0.414 0.753 0.414 0.747 0.414 0.82 0.414 0.871 0.414 0.82 0.414 0.886 0.414 0.792 0.414 0.82 0.414 0.82 0.414 0.892 0.414 0.82 0.414 0.886 0.24 0.82 0.24 0.82 0.24 0.762 0.24 0.82 0.24 0.758 0.24 0.762 0.319 0.681 0.244 0.674 0.24 0.681 0.066 0.847 0.414 0.847 0.066 0.82 0.414 0.847 0.414 0.82 0.066 0.82 0.066 0.847 0.414 0.847 0.066 0.871 0.414 0.847 0.414 0.871 0.066 0.871 0.24 0.762 0.24 0.758 0.24 0.714 0.24 0.758 0.24 0.705 0.24 0.714 0.24 0.714 0.24 0.705 0.24 0.681 0.24 0.705 0.24 0.67 0.24 0.681 0.066 0.82 0.414 0.82 0.066 0.792 0.414 0.82 0.414 0.792 0.066 0.792 0.319 0.67 0.252 0.67 0.25 0.672 0.24 0.969 0.24 0.958 0.24 0.934 0.24 0.958 0.24 0.925 0.24 0.934 0.066 0.736 0.066 0.768 0.066 0.71 0.066 0.768 0.066 0.753 0.066 0.71 0.24 0.881 0.24 0.877 0.24 0.82 0.24 0.877 0.24 0.82 0.24 0.82 0.24 0.82 0.24 0.82 0.24 0.881 0.24 0.82 0.24 0.877 0.24 0.881 0.066 0.792 0.414 0.792 0.066 0.82 0.414 0.792 0.414 0.82 0.066 0.82 0.24 0.934 0.24 0.925 0.24 0.969 0.24 0.925 0.24 0.958 0.24 0.969 0.066 0.892 0.414 0.892 0.066 0.886 0.414 0.892 0.414 0.886 0.066 0.886 0.24 0.934 0.24 0.925 0.24 0.881 0.24 0.925 0.24 0.877 0.24 0.881 0.066 0.871 0.414 0.871 0.066 0.847 0.414 0.871 0.414 0.847 0.066 0.847 0.24 0.981 0.24 0.969 0.24 0.969 0.24 0.969 0.24 0.958 0.24 0.969 0.066 0.768 0.066 0.736 0.066 0.753 0.066 0.736 0.066 0.71 0.066 0.753 0.066 0.886 0.414 0.886 0.066 0.892 0.414 0.886 0.414 0.892 0.066 0.892 0.066 0.886 0.414 0.886 0.066 0.871 0.414 0.886 0.414 0.871 0.066 0.871 0.24 0.82 0.24 0.762 0.24 0.82 0.24 0.762 0.24 0.758 0.24 0.82 0.24 0.969 0.24 0.958 0.24 0.981 0.24 0.958 0.24 0.969 0.24 0.981 0.066 0.792 0.414 0.792 0.066 0.768 0.414 0.792 0.414 0.768 0.066 0.768 0.244 0.674 0.319 0.681 0.25 0.672 0.24 0.714 0.24 0.681 0.24 0.705 0.24 0.681 0.24 0.67 0.24 0.705 0 0 0 0 0 0 0 0 0 0 0 0 0 0 0 0 0 0 0 0 0 0 0 0 0 0 0 0 0 0 0 0 0 0 0 0 0 0 0 0 0 0 0 0 0 0 0 0 0 0 0 0 0 0 0 0 0 0 0 0 0 0 0 0 0 0 0 0 0 0 0 0 0.917 0.644 0.924 0.612 0.952 0.663 0.924 0.612 0.961 0.628 0.952 0.663 0.924 0.612 0.929 0.595 0.961 0.628 0.929 0.595 0.954 0.6 0.961 0.628 0.917 0.644 0.952 0.663 0.901 0.684 0.952 0.663 0.932 0.702 0.901 0.684 0.768 0.774 0.757 0.803 0.762 0.777 0 0 0 0 0 0 0 0 0 0 0 0 0 0 0 0 0 0 0 0 0 0 0 0 0 0 0 0 0 0 0 0 0 0 0 0 0 0 0 0 0 0 0 0 0 0 0 0 0.528 0.846 0.567 0.852 0.534 0.861 0.567 0.852 0.575 0.87 0.534 0.861 0 0 0 0 0 0 0 0 0 0 0 0 0 0 0 0 0 0 0 0 0 0 0 0 0 0 0 0 0 0 0 0 0 0 0 0 0 0 0 0 0 0 0 0 0 0 0 0 0 0 0 0 0 0 0 0 0 0 0 0 0.801 0.979 0.803 0.944 0.844 0.983 0.803 0.944 0.847 0.953 0.844 0.983 0.847 0.953 0.803 0.944 0.85 0.924 0.803 0.944 0.806 0.91 0.85 0.924 0 0 0 0 0 0 0 0 0 0 0 0 0 0 0 0 0 0 0 0 0 0 0 0 0.602 0.854 0.602 0.872 0.567 0.852 0.602 0.872 0.575 0.87 0.567 0.852 0.993 0.407 0.993 0.562 0.948 0.407 0.993 0.562 0.948 0.562 0.948 0.407 0 0 0 0 0 0 0 0 0 0 0 0 0.825 0.676 0.789 0.692 0.838 0.644 0.789 0.692 0.795 0.663 0.838 0.644 0.779 0.721 0.806 0.708 0.771 0.745 0.806 0.708 0.787 0.738 0.771 0.745 0.985 0.06 0.773 0.06 0.985 0.013 0.773 0.06 0.773 0.013 0.985 0.013 0.76 0.757 0.762 0.739 0.771 0.745 0.762 0.739 0.779 0.721 0.771 0.745 0.756 0.786 0.758 0.781 0.757 0.803 0.771 0.745 0.787 0.738 0.762 0.777 0.787 0.738 0.768 0.774 0.762 0.777 0.766 0.695 0.795 0.663 0.764 0.719 0.795 0.663 0.789 0.692 0.764 0.719 0.756 0.744 0.764 0.719 0.756 0.76 0.764 0.719 0.762 0.739 0.756 0.76 0.766 0.663 0.766 0.695 0.756 0.688 0.766 0.695 0.756 0.721 0.756 0.688 0.767 0.622 0.766 0.663 0.756 0.633 0.766 0.663 0.756 0.688 0.756 0.633 0 0 0 0 0 0 0 0 0 0 0 0 0 0 0 0 0 0 0.69 0.958 0.667 0.916 0.716 0.945 0.667 0.916 0.705 0.894 0.716 0.945 0.65 0.863 0.699 0.841 0.667 0.916 0.699 0.841 0.705 0.894 0.667 0.916 0.716 0.945 0.705 0.894 0.734 0.932 0.705 0.894 0.731 0.876 0.734 0.932 0 0 0 0 0 0 0.663 0.963 0.69 0.958 0.691 0.992 0.69 0.958 0.709 0.989 0.691 0.992 0.699 0.841 0.731 0.803 0.705 0.894 0.731 0.803 0.731 0.876 0.705 0.894 0.709 0.989 0.69 0.958 0.725 0.982 0.69 0.958 0.716 0.945 0.725 0.982 0.734 0.932 0.739 0.925 0.736 0.973 0.739 0.925 0.739 0.968 0.736 0.973 0.557 0.807 0.555 0.782 0.602 0.8 0.555 0.782 0.602 0.772 0.602 0.8 0 0 0 0 0 0 0 0 0 0 0 0 0 0 0 0 0 0 0 0 0 0 0 0 0.602 0.726 0.602 0.772 0.551 0.733 0.602 0.772 0.555 0.782 0.551 0.733 0.838 0.644 0.889 0.635 0.825 0.676 0.889 0.635 0.866 0.67 0.825 0.676 0.797 0.604 0.797 0.562 0.842 0.593 0.797 0.562 0.842 0.562 0.842 0.593 0.842 0.407 0.842 0.562 0.797 0.407 0.842 0.562 0.797 0.562 0.797 0.407 0.663 0.963 0.691 0.992 0.625 0.963 0.691 0.992 0.642 0.994 0.625 0.963 0.838 0.644 0.795 0.663 0.842 0.613 0.795 0.663 0.797 0.631 0.842 0.613 0.757 0.803 0.758 0.781 0.762 0.777 0.766 0.663 0.797 0.631 0.766 0.695 0.797 0.631 0.795 0.663 0.766 0.695 0.789 0.692 0.825 0.676 0.779 0.721 0.825 0.676 0.806 0.708 0.779 0.721 0.779 0.721 0.762 0.739 0.789 0.692 0.762 0.739 0.764 0.719 0.789 0.692 0 0 0 0 0 0 0 0 0 0 0 0 0.725 0.982 0.716 0.945 0.736 0.973 0.716 0.945 0.734 0.932 0.736 0.973 0.562 0.913 0.601 0.923 0.586 0.957 0.601 0.923 0.625 0.963 0.586 0.957 0 0 0 0 0 0 0 0 0 0 0 0 0 0 0 0 0 0 0 0 0 0 0 0 0 0 0 0 0 0 0 0 0 0 0 0 0.514 0.791 0.555 0.782 0.517 0.81 0.555 0.782 0.557 0.807 0.517 0.81 0 0 0 0 0 0 0 0 0 0 0 0 0 0 0 0 0 0 0 0 0 0 0 0 0 0 0 0 0 0 0 0 0 0 0 0 0 0 0 0 0 0 0 0 0 0 0 0 0 0 0 0 0 0 0 0 0 0 0 0 0 0 0 0 0 0 0 0 0 0 0 0 0 0 0 0 0 0 0 0 0 0 0 0 0 0 0 0 0 0 0 0 0 0 0 0 0 0 0 0 0 0 0 0 0 0 0 0 0 0 0 0 0 0 0 0 0 0 0 0 0 0 0 0 0 0 0 0 0 0 0 0 0 0 0 0 0 0 0 0 0 0 0 0 0 0 0 0 0 0 0 0 0 0 0 0 0 0 0 0 0 0 0 0 0 0 0 0 0 0 0 0 0 0 0 0 0 0 0 0 0 0 0 0 0 0 0 0 0 0 0 0 0.756 0.901 0.756 0.87 0.806 0.91 0.756 0.87 0.808 0.876 0.806 0.91 0.756 0.94 0.756 0.901 0.803 0.944 0.756 0.901 0.806 0.91 0.803 0.944 0 0 0 0 0 0 0 0 0 0 0 0 0 0 0 0 0 0 0 0 0 0 0 0 0 0 0 0 0 0 0 0 0 0 0 0 0 0 0 0 0 0 0 0 0 0 0 0 0 0 0 0 0 0 0 0 0 0 0 0 0 0 0 0 0 0 0 0 0 0 0 0 0 0 0 0 0 0 0 0 0 0 0 0 0 0 0 0 0 0 0 0 0 0 0 0 0 0 0 0 0 0 0 0 0 0 0 0 0.911 0.742 0.945 0.773 0.896 0.773 0.945 0.773 0.931 0.806 0.896 0.773 0.762 0.777 0.758 0.781 0.771 0.745 0.758 0.781 0.76 0.757 0.771 0.745 0.757 0.803 0.768 0.774 0.776 0.773 0.787 0.738 0.805 0.735 0.768 0.774 0.805 0.735 0.776 0.773 0.768 0.774 0 0 0 0 0 0 0 0 0 0 0 0 0 0 0 0 0 0 0 0 0 0 0 0 0 0 0 0 0 0 0 0 0 0 0 0 0 0 0 0 0 0 0 0 0 0 0 0 0 0 0 0 0 0 0 0 0 0 0 0 0 0 0 0 0 0 0 0 0 0 0 0 0 0 0 0 0 0 0 0 0 0 0 0 0 0 0 0 0 0 0 0 0 0 0 0 0 0 0 0 0 0 0 0 0 0 0 0 0 0 0 0 0 0 0 0 0 0 0 0 0 0 0 0 0 0 0 0 0 0 0 0 0 0 0 0 0 0 0 0 0 0 0 0 0 0 0 0 0 0 0 0 0 0 0 0 0 0 0 0 0 0 0 0 0 0 0 0 0 0 0 0 0 0 0 0 0 0 0 0 0 0 0 0 0 0 0 0 0 0 0 0 0 0 0 0 0 0 0.699 0.406 0.699 0.56 0.654 0.406 0.699 0.56 0.654 0.56 0.654 0.406 0.76 0.757 0.756 0.77 0.762 0.739 0.756 0.77 0.756 0.76 0.762 0.739 0.756 0.786 0.756 0.77 0.758 0.781 0.756 0.77 0.76 0.757 0.758 0.781 0.767 0.407 0.767 0.562 0.756 0.407 0.767 0.562 0.756 0.562 0.756 0.407 0.895 0.605 0.889 0.635 0.842 0.613 0.889 0.635 0.838 0.644 0.842 0.613 0.797 0.407 0.797 0.562 0.767 0.407 0.797 0.562 0.767 0.562 0.767 0.407 0.764 0.719 0.756 0.744 0.766 0.695 0.756 0.744 0.756 0.721 0.766 0.695 0.842 0.613 0.842 0.593 0.895 0.605 0.842 0.593 0.895 0.588 0.895 0.605 0.842 0.593 0.842 0.562 0.895 0.588 0.842 0.562 0.895 0.562 0.895 0.588 0.767 0.622 0.767 0.562 0.797 0.604 0.767 0.562 0.797 0.562 0.797 0.604 0.767 0.562 0.767 0.622 0.756 0.562 0.767 0.622 0.756 0.633 0.756 0.562 0.766 0.663 0.767 0.622 0.797 0.631 0.767 0.622 0.797 0.604 0.797 0.631 0.797 0.631 0.797 0.604 0.842 0.613 0.797 0.604 0.842 0.593 0.842 0.613 0 0 0 0 0 0 0 0 0 0 0 0 0 0 0 0 0 0 0 0 0 0 0 0 0 0 0 0 0 0 0 0 0 0 0 0 0.932 0.702 0.952 0.663 0.966 0.735 0.952 0.663 0.984 0.694 0.966 0.735 0.952 0.663 0.961 0.628 0.984 0.694 0.961 0.628 0.996 0.656 0.984 0.694 0 0 0 0 0 0 0 0 0 0 0 0 0.996 0.619 0.996 0.656 0.954 0.6 0.996 0.656 0.961 0.628 0.954 0.6 0.954 0.6 0.948 0.562 0.996 0.619 0.948 0.562 0.993 0.562 0.996 0.619 0.878 0.717 0.834 0.705 0.901 0.684 0.834 0.705 0.866 0.67 0.901 0.684 0.895 0.605 0.924 0.612 0.889 0.635 0.924 0.612 0.917 0.644 0.889 0.635 0.895 0.588 0.929 0.595 0.895 0.605 0.929 0.595 0.924 0.612 0.895 0.605 0.889 0.635 0.917 0.644 0.866 0.67 0.917 0.644 0.901 0.684 0.866 0.67 0.866 0.67 0.834 0.705 0.825 0.676 0.834 0.705 0.806 0.708 0.825 0.676 0.787 0.738 0.806 0.708 0.805 0.735 0.806 0.708 0.834 0.705 0.805 0.735 0.948 0.562 0.954 0.6 0.929 0.595 0.895 0.588 0.895 0.562 0.929 0.595 0.895 0.562 0.948 0.562 0.929 0.595 0 0 0 0 0 0 0 0 0 0 0 0 0 0 0 0 0 0 0 0 0 0 0 0 0 0 0 0 0 0 0 0 0 0 0 0 0 0 0 0 0 0 0 0 0 0 0 0 0 0 0 0 0 0 0 0 0 0 0 0 0 0 0 0 0 0 0 0 0 0 0 0 0.895 0.407 0.895 0.562 0.842 0.407 0.895 0.562 0.842 0.562 0.842 0.407 0.948 0.407 0.948 0.562 0.895 0.407 0.948 0.562 0.895 0.562 0.895 0.407 0.699 0.841 0.65 0.863 0.649 0.846 0.649 0.846 0.65 0.863 0.602 0.854 0.65 0.863 0.602 0.872 0.602 0.854 0.602 0.406 0.602 0.56 0.549 0.406 0.602 0.56 0.549 0.56 0.549 0.406 0.602 0.56 0.602 0.631 0.549 0.56 0.602 0.631 0.549 0.634 0.549 0.56 0.602 0.726 0.551 0.733 0.602 0.631 0.551 0.733 0.549 0.634 0.602 0.631 0 0 0 0 0 0 0 0 0 0 0 0 0.654 0.406 0.654 0.56 0.602 0.406 0.654 0.56 0.602 0.56 0.602 0.406 0 0 0 0 0 0 0 0 0 0 0 0 0.557 0.807 0.602 0.8 0.561 0.83 0.602 0.8 0.602 0.826 0.561 0.83 0 0 0 0 0 0 0 0 0 0 0 0 0.504 0.56 0.549 0.56 0.507 0.637 0.549 0.56 0.549 0.634 0.507 0.637 0 0 0 0 0 0 0 0 0 0 0 0 0 0 0 0 0 0 0 0 0 0 0 0 0.551 0.733 0.508 0.74 0.549 0.634 0.508 0.74 0.507 0.637 0.549 0.634 0 0 0 0 0 0 0 0 0 0 0 0 0 0 0 0 0 0 0 0 0 0 0 0 0 0 0 0 0 0 0 0 0 0 0 0 0.521 0.828 0.561 0.83 0.528 0.846 0.561 0.83 0.567 0.852 0.528 0.846 0 0 0 0 0 0 0 0 0 0 0 0 0.517 0.81 0.557 0.807 0.521 0.828 0.557 0.807 0.561 0.83 0.521 0.828 0.555 0.782 0.514 0.791 0.551 0.733 0.514 0.791 0.508 0.74 0.551 0.733 0 0 0 0 0 0 0 0 0 0 0 0 0 0 0 0 0 0 0 0 0 0 0 0 0 0 0 0 0 0 0 0 0 0 0 0 0 0 0 0 0 0 0 0 0 0 0 0 0 0 0 0 0 0 0 0 0 0 0 0 0 0 0 0 0 0 0 0 0 0 0 0 0 0 0 0 0 0 0 0 0 0 0 0 0.549 0.406 0.549 0.56 0.504 0.406 0.549 0.56 0.504 0.56 0.504 0.406 0 0 0 0 0 0 0 0 0 0 0 0 0.567 0.852 0.561 0.83 0.602 0.854 0.561 0.83 0.602 0.826 0.602 0.854 0 0 0 0 0 0 0 0 0 0 0 0 0 0 0 0 0 0 0 0 0 0 0 0 0 0 0 0 0 0 0 0 0 0 0 0 0.85 0.924 0.854 0.894 0.888 0.939 0.854 0.894 0.892 0.917 0.888 0.939 0 0 0 0 0 0 0 0 0 0 0 0 0 0 0 0 0 0 0 0 0 0 0 0 0 0 0 0 0 0 0 0 0 0 0 0 0 0 0 0 0 0 0 0 0 0 0 0 0.854 0.894 0.808 0.876 0.859 0.866 0.808 0.876 0.811 0.845 0.859 0.866 0.85 0.924 0.888 0.939 0.847 0.953 0.888 0.939 0.884 0.961 0.847 0.953 0.863 0.841 0.901 0.878 0.859 0.866 0.901 0.878 0.897 0.896 0.859 0.866 0.859 0.866 0.897 0.896 0.854 0.894 0.897 0.896 0.892 0.917 0.854 0.894 0 0 0 0 0 0 0 0 0 0 0 0 0 0 0 0 0 0 0 0 0 0 0 0 0 0 0 0 0 0 0 0 0 0 0 0 0 0 0 0 0 0 0 0 0 0 0 0 0.844 0.983 0.847 0.953 0.881 0.983 0.847 0.953 0.884 0.961 0.881 0.983 0 0 0 0 0 0 0 0 0 0 0 0 0 0 0 0 0 0 0 0 0 0 0 0 0 0 0 0 0 0 0 0 0 0 0 0 0 0 0 0 0 0 0 0 0 0 0 0 0 0 0 0 0 0 0 0 0 0 0 0 0.806 0.91 0.808 0.876 0.85 0.924 0.808 0.876 0.854 0.894 0.85 0.924 0 0 0 0 0 0 0 0 0 0 0 0 0 0 0 0 0 0 0 0 0 0 0 0 0 0 0 0 0 0 0 0 0 0 0 0 0 0 0 0 0 0 0 0 0 0 0 0 0 0 0 0 0 0 0 0 0 0 0 0 0 0 0 0 0 0 0 0 0 0 0 0 0.863 0.841 0.859 0.866 0.815 0.817 0.859 0.866 0.811 0.845 0.815 0.817 0.911 0.742 0.896 0.773 0.878 0.717 0.896 0.773 0.858 0.749 0.878 0.717 0.834 0.705 0.878 0.717 0.805 0.735 0.878 0.717 0.858 0.749 0.805 0.735 0.562 0.913 0.534 0.861 0.601 0.923 0.534 0.861 0.575 0.87 0.601 0.923 0.805 0.735 0.858 0.749 0.776 0.773 0.858 0.749 0.835 0.785 0.776 0.773 0.625 0.963 0.601 0.923 0.663 0.963 0.601 0.923 0.627 0.924 0.663 0.963 0.602 0.872 0.627 0.924 0.575 0.87 0.627 0.924 0.601 0.923 0.575 0.87 0 0 0 0 0 0 0 0 0 0 0 0 0.731 0.803 0.739 0.78 0.731 0.876 0.739 0.78 0.739 0.865 0.731 0.876 0.654 0.726 0.699 0.726 0.654 0.772 0.699 0.726 0.699 0.772 0.654 0.772 0.7 0.815 0.7 0.794 0.731 0.803 0.7 0.794 0.727 0.789 0.731 0.803 0.602 0.772 0.654 0.772 0.602 0.8 0.654 0.772 0.654 0.794 0.602 0.8 0.69 0.958 0.663 0.963 0.667 0.916 0.663 0.963 0.627 0.924 0.667 0.916 0 0 0 0 0 0 0 0 0 0 0 0 0.731 0.876 0.739 0.865 0.734 0.932 0.739 0.865 0.739 0.925 0.734 0.932 0.25 0.672 0.252 0.67 0.319 0.67 0.7 0.815 0.731 0.803 0.699 0.841 0.627 0.924 0.602 0.872 0.667 0.916 0.602 0.872 0.65 0.863 0.667 0.916 0 0 0 0 0 0 0 0 0 0 0 0 0 0 0 0 0 0 0 0 0 0 0 0 0.602 0.8 0.654 0.794 0.602 0.826 0.654 0.794 0.652 0.816 0.602 0.826 0.602 0.854 0.602 0.826 0.649 0.846 0.602 0.826 0.652 0.816 0.649 0.846 0.654 0.794 0.7 0.794 0.652 0.816 0.7 0.794 0.7 0.815 0.652 0.816 0 0 0 0 0 0 0 0 0 0 0 0 0.652 0.816 0.7 0.815 0.649 0.846 0.7 0.815 0.699 0.841 0.649 0.846 0 0 0 0 0 0 0 0 0 0 0 0 0 0 0 0 0 0 0 0 0 0 0 0 0 0 0 0 0 0 0 0 0 0 0 0 0.654 0.794 0.654 0.772 0.7 0.794 0.654 0.772 0.699 0.772 0.7 0.794 0.7 0.794 0.699 0.772 0.727 0.789 0.699 0.772 0.729 0.772 0.727 0.789 0.654 0.631 0.699 0.631 0.654 0.726 0.699 0.631 0.699 0.726 0.654 0.726 0.654 0.726 0.654 0.772 0.602 0.726 0.654 0.772 0.602 0.772 0.602 0.726 0.654 0.56 0.699 0.56 0.654 0.631 0.699 0.56 0.699 0.631 0.654 0.631 0.654 0.56 0.654 0.631 0.602 0.56 0.654 0.631 0.602 0.631 0.602 0.56 0.602 0.631 0.654 0.631 0.602 0.726 0.654 0.631 0.654 0.726 0.602 0.726 0.472 0.013 0.546 0.013 0.601 0.163 0.546 0.013 0.596 0.06 0.601 0.163 0.384 0.246 0.355 0.065 0.525 0.254 0.355 0.065 0.556 0.203 0.525 0.254 0.258 0.551 0.326 0.537 0.311 0.617 0.326 0.537 0.353 0.603 0.311 0.617 0.162 0.603 0.189 0.537 0.206 0.616 0.189 0.537 0.258 0.551 0.206 0.616 0.601 0.163 0.556 0.203 0.472 0.013 0.556 0.203 0.355 0.065 0.472 0.013 0.384 0.246 0.326 0.208 0.355 0.065 0.326 0.208 0.273 0.102 0.355 0.065 0.319 0.925 0.319 0.877 0.24 0.925 0.319 0.877 0.24 0.877 0.24 0.925 0.319 0.714 0.319 0.681 0.24 0.714 0.319 0.681 0.24 0.681 0.24 0.714 0.119 0.58 0.132 0.499 0.162 0.603 0.132 0.499 0.189 0.537 0.162 0.603 0.093 0.304 0.03 0.271 0.056 0.226 0.319 0.925 0.319 0.958 0.24 0.925 0.319 0.958 0.24 0.958 0.24 0.925 0.319 0.82 0.319 0.762 0.24 0.82 0.319 0.762 0.24 0.762 0.24 0.82 0.525 0.254 0.503 0.33 0.384 0.246 0.503 0.33 0.422 0.304 0.384 0.246 0.319 0.877 0.319 0.925 0.24 0.877 0.319 0.925 0.24 0.925 0.24 0.877 0.093 0.304 0.079 0.373 0.03 0.271 0.079 0.373 0.014 0.318 0.03 0.271 0.444 0.54 0.397 0.58 0.384 0.499 0.397 0.58 0.326 0.537 0.384 0.499 0.319 0.969 0.319 0.958 0.24 0.969 0.319 0.958 0.24 0.958 0.24 0.969 0.503 0.33 0.489 0.4 0.422 0.304 0.489 0.4 0.436 0.373 0.422 0.304 0.079 0.373 0.093 0.441 0.008 0.367 0.093 0.441 0.011 0.414 0.008 0.367 0.319 0.762 0.319 0.82 0.24 0.762 0.319 0.82 0.24 0.82 0.24 0.762 0.008 0.367 0.014 0.318 0.079 0.373 0.319 0.681 0.319 0.714 0.24 0.681 0.319 0.714 0.24 0.714 0.24 0.681 0.489 0.4 0.467 0.48 0.436 0.373 0.467 0.48 0.422 0.441 0.436 0.373 0.467 0.48 0.444 0.54 0.422 0.441 0.444 0.54 0.384 0.499 0.422 0.441 0.25 0.749 0.414 0.753 0.244 0.751 0.319 0.762 0.319 0.714 0.24 0.762 0.319 0.714 0.24 0.714 0.24 0.762 0.027 0.468 0.011 0.414 0.093 0.441 0.189 0.208 0.132 0.246 0.148 0.163 0.132 0.246 0.087 0.189 0.148 0.163 0.319 0.958 0.319 0.925 0.24 0.958 0.319 0.925 0.24 0.925 0.24 0.958 0.05 0.511 0.093 0.441 0.081 0.549 0.093 0.441 0.132 0.499 0.081 0.549 0.319 0.877 0.319 0.82 0.24 0.877 0.319 0.82 0.24 0.82 0.24 0.877 0.546 0.013 0.677 0.013 0.596 0.06 0.677 0.013 0.676 0.06 0.596 0.06 0.326 0.537 0.397 0.58 0.353 0.603 0.258 0.194 0.189 0.208 0.213 0.131 0.189 0.208 0.148 0.163 0.213 0.131 0.258 0.551 0.311 0.617 0.258 0.623 0.273 0.102 0.326 0.208 0.213 0.131 0.326 0.208 0.258 0.194 0.213 0.131 0.319 0.714 0.319 0.762 0.24 0.714 0.319 0.762 0.24 0.762 0.24 0.714 0.119 0.58 0.081 0.549 0.132 0.499 0.05 0.511 0.027 0.468 0.093 0.441 0.319 0.958 0.319 0.969 0.24 0.958 0.319 0.969 0.24 0.969 0.24 0.958 0.132 0.246 0.093 0.304 0.087 0.189 0.093 0.304 0.056 0.226 0.087 0.189 0.206 0.616 0.258 0.551 0.258 0.623 0.319 0.82 0.319 0.877 0.24 0.82 0.319 0.877 0.24 0.877 0.24 0.82 0 0 0 0 0 0 0 0 0 0 0 0 0 0 0 0 0 0 0 0 0 0 0 0 0 0 0 0 0 0 0 0 0 0 0 0 0 0 0 0 0 0 0 0 0 0 0 0 0 0 0 0 0 0 0 0 0 0 0 0 0 0 0 0 0 0 0 0 0 0 0 0 0 0 0 0 0 0 0 0 0 0 0 0 0 0 0 0 0 0 0 0 0 0 0 0 0 0 0 0 0 0 0 0 0 0 0 0 0 0 0 0 0 0 0 0 0 0 0 0 0 0 0 0 0 0 0 0 0 0 0 0 0 0 0 0 0 0 0 0 0 0 0 0 0.066 0.82 0.105 0.82 0.066 0.865 0.105 0.82 0.105 0.874 0.066 0.865 0.149 0.82 0.194 0.82 0.149 0.879 0.194 0.82 0.194 0.881 0.149 0.879 0.194 0.82 0.24 0.82 0.194 0.881 0.24 0.82 0.24 0.881 0.194 0.881 0.066 0.865 0.105 0.874 0.066 0.903 0.105 0.874 0.105 0.92 0.066 0.903 0.149 0.879 0.194 0.881 0.149 0.93 0.194 0.881 0.194 0.933 0.149 0.93 0.194 0.881 0.24 0.881 0.194 0.933 0.24 0.881 0.24 0.934 0.194 0.933 0.066 0.903 0.105 0.92 0.066 0.929 0.105 0.92 0.105 0.951 0.066 0.929 0.149 0.93 0.194 0.933 0.149 0.964 0.194 0.933 0.194 0.968 0.149 0.964 0.194 0.933 0.24 0.934 0.194 0.968 0.24 0.934 0.24 0.969 0.194 0.968 0.066 0.929 0.105 0.951 0.066 0.938 0.105 0.951 0.105 0.962 0.066 0.938 0.149 0.964 0.194 0.968 0.149 0.976 0.194 0.968 0.194 0.98 0.149 0.976 0.194 0.968 0.24 0.969 0.194 0.98 0.24 0.969 0.24 0.981 0.194 0.98 0.066 0.938 0.105 0.962 0.066 0.929 0.105 0.962 0.105 0.951 0.066 0.929 0.149 0.976 0.194 0.98 0.149 0.964 0.194 0.98 0.194 0.968 0.149 0.964 0.194 0.98 0.24 0.981 0.194 0.968 0.24 0.981 0.24 0.969 0.194 0.968 0.066 0.929 0.105 0.951 0.066 0.903 0.105 0.951 0.105 0.92 0.066 0.903 0.149 0.964 0.194 0.968 0.149 0.93 0.194 0.968 0.194 0.933 0.149 0.93 0.194 0.968 0.24 0.969 0.194 0.933 0.24 0.969 0.24 0.934 0.194 0.933 0.066 0.903 0.105 0.92 0.066 0.865 0.105 0.92 0.105 0.874 0.066 0.865 0.149 0.93 0.194 0.933 0.149 0.879 0.194 0.933 0.194 0.881 0.149 0.879 0.194 0.933 0.24 0.934 0.194 0.881 0.24 0.934 0.24 0.881 0.194 0.881 0.066 0.865 0.105 0.874 0.066 0.82 0.105 0.874 0.105 0.82 0.066 0.82 0.149 0.879 0.194 0.881 0.149 0.82 0.194 0.881 0.194 0.82 0.149 0.82 0.194 0.881 0.24 0.881 0.194 0.82 0.24 0.881 0.24 0.82 0.194 0.82 0.066 0.82 0.105 0.82 0.066 0.774 0.105 0.82 0.105 0.765 0.066 0.774 0.149 0.82 0.194 0.82 0.149 0.76 0.194 0.82 0.194 0.758 0.149 0.76 0.194 0.82 0.24 0.82 0.194 0.758 0.24 0.82 0.24 0.758 0.194 0.758 0.066 0.774 0.105 0.765 0.066 0.736 0.105 0.765 0.105 0.719 0.066 0.736 0.149 0.76 0.194 0.758 0.149 0.709 0.194 0.758 0.194 0.706 0.149 0.709 0.194 0.758 0.24 0.758 0.194 0.706 0.24 0.758 0.24 0.705 0.194 0.706 0.066 0.736 0.105 0.719 0.066 0.71 0.105 0.719 0.105 0.688 0.066 0.71 0.149 0.709 0.194 0.706 0.149 0.675 0.194 0.706 0.194 0.671 0.149 0.675 0.194 0.706 0.24 0.705 0.194 0.671 0.24 0.705 0.24 0.67 0.194 0.671 0.414 0.768 0.066 0.768 0.224 0.753 0.066 0.768 0.066 0.753 0.224 0.753 0.414 0.768 0.224 0.753 0.414 0.753 0.319 0.681 0.319 0.67 0.25 0.672 0.066 0.768 0.414 0.768 0.066 0.753 0.414 0.768 0.224 0.753 0.066 0.753 0.319 0.681 0.24 0.681 0.244 0.674 0.244 0.674 0.25 0.672 0.319 0.681 0.066 0.71 0.105 0.688 0.066 0.736 0.105 0.688 0.105 0.719 0.066 0.736 0.149 0.675 0.194 0.671 0.149 0.709 0.194 0.671 0.194 0.706 0.149 0.709 0.194 0.671 0.24 0.67 0.194 0.706 0.24 0.67 0.24 0.705 0.194 0.706 0.066 0.736 0.105 0.719 0.066 0.774 0.105 0.719 0.105 0.765 0.066 0.774 0.149 0.709 0.194 0.706 0.149 0.76 0.194 0.706 0.194 0.758 0.149 0.76 0.194 0.706 0.24 0.705 0.194 0.758 0.24 0.705 0.24 0.758 0.194 0.758 0.066 0.774 0.105 0.765 0.066 0.82 0.105 0.765 0.105 0.82 0.066 0.82 0.149 0.76 0.194 0.758 0.149 0.82 0.194 0.758 0.194 0.82 0.149 0.82 0.194 0.758 0.24 0.758 0.194 0.82 0.24 0.758 0.24 0.82 0.194 0.82 0.066 0.865 0.066 0.82 0.066 0.847 0.066 0.82 0.066 0.82 0.066 0.847 0.066 0.82 0.066 0.82 0.066 0.847 0.066 0.82 0.066 0.865 0.066 0.847 0.066 0.871 0.066 0.886 0.066 0.903 0.066 0.886 0.066 0.929 0.066 0.903 0.066 0.82 0.066 0.82 0.066 0.792 0.066 0.82 0.066 0.774 0.066 0.792 0.066 0.736 0.066 0.768 0.066 0.774 0.066 0.768 0.066 0.792 0.066 0.774 0.066 0.774 0.066 0.82 0.066 0.792 0.066 0.82 0.066 0.82 0.066 0.792 0.24 0.681 0.24 0.675 0.244 0.674 0.066 0.938 0.066 0.892 0.066 0.929 0.066 0.892 0.066 0.886 0.066 0.929 0.244 0.674 0.24 0.675 0.24 0.681 0.066 0.929 0.066 0.886 0.066 0.903 0.066 0.886 0.066 0.871 0.066 0.903 0.066 0.774 0.066 0.792 0.066 0.736 0.066 0.792 0.066 0.768 0.066 0.736 0.066 0.903 0.066 0.871 0.066 0.865 0.066 0.871 0.066 0.847 0.066 0.865 0.319 0.681 0.25 0.672 0.319 0.67 0.066 0.903 0.066 0.865 0.066 0.871 0.066 0.865 0.066 0.847 0.066 0.871 0.066 0.938 0.066 0.929 0.066 0.892 0.066 0.929 0.066 0.886 0.066 0.892 0.105 0.765 0.149 0.76 0.105 0.82 0.149 0.76 0.149 0.82 0.105 0.82 0.105 0.719 0.149 0.709 0.105 0.765 0.149 0.709 0.149 0.76 0.105 0.765 0.105 0.688 0.149 0.675 0.105 0.719 0.149 0.675 0.149 0.709 0.105 0.719 0.24 0.681 0.24 0.675 0.24 0.67 0.24 0.675 0.24 0.662 0.24 0.67 0.24 0.67 0.24 0.662 0.24 0.681 0.24 0.662 0.24 0.675 0.24 0.681 0.105 0.719 0.149 0.709 0.105 0.688 0.149 0.709 0.149 0.675 0.105 0.688 0.105 0.765 0.149 0.76 0.105 0.719 0.149 0.76 0.149 0.709 0.105 0.719 0.105 0.82 0.149 0.82 0.105 0.765 0.149 0.82 0.149 0.76 0.105 0.765 0.105 0.874 0.149 0.879 0.105 0.82 0.149 0.879 0.149 0.82 0.105 0.82 0.105 0.92 0.149 0.93 0.105 0.874 0.149 0.93 0.149 0.879 0.105 0.874 0.105 0.951 0.149 0.964 0.105 0.92 0.149 0.964 0.149 0.93 0.105 0.92 0.105 0.962 0.149 0.976 0.105 0.951 0.149 0.976 0.149 0.964 0.105 0.951 0.105 0.951 0.149 0.964 0.105 0.962 0.149 0.964 0.149 0.976 0.105 0.962 0.105 0.92 0.149 0.93 0.105 0.951 0.149 0.93 0.149 0.964 0.105 0.951 0.105 0.874 0.149 0.879 0.105 0.92 0.149 0.879 0.149 0.93 0.105 0.92 0.105 0.82 0.149 0.82 0.105 0.874 0.149 0.82 0.149 0.879 0.105 0.874 0.066 0.71 0.066 0.707 0.066 0.753 0.066 0.71 0.066 0.753 0.066 0.707 0.235 0.752 0.224 0.753 0.414 0.753 0.244 0.751 0.414 0.753 0.235 0.752 0.244 0.751 0.414 0.753 0.25 0.749 0.414 0.753 0.224 0.753 0.414 0.768 0.25 0.749 0.414 0.753 0.252 0.747 0.414 0.753 0.414 0.747 0.252 0.747 0.414 0.753 0.244 0.751 0.235 0.752 0.235 0.752 0.414 0.753 0.224 0.753 0.414 0.753 0.25 0.749 0.414 0.747 0.25 0.749 0.252 0.747 0.414 0.747 0.105 0.688 0.105 0.683 0.066 0.71 0.105 0.683 0.066 0.707 0.066 0.71 0.149 0.675 0.149 0.669 0.105 0.688 0.149 0.669 0.105 0.683 0.105 0.688 0.194 0.671 0.194 0.665 0.149 0.675 0.194 0.665 0.149 0.669 0.149 0.675 0.24 0.67 0.224 0.664 0.194 0.671 0.224 0.664 0.194 0.665 0.194 0.671 0.224 0.664 0.24 0.67 0.235 0.663 0.24 0.67 0.24 0.662 0.235 0.663 0.24 0.662 0.24 0.67 0.235 0.663 0.235 0.663 0.24 0.67 0.224 0.664 0.194 0.671 0.194 0.665 0.24 0.67 0.194 0.665 0.224 0.664 0.24 0.67 0.149 0.675 0.149 0.669 0.194 0.671 0.149 0.669 0.194 0.665 0.194 0.671 0.105 0.688 0.105 0.683 0.149 0.675 0.105 0.683 0.149 0.669 0.149 0.675 0.066 0.71 0.066 0.707 0.105 0.688 0.066 0.707 0.105 0.683 0.105 0.688 0.252 0.747 0.25 0.749 0.252 0.67 0.25 0.749 0.25 0.672 0.252 0.67 0.25 0.749 0.252 0.747 0.25 0.672 0.252 0.747 0.252 0.67 0.25 0.672 0.25 0.749 0.244 0.751 0.25 0.672 0.244 0.751 0.244 0.674 0.25 0.672 0.244 0.751 0.25 0.749 0.244 0.674 0.25 0.749 0.25 0.672 0.244 0.674 0.224 0.753 0.235 0.752 0.224 0.664 0.235 0.752 0.235 0.663 0.224 0.664 0.235 0.752 0.224 0.753 0.235 0.663 0.224 0.753 0.224 0.664 0.235 0.663 0.24 0.662 0.24 0.675 0.235 0.663 0.235 0.663 0.24 0.675 0.235 0.752 0.244 0.751 0.235 0.752 0.244 0.674 0.235 0.752 0.24 0.675 0.244 0.674 0.235 0.752 0.244 0.751 0.24 0.675 0.244 0.751 0.244 0.674 0.24 0.675 0.24 0.662 0.235 0.663 0.24 0.675 0.235 0.663 0.235 0.752 0.24 0.675 0.224 0.753 0.224 0.664 0.194 0.665 0.224 0.753 0.149 0.669 0.066 0.753 0.149 0.669 0.105 0.683 0.066 0.753 0.066 0.707 0.105 0.683 0.066 0.753 0.105 0.683 0.224 0.753 0.066 0.753 0.149 0.669 0.224 0.753 0.194 0.665 0.105 0.683 0.066 0.707 0.066 0.753 0.224 0.753 0.105 0.683 0.149 0.669 0.224 0.664 0.224 0.753 0.194 0.665 0.224 0.753 0.149 0.669 0.194 0.665 0.776 0.773 0.835 0.785 0.757 0.803 0.835 0.785 0.815 0.817 0.757 0.803 0 0 0 0 0 0 0 0 0 0 0 0 0.676 0.06 0.677 0.013 0.773 0.06 0.677 0.013 0.773 0.013 0.773 0.06 0.985 0.108 0.773 0.115 0.985 0.06 0.773 0.115 0.773 0.06 0.985 0.06 0 0 0 0 0 0 0 0 0 0 0 0 0.677 0.127 0.676 0.06 0.773 0.115 0.676 0.06 0.773 0.06 0.773 0.115 0.596 0.06 0.676 0.06 0.601 0.163 0.676 0.06 0.677 0.127 0.601 0.163 0.739 0.78 0.731 0.803 0.729 0.772 0.731 0.803 0.727 0.789 0.729 0.772 0.858 0.749 0.896 0.773 0.835 0.785 0.896 0.773 0.879 0.809 0.835 0.785 0.896 0.773 0.931 0.806 0.879 0.809 0.931 0.806 0.914 0.847 0.879 0.809 0 0 0 0 0 0 0 0 0 0 0 0 0 0 0 0 0 0 0 0 0 0 0 0 0 0 0 0 0 0 0 0 0 0 0 0 0 0 0 0 0 0 0 0 0 0 0 0 0.642 0.994 0.601 0.989 0.625 0.963 0.601 0.989 0.586 0.957 0.625 0.963 0 0 0 0 0 0 0 0 0 0 0 0 0 0 0 0 0 0 0 0 0 0 0 0 0 0 0 0 0 0 0 0 0 0 0 0 0 0 0 0 0 0 0 0 0 0 0 0 0 0 0 0 0 0 0 0 0 0 0 0 0 0 0 0 0 0 0 0 0 0 0 0 0 0 0 0 0 0 0 0 0 0 0 0 0 0 0 0 0 0 0 0 0 0 0 0 0 0 0 0 0 0 0.835 0.785 0.879 0.809 0.815 0.817 0.879 0.809 0.863 0.841 0.815 0.817 0 0 0 0 0 0 0 0 0 0 0 0 0.879 0.809 0.914 0.847 0.863 0.841 0.914 0.847 0.901 0.878 0.863 0.841 0 0 0 0 0 0 0 0 0 0 0 0 0 0 0 0 0 0</float_array>
					<technique_common>
						<accessor source="#3819v2-mesh-map-1-array" count="2856" stride="2">
							<param name="S" type="float"/>
							<param name="T" type="float"/>
						</accessor>
					</technique_common>
				</source>
				<source id="3819v2-mesh-map-2">
					<float_array id="3819v2-mesh-map-2-array" count="5712">0.197 0.591 0.166 0.582 0.201 0.539 0.166 0.582 0.166 0.532 0.201 0.539 0.216 0.833 0.189 0.811 0.217 0.832 0.189 0.811 0.193 0.813 0.217 0.832 0.147 0.571 0.151 0.524 0.166 0.582 0.151 0.524 0.166 0.532 0.166 0.582 0.147 0.733 0.144 0.727 0.143 0.701 0.144 0.727 0.14 0.686 0.143 0.701 0.243 0.487 0.243 0.543 0.202 0.486 0.243 0.543 0.201 0.539 0.202 0.486 0.157 0.762 0.153 0.758 0.147 0.733 0.153 0.758 0.144 0.727 0.147 0.733 0.438 0.79 0.454 0.762 0.444 0.783 0.454 0.762 0.459 0.753 0.444 0.783 0.467 0.701 0.47 0.689 0.464 0.733 0.47 0.689 0.467 0.721 0.464 0.733 0.41 0.744 0.402 0.763 0.366 0.741 0.402 0.763 0.362 0.752 0.366 0.741 0.336 0.855 0.366 0.847 0.337 0.856 0.366 0.847 0.368 0.847 0.337 0.856 0.424 0.808 0.418 0.813 0.444 0.783 0.418 0.813 0.438 0.79 0.444 0.783 0.391 0.78 0.356 0.763 0.402 0.763 0.356 0.763 0.362 0.752 0.402 0.763 0.807 0.672 0.807 0.694 0.807 0.654 0.807 0.734 0.807 0.694 0.807 0.716 0.807 0.716 0.807 0.694 0.807 0.694 0.807 0.642 0.807 0.694 0.807 0.637 0.807 0.746 0.807 0.694 0.807 0.734 0.807 0.637 0.807 0.694 0.807 0.642 0.535 0.654 0.807 0.654 0.535 0.672 0.807 0.654 0.807 0.672 0.535 0.672 0.535 0.637 0.807 0.637 0.535 0.642 0.807 0.637 0.807 0.642 0.535 0.642 0.535 0.694 0.807 0.694 0.535 0.716 0.807 0.694 0.807 0.716 0.535 0.716 0.671 0.811 0.671 0.802 0.671 0.82 0.671 0.802 0.671 0.811 0.671 0.82 0.671 0.586 0.671 0.577 0.671 0.577 0.671 0.577 0.671 0.568 0.671 0.577 0.807 0.654 0.807 0.694 0.807 0.672 0.807 0.672 0.807 0.694 0.807 0.694 0.807 0.694 0.807 0.694 0.807 0.672 0.807 0.746 0.807 0.694 0.807 0.751 0.807 0.716 0.807 0.694 0.807 0.734 0.807 0.751 0.807 0.694 0.807 0.746 0.807 0.642 0.807 0.654 0.807 0.694 0.807 0.694 0.807 0.694 0.807 0.716 0.807 0.642 0.807 0.694 0.807 0.654 0.807 0.734 0.807 0.694 0.807 0.746 0.671 0.777 0.671 0.783 0.671 0.739 0.671 0.783 0.671 0.742 0.671 0.739 0.733 0.586 0.674 0.603 0.671 0.586 0.535 0.746 0.807 0.746 0.535 0.734 0.807 0.746 0.807 0.734 0.535 0.734 0.535 0.672 0.807 0.672 0.535 0.694 0.807 0.672 0.807 0.694 0.535 0.694 0.671 0.739 0.671 0.742 0.671 0.694 0.671 0.742 0.671 0.694 0.671 0.694 0.671 0.694 0.671 0.694 0.671 0.649 0.671 0.694 0.671 0.646 0.671 0.649 0.535 0.734 0.807 0.734 0.535 0.716 0.807 0.734 0.807 0.716 0.535 0.716 0.733 0.611 0.68 0.611 0.679 0.607 0.671 0.742 0.671 0.739 0.671 0.694 0.671 0.739 0.671 0.694 0.671 0.694 0.535 0.694 0.535 0.694 0.535 0.659 0.535 0.694 0.535 0.672 0.535 0.659 0.671 0.646 0.671 0.649 0.671 0.605 0.671 0.649 0.671 0.611 0.671 0.605 0.671 0.783 0.671 0.777 0.671 0.811 0.671 0.777 0.671 0.802 0.671 0.811 0.535 0.642 0.807 0.642 0.535 0.654 0.807 0.642 0.807 0.654 0.535 0.654 0.671 0.82 0.671 0.811 0.671 0.811 0.671 0.811 0.671 0.802 0.671 0.811 0.535 0.734 0.807 0.734 0.535 0.746 0.807 0.734 0.807 0.746 0.535 0.746 0.671 0.694 0.671 0.694 0.671 0.646 0.671 0.694 0.671 0.649 0.671 0.646 0.535 0.751 0.807 0.751 0.535 0.746 0.807 0.751 0.807 0.746 0.535 0.746 0.671 0.783 0.671 0.777 0.671 0.742 0.671 0.777 0.671 0.739 0.671 0.742 0.535 0.637 0.535 0.601 0.535 0.642 0.535 0.601 0.535 0.608 0.535 0.642 0.535 0.716 0.807 0.716 0.535 0.734 0.807 0.716 0.807 0.734 0.535 0.734 0.535 0.746 0.807 0.746 0.535 0.751 0.807 0.746 0.807 0.751 0.535 0.751 0.671 0.611 0.671 0.586 0.671 0.605 0.671 0.586 0.671 0.577 0.671 0.605 0.671 0.811 0.671 0.802 0.671 0.783 0.671 0.802 0.671 0.777 0.671 0.783 0.535 0.716 0.807 0.716 0.535 0.694 0.807 0.716 0.807 0.694 0.535 0.694 0.674 0.603 0.733 0.586 0.679 0.607 0.671 0.577 0.671 0.586 0.671 0.568 0.671 0.586 0.671 0.577 0.671 0.568 0.22 0.39 0.24 0.437 0.184 0.409 0.24 0.437 0.199 0.44 0.184 0.409 0.305 0.859 0.273 0.856 0.305 0.857 0.273 0.856 0.274 0.855 0.305 0.857 0.367 0.47 0.243 0.487 0.325 0.425 0.243 0.487 0.24 0.437 0.325 0.425 0.199 0.44 0.24 0.437 0.202 0.486 0.24 0.437 0.243 0.487 0.202 0.486 0.317 0.787 0.328 0.784 0.325 0.819 0.328 0.784 0.344 0.814 0.325 0.819 0.407 0.538 0.404 0.475 0.44 0.531 0.404 0.475 0.436 0.467 0.44 0.531 0.148 0.476 0.145 0.439 0.167 0.481 0.145 0.439 0.164 0.439 0.167 0.481 0.145 0.439 0.144 0.418 0.164 0.439 0.144 0.418 0.151 0.418 0.164 0.439 0.148 0.476 0.167 0.481 0.151 0.524 0.167 0.481 0.166 0.532 0.151 0.524 0.743 0.647 0.733 0.685 0.738 0.647 0.368 0.541 0.368 0.599 0.243 0.543 0.368 0.599 0.242 0.596 0.243 0.543 0.328 0.784 0.339 0.779 0.344 0.814 0.339 0.779 0.361 0.806 0.344 0.814 0.248 0.752 0.208 0.763 0.244 0.741 0.208 0.763 0.201 0.744 0.244 0.741 0.734 0.647 0.738 0.647 0.736 0.601 0.738 0.647 0.745 0.601 0.736 0.601 0.434 0.452 0.459 0.434 0.436 0.467 0.459 0.434 0.461 0.455 0.436 0.467 0.406 0.595 0.408 0.633 0.368 0.599 0.408 0.633 0.368 0.637 0.368 0.599 0.366 0.847 0.393 0.832 0.368 0.847 0.393 0.832 0.401 0.829 0.368 0.847 0.337 0.856 0.305 0.859 0.336 0.855 0.305 0.859 0.305 0.857 0.336 0.855 0.393 0.832 0.418 0.813 0.401 0.829 0.418 0.813 0.424 0.808 0.401 0.829 0.274 0.855 0.273 0.856 0.245 0.847 0.273 0.856 0.242 0.847 0.245 0.847 0.217 0.832 0.193 0.813 0.23 0.825 0.193 0.813 0.208 0.809 0.23 0.825 0.208 0.809 0.193 0.813 0.19 0.789 0.193 0.813 0.172 0.79 0.19 0.789 0.217 0.832 0.245 0.847 0.216 0.833 0.245 0.847 0.242 0.847 0.216 0.833 0.464 0.733 0.445 0.741 0.467 0.701 0.445 0.741 0.449 0.714 0.467 0.701 0.468 0.426 0.47 0.448 0.459 0.434 0.47 0.448 0.461 0.455 0.459 0.434 0.05 0.273 0.148 0.372 0.031 0.292 0.148 0.372 0.129 0.391 0.031 0.292 0.148 0.372 0.177 0.343 0.184 0.409 0.177 0.343 0.22 0.39 0.184 0.409 0.794 0.516 0.762 0.516 0.806 0.473 0.762 0.516 0.767 0.473 0.806 0.473 0.753 0.56 0.777 0.56 0.745 0.599 0.777 0.56 0.76 0.599 0.745 0.599 0.733 0.212 0.733 0.31 0.733 0.19 0.733 0.31 0.733 0.288 0.733 0.19 0.736 0.599 0.738 0.56 0.745 0.599 0.738 0.56 0.753 0.56 0.745 0.599 0.733 0.647 0.734 0.647 0.733 0.685 0.745 0.599 0.76 0.599 0.738 0.647 0.76 0.599 0.743 0.647 0.738 0.647 0.741 0.473 0.767 0.473 0.74 0.516 0.767 0.473 0.762 0.516 0.74 0.516 0.733 0.515 0.74 0.516 0.733 0.56 0.74 0.516 0.738 0.56 0.733 0.56 0.742 0.429 0.741 0.473 0.733 0.438 0.741 0.473 0.733 0.477 0.733 0.438 0.743 0.388 0.742 0.429 0.733 0.386 0.742 0.429 0.733 0.438 0.733 0.386 0.738 0.647 0.734 0.688 0.743 0.647 0.75 0.647 0.776 0.601 0.743 0.647 0.776 0.601 0.76 0.601 0.743 0.647 0.777 0.562 0.798 0.51 0.753 0.562 0.798 0.51 0.764 0.507 0.753 0.562 0.813 0.443 0.769 0.445 0.798 0.51 0.769 0.445 0.764 0.507 0.798 0.51 0.753 0.562 0.764 0.507 0.738 0.562 0.764 0.507 0.74 0.508 0.738 0.562 0.738 0.647 0.734 0.647 0.734 0.688 0.801 0.565 0.777 0.562 0.776 0.601 0.777 0.562 0.76 0.601 0.776 0.601 0.769 0.445 0.74 0.441 0.764 0.507 0.74 0.441 0.74 0.508 0.764 0.507 0.76 0.601 0.777 0.562 0.745 0.601 0.777 0.562 0.753 0.562 0.745 0.601 0.738 0.562 0.733 0.562 0.736 0.601 0.733 0.562 0.733 0.602 0.736 0.601 0.442 0.393 0.427 0.376 0.449 0.377 0.427 0.376 0.434 0.357 0.449 0.377 0.404 0.475 0.402 0.463 0.436 0.467 0.402 0.463 0.434 0.452 0.436 0.467 0.368 0.541 0.243 0.543 0.367 0.47 0.243 0.543 0.243 0.487 0.367 0.47 0.404 0.327 0.434 0.357 0.399 0.342 0.434 0.357 0.427 0.376 0.399 0.342 0.806 0.473 0.851 0.473 0.794 0.516 0.851 0.473 0.83 0.517 0.794 0.516 0.769 0.404 0.769 0.372 0.809 0.414 0.769 0.372 0.809 0.391 0.809 0.414 0.809 0.293 0.809 0.391 0.769 0.274 0.809 0.391 0.769 0.372 0.769 0.274 0.47 0.565 0.47 0.601 0.459 0.575 0.47 0.601 0.461 0.613 0.459 0.575 0.806 0.473 0.767 0.473 0.809 0.434 0.767 0.473 0.769 0.431 0.809 0.434 0.733 0.685 0.734 0.647 0.738 0.647 0.742 0.429 0.769 0.431 0.741 0.473 0.769 0.431 0.767 0.473 0.741 0.473 0.762 0.516 0.794 0.516 0.753 0.56 0.794 0.516 0.777 0.56 0.753 0.56 0.753 0.56 0.738 0.56 0.762 0.516 0.738 0.56 0.74 0.516 0.762 0.516 0.745 0.601 0.738 0.647 0.76 0.601 0.738 0.647 0.743 0.647 0.76 0.601 0.745 0.601 0.753 0.562 0.736 0.601 0.753 0.562 0.738 0.562 0.736 0.601 0.44 0.531 0.461 0.522 0.441 0.585 0.461 0.522 0.459 0.575 0.441 0.585 0.368 0.541 0.407 0.538 0.368 0.599 0.407 0.538 0.406 0.595 0.368 0.599 0.233 0.794 0.219 0.78 0.262 0.771 0.219 0.78 0.254 0.763 0.262 0.771 0.254 0.763 0.219 0.78 0.248 0.752 0.219 0.78 0.208 0.763 0.248 0.752 0.409 0.406 0.427 0.376 0.42 0.419 0.427 0.376 0.442 0.393 0.42 0.419 0.922 0.193 0.922 0.447 0.907 0.177 0.922 0.447 0.907 0.431 0.907 0.177 0.785 0.212 0.785 0.466 0.791 0.231 0.785 0.466 0.791 0.485 0.791 0.231 0.928 0.212 0.928 0.466 0.922 0.193 0.928 0.466 0.922 0.447 0.922 0.193 0.791 0.193 0.791 0.447 0.785 0.212 0.791 0.447 0.785 0.466 0.785 0.212 0.791 0.231 0.791 0.485 0.806 0.248 0.791 0.485 0.806 0.502 0.806 0.248 0.857 0.263 0.857 0.516 0.884 0.259 0.857 0.516 0.884 0.513 0.884 0.259 0.907 0.248 0.907 0.502 0.922 0.231 0.907 0.502 0.922 0.485 0.922 0.231 0.806 0.248 0.806 0.502 0.829 0.259 0.806 0.502 0.829 0.513 0.829 0.259 0.884 0.166 0.884 0.42 0.857 0.162 0.884 0.42 0.857 0.416 0.857 0.162 0.907 0.177 0.907 0.431 0.884 0.166 0.907 0.431 0.884 0.42 0.884 0.166 0.829 0.166 0.829 0.42 0.806 0.177 0.829 0.42 0.806 0.431 0.806 0.177 0.806 0.177 0.806 0.431 0.791 0.193 0.806 0.431 0.791 0.447 0.791 0.193 0.884 0.259 0.884 0.513 0.907 0.248 0.884 0.513 0.907 0.502 0.907 0.248 0.857 0.162 0.857 0.416 0.829 0.166 0.857 0.416 0.829 0.42 0.829 0.166 0.829 0.259 0.829 0.513 0.857 0.263 0.829 0.513 0.857 0.516 0.857 0.263 0.922 0.231 0.922 0.485 0.928 0.212 0.922 0.485 0.928 0.466 0.928 0.212 0.167 0.784 0.153 0.758 0.172 0.79 0.153 0.758 0.157 0.762 0.172 0.79 0.189 0.811 0.167 0.784 0.193 0.813 0.167 0.784 0.172 0.79 0.193 0.813 0.459 0.753 0.454 0.762 0.467 0.721 0.454 0.762 0.464 0.733 0.467 0.721 0.857 0.416 0.857 0.466 0.829 0.42 0.922 0.447 0.857 0.466 0.907 0.431 0.907 0.502 0.857 0.466 0.922 0.485 0.791 0.485 0.857 0.466 0.806 0.502 0.922 0.485 0.857 0.466 0.928 0.466 0.907 0.431 0.857 0.466 0.884 0.42 0.791 0.447 0.857 0.466 0.785 0.466 0.829 0.513 0.857 0.466 0.857 0.516 0.884 0.42 0.857 0.466 0.857 0.416 0.884 0.513 0.857 0.466 0.907 0.502 0.829 0.42 0.857 0.466 0.806 0.431 0.806 0.502 0.857 0.466 0.829 0.513 0.928 0.466 0.857 0.466 0.922 0.447 0.785 0.466 0.857 0.466 0.791 0.485 0.806 0.431 0.857 0.466 0.791 0.447 0.857 0.516 0.857 0.466 0.884 0.513 0.166 0.582 0.197 0.591 0.165 0.623 0.197 0.591 0.197 0.633 0.165 0.623 0.738 0.647 0.734 0.647 0.745 0.599 0.734 0.647 0.736 0.599 0.745 0.599 0.733 0.685 0.743 0.647 0.75 0.647 0.76 0.599 0.776 0.599 0.743 0.647 0.776 0.599 0.75 0.647 0.743 0.647 0.857 0.162 0.857 0.125 0.884 0.166 0.857 0.125 0.904 0.131 0.884 0.166 0.806 0.177 0.769 0.15 0.829 0.166 0.769 0.15 0.809 0.131 0.829 0.166 0.857 0.263 0.857 0.3 0.829 0.259 0.857 0.3 0.809 0.293 0.829 0.259 0.922 0.193 0.971 0.179 0.928 0.212 0.971 0.179 0.98 0.212 0.928 0.212 0.971 0.179 0.922 0.193 0.944 0.15 0.922 0.193 0.907 0.177 0.944 0.15 0.904 0.293 0.857 0.3 0.884 0.259 0.857 0.3 0.857 0.263 0.884 0.259 0.785 0.212 0.733 0.212 0.733 0.19 0.791 0.231 0.742 0.246 0.785 0.212 0.742 0.246 0.733 0.234 0.785 0.212 0.742 0.179 0.742 0.277 0.769 0.15 0.742 0.277 0.769 0.248 0.769 0.15 0.971 0.246 0.922 0.231 0.98 0.212 0.922 0.231 0.928 0.212 0.98 0.212 0.742 0.246 0.791 0.231 0.769 0.274 0.791 0.231 0.806 0.248 0.769 0.274 0.944 0.274 0.907 0.248 0.971 0.246 0.907 0.248 0.922 0.231 0.971 0.246 0.904 0.293 0.884 0.259 0.944 0.274 0.884 0.259 0.907 0.248 0.944 0.274 0.809 0.131 0.857 0.125 0.829 0.166 0.857 0.125 0.857 0.162 0.829 0.166 0.944 0.15 0.907 0.177 0.904 0.131 0.907 0.177 0.884 0.166 0.904 0.131 0.769 0.274 0.806 0.248 0.809 0.293 0.806 0.248 0.829 0.259 0.809 0.293 0.806 0.177 0.791 0.193 0.769 0.15 0.791 0.193 0.742 0.179 0.769 0.15 0.769 0.15 0.769 0.248 0.809 0.131 0.769 0.248 0.809 0.229 0.809 0.131 0.736 0.599 0.733 0.6 0.738 0.56 0.733 0.6 0.733 0.56 0.738 0.56 0.733 0.647 0.733 0.6 0.734 0.647 0.733 0.6 0.736 0.599 0.734 0.647 0.742 0.246 0.742 0.344 0.733 0.234 0.742 0.344 0.733 0.335 0.733 0.234 0.857 0.435 0.851 0.473 0.809 0.434 0.851 0.473 0.806 0.473 0.809 0.434 0.769 0.274 0.769 0.372 0.742 0.246 0.769 0.372 0.742 0.344 0.742 0.246 0.74 0.516 0.733 0.515 0.741 0.473 0.733 0.515 0.733 0.477 0.741 0.473 0.809 0.434 0.809 0.414 0.857 0.435 0.809 0.414 0.857 0.418 0.857 0.435 0.809 0.414 0.809 0.391 0.857 0.418 0.809 0.391 0.857 0.398 0.857 0.418 0.743 0.388 0.742 0.344 0.769 0.404 0.742 0.344 0.769 0.372 0.769 0.404 0.742 0.344 0.743 0.388 0.733 0.335 0.743 0.388 0.733 0.386 0.733 0.335 0.742 0.429 0.743 0.388 0.769 0.431 0.743 0.388 0.769 0.404 0.769 0.431 0.769 0.431 0.769 0.404 0.809 0.434 0.769 0.404 0.809 0.414 0.809 0.434 0.22 0.39 0.177 0.343 0.259 0.358 0.177 0.343 0.21 0.309 0.259 0.358 0.112 0.211 0.21 0.309 0.078 0.245 0.21 0.309 0.177 0.343 0.078 0.245 0.078 0.245 0.177 0.343 0.05 0.273 0.177 0.343 0.148 0.372 0.05 0.273 0.166 0.532 0.167 0.481 0.201 0.539 0.167 0.481 0.202 0.486 0.201 0.539 0.167 0.481 0.164 0.439 0.202 0.486 0.164 0.439 0.199 0.44 0.202 0.486 0.242 0.596 0.197 0.591 0.243 0.543 0.197 0.591 0.201 0.539 0.243 0.543 0.184 0.409 0.199 0.44 0.151 0.418 0.199 0.44 0.164 0.439 0.151 0.418 0.151 0.418 0.129 0.391 0.184 0.409 0.129 0.391 0.148 0.372 0.184 0.409 0.147 0.571 0.14 0.562 0.151 0.524 0.14 0.562 0.14 0.517 0.151 0.524 0.139 0.435 0.145 0.439 0.14 0.473 0.145 0.439 0.148 0.476 0.14 0.473 0.135 0.418 0.144 0.418 0.139 0.435 0.144 0.418 0.145 0.439 0.139 0.435 0.14 0.473 0.148 0.476 0.14 0.517 0.148 0.476 0.151 0.524 0.14 0.517 0.83 0.517 0.802 0.562 0.794 0.516 0.802 0.562 0.777 0.56 0.794 0.516 0.76 0.599 0.777 0.56 0.776 0.599 0.777 0.56 0.802 0.562 0.776 0.599 0.129 0.391 0.151 0.418 0.144 0.418 0.135 0.418 0.123 0.397 0.144 0.418 0.123 0.397 0.129 0.391 0.144 0.418 0.406 0.595 0.407 0.538 0.441 0.585 0.407 0.538 0.44 0.531 0.441 0.585 0.305 0.788 0.305 0.821 0.294 0.787 0.305 0.821 0.286 0.819 0.294 0.787 0.242 0.729 0.244 0.741 0.197 0.724 0.244 0.741 0.201 0.744 0.197 0.724 0.267 0.814 0.286 0.819 0.254 0.836 0.286 0.819 0.279 0.843 0.254 0.836 0.42 0.789 0.391 0.78 0.435 0.767 0.391 0.78 0.402 0.763 0.435 0.767 0.197 0.591 0.242 0.596 0.197 0.633 0.242 0.596 0.242 0.638 0.197 0.633 0.857 0.3 0.857 0.398 0.809 0.293 0.857 0.398 0.809 0.391 0.809 0.293 0.031 0.292 0.129 0.391 0.024 0.299 0.129 0.391 0.123 0.397 0.024 0.299 0.769 0.445 0.813 0.443 0.814 0.424 0.814 0.424 0.813 0.443 0.856 0.426 0.813 0.443 0.856 0.448 0.856 0.426 0.2 0.123 0.298 0.222 0.193 0.13 0.298 0.222 0.292 0.228 0.193 0.13 0.298 0.222 0.344 0.267 0.292 0.228 0.344 0.267 0.336 0.278 0.292 0.228 0.404 0.327 0.399 0.342 0.344 0.267 0.399 0.342 0.336 0.278 0.344 0.267 0.259 0.358 0.325 0.425 0.22 0.39 0.325 0.425 0.24 0.437 0.22 0.39 0.809 0.131 0.809 0.229 0.857 0.125 0.809 0.229 0.857 0.223 0.857 0.125 0.305 0.788 0.317 0.787 0.305 0.821 0.317 0.787 0.325 0.819 0.305 0.821 0.442 0.393 0.449 0.377 0.452 0.413 0.449 0.377 0.461 0.398 0.452 0.413 0.339 0.779 0.348 0.771 0.361 0.806 0.348 0.771 0.377 0.794 0.361 0.806 0.273 0.247 0.292 0.228 0.319 0.299 0.292 0.228 0.336 0.278 0.319 0.299 0.249 0.806 0.272 0.779 0.267 0.814 0.272 0.779 0.282 0.784 0.267 0.814 0.292 0.328 0.355 0.399 0.259 0.358 0.355 0.399 0.325 0.425 0.259 0.358 0.399 0.342 0.379 0.37 0.336 0.278 0.379 0.37 0.319 0.299 0.336 0.278 0.394 0.443 0.387 0.434 0.42 0.419 0.387 0.434 0.409 0.406 0.42 0.419 0.399 0.453 0.428 0.434 0.402 0.463 0.428 0.434 0.434 0.452 0.402 0.463 0.394 0.443 0.42 0.419 0.399 0.453 0.42 0.419 0.428 0.434 0.399 0.453 0.428 0.434 0.452 0.413 0.434 0.452 0.452 0.413 0.459 0.434 0.434 0.452 0.409 0.406 0.387 0.434 0.379 0.37 0.387 0.434 0.355 0.399 0.379 0.37 0.42 0.419 0.442 0.393 0.428 0.434 0.442 0.393 0.452 0.413 0.428 0.434 0.427 0.376 0.409 0.406 0.399 0.342 0.409 0.406 0.379 0.37 0.399 0.342 0.249 0.806 0.233 0.794 0.272 0.779 0.233 0.794 0.262 0.771 0.272 0.779 0.244 0.276 0.273 0.247 0.292 0.328 0.273 0.247 0.319 0.299 0.292 0.328 0.379 0.37 0.355 0.399 0.319 0.299 0.355 0.399 0.292 0.328 0.319 0.299 0.282 0.784 0.294 0.787 0.267 0.814 0.294 0.787 0.286 0.819 0.267 0.814 0.377 0.794 0.348 0.771 0.391 0.78 0.348 0.771 0.356 0.763 0.391 0.78 0.146 0.177 0.244 0.276 0.112 0.211 0.244 0.276 0.21 0.309 0.112 0.211 0.292 0.328 0.259 0.358 0.244 0.276 0.259 0.358 0.21 0.309 0.244 0.276 0.193 0.13 0.292 0.228 0.174 0.149 0.292 0.228 0.273 0.247 0.174 0.149 0.174 0.149 0.273 0.247 0.146 0.177 0.273 0.247 0.244 0.276 0.146 0.177 0.459 0.434 0.452 0.413 0.468 0.426 0.452 0.413 0.461 0.398 0.468 0.426 0.734 0.688 0.75 0.647 0.743 0.647 0.733 0.648 0.734 0.688 0.734 0.647 0.413 0.724 0.41 0.744 0.368 0.729 0.41 0.744 0.366 0.741 0.368 0.729 0.413 0.724 0.411 0.68 0.449 0.714 0.411 0.68 0.446 0.669 0.449 0.714 0.19 0.789 0.176 0.767 0.219 0.78 0.176 0.767 0.208 0.763 0.219 0.78 0.418 0.813 0.402 0.809 0.438 0.79 0.402 0.809 0.42 0.789 0.438 0.79 0.381 0.825 0.402 0.809 0.393 0.832 0.402 0.809 0.418 0.813 0.393 0.832 0.305 0.845 0.305 0.857 0.279 0.843 0.305 0.857 0.274 0.855 0.279 0.843 0.331 0.843 0.357 0.836 0.336 0.855 0.357 0.836 0.366 0.847 0.336 0.855 0.176 0.767 0.157 0.762 0.166 0.741 0.157 0.762 0.147 0.733 0.166 0.741 0.19 0.789 0.219 0.78 0.208 0.809 0.219 0.78 0.233 0.794 0.208 0.809 0.161 0.714 0.197 0.724 0.166 0.741 0.197 0.724 0.201 0.744 0.166 0.741 0.166 0.741 0.201 0.744 0.176 0.767 0.201 0.744 0.208 0.763 0.176 0.767 0.274 0.855 0.245 0.847 0.279 0.843 0.245 0.847 0.254 0.836 0.279 0.843 0.305 0.845 0.331 0.843 0.305 0.857 0.331 0.843 0.336 0.855 0.305 0.857 0.305 0.845 0.305 0.821 0.331 0.843 0.305 0.821 0.325 0.819 0.331 0.843 0.286 0.819 0.305 0.821 0.279 0.843 0.305 0.821 0.305 0.845 0.279 0.843 0.23 0.825 0.208 0.809 0.249 0.806 0.208 0.809 0.233 0.794 0.249 0.806 0.344 0.814 0.361 0.806 0.357 0.836 0.361 0.806 0.381 0.825 0.357 0.836 0.325 0.819 0.344 0.814 0.331 0.843 0.344 0.814 0.357 0.836 0.331 0.843 0.435 0.767 0.445 0.741 0.454 0.762 0.445 0.741 0.464 0.733 0.454 0.762 0.438 0.79 0.42 0.789 0.454 0.762 0.42 0.789 0.435 0.767 0.454 0.762 0.377 0.794 0.391 0.78 0.402 0.809 0.391 0.78 0.42 0.789 0.402 0.809 0.172 0.79 0.157 0.762 0.19 0.789 0.157 0.762 0.176 0.767 0.19 0.789 0.445 0.741 0.41 0.744 0.449 0.714 0.41 0.744 0.413 0.724 0.449 0.714 0.435 0.767 0.402 0.763 0.445 0.741 0.402 0.763 0.41 0.744 0.445 0.741 0.361 0.806 0.377 0.794 0.381 0.825 0.377 0.794 0.402 0.809 0.381 0.825 0.249 0.806 0.267 0.814 0.23 0.825 0.267 0.814 0.254 0.836 0.23 0.825 0.357 0.836 0.381 0.825 0.366 0.847 0.381 0.825 0.393 0.832 0.366 0.847 0.254 0.836 0.245 0.847 0.23 0.825 0.245 0.847 0.217 0.832 0.23 0.825 0.161 0.714 0.166 0.741 0.143 0.701 0.166 0.741 0.147 0.733 0.143 0.701 0.166 0.582 0.165 0.623 0.147 0.571 0.165 0.623 0.146 0.613 0.147 0.571 0.14 0.562 0.147 0.571 0.14 0.6 0.147 0.571 0.146 0.613 0.14 0.6 0.44 0.531 0.436 0.467 0.461 0.522 0.436 0.467 0.461 0.455 0.461 0.522 0.14 0.6 0.146 0.613 0.14 0.648 0.146 0.613 0.144 0.659 0.14 0.648 0.459 0.575 0.461 0.522 0.47 0.565 0.461 0.522 0.47 0.515 0.47 0.565 0.47 0.448 0.47 0.515 0.461 0.455 0.47 0.515 0.461 0.522 0.461 0.455 0.449 0.714 0.446 0.669 0.467 0.701 0.446 0.669 0.464 0.659 0.467 0.701 0.74 0.441 0.733 0.428 0.74 0.508 0.733 0.428 0.733 0.506 0.74 0.508 0.809 0.335 0.769 0.354 0.809 0.362 0.769 0.354 0.769 0.383 0.809 0.362 0.768 0.418 0.768 0.399 0.74 0.441 0.768 0.399 0.744 0.423 0.74 0.441 0.857 0.358 0.809 0.362 0.857 0.377 0.809 0.362 0.81 0.378 0.857 0.377 0.777 0.562 0.801 0.565 0.798 0.51 0.801 0.565 0.834 0.515 0.798 0.51 0.733 0.648 0.734 0.647 0.733 0.602 0.734 0.647 0.736 0.601 0.733 0.602 0.74 0.508 0.733 0.506 0.738 0.562 0.733 0.506 0.733 0.562 0.738 0.562 0.679 0.618 0.68 0.611 0.733 0.611 0.768 0.418 0.74 0.441 0.769 0.445 0.834 0.515 0.856 0.448 0.798 0.51 0.856 0.448 0.813 0.443 0.798 0.51 0.742 0.322 0.733 0.333 0.742 0.382 0.733 0.333 0.733 0.394 0.742 0.382 0.769 0.354 0.742 0.382 0.769 0.383 0.742 0.382 0.742 0.412 0.769 0.383 0.857 0.377 0.81 0.378 0.857 0.399 0.81 0.378 0.811 0.395 0.857 0.399 0.856 0.426 0.857 0.399 0.814 0.424 0.857 0.399 0.811 0.395 0.814 0.424 0.81 0.378 0.768 0.399 0.811 0.395 0.768 0.399 0.768 0.418 0.811 0.395 0.742 0.277 0.733 0.288 0.742 0.322 0.733 0.288 0.733 0.333 0.742 0.322 0.811 0.395 0.768 0.418 0.814 0.424 0.768 0.418 0.769 0.445 0.814 0.424 0.742 0.382 0.733 0.394 0.742 0.412 0.733 0.394 0.733 0.428 0.742 0.412 0.769 0.248 0.742 0.277 0.769 0.293 0.742 0.277 0.742 0.322 0.769 0.293 0.769 0.293 0.742 0.322 0.769 0.354 0.742 0.322 0.742 0.382 0.769 0.354 0.81 0.378 0.809 0.362 0.768 0.399 0.809 0.362 0.769 0.383 0.768 0.399 0.768 0.399 0.769 0.383 0.744 0.423 0.769 0.383 0.742 0.412 0.744 0.423 0.809 0.274 0.769 0.293 0.809 0.335 0.769 0.293 0.769 0.354 0.809 0.335 0.809 0.335 0.809 0.362 0.857 0.328 0.809 0.362 0.857 0.358 0.857 0.328 0.809 0.229 0.769 0.248 0.809 0.274 0.769 0.248 0.769 0.293 0.809 0.274 0.809 0.229 0.809 0.274 0.857 0.223 0.809 0.274 0.857 0.268 0.857 0.223 0.857 0.268 0.809 0.274 0.857 0.328 0.809 0.274 0.809 0.335 0.857 0.328 0.733 0.428 0.733 0.394 0.733 0.438 0.733 0.394 0.733 0.392 0.733 0.438 0.733 0.577 0.733 0.506 0.733 0.515 0.733 0.506 0.733 0.477 0.733 0.515 0.733 0.777 0.733 0.739 0.733 0.783 0.733 0.739 0.733 0.757 0.733 0.783 0.733 0.845 0.733 0.802 0.733 0.831 0.733 0.802 0.733 0.777 0.733 0.831 0.733 0.438 0.733 0.477 0.733 0.428 0.733 0.477 0.733 0.506 0.733 0.428 0.733 0.577 0.733 0.586 0.733 0.506 0.733 0.586 0.733 0.562 0.733 0.506 0.733 0.694 0.733 0.649 0.671 0.694 0.733 0.649 0.671 0.649 0.671 0.694 0.733 0.577 0.733 0.586 0.671 0.577 0.733 0.586 0.671 0.586 0.671 0.577 0.733 0.854 0.733 0.811 0.733 0.845 0.733 0.811 0.733 0.802 0.733 0.845 0.733 0.739 0.733 0.752 0.733 0.72 0.733 0.811 0.733 0.802 0.671 0.811 0.733 0.802 0.671 0.802 0.671 0.811 0.733 0.611 0.733 0.586 0.671 0.611 0.733 0.586 0.671 0.586 0.671 0.611 0.733 0.515 0.733 0.56 0.733 0.577 0.733 0.56 0.733 0.586 0.733 0.577 0.733 0.802 0.733 0.811 0.671 0.802 0.733 0.811 0.671 0.811 0.671 0.802 0.733 0.739 0.733 0.777 0.733 0.752 0.733 0.777 0.733 0.782 0.733 0.752 0.733 0.685 0.733 0.726 0.733 0.694 0.733 0.726 0.733 0.739 0.733 0.694 0.733 0.777 0.733 0.739 0.671 0.777 0.733 0.739 0.671 0.739 0.671 0.777 0.733 0.56 0.733 0.6 0.733 0.586 0.733 0.6 0.733 0.611 0.733 0.586 0.733 0.777 0.733 0.802 0.733 0.807 0.733 0.802 0.733 0.828 0.733 0.807 0.733 0.739 0.733 0.777 0.671 0.739 0.733 0.777 0.671 0.777 0.671 0.739 0.733 0.807 0.733 0.782 0.733 0.777 0.733 0.649 0.733 0.694 0.671 0.649 0.733 0.694 0.671 0.694 0.671 0.649 0.733 0.6 0.733 0.647 0.733 0.611 0.733 0.647 0.733 0.649 0.733 0.611 0.733 0.647 0.733 0.685 0.733 0.649 0.733 0.685 0.733 0.694 0.733 0.649 0.679 0.649 0.807 0.642 0.674 0.645 0.733 0.586 0.733 0.577 0.671 0.586 0.733 0.577 0.671 0.577 0.671 0.586 0.733 0.845 0.733 0.828 0.733 0.802 0.733 0.649 0.733 0.694 0.733 0.648 0.733 0.694 0.734 0.688 0.733 0.648 0.733 0.739 0.733 0.694 0.671 0.739 0.733 0.694 0.671 0.694 0.671 0.739 0.733 0.854 0.733 0.802 0.733 0.858 0.733 0.802 0.733 0.811 0.733 0.858 0.733 0.649 0.733 0.611 0.671 0.649 0.733 0.611 0.671 0.611 0.671 0.649 0.733 0.394 0.733 0.333 0.733 0.392 0.733 0.333 0.733 0.355 0.733 0.392 0.733 0.739 0.733 0.726 0.733 0.757 0.733 0.611 0.733 0.649 0.733 0.602 0.733 0.649 0.733 0.648 0.733 0.602 0.733 0.777 0.733 0.783 0.733 0.81 0.733 0.562 0.733 0.586 0.733 0.602 0.733 0.586 0.733 0.611 0.733 0.602 0.733 0.694 0.733 0.739 0.671 0.694 0.733 0.739 0.671 0.739 0.671 0.694 0.733 0.854 0.733 0.858 0.733 0.811 0.733 0.854 0.733 0.845 0.733 0.802 0.733 0.802 0.733 0.777 0.671 0.802 0.733 0.777 0.671 0.777 0.671 0.802 0.733 0.694 0.733 0.739 0.734 0.688 0.733 0.739 0.733 0.72 0.734 0.688 0.733 0.831 0.733 0.777 0.733 0.81 0.733 0.777 0.733 0.802 0.671 0.777 0.733 0.802 0.671 0.802 0.671 0.777 0.367 0.47 0.394 0.443 0.399 0.453 0.367 0.47 0.325 0.425 0.387 0.434 0.325 0.425 0.355 0.399 0.387 0.434 0.399 0.453 0.402 0.463 0.367 0.47 0.402 0.463 0.404 0.475 0.367 0.47 0.367 0.47 0.387 0.434 0.394 0.443 0.404 0.475 0.407 0.538 0.367 0.47 0.407 0.538 0.368 0.541 0.367 0.47 0.305 0.729 0.305 0.788 0.294 0.787 0.305 0.729 0.328 0.784 0.317 0.787 0.339 0.779 0.328 0.784 0.305 0.729 0.339 0.779 0.305 0.729 0.348 0.771 0.348 0.771 0.305 0.729 0.356 0.763 0.356 0.763 0.305 0.729 0.362 0.752 0.362 0.752 0.305 0.729 0.366 0.741 0.366 0.741 0.305 0.729 0.368 0.729 0.305 0.729 0.294 0.787 0.282 0.784 0.242 0.729 0.305 0.729 0.244 0.741 0.305 0.729 0.282 0.784 0.272 0.779 0.244 0.741 0.305 0.729 0.248 0.752 0.305 0.729 0.272 0.779 0.262 0.771 0.248 0.752 0.305 0.729 0.254 0.763 0.254 0.763 0.305 0.729 0.262 0.771 0.305 0.729 0.317 0.787 0.305 0.788 0.535 0.759 0.566 0.773 0.535 0.78 0.566 0.773 0.566 0.797 0.535 0.78 0.6 0.78 0.635 0.783 0.6 0.807 0.635 0.783 0.635 0.81 0.6 0.807 0.635 0.783 0.671 0.783 0.635 0.81 0.671 0.783 0.671 0.811 0.635 0.81 0.535 0.78 0.566 0.797 0.535 0.787 0.566 0.797 0.566 0.805 0.535 0.787 0.6 0.807 0.635 0.81 0.6 0.816 0.635 0.81 0.635 0.819 0.6 0.816 0.635 0.81 0.671 0.811 0.635 0.819 0.671 0.811 0.671 0.82 0.635 0.819 0.535 0.787 0.566 0.805 0.535 0.78 0.566 0.805 0.566 0.797 0.535 0.78 0.6 0.816 0.635 0.819 0.6 0.807 0.635 0.819 0.635 0.81 0.6 0.807 0.635 0.819 0.671 0.82 0.635 0.81 0.671 0.82 0.671 0.811 0.635 0.81 0.535 0.78 0.566 0.797 0.535 0.759 0.566 0.797 0.566 0.773 0.535 0.759 0.6 0.807 0.635 0.81 0.6 0.78 0.635 0.81 0.635 0.783 0.6 0.78 0.635 0.81 0.671 0.811 0.635 0.783 0.671 0.811 0.671 0.783 0.635 0.783 0.535 0.759 0.566 0.773 0.535 0.729 0.566 0.773 0.566 0.737 0.535 0.729 0.6 0.78 0.635 0.783 0.6 0.741 0.635 0.783 0.635 0.742 0.6 0.741 0.635 0.783 0.671 0.783 0.635 0.742 0.671 0.783 0.671 0.742 0.635 0.742 0.535 0.729 0.566 0.737 0.535 0.694 0.566 0.737 0.566 0.694 0.535 0.694 0.6 0.741 0.635 0.742 0.6 0.694 0.635 0.742 0.635 0.694 0.6 0.694 0.635 0.742 0.671 0.742 0.635 0.694 0.671 0.742 0.671 0.694 0.635 0.694 0.535 0.694 0.566 0.694 0.535 0.659 0.566 0.694 0.566 0.651 0.535 0.659 0.6 0.694 0.635 0.694 0.6 0.647 0.635 0.694 0.635 0.646 0.6 0.647 0.635 0.694 0.671 0.694 0.635 0.646 0.671 0.694 0.671 0.646 0.635 0.646 0.535 0.659 0.566 0.651 0.535 0.628 0.566 0.651 0.566 0.615 0.535 0.628 0.6 0.647 0.635 0.646 0.6 0.608 0.635 0.646 0.635 0.605 0.6 0.608 0.635 0.646 0.671 0.646 0.635 0.605 0.671 0.646 0.671 0.605 0.635 0.605 0.535 0.628 0.566 0.615 0.535 0.608 0.566 0.615 0.566 0.591 0.535 0.608 0.6 0.608 0.635 0.605 0.6 0.581 0.635 0.605 0.635 0.578 0.6 0.581 0.635 0.605 0.671 0.605 0.635 0.578 0.671 0.605 0.671 0.577 0.635 0.578 0.535 0.608 0.566 0.591 0.535 0.601 0.566 0.591 0.566 0.583 0.535 0.601 0.6 0.581 0.635 0.578 0.6 0.572 0.635 0.578 0.635 0.569 0.6 0.572 0.635 0.578 0.671 0.577 0.635 0.569 0.671 0.577 0.671 0.568 0.635 0.569 0.535 0.601 0.566 0.583 0.535 0.608 0.566 0.583 0.566 0.591 0.535 0.608 0.6 0.572 0.635 0.569 0.6 0.581 0.635 0.569 0.635 0.578 0.6 0.581 0.635 0.569 0.671 0.568 0.635 0.578 0.671 0.568 0.671 0.577 0.635 0.578 0.807 0.637 0.535 0.637 0.659 0.642 0.535 0.637 0.535 0.642 0.659 0.642 0.807 0.637 0.659 0.642 0.807 0.642 0.733 0.586 0.733 0.611 0.679 0.607 0.535 0.694 0.807 0.694 0.535 0.672 0.807 0.694 0.659 0.672 0.535 0.672 0.733 0.649 0.671 0.649 0.674 0.624 0.674 0.624 0.679 0.618 0.733 0.649 0.535 0.659 0.566 0.651 0.535 0.694 0.566 0.651 0.566 0.694 0.535 0.694 0.6 0.647 0.635 0.646 0.6 0.694 0.635 0.646 0.635 0.694 0.6 0.694 0.635 0.646 0.671 0.646 0.635 0.694 0.671 0.646 0.671 0.694 0.635 0.694 0.535 0.694 0.566 0.694 0.535 0.729 0.566 0.694 0.566 0.737 0.535 0.729 0.6 0.694 0.635 0.694 0.6 0.741 0.635 0.694 0.635 0.742 0.6 0.741 0.635 0.694 0.671 0.694 0.635 0.742 0.671 0.694 0.671 0.742 0.635 0.742 0.535 0.729 0.566 0.737 0.535 0.759 0.566 0.737 0.566 0.773 0.535 0.759 0.6 0.741 0.635 0.742 0.6 0.78 0.635 0.742 0.635 0.783 0.6 0.78 0.635 0.742 0.671 0.742 0.635 0.783 0.671 0.742 0.671 0.783 0.635 0.783 0.535 0.659 0.535 0.628 0.535 0.672 0.535 0.628 0.535 0.654 0.535 0.672 0.535 0.734 0.535 0.759 0.535 0.746 0.535 0.759 0.535 0.78 0.535 0.746 0.535 0.694 0.535 0.716 0.535 0.694 0.535 0.716 0.535 0.729 0.535 0.694 0.535 0.654 0.535 0.628 0.535 0.642 0.535 0.628 0.535 0.608 0.535 0.642 0.535 0.601 0.535 0.637 0.535 0.608 0.535 0.637 0.535 0.642 0.535 0.608 0.535 0.729 0.535 0.759 0.535 0.716 0.535 0.759 0.535 0.734 0.535 0.716 0.671 0.649 0.671 0.626 0.674 0.624 0.535 0.759 0.535 0.734 0.535 0.78 0.535 0.734 0.535 0.746 0.535 0.78 0.674 0.603 0.671 0.601 0.671 0.586 0.535 0.78 0.535 0.746 0.535 0.787 0.535 0.746 0.535 0.751 0.535 0.787 0.535 0.729 0.535 0.716 0.535 0.694 0.535 0.716 0.535 0.694 0.535 0.694 0.535 0.787 0.535 0.751 0.535 0.78 0.535 0.751 0.535 0.746 0.535 0.78 0.733 0.649 0.679 0.618 0.733 0.611 0.535 0.694 0.535 0.659 0.535 0.694 0.535 0.659 0.535 0.672 0.535 0.694 0.535 0.759 0.535 0.729 0.535 0.734 0.535 0.729 0.535 0.716 0.535 0.734 0.566 0.737 0.6 0.741 0.566 0.773 0.6 0.741 0.6 0.78 0.566 0.773 0.566 0.694 0.6 0.694 0.566 0.737 0.6 0.694 0.6 0.741 0.566 0.737 0.566 0.651 0.6 0.647 0.566 0.694 0.6 0.647 0.6 0.694 0.566 0.694 0.671 0.586 0.671 0.601 0.671 0.577 0.671 0.601 0.671 0.595 0.671 0.577 0.671 0.646 0.671 0.619 0.671 0.649 0.671 0.619 0.671 0.626 0.671 0.649 0.566 0.583 0.6 0.572 0.566 0.591 0.6 0.572 0.6 0.581 0.566 0.591 0.566 0.591 0.6 0.581 0.566 0.583 0.6 0.581 0.6 0.572 0.566 0.583 0.566 0.615 0.6 0.608 0.566 0.591 0.6 0.608 0.6 0.581 0.566 0.591 0.566 0.651 0.6 0.647 0.566 0.615 0.6 0.647 0.6 0.608 0.566 0.615 0.566 0.694 0.6 0.694 0.566 0.651 0.6 0.694 0.6 0.647 0.566 0.651 0.566 0.737 0.6 0.741 0.566 0.694 0.6 0.741 0.6 0.694 0.566 0.694 0.566 0.773 0.6 0.78 0.566 0.737 0.6 0.78 0.6 0.741 0.566 0.737 0.566 0.797 0.6 0.807 0.566 0.773 0.6 0.807 0.6 0.78 0.566 0.773 0.566 0.805 0.6 0.816 0.566 0.797 0.6 0.816 0.6 0.807 0.566 0.797 0.566 0.797 0.6 0.807 0.566 0.805 0.6 0.807 0.6 0.816 0.566 0.805 0.566 0.773 0.6 0.78 0.566 0.797 0.6 0.78 0.6 0.807 0.566 0.797 0.535 0.608 0.535 0.616 0.535 0.642 0.535 0.659 0.535 0.672 0.535 0.647 0.667 0.671 0.659 0.672 0.807 0.672 0.674 0.645 0.807 0.642 0.667 0.643 0.674 0.667 0.807 0.672 0.679 0.661 0.807 0.672 0.659 0.672 0.807 0.694 0.679 0.661 0.807 0.672 0.68 0.654 0.807 0.672 0.807 0.654 0.68 0.654 0.807 0.672 0.674 0.667 0.667 0.671 0.667 0.643 0.807 0.642 0.659 0.642 0.807 0.642 0.679 0.649 0.807 0.654 0.679 0.649 0.68 0.654 0.807 0.654 0.566 0.591 0.566 0.603 0.535 0.608 0.566 0.603 0.535 0.616 0.535 0.608 0.6 0.581 0.6 0.595 0.566 0.591 0.6 0.595 0.566 0.603 0.566 0.591 0.635 0.578 0.635 0.593 0.6 0.581 0.635 0.593 0.6 0.595 0.6 0.581 0.671 0.577 0.659 0.593 0.635 0.578 0.659 0.593 0.635 0.593 0.635 0.578 0.659 0.593 0.671 0.577 0.667 0.593 0.671 0.577 0.671 0.595 0.667 0.593 0.671 0.619 0.671 0.646 0.667 0.622 0.667 0.622 0.671 0.646 0.659 0.623 0.635 0.646 0.635 0.624 0.671 0.646 0.635 0.624 0.659 0.623 0.671 0.646 0.6 0.647 0.6 0.626 0.635 0.646 0.6 0.626 0.635 0.624 0.635 0.646 0.566 0.651 0.566 0.634 0.6 0.647 0.566 0.634 0.6 0.626 0.6 0.647 0.535 0.659 0.535 0.647 0.566 0.651 0.535 0.647 0.566 0.634 0.566 0.651 0.68 0.654 0.679 0.649 0.68 0.611 0.679 0.649 0.679 0.607 0.68 0.611 0.679 0.661 0.68 0.654 0.679 0.618 0.68 0.654 0.68 0.611 0.679 0.618 0.679 0.649 0.674 0.645 0.679 0.607 0.674 0.645 0.674 0.603 0.679 0.607 0.674 0.667 0.679 0.661 0.674 0.624 0.679 0.661 0.679 0.618 0.674 0.624 0.659 0.672 0.667 0.671 0.659 0.623 0.667 0.671 0.667 0.622 0.659 0.623 0.667 0.643 0.659 0.642 0.667 0.593 0.659 0.642 0.659 0.593 0.667 0.593 0.671 0.595 0.671 0.601 0.667 0.593 0.667 0.593 0.671 0.601 0.667 0.643 0.674 0.645 0.667 0.643 0.674 0.603 0.667 0.643 0.671 0.601 0.674 0.603 0.667 0.671 0.674 0.667 0.671 0.626 0.674 0.667 0.674 0.624 0.671 0.626 0.671 0.619 0.667 0.622 0.671 0.626 0.667 0.622 0.667 0.671 0.671 0.626 0.659 0.672 0.659 0.623 0.635 0.624 0.659 0.672 0.6 0.626 0.535 0.672 0.6 0.626 0.566 0.634 0.535 0.672 0.535 0.616 0.566 0.603 0.535 0.642 0.566 0.603 0.659 0.642 0.535 0.642 0.6 0.626 0.659 0.672 0.635 0.624 0.566 0.634 0.535 0.647 0.535 0.672 0.659 0.642 0.566 0.603 0.6 0.595 0.659 0.593 0.659 0.642 0.635 0.593 0.659 0.642 0.6 0.595 0.635 0.593 0.14 0.648 0.144 0.659 0.14 0.686 0.144 0.659 0.143 0.701 0.14 0.686 0.464 0.659 0.47 0.648 0.467 0.701 0.47 0.648 0.47 0.689 0.467 0.701 0.733 0.355 0.733 0.333 0.733 0.31 0.733 0.333 0.733 0.288 0.733 0.31 0.733 0.234 0.733 0.335 0.733 0.212 0.733 0.335 0.733 0.31 0.733 0.212 0.733 0.19 0.733 0.288 0.742 0.179 0.733 0.288 0.742 0.277 0.742 0.179 0.733 0.386 0.733 0.355 0.733 0.335 0.733 0.355 0.733 0.31 0.733 0.335 0.733 0.392 0.733 0.355 0.733 0.438 0.733 0.355 0.733 0.386 0.733 0.438 0.733 0.428 0.74 0.441 0.742 0.412 0.74 0.441 0.744 0.423 0.742 0.412 0.146 0.613 0.165 0.623 0.144 0.659 0.165 0.623 0.163 0.671 0.144 0.659 0.165 0.623 0.197 0.633 0.163 0.671 0.197 0.633 0.197 0.685 0.163 0.671 0.444 0.624 0.408 0.633 0.441 0.585 0.408 0.633 0.406 0.595 0.441 0.585 0.368 0.637 0.242 0.638 0.368 0.599 0.242 0.638 0.242 0.596 0.368 0.599 0.242 0.638 0.306 0.692 0.242 0.695 0.197 0.685 0.197 0.633 0.242 0.638 0.242 0.695 0.242 0.695 0.197 0.685 0.242 0.638 0.242 0.695 0.197 0.685 0.461 0.613 0.444 0.624 0.459 0.575 0.444 0.624 0.441 0.585 0.459 0.575 0.368 0.637 0.408 0.633 0.368 0.689 0.408 0.633 0.411 0.68 0.368 0.689 0.368 0.637 0.368 0.689 0.306 0.692 0.446 0.669 0.411 0.68 0.444 0.624 0.411 0.68 0.408 0.633 0.444 0.624 0.306 0.692 0.242 0.638 0.368 0.637 0.464 0.659 0.446 0.669 0.461 0.613 0.446 0.669 0.444 0.624 0.461 0.613 0.461 0.613 0.47 0.601 0.464 0.659 0.47 0.601 0.47 0.648 0.464 0.659 0.368 0.689 0.411 0.68 0.368 0.729 0.411 0.68 0.413 0.724 0.368 0.729 0.242 0.695 0.242 0.695 0.306 0.692 0.306 0.692 0.305 0.729 0.242 0.729 0.306 0.692 0.242 0.729 0.242 0.695 0.306 0.692 0.368 0.689 0.305 0.729 0.368 0.689 0.368 0.729 0.305 0.729 0.144 0.659 0.163 0.671 0.143 0.701 0.163 0.671 0.161 0.714 0.143 0.701 0.197 0.685 0.242 0.695 0.197 0.724 0.242 0.695 0.242 0.729 0.197 0.724 0.163 0.671 0.197 0.685 0.161 0.714 0.197 0.685 0.197 0.724 0.161 0.714 0.733 0.19 0.742 0.179 0.785 0.212 0.742 0.179 0.791 0.193 0.785 0.212 0.785 0.212 0.733 0.234 0.733 0.212</float_array>
					<technique_common>
						<accessor source="#3819v2-mesh-map-2-array" count="2856" stride="2">
							<param name="S" type="float"/>
							<param name="T" type="float"/>
						</accessor>
					</technique_common>
				</source>
				<source id="3819v2-mesh-map-3">
					<float_array id="3819v2-mesh-map-3-array" count="5712">0.298 0.63 0.248 0.629 0.299 0.569 0.248 0.629 0.249 0.569 0.299 0.569 0.286 0.951 0.248 0.929 0.308 0.909 0.248 0.929 0.28 0.891 0.308 0.909 0.2 0.629 0.203 0.569 0.248 0.629 0.203 0.569 0.249 0.569 0.248 0.629 0.214 0.815 0.164 0.841 0.199 0.784 0.164 0.841 0.139 0.798 0.199 0.784 0.345 0.502 0.346 0.57 0.3 0.501 0.346 0.57 0.299 0.569 0.3 0.501 0.233 0.843 0.188 0.873 0.214 0.815 0.188 0.873 0.164 0.841 0.214 0.815 0.557 0.865 0.578 0.839 0.601 0.894 0.578 0.839 0.628 0.862 0.601 0.894 0.609 0.779 0.666 0.791 0.595 0.81 0.666 0.791 0.651 0.827 0.595 0.81 0.505 0.784 0.496 0.801 0.462 0.773 0.496 0.801 0.458 0.784 0.462 0.773 0.441 0.93 0.474 0.921 0.451 0.976 0.474 0.921 0.492 0.965 0.451 0.976 0.57 0.922 0.533 0.888 0.601 0.894 0.533 0.888 0.557 0.865 0.601 0.894 0.486 0.816 0.452 0.793 0.496 0.801 0.452 0.793 0.458 0.784 0.496 0.801 0 0 0 0 0 0 0 0 0 0 0 0 0 0 0 0 0 0 0 0 0 0 0 0 0 0 0 0 0 0 0 0 0 0 0 0 0 0 0 0 0 0 0 0 0 0 0 0 0 0 0 0 0 0 0 0 0 0 0 0 0 0 0 0 0 0 0 0 0 0 0 0 0 0 0 0 0 0 0 0 0 0 0 0 0 0 0 0 0 0 0 0 0 0 0 0 0 0 0 0 0 0 0 0 0 0 0 0 0 0 0 0 0 0 0 0 0 0 0 0 0 0 0 0 0 0 0 0 0 0 0 0 0 0 0 0 0 0 0 0 0 0 0 0 0 0 0 0 0 0 0 0 0 0 0 0 0 0 0 0 0 0 0 0 0 0 0 0 0 0 0 0 0 0 0 0 0 0 0 0 0 0 0 0 0 0 0 0 0 0 0 0 0 0 0 0 0 0 0 0 0 0 0 0 0 0 0 0 0 0 0 0 0 0 0 0 0 0 0 0 0 0 0 0 0 0 0 0 0 0 0 0 0 0 0 0 0 0 0 0 0 0 0 0 0 0 0 0 0 0 0 0 0 0 0 0 0 0 0 0 0 0 0 0 0 0 0 0 0 0 0 0 0 0 0 0 0 0 0 0 0 0 0 0 0 0 0 0 0 0 0 0 0 0 0 0 0 0 0 0 0 0 0 0 0 0 0 0 0 0 0 0 0 0 0 0 0 0 0 0 0 0 0 0 0 0 0 0 0 0 0 0 0 0 0 0 0 0 0 0 0 0 0 0 0 0 0 0 0 0 0 0 0 0 0 0 0 0 0 0 0 0 0 0 0 0 0 0 0 0 0 0 0 0 0 0 0 0 0 0 0 0 0 0 0 0 0 0 0 0 0 0 0 0 0 0 0 0 0 0 0 0 0 0 0 0 0 0 0 0 0 0 0 0 0 0 0 0 0 0 0 0 0 0 0 0 0 0 0 0 0 0 0 0 0 0 0 0 0 0 0 0 0 0 0 0 0 0 0 0 0.341 0.392 0.345 0.45 0.289 0.408 0.345 0.45 0.302 0.447 0.289 0.408 0.407 0.981 0.364 0.977 0.407 0.933 0.364 0.977 0.372 0.931 0.407 0.933 0.474 0.501 0.345 0.502 0.442 0.451 0.345 0.502 0.345 0.45 0.442 0.451 0.302 0.447 0.345 0.45 0.3 0.501 0.345 0.45 0.345 0.502 0.3 0.501 0.416 0.816 0.427 0.813 0.424 0.852 0.427 0.813 0.441 0.847 0.424 0.852 0.512 0.572 0.509 0.513 0.553 0.573 0.509 0.513 0.545 0.512 0.553 0.573 0.203 0.504 0.197 0.457 0.247 0.503 0.197 0.457 0.246 0.449 0.247 0.503 0.197 0.457 0.196 0.429 0.246 0.449 0.196 0.429 0.226 0.422 0.246 0.449 0.203 0.504 0.247 0.503 0.203 0.569 0.247 0.503 0.249 0.569 0.203 0.569 0 0 0 0 0 0 0.465 0.572 0.465 0.631 0.346 0.57 0.465 0.631 0.346 0.631 0.346 0.57 0.427 0.813 0.436 0.808 0.441 0.847 0.436 0.808 0.458 0.839 0.441 0.847 0.353 0.784 0.314 0.802 0.348 0.774 0.314 0.802 0.305 0.785 0.348 0.774 0 0 0 0 0 0 0 0 0 0 0 0 0.542 0.498 0.581 0.489 0.545 0.512 0.581 0.489 0.585 0.509 0.545 0.512 0.51 0.632 0.51 0.671 0.465 0.631 0.51 0.671 0.465 0.67 0.465 0.631 0.474 0.921 0.505 0.907 0.492 0.965 0.505 0.907 0.536 0.945 0.492 0.965 0.451 0.976 0.407 0.981 0.441 0.93 0.407 0.981 0.407 0.933 0.441 0.93 0.505 0.907 0.533 0.888 0.536 0.945 0.533 0.888 0.57 0.922 0.536 0.945 0.372 0.931 0.364 0.977 0.339 0.923 0.364 0.977 0.322 0.967 0.339 0.923 0.308 0.909 0.28 0.891 0.332 0.874 0.28 0.891 0.31 0.86 0.332 0.874 0.31 0.86 0.28 0.891 0.291 0.843 0.28 0.891 0.255 0.869 0.291 0.843 0.308 0.909 0.339 0.923 0.286 0.951 0.339 0.923 0.322 0.967 0.286 0.951 0.595 0.81 0.55 0.796 0.609 0.779 0.55 0.796 0.559 0.771 0.609 0.779 0.61 0.486 0.609 0.505 0.581 0.489 0.609 0.505 0.585 0.509 0.581 0.489 0.183 0.197 0.256 0.353 0.128 0.221 0.256 0.353 0.201 0.382 0.128 0.221 0.256 0.353 0.309 0.329 0.289 0.408 0.309 0.329 0.341 0.392 0.289 0.408 0 0 0 0 0 0 0 0 0 0 0 0 0 0 0 0 0 0 0 0 0 0 0 0 0 0 0 0 0 0 0 0 0 0 0 0 0 0 0 0 0 0 0 0 0 0 0 0 0 0 0 0 0 0 0 0 0 0 0 0 0 0 0 0 0 0 0 0 0 0 0 0 0 0 0 0 0 0 0 0 0 0 0 0 0 0 0 0 0 0 0 0 0 0 0 0 0 0 0 0 0 0 0 0 0 0 0 0 0 0 0 0 0 0 0.682 0.745 0.666 0.791 0.674 0.742 0.667 0.74 0.656 0.679 0.674 0.742 0.656 0.679 0.675 0.685 0.674 0.742 0.67 0.636 0.66 0.573 0.703 0.643 0.66 0.573 0.71 0.575 0.703 0.643 0.651 0.502 0.711 0.498 0.66 0.573 0.711 0.498 0.71 0.575 0.66 0.573 0 0 0 0 0 0 0 0 0 0 0 0 0 0 0 0 0 0 0.642 0.632 0.67 0.636 0.656 0.679 0.67 0.636 0.675 0.685 0.656 0.679 0 0 0 0 0 0 0 0 0 0 0 0 0.675 0.685 0.67 0.636 0.695 0.69 0.67 0.636 0.703 0.643 0.695 0.69 0 0 0 0 0 0 0 0 0 0 0 0 0.573 0.452 0.568 0.433 0.609 0.439 0.568 0.433 0.607 0.417 0.609 0.439 0.509 0.513 0.508 0.501 0.545 0.512 0.508 0.501 0.542 0.498 0.545 0.512 0.465 0.572 0.346 0.57 0.474 0.501 0.346 0.57 0.345 0.502 0.474 0.501 0.601 0.377 0.607 0.417 0.556 0.393 0.607 0.417 0.568 0.433 0.556 0.393 0.115 0.53 0.17 0.51 0.121 0.584 0.17 0.51 0.164 0.569 0.121 0.584 0 0 0 0 0 0 0 0 0 0 0 0 0 0 0 0 0 0 0 0 0 0 0 0 0.642 0.632 0.656 0.679 0.602 0.633 0.656 0.679 0.604 0.677 0.602 0.633 0 0 0 0 0 0 0 0 0 0 0 0 0 0 0 0 0 0 0 0 0 0 0 0 0 0 0 0 0 0 0 0 0 0 0 0 0 0 0 0 0 0 0 0 0 0 0 0 0 0 0 0 0 0 0.695 0.69 0.682 0.745 0.675 0.685 0.682 0.745 0.674 0.742 0.675 0.685 0 0 0 0 0 0 0 0 0 0 0 0 0.553 0.573 0.595 0.574 0.56 0.633 0.595 0.574 0.602 0.633 0.56 0.633 0.465 0.572 0.512 0.572 0.465 0.631 0.512 0.572 0.51 0.632 0.465 0.631 0.339 0.83 0.326 0.817 0.366 0.802 0.326 0.817 0.359 0.794 0.366 0.802 0.359 0.794 0.326 0.817 0.353 0.784 0.326 0.817 0.314 0.802 0.353 0.784 0.528 0.454 0.568 0.433 0.534 0.468 0.568 0.433 0.573 0.452 0.534 0.468 0 0 0 0 0 0 0 0 0 0 0 0 0 0 0 0 0 0 0 0 0 0 0 0 0 0 0 0 0 0 0 0 0 0 0 0 0 0 0 0 0 0 0 0 0 0 0 0 0 0 0 0 0 0 0 0 0 0 0 0 0 0 0 0 0 0 0 0 0 0 0 0 0 0 0 0 0 0 0 0 0 0 0 0 0 0 0 0 0 0 0 0 0 0 0 0 0 0 0 0 0 0 0 0 0 0 0 0 0 0 0 0 0 0 0 0 0 0 0 0 0 0 0 0 0 0 0 0 0 0 0 0 0 0 0 0 0 0 0 0 0 0 0 0 0 0 0 0 0 0 0 0 0 0 0 0 0 0 0 0 0 0 0 0 0 0 0 0 0 0 0 0 0 0 0 0 0 0 0 0 0 0 0 0 0 0 0 0 0 0 0 0 0.213 0.901 0.188 0.873 0.255 0.869 0.188 0.873 0.233 0.843 0.255 0.869 0.248 0.929 0.213 0.901 0.28 0.891 0.213 0.901 0.255 0.869 0.28 0.891 0.628 0.862 0.578 0.839 0.651 0.827 0.578 0.839 0.595 0.81 0.651 0.827 0 0 0 0 0 0 0 0 0 0 0 0 0 0 0 0 0 0 0 0 0 0 0 0 0 0 0 0 0 0 0 0 0 0 0 0 0 0 0 0 0 0 0 0 0 0 0 0 0 0 0 0 0 0 0 0 0 0 0 0 0 0 0 0 0 0 0 0 0 0 0 0 0 0 0 0 0 0 0 0 0 0 0 0 0 0 0 0 0 0 0 0 0 0 0 0 0.248 0.629 0.298 0.63 0.248 0.674 0.298 0.63 0.298 0.673 0.248 0.674 0 0 0 0 0 0 0 0 0 0 0 0 0.139 0.798 0.129 0.751 0.137 0.748 0.123 0.692 0.141 0.685 0.129 0.751 0.141 0.685 0.137 0.748 0.129 0.751 0 0 0 0 0 0 0 0 0 0 0 0 0 0 0 0 0 0 0 0 0 0 0 0 0 0 0 0 0 0 0 0 0 0 0 0 0 0 0 0 0 0 0 0 0 0 0 0 0 0 0 0 0 0 0 0 0 0 0 0 0 0 0 0 0 0 0 0 0 0 0 0 0 0 0 0 0 0 0 0 0 0 0 0 0 0 0 0 0 0 0 0 0 0 0 0 0 0 0 0 0 0 0 0 0 0 0 0 0 0 0 0 0 0 0 0 0 0 0 0 0 0 0 0 0 0 0 0 0 0 0 0 0 0 0 0 0 0 0 0 0 0 0 0 0 0 0 0 0 0 0 0 0 0 0 0 0 0 0 0 0 0 0 0 0 0 0 0 0 0 0 0 0 0 0 0 0 0 0 0 0 0 0 0 0 0 0 0 0 0 0 0 0 0 0 0 0 0 0.62 0.031 0.67 0.189 0.565 0.049 0.67 0.189 0.614 0.205 0.565 0.049 0 0 0 0 0 0 0 0 0 0 0 0 0 0 0 0 0 0 0 0 0 0 0 0 0 0 0 0 0 0 0 0 0 0 0 0 0.162 0.461 0.17 0.51 0.102 0.484 0.17 0.51 0.115 0.53 0.102 0.484 0 0 0 0 0 0 0 0 0 0 0 0 0 0 0 0 0 0 0 0 0 0 0 0 0.102 0.484 0.093 0.46 0.162 0.461 0.093 0.46 0.154 0.438 0.162 0.461 0.093 0.46 0.083 0.427 0.154 0.438 0.083 0.427 0.143 0.408 0.154 0.438 0 0 0 0 0 0 0 0 0 0 0 0 0 0 0 0 0 0 0 0 0 0 0 0 0 0 0 0 0 0 0 0 0 0 0 0 0 0 0 0 0 0 0 0 0 0 0 0 0.341 0.392 0.309 0.329 0.393 0.366 0.309 0.329 0.36 0.304 0.393 0.366 0.291 0.148 0.36 0.304 0.237 0.172 0.36 0.304 0.309 0.329 0.237 0.172 0.237 0.172 0.309 0.329 0.183 0.197 0.309 0.329 0.256 0.353 0.183 0.197 0.249 0.569 0.247 0.503 0.299 0.569 0.247 0.503 0.3 0.501 0.299 0.569 0.247 0.503 0.246 0.449 0.3 0.501 0.246 0.449 0.302 0.447 0.3 0.501 0.346 0.631 0.298 0.63 0.346 0.57 0.298 0.63 0.299 0.569 0.346 0.57 0.289 0.408 0.302 0.447 0.226 0.422 0.302 0.447 0.246 0.449 0.226 0.422 0.226 0.422 0.201 0.382 0.289 0.408 0.201 0.382 0.256 0.353 0.289 0.408 0.2 0.629 0.152 0.632 0.203 0.569 0.152 0.632 0.164 0.569 0.203 0.569 0.162 0.461 0.197 0.457 0.17 0.51 0.197 0.457 0.203 0.504 0.17 0.51 0.154 0.438 0.196 0.429 0.162 0.461 0.196 0.429 0.197 0.457 0.162 0.461 0.17 0.51 0.203 0.504 0.164 0.569 0.203 0.504 0.203 0.569 0.164 0.569 0.164 0.569 0.152 0.632 0.121 0.584 0.152 0.632 0.123 0.642 0.121 0.584 0.123 0.692 0.123 0.642 0.141 0.685 0.123 0.642 0.152 0.632 0.141 0.685 0.201 0.382 0.226 0.422 0.196 0.429 0.154 0.438 0.143 0.408 0.196 0.429 0.143 0.408 0.201 0.382 0.196 0.429 0.51 0.632 0.512 0.572 0.56 0.633 0.512 0.572 0.553 0.573 0.56 0.633 0.406 0.817 0.406 0.853 0.395 0.816 0.406 0.853 0.388 0.852 0.395 0.816 0.346 0.762 0.348 0.774 0.299 0.766 0.348 0.774 0.305 0.785 0.299 0.766 0.371 0.848 0.388 0.852 0.356 0.884 0.388 0.852 0.381 0.89 0.356 0.884 0.52 0.84 0.486 0.816 0.536 0.82 0.486 0.816 0.496 0.801 0.536 0.82 0.298 0.63 0.346 0.631 0.298 0.673 0.346 0.631 0.346 0.672 0.298 0.673 0.074 0.245 0.143 0.408 0.019 0.268 0.143 0.408 0.083 0.427 0.019 0.268 0.128 0.221 0.201 0.382 0.074 0.245 0.201 0.382 0.143 0.408 0.074 0.245 0.711 0.498 0.651 0.502 0.65 0.482 0.65 0.482 0.651 0.502 0.61 0.486 0.651 0.502 0.609 0.505 0.61 0.486 0.51 0.066 0.56 0.221 0.455 0.085 0.56 0.221 0.508 0.237 0.455 0.085 0.56 0.221 0.58 0.29 0.508 0.237 0.58 0.29 0.529 0.307 0.508 0.237 0.601 0.377 0.556 0.393 0.58 0.29 0.556 0.393 0.529 0.307 0.58 0.29 0.393 0.366 0.442 0.451 0.341 0.392 0.442 0.451 0.345 0.45 0.341 0.392 0.565 0.049 0.614 0.205 0.51 0.066 0.614 0.205 0.56 0.221 0.51 0.066 0.406 0.817 0.416 0.816 0.406 0.853 0.416 0.816 0.424 0.852 0.406 0.853 0.573 0.452 0.609 0.439 0.577 0.47 0.609 0.439 0.61 0.461 0.577 0.47 0.436 0.808 0.445 0.802 0.458 0.839 0.445 0.802 0.472 0.829 0.458 0.839 0.457 0.258 0.508 0.237 0.483 0.325 0.508 0.237 0.529 0.307 0.483 0.325 0.354 0.84 0.375 0.809 0.371 0.848 0.375 0.809 0.385 0.813 0.371 0.848 0.438 0.346 0.477 0.434 0.393 0.366 0.477 0.434 0.442 0.451 0.393 0.366 0.556 0.393 0.512 0.414 0.529 0.307 0.512 0.414 0.483 0.325 0.529 0.307 0.503 0.482 0.499 0.472 0.534 0.468 0.499 0.472 0.528 0.454 0.534 0.468 0.506 0.491 0.538 0.482 0.508 0.501 0.538 0.482 0.542 0.498 0.508 0.501 0.503 0.482 0.534 0.468 0.506 0.491 0.534 0.468 0.538 0.482 0.506 0.491 0.538 0.482 0.577 0.47 0.542 0.498 0.577 0.47 0.581 0.489 0.542 0.498 0.528 0.454 0.499 0.472 0.512 0.414 0.499 0.472 0.477 0.434 0.512 0.414 0.534 0.468 0.573 0.452 0.538 0.482 0.573 0.452 0.577 0.47 0.538 0.482 0.568 0.433 0.528 0.454 0.556 0.393 0.528 0.454 0.512 0.414 0.556 0.393 0.354 0.84 0.339 0.83 0.375 0.809 0.339 0.83 0.366 0.802 0.375 0.809 0.409 0.28 0.457 0.258 0.438 0.346 0.457 0.258 0.483 0.325 0.438 0.346 0.512 0.414 0.477 0.434 0.483 0.325 0.477 0.434 0.438 0.346 0.483 0.325 0.385 0.813 0.395 0.816 0.371 0.848 0.395 0.816 0.388 0.852 0.371 0.848 0.472 0.829 0.445 0.802 0.486 0.816 0.445 0.802 0.452 0.793 0.486 0.816 0.346 0.125 0.409 0.28 0.291 0.148 0.409 0.28 0.36 0.304 0.291 0.148 0.438 0.346 0.393 0.366 0.409 0.28 0.393 0.366 0.36 0.304 0.409 0.28 0.455 0.085 0.508 0.237 0.4 0.104 0.508 0.237 0.457 0.258 0.4 0.104 0.4 0.104 0.457 0.258 0.346 0.125 0.457 0.258 0.409 0.28 0.346 0.125 0.581 0.489 0.577 0.47 0.61 0.486 0.577 0.47 0.61 0.461 0.61 0.486 0.666 0.791 0.667 0.74 0.674 0.742 0 0 0 0 0 0 0.511 0.765 0.505 0.784 0.465 0.762 0.505 0.784 0.462 0.773 0.465 0.762 0.511 0.765 0.51 0.72 0.559 0.771 0.51 0.72 0.56 0.722 0.559 0.771 0.291 0.843 0.274 0.822 0.326 0.817 0.274 0.822 0.314 0.802 0.326 0.817 0.533 0.888 0.502 0.858 0.557 0.865 0.502 0.858 0.52 0.84 0.557 0.865 0.48 0.872 0.502 0.858 0.505 0.907 0.502 0.858 0.533 0.888 0.505 0.907 0.406 0.892 0.407 0.933 0.381 0.89 0.407 0.933 0.372 0.931 0.381 0.89 0.432 0.89 0.457 0.883 0.441 0.93 0.457 0.883 0.474 0.921 0.441 0.93 0.274 0.822 0.233 0.843 0.26 0.799 0.233 0.843 0.214 0.815 0.26 0.799 0.291 0.843 0.326 0.817 0.31 0.86 0.326 0.817 0.339 0.83 0.31 0.86 0.249 0.774 0.299 0.766 0.26 0.799 0.299 0.766 0.305 0.785 0.26 0.799 0.26 0.799 0.305 0.785 0.274 0.822 0.305 0.785 0.314 0.802 0.274 0.822 0.372 0.931 0.339 0.923 0.381 0.89 0.339 0.923 0.356 0.884 0.381 0.89 0.406 0.892 0.432 0.89 0.407 0.933 0.432 0.89 0.441 0.93 0.407 0.933 0.406 0.892 0.406 0.853 0.432 0.89 0.406 0.853 0.424 0.852 0.432 0.89 0.388 0.852 0.406 0.853 0.381 0.89 0.406 0.853 0.406 0.892 0.381 0.89 0.332 0.874 0.31 0.86 0.354 0.84 0.31 0.86 0.339 0.83 0.354 0.84 0.441 0.847 0.458 0.839 0.457 0.883 0.458 0.839 0.48 0.872 0.457 0.883 0.424 0.852 0.441 0.847 0.432 0.89 0.441 0.847 0.457 0.883 0.432 0.89 0.536 0.82 0.55 0.796 0.578 0.839 0.55 0.796 0.595 0.81 0.578 0.839 0.557 0.865 0.52 0.84 0.578 0.839 0.52 0.84 0.536 0.82 0.578 0.839 0.472 0.829 0.486 0.816 0.502 0.858 0.486 0.816 0.52 0.84 0.502 0.858 0.255 0.869 0.233 0.843 0.291 0.843 0.233 0.843 0.274 0.822 0.291 0.843 0.55 0.796 0.505 0.784 0.559 0.771 0.505 0.784 0.511 0.765 0.559 0.771 0.536 0.82 0.496 0.801 0.55 0.796 0.496 0.801 0.505 0.784 0.55 0.796 0.458 0.839 0.472 0.829 0.48 0.872 0.472 0.829 0.502 0.858 0.48 0.872 0.354 0.84 0.371 0.848 0.332 0.874 0.371 0.848 0.356 0.884 0.332 0.874 0.457 0.883 0.48 0.872 0.474 0.921 0.48 0.872 0.505 0.907 0.474 0.921 0.356 0.884 0.339 0.923 0.332 0.874 0.339 0.923 0.308 0.909 0.332 0.874 0.249 0.774 0.26 0.799 0.199 0.784 0.26 0.799 0.214 0.815 0.199 0.784 0.248 0.629 0.248 0.674 0.2 0.629 0.248 0.674 0.2 0.679 0.2 0.629 0.152 0.632 0.2 0.629 0.141 0.685 0.2 0.629 0.2 0.679 0.141 0.685 0.553 0.573 0.545 0.512 0.595 0.574 0.545 0.512 0.585 0.509 0.595 0.574 0.141 0.685 0.2 0.679 0.137 0.748 0.2 0.679 0.199 0.734 0.137 0.748 0.602 0.633 0.595 0.574 0.642 0.632 0.595 0.574 0.621 0.572 0.642 0.632 0.609 0.505 0.621 0.572 0.585 0.509 0.621 0.572 0.595 0.574 0.585 0.509 0.559 0.771 0.56 0.722 0.609 0.779 0.56 0.722 0.607 0.73 0.609 0.779 0 0 0 0 0 0 0 0 0 0 0 0 0.651 0.37 0.705 0.366 0.652 0.414 0.705 0.366 0.708 0.416 0.652 0.414 0 0 0 0 0 0 0 0 0 0 0 0 0.607 0.417 0.652 0.414 0.609 0.439 0.652 0.414 0.653 0.434 0.609 0.439 0.67 0.636 0.642 0.632 0.66 0.573 0.642 0.632 0.621 0.572 0.66 0.573 0 0 0 0 0 0 0 0 0 0 0 0 0 0 0 0 0 0 0 0 0 0 0 0 0 0 0 0 0 0 0 0 0 0 0 0 0.621 0.572 0.609 0.505 0.66 0.573 0.609 0.505 0.651 0.502 0.66 0.573 0 0 0 0 0 0 0 0 0 0 0 0 0 0 0 0 0 0 0 0 0 0 0 0 0.609 0.439 0.653 0.434 0.61 0.461 0.653 0.434 0.652 0.453 0.61 0.461 0.61 0.486 0.61 0.461 0.65 0.482 0.61 0.461 0.652 0.453 0.65 0.482 0.653 0.434 0.708 0.44 0.652 0.453 0.708 0.44 0.709 0.464 0.652 0.453 0 0 0 0 0 0 0 0 0 0 0 0 0.652 0.453 0.709 0.464 0.65 0.482 0.709 0.464 0.711 0.498 0.65 0.482 0 0 0 0 0 0 0 0 0 0 0 0 0 0 0 0 0 0 0 0 0 0 0 0 0 0 0 0 0 0 0 0 0 0 0 0 0.653 0.434 0.652 0.414 0.708 0.44 0.652 0.414 0.708 0.416 0.708 0.44 0 0 0 0 0 0 0 0 0 0 0 0 0.633 0.276 0.689 0.264 0.651 0.37 0.689 0.264 0.705 0.366 0.651 0.37 0.651 0.37 0.652 0.414 0.601 0.377 0.652 0.414 0.607 0.417 0.601 0.377 0.614 0.205 0.67 0.189 0.633 0.276 0.67 0.189 0.689 0.264 0.633 0.276 0.614 0.205 0.633 0.276 0.56 0.221 0.633 0.276 0.58 0.29 0.56 0.221 0.58 0.29 0.633 0.276 0.601 0.377 0.633 0.276 0.651 0.37 0.601 0.377 0 0 0 0 0 0 0 0 0 0 0 0 0 0 0 0 0 0 0 0 0 0 0 0 0 0 0 0 0 0 0 0 0 0 0 0 0 0 0 0 0 0 0 0 0 0 0 0 0 0 0 0 0 0 0 0 0 0 0 0 0 0 0 0 0 0 0 0 0 0 0 0 0 0 0 0 0 0 0 0 0 0 0 0 0 0 0 0 0 0 0 0 0 0 0 0 0 0 0 0 0 0 0 0 0 0 0 0 0 0 0 0 0 0 0 0 0 0 0 0 0 0 0 0 0 0 0 0 0 0 0 0 0 0 0 0 0 0 0 0 0 0 0 0 0 0 0 0 0 0 0 0 0 0 0 0 0 0 0 0 0 0 0 0 0 0 0 0 0 0 0 0 0 0 0 0 0 0 0 0 0 0 0 0 0 0 0 0 0 0 0 0 0 0 0 0 0 0 0 0 0 0 0 0 0 0 0 0 0 0 0 0 0 0 0 0 0 0 0 0 0 0 0 0 0 0 0 0 0 0 0 0 0 0 0 0 0 0 0 0 0 0 0 0 0 0 0 0 0 0 0 0 0 0 0 0 0 0 0 0 0 0 0 0 0 0 0 0 0 0 0 0 0 0 0 0 0 0 0 0 0 0 0 0 0 0 0 0 0 0 0 0 0 0 0 0 0 0 0 0 0 0 0 0 0 0 0 0 0 0 0 0 0 0 0 0 0 0 0 0 0 0 0 0 0 0 0 0 0 0 0 0 0 0 0 0 0 0 0 0 0 0 0 0 0 0 0 0 0 0 0 0 0 0 0 0 0 0 0 0 0 0 0 0 0 0 0 0 0 0 0 0 0 0 0 0 0 0 0 0 0 0 0 0 0 0 0 0 0 0 0 0 0 0 0 0 0 0 0 0 0 0 0 0 0 0 0 0 0 0 0 0 0 0 0 0 0 0 0 0 0 0 0 0 0 0 0 0 0 0 0 0 0 0 0 0 0 0 0 0 0 0 0 0 0 0 0 0 0 0 0 0 0 0 0 0 0 0 0 0 0 0 0.474 0.501 0.503 0.482 0.506 0.491 0.474 0.501 0.442 0.451 0.499 0.472 0.442 0.451 0.477 0.434 0.499 0.472 0.506 0.491 0.508 0.501 0.474 0.501 0.508 0.501 0.509 0.513 0.474 0.501 0.474 0.501 0.499 0.472 0.503 0.482 0.509 0.513 0.512 0.572 0.474 0.501 0.512 0.572 0.465 0.572 0.474 0.501 0.406 0.761 0.406 0.817 0.395 0.816 0.406 0.761 0.427 0.813 0.416 0.816 0.436 0.808 0.427 0.813 0.406 0.761 0.436 0.808 0.406 0.761 0.445 0.802 0.445 0.802 0.406 0.761 0.452 0.793 0.452 0.793 0.406 0.761 0.458 0.784 0.458 0.784 0.406 0.761 0.462 0.773 0.462 0.773 0.406 0.761 0.465 0.762 0.406 0.761 0.395 0.816 0.385 0.813 0.346 0.762 0.406 0.761 0.348 0.774 0.406 0.761 0.385 0.813 0.375 0.809 0.348 0.774 0.406 0.761 0.353 0.784 0.406 0.761 0.375 0.809 0.366 0.802 0.353 0.784 0.406 0.761 0.359 0.794 0.359 0.794 0.406 0.761 0.366 0.802 0.406 0.761 0.416 0.816 0.406 0.817 0 0 0 0 0 0 0 0 0 0 0 0 0 0 0 0 0 0 0 0 0 0 0 0 0 0 0 0 0 0 0 0 0 0 0 0 0 0 0 0 0 0 0 0 0 0 0 0 0 0 0 0 0 0 0 0 0 0 0 0 0 0 0 0 0 0 0 0 0 0 0 0 0 0 0 0 0 0 0 0 0 0 0 0 0 0 0 0 0 0 0 0 0 0 0 0 0 0 0 0 0 0 0 0 0 0 0 0 0 0 0 0 0 0 0 0 0 0 0 0 0 0 0 0 0 0 0 0 0 0 0 0 0 0 0 0 0 0 0 0 0 0 0 0 0 0 0 0 0 0 0 0 0 0 0 0 0 0 0 0 0 0 0 0 0 0 0 0 0 0 0 0 0 0 0 0 0 0 0 0 0 0 0 0 0 0 0 0 0 0 0 0 0 0 0 0 0 0 0 0 0 0 0 0 0 0 0 0 0 0 0 0 0 0 0 0 0 0 0 0 0 0 0 0 0 0 0 0 0 0 0 0 0 0 0 0 0 0 0 0 0 0 0 0 0 0 0 0 0 0 0 0 0 0 0 0 0 0 0 0 0 0 0 0 0 0 0 0 0 0 0 0 0 0 0 0 0 0 0 0 0 0 0 0 0 0 0 0 0 0 0 0 0 0 0 0 0 0 0 0 0 0 0 0 0 0 0 0 0 0 0 0 0 0 0 0 0 0 0 0 0 0 0 0 0 0 0 0 0 0 0 0 0 0 0 0 0 0 0 0 0 0 0 0 0 0 0 0 0 0 0 0 0 0 0 0 0 0 0 0 0 0 0 0 0 0 0 0 0 0 0 0 0 0 0 0 0 0 0 0 0 0 0 0 0 0 0 0 0 0 0 0 0 0 0 0 0 0 0 0 0 0 0 0 0 0 0 0 0 0 0 0 0 0 0 0 0 0 0 0 0 0 0 0 0 0 0 0 0 0 0 0 0 0 0 0 0 0 0 0 0 0 0 0 0 0 0 0 0 0 0 0 0 0 0 0 0 0 0 0 0 0 0 0 0 0 0 0 0 0 0 0 0 0 0 0 0 0 0 0 0 0 0 0 0 0 0 0 0 0 0 0 0 0 0 0 0 0 0 0 0 0 0 0 0 0 0 0 0 0 0 0 0 0 0 0 0 0 0 0 0 0 0 0 0 0 0 0 0 0 0 0 0 0 0 0 0 0 0 0 0 0 0 0 0 0 0 0 0 0 0 0 0 0 0 0 0 0 0 0 0 0 0 0 0 0 0 0 0 0 0 0 0 0 0 0 0 0 0 0 0 0 0 0 0 0 0 0 0 0 0 0 0 0 0 0 0 0 0 0 0 0 0 0 0 0 0 0 0 0 0 0 0 0 0 0 0 0 0 0 0 0 0 0 0 0 0 0 0 0 0 0 0 0 0 0 0 0 0 0 0 0 0 0 0 0 0 0 0 0 0 0 0 0 0 0 0 0 0 0 0 0 0 0 0 0 0 0 0 0 0 0 0 0 0 0 0 0 0 0 0 0 0 0 0 0 0 0 0 0 0 0 0 0 0 0 0 0 0 0 0 0 0 0 0 0 0 0 0 0 0 0 0 0 0 0 0 0 0 0 0 0 0 0 0 0 0 0 0 0 0 0 0 0 0 0 0 0 0 0 0 0 0 0 0 0 0 0 0 0 0 0 0 0 0 0 0 0 0 0 0 0 0 0 0 0 0 0 0 0 0 0 0 0 0 0 0 0 0 0 0 0 0 0 0 0 0 0 0 0 0 0 0 0 0 0 0 0 0 0 0 0 0 0 0 0 0 0 0 0 0 0 0 0 0 0 0 0 0 0 0 0 0 0 0 0 0 0 0 0 0 0 0 0 0 0 0 0 0 0 0 0 0 0 0 0 0 0 0 0 0 0 0 0 0 0 0 0 0 0 0 0 0 0 0 0 0 0 0 0 0 0 0 0 0 0 0 0 0 0 0 0 0 0 0 0 0 0 0 0 0 0 0 0 0 0 0 0 0 0 0 0 0 0 0 0 0 0 0 0 0 0 0 0 0 0 0 0 0 0 0 0 0 0 0 0 0 0 0 0 0 0 0 0 0 0 0 0 0 0 0 0 0 0 0 0 0 0 0 0 0 0 0 0 0 0 0 0 0 0 0 0 0 0 0 0 0 0 0 0 0 0 0 0 0 0 0 0 0 0 0 0 0 0 0 0 0 0 0 0 0 0 0 0 0 0 0 0 0 0 0 0 0 0 0 0 0 0 0 0 0 0 0 0 0 0 0 0 0 0 0 0 0 0 0 0 0 0 0 0 0 0 0 0 0 0 0 0 0 0 0 0 0 0 0 0 0 0 0 0 0 0 0 0 0 0 0 0 0 0 0 0 0 0 0 0 0 0 0 0 0 0 0 0 0 0 0 0 0 0 0 0 0 0 0 0 0 0 0 0 0 0 0 0 0 0 0 0 0 0 0 0 0 0 0 0 0 0 0 0 0 0 0 0 0 0 0 0 0 0 0 0 0 0 0 0 0 0 0 0 0 0 0 0 0 0 0 0 0 0 0 0 0 0 0 0 0 0 0 0 0 0 0 0 0 0 0 0 0 0 0 0 0 0 0 0 0 0 0 0 0 0 0 0 0 0 0 0 0 0 0 0 0 0 0 0 0 0 0 0 0 0 0 0 0 0 0 0 0 0 0 0 0 0 0 0 0 0 0 0 0 0 0 0 0 0 0 0 0 0 0 0 0 0 0 0 0 0 0 0 0 0 0 0 0 0 0 0 0 0 0 0 0 0 0 0 0 0 0 0 0 0 0 0 0 0 0 0 0 0 0 0 0 0 0 0 0 0 0 0 0 0 0 0 0 0 0 0 0.137 0.748 0.199 0.734 0.139 0.798 0.199 0.734 0.199 0.784 0.139 0.798 0.607 0.73 0.667 0.74 0.609 0.779 0.667 0.74 0.666 0.791 0.609 0.779 0 0 0 0 0 0 0 0 0 0 0 0 0 0 0 0 0 0 0 0 0 0 0 0 0 0 0 0 0 0 0 0 0 0 0 0 0 0 0 0 0 0 0 0 0 0 0 0 0 0 0 0 0 0 0 0 0 0 0 0 0 0 0 0 0 0 0 0 0 0 0 0 0.2 0.679 0.248 0.674 0.199 0.734 0.248 0.674 0.248 0.726 0.199 0.734 0.248 0.674 0.298 0.673 0.248 0.726 0.298 0.673 0.299 0.725 0.248 0.726 0.56 0.674 0.51 0.671 0.56 0.633 0.51 0.671 0.51 0.632 0.56 0.633 0.465 0.67 0.346 0.672 0.465 0.631 0.346 0.672 0.346 0.631 0.465 0.631 0.346 0.672 0.406 0.724 0.346 0.728 0.299 0.725 0.298 0.673 0.346 0.672 0.346 0.728 0.346 0.728 0.299 0.725 0.346 0.672 0.346 0.728 0.299 0.725 0.604 0.677 0.56 0.674 0.602 0.633 0.56 0.674 0.56 0.633 0.602 0.633 0.465 0.67 0.51 0.671 0.465 0.721 0.51 0.671 0.51 0.72 0.465 0.721 0.465 0.67 0.465 0.721 0.406 0.724 0.56 0.722 0.51 0.72 0.56 0.674 0.51 0.72 0.51 0.671 0.56 0.674 0.406 0.724 0.346 0.672 0.465 0.67 0.607 0.73 0.56 0.722 0.604 0.677 0.56 0.722 0.56 0.674 0.604 0.677 0.604 0.677 0.656 0.679 0.607 0.73 0.656 0.679 0.667 0.74 0.607 0.73 0.465 0.721 0.51 0.72 0.465 0.762 0.51 0.72 0.511 0.765 0.465 0.762 0.346 0.728 0.346 0.728 0.406 0.724 0.406 0.724 0.406 0.761 0.346 0.762 0.406 0.724 0.346 0.762 0.346 0.728 0.406 0.724 0.465 0.721 0.406 0.761 0.465 0.721 0.465 0.762 0.406 0.761 0.199 0.734 0.248 0.726 0.199 0.784 0.248 0.726 0.249 0.774 0.199 0.784 0.299 0.725 0.346 0.728 0.299 0.766 0.346 0.728 0.346 0.762 0.299 0.766 0.248 0.726 0.299 0.725 0.249 0.774 0.299 0.725 0.299 0.766 0.249 0.774 0 0 0 0 0 0 0 0 0 0 0 0 0 0 0 0 0 0</float_array>
					<technique_common>
						<accessor source="#3819v2-mesh-map-3-array" count="2856" stride="2">
							<param name="S" type="float"/>
							<param name="T" type="float"/>
						</accessor>
					</technique_common>
				</source>
				<vertices id="3819v2-mesh-vertices">
					<input semantic="POSITION" source="#3819v2-mesh-positions"/>
				</vertices>
				<triangles material="MB|26-material" count="952">
					<input semantic="VERTEX" source="#3819v2-mesh-vertices" offset="0"/>
					<input semantic="TEXCOORD" source="#3819v2-mesh-map-0" offset="1" set="0"/>
					<input semantic="TEXCOORD" source="#3819v2-mesh-map-1" offset="1" set="1"/>
					<input semantic="TEXCOORD" source="#3819v2-mesh-map-2" offset="1" set="2"/>
					<input semantic="TEXCOORD" source="#3819v2-mesh-map-3" offset="1" set="3"/>
					<p>18 0 17 1 118 2 17 3 119 4 118 5 518 6 534 7 46 8 534 9 47 10 46 11 15 12 120 13 17 14 120 15 119 16 17 17 38 18 524 19 13 20 524 21 513 22 13 23 108 24 121 25 115 26 121 27 118 28 115 29 37 30 544 31 38 32 544 33 524 34 38 35 78 36 77 37 505 38 77 39 506 40 505 41 75 42 543 43 76 44 543 45 523 46 76 47 57 48 62 49 56 50 62 51 61 52 56 53 74 54 73 55 478 56 73 57 479 58 478 59 504 60 71 61 505 62 71 63 78 64 505 65 60 66 63 67 62 68 63 69 61 70 62 71 494 72 86 73 514 74 490 75 86 76 491 77 491 78 86 79 493 80 498 81 86 82 101 83 492 84 86 85 490 86 101 87 86 88 100 89 536 90 484 91 529 92 484 93 485 94 529 95 540 96 482 97 535 98 482 99 483 100 535 101 530 102 486 103 510 104 486 105 487 106 510 107 626 108 620 109 628 110 620 111 621 112 628 113 613 114 614 115 642 116 614 117 644 118 642 119 99 120 86 121 98 122 98 123 86 124 97 125 493 126 86 127 494 128 496 129 86 130 495 131 96 132 86 133 497 134 495 135 86 136 492 137 498 138 514 139 86 140 97 141 86 142 96 143 100 144 86 145 99 146 497 147 86 148 496 149 619 150 625 151 618 152 625 153 656 154 618 155 324 156 681 157 339 158 517 159 92 160 522 161 92 162 91 163 522 164 529 165 485 166 530 167 485 168 486 169 530 170 618 171 656 172 617 173 656 174 654 175 617 176 617 177 654 178 616 179 654 180 653 181 616 182 522 183 91 184 520 185 91 186 90 187 520 188 323 189 665 190 682 191 634 192 609 193 636 194 609 195 610 196 636 197 402 198 12 199 651 200 12 201 647 202 651 203 638 204 611 205 640 206 611 207 612 208 640 209 625 210 619 211 626 212 619 213 620 214 626 215 535 216 483 217 536 218 483 219 484 220 536 221 628 222 621 223 630 224 621 225 622 226 630 227 511 228 95 229 515 230 95 231 94 232 515 233 636 234 610 235 638 236 610 237 611 238 638 239 516 240 93 241 517 242 93 243 92 244 517 245 632 246 608 247 634 248 608 249 609 250 634 251 0 252 390 253 649 254 390 255 645 256 649 257 510 258 487 259 511 260 487 261 95 262 511 263 515 264 94 265 516 266 94 267 93 268 516 269 612 270 613 271 640 272 613 273 642 274 640 275 630 276 622 277 632 278 622 279 608 280 632 281 520 282 90 283 521 284 90 285 89 286 521 287 681 288 324 289 682 290 614 291 615 292 644 293 615 294 646 295 644 296 155 297 111 298 153 299 111 300 116 301 153 302 499 303 500 304 42 305 500 306 44 307 42 308 109 309 108 310 219 311 108 312 111 313 219 314 116 315 111 316 115 317 111 318 108 319 115 320 69 321 70 322 55 323 70 324 66 325 55 326 151 327 144 328 145 329 144 330 149 331 145 332 112 333 159 334 113 335 159 336 114 337 113 338 159 339 157 340 114 341 157 342 158 343 114 344 112 345 113 346 120 347 113 348 119 349 120 350 181 351 513 352 178 353 110 354 103 355 121 356 103 357 21 358 121 359 70 360 68 361 66 362 68 363 65 364 66 365 34 366 40 367 23 368 40 369 41 370 23 371 194 372 198 373 191 374 198 375 193 376 191 377 211 378 204 379 149 380 204 381 150 382 149 383 104 384 465 385 103 386 465 387 464 388 103 389 73 390 72 391 479 392 72 393 503 394 479 395 478 396 499 397 74 398 499 399 42 400 74 401 72 402 71 403 503 404 71 405 504 406 503 407 44 408 500 409 45 410 500 411 519 412 45 413 46 414 47 415 50 416 47 417 51 418 50 419 51 420 47 421 52 422 47 423 36 424 52 425 46 426 45 427 518 428 45 429 519 430 518 431 76 432 79 433 75 434 79 435 54 436 75 437 203 438 148 439 204 440 148 441 150 442 204 443 302 444 160 445 587 446 160 447 222 448 587 449 160 450 154 451 153 452 154 453 155 454 153 455 163 456 169 457 162 458 169 459 168 460 162 461 175 462 161 463 179 464 161 465 182 466 179 467 576 468 226 469 574 470 226 471 692 472 574 473 176 474 166 475 179 476 166 477 175 478 179 479 512 480 177 481 513 482 179 483 182 484 178 485 182 486 181 487 178 488 171 489 168 490 170 491 168 492 169 493 170 494 508 495 170 496 507 497 170 498 166 499 507 500 172 501 171 502 541 503 171 504 542 505 541 506 231 507 172 508 588 509 172 510 541 511 588 512 198 513 543 514 189 515 142 516 143 517 189 518 143 519 192 520 189 521 186 522 202 523 185 524 202 525 184 526 185 527 187 528 183 529 202 530 183 531 184 532 202 533 185 534 184 535 190 536 184 537 199 538 190 539 198 540 194 541 543 542 107 543 186 544 143 545 186 546 192 547 143 548 183 549 188 550 184 551 188 552 199 553 184 554 192 555 186 556 193 557 186 558 185 559 193 560 190 561 502 562 191 563 502 564 480 565 191 566 216 567 212 568 205 569 212 570 207 571 205 572 144 573 210 574 149 575 210 576 211 577 149 578 110 579 121 580 109 581 121 582 108 583 109 584 243 585 207 586 242 587 207 588 212 589 242 590 162 591 117 592 163 593 117 594 122 595 163 596 232 597 224 598 230 599 224 600 223 601 230 602 568 603 223 604 570 605 223 606 224 607 570 608 107 609 143 610 106 611 143 612 467 613 106 614 162 615 168 616 229 617 168 618 228 619 229 620 513 621 177 622 178 623 172 624 228 625 171 626 228 627 168 628 171 629 169 630 163 631 175 632 163 633 161 634 175 635 175 636 166 637 169 638 166 639 170 640 169 641 193 642 198 643 192 644 198 645 189 646 192 647 193 648 185 649 191 650 185 651 190 652 191 653 145 654 147 655 105 656 147 657 106 658 105 659 110 660 151 661 103 662 151 663 104 664 103 665 26 666 33 667 24 668 33 669 35 670 24 671 35 672 33 673 34 674 33 675 40 676 34 677 213 678 212 679 215 680 212 681 216 682 215 683 563 684 531 685 562 686 531 687 532 688 562 689 556 690 525 691 555 692 525 693 526 694 555 695 564 696 550 697 563 698 550 699 531 700 563 701 557 702 549 703 556 704 549 705 525 706 556 707 555 708 526 709 554 710 526 711 546 712 554 713 553 714 551 715 567 716 551 717 527 718 567 719 566 720 528 721 565 722 528 723 539 724 565 725 554 726 546 727 552 728 546 729 547 730 552 731 561 732 533 733 560 734 533 735 548 736 560 737 562 738 532 739 561 740 532 741 533 742 561 743 559 744 537 745 558 746 537 747 538 748 558 749 558 750 538 751 557 752 538 753 549 754 557 755 567 756 527 757 566 758 527 759 528 760 566 761 560 762 548 763 559 764 548 765 537 766 559 767 552 768 547 769 553 770 547 771 551 772 553 773 565 774 539 775 564 776 539 777 550 778 564 779 545 780 544 781 36 782 544 783 37 784 36 785 534 786 545 787 47 788 545 789 36 790 47 791 506 792 77 793 523 794 77 795 76 796 523 797 263 798 255 799 264 800 260 801 255 802 261 803 257 804 255 805 258 806 268 807 255 808 269 809 258 810 255 811 259 812 261 813 255 814 262 815 266 816 255 817 267 818 270 819 255 820 271 821 262 822 255 823 263 824 256 825 255 826 257 827 264 828 255 829 265 830 269 831 255 832 270 833 259 834 255 835 260 836 267 837 255 838 268 839 265 840 255 841 266 842 271 843 255 844 256 845 17 846 18 847 462 848 18 849 460 850 462 851 178 852 177 853 179 854 177 855 176 856 179 857 513 858 181 859 125 860 182 861 126 862 181 863 126 864 125 865 181 866 280 867 580 868 281 869 580 870 297 871 281 872 278 873 294 874 279 875 294 876 579 877 279 878 272 879 569 880 273 881 569 882 289 883 273 884 283 885 583 886 284 887 583 888 584 889 284 890 583 891 283 892 582 893 283 894 282 895 582 896 303 897 569 898 287 899 569 900 272 901 287 902 276 903 292 904 456 905 275 906 571 907 276 908 571 909 572 910 276 911 578 912 304 913 577 914 304 915 305 916 577 917 301 918 285 919 584 920 285 921 284 922 584 923 571 924 275 925 290 926 275 927 274 928 290 929 586 930 286 931 301 932 286 933 285 934 301 935 303 936 287 937 586 938 287 939 286 940 586 941 579 942 580 943 279 944 580 945 280 946 279 947 582 948 282 949 297 950 282 951 281 952 297 953 290 954 274 955 289 956 274 957 273 958 289 959 278 960 277 961 294 962 277 963 293 964 294 965 577 966 305 967 295 968 305 969 306 970 295 971 176 972 509 973 166 974 509 975 507 976 166 977 512 978 509 979 177 980 509 981 176 982 177 983 291 984 225 985 455 986 225 987 454 988 455 989 152 990 117 991 229 992 117 993 162 994 229 995 570 996 224 997 291 998 224 999 225 1000 291 1001 170 1002 508 1003 171 1004 508 1005 542 1006 171 1007 229 1008 230 1009 152 1010 230 1011 156 1012 152 1013 230 1014 223 1015 156 1016 223 1017 221 1018 156 1019 231 1020 225 1021 232 1022 225 1023 224 1024 232 1025 225 1026 231 1027 454 1028 231 1029 588 1030 454 1031 172 1032 231 1033 228 1034 231 1035 232 1036 228 1037 228 1038 232 1039 229 1040 232 1041 230 1042 229 1043 155 1044 154 1045 245 1046 154 1047 220 1048 245 1049 300 1050 220 1051 585 1052 220 1053 154 1054 585 1055 585 1056 154 1057 302 1058 154 1059 160 1060 302 1061 119 1062 113 1063 118 1064 113 1065 115 1066 118 1067 113 1068 114 1069 115 1070 114 1071 116 1072 115 1073 21 1074 18 1075 121 1076 18 1077 118 1078 121 1079 153 1080 116 1081 158 1082 116 1083 114 1084 158 1085 158 1086 222 1087 153 1088 222 1089 160 1090 153 1091 15 1092 14 1093 120 1094 14 1095 122 1096 120 1097 152 1098 159 1099 117 1100 159 1101 112 1102 117 1103 156 1104 157 1105 152 1106 157 1107 159 1108 152 1109 117 1110 112 1111 122 1112 112 1113 120 1114 122 1115 122 1116 14 1117 163 1118 14 1119 161 1120 163 1121 182 1122 161 1123 126 1124 161 1125 14 1126 126 1127 222 1128 158 1129 157 1130 156 1131 221 1132 157 1133 221 1134 222 1135 157 1136 104 1137 151 1138 105 1139 151 1140 145 1141 105 1142 30 1143 27 1144 29 1145 27 1146 28 1147 29 1148 20 1149 23 1150 19 1151 23 1152 41 1153 19 1154 31 1155 28 1156 49 1157 28 1158 48 1159 49 1160 81 1161 60 1162 80 1163 60 1164 62 1165 80 1166 18 1167 21 1168 460 1169 21 1170 463 1171 460 1172 288 1173 221 1174 568 1175 221 1176 223 1177 568 1178 587 1179 222 1180 288 1181 222 1182 221 1183 288 1184 183 1185 187 1186 241 1187 241 1188 187 1189 203 1190 187 1191 148 1192 203 1193 296 1194 251 1195 581 1196 251 1197 252 1198 581 1199 251 1200 250 1201 252 1202 250 1203 244 1204 252 1205 243 1206 242 1207 250 1208 242 1209 244 1210 250 1211 245 1212 219 1213 155 1214 219 1215 111 1216 155 1217 295 1218 306 1219 296 1220 306 1221 251 1222 296 1223 30 1224 69 1225 27 1226 69 1227 55 1228 27 1229 216 1230 205 1231 214 1232 205 1233 206 1234 214 1235 68 1236 67 1237 65 1238 67 1239 64 1240 65 1241 254 1242 252 1243 247 1244 252 1245 244 1246 247 1247 32 1248 22 1249 31 1250 22 1251 25 1252 31 1253 246 1254 248 1255 245 1256 248 1257 219 1258 245 1259 242 1260 249 1261 244 1262 249 1263 247 1264 244 1265 209 1266 208 1267 215 1268 208 1269 213 1270 215 1271 217 1272 218 1273 210 1274 218 1275 211 1276 210 1277 209 1278 215 1279 217 1280 215 1281 218 1282 217 1283 218 1284 214 1285 211 1286 214 1287 204 1288 211 1289 213 1290 208 1291 249 1292 208 1293 248 1294 249 1295 215 1296 216 1297 218 1298 216 1299 214 1300 218 1301 212 1302 213 1303 242 1304 213 1305 249 1306 242 1307 32 1308 26 1309 22 1310 26 1311 24 1312 22 1313 253 1314 254 1315 246 1316 254 1317 247 1318 246 1319 249 1320 248 1321 247 1322 248 1323 246 1324 247 1325 25 1326 29 1327 31 1328 29 1329 28 1330 31 1331 64 1332 67 1333 60 1334 67 1335 63 1336 60 1337 299 1338 253 1339 300 1340 253 1341 220 1342 300 1343 246 1344 245 1345 253 1346 245 1347 220 1348 253 1349 581 1350 252 1351 298 1352 252 1353 254 1354 298 1355 298 1356 254 1357 299 1358 254 1359 253 1360 299 1361 204 1362 214 1363 203 1364 214 1365 206 1366 203 1367 543 1368 142 1369 189 1370 481 1371 543 1372 194 1373 58 1374 57 1375 59 1376 57 1377 56 1378 59 1379 58 1380 471 1381 54 1382 471 1383 469 1384 54 1385 52 1386 53 1387 33 1388 53 1389 40 1390 33 1391 71 1392 85 1393 78 1394 85 1395 81 1396 78 1397 84 1398 85 1399 72 1400 85 1401 71 1402 72 1403 43 1404 42 1405 48 1406 42 1407 44 1408 48 1409 82 1410 83 1411 74 1412 83 1413 73 1414 74 1415 53 1416 37 1417 39 1418 37 1419 38 1420 39 1421 52 1422 33 1423 51 1424 33 1425 26 1426 51 1427 16 1428 19 1429 39 1430 19 1431 41 1432 39 1433 39 1434 41 1435 53 1436 41 1437 40 1438 53 1439 44 1440 45 1441 48 1442 45 1443 49 1444 48 1445 43 1446 82 1447 42 1448 82 1449 74 1450 42 1451 43 1452 27 1453 82 1454 27 1455 55 1456 82 1457 28 1458 27 1459 48 1460 27 1461 43 1462 48 1463 50 1464 51 1465 32 1466 51 1467 26 1468 32 1469 66 1470 65 1471 83 1472 65 1473 84 1474 83 1475 55 1476 66 1477 82 1478 66 1479 83 1480 82 1481 80 1482 79 1483 77 1484 79 1485 76 1486 77 1487 78 1488 81 1489 77 1490 81 1491 80 1492 77 1493 64 1494 60 1495 85 1496 60 1497 81 1498 85 1499 36 1500 37 1501 52 1502 37 1503 53 1504 52 1505 79 1506 57 1507 54 1508 57 1509 58 1510 54 1511 80 1512 62 1513 79 1514 62 1515 57 1516 79 1517 65 1518 64 1519 84 1520 64 1521 85 1522 84 1523 32 1524 31 1525 50 1526 31 1527 49 1528 50 1529 83 1530 84 1531 73 1532 84 1533 72 1534 73 1535 49 1536 45 1537 50 1538 45 1539 46 1540 50 1541 16 1542 39 1543 13 1544 39 1545 38 1546 13 1547 17 1548 462 1549 15 1550 462 1551 461 1552 15 1553 14 1554 15 1555 126 1556 15 1557 461 1558 126 1559 145 1560 149 1561 147 1562 149 1563 150 1564 147 1565 126 1566 461 1567 125 1568 461 1569 475 1570 125 1571 106 1572 147 1573 107 1574 147 1575 146 1576 107 1577 148 1578 146 1579 150 1580 146 1581 147 1582 150 1583 54 1584 469 1585 75 1586 469 1587 473 1588 75 1589 188 1590 589 1591 199 1592 589 1593 501 1594 199 1595 311 1596 309 1597 239 1598 309 1599 237 1600 239 1601 234 1602 236 1603 188 1604 236 1605 233 1606 188 1607 207 1608 239 1609 205 1610 239 1611 238 1612 205 1613 186 1614 107 1615 202 1616 107 1617 146 1618 202 1619 481 1620 194 1621 480 1622 194 1623 191 1624 480 1625 199 1626 501 1627 190 1628 501 1629 502 1630 190 1631 666 1632 665 1633 323 1634 234 1635 188 1636 183 1637 146 1638 148 1639 202 1640 148 1641 187 1642 202 1643 313 1644 591 1645 308 1646 591 1647 590 1648 308 1649 309 1650 308 1651 237 1652 308 1653 235 1654 237 1655 205 1656 238 1657 206 1658 238 1659 240 1660 206 1661 203 1662 206 1663 241 1664 206 1665 240 1666 241 1667 238 1668 236 1669 240 1670 236 1671 234 1672 240 1673 304 1674 457 1675 313 1676 457 1677 591 1678 313 1679 240 1680 234 1681 241 1682 234 1683 183 1684 241 1685 308 1686 590 1687 235 1688 590 1689 589 1690 235 1691 305 1692 304 1693 312 1694 304 1695 313 1696 312 1697 312 1698 313 1699 309 1700 313 1701 308 1702 309 1703 238 1704 239 1705 236 1706 239 1707 237 1708 236 1709 236 1710 237 1711 233 1712 237 1713 235 1714 233 1715 314 1716 312 1717 311 1718 312 1719 309 1720 311 1721 311 1722 239 1723 243 1724 239 1725 207 1726 243 1727 306 1728 305 1729 314 1730 305 1731 312 1732 314 1733 306 1734 314 1735 251 1736 314 1737 250 1738 251 1739 250 1740 314 1741 243 1742 314 1743 311 1744 243 1745 200 1746 307 1747 173 1748 307 1749 459 1750 173 1751 325 1752 201 1753 167 1754 201 1755 174 1756 167 1757 596 1758 597 1759 140 1760 597 1761 141 1762 140 1763 137 1764 595 1765 139 1766 595 1767 596 1768 139 1769 173 1770 174 1771 200 1772 174 1773 201 1774 200 1775 325 1776 603 1777 201 1778 603 1779 195 1780 201 1781 606 1782 605 1783 344 1784 605 1785 343 1786 344 1787 602 1788 324 1789 340 1790 324 1791 339 1792 340 1793 136 1794 317 1795 137 1796 317 1797 595 1798 137 1799 330 1800 129 1801 128 1802 594 1803 316 1804 333 1805 316 1806 332 1807 333 1808 604 1809 326 1810 342 1811 326 1812 341 1813 342 1814 167 1815 165 1816 325 1817 165 1818 601 1819 325 1820 318 1821 594 1822 334 1823 594 1824 333 1825 334 1826 330 1827 593 1828 129 1829 593 1830 130 1831 129 1832 124 1833 123 1834 598 1835 123 1836 597 1837 598 1838 315 1839 607 1840 331 1841 607 1842 345 1843 331 1844 165 1845 164 1846 601 1847 164 1848 600 1849 601 1850 593 1851 592 1852 132 1853 592 1854 131 1855 132 1856 320 1857 319 1858 336 1859 319 1860 335 1861 336 1862 132 1863 130 1864 593 1865 599 1866 321 1867 338 1868 321 1869 337 1870 338 1871 164 1872 180 1873 600 1874 180 1875 322 1876 600 1877 180 1878 124 1879 322 1880 124 1881 598 1882 322 1883 674 1884 102 1885 673 1886 326 1887 602 1888 341 1889 602 1890 340 1891 341 1892 134 1893 131 1894 592 1895 328 1896 329 1897 197 1898 329 1899 127 1900 197 1901 607 1902 606 1903 345 1904 606 1905 344 1906 345 1907 133 1908 592 1909 135 1910 592 1911 317 1912 135 1913 605 1914 604 1915 343 1916 604 1917 342 1918 343 1919 307 1920 310 1921 459 1922 310 1923 458 1924 459 1925 597 1926 123 1927 141 1928 327 1929 328 1930 196 1931 328 1932 197 1933 196 1934 596 1935 140 1936 138 1937 195 1938 603 1939 196 1940 603 1941 327 1942 196 1943 321 1944 320 1945 337 1946 320 1947 336 1948 337 1949 136 1950 135 1951 317 1952 133 1953 134 1954 592 1955 316 1956 315 1957 332 1958 315 1959 331 1960 332 1961 329 1962 330 1963 127 1964 330 1965 128 1966 127 1967 139 1968 596 1969 138 1970 319 1971 318 1972 335 1973 318 1974 334 1975 335 1976 109 1977 209 1978 217 1979 109 1980 219 1981 208 1982 219 1983 248 1984 208 1985 217 1986 210 1987 109 1988 210 1989 144 1990 109 1991 109 1992 208 1993 209 1994 144 1995 151 1996 109 1997 151 1998 110 1999 109 2000 346 2001 30 2002 29 2003 346 2004 70 2005 69 2006 68 2007 70 2008 346 2009 68 2010 346 2011 67 2012 67 2013 346 2014 63 2015 63 2016 346 2017 61 2018 61 2019 346 2020 56 2021 56 2022 346 2023 59 2024 346 2025 29 2026 25 2027 20 2028 346 2029 23 2030 346 2031 25 2032 22 2033 23 2034 346 2035 34 2036 346 2037 22 2038 24 2039 34 2040 346 2041 35 2042 35 2043 346 2044 24 2045 346 2046 69 2047 30 2048 623 2049 349 2050 624 2051 349 2052 353 2053 624 2054 407 2055 348 2056 408 2057 348 2058 352 2059 408 2060 348 2061 347 2062 352 2063 347 2064 351 2065 352 2066 624 2067 353 2068 627 2069 353 2070 357 2071 627 2072 408 2073 352 2074 409 2075 352 2076 356 2077 409 2078 352 2079 351 2080 356 2081 351 2082 355 2083 356 2084 627 2085 357 2086 629 2087 357 2088 361 2089 629 2090 409 2091 356 2092 410 2093 356 2094 360 2095 410 2096 356 2097 355 2098 360 2099 355 2100 359 2101 360 2102 629 2103 361 2104 631 2105 361 2106 365 2107 631 2108 410 2109 360 2110 411 2111 360 2112 364 2113 411 2114 360 2115 359 2116 364 2117 359 2118 363 2119 364 2120 631 2121 365 2122 633 2123 365 2124 369 2125 633 2126 411 2127 364 2128 412 2129 364 2130 368 2131 412 2132 364 2133 363 2134 368 2135 363 2136 367 2137 368 2138 633 2139 369 2140 635 2141 369 2142 373 2143 635 2144 412 2145 368 2146 413 2147 368 2148 372 2149 413 2150 368 2151 367 2152 372 2153 367 2154 371 2155 372 2156 635 2157 373 2158 637 2159 373 2160 377 2161 637 2162 413 2163 372 2164 414 2165 372 2166 376 2167 414 2168 372 2169 371 2170 376 2171 371 2172 375 2173 376 2174 637 2175 377 2176 639 2177 377 2178 381 2179 639 2180 414 2181 376 2182 415 2183 376 2184 380 2185 415 2186 376 2187 375 2188 380 2189 375 2190 379 2191 380 2192 639 2193 381 2194 641 2195 381 2196 385 2197 641 2198 415 2199 380 2200 416 2201 380 2202 384 2203 416 2204 380 2205 379 2206 384 2207 379 2208 383 2209 384 2210 641 2211 385 2212 643 2213 385 2214 389 2215 643 2216 416 2217 384 2218 417 2219 384 2220 388 2221 417 2222 384 2223 383 2224 388 2225 383 2226 387 2227 388 2228 643 2229 389 2230 394 2231 389 2232 393 2233 394 2234 417 2235 388 2236 418 2237 388 2238 392 2239 418 2240 388 2241 387 2242 392 2243 387 2244 391 2245 392 2246 482 2247 540 2248 671 2249 540 2250 650 2251 671 2252 482 2253 671 2254 102 2255 324 2256 323 2257 682 2258 521 2259 89 2260 648 2261 89 2262 668 2263 648 2264 599 2265 338 2266 683 2267 683 2268 666 2269 599 2270 398 2271 397 2272 652 2273 397 2274 401 2275 652 2276 419 2277 396 2278 420 2279 396 2280 400 2281 420 2282 396 2283 395 2284 400 2285 395 2286 399 2287 400 2288 652 2289 401 2290 655 2291 401 2292 405 2293 655 2294 420 2295 400 2296 421 2297 400 2298 404 2299 421 2300 400 2301 399 2302 404 2303 399 2304 403 2305 404 2306 655 2307 405 2308 623 2309 405 2310 349 2311 623 2312 421 2313 404 2314 407 2315 404 2316 348 2317 407 2318 404 2319 403 2320 348 2321 403 2322 347 2323 348 2324 378 2325 382 2326 3 2327 382 2328 2 2329 3 2330 10 2331 350 2332 9 2333 350 2334 354 2335 9 2336 4 2337 5 2338 374 2339 5 2340 370 2341 374 2342 2 2343 382 2344 1 2345 382 2346 386 2347 1 2348 390 2349 0 2350 386 2351 0 2352 1 2353 386 2354 406 2355 350 2356 11 2357 350 2358 10 2359 11 2360 338 2361 663 2362 683 2363 366 2364 6 2365 362 2366 6 2367 7 2368 362 2369 681 2370 659 2371 339 2372 362 2373 7 2374 358 2375 7 2376 8 2377 358 2378 406 2379 11 2380 402 2381 11 2382 12 2383 402 2384 358 2385 8 2386 354 2387 8 2388 9 2389 354 2390 599 2391 666 2392 323 2393 374 2394 378 2395 4 2396 378 2397 3 2398 4 2399 366 2400 370 2401 6 2402 370 2403 5 2404 6 2405 405 2406 421 2407 349 2408 421 2409 407 2410 349 2411 401 2412 420 2413 405 2414 420 2415 421 2416 405 2417 397 2418 419 2419 401 2420 419 2421 420 2422 401 2423 615 2424 660 2425 646 2426 660 2427 657 2428 646 2429 653 2430 661 2431 616 2432 661 2433 664 2434 616 2435 389 2436 417 2437 393 2438 417 2439 418 2440 393 2441 385 2442 416 2443 389 2444 416 2445 417 2446 389 2447 381 2448 415 2449 385 2450 415 2451 416 2452 385 2453 377 2454 414 2455 381 2456 414 2457 415 2458 381 2459 373 2460 413 2461 377 2462 413 2463 414 2464 377 2465 369 2466 412 2467 373 2468 412 2469 413 2470 373 2471 365 2472 411 2473 369 2474 411 2475 412 2476 369 2477 361 2478 410 2479 365 2480 410 2481 411 2482 365 2483 357 2484 409 2485 361 2486 409 2487 410 2488 361 2489 353 2490 408 2491 357 2492 408 2493 409 2494 357 2495 349 2496 407 2497 353 2498 407 2499 408 2500 353 2501 645 2502 669 2503 649 2504 651 2505 647 2506 690 2507 667 2508 668 2509 88 2510 673 2511 102 2512 672 2513 675 2514 88 2515 489 2516 88 2517 668 2518 89 2519 489 2520 88 2521 488 2522 88 2523 87 2524 488 2525 88 2526 675 2527 667 2528 672 2529 102 2530 671 2531 102 2532 674 2533 87 2534 674 2535 488 2536 87 2537 393 2538 676 2539 394 2540 676 2541 670 2542 394 2543 418 2544 677 2545 393 2546 677 2547 676 2548 393 2549 392 2550 678 2551 418 2552 678 2553 677 2554 418 2555 391 2556 679 2557 392 2558 679 2559 678 2560 392 2561 679 2562 391 2563 680 2564 391 2565 658 2566 680 2567 662 2568 395 2569 684 2570 684 2571 395 2572 685 2573 396 2574 686 2575 395 2576 686 2577 685 2578 395 2579 419 2580 687 2581 396 2582 687 2583 686 2584 396 2585 397 2586 688 2587 419 2588 688 2589 687 2590 419 2591 398 2592 689 2593 397 2594 689 2595 688 2596 397 2597 427 2598 426 2599 443 2600 426 2601 442 2602 443 2603 428 2604 427 2605 444 2606 427 2607 443 2608 444 2609 426 2610 425 2611 442 2612 425 2613 441 2614 442 2615 429 2616 428 2617 445 2618 428 2619 444 2620 445 2621 431 2622 430 2623 449 2624 430 2625 448 2626 449 2627 424 2628 423 2629 438 2630 423 2631 437 2632 438 2633 439 2634 440 2635 438 2636 438 2637 440 2638 424 2639 425 2640 424 2641 441 2642 424 2643 440 2644 441 2645 430 2646 429 2647 446 2648 429 2649 445 2650 446 2651 447 2652 448 2653 446 2654 448 2655 430 2656 446 2657 431 2658 449 2659 450 2660 431 2661 451 2662 432 2663 451 2664 452 2665 432 2666 433 2667 434 2668 422 2669 434 2670 423 2671 422 2672 451 2673 431 2674 450 2675 452 2676 453 2677 432 2678 423 2679 434 2680 435 2681 437 2682 423 2683 436 2684 423 2685 435 2686 436 2687 125 2688 475 2689 513 2690 475 2691 13 2692 513 2693 473 2694 142 2695 75 2696 142 2697 543 2698 75 2699 458 2700 310 2701 226 2702 310 2703 692 2704 226 2705 573 2706 691 2707 576 2708 691 2709 226 2710 576 2711 575 2712 457 2713 578 2714 457 2715 304 2716 578 2717 227 2718 458 2719 691 2720 458 2721 226 2722 691 2723 459 2724 458 2725 173 2726 458 2727 227 2728 173 2729 589 2730 188 2731 235 2732 188 2733 233 2734 235 2735 461 2736 462 2737 475 2738 462 2739 477 2740 475 2741 462 2742 460 2743 477 2744 460 2745 474 2746 477 2747 466 2748 465 2749 105 2750 465 2751 104 2752 105 2753 464 2754 463 2755 103 2756 463 2757 21 2758 103 2759 463 2760 468 2761 470 2762 474 2763 460 2764 463 2765 470 2766 476 2767 474 2768 463 2769 470 2770 474 2771 467 2772 466 2773 106 2774 466 2775 105 2776 106 2777 464 2778 465 2779 472 2780 465 2781 471 2782 472 2783 464 2784 472 2785 468 2786 469 2787 471 2788 466 2789 471 2790 465 2791 466 2792 468 2793 463 2794 464 2795 473 2796 469 2797 467 2798 469 2799 466 2800 467 2801 467 2802 143 2803 473 2804 143 2805 142 2806 473 2807 472 2808 471 2809 59 2810 471 2811 58 2812 59 2813 476 2814 470 2815 468 2816 468 2817 346 2818 20 2819 468 2820 20 2821 476 2822 468 2823 472 2824 346 2825 472 2826 59 2827 346 2828 475 2829 477 2830 13 2831 477 2832 16 2833 13 2834 474 2835 476 2836 19 2837 476 2838 20 2839 19 2840 477 2841 474 2842 16 2843 474 2844 19 2845 16 2846 456 2847 293 2848 276 2849 293 2850 277 2851 276 2852 276 2853 572 2854 292 2855</p>
				</triangles>
			</mesh>
		</geometry>
		<geometry id="3626v2-mesh" name="3626v2">
			<mesh>
				<source id="3626v2-mesh-positions">
					<float_array id="3626v2-mesh-positions-array" count="2070">4.839 8.322 1.297 4.585 8.837 1.229 4.19 9.247 1.123 3.691 9.509 0.989 3.139 9.58 0.841 3.691 1.191 0.989 4.19 1.453 1.123 4.585 1.863 1.229 4.839 2.378 1.297 2.318 8.5 0.621 2.318 9.58 0.621 4.926 7.75 1.32 4.926 2.95 1.32 3.139 1.1 0.841 3.139 0.02 0.841 2.318 0.02 0.621 2.078 0.02 1.2 2.815 0.02 1.625 2.815 1.1 1.625 4.417 2.95 2.55 4.417 7.75 2.55 2.078 9.58 1.2 2.078 8.5 1.2 4.338 2.378 2.505 4.111 1.863 2.373 3.756 1.453 2.169 3.31 1.191 1.911 2.815 9.58 1.625 3.31 9.509 1.911 3.756 9.247 2.169 4.111 8.837 2.373 4.338 8.322 2.505 3.542 8.322 3.542 3.356 8.837 3.356 3.067 9.247 3.067 2.702 9.509 2.702 2.298 9.58 2.298 2.702 1.191 2.702 3.067 1.453 3.067 3.356 1.863 3.356 3.542 2.378 3.542 1.697 8.5 1.697 1.697 9.58 1.697 3.606 7.75 3.606 3.606 2.95 3.606 2.298 1.1 2.298 2.298 0.02 2.298 1.697 0.02 1.697 1.2 0.02 2.078 1.625 0.02 2.815 1.625 1.1 2.815 2.55 2.95 4.417 2.55 7.75 4.417 1.2 9.58 2.078 1.2 8.5 2.078 2.505 2.378 4.338 2.373 1.863 4.111 2.169 1.453 3.756 1.911 1.191 3.31 1.625 9.58 2.815 1.911 9.509 3.31 2.169 9.247 3.756 2.373 8.837 4.111 2.505 8.322 4.338 1.297 8.322 4.839 1.229 8.837 4.585 1.123 9.247 4.19 0.989 9.509 3.691 0.841 9.58 3.139 0.989 1.191 3.691 1.123 1.453 4.19 1.229 1.863 4.585 1.297 2.378 4.839 0.621 8.5 2.318 0.621 9.58 2.318 1.32 7.75 4.926 1.32 2.95 4.926 0.841 1.1 3.139 0.841 0.02 3.139 0.621 0.02 2.318 4.926 7.7 1.32 4.417 7.7 2.55 3.606 7.7 3.606 2.55 7.7 4.417 1.32 7.7 4.926 4.926 3 1.32 3.606 3 3.606 1.32 3 4.926 4.417 3 2.55 2.55 3 4.417 -4.839 8.322 1.297 -4.585 8.837 1.229 -4.19 9.247 1.123 -3.691 9.509 0.989 -3.139 9.58 0.841 -3.691 1.191 0.989 -4.19 1.453 1.123 -4.585 1.863 1.229 -4.839 2.378 1.297 -2.318 8.5 0.621 -2.318 9.58 0.621 -4.926 7.75 1.32 -4.926 2.95 1.32 -3.139 1.1 0.841 -3.139 0.02 0.841 -2.318 0.02 0.621 -2.078 0.02 1.2 -2.815 0.02 1.625 -2.815 1.1 1.625 -4.417 2.95 2.55 -4.417 7.75 2.55 -2.078 9.58 1.2 -2.078 8.5 1.2 -4.338 2.378 2.505 -4.111 1.863 2.373 -3.756 1.453 2.169 -3.31 1.191 1.911 -2.815 9.58 1.625 -3.31 9.509 1.911 -3.756 9.247 2.169 -4.111 8.837 2.373 -4.338 8.322 2.505 -3.542 8.322 3.542 -3.356 8.837 3.356 -3.067 9.247 3.067 -2.702 9.509 2.702 -2.298 9.58 2.298 -2.702 1.191 2.702 -3.067 1.453 3.067 -3.356 1.863 3.356 -3.542 2.378 3.542 -1.697 8.5 1.697 -1.697 9.58 1.697 -3.606 7.75 3.606 -3.606 2.95 3.606 -2.298 1.1 2.298 -2.298 0.02 2.298 -1.697 0.02 1.697 -1.2 0.02 2.078 -1.625 0.02 2.815 -1.625 1.1 2.815 -2.55 2.95 4.417 -2.55 7.75 4.417 -1.2 9.58 2.078 -1.2 8.5 2.078 -2.505 2.378 4.338 -2.373 1.863 4.111 -2.169 1.453 3.756 -1.911 1.191 3.31 -1.625 9.58 2.815 -1.911 9.509 3.31 -2.169 9.247 3.756 -2.373 8.837 4.111 -2.505 8.322 4.338 -1.297 8.322 4.839 -1.229 8.837 4.585 -1.123 9.247 4.19 -0.989 9.509 3.691 -0.841 9.58 3.139 -0.989 1.191 3.691 -1.123 1.453 4.19 -1.229 1.863 4.585 -1.297 2.378 4.839 -0.621 8.5 2.318 -0.621 9.58 2.318 -1.32 7.75 4.926 -1.32 2.95 4.926 -0.841 1.1 3.139 -0.841 0.02 3.139 -0.621 0.02 2.318 0 0.02 2.4 0 0.02 3.25 0 1.1 3.25 0 2.95 5.1 0 7.75 5.1 0 9.58 2.4 0 8.5 2.4 0 2.378 5.009 0 1.863 4.747 0 1.453 4.337 0 1.191 3.822 0 9.58 3.25 0 9.509 3.822 0 9.247 4.337 0 8.837 4.747 0 8.322 5.009 -4.926 7.7 1.32 -4.417 7.7 2.55 -3.606 7.7 3.606 -2.55 7.7 4.417 -1.32 7.7 4.926 0 7.7 5.1 -4.926 3 1.32 -3.606 3 3.606 -1.32 3 4.926 -4.417 3 2.55 -2.55 3 4.417 0 3 5.1 4.337 9.247 0 4.839 8.322 -1.297 4.585 8.837 -1.229 4.19 9.247 -1.123 3.691 9.509 -0.989 3.139 9.58 -0.841 3.691 1.191 -0.989 4.19 1.453 -1.123 4.585 1.863 -1.229 4.839 2.378 -1.297 2.318 8.5 -0.621 2.318 9.58 -0.621 4.926 7.75 -1.32 4.926 2.95 -1.32 3.139 1.1 -0.841 3.139 0.02 -0.841 2.318 0.02 -0.621 2.078 0.02 -1.2 2.815 0.02 -1.625 2.815 1.1 -1.625 4.417 2.95 -2.55 4.417 7.75 -2.55 2.078 9.58 -1.2 2.078 8.5 -1.2 4.338 2.378 -2.505 4.111 1.863 -2.373 3.756 1.453 -2.169 3.31 1.191 -1.911 2.815 9.58 -1.625 3.31 9.509 -1.911 3.756 9.247 -2.169 4.111 8.837 -2.373 4.338 8.322 -2.505 3.542 8.322 -3.542 3.356 8.837 -3.356 3.067 9.247 -3.067 2.702 9.509 -2.702 2.298 9.58 -2.298 2.702 1.191 -2.702 3.067 1.453 -3.067 3.356 1.863 -3.356 3.542 2.378 -3.542 1.697 8.5 -1.697 1.697 9.58 -1.697 3.606 7.75 -3.606 3.606 2.95 -3.606 2.298 1.1 -2.298 2.298 0.02 -2.298 1.697 0.02 -1.697 1.2 0.02 -2.078 1.625 0.02 -2.815 1.625 1.1 -2.815 2.55 2.95 -4.417 2.55 7.75 -4.417 1.2 9.58 -2.078 1.2 8.5 -2.078 2.505 2.378 -4.338 2.373 1.863 -4.111 2.169 1.453 -3.756 1.911 1.191 -3.31 1.625 9.58 -2.815 1.911 9.509 -3.31 2.169 9.247 -3.756 2.373 8.837 -4.111 2.505 8.322 -4.338 1.297 8.322 -4.839 1.229 8.837 -4.585 1.123 9.247 -4.19 0.989 9.509 -3.691 0.841 9.58 -3.139 0.989 1.191 -3.691 1.123 1.453 -4.19 1.229 1.863 -4.585 1.297 2.378 -4.839 0.621 8.5 -2.318 0.621 9.58 -2.318 1.32 7.75 -4.926 1.32 2.95 -4.926 0.841 1.1 -3.139 0.841 0.02 -3.139 0.621 0.02 -2.318 2.4 0.02 0 3.25 0.02 0 3.25 1.1 0 5.1 2.95 0 5.1 7.75 0 2.4 9.58 0 2.4 8.5 0 5.009 2.378 0 4.747 1.863 0 4.337 1.453 0 3.822 1.191 0 3.25 9.58 0 3.822 9.509 0 4.747 8.837 0 5.009 8.322 0 4.926 7.7 -1.32 4.417 7.7 -2.55 3.606 7.7 -3.606 2.55 7.7 -4.417 1.32 7.7 -4.926 5.1 7.7 0 4.926 3 -1.32 3.606 3 -3.606 1.32 3 -4.926 4.417 3 -2.55 2.55 3 -4.417 5.1 3 0 -4.337 9.247 0 -4.839 8.322 -1.297 -4.585 8.837 -1.229 -4.19 9.247 -1.123 -3.691 9.509 -0.989 -3.139 9.58 -0.841 -3.691 1.191 -0.989 -4.19 1.453 -1.123 -4.585 1.863 -1.229 -4.839 2.378 -1.297 -2.318 8.5 -0.621 0 8.5 0 -2.318 9.58 -0.621 -4.926 7.75 -1.32 -4.926 2.95 -1.32 -3.139 1.1 -0.841 -3.139 0.02 -0.841 -2.318 0.02 -0.621 -2.078 0.02 -1.2 -2.815 0.02 -1.625 -2.815 1.1 -1.625 -4.417 2.95 -2.55 -4.417 7.75 -2.55 -2.078 9.58 -1.2 -2.078 8.5 -1.2 -4.338 2.378 -2.505 -4.111 1.863 -2.373 -3.756 1.453 -2.169 -3.31 1.191 -1.911 -2.815 9.58 -1.625 -3.31 9.509 -1.911 -3.756 9.247 -2.169 -4.111 8.837 -2.373 -4.338 8.322 -2.505 -3.542 8.322 -3.542 -3.356 8.837 -3.356 -3.067 9.247 -3.067 -2.702 9.509 -2.702 -2.298 9.58 -2.298 -2.702 1.191 -2.702 -3.067 1.453 -3.067 -3.356 1.863 -3.356 -3.542 2.378 -3.542 -1.697 8.5 -1.697 -1.697 9.58 -1.697 -3.606 7.75 -3.606 -3.606 2.95 -3.606 -2.298 1.1 -2.298 -2.298 0.02 -2.298 -1.697 0.02 -1.697 -1.2 0.02 -2.078 -1.625 0.02 -2.815 -1.625 1.1 -2.815 -2.55 2.95 -4.417 -2.55 7.75 -4.417 -1.2 9.58 -2.078 -1.2 8.5 -2.078 -2.505 2.378 -4.338 -2.373 1.863 -4.111 -2.169 1.453 -3.756 -1.911 1.191 -3.31 -1.625 9.58 -2.815 -1.911 9.509 -3.31 -2.169 9.247 -3.756 -2.373 8.837 -4.111 -2.505 8.322 -4.338 -1.297 8.322 -4.839 -1.229 8.837 -4.585 -1.123 9.247 -4.19 -0.989 9.509 -3.691 -0.841 9.58 -3.139 -0.989 1.191 -3.691 -1.123 1.453 -4.19 -1.229 1.863 -4.585 -1.297 2.378 -4.839 -0.621 8.5 -2.318 -0.621 9.58 -2.318 -1.32 7.75 -4.926 -1.32 2.95 -4.926 -0.841 1.1 -3.139 -0.841 0.02 -3.139 -0.621 0.02 -2.318 0 0.02 -2.4 0 0.02 -3.25 0 1.1 -3.25 0 2.95 -5.1 0 7.75 -5.1 0 9.58 -2.4 0 8.5 -2.4 0 2.378 -5.009 0 1.863 -4.747 0 1.453 -4.337 0 1.191 -3.822 0 9.58 -3.25 0 9.509 -3.822 0 9.247 -4.337 0 8.837 -4.747 0 8.322 -5.009 0 9.58 0 -2.4 0.02 0 -3.25 0.02 0 -3.25 1.1 0 -5.1 2.95 0 -5.1 7.75 0 -2.4 9.58 0 -2.4 8.5 0 -5.009 2.378 0 -4.747 1.863 0 -4.337 1.453 0 -3.822 1.191 0 -3.25 9.58 0 -3.822 9.509 0 -4.747 8.837 0 -5.009 8.322 0 -4.926 7.7 -1.32 -4.417 7.7 -2.55 -3.606 7.7 -3.606 -2.55 7.7 -4.417 -1.32 7.7 -4.926 0 7.7 -5.1 -5.1 7.7 0 -4.926 3 -1.32 -3.606 3 -3.606 -1.32 3 -4.926 -4.417 3 -2.55 -2.55 3 -4.417 0 3 -5.1 -5.1 3 0 2.318 0.02 0.621 2.078 0.02 1.2 3.139 0.02 0.841 2.815 0.02 1.625 3.139 1.1 0.841 2.815 1.1 1.625 2.318 8.5 0.621 2.078 8.5 1.2 2.298 1.1 2.298 1.697 0.02 1.697 1.697 8.5 1.697 2.298 0.02 2.298 1.2 0.02 2.078 1.625 0.02 2.815 1.625 1.1 2.815 1.2 8.5 2.078 0.841 1.1 3.139 0.621 0.02 2.318 0.621 8.5 2.318 0.841 0.02 3.139 0 0.02 2.4 0 0.02 3.25 0 1.1 3.25 0 8.5 2.4 3.25 0.02 0 2.4 8.5 0 2.4 0.02 0 3.25 1.1 0 -2.318 0.02 0.621 -2.078 0.02 1.2 -3.139 0.02 0.841 -2.815 0.02 1.625 -3.139 1.1 0.841 -2.815 1.1 1.625 -2.318 8.5 0.621 -2.078 8.5 1.2 -2.298 1.1 2.298 -1.697 0.02 1.697 -1.697 8.5 1.697 -2.298 0.02 2.298 -1.2 0.02 2.078 -1.625 0.02 2.815 -1.625 1.1 2.815 -1.2 8.5 2.078 -0.841 1.1 3.139 -0.621 0.02 2.318 -0.621 8.5 2.318 -0.841 0.02 3.139 -3.25 0.02 0 -2.4 8.5 0 -2.4 0.02 0 -3.25 1.1 0 2.318 0.02 -0.621 2.078 0.02 -1.2 3.139 0.02 -0.841 2.815 0.02 -1.625 3.139 1.1 -0.841 2.815 1.1 -1.625 2.318 8.5 -0.621 2.078 8.5 -1.2 2.298 1.1 -2.298 1.697 0.02 -1.697 1.697 8.5 -1.697 2.298 0.02 -2.298 1.2 0.02 -2.078 1.625 0.02 -2.815 1.625 1.1 -2.815 1.2 8.5 -2.078 0.841 1.1 -3.139 0.621 0.02 -2.318 0.621 8.5 -2.318 0.841 0.02 -3.139 0 0.02 -2.4 0 0.02 -3.25 0 1.1 -3.25 0 8.5 -2.4 -2.318 0.02 -0.621 -2.078 0.02 -1.2 -3.139 0.02 -0.841 -2.815 0.02 -1.625 -3.139 1.1 -0.841 -2.815 1.1 -1.625 -2.318 8.5 -0.621 -2.078 8.5 -1.2 -2.298 1.1 -2.298 -1.697 0.02 -1.697 -1.697 8.5 -1.697 -2.298 0.02 -2.298 -1.2 0.02 -2.078 -1.625 0.02 -2.815 -1.625 1.1 -2.815 -1.2 8.5 -2.078 -0.841 1.1 -3.139 -0.621 0.02 -2.318 -0.621 8.5 -2.318 -0.841 0.02 -3.139 0.918 11.15 -2.217 0.821 11.4 -1.982 0.89 11.327 -2.148 1.517 11.4 -1.517 1.697 11.15 -1.697 1.644 11.327 -1.644 2.217 11.15 -0.918 1.982 11.4 -0.821 2.148 11.327 -0.89 2.145 11.4 0 2.4 11.15 0 2.325 11.327 0 2.217 11.15 0.918 1.982 11.4 0.821 2.148 11.327 0.89 1.697 11.15 1.697 1.517 11.4 1.517 1.644 11.327 1.644 0.918 11.15 2.217 0.821 11.4 1.982 0.89 11.327 2.148 0 11.15 2.4 0 11.4 2.145 0 11.327 2.325 -0.821 11.4 1.982 -0.918 11.15 2.217 -0.89 11.327 2.148 -1.697 11.15 1.697 -1.517 11.4 1.517 -1.644 11.327 1.644 -2.217 11.15 0.918 -1.982 11.4 0.821 -2.148 11.327 0.89 -2.4 11.15 0 -2.145 11.4 0 -2.325 11.327 0 -2.217 11.15 -0.918 -1.982 11.4 -0.821 -2.148 11.327 -0.89 -1.517 11.4 -1.517 -1.697 11.15 -1.697 -1.644 11.327 -1.644 -0.918 11.15 -2.217 -0.821 11.4 -1.982 -0.89 11.327 -2.148 0 11.15 -2.4 0 11.4 -2.145 0 11.327 -2.325 0 9.73 -2.4 0 9.58 -2.553 0 9.624 -2.445 -0.977 9.58 -2.359 -0.918 9.73 -2.217 -0.936 9.624 -2.259 -1.805 9.58 -1.805 -1.697 9.73 -1.697 -1.729 9.624 -1.729 -2.359 9.58 -0.977 -2.217 9.73 -0.918 -2.259 9.624 -0.936 -2.553 9.58 0 -2.4 9.73 0 -2.445 9.624 0 -2.359 9.58 0.977 -2.217 9.73 0.918 -2.259 9.624 0.936 -1.805 9.58 1.805 -1.697 9.73 1.697 -1.729 9.624 1.729 -0.977 9.58 2.359 -0.918 9.73 2.217 -0.936 9.624 2.259 0 9.58 2.553 0 9.73 2.4 0 9.624 2.445 0.977 9.58 2.359 0.918 9.73 2.217 0.936 9.624 2.259 1.805 9.58 1.805 1.697 9.73 1.697 1.729 9.624 1.729 2.359 9.58 0.977 2.217 9.73 0.918 2.259 9.624 0.936 2.553 9.58 0 2.4 9.73 0 2.445 9.624 0 2.359 9.58 -0.977 2.217 9.73 -0.918 2.259 9.624 -0.936 1.805 9.58 -1.805 1.697 9.73 -1.697 1.729 9.624 -1.729 0.977 9.58 -2.359 0.918 9.73 -2.217 0.936 9.624 -2.259 0 9.58 -1.6 -0.612 9.58 -1.478 -1.131 9.58 -1.131 -1.478 9.58 -0.612 -1.6 9.58 0 -1.478 9.58 0.612 -1.131 9.58 1.131 -0.612 9.58 1.478 0 9.58 1.6 0.612 9.58 1.478 1.131 9.58 1.131 1.478 9.58 0.612 1.6 9.58 0 1.478 9.58 -0.612 1.131 9.58 -1.131 0.612 9.58 -1.478 0 11.2 -1.6 0 11.4 -1.804 0 11.341 -1.66 -0.69 11.4 -1.667 -0.612 11.2 -1.478 -0.635 11.341 -1.533 -1.276 11.4 -1.276 -1.131 11.2 -1.131 -1.174 11.341 -1.174 -1.667 11.4 -0.69 -1.478 11.2 -0.612 -1.533 11.341 -0.635 -1.804 11.4 0 -1.6 11.2 0 -1.66 11.341 0 -1.667 11.4 0.69 -1.478 11.2 0.612 -1.533 11.341 0.635 -1.276 11.4 1.276 -1.131 11.2 1.131 -1.174 11.341 1.174 -0.69 11.4 1.667 -0.612 11.2 1.478 -0.635 11.341 1.533 0 11.4 1.804 0 11.2 1.6 0 11.341 1.66 0.69 11.4 1.667 0.612 11.2 1.478 0.635 11.341 1.533 1.276 11.4 1.276 1.131 11.2 1.131 1.174 11.341 1.174 1.667 11.4 0.69 1.478 11.2 0.612 1.533 11.341 0.635 1.804 11.4 0 1.6 11.2 0 1.66 11.341 0 1.667 11.4 -0.69 1.478 11.2 -0.612 1.533 11.341 -0.635 1.276 11.4 -1.276 1.131 11.2 -1.131 1.174 11.341 -1.174 0.69 11.4 -1.667 0.612 11.2 -1.478 0.635 11.341 -1.533</float_array>
					<technique_common>
						<accessor source="#3626v2-mesh-positions-array" count="690" stride="3">
							<param name="X" type="float"/>
							<param name="Y" type="float"/>
							<param name="Z" type="float"/>
						</accessor>
					</technique_common>
				</source>
				<source id="3626v2-mesh-map-0">
					<float_array id="3626v2-mesh-map-0-array" count="6912">0.412 0.515 0.509 0.548 0.396 0.559 0.509 0.548 0.497 0.592 0.396 0.559 0.521 0.506 0.509 0.548 0.43 0.471 0.509 0.548 0.412 0.515 0.43 0.471 0.43 0.471 0.453 0.429 0.521 0.506 0.453 0.429 0.534 0.465 0.521 0.506 0.453 0.429 0.477 0.388 0.534 0.465 0.477 0.388 0.549 0.423 0.534 0.465 0.477 0.388 0.504 0.348 0.549 0.423 0.504 0.348 0.566 0.381 0.549 0.423 0.504 0.348 0.547 0.291 0.566 0.381 0.547 0.291 0.593 0.317 0.566 0.381 0.474 0.243 0.546 0.21 0.499 0.283 0.546 0.21 0.561 0.254 0.499 0.283 0.474 0.243 0.45 0.203 0.546 0.21 0.45 0.203 0.531 0.169 0.546 0.21 0.45 0.203 0.429 0.162 0.531 0.169 0.429 0.162 0.518 0.127 0.531 0.169 0.429 0.162 0.41 0.119 0.518 0.127 0.41 0.119 0.506 0.086 0.518 0.127 0.41 0.119 0.395 0.075 0.506 0.086 0.395 0.075 0.495 0.043 0.506 0.086 0.382 0.34 0.382 0.984 0.334 0.34 0.382 0.984 0.334 0.984 0.334 0.34 0.393 0.071 0.494 0.039 0.395 0.075 0.494 0.039 0.495 0.043 0.395 0.075 0.006 0.985 0.006 0.92 0.088 0.985 0.006 0.92 0.088 0.92 0.088 0.985 0.029 0.086 0.08 0.047 0.074 0.132 0.08 0.047 0.112 0.103 0.074 0.132 0.08 0.047 0.139 0.022 0.112 0.103 0.139 0.022 0.156 0.085 0.112 0.103 0.006 0.92 0.006 0.856 0.088 0.92 0.006 0.856 0.088 0.856 0.088 0.92 0.494 0.039 0.595 0.018 0.495 0.043 0.595 0.018 0.595 0.022 0.495 0.043 0.334 0.34 0.334 0.984 0.286 0.34 0.334 0.984 0.286 0.984 0.286 0.34 0.506 0.086 0.495 0.043 0.601 0.065 0.495 0.043 0.595 0.022 0.601 0.065 0.518 0.127 0.506 0.086 0.607 0.107 0.506 0.086 0.601 0.065 0.607 0.107 0.531 0.169 0.518 0.127 0.613 0.149 0.518 0.127 0.607 0.107 0.613 0.149 0.546 0.21 0.531 0.169 0.62 0.192 0.531 0.169 0.613 0.149 0.62 0.192 0.546 0.21 0.62 0.192 0.561 0.254 0.62 0.192 0.627 0.237 0.561 0.254 0.566 0.381 0.593 0.317 0.63 0.399 0.593 0.317 0.643 0.332 0.63 0.399 0.549 0.423 0.566 0.381 0.622 0.442 0.566 0.381 0.63 0.399 0.622 0.442 0.534 0.465 0.549 0.423 0.616 0.484 0.549 0.423 0.622 0.442 0.616 0.484 0.521 0.506 0.534 0.465 0.61 0.526 0.534 0.465 0.616 0.484 0.61 0.526 0.509 0.548 0.521 0.506 0.604 0.568 0.521 0.506 0.61 0.526 0.604 0.568 0.509 0.548 0.604 0.568 0.497 0.592 0.604 0.568 0.599 0.611 0.497 0.592 0.604 0.568 0.699 0.572 0.599 0.611 0.699 0.572 0.701 0.616 0.599 0.611 0.604 0.568 0.61 0.526 0.699 0.572 0.61 0.526 0.698 0.531 0.699 0.572 0.61 0.526 0.616 0.484 0.698 0.531 0.616 0.484 0.697 0.489 0.698 0.531 0.616 0.484 0.622 0.442 0.697 0.489 0.622 0.442 0.696 0.448 0.697 0.489 0.622 0.442 0.63 0.399 0.696 0.448 0.63 0.399 0.695 0.405 0.696 0.448 0.63 0.399 0.643 0.332 0.695 0.405 0.643 0.332 0.694 0.337 0.695 0.405 0.62 0.192 0.696 0.186 0.627 0.237 0.696 0.186 0.695 0.231 0.627 0.237 0.62 0.192 0.613 0.149 0.696 0.186 0.613 0.149 0.696 0.143 0.696 0.186 0.613 0.149 0.607 0.107 0.696 0.143 0.607 0.107 0.696 0.101 0.696 0.143 0.607 0.107 0.601 0.065 0.696 0.101 0.601 0.065 0.696 0.059 0.696 0.101 0.601 0.065 0.595 0.022 0.696 0.059 0.595 0.022 0.697 0.015 0.696 0.059 0.286 0.34 0.286 0.984 0.239 0.34 0.286 0.984 0.239 0.984 0.239 0.34 0.595 0.018 0.697 0.012 0.595 0.022 0.697 0.012 0.697 0.015 0.595 0.022 0.006 0.856 0.006 0.792 0.088 0.856 0.006 0.792 0.088 0.792 0.088 0.856 0.139 0.022 0.203 0.014 0.156 0.085 0.203 0.014 0.203 0.079 0.156 0.085 0.203 0.014 0.267 0.022 0.203 0.079 0.267 0.022 0.25 0.085 0.203 0.079 0.006 0.792 0.006 0.727 0.088 0.792 0.006 0.727 0.088 0.727 0.088 0.792 0.697 0.012 0.798 0.02 0.697 0.015 0.798 0.02 0.798 0.023 0.697 0.015 0.239 0.34 0.239 0.984 0.191 0.34 0.239 0.984 0.191 0.984 0.191 0.34 0.696 0.059 0.697 0.015 0.791 0.066 0.697 0.015 0.798 0.023 0.791 0.066 0.696 0.101 0.696 0.059 0.785 0.108 0.696 0.059 0.791 0.066 0.785 0.108 0.696 0.143 0.696 0.101 0.778 0.15 0.696 0.101 0.785 0.108 0.778 0.15 0.696 0.186 0.696 0.143 0.771 0.192 0.696 0.143 0.778 0.15 0.771 0.192 0.696 0.186 0.771 0.192 0.695 0.231 0.771 0.192 0.764 0.237 0.695 0.231 0.695 0.405 0.694 0.337 0.759 0.397 0.694 0.337 0.745 0.332 0.759 0.397 0.696 0.448 0.695 0.405 0.768 0.439 0.695 0.405 0.759 0.397 0.768 0.439 0.697 0.489 0.696 0.448 0.777 0.48 0.696 0.448 0.768 0.439 0.777 0.48 0.698 0.531 0.697 0.489 0.785 0.521 0.697 0.489 0.777 0.48 0.785 0.521 0.699 0.572 0.698 0.531 0.793 0.562 0.698 0.531 0.785 0.521 0.793 0.562 0.699 0.572 0.793 0.562 0.701 0.616 0.793 0.562 0.801 0.604 0.701 0.616 0.793 0.562 0.885 0.536 0.801 0.604 0.885 0.536 0.899 0.577 0.801 0.604 0.793 0.562 0.785 0.521 0.885 0.536 0.785 0.521 0.87 0.496 0.885 0.536 0.785 0.521 0.777 0.48 0.87 0.496 0.777 0.48 0.855 0.457 0.87 0.496 0.777 0.48 0.768 0.439 0.855 0.457 0.768 0.439 0.838 0.417 0.855 0.457 0.768 0.439 0.759 0.397 0.838 0.417 0.759 0.397 0.821 0.377 0.838 0.417 0.759 0.397 0.745 0.332 0.821 0.377 0.745 0.332 0.792 0.317 0.821 0.377 0.771 0.192 0.845 0.211 0.764 0.237 0.845 0.211 0.83 0.254 0.764 0.237 0.771 0.192 0.778 0.15 0.845 0.211 0.778 0.15 0.86 0.169 0.845 0.211 0.778 0.15 0.785 0.108 0.86 0.169 0.785 0.108 0.873 0.128 0.86 0.169 0.785 0.108 0.791 0.066 0.873 0.128 0.791 0.066 0.885 0.087 0.873 0.128 0.791 0.066 0.798 0.023 0.885 0.087 0.798 0.023 0.897 0.045 0.885 0.087 0.191 0.34 0.191 0.984 0.144 0.34 0.191 0.984 0.144 0.984 0.144 0.34 0.798 0.02 0.898 0.041 0.798 0.023 0.898 0.041 0.897 0.045 0.798 0.023 0.006 0.727 0.006 0.663 0.088 0.727 0.006 0.663 0.088 0.663 0.088 0.727 0.267 0.022 0.327 0.047 0.25 0.085 0.327 0.047 0.294 0.103 0.25 0.085 0.327 0.047 0.378 0.086 0.294 0.103 0.378 0.086 0.332 0.132 0.294 0.103 0.006 0.663 0.006 0.598 0.088 0.663 0.006 0.598 0.088 0.598 0.088 0.663 0.898 0.041 0.996 0.073 0.897 0.045 0.996 0.073 0.995 0.077 0.897 0.045 0.144 0.34 0.144 0.984 0.096 0.34 0.144 0.984 0.096 0.984 0.096 0.34 0.885 0.087 0.897 0.045 0.98 0.12 0.897 0.045 0.995 0.077 0.98 0.12 0.873 0.128 0.885 0.087 0.962 0.162 0.885 0.087 0.98 0.12 0.962 0.162 0.86 0.169 0.873 0.128 0.941 0.204 0.873 0.128 0.962 0.162 0.941 0.204 0.845 0.211 0.86 0.169 0.917 0.244 0.86 0.169 0.941 0.204 0.917 0.244 0.845 0.211 0.917 0.244 0.83 0.254 0.917 0.244 0.891 0.283 0.83 0.254 0.821 0.377 0.792 0.317 0.877 0.343 0.792 0.317 0.835 0.291 0.877 0.343 0.838 0.417 0.821 0.377 0.905 0.379 0.821 0.377 0.877 0.343 0.905 0.379 0.855 0.457 0.838 0.417 0.932 0.417 0.838 0.417 0.905 0.379 0.932 0.417 0.87 0.496 0.855 0.457 0.956 0.456 0.855 0.457 0.932 0.417 0.956 0.456 0.885 0.536 0.87 0.496 0.977 0.497 0.87 0.496 0.956 0.456 0.977 0.497 0.885 0.536 0.977 0.497 0.899 0.577 0.977 0.497 0.995 0.54 0.899 0.577 0.463 0.276 0.47 0.323 0.287 0.323 0.445 0.232 0.463 0.276 0.287 0.323 0.416 0.194 0.445 0.232 0.287 0.323 0.378 0.165 0.416 0.194 0.287 0.323 0.334 0.147 0.378 0.165 0.287 0.323 0.151 0.27 0.122 0.232 0.28 0.141 0.103 0.188 0.097 0.141 0.28 0.141 0.287 0.141 0.334 0.147 0.287 0.323 0.28 0.323 0.232 0.317 0.28 0.141 0.232 0.317 0.188 0.299 0.28 0.141 0.122 0.232 0.103 0.188 0.28 0.141 0.188 0.299 0.151 0.27 0.28 0.141 0.899 0.577 0.995 0.54 0.9 0.581 0.995 0.54 0.996 0.543 0.9 0.581 0.801 0.604 0.899 0.577 0.802 0.608 0.899 0.577 0.9 0.581 0.802 0.608 0.701 0.616 0.801 0.604 0.701 0.62 0.801 0.604 0.802 0.608 0.701 0.62 0.599 0.611 0.701 0.616 0.598 0.615 0.701 0.616 0.701 0.62 0.598 0.615 0.497 0.592 0.599 0.611 0.496 0.595 0.599 0.611 0.598 0.615 0.496 0.595 0.396 0.559 0.497 0.592 0.395 0.563 0.497 0.592 0.496 0.595 0.395 0.563 0.895 0.627 0.996 0.627 0.895 0.984 0.996 0.627 0.996 0.984 0.895 0.984 0.794 0.627 0.895 0.627 0.794 0.984 0.895 0.627 0.895 0.984 0.794 0.984 0.693 0.627 0.794 0.627 0.693 0.984 0.794 0.627 0.794 0.984 0.693 0.984 0.592 0.627 0.693 0.627 0.592 0.984 0.693 0.627 0.693 0.984 0.592 0.984 0.49 0.627 0.592 0.627 0.49 0.984 0.592 0.627 0.592 0.984 0.49 0.984 0.389 0.627 0.49 0.627 0.389 0.984 0.49 0.627 0.49 0.984 0.389 0.984 0.412 0.515 0.396 0.559 0.509 0.548 0.396 0.559 0.497 0.592 0.509 0.548 0.412 0.515 0.509 0.548 0.43 0.471 0.509 0.548 0.521 0.506 0.43 0.471 0.43 0.471 0.521 0.506 0.453 0.429 0.521 0.506 0.534 0.465 0.453 0.429 0.453 0.429 0.534 0.465 0.477 0.388 0.534 0.465 0.549 0.423 0.477 0.388 0.477 0.388 0.549 0.423 0.504 0.348 0.549 0.423 0.566 0.381 0.504 0.348 0.504 0.348 0.566 0.381 0.547 0.291 0.566 0.381 0.593 0.317 0.547 0.291 0.474 0.243 0.499 0.283 0.546 0.21 0.499 0.283 0.561 0.254 0.546 0.21 0.474 0.243 0.546 0.21 0.45 0.203 0.546 0.21 0.531 0.169 0.45 0.203 0.45 0.203 0.531 0.169 0.429 0.162 0.531 0.169 0.518 0.127 0.429 0.162 0.429 0.162 0.518 0.127 0.41 0.119 0.518 0.127 0.506 0.086 0.41 0.119 0.41 0.119 0.506 0.086 0.395 0.075 0.506 0.086 0.495 0.043 0.395 0.075 0.382 0.34 0.334 0.34 0.382 0.984 0.334 0.34 0.334 0.984 0.382 0.984 0.393 0.071 0.395 0.075 0.494 0.039 0.395 0.075 0.495 0.043 0.494 0.039 0.006 0.985 0.088 0.985 0.006 0.92 0.088 0.985 0.088 0.92 0.006 0.92 0.029 0.086 0.074 0.132 0.08 0.047 0.074 0.132 0.112 0.103 0.08 0.047 0.08 0.047 0.112 0.103 0.139 0.022 0.112 0.103 0.156 0.085 0.139 0.022 0.006 0.92 0.088 0.92 0.006 0.856 0.088 0.92 0.088 0.856 0.006 0.856 0.494 0.039 0.495 0.043 0.595 0.018 0.495 0.043 0.595 0.022 0.595 0.018 0.334 0.34 0.286 0.34 0.334 0.984 0.286 0.34 0.286 0.984 0.334 0.984 0.506 0.086 0.601 0.065 0.495 0.043 0.601 0.065 0.595 0.022 0.495 0.043 0.518 0.127 0.607 0.107 0.506 0.086 0.607 0.107 0.601 0.065 0.506 0.086 0.531 0.169 0.613 0.149 0.518 0.127 0.613 0.149 0.607 0.107 0.518 0.127 0.546 0.21 0.62 0.192 0.531 0.169 0.62 0.192 0.613 0.149 0.531 0.169 0.546 0.21 0.561 0.254 0.62 0.192 0.561 0.254 0.627 0.237 0.62 0.192 0.566 0.381 0.63 0.399 0.593 0.317 0.63 0.399 0.643 0.332 0.593 0.317 0.549 0.423 0.622 0.442 0.566 0.381 0.622 0.442 0.63 0.399 0.566 0.381 0.534 0.465 0.616 0.484 0.549 0.423 0.616 0.484 0.622 0.442 0.549 0.423 0.521 0.506 0.61 0.526 0.534 0.465 0.61 0.526 0.616 0.484 0.534 0.465 0.509 0.548 0.604 0.568 0.521 0.506 0.604 0.568 0.61 0.526 0.521 0.506 0.509 0.548 0.497 0.592 0.604 0.568 0.497 0.592 0.599 0.611 0.604 0.568 0.604 0.568 0.599 0.611 0.699 0.572 0.599 0.611 0.701 0.616 0.699 0.572 0.604 0.568 0.699 0.572 0.61 0.526 0.699 0.572 0.698 0.531 0.61 0.526 0.61 0.526 0.698 0.531 0.616 0.484 0.698 0.531 0.697 0.489 0.616 0.484 0.616 0.484 0.697 0.489 0.622 0.442 0.697 0.489 0.696 0.448 0.622 0.442 0.622 0.442 0.696 0.448 0.63 0.399 0.696 0.448 0.695 0.405 0.63 0.399 0.63 0.399 0.695 0.405 0.643 0.332 0.695 0.405 0.694 0.337 0.643 0.332 0.62 0.192 0.627 0.237 0.696 0.186 0.627 0.237 0.695 0.231 0.696 0.186 0.62 0.192 0.696 0.186 0.613 0.149 0.696 0.186 0.696 0.143 0.613 0.149 0.613 0.149 0.696 0.143 0.607 0.107 0.696 0.143 0.696 0.101 0.607 0.107 0.607 0.107 0.696 0.101 0.601 0.065 0.696 0.101 0.696 0.059 0.601 0.065 0.601 0.065 0.696 0.059 0.595 0.022 0.696 0.059 0.697 0.015 0.595 0.022 0.286 0.34 0.239 0.34 0.286 0.984 0.239 0.34 0.239 0.984 0.286 0.984 0.595 0.018 0.595 0.022 0.697 0.012 0.595 0.022 0.697 0.015 0.697 0.012 0.006 0.856 0.088 0.856 0.006 0.792 0.088 0.856 0.088 0.792 0.006 0.792 0.139 0.022 0.156 0.085 0.203 0.014 0.156 0.085 0.203 0.079 0.203 0.014 0.203 0.014 0.203 0.079 0.267 0.022 0.203 0.079 0.25 0.085 0.267 0.022 0.006 0.792 0.088 0.792 0.006 0.727 0.088 0.792 0.088 0.727 0.006 0.727 0.697 0.012 0.697 0.015 0.798 0.02 0.697 0.015 0.798 0.023 0.798 0.02 0.239 0.34 0.191 0.34 0.239 0.984 0.191 0.34 0.191 0.984 0.239 0.984 0.696 0.059 0.791 0.066 0.697 0.015 0.791 0.066 0.798 0.023 0.697 0.015 0.696 0.101 0.785 0.108 0.696 0.059 0.785 0.108 0.791 0.066 0.696 0.059 0.696 0.143 0.778 0.15 0.696 0.101 0.778 0.15 0.785 0.108 0.696 0.101 0.696 0.186 0.771 0.192 0.696 0.143 0.771 0.192 0.778 0.15 0.696 0.143 0.696 0.186 0.695 0.231 0.771 0.192 0.695 0.231 0.764 0.237 0.771 0.192 0.695 0.405 0.759 0.397 0.694 0.337 0.759 0.397 0.745 0.332 0.694 0.337 0.696 0.448 0.768 0.439 0.695 0.405 0.768 0.439 0.759 0.397 0.695 0.405 0.697 0.489 0.777 0.48 0.696 0.448 0.777 0.48 0.768 0.439 0.696 0.448 0.698 0.531 0.785 0.521 0.697 0.489 0.785 0.521 0.777 0.48 0.697 0.489 0.699 0.572 0.793 0.562 0.698 0.531 0.793 0.562 0.785 0.521 0.698 0.531 0.699 0.572 0.701 0.616 0.793 0.562 0.701 0.616 0.801 0.604 0.793 0.562 0.793 0.562 0.801 0.604 0.885 0.536 0.801 0.604 0.899 0.577 0.885 0.536 0.793 0.562 0.885 0.536 0.785 0.521 0.885 0.536 0.87 0.496 0.785 0.521 0.785 0.521 0.87 0.496 0.777 0.48 0.87 0.496 0.855 0.457 0.777 0.48 0.777 0.48 0.855 0.457 0.768 0.439 0.855 0.457 0.838 0.417 0.768 0.439 0.768 0.439 0.838 0.417 0.759 0.397 0.838 0.417 0.821 0.377 0.759 0.397 0.759 0.397 0.821 0.377 0.745 0.332 0.821 0.377 0.792 0.317 0.745 0.332 0.771 0.192 0.764 0.237 0.845 0.211 0.764 0.237 0.83 0.254 0.845 0.211 0.771 0.192 0.845 0.211 0.778 0.15 0.845 0.211 0.86 0.169 0.778 0.15 0.778 0.15 0.86 0.169 0.785 0.108 0.86 0.169 0.873 0.128 0.785 0.108 0.785 0.108 0.873 0.128 0.791 0.066 0.873 0.128 0.885 0.087 0.791 0.066 0.791 0.066 0.885 0.087 0.798 0.023 0.885 0.087 0.897 0.045 0.798 0.023 0.191 0.34 0.144 0.34 0.191 0.984 0.144 0.34 0.144 0.984 0.191 0.984 0.798 0.02 0.798 0.023 0.898 0.041 0.798 0.023 0.897 0.045 0.898 0.041 0.006 0.727 0.088 0.727 0.006 0.663 0.088 0.727 0.088 0.663 0.006 0.663 0.267 0.022 0.25 0.085 0.327 0.047 0.25 0.085 0.294 0.103 0.327 0.047 0.327 0.047 0.294 0.103 0.378 0.086 0.294 0.103 0.332 0.132 0.378 0.086 0.006 0.663 0.088 0.663 0.006 0.598 0.088 0.663 0.088 0.598 0.006 0.598 0.898 0.041 0.897 0.045 0.996 0.073 0.897 0.045 0.995 0.077 0.996 0.073 0.144 0.34 0.096 0.34 0.144 0.984 0.096 0.34 0.096 0.984 0.144 0.984 0.885 0.087 0.98 0.12 0.897 0.045 0.98 0.12 0.995 0.077 0.897 0.045 0.873 0.128 0.962 0.162 0.885 0.087 0.962 0.162 0.98 0.12 0.885 0.087 0.86 0.169 0.941 0.204 0.873 0.128 0.941 0.204 0.962 0.162 0.873 0.128 0.845 0.211 0.917 0.244 0.86 0.169 0.917 0.244 0.941 0.204 0.86 0.169 0.845 0.211 0.83 0.254 0.917 0.244 0.83 0.254 0.891 0.283 0.917 0.244 0.821 0.377 0.877 0.343 0.792 0.317 0.877 0.343 0.835 0.291 0.792 0.317 0.838 0.417 0.905 0.379 0.821 0.377 0.905 0.379 0.877 0.343 0.821 0.377 0.855 0.457 0.932 0.417 0.838 0.417 0.932 0.417 0.905 0.379 0.838 0.417 0.87 0.496 0.956 0.456 0.855 0.457 0.956 0.456 0.932 0.417 0.855 0.457 0.885 0.536 0.977 0.497 0.87 0.496 0.977 0.497 0.956 0.456 0.87 0.496 0.885 0.536 0.899 0.577 0.977 0.497 0.899 0.577 0.995 0.54 0.977 0.497 0.463 0.276 0.287 0.323 0.47 0.323 0.445 0.232 0.287 0.323 0.463 0.276 0.416 0.194 0.287 0.323 0.445 0.232 0.378 0.165 0.287 0.323 0.416 0.194 0.334 0.147 0.287 0.323 0.378 0.165 0.151 0.27 0.28 0.141 0.122 0.232 0.103 0.188 0.28 0.141 0.097 0.141 0.287 0.141 0.287 0.323 0.334 0.147 0.28 0.323 0.28 0.141 0.232 0.317 0.232 0.317 0.28 0.141 0.188 0.299 0.122 0.232 0.28 0.141 0.103 0.188 0.188 0.299 0.28 0.141 0.151 0.27 0.899 0.577 0.9 0.581 0.995 0.54 0.9 0.581 0.996 0.543 0.995 0.54 0.801 0.604 0.802 0.608 0.899 0.577 0.802 0.608 0.9 0.581 0.899 0.577 0.701 0.616 0.701 0.62 0.801 0.604 0.701 0.62 0.802 0.608 0.801 0.604 0.599 0.611 0.598 0.615 0.701 0.616 0.598 0.615 0.701 0.62 0.701 0.616 0.497 0.592 0.496 0.595 0.599 0.611 0.496 0.595 0.598 0.615 0.599 0.611 0.396 0.559 0.395 0.563 0.497 0.592 0.395 0.563 0.496 0.595 0.497 0.592 0.895 0.627 0.895 0.984 0.996 0.627 0.895 0.984 0.996 0.984 0.996 0.627 0.794 0.627 0.794 0.984 0.895 0.627 0.794 0.984 0.895 0.984 0.895 0.627 0.693 0.627 0.693 0.984 0.794 0.627 0.693 0.984 0.794 0.984 0.794 0.627 0.592 0.627 0.592 0.984 0.693 0.627 0.592 0.984 0.693 0.984 0.693 0.627 0.49 0.627 0.49 0.984 0.592 0.627 0.49 0.984 0.592 0.984 0.592 0.627 0.389 0.627 0.389 0.984 0.49 0.627 0.389 0.984 0.49 0.984 0.49 0.627 0.412 0.515 0.396 0.559 0.509 0.548 0.396 0.559 0.497 0.592 0.509 0.548 0.412 0.515 0.509 0.548 0.43 0.471 0.509 0.548 0.521 0.506 0.43 0.471 0.43 0.471 0.521 0.506 0.453 0.429 0.521 0.506 0.534 0.465 0.453 0.429 0.453 0.429 0.534 0.465 0.477 0.388 0.534 0.465 0.549 0.423 0.477 0.388 0.477 0.388 0.549 0.423 0.504 0.348 0.549 0.423 0.566 0.381 0.504 0.348 0.504 0.348 0.566 0.381 0.547 0.291 0.566 0.381 0.593 0.317 0.547 0.291 0.474 0.243 0.499 0.283 0.546 0.21 0.499 0.283 0.561 0.254 0.546 0.21 0.474 0.243 0.546 0.21 0.45 0.203 0.546 0.21 0.531 0.169 0.45 0.203 0.45 0.203 0.531 0.169 0.429 0.162 0.531 0.169 0.518 0.127 0.429 0.162 0.429 0.162 0.518 0.127 0.41 0.119 0.518 0.127 0.506 0.086 0.41 0.119 0.41 0.119 0.506 0.086 0.395 0.075 0.506 0.086 0.495 0.043 0.395 0.075 0.382 0.34 0.334 0.34 0.382 0.984 0.334 0.34 0.334 0.984 0.382 0.984 0.393 0.071 0.395 0.075 0.494 0.039 0.395 0.075 0.495 0.043 0.494 0.039 0.006 0.985 0.088 0.985 0.006 0.92 0.088 0.985 0.088 0.92 0.006 0.92 0.029 0.086 0.074 0.132 0.08 0.047 0.074 0.132 0.112 0.103 0.08 0.047 0.08 0.047 0.112 0.103 0.139 0.022 0.112 0.103 0.156 0.085 0.139 0.022 0.006 0.92 0.088 0.92 0.006 0.856 0.088 0.92 0.088 0.856 0.006 0.856 0.494 0.039 0.495 0.043 0.595 0.018 0.495 0.043 0.595 0.022 0.595 0.018 0.334 0.34 0.286 0.34 0.334 0.984 0.286 0.34 0.286 0.984 0.334 0.984 0.506 0.086 0.601 0.065 0.495 0.043 0.601 0.065 0.595 0.022 0.495 0.043 0.518 0.127 0.607 0.107 0.506 0.086 0.607 0.107 0.601 0.065 0.506 0.086 0.531 0.169 0.613 0.149 0.518 0.127 0.613 0.149 0.607 0.107 0.518 0.127 0.546 0.21 0.62 0.192 0.531 0.169 0.62 0.192 0.613 0.149 0.531 0.169 0.546 0.21 0.561 0.254 0.62 0.192 0.561 0.254 0.627 0.237 0.62 0.192 0.566 0.381 0.63 0.399 0.593 0.317 0.63 0.399 0.643 0.332 0.593 0.317 0.549 0.423 0.622 0.442 0.566 0.381 0.622 0.442 0.63 0.399 0.566 0.381 0.534 0.465 0.616 0.484 0.549 0.423 0.616 0.484 0.622 0.442 0.549 0.423 0.521 0.506 0.61 0.526 0.534 0.465 0.61 0.526 0.616 0.484 0.534 0.465 0.509 0.548 0.604 0.568 0.521 0.506 0.604 0.568 0.61 0.526 0.521 0.506 0.509 0.548 0.497 0.592 0.604 0.568 0.497 0.592 0.599 0.611 0.604 0.568 0.604 0.568 0.599 0.611 0.699 0.572 0.599 0.611 0.701 0.616 0.699 0.572 0.604 0.568 0.699 0.572 0.61 0.526 0.699 0.572 0.698 0.531 0.61 0.526 0.61 0.526 0.698 0.531 0.616 0.484 0.698 0.531 0.697 0.489 0.616 0.484 0.616 0.484 0.697 0.489 0.622 0.442 0.697 0.489 0.696 0.448 0.622 0.442 0.622 0.442 0.696 0.448 0.63 0.399 0.696 0.448 0.695 0.405 0.63 0.399 0.63 0.399 0.695 0.405 0.643 0.332 0.695 0.405 0.694 0.337 0.643 0.332 0.62 0.192 0.627 0.237 0.696 0.186 0.627 0.237 0.695 0.231 0.696 0.186 0.62 0.192 0.696 0.186 0.613 0.149 0.696 0.186 0.696 0.143 0.613 0.149 0.613 0.149 0.696 0.143 0.607 0.107 0.696 0.143 0.696 0.101 0.607 0.107 0.607 0.107 0.696 0.101 0.601 0.065 0.696 0.101 0.696 0.059 0.601 0.065 0.601 0.065 0.696 0.059 0.595 0.022 0.696 0.059 0.697 0.015 0.595 0.022 0.286 0.34 0.239 0.34 0.286 0.984 0.239 0.34 0.239 0.984 0.286 0.984 0.595 0.018 0.595 0.022 0.697 0.012 0.595 0.022 0.697 0.015 0.697 0.012 0.006 0.856 0.088 0.856 0.006 0.792 0.088 0.856 0.088 0.792 0.006 0.792 0.139 0.022 0.156 0.085 0.203 0.014 0.156 0.085 0.203 0.079 0.203 0.014 0.203 0.014 0.203 0.079 0.267 0.022 0.203 0.079 0.25 0.085 0.267 0.022 0.006 0.792 0.088 0.792 0.006 0.727 0.088 0.792 0.088 0.727 0.006 0.727 0.697 0.012 0.697 0.015 0.798 0.02 0.697 0.015 0.798 0.023 0.798 0.02 0.239 0.34 0.191 0.34 0.239 0.984 0.191 0.34 0.191 0.984 0.239 0.984 0.696 0.059 0.791 0.066 0.697 0.015 0.791 0.066 0.798 0.023 0.697 0.015 0.696 0.101 0.785 0.108 0.696 0.059 0.785 0.108 0.791 0.066 0.696 0.059 0.696 0.143 0.778 0.15 0.696 0.101 0.778 0.15 0.785 0.108 0.696 0.101 0.696 0.186 0.771 0.192 0.696 0.143 0.771 0.192 0.778 0.15 0.696 0.143 0.696 0.186 0.695 0.231 0.771 0.192 0.695 0.231 0.764 0.237 0.771 0.192 0.695 0.405 0.759 0.397 0.694 0.337 0.759 0.397 0.745 0.332 0.694 0.337 0.696 0.448 0.768 0.439 0.695 0.405 0.768 0.439 0.759 0.397 0.695 0.405 0.697 0.489 0.777 0.48 0.696 0.448 0.777 0.48 0.768 0.439 0.696 0.448 0.698 0.531 0.785 0.521 0.697 0.489 0.785 0.521 0.777 0.48 0.697 0.489 0.699 0.572 0.793 0.562 0.698 0.531 0.793 0.562 0.785 0.521 0.698 0.531 0.699 0.572 0.701 0.616 0.793 0.562 0.701 0.616 0.801 0.604 0.793 0.562 0.793 0.562 0.801 0.604 0.885 0.536 0.801 0.604 0.899 0.577 0.885 0.536 0.793 0.562 0.885 0.536 0.785 0.521 0.885 0.536 0.87 0.496 0.785 0.521 0.785 0.521 0.87 0.496 0.777 0.48 0.87 0.496 0.855 0.457 0.777 0.48 0.777 0.48 0.855 0.457 0.768 0.439 0.855 0.457 0.838 0.417 0.768 0.439 0.768 0.439 0.838 0.417 0.759 0.397 0.838 0.417 0.821 0.377 0.759 0.397 0.759 0.397 0.821 0.377 0.745 0.332 0.821 0.377 0.792 0.317 0.745 0.332 0.771 0.192 0.764 0.237 0.845 0.211 0.764 0.237 0.83 0.254 0.845 0.211 0.771 0.192 0.845 0.211 0.778 0.15 0.845 0.211 0.86 0.169 0.778 0.15 0.778 0.15 0.86 0.169 0.785 0.108 0.86 0.169 0.873 0.128 0.785 0.108 0.785 0.108 0.873 0.128 0.791 0.066 0.873 0.128 0.885 0.087 0.791 0.066 0.791 0.066 0.885 0.087 0.798 0.023 0.885 0.087 0.897 0.045 0.798 0.023 0.191 0.34 0.144 0.34 0.191 0.984 0.144 0.34 0.144 0.984 0.191 0.984 0.798 0.02 0.798 0.023 0.898 0.041 0.798 0.023 0.897 0.045 0.898 0.041 0.006 0.727 0.088 0.727 0.006 0.663 0.088 0.727 0.088 0.663 0.006 0.663 0.267 0.022 0.25 0.085 0.327 0.047 0.25 0.085 0.294 0.103 0.327 0.047 0.327 0.047 0.294 0.103 0.378 0.086 0.294 0.103 0.332 0.132 0.378 0.086 0.006 0.663 0.088 0.663 0.006 0.598 0.088 0.663 0.088 0.598 0.006 0.598 0.898 0.041 0.897 0.045 0.996 0.073 0.897 0.045 0.995 0.077 0.996 0.073 0.144 0.34 0.096 0.34 0.144 0.984 0.096 0.34 0.096 0.984 0.144 0.984 0.885 0.087 0.98 0.12 0.897 0.045 0.98 0.12 0.995 0.077 0.897 0.045 0.873 0.128 0.962 0.162 0.885 0.087 0.962 0.162 0.98 0.12 0.885 0.087 0.86 0.169 0.941 0.204 0.873 0.128 0.941 0.204 0.962 0.162 0.873 0.128 0.845 0.211 0.917 0.244 0.86 0.169 0.917 0.244 0.941 0.204 0.86 0.169 0.845 0.211 0.83 0.254 0.917 0.244 0.83 0.254 0.891 0.283 0.917 0.244 0.821 0.377 0.877 0.343 0.792 0.317 0.877 0.343 0.835 0.291 0.792 0.317 0.838 0.417 0.905 0.379 0.821 0.377 0.905 0.379 0.877 0.343 0.821 0.377 0.855 0.457 0.932 0.417 0.838 0.417 0.932 0.417 0.905 0.379 0.838 0.417 0.87 0.496 0.956 0.456 0.855 0.457 0.956 0.456 0.932 0.417 0.855 0.457 0.885 0.536 0.977 0.497 0.87 0.496 0.977 0.497 0.956 0.456 0.87 0.496 0.885 0.536 0.899 0.577 0.977 0.497 0.899 0.577 0.995 0.54 0.977 0.497 0.463 0.276 0.287 0.323 0.47 0.323 0.445 0.232 0.287 0.323 0.463 0.276 0.416 0.194 0.287 0.323 0.445 0.232 0.378 0.165 0.287 0.323 0.416 0.194 0.334 0.147 0.287 0.323 0.378 0.165 0.151 0.27 0.28 0.141 0.122 0.232 0.103 0.188 0.28 0.141 0.097 0.141 0.287 0.141 0.287 0.323 0.334 0.147 0.28 0.323 0.28 0.141 0.232 0.317 0.232 0.317 0.28 0.141 0.188 0.299 0.122 0.232 0.28 0.141 0.103 0.188 0.188 0.299 0.28 0.141 0.151 0.27 0.899 0.577 0.9 0.581 0.995 0.54 0.9 0.581 0.996 0.543 0.995 0.54 0.801 0.604 0.802 0.608 0.899 0.577 0.802 0.608 0.9 0.581 0.899 0.577 0.701 0.616 0.701 0.62 0.801 0.604 0.701 0.62 0.802 0.608 0.801 0.604 0.599 0.611 0.598 0.615 0.701 0.616 0.598 0.615 0.701 0.62 0.701 0.616 0.497 0.592 0.496 0.595 0.599 0.611 0.496 0.595 0.598 0.615 0.599 0.611 0.396 0.559 0.395 0.563 0.497 0.592 0.395 0.563 0.496 0.595 0.497 0.592 0.895 0.627 0.895 0.984 0.996 0.627 0.895 0.984 0.996 0.984 0.996 0.627 0.794 0.627 0.794 0.984 0.895 0.627 0.794 0.984 0.895 0.984 0.895 0.627 0.693 0.627 0.693 0.984 0.794 0.627 0.693 0.984 0.794 0.984 0.794 0.627 0.592 0.627 0.592 0.984 0.693 0.627 0.592 0.984 0.693 0.984 0.693 0.627 0.49 0.627 0.49 0.984 0.592 0.627 0.49 0.984 0.592 0.984 0.592 0.627 0.389 0.627 0.389 0.984 0.49 0.627 0.389 0.984 0.49 0.984 0.49 0.627 0.412 0.515 0.509 0.548 0.396 0.559 0.509 0.548 0.497 0.592 0.396 0.559 0.412 0.515 0.43 0.471 0.509 0.548 0.43 0.471 0.521 0.506 0.509 0.548 0.43 0.471 0.453 0.429 0.521 0.506 0.453 0.429 0.534 0.465 0.521 0.506 0.453 0.429 0.477 0.388 0.534 0.465 0.477 0.388 0.549 0.423 0.534 0.465 0.477 0.388 0.504 0.348 0.549 0.423 0.504 0.348 0.566 0.381 0.549 0.423 0.504 0.348 0.547 0.291 0.566 0.381 0.547 0.291 0.593 0.317 0.566 0.381 0.474 0.243 0.546 0.21 0.499 0.283 0.546 0.21 0.561 0.254 0.499 0.283 0.474 0.243 0.45 0.203 0.546 0.21 0.45 0.203 0.531 0.169 0.546 0.21 0.45 0.203 0.429 0.162 0.531 0.169 0.429 0.162 0.518 0.127 0.531 0.169 0.429 0.162 0.41 0.119 0.518 0.127 0.41 0.119 0.506 0.086 0.518 0.127 0.41 0.119 0.395 0.075 0.506 0.086 0.395 0.075 0.495 0.043 0.506 0.086 0.382 0.34 0.382 0.984 0.334 0.34 0.382 0.984 0.334 0.984 0.334 0.34 0.393 0.071 0.494 0.039 0.395 0.075 0.494 0.039 0.495 0.043 0.395 0.075 0.006 0.985 0.006 0.92 0.088 0.985 0.006 0.92 0.088 0.92 0.088 0.985 0.029 0.086 0.08 0.047 0.074 0.132 0.08 0.047 0.112 0.103 0.074 0.132 0.08 0.047 0.139 0.022 0.112 0.103 0.139 0.022 0.156 0.085 0.112 0.103 0.006 0.92 0.006 0.856 0.088 0.92 0.006 0.856 0.088 0.856 0.088 0.92 0.494 0.039 0.595 0.018 0.495 0.043 0.595 0.018 0.595 0.022 0.495 0.043 0.334 0.34 0.334 0.984 0.286 0.34 0.334 0.984 0.286 0.984 0.286 0.34 0.506 0.086 0.495 0.043 0.601 0.065 0.495 0.043 0.595 0.022 0.601 0.065 0.518 0.127 0.506 0.086 0.607 0.107 0.506 0.086 0.601 0.065 0.607 0.107 0.531 0.169 0.518 0.127 0.613 0.149 0.518 0.127 0.607 0.107 0.613 0.149 0.546 0.21 0.531 0.169 0.62 0.192 0.531 0.169 0.613 0.149 0.62 0.192 0.546 0.21 0.62 0.192 0.561 0.254 0.62 0.192 0.627 0.237 0.561 0.254 0.566 0.381 0.593 0.317 0.63 0.399 0.593 0.317 0.643 0.332 0.63 0.399 0.549 0.423 0.566 0.381 0.622 0.442 0.566 0.381 0.63 0.399 0.622 0.442 0.534 0.465 0.549 0.423 0.616 0.484 0.549 0.423 0.622 0.442 0.616 0.484 0.521 0.506 0.534 0.465 0.61 0.526 0.534 0.465 0.616 0.484 0.61 0.526 0.509 0.548 0.521 0.506 0.604 0.568 0.521 0.506 0.61 0.526 0.604 0.568 0.509 0.548 0.604 0.568 0.497 0.592 0.604 0.568 0.599 0.611 0.497 0.592 0.604 0.568 0.699 0.572 0.599 0.611 0.699 0.572 0.701 0.616 0.599 0.611 0.604 0.568 0.61 0.526 0.699 0.572 0.61 0.526 0.698 0.531 0.699 0.572 0.61 0.526 0.616 0.484 0.698 0.531 0.616 0.484 0.697 0.489 0.698 0.531 0.616 0.484 0.622 0.442 0.697 0.489 0.622 0.442 0.696 0.448 0.697 0.489 0.622 0.442 0.63 0.399 0.696 0.448 0.63 0.399 0.695 0.405 0.696 0.448 0.63 0.399 0.643 0.332 0.695 0.405 0.643 0.332 0.694 0.337 0.695 0.405 0.62 0.192 0.696 0.186 0.627 0.237 0.696 0.186 0.695 0.231 0.627 0.237 0.62 0.192 0.613 0.149 0.696 0.186 0.613 0.149 0.696 0.143 0.696 0.186 0.613 0.149 0.607 0.107 0.696 0.143 0.607 0.107 0.696 0.101 0.696 0.143 0.607 0.107 0.601 0.065 0.696 0.101 0.601 0.065 0.696 0.059 0.696 0.101 0.601 0.065 0.595 0.022 0.696 0.059 0.595 0.022 0.697 0.015 0.696 0.059 0.286 0.34 0.286 0.984 0.239 0.34 0.286 0.984 0.239 0.984 0.239 0.34 0.595 0.018 0.697 0.012 0.595 0.022 0.697 0.012 0.697 0.015 0.595 0.022 0.006 0.856 0.006 0.792 0.088 0.856 0.006 0.792 0.088 0.792 0.088 0.856 0.139 0.022 0.203 0.014 0.156 0.085 0.203 0.014 0.203 0.079 0.156 0.085 0.203 0.014 0.267 0.022 0.203 0.079 0.267 0.022 0.25 0.085 0.203 0.079 0.006 0.792 0.006 0.727 0.088 0.792 0.006 0.727 0.088 0.727 0.088 0.792 0.697 0.012 0.798 0.02 0.697 0.015 0.798 0.02 0.798 0.023 0.697 0.015 0.239 0.34 0.239 0.984 0.191 0.34 0.239 0.984 0.191 0.984 0.191 0.34 0.696 0.059 0.697 0.015 0.791 0.066 0.697 0.015 0.798 0.023 0.791 0.066 0.696 0.101 0.696 0.059 0.785 0.108 0.696 0.059 0.791 0.066 0.785 0.108 0.696 0.143 0.696 0.101 0.778 0.15 0.696 0.101 0.785 0.108 0.778 0.15 0.696 0.186 0.696 0.143 0.771 0.192 0.696 0.143 0.778 0.15 0.771 0.192 0.696 0.186 0.771 0.192 0.695 0.231 0.771 0.192 0.764 0.237 0.695 0.231 0.695 0.405 0.694 0.337 0.759 0.397 0.694 0.337 0.745 0.332 0.759 0.397 0.696 0.448 0.695 0.405 0.768 0.439 0.695 0.405 0.759 0.397 0.768 0.439 0.697 0.489 0.696 0.448 0.777 0.48 0.696 0.448 0.768 0.439 0.777 0.48 0.698 0.531 0.697 0.489 0.785 0.521 0.697 0.489 0.777 0.48 0.785 0.521 0.699 0.572 0.698 0.531 0.793 0.562 0.698 0.531 0.785 0.521 0.793 0.562 0.699 0.572 0.793 0.562 0.701 0.616 0.793 0.562 0.801 0.604 0.701 0.616 0.793 0.562 0.885 0.536 0.801 0.604 0.885 0.536 0.899 0.577 0.801 0.604 0.793 0.562 0.785 0.521 0.885 0.536 0.785 0.521 0.87 0.496 0.885 0.536 0.785 0.521 0.777 0.48 0.87 0.496 0.777 0.48 0.855 0.457 0.87 0.496 0.777 0.48 0.768 0.439 0.855 0.457 0.768 0.439 0.838 0.417 0.855 0.457 0.768 0.439 0.759 0.397 0.838 0.417 0.759 0.397 0.821 0.377 0.838 0.417 0.759 0.397 0.745 0.332 0.821 0.377 0.745 0.332 0.792 0.317 0.821 0.377 0.771 0.192 0.845 0.211 0.764 0.237 0.845 0.211 0.83 0.254 0.764 0.237 0.771 0.192 0.778 0.15 0.845 0.211 0.778 0.15 0.86 0.169 0.845 0.211 0.778 0.15 0.785 0.108 0.86 0.169 0.785 0.108 0.873 0.128 0.86 0.169 0.785 0.108 0.791 0.066 0.873 0.128 0.791 0.066 0.885 0.087 0.873 0.128 0.791 0.066 0.798 0.023 0.885 0.087 0.798 0.023 0.897 0.045 0.885 0.087 0.191 0.34 0.191 0.984 0.144 0.34 0.191 0.984 0.144 0.984 0.144 0.34 0.798 0.02 0.898 0.041 0.798 0.023 0.898 0.041 0.897 0.045 0.798 0.023 0.006 0.727 0.006 0.663 0.088 0.727 0.006 0.663 0.088 0.663 0.088 0.727 0.267 0.022 0.327 0.047 0.25 0.085 0.327 0.047 0.294 0.103 0.25 0.085 0.327 0.047 0.378 0.086 0.294 0.103 0.378 0.086 0.332 0.132 0.294 0.103 0.006 0.663 0.006 0.598 0.088 0.663 0.006 0.598 0.088 0.598 0.088 0.663 0.898 0.041 0.996 0.073 0.897 0.045 0.996 0.073 0.995 0.077 0.897 0.045 0.144 0.34 0.144 0.984 0.096 0.34 0.144 0.984 0.096 0.984 0.096 0.34 0.885 0.087 0.897 0.045 0.98 0.12 0.897 0.045 0.995 0.077 0.98 0.12 0.873 0.128 0.885 0.087 0.962 0.162 0.885 0.087 0.98 0.12 0.962 0.162 0.86 0.169 0.873 0.128 0.941 0.204 0.873 0.128 0.962 0.162 0.941 0.204 0.845 0.211 0.86 0.169 0.917 0.244 0.86 0.169 0.941 0.204 0.917 0.244 0.845 0.211 0.917 0.244 0.83 0.254 0.917 0.244 0.891 0.283 0.83 0.254 0.821 0.377 0.792 0.317 0.877 0.343 0.792 0.317 0.835 0.291 0.877 0.343 0.838 0.417 0.821 0.377 0.905 0.379 0.821 0.377 0.877 0.343 0.905 0.379 0.855 0.457 0.838 0.417 0.932 0.417 0.838 0.417 0.905 0.379 0.932 0.417 0.87 0.496 0.855 0.457 0.956 0.456 0.855 0.457 0.932 0.417 0.956 0.456 0.885 0.536 0.87 0.496 0.977 0.497 0.87 0.496 0.956 0.456 0.977 0.497 0.885 0.536 0.977 0.497 0.899 0.577 0.977 0.497 0.995 0.54 0.899 0.577 0.463 0.276 0.47 0.323 0.287 0.323 0.445 0.232 0.463 0.276 0.287 0.323 0.416 0.194 0.445 0.232 0.287 0.323 0.378 0.165 0.416 0.194 0.287 0.323 0.334 0.147 0.378 0.165 0.287 0.323 0.151 0.27 0.122 0.232 0.28 0.141 0.103 0.188 0.097 0.141 0.28 0.141 0.287 0.141 0.334 0.147 0.287 0.323 0.28 0.323 0.232 0.317 0.28 0.141 0.232 0.317 0.188 0.299 0.28 0.141 0.122 0.232 0.103 0.188 0.28 0.141 0.188 0.299 0.151 0.27 0.28 0.141 0.899 0.577 0.995 0.54 0.9 0.581 0.995 0.54 0.996 0.543 0.9 0.581 0.801 0.604 0.899 0.577 0.802 0.608 0.899 0.577 0.9 0.581 0.802 0.608 0.701 0.616 0.801 0.604 0.701 0.62 0.801 0.604 0.802 0.608 0.701 0.62 0.599 0.611 0.701 0.616 0.598 0.615 0.701 0.616 0.701 0.62 0.598 0.615 0.497 0.592 0.599 0.611 0.496 0.595 0.599 0.611 0.598 0.615 0.496 0.595 0.396 0.559 0.497 0.592 0.395 0.563 0.497 0.592 0.496 0.595 0.395 0.563 0.895 0.627 0.996 0.627 0.895 0.984 0.996 0.627 0.996 0.984 0.895 0.984 0.794 0.627 0.895 0.627 0.794 0.984 0.895 0.627 0.895 0.984 0.794 0.984 0.693 0.627 0.794 0.627 0.693 0.984 0.794 0.627 0.794 0.984 0.693 0.984 0.592 0.627 0.693 0.627 0.592 0.984 0.693 0.627 0.693 0.984 0.592 0.984 0.49 0.627 0.592 0.627 0.49 0.984 0.592 0.627 0.592 0.984 0.49 0.984 0.389 0.627 0.49 0.627 0.389 0.984 0.49 0.627 0.49 0.984 0.389 0.984 0.000369 0.000776 0.000444 0.000855 0.000173 0.000908 0.000444 0.000855 0.000312 0.001049 0.000173 0.000908 0.000834 0.000787 0.000816 0.000774 0.000879 0.000689 0.000816 0.000774 0.000857 0.000683 0.000879 0.000689 0.000816 0.000774 0.000798 0.000762 0.000857 0.000683 0.000798 0.000762 0.000836 0.000678 0.000857 0.000683 0.000883 0.000579 0.00086 0.000582 0.000843 0.000476 0.00086 0.000582 0.000824 0.000488 0.000843 0.000476 0.00086 0.000582 0.000838 0.000586 0.000824 0.000488 0.000838 0.000586 0.000805 0.0005 0.000824 0.000488 0.000454 0.000391 0.000466 0.00041 0.000376 0.000467 0.000466 0.00041 0.000394 0.00048 0.000376 0.000467 0.000466 0.00041 0.000478 0.000428 0.000394 0.00048 0.000478 0.000428 0.000412 0.000492 0.000394 0.00048 0.000843 0.000476 0.000824 0.000488 0.000767 0.000396 0.000824 0.000488 0.000753 0.000415 0.000767 0.000396 0.000824 0.000488 0.000805 0.0005 0.000753 0.000415 0.000805 0.0005 0.000741 0.000433 0.000753 0.000415 0.000767 0.000396 0.000753 0.000415 0.000666 0.000353 0.000753 0.000415 0.000661 0.000375 0.000666 0.000353 0.000753 0.000415 0.000741 0.000433 0.000661 0.000375 0.000741 0.000433 0.000656 0.000396 0.000661 0.000375 0.000376 0.000467 0.000394 0.00048 0.000333 0.000566 0.000394 0.00048 0.000355 0.000571 0.000333 0.000566 0.000394 0.00048 0.000412 0.000492 0.000355 0.000571 0.000412 0.000492 0.000376 0.000576 0.000355 0.000571 0.000333 0.000566 0.000355 0.000571 0.00033 0.000675 0.000355 0.000571 0.000353 0.000671 0.00033 0.000675 0.000355 0.000571 0.000376 0.000576 0.000353 0.000671 0.000376 0.000576 0.000374 0.000667 0.000353 0.000671 0.000444 0.000855 0.000457 0.000836 0.000543 0.0009 0.000457 0.000836 0.000548 0.000878 0.000543 0.0009 0.000457 0.000836 0.00047 0.000819 0.000548 0.000878 0.00047 0.000819 0.000553 0.000856 0.000548 0.000878 0.000666 0.000353 0.000661 0.000375 0.000556 0.000351 0.000661 0.000375 0.00056 0.000373 0.000556 0.000351 0.000661 0.000375 0.000656 0.000396 0.00056 0.000373 0.000656 0.000396 0.000564 0.000395 0.00056 0.000373 0.000556 0.000351 0.00056 0.000373 0.000454 0.000391 0.00056 0.000373 0.000466 0.00041 0.000454 0.000391 0.00056 0.000373 0.000564 0.000395 0.000466 0.00041 0.000564 0.000395 0.000478 0.000428 0.000466 0.00041 0.00033 0.000675 0.000353 0.000671 0.000369 0.000776 0.000353 0.000671 0.000389 0.000764 0.000369 0.000776 0.000353 0.000671 0.000374 0.000667 0.000389 0.000764 0.000374 0.000667 0.000407 0.000752 0.000389 0.000764 0.000369 0.000776 0.000389 0.000764 0.000444 0.000855 0.000389 0.000764 0.000457 0.000836 0.000444 0.000855 0.000389 0.000764 0.000407 0.000752 0.000457 0.000836 0.000407 0.000752 0.00047 0.000819 0.000457 0.000836 0.000543 0.0009 0.000548 0.000878 0.000653 0.000904 0.000548 0.000878 0.00065 0.000881 0.000653 0.000904 0.000548 0.000878 0.000553 0.000856 0.00065 0.000881 0.000553 0.000856 0.000646 0.00086 0.00065 0.000881 0.000879 0.000689 0.000857 0.000683 0.000883 0.000579 0.000857 0.000683 0.00086 0.000582 0.000883 0.000579 0.000857 0.000683 0.000836 0.000678 0.00086 0.000582 0.000836 0.000678 0.000838 0.000586 0.00086 0.000582 0.000653 0.000904 0.00065 0.000881 0.000756 0.000863 0.00065 0.000881 0.000744 0.000844 0.000756 0.000863 0.00065 0.000881 0.000646 0.00086 0.000744 0.000844 0.000646 0.00086 0.000732 0.000826 0.000744 0.000844 0.000756 0.000863 0.000744 0.000844 0.000834 0.000787 0.000744 0.000844 0.000816 0.000774 0.000834 0.000787 0.000744 0.000844 0.000732 0.000826 0.000816 0.000774 0.000732 0.000826 0.000798 0.000762 0.000816 0.000774 0.000493 0.001127 0.000691 0.001133 0.000488 0.001151 0.000691 0.001133 0.000695 0.001157 0.000488 0.001151 0.000488 0.001151 0.000695 0.001157 0.000482 0.001176 0.000695 0.001157 0.000698 0.001182 0.000482 0.001176 0.000312 0.001049 0.000493 0.001127 0.000298 0.001069 0.000493 0.001127 0.000488 0.001151 0.000298 0.001069 0.000298 0.001069 0.000488 0.001151 0.000284 0.00109 0.000488 0.001151 0.000482 0.001176 0.000284 0.00109 0.000173 0.000908 0.000312 0.001049 0.000152 0.000921 0.000312 0.001049 0.000298 0.001069 0.000152 0.000921 0.000152 0.000921 0.000298 0.001069 0.000131 0.000935 0.000298 0.001069 0.000284 0.00109 0.000131 0.000935 0.000097 0.000723 0.000173 0.000908 0.000073 0.000728 0.000173 0.000908 0.000152 0.000921 0.000073 0.000728 0.000073 0.000728 0.000152 0.000921 0.000048 0.000732 0.000152 0.000921 0.000131 0.000935 0.000048 0.000732 0.000097 0.000522 0.000097 0.000723 0.000073 0.000517 0.000097 0.000723 0.000073 0.000728 0.000073 0.000517 0.000073 0.000517 0.000073 0.000728 0.000048 0.000512 0.000073 0.000728 0.000048 0.000732 0.000048 0.000512 0.000174 0.000335 0.000097 0.000522 0.000153 0.000321 0.000097 0.000522 0.000073 0.000517 0.000153 0.000321 0.000153 0.000321 0.000073 0.000517 0.000132 0.000307 0.000073 0.000517 0.000048 0.000512 0.000132 0.000307 0.000317 0.000191 0.000174 0.000335 0.000303 0.000171 0.000174 0.000335 0.000153 0.000321 0.000303 0.000171 0.000303 0.000171 0.000153 0.000321 0.000289 0.000149 0.000153 0.000321 0.000132 0.000307 0.000289 0.000149 0.000505 0.000113 0.000317 0.000191 0.0005 0.000088 0.000317 0.000191 0.000303 0.000171 0.0005 0.000088 0.0005 0.000088 0.000303 0.000171 0.000495 0.000063 0.000303 0.000171 0.000289 0.000149 0.000495 0.000063 0.00071 0.000112 0.000505 0.000113 0.000715 0.000087 0.000505 0.000113 0.0005 0.000088 0.000715 0.000087 0.000715 0.000087 0.0005 0.000088 0.00072 0.000061 0.0005 0.000088 0.000495 0.000063 0.00072 0.000061 0.000901 0.00019 0.00071 0.000112 0.000915 0.000168 0.00071 0.000112 0.000715 0.000087 0.000915 0.000168 0.000915 0.000168 0.000715 0.000087 0.00093 0.000147 0.000715 0.000087 0.00072 0.000061 0.00093 0.000147 0.001048 0.000336 0.000901 0.00019 0.00107 0.000322 0.000901 0.00019 0.000915 0.000168 0.00107 0.000322 0.00107 0.000322 0.000915 0.000168 0.001092 0.000307 0.000915 0.000168 0.00093 0.000147 0.001092 0.000307 0.001129 0.00053 0.001048 0.000336 0.001154 0.000525 0.001048 0.000336 0.00107 0.000322 0.001154 0.000525 0.001154 0.000525 0.00107 0.000322 0.00118 0.00052 0.00107 0.000322 0.001092 0.000307 0.00118 0.00052 0.001127 0.000741 0.001129 0.00053 0.001153 0.000747 0.001129 0.00053 0.001154 0.000525 0.001153 0.000747 0.001153 0.000747 0.001154 0.000525 0.001179 0.000752 0.001154 0.000525 0.00118 0.00052 0.001179 0.000752 0.001042 0.000935 0.001127 0.000741 0.001063 0.00095 0.001127 0.000741 0.001153 0.000747 0.001063 0.00095 0.001063 0.00095 0.001153 0.000747 0.001084 0.000966 0.001153 0.000747 0.001179 0.000752 0.001084 0.000966 0.000884 0.00107 0.001042 0.000935 0.000896 0.001092 0.001042 0.000935 0.001063 0.00095 0.000896 0.001092 0.000896 0.001092 0.001063 0.00095 0.000909 0.001115 0.001063 0.00095 0.001084 0.000966 0.000909 0.001115 0.000691 0.001133 0.000884 0.00107 0.000695 0.001157 0.000884 0.00107 0.000896 0.001092 0.000695 0.001157 0.000695 0.001157 0.000896 0.001092 0.000698 0.001182 0.000896 0.001092 0.000909 0.001115 0.000698 0.001182 0.000767 0.000396 0.000666 0.000353 0.000901 0.00019 0.000666 0.000353 0.00071 0.000112 0.000901 0.00019 0.000444 0.000855 0.000543 0.0009 0.000312 0.001049 0.000543 0.0009 0.000493 0.001127 0.000312 0.001049 0.000666 0.000353 0.000556 0.000351 0.00071 0.000112 0.000556 0.000351 0.000505 0.000113 0.00071 0.000112 0.000691 0.001133 0.000653 0.000904 0.000884 0.00107 0.000653 0.000904 0.000756 0.000863 0.000884 0.00107 0.000543 0.0009 0.000653 0.000904 0.000493 0.001127 0.000653 0.000904 0.000691 0.001133 0.000493 0.001127 0.000556 0.000351 0.000454 0.000391 0.000505 0.000113 0.000454 0.000391 0.000317 0.000191 0.000505 0.000113 0.000884 0.00107 0.000756 0.000863 0.001042 0.000935 0.000756 0.000863 0.000834 0.000787 0.001042 0.000935 0.000454 0.000391 0.000376 0.000467 0.000317 0.000191 0.000376 0.000467 0.000174 0.000335 0.000317 0.000191 0.000834 0.000787 0.000879 0.000689 0.001042 0.000935 0.000879 0.000689 0.001127 0.000741 0.001042 0.000935 0.000376 0.000467 0.000333 0.000566 0.000174 0.000335 0.000333 0.000566 0.000097 0.000522 0.000174 0.000335 0.000879 0.000689 0.000883 0.000579 0.001127 0.000741 0.000883 0.000579 0.001129 0.00053 0.001127 0.000741 0.000333 0.000566 0.00033 0.000675 0.000097 0.000522 0.00033 0.000675 0.000097 0.000723 0.000097 0.000522 0.000883 0.000579 0.000843 0.000476 0.001129 0.00053 0.000843 0.000476 0.001048 0.000336 0.001129 0.00053 0.00033 0.000675 0.000369 0.000776 0.000097 0.000723 0.000369 0.000776 0.000173 0.000908 0.000097 0.000723 0.000843 0.000476 0.000767 0.000396 0.001048 0.000336 0.000767 0.000396 0.000901 0.00019 0.001048 0.000336 0.000516 0.000488 0.000576 0.000464 0.000577 0.00058 0.000576 0.000464 0.000597 0.000575 0.000577 0.00058 0.000374 0.000667 0.000376 0.000576 0.000411 0.000661 0.000376 0.000576 0.000412 0.000584 0.000411 0.000661 0.000769 0.000598 0.000767 0.000663 0.000659 0.00062 0.000767 0.000663 0.000657 0.00064 0.000659 0.00062 0.000466 0.000715 0.000443 0.000655 0.000558 0.000653 0.000443 0.000655 0.000551 0.000633 0.000558 0.000653 0.000767 0.000663 0.000741 0.000721 0.000657 0.00064 0.000741 0.000721 0.000648 0.000659 0.000657 0.00064 0.000648 0.000433 0.000656 0.000396 0.000719 0.000464 0.000656 0.000396 0.000741 0.000433 0.000719 0.000464 0.000412 0.000492 0.000478 0.000428 0.000443 0.000513 0.000478 0.000428 0.000498 0.00046 0.000443 0.000513 0.000634 0.000789 0.000569 0.000788 0.000613 0.000679 0.000569 0.000788 0.000592 0.000678 0.000613 0.000679 0.000656 0.000396 0.000648 0.000433 0.000564 0.000395 0.000648 0.000433 0.00057 0.000432 0.000564 0.000395 0.00064 0.000822 0.000712 0.000794 0.000646 0.00086 0.000712 0.000794 0.000732 0.000826 0.000646 0.00086 0.000741 0.000721 0.000694 0.000766 0.000648 0.000659 0.000694 0.000766 0.000633 0.000672 0.000648 0.000659 0.0007 0.000491 0.000745 0.000538 0.000638 0.000586 0.000745 0.000538 0.000652 0.000601 0.000638 0.000586 0.000798 0.000762 0.000732 0.000826 0.000768 0.00074 0.000732 0.000826 0.000712 0.000794 0.000768 0.00074 0.000491 0.000788 0.00047 0.000819 0.000438 0.000732 0.00047 0.000819 0.000407 0.000752 0.000438 0.000732 0.000491 0.000788 0.000562 0.00082 0.00047 0.000819 0.000562 0.00082 0.000553 0.000856 0.00047 0.000819 0.000444 0.000591 0.00047 0.000532 0.000553 0.000612 0.00047 0.000532 0.000562 0.000594 0.000553 0.000612 0.000576 0.000464 0.000641 0.000465 0.000597 0.000575 0.000641 0.000465 0.000618 0.000577 0.000597 0.000575 0.000411 0.000661 0.000438 0.000732 0.000374 0.000667 0.000438 0.000732 0.000407 0.000752 0.000374 0.000667 0.000745 0.000538 0.000769 0.000598 0.000652 0.000601 0.000769 0.000598 0.000659 0.00062 0.000652 0.000601 0.00051 0.000761 0.000466 0.000715 0.000573 0.000669 0.000466 0.000715 0.000558 0.000653 0.000573 0.000669 0.000799 0.00067 0.000801 0.000592 0.000836 0.000678 0.000801 0.000592 0.000838 0.000586 0.000836 0.000678 0.000641 0.000465 0.0007 0.000491 0.000618 0.000577 0.0007 0.000491 0.000638 0.000586 0.000618 0.000577 0.00047 0.000532 0.000516 0.000488 0.000562 0.000594 0.000516 0.000488 0.000577 0.00058 0.000562 0.000594 0.00057 0.000432 0.000498 0.00046 0.000564 0.000395 0.000498 0.00046 0.000478 0.000428 0.000564 0.000395 0.000376 0.000576 0.000412 0.000492 0.000412 0.000584 0.000412 0.000492 0.000443 0.000513 0.000412 0.000584 0.000694 0.000766 0.000634 0.000789 0.000633 0.000672 0.000634 0.000789 0.000613 0.000679 0.000633 0.000672 0.000836 0.000678 0.000798 0.000762 0.000799 0.00067 0.000798 0.000762 0.000768 0.00074 0.000799 0.00067 0.000569 0.000788 0.00051 0.000761 0.000592 0.000678 0.00051 0.000761 0.000573 0.000669 0.000592 0.000678 0.000805 0.0005 0.000838 0.000586 0.000773 0.00052 0.000838 0.000586 0.000801 0.000592 0.000773 0.00052 0.000443 0.000655 0.000444 0.000591 0.000551 0.000633 0.000444 0.000591 0.000553 0.000612 0.000551 0.000633 0.000719 0.000464 0.000741 0.000433 0.000773 0.00052 0.000741 0.000433 0.000805 0.0005 0.000773 0.00052 0.000569 0.000788 0.000634 0.000789 0.000566 0.000803 0.000634 0.000789 0.000637 0.000805 0.000566 0.000803 0.000566 0.000803 0.000637 0.000805 0.000562 0.00082 0.000637 0.000805 0.00064 0.000822 0.000562 0.00082 0.00051 0.000761 0.000569 0.000788 0.000501 0.000775 0.000569 0.000788 0.000566 0.000803 0.000501 0.000775 0.000501 0.000775 0.000566 0.000803 0.000491 0.000788 0.000566 0.000803 0.000562 0.00082 0.000491 0.000788 0.000466 0.000715 0.00051 0.000761 0.000453 0.000723 0.00051 0.000761 0.000501 0.000775 0.000453 0.000723 0.000453 0.000723 0.000501 0.000775 0.000438 0.000732 0.000501 0.000775 0.000491 0.000788 0.000438 0.000732 0.000443 0.000655 0.000466 0.000715 0.000427 0.000658 0.000466 0.000715 0.000453 0.000723 0.000427 0.000658 0.000427 0.000658 0.000453 0.000723 0.000411 0.000661 0.000453 0.000723 0.000438 0.000732 0.000411 0.000661 0.000444 0.000591 0.000443 0.000655 0.000428 0.000588 0.000443 0.000655 0.000427 0.000658 0.000428 0.000588 0.000428 0.000588 0.000427 0.000658 0.000412 0.000584 0.000427 0.000658 0.000411 0.000661 0.000412 0.000584 0.00047 0.000532 0.000444 0.000591 0.000457 0.000523 0.000444 0.000591 0.000428 0.000588 0.000457 0.000523 0.000457 0.000523 0.000428 0.000588 0.000443 0.000513 0.000428 0.000588 0.000412 0.000584 0.000443 0.000513 0.000516 0.000488 0.00047 0.000532 0.000507 0.000474 0.00047 0.000532 0.000457 0.000523 0.000507 0.000474 0.000507 0.000474 0.000457 0.000523 0.000498 0.00046 0.000457 0.000523 0.000443 0.000513 0.000498 0.00046 0.000576 0.000464 0.000516 0.000488 0.000573 0.000448 0.000516 0.000488 0.000507 0.000474 0.000573 0.000448 0.000573 0.000448 0.000507 0.000474 0.00057 0.000432 0.000507 0.000474 0.000498 0.00046 0.00057 0.000432 0.000641 0.000465 0.000576 0.000464 0.000644 0.00045 0.000576 0.000464 0.000573 0.000448 0.000644 0.00045 0.000644 0.00045 0.000573 0.000448 0.000648 0.000433 0.000573 0.000448 0.00057 0.000432 0.000648 0.000433 0.0007 0.000491 0.000641 0.000465 0.000709 0.000478 0.000641 0.000465 0.000644 0.00045 0.000709 0.000478 0.000709 0.000478 0.000644 0.00045 0.000719 0.000464 0.000644 0.00045 0.000648 0.000433 0.000719 0.000464 0.000745 0.000538 0.0007 0.000491 0.000759 0.000529 0.0007 0.000491 0.000709 0.000478 0.000759 0.000529 0.000759 0.000529 0.000709 0.000478 0.000773 0.00052 0.000709 0.000478 0.000719 0.000464 0.000773 0.00052 0.000769 0.000598 0.000745 0.000538 0.000785 0.000595 0.000745 0.000538 0.000759 0.000529 0.000785 0.000595 0.000785 0.000595 0.000759 0.000529 0.000801 0.000592 0.000759 0.000529 0.000773 0.00052 0.000801 0.000592 0.000767 0.000663 0.000769 0.000598 0.000783 0.000666 0.000769 0.000598 0.000785 0.000595 0.000783 0.000666 0.000783 0.000666 0.000785 0.000595 0.000799 0.00067 0.000785 0.000595 0.000801 0.000592 0.000799 0.00067 0.000741 0.000721 0.000767 0.000663 0.000754 0.000731 0.000767 0.000663 0.000783 0.000666 0.000754 0.000731 0.000754 0.000731 0.000783 0.000666 0.000768 0.00074 0.000783 0.000666 0.000799 0.00067 0.000768 0.00074 0.000694 0.000766 0.000741 0.000721 0.000703 0.00078 0.000741 0.000721 0.000754 0.000731 0.000703 0.00078 0.000703 0.00078 0.000754 0.000731 0.000712 0.000794 0.000754 0.000731 0.000768 0.00074 0.000712 0.000794 0.000634 0.000789 0.000694 0.000766 0.000637 0.000805 0.000694 0.000766 0.000703 0.00078 0.000637 0.000805 0.000637 0.000805 0.000703 0.00078 0.00064 0.000822 0.000703 0.00078 0.000712 0.000794 0.00064 0.000822 0.000562 0.00082 0.00064 0.000822 0.000553 0.000856 0.00064 0.000822 0.000646 0.00086 0.000553 0.000856</float_array>
					<technique_common>
						<accessor source="#3626v2-mesh-map-0-array" count="3456" stride="2">
							<param name="S" type="float"/>
							<param name="T" type="float"/>
						</accessor>
					</technique_common>
				</source>
				<source id="3626v2-mesh-map-1">
					<float_array id="3626v2-mesh-map-1-array" count="6912">0.896 0.795 0.863 0.795 0.896 0.735 0.863 0.795 0.863 0.735 0.896 0.735 0.863 0.856 0.863 0.795 0.896 0.856 0.863 0.795 0.896 0.795 0.896 0.856 0.896 0.856 0.896 0.918 0.863 0.856 0.896 0.918 0.863 0.918 0.863 0.856 0 0 0 0 0 0 0 0 0 0 0 0 0 0 0 0 0 0 0 0 0 0 0 0 0 0 0 0 0 0 0 0 0 0 0 0 0 0 0 0 0 0 0 0 0 0 0 0 0 0 0 0 0 0 0 0 0 0 0 0 0.896 0.066 0.896 0.128 0.863 0.066 0.896 0.128 0.863 0.128 0.863 0.066 0.896 0.128 0.896 0.189 0.863 0.128 0.896 0.189 0.863 0.189 0.863 0.128 0.896 0.189 0.896 0.249 0.863 0.189 0.896 0.249 0.863 0.249 0.863 0.189 0 0 0 0 0 0 0 0 0 0 0 0 0.896 0.253 0.863 0.253 0.896 0.249 0.863 0.253 0.863 0.249 0.896 0.249 0 0 0 0 0 0 0 0 0 0 0 0 0 0 0 0 0 0 0 0 0 0 0 0 0 0 0 0 0 0 0 0 0 0 0 0 0 0 0 0 0 0 0 0 0 0 0 0 0.863 0.253 0.831 0.253 0.863 0.249 0.831 0.253 0.831 0.249 0.863 0.249 0 0 0 0 0 0 0 0 0 0 0 0 0.863 0.189 0.863 0.249 0.831 0.189 0.863 0.249 0.831 0.249 0.831 0.189 0.863 0.128 0.863 0.189 0.831 0.128 0.863 0.189 0.831 0.189 0.831 0.128 0.863 0.066 0.863 0.128 0.831 0.066 0.863 0.128 0.831 0.128 0.831 0.066 0 0 0 0 0 0 0 0 0 0 0 0 0 0 0 0 0 0 0 0 0 0 0 0 0 0 0 0 0 0 0 0 0 0 0 0 0 0 0 0 0 0 0 0 0 0 0 0 0 0 0 0 0 0 0 0 0 0 0 0 0.863 0.856 0.863 0.918 0.831 0.856 0.863 0.918 0.831 0.918 0.831 0.856 0.863 0.795 0.863 0.856 0.831 0.795 0.863 0.856 0.831 0.856 0.831 0.795 0.863 0.795 0.831 0.795 0.863 0.735 0.831 0.795 0.831 0.735 0.863 0.735 0.831 0.795 0.799 0.795 0.831 0.735 0.799 0.795 0.799 0.735 0.831 0.735 0.831 0.795 0.831 0.856 0.799 0.795 0.831 0.856 0.799 0.856 0.799 0.795 0.831 0.856 0.831 0.918 0.799 0.856 0.831 0.918 0.799 0.918 0.799 0.856 0 0 0 0 0 0 0 0 0 0 0 0 0 0 0 0 0 0 0 0 0 0 0 0 0 0 0 0 0 0 0 0 0 0 0 0 0 0 0 0 0 0 0 0 0 0 0 0 0 0 0 0 0 0 0 0 0 0 0 0 0.831 0.066 0.831 0.128 0.799 0.066 0.831 0.128 0.799 0.128 0.799 0.066 0.831 0.128 0.831 0.189 0.799 0.128 0.831 0.189 0.799 0.189 0.799 0.128 0.831 0.189 0.831 0.249 0.799 0.189 0.831 0.249 0.799 0.249 0.799 0.189 0 0 0 0 0 0 0 0 0 0 0 0 0.831 0.253 0.799 0.253 0.831 0.249 0.799 0.253 0.799 0.249 0.831 0.249 0 0 0 0 0 0 0 0 0 0 0 0 0 0 0 0 0 0 0 0 0 0 0 0 0 0 0 0 0 0 0 0 0 0 0 0 0 0 0 0 0 0 0 0 0 0 0 0 0.799 0.253 0.766 0.253 0.799 0.249 0.766 0.253 0.766 0.249 0.799 0.249 0 0 0 0 0 0 0 0 0 0 0 0 0.799 0.189 0.799 0.249 0.766 0.189 0.799 0.249 0.766 0.249 0.766 0.189 0.799 0.128 0.799 0.189 0.766 0.128 0.799 0.189 0.766 0.189 0.766 0.128 0.799 0.066 0.799 0.128 0.766 0.066 0.799 0.128 0.766 0.128 0.766 0.066 0 0 0 0 0 0 0 0 0 0 0 0 0 0 0 0 0 0 0 0 0 0 0 0 0 0 0 0 0 0 0 0 0 0 0 0 0 0 0 0 0 0 0 0 0 0 0 0 0 0 0 0 0 0 0 0 0 0 0 0 0.799 0.856 0.799 0.918 0.766 0.856 0.799 0.918 0.766 0.918 0.766 0.856 0.799 0.795 0.799 0.856 0.766 0.795 0.799 0.856 0.766 0.856 0.766 0.795 0.799 0.795 0.766 0.795 0.799 0.735 0.766 0.795 0.766 0.735 0.799 0.735 0.766 0.795 0.733 0.795 0.766 0.735 0.733 0.795 0.733 0.735 0.766 0.735 0.766 0.795 0.766 0.856 0.733 0.795 0.766 0.856 0.733 0.856 0.733 0.795 0.766 0.856 0.766 0.918 0.733 0.856 0.766 0.918 0.733 0.918 0.733 0.856 0 0 0 0 0 0 0 0 0 0 0 0 0 0 0 0 0 0 0 0 0 0 0 0 0 0 0 0 0 0 0 0 0 0 0 0 0 0 0 0 0 0 0 0 0 0 0 0 0 0 0 0 0 0 0 0 0 0 0 0 0.766 0.066 0.766 0.128 0.733 0.066 0.766 0.128 0.733 0.128 0.733 0.066 0.766 0.128 0.766 0.189 0.733 0.128 0.766 0.189 0.733 0.189 0.733 0.128 0.766 0.189 0.766 0.249 0.733 0.189 0.766 0.249 0.733 0.249 0.733 0.189 0 0 0 0 0 0 0 0 0 0 0 0 0.766 0.253 0.733 0.253 0.766 0.249 0.733 0.253 0.733 0.249 0.766 0.249 0 0 0 0 0 0 0 0 0 0 0 0 0 0 0 0 0 0 0 0 0 0 0 0 0 0 0 0 0 0 0 0 0 0 0 0 0 0 0 0 0 0 0 0 0 0 0 0 0.733 0.253 0.699 0.253 0.733 0.249 0.699 0.253 0.699 0.249 0.733 0.249 0 0 0 0 0 0 0 0 0 0 0 0 0.733 0.189 0.733 0.249 0.699 0.189 0.733 0.249 0.699 0.249 0.699 0.189 0.733 0.128 0.733 0.189 0.699 0.128 0.733 0.189 0.699 0.189 0.699 0.128 0.733 0.066 0.733 0.128 0.699 0.066 0.733 0.128 0.699 0.128 0.699 0.066 0 0 0 0 0 0 0 0 0 0 0 0 0 0 0 0 0 0 0 0 0 0 0 0 0 0 0 0 0 0 0 0 0 0 0 0 0 0 0 0 0 0 0 0 0 0 0 0 0 0 0 0 0 0 0 0 0 0 0 0 0.733 0.856 0.733 0.918 0.699 0.856 0.733 0.918 0.699 0.918 0.699 0.856 0.733 0.795 0.733 0.856 0.699 0.795 0.733 0.856 0.699 0.856 0.699 0.795 0.733 0.795 0.699 0.795 0.733 0.735 0.699 0.795 0.699 0.735 0.733 0.735 0 0 0 0 0 0 0 0 0 0 0 0 0 0 0 0 0 0 0 0 0 0 0 0 0 0 0 0 0 0 0 0 0 0 0 0 0 0 0 0 0 0 0 0 0 0 0 0 0 0 0 0 0 0 0 0 0 0 0 0 0 0 0 0 0 0 0 0 0 0 0 0 0.733 0.735 0.699 0.735 0.733 0.729 0.699 0.735 0.699 0.729 0.733 0.729 0.766 0.735 0.733 0.735 0.766 0.729 0.733 0.735 0.733 0.729 0.766 0.729 0.799 0.735 0.766 0.735 0.799 0.729 0.766 0.735 0.766 0.729 0.799 0.729 0.831 0.735 0.799 0.735 0.831 0.729 0.799 0.735 0.799 0.729 0.831 0.729 0.863 0.735 0.831 0.735 0.863 0.729 0.831 0.735 0.831 0.729 0.863 0.729 0.896 0.735 0.863 0.735 0.896 0.729 0.863 0.735 0.863 0.729 0.896 0.729 0.733 0.729 0.699 0.729 0.733 0.253 0.699 0.729 0.699 0.253 0.733 0.253 0.766 0.729 0.733 0.729 0.766 0.253 0.733 0.729 0.733 0.253 0.766 0.253 0.799 0.729 0.766 0.729 0.799 0.253 0.766 0.729 0.766 0.253 0.799 0.253 0.831 0.729 0.799 0.729 0.831 0.253 0.799 0.729 0.799 0.253 0.831 0.253 0.863 0.729 0.831 0.729 0.863 0.253 0.831 0.729 0.831 0.253 0.863 0.253 0.896 0.729 0.863 0.729 0.896 0.253 0.863 0.729 0.863 0.253 0.896 0.253 0.495 0.795 0.495 0.735 0.529 0.795 0.495 0.735 0.529 0.735 0.529 0.795 0.495 0.795 0.529 0.795 0.495 0.856 0.529 0.795 0.529 0.856 0.495 0.856 0.495 0.856 0.529 0.856 0.495 0.918 0.529 0.856 0.529 0.918 0.495 0.918 0 0 0 0 0 0 0 0 0 0 0 0 0 0 0 0 0 0 0 0 0 0 0 0 0 0 0 0 0 0 0 0 0 0 0 0 0 0 0 0 0 0 0 0 0 0 0 0 0 0 0 0 0 0 0 0 0 0 0 0 0.495 0.066 0.529 0.066 0.495 0.128 0.529 0.066 0.529 0.128 0.495 0.128 0.495 0.128 0.529 0.128 0.495 0.189 0.529 0.128 0.529 0.189 0.495 0.189 0.495 0.189 0.529 0.189 0.495 0.249 0.529 0.189 0.529 0.249 0.495 0.249 0 0 0 0 0 0 0 0 0 0 0 0 0.495 0.253 0.495 0.249 0.529 0.253 0.495 0.249 0.529 0.249 0.529 0.253 0 0 0 0 0 0 0 0 0 0 0 0 0 0 0 0 0 0 0 0 0 0 0 0 0 0 0 0 0 0 0 0 0 0 0 0 0 0 0 0 0 0 0 0 0 0 0 0 0.529 0.253 0.529 0.249 0.564 0.253 0.529 0.249 0.564 0.249 0.564 0.253 0 0 0 0 0 0 0 0 0 0 0 0 0.529 0.189 0.564 0.189 0.529 0.249 0.564 0.189 0.564 0.249 0.529 0.249 0.529 0.128 0.564 0.128 0.529 0.189 0.564 0.128 0.564 0.189 0.529 0.189 0.529 0.066 0.564 0.066 0.529 0.128 0.564 0.066 0.564 0.128 0.529 0.128 0 0 0 0 0 0 0 0 0 0 0 0 0 0 0 0 0 0 0 0 0 0 0 0 0 0 0 0 0 0 0 0 0 0 0 0 0 0 0 0 0 0 0 0 0 0 0 0 0 0 0 0 0 0 0 0 0 0 0 0 0.529 0.856 0.564 0.856 0.529 0.918 0.564 0.856 0.564 0.918 0.529 0.918 0.529 0.795 0.564 0.795 0.529 0.856 0.564 0.795 0.564 0.856 0.529 0.856 0.529 0.795 0.529 0.735 0.564 0.795 0.529 0.735 0.564 0.735 0.564 0.795 0.564 0.795 0.564 0.735 0.598 0.795 0.564 0.735 0.598 0.735 0.598 0.795 0.564 0.795 0.598 0.795 0.564 0.856 0.598 0.795 0.598 0.856 0.564 0.856 0.564 0.856 0.598 0.856 0.564 0.918 0.598 0.856 0.598 0.918 0.564 0.918 0 0 0 0 0 0 0 0 0 0 0 0 0 0 0 0 0 0 0 0 0 0 0 0 0 0 0 0 0 0 0 0 0 0 0 0 0 0 0 0 0 0 0 0 0 0 0 0 0 0 0 0 0 0 0 0 0 0 0 0 0.564 0.066 0.598 0.066 0.564 0.128 0.598 0.066 0.598 0.128 0.564 0.128 0.564 0.128 0.598 0.128 0.564 0.189 0.598 0.128 0.598 0.189 0.564 0.189 0.564 0.189 0.598 0.189 0.564 0.249 0.598 0.189 0.598 0.249 0.564 0.249 0 0 0 0 0 0 0 0 0 0 0 0 0.564 0.253 0.564 0.249 0.598 0.253 0.564 0.249 0.598 0.249 0.598 0.253 0 0 0 0 0 0 0 0 0 0 0 0 0 0 0 0 0 0 0 0 0 0 0 0 0 0 0 0 0 0 0 0 0 0 0 0 0 0 0 0 0 0 0 0 0 0 0 0 0.598 0.253 0.598 0.249 0.632 0.253 0.598 0.249 0.632 0.249 0.632 0.253 0 0 0 0 0 0 0 0 0 0 0 0 0.598 0.189 0.632 0.189 0.598 0.249 0.632 0.189 0.632 0.249 0.598 0.249 0.598 0.128 0.632 0.128 0.598 0.189 0.632 0.128 0.632 0.189 0.598 0.189 0.598 0.066 0.632 0.066 0.598 0.128 0.632 0.066 0.632 0.128 0.598 0.128 0 0 0 0 0 0 0 0 0 0 0 0 0 0 0 0 0 0 0 0 0 0 0 0 0 0 0 0 0 0 0 0 0 0 0 0 0 0 0 0 0 0 0 0 0 0 0 0 0 0 0 0 0 0 0 0 0 0 0 0 0.598 0.856 0.632 0.856 0.598 0.918 0.632 0.856 0.632 0.918 0.598 0.918 0.598 0.795 0.632 0.795 0.598 0.856 0.632 0.795 0.632 0.856 0.598 0.856 0.598 0.795 0.598 0.735 0.632 0.795 0.598 0.735 0.632 0.735 0.632 0.795 0.632 0.795 0.632 0.735 0.666 0.795 0.632 0.735 0.666 0.735 0.666 0.795 0.632 0.795 0.666 0.795 0.632 0.856 0.666 0.795 0.666 0.856 0.632 0.856 0.632 0.856 0.666 0.856 0.632 0.918 0.666 0.856 0.666 0.918 0.632 0.918 0 0 0 0 0 0 0 0 0 0 0 0 0 0 0 0 0 0 0 0 0 0 0 0 0 0 0 0 0 0 0 0 0 0 0 0 0 0 0 0 0 0 0 0 0 0 0 0 0 0 0 0 0 0 0 0 0 0 0 0 0.632 0.066 0.666 0.066 0.632 0.128 0.666 0.066 0.666 0.128 0.632 0.128 0.632 0.128 0.666 0.128 0.632 0.189 0.666 0.128 0.666 0.189 0.632 0.189 0.632 0.189 0.666 0.189 0.632 0.249 0.666 0.189 0.666 0.249 0.632 0.249 0 0 0 0 0 0 0 0 0 0 0 0 0.632 0.253 0.632 0.249 0.666 0.253 0.632 0.249 0.666 0.249 0.666 0.253 0 0 0 0 0 0 0 0 0 0 0 0 0 0 0 0 0 0 0 0 0 0 0 0 0 0 0 0 0 0 0 0 0 0 0 0 0 0 0 0 0 0 0 0 0 0 0 0 0.666 0.253 0.666 0.249 0.699 0.253 0.666 0.249 0.699 0.249 0.699 0.253 0 0 0 0 0 0 0 0 0 0 0 0 0.666 0.189 0.699 0.189 0.666 0.249 0.699 0.189 0.699 0.249 0.666 0.249 0.666 0.128 0.699 0.128 0.666 0.189 0.699 0.128 0.699 0.189 0.666 0.189 0.666 0.066 0.699 0.066 0.666 0.128 0.699 0.066 0.699 0.128 0.666 0.128 0 0 0 0 0 0 0 0 0 0 0 0 0 0 0 0 0 0 0 0 0 0 0 0 0 0 0 0 0 0 0 0 0 0 0 0 0 0 0 0 0 0 0 0 0 0 0 0 0 0 0 0 0 0 0 0 0 0 0 0 0.666 0.856 0.699 0.856 0.666 0.918 0.699 0.856 0.699 0.918 0.666 0.918 0.666 0.795 0.699 0.795 0.666 0.856 0.699 0.795 0.699 0.856 0.666 0.856 0.666 0.795 0.666 0.735 0.699 0.795 0.666 0.735 0.699 0.735 0.699 0.795 0 0 0 0 0 0 0 0 0 0 0 0 0 0 0 0 0 0 0 0 0 0 0 0 0 0 0 0 0 0 0 0 0 0 0 0 0 0 0 0 0 0 0 0 0 0 0 0 0 0 0 0 0 0 0 0 0 0 0 0 0 0 0 0 0 0 0 0 0 0 0 0 0.666 0.735 0.666 0.729 0.699 0.735 0.666 0.729 0.699 0.729 0.699 0.735 0.632 0.735 0.632 0.729 0.666 0.735 0.632 0.729 0.666 0.729 0.666 0.735 0.598 0.735 0.598 0.729 0.632 0.735 0.598 0.729 0.632 0.729 0.632 0.735 0.564 0.735 0.564 0.729 0.598 0.735 0.564 0.729 0.598 0.729 0.598 0.735 0.529 0.735 0.529 0.729 0.564 0.735 0.529 0.729 0.564 0.729 0.564 0.735 0.495 0.735 0.495 0.729 0.529 0.735 0.495 0.729 0.529 0.729 0.529 0.735 0.666 0.729 0.666 0.253 0.699 0.729 0.666 0.253 0.699 0.253 0.699 0.729 0.632 0.729 0.632 0.253 0.666 0.729 0.632 0.253 0.666 0.253 0.666 0.729 0.598 0.729 0.598 0.253 0.632 0.729 0.598 0.253 0.632 0.253 0.632 0.729 0.564 0.729 0.564 0.253 0.598 0.729 0.564 0.253 0.598 0.253 0.598 0.729 0.529 0.729 0.529 0.253 0.564 0.729 0.529 0.253 0.564 0.253 0.564 0.729 0.495 0.729 0.495 0.253 0.529 0.729 0.495 0.253 0.529 0.253 0.529 0.729 0.096 0.795 0.096 0.735 0.128 0.795 0.096 0.735 0.128 0.735 0.128 0.795 0.096 0.795 0.128 0.795 0.096 0.856 0.128 0.795 0.128 0.856 0.096 0.856 0.096 0.856 0.128 0.856 0.096 0.918 0.128 0.856 0.128 0.918 0.096 0.918 0 0 0 0 0 0 0 0 0 0 0 0 0 0 0 0 0 0 0 0 0 0 0 0 0 0 0 0 0 0 0 0 0 0 0 0 0 0 0 0 0 0 0 0 0 0 0 0 0 0 0 0 0 0 0 0 0 0 0 0 0.096 0.066 0.128 0.066 0.096 0.128 0.128 0.066 0.128 0.128 0.096 0.128 0.096 0.128 0.128 0.128 0.096 0.189 0.128 0.128 0.128 0.189 0.096 0.189 0.096 0.189 0.128 0.189 0.096 0.249 0.128 0.189 0.128 0.249 0.096 0.249 0 0 0 0 0 0 0 0 0 0 0 0 0.096 0.253 0.096 0.249 0.128 0.253 0.096 0.249 0.128 0.249 0.128 0.253 0 0 0 0 0 0 0 0 0 0 0 0 0 0 0 0 0 0 0 0 0 0 0 0 0 0 0 0 0 0 0 0 0 0 0 0 0 0 0 0 0 0 0 0 0 0 0 0 0.128 0.253 0.128 0.249 0.161 0.253 0.128 0.249 0.161 0.249 0.161 0.253 0 0 0 0 0 0 0 0 0 0 0 0 0.128 0.189 0.161 0.189 0.128 0.249 0.161 0.189 0.161 0.249 0.128 0.249 0.128 0.128 0.161 0.128 0.128 0.189 0.161 0.128 0.161 0.189 0.128 0.189 0.128 0.066 0.161 0.066 0.128 0.128 0.161 0.066 0.161 0.128 0.128 0.128 0 0 0 0 0 0 0 0 0 0 0 0 0 0 0 0 0 0 0 0 0 0 0 0 0 0 0 0 0 0 0 0 0 0 0 0 0 0 0 0 0 0 0 0 0 0 0 0 0 0 0 0 0 0 0 0 0 0 0 0 0.128 0.856 0.161 0.856 0.128 0.918 0.161 0.856 0.161 0.918 0.128 0.918 0.128 0.795 0.161 0.795 0.128 0.856 0.161 0.795 0.161 0.856 0.128 0.856 0.128 0.795 0.128 0.735 0.161 0.795 0.128 0.735 0.161 0.735 0.161 0.795 0.161 0.795 0.161 0.735 0.193 0.795 0.161 0.735 0.193 0.735 0.193 0.795 0.161 0.795 0.193 0.795 0.161 0.856 0.193 0.795 0.193 0.856 0.161 0.856 0.161 0.856 0.193 0.856 0.161 0.918 0.193 0.856 0.193 0.918 0.161 0.918 0 0 0 0 0 0 0 0 0 0 0 0 0 0 0 0 0 0 0 0 0 0 0 0 0 0 0 0 0 0 0 0 0 0 0 0 0 0 0 0 0 0 0 0 0 0 0 0 0 0 0 0 0 0 0 0 0 0 0 0 0.161 0.066 0.193 0.066 0.161 0.128 0.193 0.066 0.193 0.128 0.161 0.128 0.161 0.128 0.193 0.128 0.161 0.189 0.193 0.128 0.193 0.189 0.161 0.189 0.161 0.189 0.193 0.189 0.161 0.249 0.193 0.189 0.193 0.249 0.161 0.249 0 0 0 0 0 0 0 0 0 0 0 0 0.161 0.253 0.161 0.249 0.193 0.253 0.161 0.249 0.193 0.249 0.193 0.253 0 0 0 0 0 0 0 0 0 0 0 0 0 0 0 0 0 0 0 0 0 0 0 0 0 0 0 0 0 0 0 0 0 0 0 0 0 0 0 0 0 0 0 0 0 0 0 0 0.193 0.253 0.193 0.249 0.226 0.253 0.193 0.249 0.226 0.249 0.226 0.253 0 0 0 0 0 0 0 0 0 0 0 0 0.193 0.189 0.226 0.189 0.193 0.249 0.226 0.189 0.226 0.249 0.193 0.249 0.193 0.128 0.226 0.128 0.193 0.189 0.226 0.128 0.226 0.189 0.193 0.189 0.193 0.066 0.226 0.066 0.193 0.128 0.226 0.066 0.226 0.128 0.193 0.128 0 0 0 0 0 0 0 0 0 0 0 0 0 0 0 0 0 0 0 0 0 0 0 0 0 0 0 0 0 0 0 0 0 0 0 0 0 0 0 0 0 0 0 0 0 0 0 0 0 0 0 0 0 0 0 0 0 0 0 0 0.193 0.856 0.226 0.856 0.193 0.918 0.226 0.856 0.226 0.918 0.193 0.918 0.193 0.795 0.226 0.795 0.193 0.856 0.226 0.795 0.226 0.856 0.193 0.856 0.193 0.795 0.193 0.735 0.226 0.795 0.193 0.735 0.226 0.735 0.226 0.795 0.226 0.795 0.226 0.735 0.259 0.795 0.226 0.735 0.259 0.735 0.259 0.795 0.226 0.795 0.259 0.795 0.226 0.856 0.259 0.795 0.259 0.856 0.226 0.856 0.226 0.856 0.259 0.856 0.226 0.918 0.259 0.856 0.259 0.918 0.226 0.918 0 0 0 0 0 0 0 0 0 0 0 0 0 0 0 0 0 0 0 0 0 0 0 0 0 0 0 0 0 0 0 0 0 0 0 0 0 0 0 0 0 0 0 0 0 0 0 0 0 0 0 0 0 0 0 0 0 0 0 0 0.226 0.066 0.259 0.066 0.226 0.128 0.259 0.066 0.259 0.128 0.226 0.128 0.226 0.128 0.259 0.128 0.226 0.189 0.259 0.128 0.259 0.189 0.226 0.189 0.226 0.189 0.259 0.189 0.226 0.249 0.259 0.189 0.259 0.249 0.226 0.249 0 0 0 0 0 0 0 0 0 0 0 0 0.226 0.253 0.226 0.249 0.259 0.253 0.226 0.249 0.259 0.249 0.259 0.253 0 0 0 0 0 0 0 0 0 0 0 0 0 0 0 0 0 0 0 0 0 0 0 0 0 0 0 0 0 0 0 0 0 0 0 0 0 0 0 0 0 0 0 0 0 0 0 0 0.259 0.253 0.259 0.249 0.292 0.253 0.259 0.249 0.292 0.249 0.292 0.253 0 0 0 0 0 0 0 0 0 0 0 0 0.259 0.189 0.292 0.189 0.259 0.249 0.292 0.189 0.292 0.249 0.259 0.249 0.259 0.128 0.292 0.128 0.259 0.189 0.292 0.128 0.292 0.189 0.259 0.189 0.259 0.066 0.292 0.066 0.259 0.128 0.292 0.066 0.292 0.128 0.259 0.128 0 0 0 0 0 0 0 0 0 0 0 0 0 0 0 0 0 0 0 0 0 0 0 0 0 0 0 0 0 0 0 0 0 0 0 0 0 0 0 0 0 0 0 0 0 0 0 0 0 0 0 0 0 0 0 0 0 0 0 0 0.259 0.856 0.292 0.856 0.259 0.918 0.292 0.856 0.292 0.918 0.259 0.918 0.259 0.795 0.292 0.795 0.259 0.856 0.292 0.795 0.292 0.856 0.259 0.856 0.259 0.795 0.259 0.735 0.292 0.795 0.259 0.735 0.292 0.735 0.292 0.795 0 0 0 0 0 0 0 0 0 0 0 0 0 0 0 0 0 0 0 0 0 0 0 0 0 0 0 0 0 0 0 0 0 0 0 0 0 0 0 0 0 0 0 0 0 0 0 0 0 0 0 0 0 0 0 0 0 0 0 0 0 0 0 0 0 0 0 0 0 0 0 0 0.259 0.735 0.259 0.729 0.292 0.735 0.259 0.729 0.292 0.729 0.292 0.735 0.226 0.735 0.226 0.729 0.259 0.735 0.226 0.729 0.259 0.729 0.259 0.735 0.193 0.735 0.193 0.729 0.226 0.735 0.193 0.729 0.226 0.729 0.226 0.735 0.161 0.735 0.161 0.729 0.193 0.735 0.161 0.729 0.193 0.729 0.193 0.735 0.128 0.735 0.128 0.729 0.161 0.735 0.128 0.729 0.161 0.729 0.161 0.735 0.096 0.735 0.096 0.729 0.128 0.735 0.096 0.729 0.128 0.729 0.128 0.735 0.259 0.729 0.259 0.253 0.292 0.729 0.259 0.253 0.292 0.253 0.292 0.729 0.226 0.729 0.226 0.253 0.259 0.729 0.226 0.253 0.259 0.253 0.259 0.729 0.193 0.729 0.193 0.253 0.226 0.729 0.193 0.253 0.226 0.253 0.226 0.729 0.161 0.729 0.161 0.253 0.193 0.729 0.161 0.253 0.193 0.253 0.193 0.729 0.128 0.729 0.128 0.253 0.161 0.729 0.128 0.253 0.161 0.253 0.161 0.729 0.096 0.729 0.096 0.253 0.128 0.729 0.096 0.253 0.128 0.253 0.128 0.729 0.495 0.795 0.462 0.795 0.495 0.735 0.462 0.795 0.462 0.735 0.495 0.735 0.495 0.795 0.495 0.856 0.462 0.795 0.495 0.856 0.462 0.856 0.462 0.795 0.495 0.856 0.495 0.918 0.462 0.856 0.495 0.918 0.462 0.918 0.462 0.856 0 0 0 0 0 0 0 0 0 0 0 0 0 0 0 0 0 0 0 0 0 0 0 0 0 0 0 0 0 0 0 0 0 0 0 0 0 0 0 0 0 0 0 0 0 0 0 0 0 0 0 0 0 0 0 0 0 0 0 0 0.495 0.066 0.495 0.128 0.462 0.066 0.495 0.128 0.462 0.128 0.462 0.066 0.495 0.128 0.495 0.189 0.462 0.128 0.495 0.189 0.462 0.189 0.462 0.128 0.495 0.189 0.495 0.249 0.462 0.189 0.495 0.249 0.462 0.249 0.462 0.189 0 0 0 0 0 0 0 0 0 0 0 0 0.495 0.253 0.462 0.253 0.495 0.249 0.462 0.253 0.462 0.249 0.495 0.249 0 0 0 0 0 0 0 0 0 0 0 0 0 0 0 0 0 0 0 0 0 0 0 0 0 0 0 0 0 0 0 0 0 0 0 0 0 0 0 0 0 0 0 0 0 0 0 0 0.462 0.253 0.427 0.253 0.462 0.249 0.427 0.253 0.427 0.249 0.462 0.249 0 0 0 0 0 0 0 0 0 0 0 0 0.462 0.189 0.462 0.249 0.427 0.189 0.462 0.249 0.427 0.249 0.427 0.189 0.462 0.128 0.462 0.189 0.427 0.128 0.462 0.189 0.427 0.189 0.427 0.128 0.462 0.066 0.462 0.128 0.427 0.066 0.462 0.128 0.427 0.128 0.427 0.066 0 0 0 0 0 0 0 0 0 0 0 0 0 0 0 0 0 0 0 0 0 0 0 0 0 0 0 0 0 0 0 0 0 0 0 0 0 0 0 0 0 0 0 0 0 0 0 0 0 0 0 0 0 0 0 0 0 0 0 0 0.462 0.856 0.462 0.918 0.427 0.856 0.462 0.918 0.427 0.918 0.427 0.856 0.462 0.795 0.462 0.856 0.427 0.795 0.462 0.856 0.427 0.856 0.427 0.795 0.462 0.795 0.427 0.795 0.462 0.735 0.427 0.795 0.427 0.735 0.462 0.735 0.427 0.795 0.393 0.795 0.427 0.735 0.393 0.795 0.393 0.735 0.427 0.735 0.427 0.795 0.427 0.856 0.393 0.795 0.427 0.856 0.393 0.856 0.393 0.795 0.427 0.856 0.427 0.918 0.393 0.856 0.427 0.918 0.393 0.918 0.393 0.856 0 0 0 0 0 0 0 0 0 0 0 0 0 0 0 0 0 0 0 0 0 0 0 0 0 0 0 0 0 0 0 0 0 0 0 0 0 0 0 0 0 0 0 0 0 0 0 0 0 0 0 0 0 0 0 0 0 0 0 0 0.427 0.066 0.427 0.128 0.393 0.066 0.427 0.128 0.393 0.128 0.393 0.066 0.427 0.128 0.427 0.189 0.393 0.128 0.427 0.189 0.393 0.189 0.393 0.128 0.427 0.189 0.427 0.249 0.393 0.189 0.427 0.249 0.393 0.249 0.393 0.189 0 0 0 0 0 0 0 0 0 0 0 0 0.427 0.253 0.393 0.253 0.427 0.249 0.393 0.253 0.393 0.249 0.427 0.249 0 0 0 0 0 0 0 0 0 0 0 0 0 0 0 0 0 0 0 0 0 0 0 0 0 0 0 0 0 0 0 0 0 0 0 0 0 0 0 0 0 0 0 0 0 0 0 0 0.393 0.253 0.36 0.253 0.393 0.249 0.36 0.253 0.36 0.249 0.393 0.249 0 0 0 0 0 0 0 0 0 0 0 0 0.393 0.189 0.393 0.249 0.36 0.189 0.393 0.249 0.36 0.249 0.36 0.189 0.393 0.128 0.393 0.189 0.36 0.128 0.393 0.189 0.36 0.189 0.36 0.128 0.393 0.066 0.393 0.128 0.36 0.066 0.393 0.128 0.36 0.128 0.36 0.066 0 0 0 0 0 0 0 0 0 0 0 0 0 0 0 0 0 0 0 0 0 0 0 0 0 0 0 0 0 0 0 0 0 0 0 0 0 0 0 0 0 0 0 0 0 0 0 0 0 0 0 0 0 0 0 0 0 0 0 0 0.393 0.856 0.393 0.918 0.36 0.856 0.393 0.918 0.36 0.918 0.36 0.856 0.393 0.795 0.393 0.856 0.36 0.795 0.393 0.856 0.36 0.856 0.36 0.795 0.393 0.795 0.36 0.795 0.393 0.735 0.36 0.795 0.36 0.735 0.393 0.735 0.36 0.795 0.325 0.795 0.36 0.735 0.325 0.795 0.325 0.735 0.36 0.735 0.36 0.795 0.36 0.856 0.325 0.795 0.36 0.856 0.325 0.856 0.325 0.795 0.36 0.856 0.36 0.918 0.325 0.856 0.36 0.918 0.325 0.918 0.325 0.856 0 0 0 0 0 0 0 0 0 0 0 0 0 0 0 0 0 0 0 0 0 0 0 0 0 0 0 0 0 0 0 0 0 0 0 0 0 0 0 0 0 0 0 0 0 0 0 0 0 0 0 0 0 0 0 0 0 0 0 0 0.36 0.066 0.36 0.128 0.325 0.066 0.36 0.128 0.325 0.128 0.325 0.066 0.36 0.128 0.36 0.189 0.325 0.128 0.36 0.189 0.325 0.189 0.325 0.128 0.36 0.189 0.36 0.249 0.325 0.189 0.36 0.249 0.325 0.249 0.325 0.189 0 0 0 0 0 0 0 0 0 0 0 0 0.36 0.253 0.325 0.253 0.36 0.249 0.325 0.253 0.325 0.249 0.36 0.249 0 0 0 0 0 0 0 0 0 0 0 0 0 0 0 0 0 0 0 0 0 0 0 0 0 0 0 0 0 0 0 0 0 0 0 0 0 0 0 0 0 0 0 0 0 0 0 0 0.325 0.253 0.292 0.253 0.325 0.249 0.292 0.253 0.292 0.249 0.325 0.249 0 0 0 0 0 0 0 0 0 0 0 0 0.325 0.189 0.325 0.249 0.292 0.189 0.325 0.249 0.292 0.249 0.292 0.189 0.325 0.128 0.325 0.189 0.292 0.128 0.325 0.189 0.292 0.189 0.292 0.128 0.325 0.066 0.325 0.128 0.292 0.066 0.325 0.128 0.292 0.128 0.292 0.066 0 0 0 0 0 0 0 0 0 0 0 0 0 0 0 0 0 0 0 0 0 0 0 0 0 0 0 0 0 0 0 0 0 0 0 0 0 0 0 0 0 0 0 0 0 0 0 0 0 0 0 0 0 0 0 0 0 0 0 0 0.325 0.856 0.325 0.918 0.292 0.856 0.325 0.918 0.292 0.918 0.292 0.856 0.325 0.795 0.325 0.856 0.292 0.795 0.325 0.856 0.292 0.856 0.292 0.795 0.325 0.795 0.292 0.795 0.325 0.735 0.292 0.795 0.292 0.735 0.325 0.735 0 0 0 0 0 0 0 0 0 0 0 0 0 0 0 0 0 0 0 0 0 0 0 0 0 0 0 0 0 0 0 0 0 0 0 0 0 0 0 0 0 0 0 0 0 0 0 0 0 0 0 0 0 0 0 0 0 0 0 0 0 0 0 0 0 0 0 0 0 0 0 0 0.325 0.735 0.292 0.735 0.325 0.729 0.292 0.735 0.292 0.729 0.325 0.729 0.36 0.735 0.325 0.735 0.36 0.729 0.325 0.735 0.325 0.729 0.36 0.729 0.393 0.735 0.36 0.735 0.393 0.729 0.36 0.735 0.36 0.729 0.393 0.729 0.427 0.735 0.393 0.735 0.427 0.729 0.393 0.735 0.393 0.729 0.427 0.729 0.462 0.735 0.427 0.735 0.462 0.729 0.427 0.735 0.427 0.729 0.462 0.729 0.495 0.735 0.462 0.735 0.495 0.729 0.462 0.735 0.462 0.729 0.495 0.729 0.325 0.729 0.292 0.729 0.325 0.253 0.292 0.729 0.292 0.253 0.325 0.253 0.36 0.729 0.325 0.729 0.36 0.253 0.325 0.729 0.325 0.253 0.36 0.253 0.393 0.729 0.36 0.729 0.393 0.253 0.36 0.729 0.36 0.253 0.393 0.253 0.427 0.729 0.393 0.729 0.427 0.253 0.393 0.729 0.393 0.253 0.427 0.253 0.462 0.729 0.427 0.729 0.462 0.253 0.427 0.729 0.427 0.253 0.462 0.253 0.495 0.729 0.462 0.729 0.495 0.253 0.462 0.729 0.462 0.253 0.495 0.253 0 0 0 0 0 0 0 0 0 0 0 0 0 0 0 0 0 0 0 0 0 0 0 0 0 0 0 0 0 0 0 0 0 0 0 0 0 0 0 0 0 0 0 0 0 0 0 0 0 0 0 0 0 0 0 0 0 0 0 0 0 0 0 0 0 0 0 0 0 0 0 0 0 0 0 0 0 0 0 0 0 0 0 0 0 0 0 0 0 0 0 0 0 0 0 0 0 0 0 0 0 0 0 0 0 0 0 0 0 0 0 0 0 0 0 0 0 0 0 0 0 0 0 0 0 0 0 0 0 0 0 0 0 0 0 0 0 0 0 0 0 0 0 0 0 0 0 0 0 0 0 0 0 0 0 0 0 0 0 0 0 0 0 0 0 0 0 0 0 0 0 0 0 0 0 0 0 0 0 0 0 0 0 0 0 0 0 0 0 0 0 0 0 0 0 0 0 0 0 0 0 0 0 0 0 0 0 0 0 0 0 0 0 0 0 0 0 0 0 0 0 0 0 0 0 0 0 0 0 0 0 0 0 0 0 0 0 0 0 0 0 0 0 0 0 0 0 0 0 0 0 0 0 0 0 0 0 0 0 0 0 0 0 0 0 0 0 0 0 0 0 0 0 0 0 0 0 0 0 0 0 0 0 0 0 0 0 0 0 0 0 0 0 0 0 0 0 0 0 0 0 0 0 0 0 0 0 0 0 0 0 0 0 0 0 0 0 0 0 0 0 0 0 0 0 0 0 0 0 0 0 0 0 0 0 0 0 0 0 0 0 0 0 0 0 0 0 0 0 0 0 0 0 0 0 0 0 0 0 0 0 0 0 0 0 0 0 0 0 0 0 0 0 0 0 0 0 0 0 0 0 0 0 0 0 0 0 0 0 0 0 0 0 0 0 0 0 0 0 0 0 0 0 0 0 0 0 0 0 0 0 0 0 0 0 0 0 0 0 0 0 0 0 0 0 0 0 0 0 0 0 0 0 0 0 0 0 0 0 0 0 0 0 0 0 0 0 0 0 0 0 0 0 0 0 0 0 0 0 0 0 0 0 0 0 0 0 0 0 0 0 0 0 0 0 0 0 0 0 0 0 0 0 0 0 0 0 0 0 0 0 0 0 0 0 0 0 0 0 0 0 0 0 0 0 0 0 0 0 0 0 0 0 0 0 0 0 0 0 0 0 0 0 0 0 0 0 0 0 0 0 0 0 0 0 0 0 0 0 0 0 0 0 0 0 0 0 0 0 0 0 0 0 0 0 0 0 0 0 0 0 0 0 0 0 0 0 0 0 0 0 0 0 0 0 0 0 0 0 0 0 0 0 0 0 0 0 0 0 0 0 0 0 0 0 0 0 0 0 0 0 0 0 0 0 0 0 0 0 0 0 0 0 0 0 0 0 0 0 0 0 0 0 0 0 0 0 0 0 0 0 0 0 0 0 0 0 0 0 0 0 0 0 0 0 0 0 0 0 0 0 0 0 0 0 0 0 0 0 0 0 0 0 0 0 0 0 0 0 0 0 0 0 0 0 0 0 0 0 0 0 0 0 0 0 0 0 0 0 0 0 0 0 0 0 0 0 0 0 0 0 0 0 0 0 0 0 0 0 0 0 0 0 0 0 0 0 0 0 0 0 0 0 0 0 0 0 0 0 0 0 0 0 0 0 0 0 0 0 0 0 0 0 0 0 0 0 0 0 0 0 0 0 0 0 0 0 0 0 0 0 0 0 0 0 0 0 0 0 0 0 0 0 0 0 0 0 0 0 0 0 0 0 0 0 0 0 0 0 0 0 0 0 0 0 0 0 0 0 0 0 0 0 0 0 0 0 0 0 0 0 0 0 0 0 0 0 0 0 0 0 0 0 0 0 0 0 0 0 0 0 0 0 0 0 0 0 0 0 0 0 0 0 0 0 0 0 0 0 0 0 0 0 0 0 0 0 0 0 0 0 0 0 0 0 0 0 0 0 0 0 0 0 0 0 0 0 0 0 0 0 0 0 0 0 0 0 0 0 0 0 0 0 0 0 0 0 0 0 0 0 0 0 0 0 0 0 0 0 0 0 0 0 0 0 0 0 0 0 0 0 0 0 0 0 0 0 0 0 0 0 0 0 0 0 0 0 0 0 0 0 0 0 0 0 0 0 0 0 0 0 0 0 0 0 0 0 0 0 0 0 0 0 0 0 0 0 0 0 0 0 0 0 0 0 0 0 0 0 0 0 0 0 0 0 0 0 0 0 0 0 0 0 0 0 0 0 0 0 0 0 0 0 0 0 0 0 0 0 0 0 0 0 0 0 0 0 0 0 0 0 0 0 0 0 0 0 0 0 0 0 0 0 0 0 0 0 0 0 0 0 0 0 0 0 0 0 0 0 0 0 0 0 0 0 0 0 0 0 0 0 0 0 0 0 0 0 0 0 0 0 0 0 0 0 0 0 0 0 0 0 0 0 0 0 0 0 0 0 0 0 0 0 0 0 0 0 0 0 0 0 0 0 0 0 0 0 0 0 0 0 0 0 0 0 0 0 0 0 0 0 0 0 0 0 0 0 0 0 0 0 0 0 0 0 0 0 0 0 0 0 0 0 0 0 0 0 0 0 0 0 0 0 0 0 0 0 0 0 0 0 0 0 0 0 0 0 0 0 0 0 0 0 0 0 0 0 0 0 0 0 0 0 0 0 0 0 0 0 0 0 0 0 0 0 0 0 0 0 0 0 0 0 0 0 0 0 0 0 0 0 0 0 0 0 0 0 0 0 0 0 0 0 0 0 0 0 0 0 0 0 0 0 0 0 0 0 0 0 0 0 0 0 0 0 0 0 0 0 0 0 0 0 0 0 0 0 0 0 0 0 0 0 0 0 0 0 0 0 0 0 0 0 0 0 0 0 0 0 0 0 0 0 0 0 0 0 0 0 0 0 0 0 0 0 0 0 0 0 0 0 0 0 0 0 0 0 0 0 0 0 0 0 0 0 0 0 0 0 0 0 0 0 0 0 0 0 0 0 0 0 0 0 0 0 0 0 0 0 0 0 0 0 0 0 0 0 0 0 0 0 0 0 0 0 0 0 0 0 0 0 0 0 0 0 0 0 0 0 0 0 0 0 0 0 0 0 0 0 0 0 0 0 0 0 0 0 0 0 0 0 0 0 0 0 0 0 0 0 0 0 0 0 0 0 0 0 0 0 0 0 0 0 0 0 0 0 0 0 0 0 0 0 0 0 0 0 0 0 0 0 0 0 0 0 0 0 0 0 0 0 0 0 0 0 0 0 0 0 0 0 0 0 0 0 0 0 0 0 0 0 0 0 0 0 0 0 0 0 0 0 0 0 0 0 0 0 0 0 0 0 0 0 0 0 0 0 0 0 0 0 0 0 0 0 0 0 0 0 0 0 0 0 0 0 0 0 0 0 0 0 0 0 0 0 0 0 0 0 0 0 0 0 0 0 0 0 0 0 0 0 0 0 0 0 0 0 0 0 0 0 0 0 0 0 0 0 0 0 0 0 0 0 0 0 0 0 0 0 0 0 0 0 0 0 0 0 0 0 0 0 0 0 0 0 0 0 0 0 0 0 0 0 0 0 0 0 0 0 0 0 0 0 0 0 0 0 0 0 0 0 0 0 0 0 0 0 0 0 0 0 0 0 0 0 0 0 0 0 0 0 0 0 0 0 0 0 0 0 0 0 0 0 0 0 0 0 0 0 0 0 0 0 0 0 0 0 0 0 0 0 0 0 0 0 0 0 0 0 0 0 0 0 0 0 0 0 0 0 0 0 0 0 0 0 0 0 0 0 0 0 0 0 0 0 0 0 0 0 0 0 0 0 0 0 0 0 0 0 0 0 0 0 0 0 0 0 0 0 0 0 0 0 0 0 0 0 0 0 0 0 0 0 0 0 0 0 0</float_array>
					<technique_common>
						<accessor source="#3626v2-mesh-map-1-array" count="3456" stride="2">
							<param name="S" type="float"/>
							<param name="T" type="float"/>
						</accessor>
					</technique_common>
				</source>
				<source id="3626v2-mesh-map-2">
					<float_array id="3626v2-mesh-map-2-array" count="6912">0.78 0.915 0.77 0.915 0.785 0.883 0.77 0.915 0.775 0.883 0.785 0.883 0.756 0.944 0.77 0.915 0.765 0.944 0.77 0.915 0.78 0.915 0.765 0.944 0.765 0.944 0.742 0.967 0.756 0.944 0.742 0.967 0.734 0.967 0.756 0.944 0.742 0.967 0.713 0.982 0.734 0.967 0.713 0.982 0.706 0.982 0.734 0.967 0 0 0 0 0 0 0 0 0 0 0 0 0 0 0 0 0 0 0 0 0 0 0 0 0 0 0 0 0 0 0 0 0 0 0 0 0.713 0.515 0.742 0.529 0.706 0.515 0.742 0.529 0.734 0.529 0.706 0.515 0.742 0.529 0.765 0.552 0.734 0.529 0.765 0.552 0.756 0.552 0.734 0.529 0.765 0.552 0.78 0.581 0.756 0.552 0.78 0.581 0.77 0.581 0.756 0.552 0.78 0.581 0.785 0.614 0.77 0.581 0.785 0.614 0.775 0.614 0.77 0.581 0 0 0 0 0 0 0 0 0 0 0 0 0.785 0.616 0.775 0.616 0.785 0.614 0.775 0.616 0.775 0.614 0.785 0.614 0 0 0 0 0 0 0 0 0 0 0 0 0 0 0 0 0 0 0 0 0 0 0 0 0 0 0 0 0 0 0 0 0 0 0 0 0 0 0 0 0 0 0 0 0 0 0 0 0.775 0.616 0.747 0.616 0.775 0.614 0.747 0.616 0.747 0.614 0.775 0.614 0 0 0 0 0 0 0 0 0 0 0 0 0.77 0.581 0.775 0.614 0.742 0.581 0.775 0.614 0.747 0.614 0.742 0.581 0.756 0.552 0.77 0.581 0.73 0.552 0.77 0.581 0.742 0.581 0.73 0.552 0.734 0.529 0.756 0.552 0.71 0.529 0.756 0.552 0.73 0.552 0.71 0.529 0.706 0.515 0.734 0.529 0.685 0.515 0.734 0.529 0.71 0.529 0.685 0.515 0 0 0 0 0 0 0 0 0 0 0 0 0 0 0 0 0 0 0 0 0 0 0 0 0 0 0 0 0 0 0 0 0 0 0 0 0.734 0.967 0.706 0.982 0.71 0.967 0.706 0.982 0.685 0.982 0.71 0.967 0.756 0.944 0.734 0.967 0.73 0.944 0.734 0.967 0.71 0.967 0.73 0.944 0.77 0.915 0.756 0.944 0.742 0.915 0.756 0.944 0.73 0.944 0.742 0.915 0.77 0.915 0.742 0.915 0.775 0.883 0.742 0.915 0.747 0.883 0.775 0.883 0.742 0.915 0.698 0.915 0.747 0.883 0.698 0.915 0.701 0.883 0.747 0.883 0.742 0.915 0.73 0.944 0.698 0.915 0.73 0.944 0.687 0.944 0.698 0.915 0.73 0.944 0.71 0.967 0.687 0.944 0.71 0.967 0.671 0.967 0.687 0.944 0.71 0.967 0.685 0.982 0.671 0.967 0.685 0.982 0.65 0.982 0.671 0.967 0 0 0 0 0 0 0 0 0 0 0 0 0 0 0 0 0 0 0 0 0 0 0 0 0 0 0 0 0 0 0 0 0 0 0 0 0.685 0.515 0.71 0.529 0.65 0.515 0.71 0.529 0.671 0.529 0.65 0.515 0.71 0.529 0.73 0.552 0.671 0.529 0.73 0.552 0.687 0.552 0.671 0.529 0.73 0.552 0.742 0.581 0.687 0.552 0.742 0.581 0.698 0.581 0.687 0.552 0.742 0.581 0.747 0.614 0.698 0.581 0.747 0.614 0.701 0.614 0.698 0.581 0 0 0 0 0 0 0 0 0 0 0 0 0.747 0.616 0.701 0.616 0.747 0.614 0.701 0.616 0.701 0.614 0.747 0.614 0 0 0 0 0 0 0 0 0 0 0 0 0 0 0 0 0 0 0 0 0 0 0 0 0 0 0 0 0 0 0 0 0 0 0 0 0 0 0 0 0 0 0 0 0 0 0 0 0.701 0.616 0.642 0.616 0.701 0.614 0.642 0.616 0.642 0.614 0.701 0.614 0 0 0 0 0 0 0 0 0 0 0 0 0.698 0.581 0.701 0.614 0.639 0.581 0.701 0.614 0.642 0.614 0.639 0.581 0.687 0.552 0.698 0.581 0.632 0.552 0.698 0.581 0.639 0.581 0.632 0.552 0.671 0.529 0.687 0.552 0.62 0.529 0.687 0.552 0.632 0.552 0.62 0.529 0.65 0.515 0.671 0.529 0.606 0.515 0.671 0.529 0.62 0.529 0.606 0.515 0 0 0 0 0 0 0 0 0 0 0 0 0 0 0 0 0 0 0 0 0 0 0 0 0 0 0 0 0 0 0 0 0 0 0 0 0.671 0.967 0.65 0.982 0.62 0.967 0.65 0.982 0.606 0.982 0.62 0.967 0.687 0.944 0.671 0.967 0.632 0.944 0.671 0.967 0.62 0.967 0.632 0.944 0.698 0.915 0.687 0.944 0.639 0.915 0.687 0.944 0.632 0.944 0.639 0.915 0.698 0.915 0.639 0.915 0.701 0.883 0.639 0.915 0.642 0.883 0.701 0.883 0.639 0.915 0.571 0.915 0.642 0.883 0.571 0.915 0.573 0.883 0.642 0.883 0.639 0.915 0.632 0.944 0.571 0.915 0.632 0.944 0.568 0.944 0.571 0.915 0.632 0.944 0.62 0.967 0.568 0.944 0.62 0.967 0.562 0.967 0.568 0.944 0.62 0.967 0.606 0.982 0.562 0.967 0.606 0.982 0.554 0.982 0.562 0.967 0 0 0 0 0 0 0 0 0 0 0 0 0 0 0 0 0 0 0 0 0 0 0 0 0 0 0 0 0 0 0 0 0 0 0 0 0.606 0.515 0.62 0.529 0.554 0.515 0.62 0.529 0.562 0.529 0.554 0.515 0.62 0.529 0.632 0.552 0.562 0.529 0.632 0.552 0.568 0.552 0.562 0.529 0.632 0.552 0.639 0.581 0.568 0.552 0.639 0.581 0.571 0.581 0.568 0.552 0.639 0.581 0.642 0.614 0.571 0.581 0.642 0.614 0.573 0.614 0.571 0.581 0 0 0 0 0 0 0 0 0 0 0 0 0.642 0.616 0.573 0.616 0.642 0.614 0.573 0.616 0.573 0.614 0.642 0.614 0 0 0 0 0 0 0 0 0 0 0 0 0 0 0 0 0 0 0 0 0 0 0 0 0 0 0 0 0 0 0 0 0 0 0 0 0 0 0 0 0 0 0 0 0 0 0 0 0.573 0.616 0.499 0.616 0.573 0.614 0.499 0.616 0.499 0.614 0.573 0.614 0 0 0 0 0 0 0 0 0 0 0 0 0.571 0.581 0.573 0.614 0.499 0.581 0.573 0.614 0.499 0.614 0.499 0.581 0.568 0.552 0.571 0.581 0.499 0.552 0.571 0.581 0.499 0.581 0.499 0.552 0.562 0.529 0.568 0.552 0.499 0.529 0.568 0.552 0.499 0.552 0.499 0.529 0.554 0.515 0.562 0.529 0.499 0.515 0.562 0.529 0.499 0.529 0.499 0.515 0 0 0 0 0 0 0 0 0 0 0 0 0 0 0 0 0 0 0 0 0 0 0 0 0 0 0 0 0 0 0 0 0 0 0 0 0.562 0.967 0.554 0.982 0.499 0.967 0.554 0.982 0.499 0.982 0.499 0.967 0.568 0.944 0.562 0.967 0.499 0.944 0.562 0.967 0.499 0.967 0.499 0.944 0.571 0.915 0.568 0.944 0.499 0.915 0.568 0.944 0.499 0.944 0.499 0.915 0.571 0.915 0.499 0.915 0.573 0.883 0.499 0.915 0.499 0.883 0.573 0.883 0 0 0 0 0 0 0 0 0 0 0 0 0 0 0 0 0 0 0 0 0 0 0 0 0 0 0 0 0 0 0 0 0 0 0 0 0 0 0 0 0 0 0 0 0 0 0 0 0 0 0 0 0 0 0 0 0 0 0 0 0 0 0 0 0 0 0 0 0 0 0 0 0.573 0.883 0.499 0.883 0.573 0.881 0.499 0.883 0.499 0.881 0.573 0.881 0.642 0.883 0.573 0.883 0.642 0.881 0.573 0.883 0.573 0.881 0.642 0.881 0.701 0.883 0.642 0.883 0.701 0.881 0.642 0.883 0.642 0.881 0.701 0.881 0.747 0.883 0.701 0.883 0.747 0.881 0.701 0.883 0.701 0.881 0.747 0.881 0.775 0.883 0.747 0.883 0.775 0.881 0.747 0.883 0.747 0.881 0.775 0.881 0.785 0.883 0.775 0.883 0.785 0.881 0.775 0.883 0.775 0.881 0.785 0.881 0.573 0.881 0.499 0.881 0.573 0.616 0.499 0.881 0.499 0.616 0.573 0.616 0.642 0.881 0.573 0.881 0.642 0.616 0.573 0.881 0.573 0.616 0.642 0.616 0.701 0.881 0.642 0.881 0.701 0.616 0.642 0.881 0.642 0.616 0.701 0.616 0.747 0.881 0.701 0.881 0.747 0.616 0.701 0.881 0.701 0.616 0.747 0.616 0.775 0.881 0.747 0.881 0.775 0.616 0.747 0.881 0.747 0.616 0.775 0.616 0.785 0.881 0.775 0.881 0.785 0.616 0.775 0.881 0.775 0.616 0.785 0.616 0.217 0.915 0.212 0.883 0.227 0.915 0.212 0.883 0.222 0.883 0.227 0.915 0.217 0.915 0.227 0.915 0.232 0.944 0.227 0.915 0.241 0.944 0.232 0.944 0.232 0.944 0.241 0.944 0.255 0.967 0.241 0.944 0.263 0.967 0.255 0.967 0.255 0.967 0.263 0.967 0.284 0.982 0.263 0.967 0.291 0.982 0.284 0.982 0 0 0 0 0 0 0 0 0 0 0 0 0 0 0 0 0 0 0 0 0 0 0 0 0 0 0 0 0 0 0 0 0 0 0 0 0.284 0.515 0.291 0.515 0.255 0.529 0.291 0.515 0.263 0.529 0.255 0.529 0.255 0.529 0.263 0.529 0.232 0.552 0.263 0.529 0.241 0.552 0.232 0.552 0.232 0.552 0.241 0.552 0.217 0.581 0.241 0.552 0.227 0.581 0.217 0.581 0.217 0.581 0.227 0.581 0.212 0.614 0.227 0.581 0.222 0.614 0.212 0.614 0 0 0 0 0 0 0 0 0 0 0 0 0.212 0.616 0.212 0.614 0.222 0.616 0.212 0.614 0.222 0.614 0.222 0.616 0 0 0 0 0 0 0 0 0 0 0 0 0 0 0 0 0 0 0 0 0 0 0 0 0 0 0 0 0 0 0 0 0 0 0 0 0 0 0 0 0 0 0 0 0 0 0 0 0.222 0.616 0.222 0.614 0.25 0.616 0.222 0.614 0.25 0.614 0.25 0.616 0 0 0 0 0 0 0 0 0 0 0 0 0.227 0.581 0.255 0.581 0.222 0.614 0.255 0.581 0.25 0.614 0.222 0.614 0.241 0.552 0.268 0.552 0.227 0.581 0.268 0.552 0.255 0.581 0.227 0.581 0.263 0.529 0.287 0.529 0.241 0.552 0.287 0.529 0.268 0.552 0.241 0.552 0.291 0.515 0.313 0.515 0.263 0.529 0.313 0.515 0.287 0.529 0.263 0.529 0 0 0 0 0 0 0 0 0 0 0 0 0 0 0 0 0 0 0 0 0 0 0 0 0 0 0 0 0 0 0 0 0 0 0 0 0.263 0.967 0.287 0.967 0.291 0.982 0.287 0.967 0.313 0.982 0.291 0.982 0.241 0.944 0.268 0.944 0.263 0.967 0.268 0.944 0.287 0.967 0.263 0.967 0.227 0.915 0.255 0.915 0.241 0.944 0.255 0.915 0.268 0.944 0.241 0.944 0.227 0.915 0.222 0.883 0.255 0.915 0.222 0.883 0.25 0.883 0.255 0.915 0.255 0.915 0.25 0.883 0.299 0.915 0.25 0.883 0.296 0.883 0.299 0.915 0.255 0.915 0.299 0.915 0.268 0.944 0.299 0.915 0.31 0.944 0.268 0.944 0.268 0.944 0.31 0.944 0.287 0.967 0.31 0.944 0.326 0.967 0.287 0.967 0.287 0.967 0.326 0.967 0.313 0.982 0.326 0.967 0.347 0.982 0.313 0.982 0 0 0 0 0 0 0 0 0 0 0 0 0 0 0 0 0 0 0 0 0 0 0 0 0 0 0 0 0 0 0 0 0 0 0 0 0.313 0.515 0.347 0.515 0.287 0.529 0.347 0.515 0.326 0.529 0.287 0.529 0.287 0.529 0.326 0.529 0.268 0.552 0.326 0.529 0.31 0.552 0.268 0.552 0.268 0.552 0.31 0.552 0.255 0.581 0.31 0.552 0.299 0.581 0.255 0.581 0.255 0.581 0.299 0.581 0.25 0.614 0.299 0.581 0.296 0.614 0.25 0.614 0 0 0 0 0 0 0 0 0 0 0 0 0.25 0.616 0.25 0.614 0.296 0.616 0.25 0.614 0.296 0.614 0.296 0.616 0 0 0 0 0 0 0 0 0 0 0 0 0 0 0 0 0 0 0 0 0 0 0 0 0 0 0 0 0 0 0 0 0 0 0 0 0 0 0 0 0 0 0 0 0 0 0 0 0.296 0.616 0.296 0.614 0.355 0.616 0.296 0.614 0.355 0.614 0.355 0.616 0 0 0 0 0 0 0 0 0 0 0 0 0.299 0.581 0.358 0.581 0.296 0.614 0.358 0.581 0.355 0.614 0.296 0.614 0.31 0.552 0.365 0.552 0.299 0.581 0.365 0.552 0.358 0.581 0.299 0.581 0.326 0.529 0.377 0.529 0.31 0.552 0.377 0.529 0.365 0.552 0.31 0.552 0.347 0.515 0.391 0.515 0.326 0.529 0.391 0.515 0.377 0.529 0.326 0.529 0 0 0 0 0 0 0 0 0 0 0 0 0 0 0 0 0 0 0 0 0 0 0 0 0 0 0 0 0 0 0 0 0 0 0 0 0.326 0.967 0.377 0.967 0.347 0.982 0.377 0.967 0.391 0.982 0.347 0.982 0.31 0.944 0.365 0.944 0.326 0.967 0.365 0.944 0.377 0.967 0.326 0.967 0.299 0.915 0.358 0.915 0.31 0.944 0.358 0.915 0.365 0.944 0.31 0.944 0.299 0.915 0.296 0.883 0.358 0.915 0.296 0.883 0.355 0.883 0.358 0.915 0.358 0.915 0.355 0.883 0.426 0.915 0.355 0.883 0.424 0.883 0.426 0.915 0.358 0.915 0.426 0.915 0.365 0.944 0.426 0.915 0.429 0.944 0.365 0.944 0.365 0.944 0.429 0.944 0.377 0.967 0.429 0.944 0.435 0.967 0.377 0.967 0.377 0.967 0.435 0.967 0.391 0.982 0.435 0.967 0.443 0.982 0.391 0.982 0 0 0 0 0 0 0 0 0 0 0 0 0 0 0 0 0 0 0 0 0 0 0 0 0 0 0 0 0 0 0 0 0 0 0 0 0.391 0.515 0.443 0.515 0.377 0.529 0.443 0.515 0.435 0.529 0.377 0.529 0.377 0.529 0.435 0.529 0.365 0.552 0.435 0.529 0.429 0.552 0.365 0.552 0.365 0.552 0.429 0.552 0.358 0.581 0.429 0.552 0.426 0.581 0.358 0.581 0.358 0.581 0.426 0.581 0.355 0.614 0.426 0.581 0.424 0.614 0.355 0.614 0 0 0 0 0 0 0 0 0 0 0 0 0.355 0.616 0.355 0.614 0.424 0.616 0.355 0.614 0.424 0.614 0.424 0.616 0 0 0 0 0 0 0 0 0 0 0 0 0 0 0 0 0 0 0 0 0 0 0 0 0 0 0 0 0 0 0 0 0 0 0 0 0 0 0 0 0 0 0 0 0 0 0 0 0.424 0.616 0.424 0.614 0.499 0.616 0.424 0.614 0.499 0.614 0.499 0.616 0 0 0 0 0 0 0 0 0 0 0 0 0.426 0.581 0.499 0.581 0.424 0.614 0.499 0.581 0.499 0.614 0.424 0.614 0.429 0.552 0.499 0.552 0.426 0.581 0.499 0.552 0.499 0.581 0.426 0.581 0.435 0.529 0.499 0.529 0.429 0.552 0.499 0.529 0.499 0.552 0.429 0.552 0.443 0.515 0.499 0.515 0.435 0.529 0.499 0.515 0.499 0.529 0.435 0.529 0 0 0 0 0 0 0 0 0 0 0 0 0 0 0 0 0 0 0 0 0 0 0 0 0 0 0 0 0 0 0 0 0 0 0 0 0.435 0.967 0.499 0.967 0.443 0.982 0.499 0.967 0.499 0.982 0.443 0.982 0.429 0.944 0.499 0.944 0.435 0.967 0.499 0.944 0.499 0.967 0.435 0.967 0.426 0.915 0.499 0.915 0.429 0.944 0.499 0.915 0.499 0.944 0.429 0.944 0.426 0.915 0.424 0.883 0.499 0.915 0.424 0.883 0.499 0.883 0.499 0.915 0 0 0 0 0 0 0 0 0 0 0 0 0 0 0 0 0 0 0 0 0 0 0 0 0 0 0 0 0 0 0 0 0 0 0 0 0 0 0 0 0 0 0 0 0 0 0 0 0 0 0 0 0 0 0 0 0 0 0 0 0 0 0 0 0 0 0 0 0 0 0 0 0.424 0.883 0.424 0.881 0.499 0.883 0.424 0.881 0.499 0.881 0.499 0.883 0.355 0.883 0.355 0.881 0.424 0.883 0.355 0.881 0.424 0.881 0.424 0.883 0.296 0.883 0.296 0.881 0.355 0.883 0.296 0.881 0.355 0.881 0.355 0.883 0.25 0.883 0.25 0.881 0.296 0.883 0.25 0.881 0.296 0.881 0.296 0.883 0.222 0.883 0.222 0.881 0.25 0.883 0.222 0.881 0.25 0.881 0.25 0.883 0.212 0.883 0.212 0.881 0.222 0.883 0.212 0.881 0.222 0.881 0.222 0.883 0.424 0.881 0.424 0.616 0.499 0.881 0.424 0.616 0.499 0.616 0.499 0.881 0.355 0.881 0.355 0.616 0.424 0.881 0.355 0.616 0.424 0.616 0.424 0.881 0.296 0.881 0.296 0.616 0.355 0.881 0.296 0.616 0.355 0.616 0.355 0.881 0.25 0.881 0.25 0.616 0.296 0.881 0.25 0.616 0.296 0.616 0.296 0.881 0.222 0.881 0.222 0.616 0.25 0.881 0.222 0.616 0.25 0.616 0.25 0.881 0.212 0.881 0.212 0.616 0.222 0.881 0.212 0.616 0.222 0.616 0.222 0.881 0.217 0.419 0.212 0.387 0.227 0.419 0.212 0.387 0.222 0.387 0.227 0.419 0.217 0.419 0.227 0.419 0.232 0.448 0.227 0.419 0.241 0.448 0.232 0.448 0.232 0.448 0.241 0.448 0.255 0.471 0.241 0.448 0.263 0.471 0.255 0.471 0.255 0.471 0.263 0.471 0.284 0.486 0.263 0.471 0.291 0.486 0.284 0.486 0 0 0 0 0 0 0 0 0 0 0 0 0 0 0 0 0 0 0 0 0 0 0 0 0 0 0 0 0 0 0 0 0 0 0 0 0.284 0.018 0.291 0.018 0.255 0.033 0.291 0.018 0.263 0.033 0.255 0.033 0.255 0.033 0.263 0.033 0.232 0.056 0.263 0.033 0.241 0.056 0.232 0.056 0.232 0.056 0.241 0.056 0.217 0.085 0.241 0.056 0.227 0.085 0.217 0.085 0.217 0.085 0.227 0.085 0.212 0.117 0.227 0.085 0.222 0.117 0.212 0.117 0 0 0 0 0 0 0 0 0 0 0 0 0.212 0.12 0.212 0.117 0.222 0.12 0.212 0.117 0.222 0.117 0.222 0.12 0 0 0 0 0 0 0 0 0 0 0 0 0 0 0 0 0 0 0 0 0 0 0 0 0 0 0 0 0 0 0 0 0 0 0 0 0 0 0 0 0 0 0 0 0 0 0 0 0.222 0.12 0.222 0.117 0.25 0.12 0.222 0.117 0.25 0.117 0.25 0.12 0 0 0 0 0 0 0 0 0 0 0 0 0.227 0.085 0.255 0.085 0.222 0.117 0.255 0.085 0.25 0.117 0.222 0.117 0.241 0.056 0.268 0.056 0.227 0.085 0.268 0.056 0.255 0.085 0.227 0.085 0.263 0.033 0.287 0.033 0.241 0.056 0.287 0.033 0.268 0.056 0.241 0.056 0.291 0.018 0.313 0.018 0.263 0.033 0.313 0.018 0.287 0.033 0.263 0.033 0 0 0 0 0 0 0 0 0 0 0 0 0 0 0 0 0 0 0 0 0 0 0 0 0 0 0 0 0 0 0 0 0 0 0 0 0.263 0.471 0.287 0.471 0.291 0.486 0.287 0.471 0.313 0.486 0.291 0.486 0.241 0.448 0.268 0.448 0.263 0.471 0.268 0.448 0.287 0.471 0.263 0.471 0.227 0.419 0.255 0.419 0.241 0.448 0.255 0.419 0.268 0.448 0.241 0.448 0.227 0.419 0.222 0.387 0.255 0.419 0.222 0.387 0.25 0.387 0.255 0.419 0.255 0.419 0.25 0.387 0.299 0.419 0.25 0.387 0.296 0.387 0.299 0.419 0.255 0.419 0.299 0.419 0.268 0.448 0.299 0.419 0.31 0.448 0.268 0.448 0.268 0.448 0.31 0.448 0.287 0.471 0.31 0.448 0.326 0.471 0.287 0.471 0.287 0.471 0.326 0.471 0.313 0.486 0.326 0.471 0.347 0.486 0.313 0.486 0 0 0 0 0 0 0 0 0 0 0 0 0 0 0 0 0 0 0 0 0 0 0 0 0 0 0 0 0 0 0 0 0 0 0 0 0.313 0.018 0.347 0.018 0.287 0.033 0.347 0.018 0.326 0.033 0.287 0.033 0.287 0.033 0.326 0.033 0.268 0.056 0.326 0.033 0.31 0.056 0.268 0.056 0.268 0.056 0.31 0.056 0.255 0.085 0.31 0.056 0.299 0.085 0.255 0.085 0.255 0.085 0.299 0.085 0.25 0.117 0.299 0.085 0.296 0.117 0.25 0.117 0 0 0 0 0 0 0 0 0 0 0 0 0.25 0.12 0.25 0.117 0.296 0.12 0.25 0.117 0.296 0.117 0.296 0.12 0 0 0 0 0 0 0 0 0 0 0 0 0 0 0 0 0 0 0 0 0 0 0 0 0 0 0 0 0 0 0 0 0 0 0 0 0 0 0 0 0 0 0 0 0 0 0 0 0.296 0.12 0.296 0.117 0.355 0.12 0.296 0.117 0.355 0.117 0.355 0.12 0 0 0 0 0 0 0 0 0 0 0 0 0.299 0.085 0.358 0.085 0.296 0.117 0.358 0.085 0.355 0.117 0.296 0.117 0.31 0.056 0.365 0.056 0.299 0.085 0.365 0.056 0.358 0.085 0.299 0.085 0.326 0.033 0.377 0.033 0.31 0.056 0.377 0.033 0.365 0.056 0.31 0.056 0.347 0.018 0.391 0.018 0.326 0.033 0.391 0.018 0.377 0.033 0.326 0.033 0 0 0 0 0 0 0 0 0 0 0 0 0 0 0 0 0 0 0 0 0 0 0 0 0 0 0 0 0 0 0 0 0 0 0 0 0.326 0.471 0.377 0.471 0.347 0.486 0.377 0.471 0.391 0.486 0.347 0.486 0.31 0.448 0.365 0.448 0.326 0.471 0.365 0.448 0.377 0.471 0.326 0.471 0.299 0.419 0.358 0.419 0.31 0.448 0.358 0.419 0.365 0.448 0.31 0.448 0.299 0.419 0.296 0.387 0.358 0.419 0.296 0.387 0.355 0.387 0.358 0.419 0.358 0.419 0.355 0.387 0.426 0.419 0.355 0.387 0.424 0.387 0.426 0.419 0.358 0.419 0.426 0.419 0.365 0.448 0.426 0.419 0.429 0.448 0.365 0.448 0.365 0.448 0.429 0.448 0.377 0.471 0.429 0.448 0.435 0.471 0.377 0.471 0.377 0.471 0.435 0.471 0.391 0.486 0.435 0.471 0.443 0.486 0.391 0.486 0 0 0 0 0 0 0 0 0 0 0 0 0 0 0 0 0 0 0 0 0 0 0 0 0 0 0 0 0 0 0 0 0 0 0 0 0.391 0.018 0.443 0.018 0.377 0.033 0.443 0.018 0.435 0.033 0.377 0.033 0.377 0.033 0.435 0.033 0.365 0.056 0.435 0.033 0.429 0.056 0.365 0.056 0.365 0.056 0.429 0.056 0.358 0.085 0.429 0.056 0.426 0.085 0.358 0.085 0.358 0.085 0.426 0.085 0.355 0.117 0.426 0.085 0.424 0.117 0.355 0.117 0 0 0 0 0 0 0 0 0 0 0 0 0.355 0.12 0.355 0.117 0.424 0.12 0.355 0.117 0.424 0.117 0.424 0.12 0 0 0 0 0 0 0 0 0 0 0 0 0 0 0 0 0 0 0 0 0 0 0 0 0 0 0 0 0 0 0 0 0 0 0 0 0 0 0 0 0 0 0 0 0 0 0 0 0.424 0.12 0.424 0.117 0.499 0.12 0.424 0.117 0.499 0.117 0.499 0.12 0 0 0 0 0 0 0 0 0 0 0 0 0.426 0.085 0.499 0.085 0.424 0.117 0.499 0.085 0.499 0.117 0.424 0.117 0.429 0.056 0.499 0.056 0.426 0.085 0.499 0.056 0.499 0.085 0.426 0.085 0.435 0.033 0.499 0.033 0.429 0.056 0.499 0.033 0.499 0.056 0.429 0.056 0.443 0.018 0.499 0.018 0.435 0.033 0.499 0.018 0.499 0.033 0.435 0.033 0 0 0 0 0 0 0 0 0 0 0 0 0 0 0 0 0 0 0 0 0 0 0 0 0 0 0 0 0 0 0 0 0 0 0 0 0.435 0.471 0.499 0.471 0.443 0.486 0.499 0.471 0.499 0.486 0.443 0.486 0.429 0.448 0.499 0.448 0.435 0.471 0.499 0.448 0.499 0.471 0.435 0.471 0.426 0.419 0.499 0.419 0.429 0.448 0.499 0.419 0.499 0.448 0.429 0.448 0.426 0.419 0.424 0.387 0.499 0.419 0.424 0.387 0.499 0.387 0.499 0.419 0 0 0 0 0 0 0 0 0 0 0 0 0 0 0 0 0 0 0 0 0 0 0 0 0 0 0 0 0 0 0 0 0 0 0 0 0 0 0 0 0 0 0 0 0 0 0 0 0 0 0 0 0 0 0 0 0 0 0 0 0 0 0 0 0 0 0 0 0 0 0 0 0.424 0.387 0.424 0.384 0.499 0.387 0.424 0.384 0.499 0.384 0.499 0.387 0.355 0.387 0.355 0.384 0.424 0.387 0.355 0.384 0.424 0.384 0.424 0.387 0.296 0.387 0.296 0.384 0.355 0.387 0.296 0.384 0.355 0.384 0.355 0.387 0.25 0.387 0.25 0.384 0.296 0.387 0.25 0.384 0.296 0.384 0.296 0.387 0.222 0.387 0.222 0.384 0.25 0.387 0.222 0.384 0.25 0.384 0.25 0.387 0.212 0.387 0.212 0.384 0.222 0.387 0.212 0.384 0.222 0.384 0.222 0.387 0.424 0.384 0.424 0.12 0.499 0.384 0.424 0.12 0.499 0.12 0.499 0.384 0.355 0.384 0.355 0.12 0.424 0.384 0.355 0.12 0.424 0.12 0.424 0.384 0.296 0.384 0.296 0.12 0.355 0.384 0.296 0.12 0.355 0.12 0.355 0.384 0.25 0.384 0.25 0.12 0.296 0.384 0.25 0.12 0.296 0.12 0.296 0.384 0.222 0.384 0.222 0.12 0.25 0.384 0.222 0.12 0.25 0.12 0.25 0.384 0.212 0.384 0.212 0.12 0.222 0.384 0.212 0.12 0.222 0.12 0.222 0.384 0.78 0.419 0.77 0.419 0.785 0.387 0.77 0.419 0.775 0.387 0.785 0.387 0.78 0.419 0.765 0.448 0.77 0.419 0.765 0.448 0.756 0.448 0.77 0.419 0.765 0.448 0.742 0.471 0.756 0.448 0.742 0.471 0.734 0.471 0.756 0.448 0.742 0.471 0.713 0.486 0.734 0.471 0.713 0.486 0.706 0.486 0.734 0.471 0 0 0 0 0 0 0 0 0 0 0 0 0 0 0 0 0 0 0 0 0 0 0 0 0 0 0 0 0 0 0 0 0 0 0 0 0.713 0.018 0.742 0.033 0.706 0.018 0.742 0.033 0.734 0.033 0.706 0.018 0.742 0.033 0.765 0.056 0.734 0.033 0.765 0.056 0.756 0.056 0.734 0.033 0.765 0.056 0.78 0.085 0.756 0.056 0.78 0.085 0.77 0.085 0.756 0.056 0.78 0.085 0.785 0.117 0.77 0.085 0.785 0.117 0.775 0.117 0.77 0.085 0 0 0 0 0 0 0 0 0 0 0 0 0.785 0.12 0.775 0.12 0.785 0.117 0.775 0.12 0.775 0.117 0.785 0.117 0 0 0 0 0 0 0 0 0 0 0 0 0 0 0 0 0 0 0 0 0 0 0 0 0 0 0 0 0 0 0 0 0 0 0 0 0 0 0 0 0 0 0 0 0 0 0 0 0.775 0.12 0.747 0.12 0.775 0.117 0.747 0.12 0.747 0.117 0.775 0.117 0 0 0 0 0 0 0 0 0 0 0 0 0.77 0.085 0.775 0.117 0.742 0.085 0.775 0.117 0.747 0.117 0.742 0.085 0.756 0.056 0.77 0.085 0.73 0.056 0.77 0.085 0.742 0.085 0.73 0.056 0.734 0.033 0.756 0.056 0.71 0.033 0.756 0.056 0.73 0.056 0.71 0.033 0.706 0.018 0.734 0.033 0.685 0.018 0.734 0.033 0.71 0.033 0.685 0.018 0 0 0 0 0 0 0 0 0 0 0 0 0 0 0 0 0 0 0 0 0 0 0 0 0 0 0 0 0 0 0 0 0 0 0 0 0.734 0.471 0.706 0.486 0.71 0.471 0.706 0.486 0.685 0.486 0.71 0.471 0.756 0.448 0.734 0.471 0.73 0.448 0.734 0.471 0.71 0.471 0.73 0.448 0.77 0.419 0.756 0.448 0.742 0.419 0.756 0.448 0.73 0.448 0.742 0.419 0.77 0.419 0.742 0.419 0.775 0.387 0.742 0.419 0.747 0.387 0.775 0.387 0.742 0.419 0.698 0.419 0.747 0.387 0.698 0.419 0.701 0.387 0.747 0.387 0.742 0.419 0.73 0.448 0.698 0.419 0.73 0.448 0.687 0.448 0.698 0.419 0.73 0.448 0.71 0.471 0.687 0.448 0.71 0.471 0.671 0.471 0.687 0.448 0.71 0.471 0.685 0.486 0.671 0.471 0.685 0.486 0.65 0.486 0.671 0.471 0 0 0 0 0 0 0 0 0 0 0 0 0 0 0 0 0 0 0 0 0 0 0 0 0 0 0 0 0 0 0 0 0 0 0 0 0.685 0.018 0.71 0.033 0.65 0.018 0.71 0.033 0.671 0.033 0.65 0.018 0.71 0.033 0.73 0.056 0.671 0.033 0.73 0.056 0.687 0.056 0.671 0.033 0.73 0.056 0.742 0.085 0.687 0.056 0.742 0.085 0.698 0.085 0.687 0.056 0.742 0.085 0.747 0.117 0.698 0.085 0.747 0.117 0.701 0.117 0.698 0.085 0 0 0 0 0 0 0 0 0 0 0 0 0.747 0.12 0.701 0.12 0.747 0.117 0.701 0.12 0.701 0.117 0.747 0.117 0 0 0 0 0 0 0 0 0 0 0 0 0 0 0 0 0 0 0 0 0 0 0 0 0 0 0 0 0 0 0 0 0 0 0 0 0 0 0 0 0 0 0 0 0 0 0 0 0.701 0.12 0.642 0.12 0.701 0.117 0.642 0.12 0.642 0.117 0.701 0.117 0 0 0 0 0 0 0 0 0 0 0 0 0.698 0.085 0.701 0.117 0.639 0.085 0.701 0.117 0.642 0.117 0.639 0.085 0.687 0.056 0.698 0.085 0.632 0.056 0.698 0.085 0.639 0.085 0.632 0.056 0.671 0.033 0.687 0.056 0.62 0.033 0.687 0.056 0.632 0.056 0.62 0.033 0.65 0.018 0.671 0.033 0.606 0.018 0.671 0.033 0.62 0.033 0.606 0.018 0 0 0 0 0 0 0 0 0 0 0 0 0 0 0 0 0 0 0 0 0 0 0 0 0 0 0 0 0 0 0 0 0 0 0 0 0.671 0.471 0.65 0.486 0.62 0.471 0.65 0.486 0.606 0.486 0.62 0.471 0.687 0.448 0.671 0.471 0.632 0.448 0.671 0.471 0.62 0.471 0.632 0.448 0.698 0.419 0.687 0.448 0.639 0.419 0.687 0.448 0.632 0.448 0.639 0.419 0.698 0.419 0.639 0.419 0.701 0.387 0.639 0.419 0.642 0.387 0.701 0.387 0.639 0.419 0.571 0.419 0.642 0.387 0.571 0.419 0.573 0.387 0.642 0.387 0.639 0.419 0.632 0.448 0.571 0.419 0.632 0.448 0.568 0.448 0.571 0.419 0.632 0.448 0.62 0.471 0.568 0.448 0.62 0.471 0.562 0.471 0.568 0.448 0.62 0.471 0.606 0.486 0.562 0.471 0.606 0.486 0.554 0.486 0.562 0.471 0 0 0 0 0 0 0 0 0 0 0 0 0 0 0 0 0 0 0 0 0 0 0 0 0 0 0 0 0 0 0 0 0 0 0 0 0.606 0.018 0.62 0.033 0.554 0.018 0.62 0.033 0.562 0.033 0.554 0.018 0.62 0.033 0.632 0.056 0.562 0.033 0.632 0.056 0.568 0.056 0.562 0.033 0.632 0.056 0.639 0.085 0.568 0.056 0.639 0.085 0.571 0.085 0.568 0.056 0.639 0.085 0.642 0.117 0.571 0.085 0.642 0.117 0.573 0.117 0.571 0.085 0 0 0 0 0 0 0 0 0 0 0 0 0.642 0.12 0.573 0.12 0.642 0.117 0.573 0.12 0.573 0.117 0.642 0.117 0 0 0 0 0 0 0 0 0 0 0 0 0 0 0 0 0 0 0 0 0 0 0 0 0 0 0 0 0 0 0 0 0 0 0 0 0 0 0 0 0 0 0 0 0 0 0 0 0.573 0.12 0.499 0.12 0.573 0.117 0.499 0.12 0.499 0.117 0.573 0.117 0 0 0 0 0 0 0 0 0 0 0 0 0.571 0.085 0.573 0.117 0.499 0.085 0.573 0.117 0.499 0.117 0.499 0.085 0.568 0.056 0.571 0.085 0.499 0.056 0.571 0.085 0.499 0.085 0.499 0.056 0.562 0.033 0.568 0.056 0.499 0.033 0.568 0.056 0.499 0.056 0.499 0.033 0.554 0.018 0.562 0.033 0.499 0.018 0.562 0.033 0.499 0.033 0.499 0.018 0 0 0 0 0 0 0 0 0 0 0 0 0 0 0 0 0 0 0 0 0 0 0 0 0 0 0 0 0 0 0 0 0 0 0 0 0.562 0.471 0.554 0.486 0.499 0.471 0.554 0.486 0.499 0.486 0.499 0.471 0.568 0.448 0.562 0.471 0.499 0.448 0.562 0.471 0.499 0.471 0.499 0.448 0.571 0.419 0.568 0.448 0.499 0.419 0.568 0.448 0.499 0.448 0.499 0.419 0.571 0.419 0.499 0.419 0.573 0.387 0.499 0.419 0.499 0.387 0.573 0.387 0 0 0 0 0 0 0 0 0 0 0 0 0 0 0 0 0 0 0 0 0 0 0 0 0 0 0 0 0 0 0 0 0 0 0 0 0 0 0 0 0 0 0 0 0 0 0 0 0 0 0 0 0 0 0 0 0 0 0 0 0 0 0 0 0 0 0 0 0 0 0 0 0.573 0.387 0.499 0.387 0.573 0.384 0.499 0.387 0.499 0.384 0.573 0.384 0.642 0.387 0.573 0.387 0.642 0.384 0.573 0.387 0.573 0.384 0.642 0.384 0.701 0.387 0.642 0.387 0.701 0.384 0.642 0.387 0.642 0.384 0.701 0.384 0.747 0.387 0.701 0.387 0.747 0.384 0.701 0.387 0.701 0.384 0.747 0.384 0.775 0.387 0.747 0.387 0.775 0.384 0.747 0.387 0.747 0.384 0.775 0.384 0.785 0.387 0.775 0.387 0.785 0.384 0.775 0.387 0.775 0.384 0.785 0.384 0.573 0.384 0.499 0.384 0.573 0.12 0.499 0.384 0.499 0.12 0.573 0.12 0.642 0.384 0.573 0.384 0.642 0.12 0.573 0.384 0.573 0.12 0.642 0.12 0.701 0.384 0.642 0.384 0.701 0.12 0.642 0.384 0.642 0.12 0.701 0.12 0.747 0.384 0.701 0.384 0.747 0.12 0.701 0.384 0.701 0.12 0.747 0.12 0.775 0.384 0.747 0.384 0.775 0.12 0.747 0.384 0.747 0.12 0.775 0.12 0.785 0.384 0.775 0.384 0.785 0.12 0.775 0.384 0.775 0.12 0.785 0.12 0 0 0 0 0 0 0 0 0 0 0 0 0 0 0 0 0 0 0 0 0 0 0 0 0 0 0 0 0 0 0 0 0 0 0 0 0 0 0 0 0 0 0 0 0 0 0 0 0 0 0 0 0 0 0 0 0 0 0 0 0 0 0 0 0 0 0 0 0 0 0 0 0 0 0 0 0 0 0 0 0 0 0 0 0 0 0 0 0 0 0 0 0 0 0 0 0 0 0 0 0 0 0 0 0 0 0 0 0 0 0 0 0 0 0 0 0 0 0 0 0 0 0 0 0 0 0 0 0 0 0 0 0 0 0 0 0 0 0 0 0 0 0 0 0 0 0 0 0 0 0 0 0 0 0 0 0 0 0 0 0 0 0 0 0 0 0 0 0 0 0 0 0 0 0 0 0 0 0 0 0 0 0 0 0 0 0 0 0 0 0 0 0 0 0 0 0 0 0 0 0 0 0 0 0 0 0 0 0 0 0 0 0 0 0 0 0 0 0 0 0 0 0 0 0 0 0 0 0 0 0 0 0 0 0 0 0 0 0 0 0 0 0 0 0 0 0 0 0 0 0 0 0 0 0 0 0 0 0 0 0 0 0 0 0 0 0 0 0 0 0 0 0 0 0 0 0 0 0 0 0 0 0 0 0 0 0 0 0 0 0 0 0 0 0 0 0 0 0 0 0 0 0 0 0 0 0 0 0 0 0 0 0 0 0 0 0 0 0 0 0 0 0 0 0 0 0 0 0 0 0 0 0 0 0 0 0 0 0 0 0 0 0 0 0 0 0 0 0 0 0 0 0 0 0 0 0 0 0 0 0 0 0 0 0 0 0 0 0 0 0 0 0 0 0 0 0 0 0 0 0 0 0 0 0 0 0 0 0 0 0 0 0 0 0 0 0 0 0 0 0 0 0 0 0 0 0 0 0 0 0 0 0 0 0 0 0 0 0 0 0 0 0 0 0 0 0 0 0 0 0 0 0 0 0 0 0 0 0 0 0 0 0 0 0 0 0 0 0 0 0 0 0 0 0 0 0 0 0 0 0 0 0 0 0 0 0 0 0 0 0 0 0 0 0 0 0 0 0 0 0 0 0 0 0 0 0 0 0 0 0 0 0 0 0 0 0 0 0 0 0 0 0 0 0 0 0 0 0 0 0 0 0 0 0 0 0 0 0 0 0 0 0 0 0 0 0 0 0 0 0 0 0 0 0 0 0 0 0 0 0 0 0 0 0 0 0 0 0 0 0 0 0 0 0 0 0 0 0 0 0 0 0 0 0 0 0 0 0 0 0 0 0 0 0 0 0 0 0 0 0 0 0 0 0 0 0 0 0 0 0 0 0 0 0 0 0 0 0 0 0 0 0 0 0 0 0 0 0 0 0 0 0 0 0 0 0 0 0 0 0 0 0 0 0 0 0 0 0 0 0 0 0 0 0 0 0 0 0 0 0 0 0 0 0 0 0 0 0 0 0 0 0 0 0 0 0 0 0 0 0 0 0 0 0 0 0 0 0 0 0 0 0 0 0 0 0 0 0 0 0 0 0 0 0 0 0 0 0 0 0 0 0 0 0 0 0 0 0 0 0 0 0 0 0 0 0 0 0 0 0 0 0 0 0 0 0 0 0 0 0 0 0 0 0 0 0 0 0 0 0 0 0 0 0 0 0 0 0 0 0 0 0 0 0 0 0 0 0 0 0 0 0 0 0 0 0 0 0 0 0 0 0 0 0 0 0 0 0 0 0 0 0 0 0 0 0 0 0 0 0 0 0 0 0 0 0 0 0 0 0 0 0 0 0 0 0 0 0 0 0 0 0 0 0 0 0 0 0 0 0 0 0 0 0 0 0 0 0 0 0 0 0 0 0 0 0 0 0 0 0 0 0 0 0 0 0 0 0 0 0 0 0 0 0 0 0 0 0 0 0 0 0 0 0 0 0 0 0 0 0 0 0 0 0 0 0 0 0 0 0 0 0 0 0 0 0 0 0 0 0 0 0 0 0 0 0 0 0 0 0 0 0 0 0 0 0 0 0 0 0 0 0 0 0 0 0 0 0 0 0 0 0 0 0 0 0 0 0 0 0 0 0 0 0 0 0 0 0 0 0 0 0 0 0 0 0 0 0 0 0 0 0 0 0 0 0 0 0 0 0 0 0 0 0 0 0 0 0 0 0 0 0 0 0 0 0 0 0 0 0 0 0 0 0 0 0 0 0 0 0 0 0 0 0 0 0 0 0 0 0 0 0 0 0 0 0 0 0 0 0 0 0 0 0 0 0 0 0 0 0 0 0 0 0 0 0 0 0 0 0 0 0 0 0 0 0 0 0 0 0 0 0 0 0 0 0 0 0 0 0 0 0 0 0 0 0 0 0 0 0 0 0 0 0 0 0 0 0 0 0 0 0 0 0 0 0 0 0 0 0 0 0 0 0 0 0 0 0 0 0 0 0 0 0 0 0 0 0 0 0 0 0 0 0 0 0 0 0 0 0 0 0 0 0 0 0 0 0 0 0 0 0 0 0 0 0 0 0 0 0 0 0 0 0 0 0 0 0 0 0 0 0 0 0 0 0 0 0 0 0 0 0 0 0 0 0 0 0 0 0 0 0 0 0 0 0 0 0 0 0 0 0 0 0 0 0 0 0 0 0 0 0 0 0 0 0 0 0 0 0 0 0 0 0 0 0 0 0 0 0 0 0 0 0 0 0 0 0 0 0 0 0 0 0 0 0 0 0 0 0 0 0 0 0 0 0 0 0 0 0 0 0 0 0 0 0 0 0 0 0 0 0 0 0 0 0 0 0 0 0 0 0 0 0 0 0 0 0 0 0 0 0 0 0 0 0 0 0 0 0 0 0 0 0 0 0 0 0 0 0 0 0 0 0 0 0 0 0 0 0 0 0 0 0 0 0 0 0 0 0 0 0 0 0 0 0 0 0 0 0 0 0 0 0 0 0 0 0 0 0 0 0 0 0 0 0 0 0 0 0 0 0 0 0 0 0 0 0 0 0 0 0 0 0 0 0 0 0 0 0 0 0 0 0 0 0 0 0 0 0 0 0 0 0 0 0 0 0 0 0 0 0 0 0 0 0 0 0 0 0 0 0 0 0 0 0 0 0 0 0 0 0 0 0 0 0 0 0 0 0 0 0 0 0 0 0 0 0 0 0 0 0 0 0 0 0 0 0 0 0 0 0 0 0 0 0 0 0 0 0 0 0 0 0 0 0 0 0 0 0 0 0 0 0 0 0 0 0 0 0 0 0 0 0 0 0 0 0 0 0 0 0 0 0 0 0 0 0 0 0 0 0 0 0 0 0 0 0 0 0 0 0 0 0 0 0 0 0 0 0 0 0 0 0 0 0 0 0 0 0 0 0 0 0 0 0 0 0 0 0 0 0 0 0 0 0 0 0 0 0 0 0 0 0 0 0 0 0 0 0 0 0 0 0 0 0 0 0 0 0 0 0 0 0 0 0 0 0 0 0 0 0 0 0 0 0 0 0 0 0 0 0 0 0 0 0 0 0 0 0 0 0 0 0 0 0 0 0 0 0 0 0 0 0 0 0 0 0 0 0 0 0 0 0 0 0 0 0 0 0 0 0 0 0 0 0 0 0 0 0 0 0 0 0 0 0 0 0 0 0 0 0 0 0 0 0 0 0 0 0 0 0 0 0 0 0 0 0 0 0 0 0 0 0 0 0 0 0 0 0 0 0 0 0 0 0 0 0 0 0 0 0 0 0 0 0 0 0 0 0 0 0 0 0 0 0 0 0 0 0 0 0 0 0 0 0 0 0 0 0 0 0 0 0 0 0 0 0 0 0 0 0 0 0 0 0 0 0 0 0 0 0 0 0 0 0 0 0 0 0 0 0 0 0 0 0 0 0 0 0 0 0 0 0 0 0 0</float_array>
					<technique_common>
						<accessor source="#3626v2-mesh-map-2-array" count="3456" stride="2">
							<param name="S" type="float"/>
							<param name="T" type="float"/>
						</accessor>
					</technique_common>
				</source>
				<vertices id="3626v2-mesh-vertices">
					<input semantic="POSITION" source="#3626v2-mesh-positions"/>
				</vertices>
				<triangles material="MB|26|2o258-material" count="1152">
					<input semantic="VERTEX" source="#3626v2-mesh-vertices" offset="0"/>
					<input semantic="TEXCOORD" source="#3626v2-mesh-map-0" offset="1" set="0"/>
					<input semantic="TEXCOORD" source="#3626v2-mesh-map-1" offset="1" set="1"/>
					<input semantic="TEXCOORD" source="#3626v2-mesh-map-2" offset="1" set="2"/>
					<p>293 0 0 1 283 2 0 3 11 4 283 5 1 6 0 7 292 8 0 9 293 10 292 11 292 12 198 13 1 14 198 15 2 16 1 17 198 18 291 19 2 20 291 21 3 22 2 23 291 24 290 25 3 26 290 27 4 28 3 29 290 30 284 31 4 32 284 33 10 34 4 35 289 36 5 37 281 38 5 39 438 40 281 41 289 42 288 43 5 44 288 45 6 46 5 47 288 48 287 49 6 50 287 51 7 52 6 53 287 54 286 55 7 56 286 57 8 58 7 59 286 60 282 61 8 62 282 63 12 64 8 65 285 66 279 67 440 68 279 69 434 70 440 71 305 72 85 73 282 74 85 75 12 76 282 77 461 78 13 79 280 80 13 81 436 82 280 83 458 84 14 85 460 86 14 87 15 88 460 89 14 90 437 91 15 92 437 93 435 94 15 95 13 96 439 97 436 98 439 99 17 100 436 101 85 102 88 103 12 104 88 105 19 106 12 107 440 108 434 109 441 110 434 111 16 112 441 113 8 114 12 115 23 116 12 117 19 118 23 119 7 120 8 121 24 122 8 123 23 124 24 125 6 126 7 127 25 128 7 129 24 130 25 131 5 132 6 133 26 134 6 135 25 136 26 137 5 138 26 139 438 140 26 141 18 142 438 143 4 144 10 145 27 146 10 147 21 148 27 149 3 150 4 151 28 152 4 153 27 154 28 155 2 156 3 157 29 158 3 159 28 160 29 161 1 162 2 163 30 164 2 165 29 166 30 167 0 168 1 169 31 170 1 171 30 172 31 173 0 174 31 175 11 176 31 177 20 178 11 179 31 180 32 181 20 182 32 183 43 184 20 185 31 186 30 187 32 188 30 189 33 190 32 191 30 192 29 193 33 194 29 195 34 196 33 197 29 198 28 199 34 200 28 201 35 202 34 203 28 204 27 205 35 206 27 207 36 208 35 209 27 210 21 211 36 212 21 213 42 214 36 215 26 216 37 217 18 218 37 219 442 220 18 221 26 222 25 223 37 224 25 225 38 226 37 227 25 228 24 229 38 230 24 231 39 232 38 233 24 234 23 235 39 236 23 237 40 238 39 239 23 240 19 241 40 242 19 243 44 244 40 245 441 246 16 247 444 248 16 249 443 250 444 251 88 252 86 253 19 254 86 255 44 256 19 257 439 258 45 259 17 260 45 261 445 262 17 263 437 264 46 265 435 266 46 267 47 268 435 269 46 270 447 271 47 272 447 273 446 274 47 275 45 276 448 277 445 278 448 279 49 280 445 281 86 282 89 283 44 284 89 285 51 286 44 287 444 288 443 289 449 290 443 291 48 292 449 293 40 294 44 295 55 296 44 297 51 298 55 299 39 300 40 301 56 302 40 303 55 304 56 305 38 306 39 307 57 308 39 309 56 310 57 311 37 312 38 313 58 314 38 315 57 316 58 317 37 318 58 319 442 320 58 321 50 322 442 323 36 324 42 325 59 326 42 327 53 328 59 329 35 330 36 331 60 332 36 333 59 334 60 335 34 336 35 337 61 338 35 339 60 340 61 341 33 342 34 343 62 344 34 345 61 346 62 347 32 348 33 349 63 350 33 351 62 352 63 353 32 354 63 355 43 356 63 357 52 358 43 359 63 360 64 361 52 362 64 363 75 364 52 365 63 366 62 367 64 368 62 369 65 370 64 371 62 372 61 373 65 374 61 375 66 376 65 377 61 378 60 379 66 380 60 381 67 382 66 383 60 384 59 385 67 386 59 387 68 388 67 389 59 390 53 391 68 392 53 393 74 394 68 395 58 396 69 397 50 398 69 399 450 400 50 401 58 402 57 403 69 404 57 405 70 406 69 407 57 408 56 409 70 410 56 411 71 412 70 413 56 414 55 415 71 416 55 417 72 418 71 419 55 420 51 421 72 422 51 423 76 424 72 425 449 426 48 427 452 428 48 429 451 430 452 431 89 432 87 433 51 434 87 435 76 436 51 437 448 438 77 439 49 440 77 441 453 442 49 443 447 444 78 445 446 446 78 447 79 448 446 449 78 450 455 451 79 452 455 453 454 454 79 455 77 456 456 457 453 458 456 459 171 460 453 461 87 462 197 463 76 464 197 465 173 466 76 467 452 468 451 469 457 470 451 471 170 472 457 473 72 474 76 475 177 476 76 477 173 478 177 479 71 480 72 481 178 482 72 483 177 484 178 485 70 486 71 487 179 488 71 489 178 490 179 491 69 492 70 493 180 494 70 495 179 496 180 497 69 498 180 499 450 500 180 501 172 502 450 503 68 504 74 505 181 506 74 507 175 508 181 509 67 510 68 511 182 512 68 513 181 514 182 515 66 516 67 517 183 518 67 519 182 520 183 521 65 522 66 523 184 524 66 525 183 526 184 527 64 528 65 529 185 530 65 531 184 532 185 533 64 534 185 535 75 536 185 537 174 538 75 539 73 540 176 541 317 542 54 543 73 544 317 545 41 546 54 547 317 548 22 549 41 550 317 551 9 552 22 553 317 554 42 555 21 556 404 557 10 558 284 559 404 560 459 561 9 562 317 563 175 564 74 565 404 566 74 567 53 568 404 569 21 570 10 571 404 572 53 573 42 574 404 575 75 576 174 577 84 578 174 579 191 580 84 581 52 582 75 583 83 584 75 585 84 586 83 587 43 588 52 589 82 590 52 591 83 592 82 593 20 594 43 595 81 596 43 597 82 598 81 599 11 600 20 601 80 602 20 603 81 604 80 605 283 606 11 607 299 608 11 609 80 610 299 611 84 612 191 613 87 614 191 615 197 616 87 617 83 618 84 619 89 620 84 621 87 622 89 623 82 624 83 625 86 626 83 627 89 628 86 629 81 630 82 631 88 632 82 633 86 634 88 635 80 636 81 637 85 638 81 639 88 640 85 641 299 642 80 643 305 644 80 645 85 646 305 647 419 648 409 649 90 650 409 651 101 652 90 653 419 654 90 655 418 656 90 657 91 658 418 659 418 660 91 661 306 662 91 663 92 664 306 665 306 666 92 667 417 668 92 669 93 670 417 671 417 672 93 673 416 674 93 675 94 676 416 677 416 678 94 679 410 680 94 681 100 682 410 683 415 684 407 685 95 686 407 687 466 688 95 689 415 690 95 691 414 692 95 693 96 694 414 695 414 696 96 697 413 698 96 699 97 700 413 701 413 702 97 703 412 704 97 705 98 706 412 707 412 708 98 709 408 710 98 711 102 712 408 713 411 714 468 715 405 716 468 717 462 718 405 719 433 720 408 721 192 722 408 723 102 724 192 725 485 726 406 727 103 728 406 729 464 730 103 731 482 732 484 733 104 734 484 735 105 736 104 737 104 738 105 739 465 740 105 741 463 742 465 743 103 744 464 745 467 746 464 747 107 748 467 749 192 750 102 751 195 752 102 753 109 754 195 755 468 756 469 757 462 758 469 759 106 760 462 761 98 762 113 763 102 764 113 765 109 766 102 767 97 768 114 769 98 770 114 771 113 772 98 773 96 774 115 775 97 776 115 777 114 778 97 779 95 780 116 781 96 782 116 783 115 784 96 785 95 786 466 787 116 788 466 789 108 790 116 791 94 792 117 793 100 794 117 795 111 796 100 797 93 798 118 799 94 800 118 801 117 802 94 803 92 804 119 805 93 806 119 807 118 808 93 809 91 810 120 811 92 812 120 813 119 814 92 815 90 816 121 817 91 818 121 819 120 820 91 821 90 822 101 823 121 824 101 825 110 826 121 827 121 828 110 829 122 830 110 831 133 832 122 833 121 834 122 835 120 836 122 837 123 838 120 839 120 840 123 841 119 842 123 843 124 844 119 845 119 846 124 847 118 848 124 849 125 850 118 851 118 852 125 853 117 854 125 855 126 856 117 857 117 858 126 859 111 860 126 861 132 862 111 863 116 864 108 865 127 866 108 867 470 868 127 869 116 870 127 871 115 872 127 873 128 874 115 875 115 876 128 877 114 878 128 879 129 880 114 881 114 882 129 883 113 884 129 885 130 886 113 887 113 888 130 889 109 890 130 891 134 892 109 893 469 894 472 895 106 896 472 897 471 898 106 899 195 900 109 901 193 902 109 903 134 904 193 905 467 906 107 907 135 908 107 909 473 910 135 911 465 912 463 913 136 914 463 915 137 916 136 917 136 918 137 919 475 920 137 921 474 922 475 923 135 924 473 925 476 926 473 927 139 928 476 929 193 930 134 931 196 932 134 933 141 934 196 935 472 936 477 937 471 938 477 939 138 940 471 941 130 942 145 943 134 944 145 945 141 946 134 947 129 948 146 949 130 950 146 951 145 952 130 953 128 954 147 955 129 956 147 957 146 958 129 959 127 960 148 961 128 962 148 963 147 964 128 965 127 966 470 967 148 968 470 969 140 970 148 971 126 972 149 973 132 974 149 975 143 976 132 977 125 978 150 979 126 980 150 981 149 982 126 983 124 984 151 985 125 986 151 987 150 988 125 989 123 990 152 991 124 992 152 993 151 994 124 995 122 996 153 997 123 998 153 999 152 1000 123 1001 122 1002 133 1003 153 1004 133 1005 142 1006 153 1007 153 1008 142 1009 154 1010 142 1011 165 1012 154 1013 153 1014 154 1015 152 1016 154 1017 155 1018 152 1019 152 1020 155 1021 151 1022 155 1023 156 1024 151 1025 151 1026 156 1027 150 1028 156 1029 157 1030 150 1031 150 1032 157 1033 149 1034 157 1035 158 1036 149 1037 149 1038 158 1039 143 1040 158 1041 164 1042 143 1043 148 1044 140 1045 159 1046 140 1047 478 1048 159 1049 148 1050 159 1051 147 1052 159 1053 160 1054 147 1055 147 1056 160 1057 146 1058 160 1059 161 1060 146 1061 146 1062 161 1063 145 1064 161 1065 162 1066 145 1067 145 1068 162 1069 141 1070 162 1071 166 1072 141 1073 477 1074 480 1075 138 1076 480 1077 479 1078 138 1079 196 1080 141 1081 194 1082 141 1083 166 1084 194 1085 476 1086 139 1087 167 1088 139 1089 481 1090 167 1091 475 1092 474 1093 168 1094 474 1095 169 1096 168 1097 168 1098 169 1099 455 1100 169 1101 454 1102 455 1103 167 1104 481 1105 456 1106 481 1107 171 1108 456 1109 194 1110 166 1111 197 1112 166 1113 173 1114 197 1115 480 1116 457 1117 479 1118 457 1119 170 1120 479 1121 162 1122 177 1123 166 1124 177 1125 173 1126 166 1127 161 1128 178 1129 162 1130 178 1131 177 1132 162 1133 160 1134 179 1135 161 1136 179 1137 178 1138 161 1139 159 1140 180 1141 160 1142 180 1143 179 1144 160 1145 159 1146 478 1147 180 1148 478 1149 172 1150 180 1151 158 1152 181 1153 164 1154 181 1155 175 1156 164 1157 157 1158 182 1159 158 1160 182 1161 181 1162 158 1163 156 1164 183 1165 157 1166 183 1167 182 1168 157 1169 155 1170 184 1171 156 1172 184 1173 183 1174 156 1175 154 1176 185 1177 155 1178 185 1179 184 1180 155 1181 154 1182 165 1183 185 1184 165 1185 174 1186 185 1187 163 1188 317 1189 176 1190 144 1191 317 1192 163 1193 131 1194 317 1195 144 1196 112 1197 317 1198 131 1199 99 1200 317 1201 112 1202 132 1203 404 1204 111 1205 100 1206 404 1207 410 1208 483 1209 317 1210 99 1211 175 1212 404 1213 164 1214 164 1215 404 1216 143 1217 111 1218 404 1219 100 1220 143 1221 404 1222 132 1223 165 1224 190 1225 174 1226 190 1227 191 1228 174 1229 142 1230 189 1231 165 1232 189 1233 190 1234 165 1235 133 1236 188 1237 142 1238 188 1239 189 1240 142 1241 110 1242 187 1243 133 1244 187 1245 188 1246 133 1247 101 1248 186 1249 110 1250 186 1251 187 1252 110 1253 409 1254 426 1255 101 1256 426 1257 186 1258 101 1259 190 1260 194 1261 191 1262 194 1263 197 1264 191 1265 189 1266 196 1267 190 1268 196 1269 194 1270 190 1271 188 1272 193 1273 189 1274 193 1275 196 1276 189 1277 187 1278 195 1279 188 1280 195 1281 193 1282 188 1283 186 1284 192 1285 187 1286 192 1287 195 1288 187 1289 426 1290 433 1291 186 1292 433 1293 192 1294 186 1295 293 1296 283 1297 199 1298 283 1299 210 1300 199 1301 293 1302 199 1303 292 1304 199 1305 200 1306 292 1307 292 1308 200 1309 198 1310 200 1311 201 1312 198 1313 198 1314 201 1315 291 1316 201 1317 202 1318 291 1319 291 1320 202 1321 290 1322 202 1323 203 1324 290 1325 290 1326 203 1327 284 1328 203 1329 209 1330 284 1331 289 1332 281 1333 204 1334 281 1335 490 1336 204 1337 289 1338 204 1339 288 1340 204 1341 205 1342 288 1343 288 1344 205 1345 287 1346 205 1347 206 1348 287 1349 287 1350 206 1351 286 1352 206 1353 207 1354 286 1355 286 1356 207 1357 282 1358 207 1359 211 1360 282 1361 285 1362 492 1363 279 1364 492 1365 486 1366 279 1367 305 1368 282 1369 300 1370 282 1371 211 1372 300 1373 461 1374 280 1375 212 1376 280 1377 488 1378 212 1379 458 1380 460 1381 213 1382 460 1383 214 1384 213 1385 213 1386 214 1387 489 1388 214 1389 487 1390 489 1391 212 1392 488 1393 491 1394 488 1395 216 1396 491 1397 300 1398 211 1399 303 1400 211 1401 218 1402 303 1403 492 1404 493 1405 486 1406 493 1407 215 1408 486 1409 207 1410 222 1411 211 1412 222 1413 218 1414 211 1415 206 1416 223 1417 207 1418 223 1419 222 1420 207 1421 205 1422 224 1423 206 1424 224 1425 223 1426 206 1427 204 1428 225 1429 205 1430 225 1431 224 1432 205 1433 204 1434 490 1435 225 1436 490 1437 217 1438 225 1439 203 1440 226 1441 209 1442 226 1443 220 1444 209 1445 202 1446 227 1447 203 1448 227 1449 226 1450 203 1451 201 1452 228 1453 202 1454 228 1455 227 1456 202 1457 200 1458 229 1459 201 1460 229 1461 228 1462 201 1463 199 1464 230 1465 200 1466 230 1467 229 1468 200 1469 199 1470 210 1471 230 1472 210 1473 219 1474 230 1475 230 1476 219 1477 231 1478 219 1479 242 1480 231 1481 230 1482 231 1483 229 1484 231 1485 232 1486 229 1487 229 1488 232 1489 228 1490 232 1491 233 1492 228 1493 228 1494 233 1495 227 1496 233 1497 234 1498 227 1499 227 1500 234 1501 226 1502 234 1503 235 1504 226 1505 226 1506 235 1507 220 1508 235 1509 241 1510 220 1511 225 1512 217 1513 236 1514 217 1515 494 1516 236 1517 225 1518 236 1519 224 1520 236 1521 237 1522 224 1523 224 1524 237 1525 223 1526 237 1527 238 1528 223 1529 223 1530 238 1531 222 1532 238 1533 239 1534 222 1535 222 1536 239 1537 218 1538 239 1539 243 1540 218 1541 493 1542 496 1543 215 1544 496 1545 495 1546 215 1547 303 1548 218 1549 301 1550 218 1551 243 1552 301 1553 491 1554 216 1555 244 1556 216 1557 497 1558 244 1559 489 1560 487 1561 245 1562 487 1563 246 1564 245 1565 245 1566 246 1567 499 1568 246 1569 498 1570 499 1571 244 1572 497 1573 500 1574 497 1575 248 1576 500 1577 301 1578 243 1579 304 1580 243 1581 250 1582 304 1583 496 1584 501 1585 495 1586 501 1587 247 1588 495 1589 239 1590 254 1591 243 1592 254 1593 250 1594 243 1595 238 1596 255 1597 239 1598 255 1599 254 1600 239 1601 237 1602 256 1603 238 1604 256 1605 255 1606 238 1607 236 1608 257 1609 237 1610 257 1611 256 1612 237 1613 236 1614 494 1615 257 1616 494 1617 249 1618 257 1619 235 1620 258 1621 241 1622 258 1623 252 1624 241 1625 234 1626 259 1627 235 1628 259 1629 258 1630 235 1631 233 1632 260 1633 234 1634 260 1635 259 1636 234 1637 232 1638 261 1639 233 1640 261 1641 260 1642 233 1643 231 1644 262 1645 232 1646 262 1647 261 1648 232 1649 231 1650 242 1651 262 1652 242 1653 251 1654 262 1655 262 1656 251 1657 263 1658 251 1659 274 1660 263 1661 262 1662 263 1663 261 1664 263 1665 264 1666 261 1667 261 1668 264 1669 260 1670 264 1671 265 1672 260 1673 260 1674 265 1675 259 1676 265 1677 266 1678 259 1679 259 1680 266 1681 258 1682 266 1683 267 1684 258 1685 258 1686 267 1687 252 1688 267 1689 273 1690 252 1691 257 1692 249 1693 268 1694 249 1695 502 1696 268 1697 257 1698 268 1699 256 1700 268 1701 269 1702 256 1703 256 1704 269 1705 255 1706 269 1707 270 1708 255 1709 255 1710 270 1711 254 1712 270 1713 271 1714 254 1715 254 1716 271 1717 250 1718 271 1719 275 1720 250 1721 501 1722 504 1723 247 1724 504 1725 503 1726 247 1727 304 1728 250 1729 302 1730 250 1731 275 1732 302 1733 500 1734 248 1735 276 1736 248 1737 505 1738 276 1739 499 1740 498 1741 277 1742 498 1743 278 1744 277 1745 277 1746 278 1747 507 1748 278 1749 506 1750 507 1751 276 1752 505 1753 508 1754 505 1755 389 1756 508 1757 302 1758 275 1759 432 1760 275 1761 391 1762 432 1763 504 1764 509 1765 503 1766 509 1767 388 1768 503 1769 271 1770 395 1771 275 1772 395 1773 391 1774 275 1775 270 1776 396 1777 271 1778 396 1779 395 1780 271 1781 269 1782 397 1783 270 1784 397 1785 396 1786 270 1787 268 1788 398 1789 269 1790 398 1791 397 1792 269 1793 268 1794 502 1795 398 1796 502 1797 390 1798 398 1799 267 1800 399 1801 273 1802 399 1803 393 1804 273 1805 266 1806 400 1807 267 1808 400 1809 399 1810 267 1811 265 1812 401 1813 266 1814 401 1815 400 1816 266 1817 264 1818 402 1819 265 1820 402 1821 401 1822 265 1823 263 1824 403 1825 264 1826 403 1827 402 1828 264 1829 263 1830 274 1831 403 1832 274 1833 392 1834 403 1835 272 1836 317 1837 394 1838 253 1839 317 1840 272 1841 240 1842 317 1843 253 1844 221 1845 317 1846 240 1847 208 1848 317 1849 221 1850 241 1851 404 1852 220 1853 209 1854 404 1855 284 1856 459 1857 317 1858 208 1859 393 1860 404 1861 273 1862 273 1863 404 1864 252 1865 220 1866 404 1867 209 1868 252 1869 404 1870 241 1871 274 1872 298 1873 392 1874 298 1875 425 1876 392 1877 251 1878 297 1879 274 1880 297 1881 298 1882 274 1883 242 1884 296 1885 251 1886 296 1887 297 1888 251 1889 219 1890 295 1891 242 1892 295 1893 296 1894 242 1895 210 1896 294 1897 219 1898 294 1899 295 1900 219 1901 283 1902 299 1903 210 1904 299 1905 294 1906 210 1907 298 1908 302 1909 425 1910 302 1911 432 1912 425 1913 297 1914 304 1915 298 1916 304 1917 302 1918 298 1919 296 1920 301 1921 297 1922 301 1923 304 1924 297 1925 295 1926 303 1927 296 1928 303 1929 301 1930 296 1931 294 1932 300 1933 295 1934 300 1935 303 1936 295 1937 299 1938 305 1939 294 1940 305 1941 300 1942 294 1943 419 1944 307 1945 409 1946 307 1947 319 1948 409 1949 419 1950 418 1951 307 1952 418 1953 308 1954 307 1955 418 1956 306 1957 308 1958 306 1959 309 1960 308 1961 306 1962 417 1963 309 1964 417 1965 310 1966 309 1967 417 1968 416 1969 310 1970 416 1971 311 1972 310 1973 416 1974 410 1975 311 1976 410 1977 318 1978 311 1979 415 1980 312 1981 407 1982 312 1983 514 1984 407 1985 415 1986 414 1987 312 1988 414 1989 313 1990 312 1991 414 1992 413 1993 313 1994 413 1995 314 1996 313 1997 413 1998 412 1999 314 2000 412 2001 315 2002 314 2003 412 2004 408 2005 315 2006 408 2007 320 2008 315 2009 411 2010 405 2011 516 2012 405 2013 510 2014 516 2015 433 2016 427 2017 408 2018 427 2019 320 2020 408 2021 485 2022 321 2023 406 2024 321 2025 512 2026 406 2027 482 2028 322 2029 484 2030 322 2031 323 2032 484 2033 322 2034 513 2035 323 2036 513 2037 511 2038 323 2039 321 2040 515 2041 512 2042 515 2043 325 2044 512 2045 427 2046 430 2047 320 2048 430 2049 327 2050 320 2051 516 2052 510 2053 517 2054 510 2055 324 2056 517 2057 315 2058 320 2059 331 2060 320 2061 327 2062 331 2063 314 2064 315 2065 332 2066 315 2067 331 2068 332 2069 313 2070 314 2071 333 2072 314 2073 332 2074 333 2075 312 2076 313 2077 334 2078 313 2079 333 2080 334 2081 312 2082 334 2083 514 2084 334 2085 326 2086 514 2087 311 2088 318 2089 335 2090 318 2091 329 2092 335 2093 310 2094 311 2095 336 2096 311 2097 335 2098 336 2099 309 2100 310 2101 337 2102 310 2103 336 2104 337 2105 308 2106 309 2107 338 2108 309 2109 337 2110 338 2111 307 2112 308 2113 339 2114 308 2115 338 2116 339 2117 307 2118 339 2119 319 2120 339 2121 328 2122 319 2123 339 2124 340 2125 328 2126 340 2127 351 2128 328 2129 339 2130 338 2131 340 2132 338 2133 341 2134 340 2135 338 2136 337 2137 341 2138 337 2139 342 2140 341 2141 337 2142 336 2143 342 2144 336 2145 343 2146 342 2147 336 2148 335 2149 343 2150 335 2151 344 2152 343 2153 335 2154 329 2155 344 2156 329 2157 350 2158 344 2159 334 2160 345 2161 326 2162 345 2163 518 2164 326 2165 334 2166 333 2167 345 2168 333 2169 346 2170 345 2171 333 2172 332 2173 346 2174 332 2175 347 2176 346 2177 332 2178 331 2179 347 2180 331 2181 348 2182 347 2183 331 2184 327 2185 348 2186 327 2187 352 2188 348 2189 517 2190 324 2191 520 2192 324 2193 519 2194 520 2195 430 2196 428 2197 327 2198 428 2199 352 2200 327 2201 515 2202 353 2203 325 2204 353 2205 521 2206 325 2207 513 2208 354 2209 511 2210 354 2211 355 2212 511 2213 354 2214 523 2215 355 2216 523 2217 522 2218 355 2219 353 2220 524 2221 521 2222 524 2223 357 2224 521 2225 428 2226 431 2227 352 2228 431 2229 359 2230 352 2231 520 2232 519 2233 525 2234 519 2235 356 2236 525 2237 348 2238 352 2239 363 2240 352 2241 359 2242 363 2243 347 2244 348 2245 364 2246 348 2247 363 2248 364 2249 346 2250 347 2251 365 2252 347 2253 364 2254 365 2255 345 2256 346 2257 366 2258 346 2259 365 2260 366 2261 345 2262 366 2263 518 2264 366 2265 358 2266 518 2267 344 2268 350 2269 367 2270 350 2271 361 2272 367 2273 343 2274 344 2275 368 2276 344 2277 367 2278 368 2279 342 2280 343 2281 369 2282 343 2283 368 2284 369 2285 341 2286 342 2287 370 2288 342 2289 369 2290 370 2291 340 2292 341 2293 371 2294 341 2295 370 2296 371 2297 340 2298 371 2299 351 2300 371 2301 360 2302 351 2303 371 2304 372 2305 360 2306 372 2307 383 2308 360 2309 371 2310 370 2311 372 2312 370 2313 373 2314 372 2315 370 2316 369 2317 373 2318 369 2319 374 2320 373 2321 369 2322 368 2323 374 2324 368 2325 375 2326 374 2327 368 2328 367 2329 375 2330 367 2331 376 2332 375 2333 367 2334 361 2335 376 2336 361 2337 382 2338 376 2339 366 2340 377 2341 358 2342 377 2343 526 2344 358 2345 366 2346 365 2347 377 2348 365 2349 378 2350 377 2351 365 2352 364 2353 378 2354 364 2355 379 2356 378 2357 364 2358 363 2359 379 2360 363 2361 380 2362 379 2363 363 2364 359 2365 380 2366 359 2367 384 2368 380 2369 525 2370 356 2371 528 2372 356 2373 527 2374 528 2375 431 2376 429 2377 359 2378 429 2379 384 2380 359 2381 524 2382 385 2383 357 2384 385 2385 529 2386 357 2387 523 2388 386 2389 522 2390 386 2391 387 2392 522 2393 386 2394 507 2395 387 2396 507 2397 506 2398 387 2399 385 2400 508 2401 529 2402 508 2403 389 2404 529 2405 429 2406 432 2407 384 2408 432 2409 391 2410 384 2411 528 2412 527 2413 509 2414 527 2415 388 2416 509 2417 380 2418 384 2419 395 2420 384 2421 391 2422 395 2423 379 2424 380 2425 396 2426 380 2427 395 2428 396 2429 378 2430 379 2431 397 2432 379 2433 396 2434 397 2435 377 2436 378 2437 398 2438 378 2439 397 2440 398 2441 377 2442 398 2443 526 2444 398 2445 390 2446 526 2447 376 2448 382 2449 399 2450 382 2451 393 2452 399 2453 375 2454 376 2455 400 2456 376 2457 399 2458 400 2459 374 2460 375 2461 401 2462 375 2463 400 2464 401 2465 373 2466 374 2467 402 2468 374 2469 401 2470 402 2471 372 2472 373 2473 403 2474 373 2475 402 2476 403 2477 372 2478 403 2479 383 2480 403 2481 392 2482 383 2483 381 2484 394 2485 317 2486 362 2487 381 2488 317 2489 349 2490 362 2491 317 2492 330 2493 349 2494 317 2495 316 2496 330 2497 317 2498 350 2499 329 2500 404 2501 318 2502 410 2503 404 2504 483 2505 316 2506 317 2507 393 2508 382 2509 404 2510 382 2511 361 2512 404 2513 329 2514 318 2515 404 2516 361 2517 350 2518 404 2519 383 2520 392 2521 424 2522 392 2523 425 2524 424 2525 360 2526 383 2527 423 2528 383 2529 424 2530 423 2531 351 2532 360 2533 422 2534 360 2535 423 2536 422 2537 328 2538 351 2539 421 2540 351 2541 422 2542 421 2543 319 2544 328 2545 420 2546 328 2547 421 2548 420 2549 409 2550 319 2551 426 2552 319 2553 420 2554 426 2555 424 2556 425 2557 429 2558 425 2559 432 2560 429 2561 423 2562 424 2563 431 2564 424 2565 429 2566 431 2567 422 2568 423 2569 428 2570 423 2571 431 2572 428 2573 421 2574 422 2575 430 2576 422 2577 428 2578 430 2579 420 2580 421 2581 427 2582 421 2583 430 2584 427 2585 426 2586 420 2587 433 2588 420 2589 427 2590 433 2591 566 2592 570 2593 588 2594 570 2595 585 2596 588 2597 534 2598 535 2599 536 2600 535 2601 538 2602 536 2603 535 2604 533 2605 538 2606 533 2607 537 2608 538 2609 540 2610 541 2611 542 2612 541 2613 544 2614 542 2615 541 2616 539 2617 544 2618 539 2619 543 2620 544 2621 555 2622 556 2623 557 2624 556 2625 559 2626 557 2627 556 2628 554 2629 559 2630 554 2631 558 2632 559 2633 542 2634 544 2635 545 2636 544 2637 547 2638 545 2639 544 2640 543 2641 547 2642 543 2643 546 2644 547 2645 545 2646 547 2647 548 2648 547 2649 550 2650 548 2651 547 2652 546 2653 550 2654 546 2655 549 2656 550 2657 557 2658 559 2659 560 2660 559 2661 562 2662 560 2663 559 2664 558 2665 562 2666 558 2667 561 2668 562 2669 560 2670 562 2671 563 2672 562 2673 565 2674 563 2675 562 2676 561 2677 565 2678 561 2679 564 2680 565 2681 570 2682 571 2683 572 2684 571 2685 574 2686 572 2687 571 2688 569 2689 574 2690 569 2691 573 2692 574 2693 548 2694 550 2695 551 2696 550 2697 553 2698 551 2699 550 2700 549 2701 553 2702 549 2703 552 2704 553 2705 551 2706 553 2707 555 2708 553 2709 556 2710 555 2711 553 2712 552 2713 556 2714 552 2715 554 2716 556 2717 563 2718 565 2719 566 2720 565 2721 568 2722 566 2723 565 2724 564 2725 568 2726 564 2727 567 2728 568 2729 566 2730 568 2731 570 2732 568 2733 571 2734 570 2735 568 2736 567 2737 571 2738 567 2739 569 2740 571 2741 572 2742 574 2743 575 2744 574 2745 577 2746 575 2747 574 2748 573 2749 577 2750 573 2751 576 2752 577 2753 536 2754 538 2755 540 2756 538 2757 541 2758 540 2759 538 2760 537 2761 541 2762 537 2763 539 2764 541 2765 575 2766 577 2767 530 2768 577 2769 532 2770 530 2771 577 2772 576 2773 532 2774 576 2775 531 2776 532 2777 530 2778 532 2779 534 2780 532 2781 535 2782 534 2783 532 2784 531 2785 535 2786 531 2787 533 2788 535 2789 582 2790 578 2791 583 2792 578 2793 580 2794 583 2795 583 2796 580 2797 581 2798 580 2799 579 2800 581 2801 585 2802 582 2803 586 2804 582 2805 583 2806 586 2807 586 2808 583 2809 584 2810 583 2811 581 2812 584 2813 588 2814 585 2815 589 2816 585 2817 586 2818 589 2819 589 2820 586 2821 587 2822 586 2823 584 2824 587 2825 591 2826 588 2827 592 2828 588 2829 589 2830 592 2831 592 2832 589 2833 590 2834 589 2835 587 2836 590 2837 594 2838 591 2839 595 2840 591 2841 592 2842 595 2843 595 2844 592 2845 593 2846 592 2847 590 2848 593 2849 597 2850 594 2851 598 2852 594 2853 595 2854 598 2855 598 2856 595 2857 596 2858 595 2859 593 2860 596 2861 600 2862 597 2863 601 2864 597 2865 598 2866 601 2867 601 2868 598 2869 599 2870 598 2871 596 2872 599 2873 603 2874 600 2875 604 2876 600 2877 601 2878 604 2879 604 2880 601 2881 602 2882 601 2883 599 2884 602 2885 606 2886 603 2887 607 2888 603 2889 604 2890 607 2891 607 2892 604 2893 605 2894 604 2895 602 2896 605 2897 609 2898 606 2899 610 2900 606 2901 607 2902 610 2903 610 2904 607 2905 608 2906 607 2907 605 2908 608 2909 612 2910 609 2911 613 2912 609 2913 610 2914 613 2915 613 2916 610 2917 611 2918 610 2919 608 2920 611 2921 615 2922 612 2923 616 2924 612 2925 613 2926 616 2927 616 2928 613 2929 614 2930 613 2931 611 2932 614 2933 618 2934 615 2935 619 2936 615 2937 616 2938 619 2939 619 2940 616 2941 617 2942 616 2943 614 2944 617 2945 621 2946 618 2947 622 2948 618 2949 619 2950 622 2951 622 2952 619 2953 620 2954 619 2955 617 2956 620 2957 624 2958 621 2959 625 2960 621 2961 622 2962 625 2963 625 2964 622 2965 623 2966 622 2967 620 2968 623 2969 578 2970 624 2971 580 2972 624 2973 625 2974 580 2975 580 2976 625 2977 579 2978 625 2979 623 2980 579 2981 545 2982 548 2983 609 2984 548 2985 606 2986 609 2987 570 2988 572 2989 585 2990 572 2991 582 2992 585 2993 548 2994 551 2995 606 2996 551 2997 603 2998 606 2999 578 3000 575 3001 624 3002 575 3003 530 3004 624 3005 572 3006 575 3007 582 3008 575 3009 578 3010 582 3011 551 3012 555 3013 603 3014 555 3015 600 3016 603 3017 624 3018 530 3019 621 3020 530 3021 534 3022 621 3023 555 3024 557 3025 600 3026 557 3027 597 3028 600 3029 534 3030 536 3031 621 3032 536 3033 618 3034 621 3035 557 3036 560 3037 597 3038 560 3039 594 3040 597 3041 536 3042 540 3043 618 3044 540 3045 615 3046 618 3047 560 3048 563 3049 594 3050 563 3051 591 3052 594 3053 540 3054 542 3055 615 3056 542 3057 612 3058 615 3059 563 3060 566 3061 591 3062 566 3063 588 3064 591 3065 542 3066 545 3067 612 3068 545 3069 609 3070 612 3071 664 3072 667 3073 633 3074 667 3075 634 3076 633 3077 564 3078 561 3079 654 3080 561 3081 657 3082 654 3083 679 3084 682 3085 638 3086 682 3087 639 3088 638 3089 652 3090 655 3091 629 3092 655 3093 630 3094 629 3095 682 3096 685 3097 639 3098 685 3099 640 3100 639 3101 669 3102 549 3103 672 3104 549 3105 546 3106 672 3107 558 3108 554 3109 660 3110 554 3111 663 3112 660 3113 642 3114 646 3115 626 3116 646 3117 627 3118 626 3119 549 3120 669 3121 552 3122 669 3123 666 3124 552 3125 643 3126 687 3127 576 3128 687 3129 531 3130 576 3131 685 3132 688 3133 640 3134 688 3135 641 3136 640 3137 673 3138 676 3139 636 3140 676 3141 637 3142 636 3143 533 3144 531 3145 684 3146 531 3147 687 3148 684 3149 648 3150 569 3151 651 3152 569 3153 567 3154 651 3155 648 3156 645 3157 569 3158 645 3159 573 3160 569 3161 658 3162 661 3163 631 3164 661 3165 632 3166 631 3167 667 3168 670 3169 634 3170 670 3171 635 3172 634 3173 654 3174 651 3175 564 3176 651 3177 567 3178 564 3179 676 3180 679 3181 637 3182 679 3183 638 3184 637 3185 649 3186 652 3187 628 3188 652 3189 629 3190 628 3191 681 3192 678 3193 537 3194 678 3195 539 3196 537 3197 670 3198 673 3199 635 3200 673 3201 636 3202 635 3203 661 3204 664 3205 632 3206 664 3207 633 3208 632 3209 666 3210 663 3211 552 3212 663 3213 554 3214 552 3215 561 3216 558 3217 657 3218 558 3219 660 3220 657 3221 688 3222 642 3223 641 3224 642 3225 626 3226 641 3227 537 3228 533 3229 681 3230 533 3231 684 3232 681 3233 646 3234 649 3235 627 3236 649 3237 628 3238 627 3239 543 3240 539 3241 675 3242 539 3243 678 3244 675 3245 655 3246 658 3247 630 3248 658 3249 631 3250 630 3251 672 3252 546 3253 675 3254 546 3255 543 3256 675 3257 646 3258 642 3259 647 3260 642 3261 644 3262 647 3263 647 3264 644 3265 645 3266 644 3267 643 3268 645 3269 649 3270 646 3271 650 3272 646 3273 647 3274 650 3275 650 3276 647 3277 648 3278 647 3279 645 3280 648 3281 652 3282 649 3283 653 3284 649 3285 650 3286 653 3287 653 3288 650 3289 651 3290 650 3291 648 3292 651 3293 655 3294 652 3295 656 3296 652 3297 653 3298 656 3299 656 3300 653 3301 654 3302 653 3303 651 3304 654 3305 658 3306 655 3307 659 3308 655 3309 656 3310 659 3311 659 3312 656 3313 657 3314 656 3315 654 3316 657 3317 661 3318 658 3319 662 3320 658 3321 659 3322 662 3323 662 3324 659 3325 660 3326 659 3327 657 3328 660 3329 664 3330 661 3331 665 3332 661 3333 662 3334 665 3335 665 3336 662 3337 663 3338 662 3339 660 3340 663 3341 667 3342 664 3343 668 3344 664 3345 665 3346 668 3347 668 3348 665 3349 666 3350 665 3351 663 3352 666 3353 670 3354 667 3355 671 3356 667 3357 668 3358 671 3359 671 3360 668 3361 669 3362 668 3363 666 3364 669 3365 673 3366 670 3367 674 3368 670 3369 671 3370 674 3371 674 3372 671 3373 672 3374 671 3375 669 3376 672 3377 676 3378 673 3379 677 3380 673 3381 674 3382 677 3383 677 3384 674 3385 675 3386 674 3387 672 3388 675 3389 679 3390 676 3391 680 3392 676 3393 677 3394 680 3395 680 3396 677 3397 678 3398 677 3399 675 3400 678 3401 682 3402 679 3403 683 3404 679 3405 680 3406 683 3407 683 3408 680 3409 681 3410 680 3411 678 3412 681 3413 685 3414 682 3415 686 3416 682 3417 683 3418 686 3419 686 3420 683 3421 684 3422 683 3423 681 3424 684 3425 688 3426 685 3427 689 3428 685 3429 686 3430 689 3431 689 3432 686 3433 687 3434 686 3435 684 3436 687 3437 642 3438 688 3439 644 3440 688 3441 689 3442 644 3443 644 3444 689 3445 643 3446 689 3447 687 3448 643 3449 645 3450 643 3451 573 3452 643 3453 576 3454 573 3455</p>
				</triangles>
			</mesh>
		</geometry>
		<geometry id="98729.json-mesh" name="98729.json">
			<mesh>
				<source id="98729.json-mesh-positions">
					<float_array id="98729.json-mesh-positions-array" count="3831">4.959 4.258 0.624 3.577 2.597 1.967 2.657 3.165 1.871 3.102 3.895 1.511 2.38 3.479 1.261 2.809 4.084 0.992 3.537 4.563 1.124 4.133 5.31 0.602 3.232 4.666 0.643 6 1.639 0.035 6.073 2.613 -0.081 5.814 4.38 0.016 4.968 2.259 -1.59 4.44 2.216 -1.784 4.645 2.542 -1.564 5.09 2.701 -1.369 5.192 3.169 -1.103 4.816 2.881 -1.35 4.456 2.744 -1.161 4.629 3.049 -1.026 5.017 3.302 -1.063 4.835 3.381 -0.867 2.574 4.187 0.256 2.155 3.717 0.453 2.455 4.08 -0.569 2.994 4.624 -0.04 4.388 5.509 -0.335 4.769 5.791 0.072 6.281 4.832 -0.966 5.802 4.639 -1.371 5.171 4.365 -1.77 4.034 5.124 -0.853 2.835 4.386 -0.744 2.827 4.162 -1.363 2.399 3.83 -1.463 2.531 3.613 -1.998 3.106 4.189 -1.684 3.65 4.66 -1.322 4.519 4.068 -2.092 3.662 3.614 -2.412 2.982 3.063 -2.716 2.069 3.291 -2.114 3.156 2.875 -2.895 3.845 3.293 -2.651 4.739 3.522 -2.383 5.441 3.65 -2.06 6.125 3.766 -1.628 6.61 3.836 -1.168 6.689 2.417 -1.222 6.238 2.463 -1.813 5.554 2.533 -2.351 4.834 2.64 -2.707 3.983 2.805 -2.893 3.809 2.314 -3.128 4.791 1.706 -2.983 5.515 1.352 -2.553 6.149 1.081 -1.883 4.648 0.862 -3.21 6.543 0.902 -1.179 6.301 -0.531 -1.067 2.886 -6.891 4.281 3.598 -7.013 5.197 4.968 -7.196 3.854 4.895 -7.274 1.709 6.335 -7.547 -0.062 3.961 -4.347 5.002 3.424 -5.076 3.909 2.392 -5.316 4.614 1.794 -5.116 4.841 1.352 -3.337 5.008 3.296 -2.011 5.435 3.208 -2.121 4.058 3.699 -2.725 5.136 1.445 2.901 -3.389 1.564 2.524 -3.842 1.276 1.67 -4.837 1.228 0.368 -5.704 1.298 -0.662 -6.052 1.653 -2.524 -6.134 2.269 0.201 -5.429 2.768 0.884 -4.828 3.177 1.52 -4.031 2.625 2.576 -3.186 2.391 2.847 -2.889 1.219 3.476 -2.209 1.178 3.644 -1.665 1.996 3.495 -1.529 1.214 3.824 -0.439 2.042 3.705 -0.481 1.305 3.778 0.678 1.427 3.606 1.437 1.579 3.34 2.224 1.758 2.11 4.204 2.618 2.645 3.015 3.752 2.3 2.407 3.931 1.685 3.128 2.663 2.004 3.863 4.108 0.578 3.999 4.592 1.376 2.656 4.857 1.612 1.013 4.767 0.247 3.503 4.419 -1.143 4.489 5.283 -0.409 3.087 5.531 0.34 2.05 5.598 0.581 1.451 4.269 2.439 -1.331 4.828 1.874 -1.802 6.115 -0.075 0.021 6.204 -0.374 0.489 6.146 -0.801 0.936 6.094 -1.214 1.499 5.707 -2.216 2.737 4.727 -1.722 4.254 4.022 -1.778 4.929 3.878 -0.771 4.867 2.711 -0.509 5.522 3.66 -1.47 5.169 4.251 -2.264 4.755 4.922 -2.939 4.059 5.67 -4.306 2.863 6.311 -3.254 0.934 6.348 -2.439 0.563 6.348 -1.78 0.23 6.348 -1.222 -0.006 6.28 -2.058 -0.987 6.311 -2.829 -0.825 6.335 -3.552 -0.675 6.354 -4.361 -0.544 6.256 -4.335 1.244 6.354 -5.298 -0.38 6.177 -5.426 1.59 5.456 -5.475 3.235 4.831 -4.431 4.163 4.425 -3.218 4.605 4.364 -4.387 4.672 4.489 -5.386 4.526 5.2 -6.36 3.616 6.088 -6.372 1.889 6.36 -6.317 -0.21 6.152 -6.341 -1.654 6.137 -5.264 -1.709 6.122 -4.339 -1.752 6.113 -3.564 -1.773 6.079 -2.771 -1.872 5.593 -3.554 -3.021 5.64 -4.388 -2.959 5.618 -5.322 -2.998 5.594 -6.433 -3.044 3.842 -6.146 5.075 4.037 -5.142 4.947 3.473 -5.664 5.335 2.777 -6.17 5.743 2.728 -5.774 5.774 2.017 -5.572 6.058 1.927 -5.899 6.085 4.361 -6.521 -4.496 4.444 -5.406 -4.418 4.455 -4.449 -4.4 4.225 -7.901 -4.565 1.323 -6.569 -6.199 1.441 -5.45 -6.17 1.523 -4.507 -6.154 1.579 -3.739 -6.145 4.419 -3.634 -4.461 5.578 -2.683 -3.043 4.388 -2.616 -4.461 3.189 -2.502 -5.539 0.59 -4.936 6.36 0.355 -4.359 6.384 0.305 -3.81 6.378 0.427 -3.215 6.366 0.616 -2.696 6.348 0.79 -3.374 6.311 0.537 -3.88 6.348 0.592 -4.304 6.342 1.138 -2.903 6.274 1.55 -3.21 6.14 0.925 -1.971 6.305 1.48 -1.177 6.125 2.031 -1.859 6.036 1.559 -2.391 6.183 1.988 -2.832 6.021 2.402 -1.397 5.856 1.793 -0.499 5.899 2.87 -1.253 5.627 1.237 -5.462 6.268 0.879 -4.733 6.323 1.398 -5.182 6.238 6.322 -0.789 -0.2 6.241 -1.325 -1.061 6.058 -1.911 -1.933 5.997 -1.067 -1.935 5.924 -0.142 -1.862 5.505 -0.59 -2.873 5.554 -1.463 -3.047 4.247 -1.015 -4.474 4.688 0.22 -3.671 5.371 0.278 -2.637 3.482 1.837 -3.452 1.081 -6.458 -5.069 1.065 -7.491 -5.069 2.28 -7.507 -4.65 2.291 -6.33 -4.652 1.237 -4.396 -5.05 1.276 -2.52 -5.037 2.328 -4.184 -4.638 3.55 -6.042 -3.778 3.479 -7.455 -3.715 4.425 -7.729 -2.676 4.968 -7.546 -1.413 4.412 -7.327 -2.701 4.413 -5.992 -2.7 3.574 -3.883 -3.751 2.384 -2.41 -4.617 3.573 -2.172 -3.751 4.437 -3.638 -2.654 4.943 -5.486 1.514 4.918 -6.862 1.618 4.085 -6.728 3.173 4.137 -5.611 3.115 4.221 -3.191 3.02 4.982 -3.084 1.357 4.449 -1.915 -2.63 4.995 -1.695 1.304 4.152 -4.45 3.097 2.968 -6.108 4.224 2.889 -5.333 4.279 3.674 -3.292 3.637 4.244 -1.809 2.994 3.446 -1.422 3.894 4.242 -1 2.996 2.055 -1 4.742 3.085 -1 4.143 1.381 -2.095 4.997 2.027 -1.68 4.752 0.722 -3.174 5.112 0.406 -4.212 5.151 0.913 -3.69 5.089 0.672 -4.159 5.118 0.753 -5.218 5.109 1.012 -5.86 5.077 2.31 -5.954 4.645 1.373 -4.851 5 2.229 -6.407 4.675 2.933 -1.894 4.248 3.21 -3.686 -5.511 3.162 -4.487 -5.539 3.073 -5.447 -5.576 2.933 -6.564 -5.643 2.669 -0.823 -5.519 4.033 4.642 -1.639 5.594 4.648 0.152 4.54 5.083 -1.244 2.704 3.387 -2.354 3.339 4.006 -2.071 5.484 5.75 -0.43 5.02 5.45 -0.794 1.323 3.204 -2.903 2.2 3.128 -2.544 5.131 3.568 -0.823 5 3.577 -0.745 5.239 3.458 -0.876 3.278 -5.31 5.441 2.397 -2.545 5.899 3.055 -1.862 5.576 3.9 -3.47 4.99 1.107 -3.619 6.244 3.726 -4.913 5.161 3.528 -2.344 5.258 2.701 -5.41 5.759 1.066 -4.568 6.241 1.545 -4.933 6.152 2.103 -5.255 5.997 0.747 -4.191 6.291 0.745 -4.112 6.296 2.785 -2.24 5.774 5.73 0.615 0.193 6.018 3.549 -0.072 5.576 0.751 0.598 4.654 3.828 0.905 4.33 3.278 1.225 5.975 -7.339 2.139 2.626 -6.799 5.743 0.489 -5.667 6.329 1.732 -6.436 6.076 1.213 -7.908 -6.206 1.034 -6.018 6.256 5.502 -7.821 -3.111 6.122 -7.693 -1.61 2.779 -7.931 -5.688 3.365 -0.589 5.192 2.712 0.888 4.834 1.855 0.981 5.185 3.11 -1.896 5.544 3.226 -1.271 5.433 3.278 4.597 -1.058 3.861 5.202 0.111 3.568 4.962 -0.489 1.196 3.756 -1.052 2.595 4.111 -1.063 2.019 3.622 -1.005 2.427 3.999 -1.016 3.519 3.672 1.839 4.407 5.085 0.956 6.927 2.524 -0.602 5.823 6.015 0.026 3.94 4.34 1.379 5.096 5.808 0.473 3.134 2.773 2.269 6.851 3.929 -0.652 6.769 0.945 -0.457 6.615 4.954 -0.495 1.681 2.775 3.373 4.712 1.792 -1.599 4.343 2.256 -1.273 4.51 2.033 -1.452 4.318 2.06 1.895 5.304 4.599 0.317 4.015 2.418 1.515 3.4 0.765 4.444 3.195 2.493 2.748 3.318 1.875 3.517 4.965 -3.575 -1.427 4.962 -5.898 -1.44 4.969 -7.211 -1.409 4.941 -1.891 -1.524 2.208 -6.773 4.683 5.162 -3.397 -0.158 5.162 -5.764 -0.109 5.162 -7.107 -0.067 5.162 -1.784 -0.259 0.872 -6.182 5.094 1.068 -7.944 -5.066 4.066 -7.144 3.195 2.921 -6.497 4.247 1.64 -6.127 4.899 0.564 -5.596 5.132 3.511 -7.804 -3.748 2.277 -7.921 -4.654 0.41 -5.881 5.15 5.162 -7.456 -0.086 1.469 -6.504 4.964 1.763 -5.672 4.852 1.24 -5.404 5.049 2.31 -5.256 -4.645 3.563 -5.02 -3.763 4.419 -4.814 -2.687 4.965 -4.335 1.425 1.227 -5.386 -5.051 4.963 -4.737 -1.433 5.162 -4.581 -0.134 0.474 -3.971 5.142 1.056 -2.593 5.072 3.687 -4.43 3.623 1.65 -1.897 4.895 2.638 -1 4.451 1.435 -1 4.976 2.615 -1.485 4.467 2.914 -1.396 4.261 5.005 -1 1.265 5.162 -1 -0.321 3.616 -1 -3.703 4.935 -1 -1.548 2.464 -1 -4.572 4.42 -1 -2.687 1.233 -1 -5.05 3.743 -1.719 3.56 3.435 -2.456 3.901 1.759 -2.991 4.854 2.764 -1.94 4.365 2.714 -1.953 4.399 2.124 -2.697 4.715 0.92 -4.533 5.088 0.645 -4.085 5.122 2.429 -2.383 4.596 4.131 0.681 1.497 2.192 0.681 3.78 3.618 0.681 2.507 2.84 0.681 3.329 1.152 0.681 4.221 4.371 0.681 0.386 4.379 0.681 -0.403 2.86 0.681 -3.353 4.139 0.681 -1.509 2.219 0.681 -3.815 3.62 0.681 -2.514 1.179 0.681 -4.261 0.843 2.1 -3.272 1.598 2.1 -2.982 2.243 2.1 -2.536 2.78 2.1 -1.93 3.156 2.1 -1.213 3.347 2.1 -0.427 3.347 2.1 0.357 3.155 2.1 1.144 2.78 2.1 1.862 2.241 2.1 2.466 1.596 2.1 2.911 0.841 2.1 3.201 0.918 0 2.217 1.697 0 1.697 2.217 0 0.918 2.4 0 0 2.217 0 -0.918 1.697 0 -1.697 0.918 0 -2.217 1.244 0 3.003 2.298 0 2.298 3.003 0 1.244 3.25 0 0 3.003 0 -1.244 2.298 0 -2.298 1.244 0 -3.003 0.918 2.1 2.217 1.697 2.1 1.697 2.217 2.1 0.918 2.4 2.1 0 2.217 2.1 -0.918 1.697 2.1 -1.697 0.918 2.1 -2.217 1.244 2.1 3.003 2.298 2.1 2.298 3.003 2.1 1.244 3.25 2.1 0 3.003 2.1 -1.244 2.298 2.1 -2.298 1.244 2.1 -3.003 4.287 5.157 -1.049 1.271 3.394 -2.556 3.841 4.705 -1.481 2.617 3.554 -2.176 3.223 4.152 -1.878 5.127 5.824 -0.179 4.704 5.534 -0.564 2.134 3.263 -2.329 5.46 5.991 0.249 4.256 4.449 -1.829 2.802 3.282 -2.493 3.48 3.867 -2.21 5.857 5.46 -0.685 5.386 5.194 -1.06 2.295 3 -2.717 4.832 4.845 -1.475 1.384 3.065 -3.146 6.199 5.731 -0.22 -4.959 4.258 0.624 -3.577 2.597 1.967 -2.657 3.165 1.871 -3.102 3.895 1.511 -2.38 3.479 1.261 -2.809 4.084 0.992 -3.537 4.563 1.124 -4.133 5.31 0.602 -3.232 4.666 0.643 -6 1.639 0.035 -6.073 2.613 -0.081 -5.814 4.38 0.016 -4.968 2.259 -1.59 -4.44 2.216 -1.784 -4.645 2.542 -1.564 -5.09 2.701 -1.369 -5.192 3.169 -1.103 -4.816 2.881 -1.35 -4.456 2.744 -1.161 -4.629 3.049 -1.026 -5.017 3.302 -1.063 -4.835 3.381 -0.867 -2.574 4.187 0.256 -2.155 3.717 0.453 -2.455 4.08 -0.569 -2.994 4.624 -0.04 -4.388 5.509 -0.335 -4.769 5.791 0.072 -6.281 4.832 -0.966 -5.802 4.639 -1.371 -5.171 4.365 -1.77 -4.034 5.124 -0.853 -2.835 4.386 -0.744 -2.827 4.162 -1.363 -2.399 3.83 -1.463 -2.531 3.613 -1.998 -3.106 4.189 -1.684 -3.65 4.66 -1.322 -4.519 4.068 -2.092 -3.662 3.614 -2.412 -2.982 3.063 -2.716 -2.069 3.291 -2.114 -3.156 2.875 -2.895 -3.845 3.293 -2.651 -4.739 3.522 -2.383 -5.441 3.65 -2.06 -6.125 3.766 -1.628 -6.61 3.836 -1.168 -6.689 2.417 -1.222 -6.238 2.463 -1.813 -5.554 2.533 -2.351 -4.834 2.64 -2.707 -3.983 2.805 -2.893 -3.809 2.314 -3.128 -4.791 1.706 -2.983 -5.515 1.352 -2.553 -6.149 1.081 -1.883 -4.648 0.862 -3.21 -6.543 0.902 -1.179 -6.301 -0.531 -1.067 -2.886 -6.891 4.281 -3.598 -7.013 5.197 -4.968 -7.196 3.854 -4.895 -7.274 1.709 -6.335 -7.547 -0.062 -3.961 -4.347 5.002 -3.424 -5.076 3.909 -2.392 -5.316 4.614 -1.794 -5.116 4.841 -1.352 -3.337 5.008 -3.296 -2.011 5.435 -3.208 -2.121 4.058 -3.699 -2.725 5.136 -1.445 2.901 -3.389 -1.564 2.524 -3.842 -1.276 1.67 -4.837 -1.228 0.368 -5.704 -1.298 -0.662 -6.052 -1.653 -2.524 -6.134 -2.269 0.201 -5.429 -2.768 0.884 -4.828 -3.177 1.52 -4.031 -2.625 2.576 -3.186 -2.391 2.847 -2.889 -1.219 3.476 -2.209 -1.178 3.644 -1.665 -1.996 3.495 -1.529 -1.214 3.824 -0.439 -2.042 3.705 -0.481 -1.305 3.778 0.678 -1.427 3.606 1.437 -1.579 3.34 2.224 -1.758 2.11 4.204 -2.618 2.645 3.015 -3.752 2.3 2.407 -3.931 1.685 3.128 -2.663 2.004 3.863 -4.108 0.578 3.999 -4.592 1.376 2.656 -4.857 1.612 1.013 -4.767 0.247 3.503 -4.419 -1.143 4.489 -5.283 -0.409 3.087 -5.531 0.34 2.05 -5.598 0.581 1.451 -4.269 2.439 -1.331 -4.828 1.874 -1.802 -6.115 -0.075 0.021 -6.204 -0.374 0.489 -6.146 -0.801 0.936 -6.094 -1.214 1.499 -5.707 -2.216 2.737 -4.727 -1.722 4.254 -4.022 -1.778 4.929 -3.878 -0.771 4.867 -2.711 -0.509 5.522 -3.66 -1.47 5.169 -4.251 -2.264 4.755 -4.922 -2.939 4.059 -5.67 -4.306 2.863 -6.311 -3.254 0.934 -6.348 -2.439 0.563 -6.348 -1.78 0.23 -6.348 -1.222 -0.006 -6.28 -2.058 -0.987 -6.311 -2.829 -0.825 -6.335 -3.552 -0.675 -6.354 -4.361 -0.544 -6.256 -4.335 1.244 -6.354 -5.298 -0.38 -6.177 -5.426 1.59 -5.456 -5.475 3.235 -4.831 -4.431 4.163 -4.425 -3.218 4.605 -4.364 -4.387 4.672 -4.489 -5.386 4.526 -5.2 -6.36 3.616 -6.088 -6.372 1.889 -6.36 -6.317 -0.21 -6.152 -6.341 -1.654 -6.137 -5.264 -1.709 -6.122 -4.339 -1.752 -6.113 -3.564 -1.773 -6.079 -2.771 -1.872 -5.593 -3.554 -3.021 -5.64 -4.388 -2.959 -5.618 -5.322 -2.998 -5.594 -6.433 -3.044 -3.842 -6.146 5.075 -4.037 -5.142 4.947 -3.473 -5.664 5.335 -2.777 -6.17 5.743 -2.728 -5.774 5.774 -2.017 -5.572 6.058 -1.927 -5.899 6.085 -4.361 -6.521 -4.496 -4.444 -5.406 -4.418 -4.455 -4.449 -4.4 -4.225 -7.901 -4.565 -1.323 -6.569 -6.199 -1.441 -5.45 -6.17 -1.523 -4.507 -6.154 -1.579 -3.739 -6.145 -4.419 -3.634 -4.461 -5.578 -2.683 -3.043 -4.388 -2.616 -4.461 -3.189 -2.502 -5.539 -0.59 -4.936 6.36 -0.355 -4.359 6.384 -0.305 -3.81 6.378 -0.427 -3.215 6.366 -0.616 -2.696 6.348 -0.79 -3.374 6.311 -0.537 -3.88 6.348 -0.592 -4.304 6.342 -1.138 -2.903 6.274 -1.55 -3.21 6.14 -0.925 -1.971 6.305 -1.48 -1.177 6.125 -2.031 -1.859 6.036 -1.559 -2.391 6.183 -1.988 -2.832 6.021 -2.402 -1.397 5.856 -1.793 -0.499 5.899 -2.87 -1.253 5.627 -1.237 -5.462 6.268 -0.879 -4.733 6.323 -1.398 -5.182 6.238 -6.322 -0.789 -0.2 -6.241 -1.325 -1.061 -6.058 -1.911 -1.933 -5.997 -1.067 -1.935 -5.924 -0.142 -1.862 -5.505 -0.59 -2.873 -5.554 -1.463 -3.047 -4.247 -1.015 -4.474 -4.688 0.22 -3.671 -5.371 0.278 -2.637 -3.482 1.837 -3.452 -1.081 -6.458 -5.069 -1.065 -7.491 -5.069 -2.28 -7.507 -4.65 -2.291 -6.33 -4.652 -1.237 -4.396 -5.05 -1.276 -2.52 -5.037 -2.328 -4.184 -4.638 -3.55 -6.042 -3.778 -3.479 -7.455 -3.715 -4.425 -7.729 -2.676 -4.968 -7.546 -1.413 -4.412 -7.327 -2.701 -4.413 -5.992 -2.7 -3.574 -3.883 -3.751 -2.384 -2.41 -4.617 -3.573 -2.172 -3.751 -4.437 -3.638 -2.654 -4.943 -5.486 1.514 -4.918 -6.862 1.618 -4.085 -6.728 3.173 -4.137 -5.611 3.115 -4.221 -3.191 3.02 -4.982 -3.084 1.357 -4.449 -1.915 -2.63 -4.995 -1.695 1.304 -4.152 -4.45 3.097 -2.968 -6.108 4.224 -2.889 -5.333 4.279 -3.674 -3.292 3.637 -4.244 -1.809 2.994 -3.446 -1.422 3.894 -4.242 -1 2.996 -2.055 -1 4.742 -3.085 -1 4.143 -1.381 -2.095 4.997 -2.027 -1.68 4.752 -0.722 -3.174 5.112 -0.406 -4.212 5.151 -0.913 -3.69 5.089 -0.672 -4.159 5.118 -0.753 -5.218 5.109 -1.012 -5.86 5.077 -2.31 -5.954 4.645 -1.373 -4.851 5 -2.229 -6.407 4.675 -2.933 -1.894 4.248 -3.21 -3.686 -5.511 -3.162 -4.487 -5.539 -3.073 -5.447 -5.576 -2.933 -6.564 -5.643 -2.669 -0.823 -5.519 -4.033 4.642 -1.639 -5.594 4.648 0.152 -4.54 5.083 -1.244 -2.704 3.387 -2.354 -3.339 4.006 -2.071 -5.484 5.75 -0.43 -5.02 5.45 -0.794 -1.323 3.204 -2.903 -2.2 3.128 -2.544 -5.131 3.568 -0.823 -5 3.577 -0.745 -5.239 3.458 -0.876 -3.278 -5.31 5.441 -2.397 -2.545 5.899 -3.055 -1.862 5.576 -3.9 -3.47 4.99 -1.107 -3.619 6.244 -3.726 -4.913 5.161 -3.528 -2.344 5.258 -2.701 -5.41 5.759 -1.066 -4.568 6.241 -1.545 -4.933 6.152 -2.103 -5.255 5.997 -0.747 -4.191 6.291 -0.745 -4.112 6.296 -2.785 -2.24 5.774 -5.73 0.615 0.193 -6.018 3.549 -0.072 -5.576 0.751 0.598 -4.654 3.828 0.905 -4.33 3.278 1.225 -5.975 -7.339 2.139 -2.626 -6.799 5.743 -0.489 -5.667 6.329 -1.732 -6.436 6.076 -1.213 -7.908 -6.206 -1.034 -6.018 6.256 -5.502 -7.821 -3.111 -6.122 -7.693 -1.61 -2.779 -7.931 -5.688 -3.365 -0.589 5.192 -2.712 0.888 4.834 -1.855 0.981 5.185 -3.11 -1.896 5.544 -3.226 -1.271 5.433 -3.278 4.597 -1.058 -3.861 5.202 0.111 -3.568 4.962 -0.489 -1.196 3.756 -1.052 -2.595 4.111 -1.063 -2.019 3.622 -1.005 -2.427 3.999 -1.016 -3.519 3.672 1.839 -4.407 5.085 0.956 -6.927 2.524 -0.602 -5.823 6.015 0.026 -3.94 4.34 1.379 -5.096 5.808 0.473 -3.134 2.773 2.269 -6.851 3.929 -0.652 -6.769 0.945 -0.457 -6.615 4.954 -0.495 -1.681 2.775 3.373 -4.712 1.792 -1.599 -4.343 2.256 -1.273 -4.51 2.033 -1.452 -4.318 2.06 1.895 -5.304 4.599 0.317 -4.015 2.418 1.515 -3.4 0.765 4.444 -3.195 2.493 2.748 -3.318 1.875 3.517 -4.965 -3.575 -1.427 -4.962 -5.898 -1.44 -4.969 -7.211 -1.409 -4.941 -1.891 -1.524 -2.208 -6.773 4.683 -5.162 -3.397 -0.158 -5.162 -5.764 -0.109 -5.162 -7.107 -0.067 -5.162 -1.784 -0.259 -0.872 -6.182 5.094 -1.068 -7.944 -5.066 -4.066 -7.144 3.195 -2.921 -6.497 4.247 -1.64 -6.127 4.899 -0.564 -5.596 5.132 -3.511 -7.804 -3.748 -2.277 -7.921 -4.654 -0.41 -5.881 5.15 -5.162 -7.456 -0.086 -1.469 -6.504 4.964 -1.763 -5.672 4.852 -1.24 -5.404 5.049 -2.31 -5.256 -4.645 -3.563 -5.02 -3.763 -4.419 -4.814 -2.687 -4.965 -4.335 1.425 -1.227 -5.386 -5.051 -4.963 -4.737 -1.433 -5.162 -4.581 -0.134 -0.474 -3.971 5.142 -1.056 -2.593 5.072 -3.687 -4.43 3.623 -1.65 -1.897 4.895 -2.638 -1 4.451 -1.435 -1 4.976 -2.615 -1.485 4.467 -2.914 -1.396 4.261 -5.005 -1 1.265 -5.162 -1 -0.321 -3.616 -1 -3.703 -4.935 -1 -1.548 -2.464 -1 -4.572 -4.42 -1 -2.687 -1.233 -1 -5.05 -3.743 -1.719 3.56 -3.435 -2.456 3.901 -1.759 -2.991 4.854 -2.764 -1.94 4.365 -2.714 -1.953 4.399 -2.124 -2.697 4.715 -0.92 -4.533 5.088 -0.645 -4.085 5.122 -2.429 -2.383 4.596 -4.131 0.681 1.497 -2.192 0.681 3.78 -3.618 0.681 2.507 -2.84 0.681 3.329 -1.152 0.681 4.221 -4.371 0.681 0.386 -4.379 0.681 -0.403 -2.86 0.681 -3.353 -4.139 0.681 -1.509 -2.219 0.681 -3.815 -3.62 0.681 -2.514 -1.179 0.681 -4.261 -0.843 2.1 -3.272 -1.598 2.1 -2.982 -2.243 2.1 -2.536 -2.78 2.1 -1.93 -3.156 2.1 -1.213 -3.347 2.1 -0.427 -3.347 2.1 0.357 -3.155 2.1 1.144 -2.78 2.1 1.862 -2.241 2.1 2.466 -1.596 2.1 2.911 -0.841 2.1 3.201 0 -0.609 -6.186 0 0.45 -5.826 0 1.831 -4.883 0 2.664 -4.022 0 3.583 -2.208 0 2.995 -3.545 0 -2.601 -6.372 0 3.775 -1.51 0 3.952 -0.269 0 3.9 0.821 0 3.72 1.65 0 -3.77 -6.372 0 -4.529 -6.372 0 -5.459 -6.372 0 -6.543 -6.366 0 -3.758 6.39 0 -4.358 6.403 0 -4.762 6.397 0 -3.138 6.384 0 -2.665 6.384 0 -2.1 6.378 0 -1.392 6.335 0 -0.533 6.186 0 0.991 5.511 0 2.163 4.506 0 -7.495 -5.173 0 -4.538 -5.195 0 -6.454 -5.197 0 -2.618 -5.193 0 -3.046 5.196 0 -4.166 5.197 0 -4.876 5.199 0 -5.256 5.199 0 3.23 -3.095 0 -5.45 6.329 0 -7.879 -6.354 0 3.886 -0.89 0 3.435 2.509 0 2.849 3.665 0 -7.948 -5.215 0 -5.648 5.197 0 -5.495 -5.196 0 -3.847 5.198 0 -2.297 5.197 0 -1 -5.192 0 -1 5.197 0 0.681 -4.414 0 0.681 4.384 0 2.1 -3.371 0 2.1 3.301 0 0 -2.4 0 0 2.4 -0.918 0 2.217 -1.697 0 1.697 -2.217 0 0.918 -2.4 0 0 -2.217 0 -0.918 -1.697 0 -1.697 -0.918 0 -2.217 0 0 -3.25 0 0 3.25 -1.244 0 3.003 -2.298 0 2.298 -3.003 0 1.244 -3.25 0 0 -3.003 0 -1.244 -2.298 0 -2.298 -1.244 0 -3.003 0 2.1 -2.4 0 2.1 2.4 -0.918 2.1 2.217 -1.697 2.1 1.697 -2.217 2.1 0.918 -2.4 2.1 0 -2.217 2.1 -0.918 -1.697 2.1 -1.697 -0.918 2.1 -2.217 0 2.1 -3.25 0 2.1 3.25 -1.244 2.1 3.003 -2.298 2.1 2.298 -3.003 2.1 1.244 -3.25 2.1 0 -3.003 2.1 -1.244 -2.298 2.1 -2.298 -1.244 2.1 -3.003 0 2.1 0 -4.287 5.157 -1.049 -1.271 3.394 -2.556 -3.841 4.705 -1.481 0 3.46 -2.652 -2.617 3.554 -2.176 -3.223 4.152 -1.878 -5.127 5.824 -0.179 -4.704 5.534 -0.564 -2.134 3.263 -2.329 -5.46 5.991 0.249 -4.256 4.449 -1.829 0 3.125 -3.32 -2.802 3.282 -2.493 -3.48 3.867 -2.21 -5.857 5.46 -0.685 -5.386 5.194 -1.06 -2.295 3 -2.717 -4.832 4.845 -1.475 -1.384 3.065 -3.146 -6.199 5.731 -0.22 2.657 3.165 1.871 2.38 3.479 1.261 2.625 2.576 -3.186 3.482 1.837 -3.452 3.598 -7.013 5.197 4.968 -7.196 3.854 4.425 -7.729 -2.676 4.968 -7.546 -1.413 1.55 -3.21 6.14 1.988 -2.832 6.021 2.392 -5.316 4.614 1.794 -5.116 4.841 2.391 2.847 -2.889 2.019 3.622 -1.005 2.042 3.705 -0.481 5.924 -0.142 -1.862 5.371 0.278 -2.637 4.828 1.874 -1.802 4.44 2.216 -1.784 2.295 3 -2.717 2.069 3.291 -2.114 1.996 3.495 -1.529 1.352 -3.337 5.008 0.913 -3.69 5.089 3.424 -5.076 3.909 2.889 -5.333 4.279 2.155 3.717 0.453 4.269 2.439 -1.331 1.373 -4.851 5 4.648 0.862 -3.21 6.301 -0.531 -1.067 2.714 -1.953 4.399 2.764 -1.94 4.365 1.107 -3.619 6.244 0.745 -4.112 6.296 3.961 -4.347 5.002 3.726 -4.913 5.161 3.699 -2.725 5.136 3.528 -2.344 5.258 3.055 -1.862 5.576 2.785 -2.24 5.774 3.208 -2.121 4.058 2.933 -1.894 4.248 3.296 -2.011 5.435 2.397 -2.545 5.899 2.134 3.263 -2.329 2.2 3.128 -2.544 6.769 0.945 -0.457 6.927 2.524 -0.602 3.134 2.773 2.269 3.134 2.773 2.269 3.11 -1.896 5.544 2.701 -5.41 5.759 3.278 -5.31 5.441 0.645 -4.085 5.122 0.672 -4.159 5.118 3.687 -4.43 3.623 1.759 -2.991 4.854 2.124 -2.697 4.715 3.674 -3.292 3.637 3.435 -2.456 3.901 0.92 -4.533 5.088 0.747 -4.191 6.291 1.545 -4.933 6.152 2.103 -5.255 5.997 1.066 -4.568 6.241 5.73 0.615 0.193 5.73 0.615 0.193 4.654 3.828 0.905 4.33 3.278 1.225 6.115 -0.075 0.021 6.322 -0.789 -0.2 6.322 -0.789 -0.2 2.626 -6.799 5.743 1.732 -6.436 6.076 0.489 -5.667 6.329 0 -5.45 6.329 5.162 -7.456 -0.086 4.895 -7.274 1.709 1.469 -6.504 4.964 0.872 -6.182 5.094 0 -7.879 -6.354 1.213 -7.908 -6.206 2.208 -6.773 4.683 2.779 -7.931 -5.688 5.502 -7.821 -3.111 6.122 -7.693 -1.61 0 -7.948 -5.215 1.068 -7.944 -5.066 3.94 4.34 1.379 4.407 5.085 0.956 3.519 3.672 1.839 5.096 5.808 0.473 6.851 3.929 -0.652 5.46 5.991 0.249 6.199 5.731 -0.22 6.615 4.954 -0.495 3.577 2.597 1.967 4.015 2.418 1.515 4.015 2.418 1.515 6 1.639 0.035 2.277 -7.921 -4.654 0.41 -5.881 5.15 5.975 -7.339 2.139 6.335 -7.547 -0.062 1.034 -6.018 6.256 3.511 -7.804 -3.748 0 -5.648 5.197 4.225 -7.901 -4.565 2.429 -2.383 4.596 2.886 -6.891 4.281 4.066 -7.144 3.195 0 2.1 3.301 0.841 2.1 3.201 1.596 2.1 2.911 2.241 2.1 2.466 2.78 2.1 1.862 3.155 2.1 1.144 3.347 2.1 0.357 3.347 2.1 -0.427 3.156 2.1 -1.213 2.78 2.1 -1.93 2.243 2.1 -2.536 1.598 2.1 -2.982 0.843 2.1 -3.272 0 2.1 -3.371 5.594 4.648 0.152 5.304 4.599 0.317 3.9 -3.47 4.99 0.918 0 2.217 0 0 2.4 1.697 0 1.697 2.217 0 0.918 2.4 0 0 2.217 0 -0.918 1.697 0 -1.697 0.918 0 -2.217 0 0 -2.4 1.244 0 3.003 0 0 3.25 2.298 0 2.298 3.003 0 1.244 3.25 0 0 3.003 0 -1.244 2.298 0 -2.298 1.244 0 -3.003 0 0 -3.25 0.918 2.1 2.217 0 2.1 2.4 1.697 2.1 1.697 2.217 2.1 0.918 2.4 2.1 0 2.217 2.1 -0.918 1.697 2.1 -1.697 0.918 2.1 -2.217 0 2.1 -2.4 1.244 2.1 3.003 0 2.1 3.25 2.298 2.1 2.298 3.003 2.1 1.244 3.25 2.1 0 3.003 2.1 -1.244 2.298 2.1 -2.298 1.244 2.1 -3.003 0 2.1 -3.25 5.823 6.015 0.026 4.959 4.258 0.624 6.073 2.613 -0.081 6.018 3.549 -0.072 5.814 4.38 0.016 -2.657 3.165 1.871 -2.38 3.479 1.261 -2.625 2.576 -3.186 -3.482 1.837 -3.452 -3.598 -7.013 5.197 -4.968 -7.196 3.854 -4.425 -7.729 -2.676 -4.968 -7.546 -1.413 -1.55 -3.21 6.14 -1.988 -2.832 6.021 -2.392 -5.316 4.614 -1.794 -5.116 4.841 -2.391 2.847 -2.889 -2.019 3.622 -1.005 -2.042 3.705 -0.481 -5.924 -0.142 -1.862 -5.371 0.278 -2.637 -4.828 1.874 -1.802 -4.44 2.216 -1.784 -2.295 3 -2.717 -2.069 3.291 -2.114 -1.996 3.495 -1.529 -1.352 -3.337 5.008 -0.913 -3.69 5.089 -3.424 -5.076 3.909 -2.889 -5.333 4.279 -2.155 3.717 0.453 -4.269 2.439 -1.331 -1.373 -4.851 5 -4.648 0.862 -3.21 -6.301 -0.531 -1.067 -2.714 -1.953 4.399 -2.764 -1.94 4.365 -1.107 -3.619 6.244 -0.745 -4.112 6.296 -3.961 -4.347 5.002 -3.726 -4.913 5.161 -3.699 -2.725 5.136 -3.528 -2.344 5.258 -3.055 -1.862 5.576 -2.785 -2.24 5.774 -3.208 -2.121 4.058 -2.933 -1.894 4.248 -3.296 -2.011 5.435 -2.397 -2.545 5.899 -2.134 3.263 -2.329 -2.2 3.128 -2.544 -6.769 0.945 -0.457 -6.927 2.524 -0.602 -3.134 2.773 2.269 -3.134 2.773 2.269 -3.11 -1.896 5.544 -2.701 -5.41 5.759 -3.278 -5.31 5.441 -0.645 -4.085 5.122 -0.672 -4.159 5.118 -3.687 -4.43 3.623 -1.759 -2.991 4.854 -2.124 -2.697 4.715 -3.674 -3.292 3.637 -3.435 -2.456 3.901 -0.92 -4.533 5.088 -0.747 -4.191 6.291 -1.545 -4.933 6.152 -2.103 -5.255 5.997 -1.066 -4.568 6.241 -5.73 0.615 0.193 -5.73 0.615 0.193 -4.654 3.828 0.905 -4.33 3.278 1.225 -6.115 -0.075 0.021 -6.322 -0.789 -0.2 -6.322 -0.789 -0.2 -2.626 -6.799 5.743 -1.732 -6.436 6.076 -0.489 -5.667 6.329 -5.162 -7.456 -0.086 -4.895 -7.274 1.709 -1.469 -6.504 4.964 -0.872 -6.182 5.094 -1.213 -7.908 -6.206 -2.208 -6.773 4.683 -2.779 -7.931 -5.688 -5.502 -7.821 -3.111 -6.122 -7.693 -1.61 -1.068 -7.944 -5.066 -3.94 4.34 1.379 -4.407 5.085 0.956 -3.519 3.672 1.839 -5.096 5.808 0.473 -6.851 3.929 -0.652 -5.46 5.991 0.249 -6.199 5.731 -0.22 -6.615 4.954 -0.495 -3.577 2.597 1.967 -4.015 2.418 1.515 -4.015 2.418 1.515 -6 1.639 0.035 -2.277 -7.921 -4.654 -0.41 -5.881 5.15 -5.975 -7.339 2.139 -6.335 -7.547 -0.062 -1.034 -6.018 6.256 -3.511 -7.804 -3.748 -4.225 -7.901 -4.565 -2.429 -2.383 4.596 -2.886 -6.891 4.281 -4.066 -7.144 3.195 -0.841 2.1 3.201 -1.596 2.1 2.911 -2.241 2.1 2.466 -2.78 2.1 1.862 -3.155 2.1 1.144 -3.347 2.1 0.357 -3.347 2.1 -0.427 -3.156 2.1 -1.213 -2.78 2.1 -1.93 -2.243 2.1 -2.536 -1.598 2.1 -2.982 -0.843 2.1 -3.272 -5.594 4.648 0.152 -5.304 4.599 0.317 -3.9 -3.47 4.99 -0.918 0 2.217 -1.697 0 1.697 -2.217 0 0.918 -2.4 0 0 -2.217 0 -0.918 -1.697 0 -1.697 -0.918 0 -2.217 -1.244 0 3.003 -2.298 0 2.298 -3.003 0 1.244 -3.25 0 0 -3.003 0 -1.244 -2.298 0 -2.298 -1.244 0 -3.003 -0.918 2.1 2.217 -1.697 2.1 1.697 -2.217 2.1 0.918 -2.4 2.1 0 -2.217 2.1 -0.918 -1.697 2.1 -1.697 -0.918 2.1 -2.217 -1.244 2.1 3.003 -2.298 2.1 2.298 -3.003 2.1 1.244 -3.25 2.1 0 -3.003 2.1 -1.244 -2.298 2.1 -2.298 -1.244 2.1 -3.003 -5.823 6.015 0.026 -4.959 4.258 0.624 -6.073 2.613 -0.081 -6.018 3.549 -0.072 -5.814 4.38 0.016</float_array>
					<technique_common>
						<accessor source="#98729.json-mesh-positions-array" count="1277" stride="3">
							<param name="X" type="float"/>
							<param name="Y" type="float"/>
							<param name="Z" type="float"/>
						</accessor>
					</technique_common>
				</source>
				<vertices id="98729.json-mesh-vertices">
					<input semantic="POSITION" source="#98729.json-mesh-positions"/>
				</vertices>
				<triangles material="MB|26-material" count="1906">
					<input semantic="VERTEX" source="#98729.json-mesh-vertices" offset="0"/>
					<p>86 300 34 300 301 34 6 8 3 8 5 3 20 17 16 17 15 16 15 17 12 17 14 12 19 18 17 18 14 17 93 96 320 96 321 320 25 32 22 32 24 22 105 969 18 969 14 18 37 295 31 295 297 31 427 31 433 31 26 433 22 24 23 24 88 23 52 53 43 53 42 43 23 4 22 4 5 22 35 41 34 41 86 34 433 26 432 26 27 432 54 53 51 53 52 51 34 33 35 33 36 35 431 430 36 430 35 36 301 300 24 300 88 24 295 37 33 37 36 33 49 50 46 50 45 46 49 56 50 56 55 50 38 30 44 30 45 44 42 82 40 82 83 40 50 55 51 55 54 51 431 36 429 36 37 429 58 59 56 59 966 56 39 38 43 38 44 43 48 49 47 49 46 47 30 29 45 29 46 45 50 51 45 51 44 45 53 198 42 198 82 42 29 28 46 28 47 46 6 306 7 306 303 7 174 273 173 273 274 173 187 153 271 153 1015 271 184 182 264 182 275 264 994 989 116 989 113 116 854 90 853 90 89 853 880 298 851 298 85 851 73 74 849 74 847 849 162 245 161 245 246 161 75 76 846 76 845 846 161 856 162 856 855 162 76 77 845 77 844 845 75 74 80 74 81 80 196 193 195 193 194 195 123 189 188 189 981 188 85 972 84 972 971 84 75 846 74 846 847 74 168 860 167 860 861 167 848 851 84 851 85 84 853 89 852 89 87 852 169 859 168 859 860 168 196 57 193 57 197 193 100 98 97 98 95 97 163 165 144 165 164 144 103 110 104 110 109 104 97 319 114 319 290 114 142 143 126 143 125 126 191 190 193 190 194 193 6 3 306 3 302 306 190 143 194 143 164 194 123 108 122 108 109 122 128 120 119 120 111 119 133 118 117 118 112 117 172 175 170 175 171 170 112 118 102 118 111 102 102 111 103 111 110 103 114 101 97 101 100 97 113 117 101 117 112 101 112 102 101 102 100 101 245 163 246 163 157 246 190 124 143 124 125 143 122 109 121 109 110 121 157 145 156 145 146 156 162 855 78 855 850 78 140 141 129 141 127 129 114 116 101 116 113 101 182 184 183 184 115 183 132 119 118 119 111 118 156 146 155 146 147 155 137 130 136 130 131 136 141 145 142 145 144 142 92 292 96 292 291 96 103 98 102 98 100 102 121 120 125 120 126 125 163 144 157 144 145 157 160 857 161 857 856 161 159 858 160 858 857 160 154 151 153 151 152 153 182 183 179 183 178 179 65 267 134 267 149 134 169 173 170 173 172 170 139 140 138 140 129 138 132 135 119 135 131 119 140 146 141 146 145 141 138 129 137 129 130 137 139 147 140 147 146 140 141 142 127 142 126 127 120 128 126 128 127 126 291 319 96 319 321 96 120 121 111 121 110 111 164 143 144 143 142 144 76 75 79 75 80 79 13 315 106 315 313 106 245 166 163 166 165 163 443 73 942 73 849 942 119 131 128 131 130 128 128 130 127 130 129 127 170 862 169 862 859 169 292 92 867 92 868 867 149 135 134 135 132 134 185 154 187 154 153 187 177 180 178 180 179 178 149 150 135 150 148 135 274 984 173 984 172 173 72 117 989 117 113 989 294 116 290 116 114 290 170 171 862 171 863 862 866 865 183 865 178 183 171 177 863 177 864 863 133 134 118 134 132 118 293 994 294 994 116 294 275 182 995 182 179 995 986 353 987 353 975 987 187 186 185 186 167 185 366 992 229 992 993 229 865 864 178 864 177 178 148 136 135 136 131 135 180 177 175 177 171 175 357 982 234 982 374 234 167 186 168 186 174 168 241 342 67 342 68 67 225 226 219 226 66 219 68 342 242 342 343 242 168 174 169 174 173 169 298 964 85 964 972 85 195 80 196 80 81 196 122 121 124 121 125 124 190 191 124 191 189 124 954 81 953 81 74 953 189 123 124 123 122 124 869 200 871 200 199 871 223 330 221 330 327 221 344 348 202 348 199 202 325 362 222 362 364 222 213 363 204 363 365 204 204 872 203 872 870 203 201 202 200 202 199 200 202 201 206 201 207 206 214 213 212 213 205 212 350 327 349 327 322 349 330 360 325 360 362 325 349 322 346 322 215 346 214 361 213 361 363 213 345 212 344 212 205 344 215 222 212 222 214 212 346 345 211 345 206 211 328 329 216 329 217 216 325 222 322 222 215 322 219 216 218 216 217 218 220 228 221 228 223 221 205 213 203 213 204 203 204 365 872 365 888 872 210 211 207 211 206 207 330 325 327 325 322 327 216 347 328 347 350 328 199 348 871 348 885 871 215 212 346 212 345 346 229 230 366 230 228 366 211 210 323 210 324 323 234 231 357 231 355 357 357 355 358 355 232 358 231 234 356 234 354 356 875 874 239 874 236 239 218 334 219 334 225 219 239 336 875 336 876 875 878 283 861 283 167 861 47 309 48 309 304 48 84 428 848 428 934 848 193 197 191 197 192 191 58 56 48 56 49 48 20 21 17 21 19 17 968 12 969 12 14 969 54 980 53 980 198 53 40 39 42 39 43 42 299 301 32 301 24 32 48 304 58 304 310 58 430 996 35 996 41 35 242 343 372 343 239 372 370 369 990 369 1002 990 962 272 961 272 269 961 1010 265 367 265 988 367 1005 237 985 237 266 985 976 1004 975 1004 987 975 1012 1016 979 1016 1014 979 353 986 1010 986 265 1010 71 367 268 367 988 268 315 13 314 13 978 314 302 3 308 3 2 308 961 269 976 269 1004 976 238 1013 1012 1013 1016 1012 979 1014 962 1014 272 962 237 69 266 69 176 266 69 368 176 368 181 176 284 282 154 282 151 154 352 887 233 887 889 233 873 887 235 887 352 235 874 886 236 886 351 236 343 342 240 342 335 240 150 152 148 152 151 148 77 76 249 76 79 249 155 248 156 248 247 156 156 247 157 247 246 157 165 195 164 195 194 164 844 77 850 77 78 850 80 195 79 195 249 79 160 247 159 247 248 159 161 246 160 246 247 160 245 162 166 162 78 166 77 249 78 249 166 78 166 249 165 249 195 165 52 43 51 43 44 51 442 30 436 30 38 436 427 252 429 252 250 429 56 966 55 966 967 55 428 257 934 257 877 934 87 89 965 89 977 965 438 254 436 254 250 436 438 437 254 437 253 254 440 256 439 256 255 439 25 22 8 22 5 8 442 252 440 252 256 440 348 203 885 203 870 885 20 16 259 16 261 259 21 20 260 20 259 260 437 970 253 970 997 253 428 434 257 434 258 257 952 977 90 977 89 90 26 31 296 31 297 296 7 27 296 27 26 296 1060 370 991 370 990 991 368 371 181 371 263 181 1005 985 238 985 1013 238 244 71 70 71 268 70 1060 991 371 991 263 371 369 244 1002 244 70 1002 1007 227 224 227 220 224 992 366 1011 366 228 1011 227 1011 220 1011 228 220 974 235 973 235 352 973 1009 354 374 354 234 374 236 351 1006 351 373 1006 226 225 67 225 241 67 1015 153 1003 153 152 1003 267 262 149 262 150 149 993 983 229 983 358 229 372 239 1006 239 236 1006 373 351 974 351 235 974 973 352 1008 352 233 1008 982 357 983 357 358 983 18 19 280 19 279 280 1017 278 107 278 108 107 94 316 1 316 318 1 1022 59 310 59 58 310 55 967 54 967 980 54 443 441 73 441 963 73 73 963 74 963 953 74 340 64 63 64 1054 63 340 958 64 958 1037 64 331 341 286 341 1025 286 339 331 1026 331 286 1026 957 1057 1036 1057 158 1036 1052 289 1057 289 158 1057 1061 955 326 955 1024 326 341 326 1025 326 1024 1025 884 339 1027 339 1026 1027 63 1054 1062 1054 956 1062 210 207 208 207 337 208 217 329 1029 329 1028 1029 240 335 1031 335 1030 1031 243 334 1034 334 60 1034 333 218 1029 218 217 1029 1030 335 1034 335 243 1034 332 285 1052 285 289 1052 66 1007 219 1007 224 219 233 354 1008 354 1009 1008 183 292 866 292 867 866 291 115 319 115 290 319 184 294 115 294 290 115 262 1003 150 1003 152 150 292 183 291 183 115 291 295 32 297 32 25 297 296 297 8 297 25 8 7 296 6 296 8 6 33 299 295 299 32 295 28 311 47 311 309 47 33 34 299 34 301 299 852 87 880 87 298 880 84 971 428 971 434 428 108 123 107 123 188 107 320 94 1000 94 1 1000 9 12 276 12 968 276 3 5 2 5 4 2 435 432 307 432 27 307 191 192 189 192 981 189 314 978 316 978 318 316 444 439 305 439 255 305 307 27 303 27 7 303 305 255 435 255 432 435 93 951 312 951 91 312 868 92 882 92 312 882 92 96 312 96 93 312 881 91 854 91 90 854 882 312 881 312 91 881 1038 879 332 879 285 332 239 343 336 343 240 336 952 90 951 90 91 951 260 259 317 259 251 317 1049 105 280 105 18 280 104 109 278 109 108 278 98 316 95 316 94 95 104 316 103 316 98 103 278 99 104 99 316 104 313 315 278 315 99 278 99 315 316 315 314 316 320 321 94 321 95 94 321 319 95 319 97 95 136 62 137 62 281 137 323 324 328 324 329 328 223 359 330 359 360 330 347 221 350 221 327 350 148 61 136 61 62 136 138 1055 139 1055 288 139 137 281 138 281 1055 138 1059 1035 155 1035 248 155 1033 159 1035 159 248 1035 1053 336 1031 336 240 1031 60 334 333 334 218 333 208 209 210 209 324 210 1028 329 209 329 324 209 1056 284 185 284 154 185 283 1056 167 1056 185 167 61 148 282 148 151 282 1033 1032 159 1032 858 159 883 1039 869 1039 200 869 336 1053 876 1053 1058 876 200 1039 201 1039 338 201 287 147 288 147 139 288 1059 155 287 155 147 287 207 201 337 201 338 337 225 334 241 334 243 241 335 342 243 342 241 243 206 345 202 345 344 202 323 349 211 349 346 211 328 350 323 350 349 323 205 203 344 203 348 344 224 347 219 347 216 219 351 886 235 886 873 235 358 232 229 232 230 229 364 361 222 361 214 222 359 223 230 223 228 230 347 224 221 224 220 221 889 356 233 356 354 233 888 365 890 365 386 890 232 355 377 355 378 377 359 230 380 230 375 380 365 363 386 363 384 386 362 360 383 360 381 383 363 361 384 361 382 384 231 356 376 356 379 376 355 231 378 231 376 378 361 364 382 364 385 382 356 889 379 889 891 379 364 362 385 362 383 385 230 232 375 232 377 375 360 359 381 359 380 381 379 891 398 891 893 398 376 379 397 379 398 397 378 376 396 376 397 396 377 378 395 378 396 395 375 377 394 377 395 394 380 375 393 375 394 393 381 380 392 380 393 392 383 381 391 381 392 391 385 383 390 383 391 390 382 385 389 385 390 389 384 382 388 382 389 388 386 384 387 384 388 387 890 386 892 386 387 892 965 964 87 964 298 87 81 954 196 954 57 196 106 313 1017 313 278 1017 93 320 951 320 1000 951 958 957 1037 957 1036 1037 1062 956 1061 956 955 1061 995 179 960 179 180 960 959 960 175 960 180 175 65 134 1079 134 133 1079 984 959 172 959 175 172 72 1079 117 1079 133 117 186 270 174 270 273 174 187 271 186 271 270 186 264 293 184 293 294 184 403 402 417 402 416 417 401 400 415 400 414 415 412 426 411 426 425 411 399 895 413 895 913 413 410 424 409 424 423 409 408 422 407 422 421 407 894 405 912 405 419 912 406 420 904 420 922 904 404 403 418 403 417 418 402 401 416 401 415 416 903 921 412 921 426 412 400 399 414 399 413 414 411 425 410 425 424 410 409 423 408 423 422 408 407 421 406 421 420 406 405 404 419 404 418 419 1084 1085 1093 1085 1094 1093 1086 1095 1085 1095 1094 1085 1096 1095 1087 1095 1086 1087 1096 1087 1097 1087 1088 1097 1104 1103 930 1102 1101 930 1100 1098 930 1105 1104 930 1103 1102 930 1101 1100 930 1098 1099 930 1106 1105 930 1092 1091 1083 1091 1082 1083 1081 1080 1090 1080 1089 1090 1091 1089 1082 1089 1080 1082 1092 1083 1093 1083 1084 1093 1063 1108 1064 1108 1107 1064 1064 1107 1065 1065 1107 1066 1107 1109 1066 1066 1109 1067 1067 1109 1068 1109 1110 1068 1068 1110 1069 1110 1111 1069 1069 1111 1070 1070 1111 1071 1111 1112 1071 1071 1112 1072 1112 1113 1072 1072 1113 1073 1073 1113 1074 1113 1114 1074 1074 1114 1075 1075 1114 1076 1114 1115 1076 31 427 37 427 429 37 253 997 430 997 996 430 254 431 250 431 429 250 254 253 431 253 430 431 256 433 255 433 432 255 252 427 256 427 433 256 311 28 444 28 439 444 257 258 443 258 441 443 40 83 437 83 970 437 30 442 29 442 440 29 29 440 28 440 439 28 39 40 438 40 437 438 39 438 38 438 436 38 252 442 250 442 436 250 257 443 877 443 942 877 1046 11 1047 1041 0 1043 0 1078 1043 0 1041 1019 1041 1040 1019 10 1051 999 1051 998 999 1118 277 15 277 16 15 1042 1001 1020 1001 1048 1020 1051 1018 1021 21 1117 19 1117 279 19 999 1044 10 1044 1119 10 998 1051 1023 1051 1021 1023 259 261 251 261 1120 251 317 1117 260 1117 21 260 1120 261 277 261 16 277 9 1118 12 1118 15 12 1050 1020 1048 1040 1042 1019 1042 1020 1019 1043 1078 1045 1078 1077 1045 1077 1116 1045 11 1046 1077 1046 1116 1077 1119 1044 11 1044 1047 11 531 479 745 479 746 745 451 448 453 448 450 453 465 461 462 461 460 462 460 457 462 457 459 462 464 462 463 462 459 463 538 765 541 765 766 541 470 467 477 467 469 477 550 463 1139 463 459 1139 482 476 740 476 742 740 931 938 476 938 471 476 467 468 469 468 533 469 497 488 498 488 487 498 468 467 449 467 450 449 480 479 486 479 531 486 938 937 471 937 472 471 499 496 498 496 497 498 479 480 478 480 481 478 936 481 935 481 480 935 746 469 745 469 533 745 740 478 482 478 481 482 494 491 495 491 490 495 494 495 501 495 500 501 483 489 475 489 490 475 487 485 527 485 528 527 495 496 500 496 499 500 936 933 481 933 482 481 503 501 504 501 1136 504 484 488 483 488 489 483 493 492 494 492 491 494 475 490 474 490 491 474 495 490 496 490 489 496 498 487 643 487 527 643 474 491 473 491 492 473 451 452 751 452 748 751 619 618 718 618 719 718 632 716 598 716 1185 598 629 709 627 709 720 627 1164 561 1159 561 558 1159 854 853 535 853 534 535 880 851 743 851 530 743 518 849 519 849 847 519 607 606 690 606 691 690 520 846 521 846 845 521 606 607 856 607 855 856 521 845 522 845 844 522 520 525 519 525 526 519 641 640 638 640 639 638 568 633 634 633 1151 634 530 529 1142 529 1141 1142 520 519 846 519 847 846 613 612 860 612 861 860 848 529 851 529 530 851 853 852 534 852 532 534 614 613 859 613 860 859 641 638 502 638 642 502 545 542 543 542 540 543 608 589 610 589 609 610 548 549 555 549 554 555 542 559 764 559 735 764 587 571 588 571 570 588 636 638 635 638 639 635 451 751 448 751 747 448 635 639 588 639 609 588 568 567 553 567 554 553 573 564 565 564 556 565 578 562 563 562 557 563 617 615 620 615 616 620 557 547 563 547 556 563 547 548 556 548 555 556 559 542 546 542 545 546 558 546 562 546 557 562 557 546 547 546 545 547 690 691 608 691 602 608 635 588 569 588 570 569 567 566 554 566 555 554 602 601 590 601 591 590 607 523 855 523 850 855 585 574 586 574 572 586 559 546 561 546 558 561 627 628 629 628 560 629 577 563 564 563 556 564 601 600 591 600 592 591 582 581 575 581 576 575 586 587 590 587 589 590 537 541 737 541 736 737 548 547 543 547 545 543 566 570 565 570 571 565 608 602 589 602 590 589 605 606 857 606 856 857 604 605 858 605 857 858 599 598 596 598 597 596 627 624 628 624 623 628 510 579 712 579 594 712 614 615 618 615 617 618 584 583 585 583 574 585 577 564 580 564 576 580 585 586 591 586 590 591 583 582 574 582 575 574 584 585 592 585 591 592 586 572 587 572 571 587 565 571 573 571 572 573 736 541 764 541 766 764 565 556 566 556 555 566 609 589 588 589 587 588 521 524 520 524 525 520 458 551 760 551 758 760 690 608 611 608 610 611 949 942 518 942 849 518 564 573 576 573 575 576 573 572 575 572 574 575 615 614 862 614 859 862 737 867 537 867 868 537 594 579 580 579 577 580 630 632 599 632 598 599 622 623 625 623 624 625 594 580 595 580 593 595 719 618 1154 618 617 1154 517 1159 562 1159 558 562 739 735 561 735 559 561 615 862 616 862 863 616 866 628 865 628 623 865 616 863 622 863 864 622 578 563 579 563 577 579 738 739 1164 739 561 1164 720 1165 627 1165 624 627 1156 1157 798 1157 1145 798 632 630 631 630 612 631 811 674 1162 674 1163 1162 865 623 864 623 622 864 593 580 581 580 576 581 625 620 622 620 616 622 802 679 1152 679 819 1152 612 613 631 613 619 631 686 512 787 512 513 787 670 664 671 664 511 671 513 687 787 687 788 787 613 614 619 614 618 619 743 530 1134 530 1142 1134 640 641 525 641 526 525 567 569 566 569 570 566 635 569 636 569 634 636 1124 1123 526 1123 519 526 634 569 568 569 567 568 869 871 645 871 644 645 668 666 775 666 772 775 789 647 793 647 644 793 770 667 807 667 809 807 658 649 808 649 810 808 649 648 872 648 870 872 646 645 647 645 644 647 647 651 646 651 652 646 659 657 658 657 650 658 795 794 772 794 767 772 775 770 805 770 807 805 794 791 767 791 660 767 659 658 806 658 808 806 790 789 657 789 650 657 660 657 667 657 659 667 791 656 790 656 651 790 773 661 774 661 662 774 770 767 667 767 660 667 664 663 661 663 662 661 665 666 673 666 668 673 650 648 658 648 649 658 649 872 810 872 888 810 655 652 656 652 651 656 775 772 770 772 767 770 661 773 792 773 795 792 644 871 793 871 885 793 660 791 657 791 790 657 674 811 675 811 673 675 656 768 655 768 769 655 679 802 676 802 800 676 802 803 800 803 677 800 676 801 679 801 799 679 875 684 874 684 681 874 663 664 779 664 670 779 684 875 781 875 876 781 878 861 728 861 612 728 492 493 754 493 749 754 529 848 932 848 934 932 638 636 642 636 637 642 503 493 501 493 494 501 465 462 466 462 464 466 1138 1139 457 1139 459 457 499 498 1150 498 643 1150 485 487 484 487 488 484 744 477 746 477 469 746 493 503 749 503 755 749 935 480 1166 480 486 1166 687 817 788 817 684 788 815 1160 814 1160 1172 814 1132 1131 717 1131 714 717 1180 812 710 812 1158 710 1175 1155 682 1155 711 682 1146 1145 1174 1145 1157 1174 1182 1149 1186 1149 1184 1186 798 1180 1156 1180 710 1156 516 713 812 713 1158 812 760 759 458 759 1148 458 747 753 448 753 447 448 1131 1146 714 1146 1174 714 683 1182 1183 1182 1186 1183 1149 1132 1184 1132 717 1184 682 711 514 711 621 514 514 621 813 621 626 813 729 599 727 599 596 727 797 678 887 678 889 887 873 680 887 680 797 887 874 681 886 681 796 886 788 685 787 685 780 787 595 593 597 593 596 597 522 694 521 694 524 521 600 601 693 601 692 693 601 602 692 602 691 692 610 609 640 609 639 640 844 850 522 850 523 522 525 524 640 524 694 640 605 604 692 604 693 692 606 605 691 605 692 691 690 611 607 611 523 607 522 523 694 523 611 694 611 610 694 610 640 694 497 496 488 496 489 488 948 941 475 941 483 475 931 933 697 933 695 697 501 500 1136 500 1137 1136 932 934 702 934 877 702 532 1135 534 1135 1147 534 944 941 699 941 695 699 944 699 943 699 698 943 946 945 701 945 700 701 470 453 467 453 450 467 948 946 697 946 701 697 793 885 648 885 870 648 465 704 461 704 706 461 466 705 465 705 704 465 943 698 1140 698 1167 1140 932 702 939 702 703 939 1122 535 1147 535 534 1147 471 741 476 741 742 476 452 741 472 741 471 472 1226 1161 815 1161 1160 815 813 626 816 626 708 816 1175 683 1155 683 1183 1155 689 515 516 515 713 516 1226 816 1161 816 708 1161 814 1172 689 1172 515 689 1177 669 672 669 665 672 1162 1181 811 1181 673 811 672 665 1181 665 673 1181 1144 1143 680 1143 797 680 1179 819 799 819 679 799 681 1176 796 1176 818 796 671 512 670 512 686 670 1185 1173 598 1173 597 598 712 594 707 594 595 707 1163 674 1153 674 803 1153 817 1176 684 1176 681 684 818 1144 796 1144 680 796 1143 1178 797 1178 678 797 1152 1153 802 1153 803 802 463 725 464 725 724 464 1187 552 723 552 553 723 539 446 761 446 763 761 1192 755 504 755 503 504 500 499 1137 499 1150 1137 949 518 947 518 1133 947 518 519 1133 519 1123 1133 785 508 509 508 1221 509 785 509 1128 509 1205 1128 776 731 786 731 1195 786 784 1196 776 1196 731 776 1127 1204 1224 1204 603 1224 1219 1224 734 1224 603 734 1227 771 1125 771 1194 1125 786 1195 771 1195 1194 771 884 1027 784 1027 1196 784 508 1228 1221 1228 1126 1221 655 653 652 653 782 652 662 1198 774 1198 1197 774 685 1200 780 1200 1199 780 688 1202 779 1202 505 779 778 1198 663 1198 662 663 1199 1202 780 1202 688 780 777 1219 730 1219 734 730 511 664 1177 664 669 1177 678 1178 799 1178 1179 799 628 866 737 866 867 737 736 764 560 764 735 560 629 560 739 560 735 739 707 595 1173 595 597 1173 737 736 628 736 560 628 740 742 477 742 470 477 741 453 742 453 470 742 452 451 741 451 453 741 478 740 744 740 477 744 473 492 756 492 754 756 478 744 479 744 746 479 852 880 532 880 743 532 529 932 1141 932 939 1141 553 552 568 552 633 568 765 1170 539 1170 446 539 454 721 457 721 1138 457 448 447 450 447 449 450 940 752 937 752 472 937 636 634 637 634 1151 637 759 761 1148 761 763 1148 950 750 945 750 700 945 752 748 472 748 452 472 750 940 700 940 937 700 538 757 1121 757 536 1121 868 882 537 882 757 537 537 757 541 757 538 541 881 854 536 854 535 536 882 881 757 881 536 757 1038 777 879 777 730 879 684 781 788 781 685 788 1122 1121 535 1121 536 535 705 762 704 762 696 704 1216 725 550 725 463 550 549 723 554 723 553 554 543 540 761 540 539 761 549 548 761 548 543 761 723 549 544 549 761 544 758 723 760 723 544 760 544 761 760 761 759 760 765 539 766 539 540 766 766 540 764 540 542 764 581 582 507 582 726 507 768 773 769 773 774 769 668 775 804 775 805 804 792 795 666 795 772 666 593 581 506 581 507 506 583 584 1222 584 733 1222 582 583 726 583 1222 726 1225 600 1203 600 693 1203 1201 1203 604 1203 693 604 1220 1200 781 1200 685 781 505 778 779 778 663 779 653 655 654 655 769 654 1197 654 774 654 769 774 1223 630 729 630 599 729 728 612 1223 612 630 1223 506 727 593 727 596 593 1201 604 1032 604 858 1032 883 869 1206 869 645 1206 781 876 1220 876 1058 1220 645 646 1206 646 783 1206 732 733 592 733 584 592 1225 732 600 732 592 600 652 782 646 782 783 646 670 686 779 686 688 779 780 688 787 688 686 787 651 647 790 647 789 790 768 656 794 656 791 794 773 768 795 768 794 795 650 789 648 789 793 648 669 664 792 664 661 792 796 680 886 680 873 886 803 674 677 674 675 677 809 667 806 667 659 806 804 675 668 675 673 668 792 666 669 666 665 669 889 678 801 678 799 801 888 890 810 890 831 810 677 822 800 822 823 800 804 825 675 825 820 675 810 831 808 831 829 808 807 828 805 828 826 805 808 829 806 829 827 806 676 821 801 821 824 801 800 823 676 823 821 676 806 827 809 827 830 809 801 824 889 824 891 889 809 830 807 830 828 807 675 820 677 820 822 677 805 826 804 826 825 804 824 843 891 843 893 891 821 842 824 842 843 824 823 841 821 841 842 821 822 840 823 840 841 823 820 839 822 839 840 822 825 838 820 838 839 820 826 837 825 837 838 825 828 836 826 836 837 826 830 835 828 835 836 828 827 834 830 834 835 830 829 833 827 833 834 827 831 832 829 832 833 829 890 892 831 892 832 831 1135 532 1134 532 743 1134 526 641 1124 641 502 1124 551 1187 758 1187 723 758 538 1121 765 1121 1170 765 1128 1205 1127 1205 1204 1127 1228 1227 1126 1227 1125 1126 1165 1130 624 1130 625 624 1129 620 1130 620 625 1130 510 1243 579 1243 578 579 1154 617 1129 617 620 1129 517 562 1243 562 578 1243 631 619 715 619 718 715 632 631 716 631 715 716 709 629 738 629 739 738 900 918 899 918 917 899 898 916 897 916 915 897 911 910 929 910 928 929 896 914 895 914 913 895 909 908 927 908 926 927 907 906 925 906 924 925 894 912 902 912 920 902 905 904 923 904 922 923 901 919 900 919 918 900 899 917 898 917 916 898 903 911 921 911 929 921 897 915 896 915 914 896 910 909 928 909 927 928 908 907 926 907 925 926 906 905 924 905 923 924 902 920 901 920 919 901 1247 1254 1248 1254 1255 1248 1249 1248 1256 1248 1255 1256 1257 1250 1256 1250 1249 1256 1257 1097 1250 1097 1088 1250 1263 930 1262 1261 930 1260 1259 930 1258 1264 930 1263 1262 930 1261 1260 930 1259 1258 930 1099 1106 930 1264 1253 1246 1252 1246 1245 1252 1081 1090 1244 1090 1251 1244 1252 1245 1251 1245 1244 1251 1253 1254 1246 1254 1247 1246 1063 1229 1108 1229 1265 1108 1229 1230 1265 1230 1231 1265 1231 1266 1265 1231 1232 1266 1232 1233 1266 1233 1267 1266 1233 1234 1267 1234 1268 1267 1234 1235 1268 1235 1236 1268 1236 1269 1268 1236 1237 1269 1237 1270 1269 1237 1238 1270 1238 1239 1270 1239 1271 1270 1239 1240 1271 1240 1076 1271 1076 1115 1271 476 482 931 482 933 931 698 935 1167 935 1166 1167 699 695 936 695 933 936 699 936 698 936 935 698 701 700 938 700 937 938 697 701 931 701 938 931 756 950 473 950 945 473 702 949 703 949 947 703 485 943 528 943 1140 528 475 474 948 474 946 948 474 473 946 473 945 946 484 944 485 944 943 485 484 483 944 483 941 944 697 695 948 695 941 948 702 877 949 877 942 949 1213 1214 456 1242 445 1210 445 1208 1210 445 1189 1208 1189 1207 1208 455 1169 1218 1169 1168 1218 1274 460 722 460 461 722 1209 1190 1171 1190 1215 1171 1218 1191 1188 466 464 1273 464 724 1273 1169 455 1211 455 1275 1211 1168 1193 1218 1193 1191 1218 704 696 706 696 1276 706 762 705 1273 705 466 1273 1276 722 706 722 461 706 454 457 1274 457 460 1274 1217 1215 1190 1207 1189 1209 1189 1190 1209 1210 1212 1242 1242 1212 1241 1212 1272 1241 456 1241 1213 1241 1272 1213 1275 456 1211 456 1214 1211</p>
				</triangles>
			</mesh>
		</geometry>
	</library_geometries>
	<library_visual_scenes>
		<visual_scene id="Scene" name="Scene">
			<node id="Part_0" name="Part.0" type="NODE">
				<matrix sid="transform">1 0 0 0 0 1 0 16 0 0 1 0 0 0 0 1</matrix>
				<instance_geometry url="#3815-mesh">
					<bind_material>
						<technique_common>
							<instance_material symbol="MB|26|2o9058-material" target="#MB|26|2o9058-material">
								<bind_vertex_input semantic="3815-3" input_semantic="TEXCOORD" input_set="3"/>
							</instance_material>
						</technique_common>
					</bind_material>
				</instance_geometry>
			</node>
			<node id="Part_1" name="Part.1" type="NODE">
				<matrix sid="transform">1 0 0 -4 0 1 0 11.2 0 0 1 0 0 0 0 1</matrix>
				<instance_geometry url="#3816-mesh">
					<bind_material>
						<technique_common>
							<instance_material symbol="MB|26|2o9059-material" target="#MB|26|2o9059-material">
								<bind_vertex_input semantic="3816-3" input_semantic="TEXCOORD" input_set="3"/>
							</instance_material>
						</technique_common>
					</bind_material>
				</instance_geometry>
			</node>
			<node id="Part_2" name="Part.2" type="NODE">
				<matrix sid="transform">1 0 0 4 0 1 0 11.2 0 0 1 0 0 0 0 1</matrix>
				<instance_geometry url="#3817-mesh">
					<bind_material>
						<technique_common>
							<instance_material symbol="MB|26|2o9060-material" target="#MB|26|2o9060-material">
								<bind_vertex_input semantic="3817-3" input_semantic="TEXCOORD" input_set="3"/>
							</instance_material>
						</technique_common>
					</bind_material>
				</instance_geometry>
			</node>
			<node id="Part_3" name="Part.3" type="NODE">
				<matrix sid="transform">1 0 0 0 0 1 0 16 0 0 1 0 0 0 0 1</matrix>
				<instance_geometry url="#3814uv.json-mesh">
					<bind_material>
						<technique_common>
							<instance_material symbol="MB|26|1o7545-material" target="#MB|26|1o7545-material">
								<bind_vertex_input semantic="3814uv.json-0" input_semantic="TEXCOORD" input_set="0"/>
							</instance_material>
						</technique_common>
					</bind_material>
				</instance_geometry>
			</node>
			<node id="Part_4" name="Part.4" type="NODE">
				<matrix sid="transform">0.98451 0.12398 -0.12398 -6.265 -0.17534 0.69615 -0.69616 24.99 0 0.70711 0.7071 0 0 0 0 1</matrix>
				<instance_geometry url="#3818v2-mesh">
					<bind_material>
						<technique_common>
							<instance_material symbol="MB|26-material" target="#MB|26-material"/>
						</technique_common>
					</bind_material>
				</instance_geometry>
			</node>
			<node id="Part_5" name="Part.5" type="NODE">
				<matrix sid="transform">0.98451 0.08749 -0.15194 -10.259 -0.17533 0.49137 -0.85312 13.971 0.00002 0.86654 0.49909 3.991 0 0 0 1</matrix>
				<instance_geometry url="#3820v2-mesh">
					<bind_material>
						<technique_common>
							<instance_material symbol="MB|26-material" target="#MB|26-material"/>
						</technique_common>
					</bind_material>
				</instance_geometry>
			</node>
			<node id="Part_6" name="Part.6" type="NODE">
				<matrix sid="transform">0.98451 -0.12398 0.12398 6.265 0.17534 0.69615 -0.69616 24.99 0 0.70711 0.7071 0 0 0 0 1</matrix>
				<instance_geometry url="#3819v2-mesh">
					<bind_material>
						<technique_common>
							<instance_material symbol="MB|26-material" target="#MB|26-material"/>
						</technique_common>
					</bind_material>
				</instance_geometry>
			</node>
			<node id="Part_7" name="Part.7" type="NODE">
				<matrix sid="transform">0.98451 -0.08749 0.15194 10.259 0.17533 0.49137 -0.85312 13.971 -0.00002 0.86654 0.49909 3.991 0 0 0 1</matrix>
				<instance_geometry url="#3820v2-mesh">
					<bind_material>
						<technique_common>
							<instance_material symbol="MB|26-material" target="#MB|26-material"/>
						</technique_common>
					</bind_material>
				</instance_geometry>
			</node>
			<node id="Part_8" name="Part.8" type="NODE">
				<matrix sid="transform">1 0 0 0 0 1 0 28.8 0 0 1 0 0 0 0 1</matrix>
				<instance_geometry url="#3626v2-mesh">
					<bind_material>
						<technique_common>
							<instance_material symbol="MB|26|2o258-material" target="#MB|26|2o258-material">
								<bind_vertex_input semantic="3626v2-2" input_semantic="TEXCOORD" input_set="2"/>
							</instance_material>
						</technique_common>
					</bind_material>
				</instance_geometry>
			</node>
			<node id="Part_9" name="Part.9" type="NODE">
				<matrix sid="transform">1 0 0 0 0 1 0 38.4 0 0 1 0 0 0 0 1</matrix>
				<instance_geometry url="#98729.json-mesh">
					<bind_material>
						<technique_common>
							<instance_material symbol="MB|26-material" target="#MB|26-material"/>
						</technique_common>
					</bind_material>
				</instance_geometry>
			</node>
		</visual_scene>
	</library_visual_scenes>
	<scene>
		<instance_visual_scene url="#Scene"/>
	</scene>
</COLLADA>